solid OpenSCAD_Model
  facet normal -1 0 0
    outer loop
      vertex 0.0000 0.0000 0.0000
      vertex 0.0000 0.0000 2.0000
      vertex 0.0000 24.0000 2.0000
    endloop
  endfacet
  facet normal 0 0 -1
    outer loop
      vertex 0.0000 0.0000 0.0000
      vertex 0.0000 24.0000 0.0000
      vertex 14.0000 24.0000 0.0000
    endloop
  endfacet
  facet normal -1 0 0
    outer loop
      vertex 0.0000 0.0000 0.0000
      vertex 0.0000 24.0000 2.0000
      vertex 0.0000 24.0000 0.0000
    endloop
  endfacet
  facet normal 0 -1 0
    outer loop
      vertex 0.0000 0.0000 0.0000
      vertex 14.0000 0.0000 0.0000
      vertex 14.0000 0.0000 2.0000
    endloop
  endfacet
  facet normal 0 -1 0
    outer loop
      vertex 0.0000 0.0000 0.0000
      vertex 14.0000 0.0000 2.0000
      vertex 0.0000 0.0000 2.0000
    endloop
  endfacet
  facet normal 0 0 -1
    outer loop
      vertex 0.0000 0.0000 0.0000
      vertex 14.0000 24.0000 0.0000
      vertex 14.0000 0.0000 0.0000
    endloop
  endfacet
  facet normal 0 0 1
    outer loop
      vertex 0.0000 0.0000 2.0000
      vertex 2.0000 3.0000 2.0000
      vertex 2.0000 4.1000 2.0000
    endloop
  endfacet
  facet normal 0 0 1
    outer loop
      vertex 0.0000 0.0000 2.0000
      vertex 2.0000 4.1000 2.0000
      vertex 0.0000 24.0000 2.0000
    endloop
  endfacet
  facet normal 0 0 1
    outer loop
      vertex 0.0000 0.0000 2.0000
      vertex 14.0000 0.0000 2.0000
      vertex 2.0000 3.0000 2.0000
    endloop
  endfacet
  facet normal 0 1 0
    outer loop
      vertex 0.0000 24.0000 0.0000
      vertex 0.0000 24.0000 2.0000
      vertex 14.0000 24.0000 0.0000
    endloop
  endfacet
  facet normal 0 0 1
    outer loop
      vertex 0.0000 24.0000 2.0000
      vertex 2.0000 4.1000 2.0000
      vertex 2.0000 19.9000 2.0000
    endloop
  endfacet
  facet normal 0 0 1
    outer loop
      vertex 0.0000 24.0000 2.0000
      vertex 2.0000 19.9000 2.0000
      vertex 2.0000 21.0000 2.0000
    endloop
  endfacet
  facet normal 0 0 1
    outer loop
      vertex 0.0000 24.0000 2.0000
      vertex 2.0000 21.0000 2.0000
      vertex 14.0000 24.0000 2.0000
    endloop
  endfacet
  facet normal 0 1 0
    outer loop
      vertex 0.0000 24.0000 2.0000
      vertex 14.0000 24.0000 2.0000
      vertex 14.0000 24.0000 0.0000
    endloop
  endfacet
  facet normal -1 0 0
    outer loop
      vertex 2.0000 3.0000 2.0000
      vertex 2.0000 3.0000 2.0100
      vertex 2.0000 4.1000 2.0100
    endloop
  endfacet
  facet normal -1 0 0
    outer loop
      vertex 2.0000 3.0000 2.0000
      vertex 2.0000 4.1000 2.0100
      vertex 2.0000 4.1000 2.0000
    endloop
  endfacet
  facet normal 0 -1 0
    outer loop
      vertex 2.0000 3.0000 2.0000
      vertex 12.0000 3.0000 2.0000
      vertex 12.0000 3.0000 2.0100
    endloop
  endfacet
  facet normal 0 -1 0
    outer loop
      vertex 2.0000 3.0000 2.0000
      vertex 12.0000 3.0000 2.0100
      vertex 2.0000 3.0000 2.0100
    endloop
  endfacet
  facet normal 0 0 1
    outer loop
      vertex 2.0000 3.0000 2.0000
      vertex 14.0000 0.0000 2.0000
      vertex 12.0000 3.0000 2.0000
    endloop
  endfacet
  facet normal -0.928651 0 0.370955
    outer loop
      vertex 2.0000 3.0000 2.0100
      vertex 6.4000 3.0000 13.0250
      vertex 6.4000 4.1000 13.0250
    endloop
  endfacet
  facet normal -0.928651 0 0.370955
    outer loop
      vertex 2.0000 3.0000 2.0100
      vertex 6.4000 4.1000 13.0250
      vertex 2.0000 4.1000 2.0100
    endloop
  endfacet
  facet normal 0 -1 0
    outer loop
      vertex 2.0000 3.0000 2.0100
      vertex 7.6000 3.0000 13.0250
      vertex 6.4000 3.0000 13.0250
    endloop
  endfacet
  facet normal 0 -1 0
    outer loop
      vertex 2.0000 3.0000 2.0100
      vertex 12.0000 3.0000 2.0100
      vertex 7.6000 3.0000 13.0250
    endloop
  endfacet
  facet normal 0 1 0
    outer loop
      vertex 2.0000 4.1000 2.0000
      vertex 2.0000 4.1000 2.0100
      vertex 6.4000 4.1000 2.0000
    endloop
  endfacet
  facet normal 0 0 1
    outer loop
      vertex 2.0000 4.1000 2.0000
      vertex 6.4000 4.1000 2.0000
      vertex 2.0000 19.9000 2.0000
    endloop
  endfacet
  facet normal 0 1 0
    outer loop
      vertex 2.0000 4.1000 2.0100
      vertex 6.4000 4.1000 13.0250
      vertex 6.4000 4.1000 2.0000
    endloop
  endfacet
  facet normal -1 0 0
    outer loop
      vertex 2.0000 19.9000 2.0000
      vertex 2.0000 19.9000 2.0100
      vertex 2.0000 21.0000 2.0100
    endloop
  endfacet
  facet normal -1 0 0
    outer loop
      vertex 2.0000 19.9000 2.0000
      vertex 2.0000 21.0000 2.0100
      vertex 2.0000 21.0000 2.0000
    endloop
  endfacet
  facet normal 0 0 1
    outer loop
      vertex 2.0000 19.9000 2.0000
      vertex 6.4000 4.1000 2.0000
      vertex 6.4000 19.9000 2.0000
    endloop
  endfacet
  facet normal 0 -1 0
    outer loop
      vertex 2.0000 19.9000 2.0000
      vertex 6.4000 19.9000 2.0000
      vertex 2.0000 19.9000 2.0100
    endloop
  endfacet
  facet normal 0 -1 0
    outer loop
      vertex 2.0000 19.9000 2.0100
      vertex 6.4000 19.9000 2.0000
      vertex 6.4000 19.9000 13.0250
    endloop
  endfacet
  facet normal -0.928651 0 0.370955
    outer loop
      vertex 2.0000 19.9000 2.0100
      vertex 6.4000 19.9000 13.0250
      vertex 6.4000 21.0000 13.0250
    endloop
  endfacet
  facet normal -0.928651 0 0.370955
    outer loop
      vertex 2.0000 19.9000 2.0100
      vertex 6.4000 21.0000 13.0250
      vertex 2.0000 21.0000 2.0100
    endloop
  endfacet
  facet normal 0 1 0
    outer loop
      vertex 2.0000 21.0000 2.0000
      vertex 2.0000 21.0000 2.0100
      vertex 12.0000 21.0000 2.0000
    endloop
  endfacet
  facet normal 0 0 1
    outer loop
      vertex 2.0000 21.0000 2.0000
      vertex 12.0000 21.0000 2.0000
      vertex 14.0000 24.0000 2.0000
    endloop
  endfacet
  facet normal 0 1 0
    outer loop
      vertex 2.0000 21.0000 2.0100
      vertex 6.4000 21.0000 13.0250
      vertex 12.0000 21.0000 2.0100
    endloop
  endfacet
  facet normal 0 1 0
    outer loop
      vertex 2.0000 21.0000 2.0100
      vertex 12.0000 21.0000 2.0100
      vertex 12.0000 21.0000 2.0000
    endloop
  endfacet
  facet normal -1 0 0
    outer loop
      vertex 6.4000 3.0000 13.0250
      vertex 6.4000 3.0000 17.7500
      vertex 6.4000 4.1000 13.0250
    endloop
  endfacet
  facet normal 0 -1 0
    outer loop
      vertex 6.4000 3.0000 13.0250
      vertex 7.6000 3.0000 13.0250
      vertex 7.6000 3.0000 17.7500
    endloop
  endfacet
  facet normal 0 -1 0
    outer loop
      vertex 6.4000 3.0000 13.0250
      vertex 7.6000 3.0000 17.7500
      vertex 6.4000 3.0000 17.7500
    endloop
  endfacet
  facet normal -1 0 0
    outer loop
      vertex 6.4000 3.0000 17.7500
      vertex 6.4000 6.7500 15.2500
      vertex 6.4000 4.1000 13.0250
    endloop
  endfacet
  facet normal -1 0 0
    outer loop
      vertex 6.4000 3.0000 17.7500
      vertex 6.4000 7.3500 17.7500
      vertex 6.4000 6.7500 15.2500
    endloop
  endfacet
  facet normal 0 0 1
    outer loop
      vertex 6.4000 3.0000 17.7500
      vertex 7.6000 3.0000 17.7500
      vertex 6.4000 7.3500 17.7500
    endloop
  endfacet
  facet normal -1 0 0
    outer loop
      vertex 6.4000 4.1000 2.0000
      vertex 6.4000 4.1000 13.0250
      vertex 6.4000 6.8647 8.9085
    endloop
  endfacet
  facet normal -1 0 0
    outer loop
      vertex 6.4000 4.1000 2.0000
      vertex 6.4000 6.8647 8.9085
      vertex 6.4000 7.0069 8.3777
    endloop
  endfacet
  facet normal -1 0 0
    outer loop
      vertex 6.4000 4.1000 2.0000
      vertex 6.4000 7.0069 8.3777
      vertex 6.4000 7.2039 7.8646
    endloop
  endfacet
  facet normal -1 0 0
    outer loop
      vertex 6.4000 4.1000 2.0000
      vertex 6.4000 7.2039 7.8646
      vertex 6.4000 7.4534 7.3750
    endloop
  endfacet
  facet normal -1 0 0
    outer loop
      vertex 6.4000 4.1000 2.0000
      vertex 6.4000 7.4534 7.3750
      vertex 6.4000 7.7527 6.9141
    endloop
  endfacet
  facet normal -1 0 0
    outer loop
      vertex 6.4000 4.1000 2.0000
      vertex 6.4000 7.7527 6.9141
      vertex 6.4000 8.0985 6.4871
    endloop
  endfacet
  facet normal -1 0 0
    outer loop
      vertex 6.4000 4.1000 2.0000
      vertex 6.4000 8.0985 6.4871
      vertex 6.4000 8.4871 6.0985
    endloop
  endfacet
  facet normal -1 0 0
    outer loop
      vertex 6.4000 4.1000 2.0000
      vertex 6.4000 8.4871 6.0985
      vertex 6.4000 8.9141 5.7527
    endloop
  endfacet
  facet normal -1 0 0
    outer loop
      vertex 6.4000 4.1000 2.0000
      vertex 6.4000 8.9141 5.7527
      vertex 6.4000 9.3750 5.4534
    endloop
  endfacet
  facet normal -1 0 0
    outer loop
      vertex 6.4000 4.1000 2.0000
      vertex 6.4000 9.3750 5.4534
      vertex 6.4000 9.8646 5.2039
    endloop
  endfacet
  facet normal -1 0 0
    outer loop
      vertex 6.4000 4.1000 2.0000
      vertex 6.4000 9.8646 5.2039
      vertex 6.4000 10.3777 5.0069
    endloop
  endfacet
  facet normal -1 0 0
    outer loop
      vertex 6.4000 4.1000 2.0000
      vertex 6.4000 10.3777 5.0069
      vertex 6.4000 10.9085 4.8647
    endloop
  endfacet
  facet normal -1 0 0
    outer loop
      vertex 6.4000 4.1000 2.0000
      vertex 6.4000 10.9085 4.8647
      vertex 6.4000 11.4512 4.7788
    endloop
  endfacet
  facet normal -1 0 0
    outer loop
      vertex 6.4000 4.1000 2.0000
      vertex 6.4000 11.4512 4.7788
      vertex 6.4000 12.0000 4.7500
    endloop
  endfacet
  facet normal -1 0 0
    outer loop
      vertex 6.4000 4.1000 2.0000
      vertex 6.4000 12.0000 4.7500
      vertex 6.4000 19.9000 2.0000
    endloop
  endfacet
  facet normal -1 0 0
    outer loop
      vertex 6.4000 4.1000 13.0250
      vertex 6.4000 6.7500 10.0000
      vertex 6.4000 6.7788 9.4512
    endloop
  endfacet
  facet normal -1 0 0
    outer loop
      vertex 6.4000 4.1000 13.0250
      vertex 6.4000 6.7500 15.2500
      vertex 6.4000 6.7500 10.0000
    endloop
  endfacet
  facet normal -1 0 0
    outer loop
      vertex 6.4000 4.1000 13.0250
      vertex 6.4000 6.7788 9.4512
      vertex 6.4000 6.8647 8.9085
    endloop
  endfacet
  facet normal 0 1 0
    outer loop
      vertex 6.4000 6.7500 10.0000
      vertex 6.4000 6.7500 15.2500
      vertex 7.6000 6.7500 10.0000
    endloop
  endfacet
  facet normal 0 0.998626 0.052406
    outer loop
      vertex 6.4000 6.7500 10.0000
      vertex 7.6000 6.7500 10.0000
      vertex 7.6000 6.7788 9.4512
    endloop
  endfacet
  facet normal 0 0.998626 0.052406
    outer loop
      vertex 6.4000 6.7500 10.0000
      vertex 7.6000 6.7788 9.4512
      vertex 6.4000 6.7788 9.4512
    endloop
  endfacet
  facet normal 0 0 -1
    outer loop
      vertex 6.4000 6.7500 15.2500
      vertex 6.4000 7.3500 15.2500
      vertex 7.6000 7.3500 15.2500
    endloop
  endfacet
  facet normal -1 0 0
    outer loop
      vertex 6.4000 6.7500 15.2500
      vertex 6.4000 7.3500 17.7500
      vertex 6.4000 7.3500 15.2500
    endloop
  endfacet
  facet normal 0 1 0
    outer loop
      vertex 6.4000 6.7500 15.2500
      vertex 7.6000 6.7500 15.2500
      vertex 7.6000 6.7500 10.0000
    endloop
  endfacet
  facet normal 0 0 -1
    outer loop
      vertex 6.4000 6.7500 15.2500
      vertex 7.6000 7.3500 15.2500
      vertex 7.6000 6.7500 15.2500
    endloop
  endfacet
  facet normal 0 0.987704 0.156336
    outer loop
      vertex 6.4000 6.7788 9.4512
      vertex 7.6000 6.7788 9.4512
      vertex 7.6000 6.8647 8.9085
    endloop
  endfacet
  facet normal 0 0.987704 0.156336
    outer loop
      vertex 6.4000 6.7788 9.4512
      vertex 7.6000 6.8647 8.9085
      vertex 6.4000 6.8647 8.9085
    endloop
  endfacet
  facet normal 0 0.965938 0.258772
    outer loop
      vertex 6.4000 6.8647 8.9085
      vertex 7.6000 6.8647 8.9085
      vertex 7.6000 7.0069 8.3777
    endloop
  endfacet
  facet normal 0 0.965938 0.258772
    outer loop
      vertex 6.4000 6.8647 8.9085
      vertex 7.6000 7.0069 8.3777
      vertex 6.4000 7.0069 8.3777
    endloop
  endfacet
  facet normal 0 0.933556 0.35843
    outer loop
      vertex 6.4000 7.0069 8.3777
      vertex 7.6000 7.0069 8.3777
      vertex 7.6000 7.2039 7.8646
    endloop
  endfacet
  facet normal 0 0.933556 0.35843
    outer loop
      vertex 6.4000 7.0069 8.3777
      vertex 7.6000 7.2039 7.8646
      vertex 6.4000 7.2039 7.8646
    endloop
  endfacet
  facet normal 0 0.89098 0.454043
    outer loop
      vertex 6.4000 7.2039 7.8646
      vertex 7.6000 7.2039 7.8646
      vertex 7.6000 7.4534 7.3750
    endloop
  endfacet
  facet normal 0 0.89098 0.454043
    outer loop
      vertex 6.4000 7.2039 7.8646
      vertex 7.6000 7.4534 7.3750
      vertex 6.4000 7.4534 7.3750
    endloop
  endfacet
  facet normal 0 1 0
    outer loop
      vertex 6.4000 7.3500 15.2500
      vertex 6.4000 7.3500 17.7500
      vertex 7.6000 7.3500 15.2500
    endloop
  endfacet
  facet normal 0 0 1
    outer loop
      vertex 6.4000 7.3500 17.7500
      vertex 7.6000 3.0000 17.7500
      vertex 7.6000 7.3500 17.7500
    endloop
  endfacet
  facet normal 0 1 0
    outer loop
      vertex 6.4000 7.3500 17.7500
      vertex 7.6000 7.3500 17.7500
      vertex 7.6000 7.3500 15.2500
    endloop
  endfacet
  facet normal 0 0.838681 0.544624
    outer loop
      vertex 6.4000 7.4534 7.3750
      vertex 7.6000 7.4534 7.3750
      vertex 7.6000 7.7527 6.9141
    endloop
  endfacet
  facet normal 0 0.838681 0.544624
    outer loop
      vertex 6.4000 7.4534 7.3750
      vertex 7.6000 7.7527 6.9141
      vertex 6.4000 7.7527 6.9141
    endloop
  endfacet
  facet normal 0 0.777126 0.629345
    outer loop
      vertex 6.4000 7.7527 6.9141
      vertex 7.6000 7.7527 6.9141
      vertex 7.6000 8.0985 6.4871
    endloop
  endfacet
  facet normal 0 0.777126 0.629345
    outer loop
      vertex 6.4000 7.7527 6.9141
      vertex 7.6000 8.0985 6.4871
      vertex 6.4000 8.0985 6.4871
    endloop
  endfacet
  facet normal 0 0.707107 0.707107
    outer loop
      vertex 6.4000 8.0985 6.4871
      vertex 7.6000 8.0985 6.4871
      vertex 7.6000 8.4871 6.0985
    endloop
  endfacet
  facet normal 0 0.707107 0.707107
    outer loop
      vertex 6.4000 8.0985 6.4871
      vertex 7.6000 8.4871 6.0985
      vertex 6.4000 8.4871 6.0985
    endloop
  endfacet
  facet normal 0 0.629345 0.777126
    outer loop
      vertex 6.4000 8.4871 6.0985
      vertex 7.6000 8.4871 6.0985
      vertex 6.4000 8.9141 5.7527
    endloop
  endfacet
  facet normal 0 0.629345 0.777126
    outer loop
      vertex 6.4000 8.9141 5.7527
      vertex 7.6000 8.4871 6.0985
      vertex 7.6000 8.9141 5.7527
    endloop
  endfacet
  facet normal 0 0.544624 0.838681
    outer loop
      vertex 6.4000 8.9141 5.7527
      vertex 7.6000 8.9141 5.7527
      vertex 6.4000 9.3750 5.4534
    endloop
  endfacet
  facet normal 0 0.544624 0.838681
    outer loop
      vertex 6.4000 9.3750 5.4534
      vertex 7.6000 8.9141 5.7527
      vertex 7.6000 9.3750 5.4534
    endloop
  endfacet
  facet normal 0 0.454043 0.89098
    outer loop
      vertex 6.4000 9.3750 5.4534
      vertex 7.6000 9.3750 5.4534
      vertex 6.4000 9.8646 5.2039
    endloop
  endfacet
  facet normal 0 0.454043 0.89098
    outer loop
      vertex 6.4000 9.8646 5.2039
      vertex 7.6000 9.3750 5.4534
      vertex 7.6000 9.8646 5.2039
    endloop
  endfacet
  facet normal 0 0.35843 0.933556
    outer loop
      vertex 6.4000 9.8646 5.2039
      vertex 7.6000 9.8646 5.2039
      vertex 6.4000 10.3777 5.0069
    endloop
  endfacet
  facet normal 0 0.35843 0.933556
    outer loop
      vertex 6.4000 10.3777 5.0069
      vertex 7.6000 9.8646 5.2039
      vertex 7.6000 10.3777 5.0069
    endloop
  endfacet
  facet normal 0 0.258772 0.965938
    outer loop
      vertex 6.4000 10.3777 5.0069
      vertex 7.6000 10.3777 5.0069
      vertex 6.4000 10.9085 4.8647
    endloop
  endfacet
  facet normal 0 0.258772 0.965938
    outer loop
      vertex 6.4000 10.9085 4.8647
      vertex 7.6000 10.3777 5.0069
      vertex 7.6000 10.9085 4.8647
    endloop
  endfacet
  facet normal 0 0.156336 0.987704
    outer loop
      vertex 6.4000 10.9085 4.8647
      vertex 7.6000 10.9085 4.8647
      vertex 6.4000 11.4512 4.7788
    endloop
  endfacet
  facet normal 0 0.156336 0.987704
    outer loop
      vertex 6.4000 11.4512 4.7788
      vertex 7.6000 10.9085 4.8647
      vertex 7.6000 11.4512 4.7788
    endloop
  endfacet
  facet normal 0 0.052406 0.998626
    outer loop
      vertex 6.4000 11.4512 4.7788
      vertex 7.6000 11.4512 4.7788
      vertex 6.4000 12.0000 4.7500
    endloop
  endfacet
  facet normal -1 0 0
    outer loop
      vertex 6.4000 12.0000 4.7500
      vertex 6.4000 12.5488 4.7788
      vertex 6.4000 19.9000 2.0000
    endloop
  endfacet
  facet normal 0 0.052406 0.998626
    outer loop
      vertex 6.4000 12.0000 4.7500
      vertex 7.6000 11.4512 4.7788
      vertex 7.6000 12.0000 4.7500
    endloop
  endfacet
  facet normal 0 -0.052406 0.998626
    outer loop
      vertex 6.4000 12.0000 4.7500
      vertex 7.6000 12.0000 4.7500
      vertex 6.4000 12.5488 4.7788
    endloop
  endfacet
  facet normal -1 0 0
    outer loop
      vertex 6.4000 12.5488 4.7788
      vertex 6.4000 13.0915 4.8647
      vertex 6.4000 19.9000 2.0000
    endloop
  endfacet
  facet normal 0 -0.052406 0.998626
    outer loop
      vertex 6.4000 12.5488 4.7788
      vertex 7.6000 12.0000 4.7500
      vertex 7.6000 12.5488 4.7788
    endloop
  endfacet
  facet normal 0 -0.156336 0.987704
    outer loop
      vertex 6.4000 12.5488 4.7788
      vertex 7.6000 12.5488 4.7788
      vertex 6.4000 13.0915 4.8647
    endloop
  endfacet
  facet normal -1 0 0
    outer loop
      vertex 6.4000 13.0915 4.8647
      vertex 6.4000 13.6223 5.0069
      vertex 6.4000 19.9000 2.0000
    endloop
  endfacet
  facet normal 0 -0.156336 0.987704
    outer loop
      vertex 6.4000 13.0915 4.8647
      vertex 7.6000 12.5488 4.7788
      vertex 7.6000 13.0915 4.8647
    endloop
  endfacet
  facet normal 0 -0.258772 0.965938
    outer loop
      vertex 6.4000 13.0915 4.8647
      vertex 7.6000 13.0915 4.8647
      vertex 6.4000 13.6223 5.0069
    endloop
  endfacet
  facet normal -1 0 0
    outer loop
      vertex 6.4000 13.6223 5.0069
      vertex 6.4000 14.1354 5.2039
      vertex 6.4000 19.9000 2.0000
    endloop
  endfacet
  facet normal 0 -0.258772 0.965938
    outer loop
      vertex 6.4000 13.6223 5.0069
      vertex 7.6000 13.0915 4.8647
      vertex 7.6000 13.6223 5.0069
    endloop
  endfacet
  facet normal 0 -0.35843 0.933556
    outer loop
      vertex 6.4000 13.6223 5.0069
      vertex 7.6000 13.6223 5.0069
      vertex 6.4000 14.1354 5.2039
    endloop
  endfacet
  facet normal -1 0 0
    outer loop
      vertex 6.4000 14.1354 5.2039
      vertex 6.4000 14.6250 5.4534
      vertex 6.4000 19.9000 2.0000
    endloop
  endfacet
  facet normal 0 -0.35843 0.933556
    outer loop
      vertex 6.4000 14.1354 5.2039
      vertex 7.6000 13.6223 5.0069
      vertex 7.6000 14.1354 5.2039
    endloop
  endfacet
  facet normal 0 -0.454043 0.89098
    outer loop
      vertex 6.4000 14.1354 5.2039
      vertex 7.6000 14.1354 5.2039
      vertex 6.4000 14.6250 5.4534
    endloop
  endfacet
  facet normal -1 0 0
    outer loop
      vertex 6.4000 14.6250 5.4534
      vertex 6.4000 15.0859 5.7527
      vertex 6.4000 19.9000 2.0000
    endloop
  endfacet
  facet normal 0 -0.454043 0.89098
    outer loop
      vertex 6.4000 14.6250 5.4534
      vertex 7.6000 14.1354 5.2039
      vertex 7.6000 14.6250 5.4534
    endloop
  endfacet
  facet normal 0 -0.544624 0.838681
    outer loop
      vertex 6.4000 14.6250 5.4534
      vertex 7.6000 14.6250 5.4534
      vertex 6.4000 15.0859 5.7527
    endloop
  endfacet
  facet normal -1 0 0
    outer loop
      vertex 6.4000 15.0859 5.7527
      vertex 6.4000 15.5129 6.0985
      vertex 6.4000 19.9000 2.0000
    endloop
  endfacet
  facet normal 0 -0.544624 0.838681
    outer loop
      vertex 6.4000 15.0859 5.7527
      vertex 7.6000 14.6250 5.4534
      vertex 7.6000 15.0859 5.7527
    endloop
  endfacet
  facet normal 0 -0.629345 0.777126
    outer loop
      vertex 6.4000 15.0859 5.7527
      vertex 7.6000 15.0859 5.7527
      vertex 6.4000 15.5129 6.0985
    endloop
  endfacet
  facet normal -1 0 0
    outer loop
      vertex 6.4000 15.5129 6.0985
      vertex 6.4000 15.9015 6.4871
      vertex 6.4000 19.9000 2.0000
    endloop
  endfacet
  facet normal 0 -0.629345 0.777126
    outer loop
      vertex 6.4000 15.5129 6.0985
      vertex 7.6000 15.0859 5.7527
      vertex 7.6000 15.5129 6.0985
    endloop
  endfacet
  facet normal 0 -0.707107 0.707107
    outer loop
      vertex 6.4000 15.5129 6.0985
      vertex 7.6000 15.5129 6.0985
      vertex 7.6000 15.9015 6.4871
    endloop
  endfacet
  facet normal 0 -0.707107 0.707107
    outer loop
      vertex 6.4000 15.5129 6.0985
      vertex 7.6000 15.9015 6.4871
      vertex 6.4000 15.9015 6.4871
    endloop
  endfacet
  facet normal -1 0 0
    outer loop
      vertex 6.4000 15.9015 6.4871
      vertex 6.4000 16.2473 6.9141
      vertex 6.4000 19.9000 2.0000
    endloop
  endfacet
  facet normal 0 -0.777126 0.629345
    outer loop
      vertex 6.4000 15.9015 6.4871
      vertex 7.6000 15.9015 6.4871
      vertex 7.6000 16.2473 6.9141
    endloop
  endfacet
  facet normal 0 -0.777126 0.629345
    outer loop
      vertex 6.4000 15.9015 6.4871
      vertex 7.6000 16.2473 6.9141
      vertex 6.4000 16.2473 6.9141
    endloop
  endfacet
  facet normal -1 0 0
    outer loop
      vertex 6.4000 16.2473 6.9141
      vertex 6.4000 16.5466 7.3750
      vertex 6.4000 19.9000 2.0000
    endloop
  endfacet
  facet normal 0 -0.838681 0.544624
    outer loop
      vertex 6.4000 16.2473 6.9141
      vertex 7.6000 16.2473 6.9141
      vertex 7.6000 16.5466 7.3750
    endloop
  endfacet
  facet normal 0 -0.838681 0.544624
    outer loop
      vertex 6.4000 16.2473 6.9141
      vertex 7.6000 16.5466 7.3750
      vertex 6.4000 16.5466 7.3750
    endloop
  endfacet
  facet normal -1 0 0
    outer loop
      vertex 6.4000 16.5466 7.3750
      vertex 6.4000 16.7961 7.8646
      vertex 6.4000 19.9000 2.0000
    endloop
  endfacet
  facet normal 0 -0.89098 0.454043
    outer loop
      vertex 6.4000 16.5466 7.3750
      vertex 7.6000 16.5466 7.3750
      vertex 7.6000 16.7961 7.8646
    endloop
  endfacet
  facet normal 0 -0.89098 0.454043
    outer loop
      vertex 6.4000 16.5466 7.3750
      vertex 7.6000 16.7961 7.8646
      vertex 6.4000 16.7961 7.8646
    endloop
  endfacet
  facet normal -1 0 0
    outer loop
      vertex 6.4000 16.6500 15.2500
      vertex 6.4000 16.6500 17.7500
      vertex 6.4000 17.2500 15.2500
    endloop
  endfacet
  facet normal 0 0 -1
    outer loop
      vertex 6.4000 16.6500 15.2500
      vertex 6.4000 17.2500 15.2500
      vertex 7.6000 17.2500 15.2500
    endloop
  endfacet
  facet normal 0 -1 0
    outer loop
      vertex 6.4000 16.6500 15.2500
      vertex 7.6000 16.6500 15.2500
      vertex 7.6000 16.6500 17.7500
    endloop
  endfacet
  facet normal 0 -1 0
    outer loop
      vertex 6.4000 16.6500 15.2500
      vertex 7.6000 16.6500 17.7500
      vertex 6.4000 16.6500 17.7500
    endloop
  endfacet
  facet normal 0 0 -1
    outer loop
      vertex 6.4000 16.6500 15.2500
      vertex 7.6000 17.2500 15.2500
      vertex 7.6000 16.6500 15.2500
    endloop
  endfacet
  facet normal -1 0 0
    outer loop
      vertex 6.4000 16.6500 17.7500
      vertex 6.4000 21.0000 17.7500
      vertex 6.4000 17.2500 15.2500
    endloop
  endfacet
  facet normal 0 0 1
    outer loop
      vertex 6.4000 16.6500 17.7500
      vertex 7.6000 16.6500 17.7500
      vertex 6.4000 21.0000 17.7500
    endloop
  endfacet
  facet normal -1 0 0
    outer loop
      vertex 6.4000 16.7961 7.8646
      vertex 6.4000 16.9931 8.3777
      vertex 6.4000 19.9000 2.0000
    endloop
  endfacet
  facet normal 0 -0.933556 0.35843
    outer loop
      vertex 6.4000 16.7961 7.8646
      vertex 7.6000 16.7961 7.8646
      vertex 7.6000 16.9931 8.3777
    endloop
  endfacet
  facet normal 0 -0.933556 0.35843
    outer loop
      vertex 6.4000 16.7961 7.8646
      vertex 7.6000 16.9931 8.3777
      vertex 6.4000 16.9931 8.3777
    endloop
  endfacet
  facet normal -1 0 0
    outer loop
      vertex 6.4000 16.9931 8.3777
      vertex 6.4000 17.1353 8.9085
      vertex 6.4000 19.9000 2.0000
    endloop
  endfacet
  facet normal 0 -0.965938 0.258772
    outer loop
      vertex 6.4000 16.9931 8.3777
      vertex 7.6000 16.9931 8.3777
      vertex 7.6000 17.1353 8.9085
    endloop
  endfacet
  facet normal 0 -0.965938 0.258772
    outer loop
      vertex 6.4000 16.9931 8.3777
      vertex 7.6000 17.1353 8.9085
      vertex 6.4000 17.1353 8.9085
    endloop
  endfacet
  facet normal -1 0 0
    outer loop
      vertex 6.4000 17.1353 8.9085
      vertex 6.4000 17.2212 9.4512
      vertex 6.4000 19.9000 13.0250
    endloop
  endfacet
  facet normal -1 0 0
    outer loop
      vertex 6.4000 17.1353 8.9085
      vertex 6.4000 19.9000 13.0250
      vertex 6.4000 19.9000 2.0000
    endloop
  endfacet
  facet normal 0 -0.987704 0.156336
    outer loop
      vertex 6.4000 17.1353 8.9085
      vertex 7.6000 17.1353 8.9085
      vertex 7.6000 17.2212 9.4512
    endloop
  endfacet
  facet normal 0 -0.987704 0.156336
    outer loop
      vertex 6.4000 17.1353 8.9085
      vertex 7.6000 17.2212 9.4512
      vertex 6.4000 17.2212 9.4512
    endloop
  endfacet
  facet normal -1 0 0
    outer loop
      vertex 6.4000 17.2212 9.4512
      vertex 6.4000 17.2500 10.0000
      vertex 6.4000 19.9000 13.0250
    endloop
  endfacet
  facet normal 0 -0.998626 0.052406
    outer loop
      vertex 6.4000 17.2212 9.4512
      vertex 7.6000 17.2212 9.4512
      vertex 7.6000 17.2500 10.0000
    endloop
  endfacet
  facet normal 0 -0.998626 0.052406
    outer loop
      vertex 6.4000 17.2212 9.4512
      vertex 7.6000 17.2500 10.0000
      vertex 6.4000 17.2500 10.0000
    endloop
  endfacet
  facet normal -1 0 0
    outer loop
      vertex 6.4000 17.2500 10.0000
      vertex 6.4000 17.2500 15.2500
      vertex 6.4000 19.9000 13.0250
    endloop
  endfacet
  facet normal 0 -1 0
    outer loop
      vertex 6.4000 17.2500 10.0000
      vertex 7.6000 17.2500 10.0000
      vertex 7.6000 17.2500 15.2500
    endloop
  endfacet
  facet normal 0 -1 0
    outer loop
      vertex 6.4000 17.2500 10.0000
      vertex 7.6000 17.2500 15.2500
      vertex 6.4000 17.2500 15.2500
    endloop
  endfacet
  facet normal -1 0 0
    outer loop
      vertex 6.4000 17.2500 15.2500
      vertex 6.4000 21.0000 17.7500
      vertex 6.4000 19.9000 13.0250
    endloop
  endfacet
  facet normal -1 0 0
    outer loop
      vertex 6.4000 19.9000 13.0250
      vertex 6.4000 21.0000 17.7500
      vertex 6.4000 21.0000 13.0250
    endloop
  endfacet
  facet normal 0 1 0
    outer loop
      vertex 6.4000 21.0000 13.0250
      vertex 6.4000 21.0000 17.7500
      vertex 7.6000 21.0000 13.0250
    endloop
  endfacet
  facet normal 0 1 0
    outer loop
      vertex 6.4000 21.0000 13.0250
      vertex 7.6000 21.0000 13.0250
      vertex 12.0000 21.0000 2.0100
    endloop
  endfacet
  facet normal 0 0 1
    outer loop
      vertex 6.4000 21.0000 17.7500
      vertex 7.6000 16.6500 17.7500
      vertex 7.6000 21.0000 17.7500
    endloop
  endfacet
  facet normal 0 1 0
    outer loop
      vertex 6.4000 21.0000 17.7500
      vertex 7.6000 21.0000 17.7500
      vertex 7.6000 21.0000 13.0250
    endloop
  endfacet
  facet normal 1 0 0
    outer loop
      vertex 7.6000 3.0000 13.0250
      vertex 7.6000 4.1000 13.0250
      vertex 7.6000 3.0000 17.7500
    endloop
  endfacet
  facet normal 0.928651 0 0.370955
    outer loop
      vertex 7.6000 3.0000 13.0250
      vertex 12.0000 3.0000 2.0100
      vertex 12.0000 4.1000 2.0100
    endloop
  endfacet
  facet normal 0.928651 0 0.370955
    outer loop
      vertex 7.6000 3.0000 13.0250
      vertex 12.0000 4.1000 2.0100
      vertex 7.6000 4.1000 13.0250
    endloop
  endfacet
  facet normal 1 0 0
    outer loop
      vertex 7.6000 3.0000 17.7500
      vertex 7.6000 4.1000 13.0250
      vertex 7.6000 6.7500 15.2500
    endloop
  endfacet
  facet normal 1 0 0
    outer loop
      vertex 7.6000 3.0000 17.7500
      vertex 7.6000 6.7500 15.2500
      vertex 7.6000 7.3500 17.7500
    endloop
  endfacet
  facet normal 0 1 0
    outer loop
      vertex 7.6000 4.1000 2.0000
      vertex 7.6000 4.1000 13.0250
      vertex 12.0000 4.1000 2.0100
    endloop
  endfacet
  facet normal 1 0 0
    outer loop
      vertex 7.6000 4.1000 2.0000
      vertex 7.6000 6.8647 8.9085
      vertex 7.6000 4.1000 13.0250
    endloop
  endfacet
  facet normal 1 0 0
    outer loop
      vertex 7.6000 4.1000 2.0000
      vertex 7.6000 7.0069 8.3777
      vertex 7.6000 6.8647 8.9085
    endloop
  endfacet
  facet normal 1 0 0
    outer loop
      vertex 7.6000 4.1000 2.0000
      vertex 7.6000 7.2039 7.8646
      vertex 7.6000 7.0069 8.3777
    endloop
  endfacet
  facet normal 1 0 0
    outer loop
      vertex 7.6000 4.1000 2.0000
      vertex 7.6000 7.4534 7.3750
      vertex 7.6000 7.2039 7.8646
    endloop
  endfacet
  facet normal 1 0 0
    outer loop
      vertex 7.6000 4.1000 2.0000
      vertex 7.6000 7.7527 6.9141
      vertex 7.6000 7.4534 7.3750
    endloop
  endfacet
  facet normal 1 0 0
    outer loop
      vertex 7.6000 4.1000 2.0000
      vertex 7.6000 8.0985 6.4871
      vertex 7.6000 7.7527 6.9141
    endloop
  endfacet
  facet normal 1 0 0
    outer loop
      vertex 7.6000 4.1000 2.0000
      vertex 7.6000 8.4871 6.0985
      vertex 7.6000 8.0985 6.4871
    endloop
  endfacet
  facet normal 1 0 0
    outer loop
      vertex 7.6000 4.1000 2.0000
      vertex 7.6000 8.9141 5.7527
      vertex 7.6000 8.4871 6.0985
    endloop
  endfacet
  facet normal 1 0 0
    outer loop
      vertex 7.6000 4.1000 2.0000
      vertex 7.6000 9.3750 5.4534
      vertex 7.6000 8.9141 5.7527
    endloop
  endfacet
  facet normal 1 0 0
    outer loop
      vertex 7.6000 4.1000 2.0000
      vertex 7.6000 9.8646 5.2039
      vertex 7.6000 9.3750 5.4534
    endloop
  endfacet
  facet normal 1 0 0
    outer loop
      vertex 7.6000 4.1000 2.0000
      vertex 7.6000 10.3777 5.0069
      vertex 7.6000 9.8646 5.2039
    endloop
  endfacet
  facet normal 1 0 0
    outer loop
      vertex 7.6000 4.1000 2.0000
      vertex 7.6000 10.9085 4.8647
      vertex 7.6000 10.3777 5.0069
    endloop
  endfacet
  facet normal 1 0 0
    outer loop
      vertex 7.6000 4.1000 2.0000
      vertex 7.6000 11.4512 4.7788
      vertex 7.6000 10.9085 4.8647
    endloop
  endfacet
  facet normal 1 0 0
    outer loop
      vertex 7.6000 4.1000 2.0000
      vertex 7.6000 12.0000 4.7500
      vertex 7.6000 11.4512 4.7788
    endloop
  endfacet
  facet normal 1 0 0
    outer loop
      vertex 7.6000 4.1000 2.0000
      vertex 7.6000 19.9000 2.0000
      vertex 7.6000 12.0000 4.7500
    endloop
  endfacet
  facet normal 0 0 1
    outer loop
      vertex 7.6000 4.1000 2.0000
      vertex 10.4915 11.4690 2.0000
      vertex 7.6000 19.9000 2.0000
    endloop
  endfacet
  facet normal 0 0 1
    outer loop
      vertex 7.6000 4.1000 2.0000
      vertex 10.4958 11.3548 2.0000
      vertex 10.4915 11.4690 2.0000
    endloop
  endfacet
  facet normal 0 0 1
    outer loop
      vertex 7.6000 4.1000 2.0000
      vertex 10.5086 11.2484 2.0000
      vertex 10.4958 11.3548 2.0000
    endloop
  endfacet
  facet normal 0 0 1
    outer loop
      vertex 7.6000 4.1000 2.0000
      vertex 10.5342 9.0432 2.0000
      vertex 10.5342 9.5844 2.0000
    endloop
  endfacet
  facet normal 0 0 1
    outer loop
      vertex 7.6000 4.1000 2.0000
      vertex 10.5342 9.5844 2.0000
      vertex 10.5086 11.2484 2.0000
    endloop
  endfacet
  facet normal 0 0 1
    outer loop
      vertex 7.6000 4.1000 2.0000
      vertex 11.0001 8.3251 2.0000
      vertex 10.5342 9.0432 2.0000
    endloop
  endfacet
  facet normal 0 0 1
    outer loop
      vertex 7.6000 4.1000 2.0000
      vertex 12.0000 4.1000 2.0000
      vertex 11.0001 8.3251 2.0000
    endloop
  endfacet
  facet normal 0 1 0
    outer loop
      vertex 7.6000 4.1000 2.0000
      vertex 12.0000 4.1000 2.0100
      vertex 12.0000 4.1000 2.0000
    endloop
  endfacet
  facet normal 1 0 0
    outer loop
      vertex 7.6000 4.1000 13.0250
      vertex 7.6000 6.7500 10.0000
      vertex 7.6000 6.7500 15.2500
    endloop
  endfacet
  facet normal 1 0 0
    outer loop
      vertex 7.6000 4.1000 13.0250
      vertex 7.6000 6.7788 9.4512
      vertex 7.6000 6.7500 10.0000
    endloop
  endfacet
  facet normal 1 0 0
    outer loop
      vertex 7.6000 4.1000 13.0250
      vertex 7.6000 6.8647 8.9085
      vertex 7.6000 6.7788 9.4512
    endloop
  endfacet
  facet normal 1 0 0
    outer loop
      vertex 7.6000 6.7500 15.2500
      vertex 7.6000 7.3500 15.2500
      vertex 7.6000 7.3500 17.7500
    endloop
  endfacet
  facet normal 1 0 0
    outer loop
      vertex 7.6000 12.0000 4.7500
      vertex 7.6000 19.9000 2.0000
      vertex 7.6000 12.5488 4.7788
    endloop
  endfacet
  facet normal 1 0 0
    outer loop
      vertex 7.6000 12.5488 4.7788
      vertex 7.6000 19.9000 2.0000
      vertex 7.6000 13.0915 4.8647
    endloop
  endfacet
  facet normal 1 0 0
    outer loop
      vertex 7.6000 13.0915 4.8647
      vertex 7.6000 19.9000 2.0000
      vertex 7.6000 13.6223 5.0069
    endloop
  endfacet
  facet normal 1 0 0
    outer loop
      vertex 7.6000 13.6223 5.0069
      vertex 7.6000 19.9000 2.0000
      vertex 7.6000 14.1354 5.2039
    endloop
  endfacet
  facet normal 1 0 0
    outer loop
      vertex 7.6000 14.1354 5.2039
      vertex 7.6000 19.9000 2.0000
      vertex 7.6000 14.6250 5.4534
    endloop
  endfacet
  facet normal 1 0 0
    outer loop
      vertex 7.6000 14.6250 5.4534
      vertex 7.6000 19.9000 2.0000
      vertex 7.6000 15.0859 5.7527
    endloop
  endfacet
  facet normal 1 0 0
    outer loop
      vertex 7.6000 15.0859 5.7527
      vertex 7.6000 19.9000 2.0000
      vertex 7.6000 15.5129 6.0985
    endloop
  endfacet
  facet normal 1 0 0
    outer loop
      vertex 7.6000 15.5129 6.0985
      vertex 7.6000 19.9000 2.0000
      vertex 7.6000 15.9015 6.4871
    endloop
  endfacet
  facet normal 1 0 0
    outer loop
      vertex 7.6000 15.9015 6.4871
      vertex 7.6000 19.9000 2.0000
      vertex 7.6000 16.2473 6.9141
    endloop
  endfacet
  facet normal 1 0 0
    outer loop
      vertex 7.6000 16.2473 6.9141
      vertex 7.6000 19.9000 2.0000
      vertex 7.6000 16.5466 7.3750
    endloop
  endfacet
  facet normal 1 0 0
    outer loop
      vertex 7.6000 16.5466 7.3750
      vertex 7.6000 19.9000 2.0000
      vertex 7.6000 16.7961 7.8646
    endloop
  endfacet
  facet normal 1 0 0
    outer loop
      vertex 7.6000 16.6500 15.2500
      vertex 7.6000 17.2500 15.2500
      vertex 7.6000 16.6500 17.7500
    endloop
  endfacet
  facet normal 1 0 0
    outer loop
      vertex 7.6000 16.6500 17.7500
      vertex 7.6000 17.2500 15.2500
      vertex 7.6000 21.0000 17.7500
    endloop
  endfacet
  facet normal 1 0 0
    outer loop
      vertex 7.6000 16.7961 7.8646
      vertex 7.6000 19.9000 2.0000
      vertex 7.6000 16.9931 8.3777
    endloop
  endfacet
  facet normal 1 0 0
    outer loop
      vertex 7.6000 16.9931 8.3777
      vertex 7.6000 19.9000 2.0000
      vertex 7.6000 17.1353 8.9085
    endloop
  endfacet
  facet normal 1 0 0
    outer loop
      vertex 7.6000 17.1353 8.9085
      vertex 7.6000 19.9000 2.0000
      vertex 7.6000 19.9000 13.0250
    endloop
  endfacet
  facet normal 1 0 0
    outer loop
      vertex 7.6000 17.1353 8.9085
      vertex 7.6000 19.9000 13.0250
      vertex 7.6000 17.2212 9.4512
    endloop
  endfacet
  facet normal 1 0 0
    outer loop
      vertex 7.6000 17.2212 9.4512
      vertex 7.6000 19.9000 13.0250
      vertex 7.6000 17.2500 10.0000
    endloop
  endfacet
  facet normal 1 0 0
    outer loop
      vertex 7.6000 17.2500 10.0000
      vertex 7.6000 19.9000 13.0250
      vertex 7.6000 17.2500 15.2500
    endloop
  endfacet
  facet normal 1 0 0
    outer loop
      vertex 7.6000 17.2500 15.2500
      vertex 7.6000 19.9000 13.0250
      vertex 7.6000 21.0000 17.7500
    endloop
  endfacet
  facet normal 0 0 1
    outer loop
      vertex 7.6000 19.9000 2.0000
      vertex 10.4915 11.4690 2.0000
      vertex 10.5017 11.6309 2.0000
    endloop
  endfacet
  facet normal 0 0 1
    outer loop
      vertex 7.6000 19.9000 2.0000
      vertex 10.5017 11.6309 2.0000
      vertex 10.5342 14.0080 2.0000
    endloop
  endfacet
  facet normal 0 0 1
    outer loop
      vertex 7.6000 19.9000 2.0000
      vertex 10.5342 14.0080 2.0000
      vertex 10.5342 15.7311 2.0000
    endloop
  endfacet
  facet normal 0 0 1
    outer loop
      vertex 7.6000 19.9000 2.0000
      vertex 10.5342 15.7311 2.0000
      vertex 12.0000 19.9000 2.0000
    endloop
  endfacet
  facet normal 0 -1 0
    outer loop
      vertex 7.6000 19.9000 2.0000
      vertex 12.0000 19.9000 2.0000
      vertex 12.0000 19.9000 2.0100
    endloop
  endfacet
  facet normal 0 -1 0
    outer loop
      vertex 7.6000 19.9000 2.0000
      vertex 12.0000 19.9000 2.0100
      vertex 7.6000 19.9000 13.0250
    endloop
  endfacet
  facet normal 1 0 0
    outer loop
      vertex 7.6000 19.9000 13.0250
      vertex 7.6000 21.0000 13.0250
      vertex 7.6000 21.0000 17.7500
    endloop
  endfacet
  facet normal 0.928651 0 0.370955
    outer loop
      vertex 7.6000 19.9000 13.0250
      vertex 12.0000 19.9000 2.0100
      vertex 12.0000 21.0000 2.0100
    endloop
  endfacet
  facet normal 0.928651 0 0.370955
    outer loop
      vertex 7.6000 19.9000 13.0250
      vertex 12.0000 21.0000 2.0100
      vertex 7.6000 21.0000 13.0250
    endloop
  endfacet
  facet normal -0.998021 0.062877 0
    outer loop
      vertex 10.4915 11.4690 2.0000
      vertex 10.4915 11.4690 2.6000
      vertex 10.5017 11.6309 2.6000
    endloop
  endfacet
  facet normal -0.999292 -0.037627 0
    outer loop
      vertex 10.4915 11.4690 2.0000
      vertex 10.4958 11.3548 2.0000
      vertex 10.4915 11.4690 2.6000
    endloop
  endfacet
  facet normal -0.998021 0.062877 0
    outer loop
      vertex 10.4915 11.4690 2.0000
      vertex 10.5017 11.6309 2.6000
      vertex 10.5017 11.6309 2.0000
    endloop
  endfacet
  facet normal -0.999292 -0.037627 0
    outer loop
      vertex 10.4915 11.4690 2.6000
      vertex 10.4958 11.3548 2.0000
      vertex 10.4958 11.3548 2.6000
    endloop
  endfacet
  facet normal 0 0 1
    outer loop
      vertex 10.4915 11.4690 2.6000
      vertex 10.4958 11.3548 2.6000
      vertex 10.9390 11.4649 2.6000
    endloop
  endfacet
  facet normal 0 0 1
    outer loop
      vertex 10.4915 11.4690 2.6000
      vertex 10.9390 11.4649 2.6000
      vertex 10.9417 11.5170 2.6000
    endloop
  endfacet
  facet normal 0 0 1
    outer loop
      vertex 10.4915 11.4690 2.6000
      vertex 10.9417 11.5170 2.6000
      vertex 10.5017 11.6309 2.6000
    endloop
  endfacet
  facet normal -0.992841 -0.11944 0
    outer loop
      vertex 10.4958 11.3548 2.0000
      vertex 10.5086 11.2484 2.0000
      vertex 10.4958 11.3548 2.6000
    endloop
  endfacet
  facet normal -0.992841 -0.11944 0
    outer loop
      vertex 10.4958 11.3548 2.6000
      vertex 10.5086 11.2484 2.0000
      vertex 10.5086 11.2484 2.6000
    endloop
  endfacet
  facet normal 0 0 1
    outer loop
      vertex 10.4958 11.3548 2.6000
      vertex 10.5086 11.2484 2.6000
      vertex 10.9390 11.4649 2.6000
    endloop
  endfacet
  facet normal -0.978825 0.2047 0
    outer loop
      vertex 10.5017 11.6309 2.0000
      vertex 10.5017 11.6309 2.6000
      vertex 10.5324 11.7777 2.6000
    endloop
  endfacet
  facet normal 0 0 1
    outer loop
      vertex 10.5017 11.6309 2.0000
      vertex 10.5324 11.7777 2.0000
      vertex 10.5342 14.0080 2.0000
    endloop
  endfacet
  facet normal -0.978825 0.2047 0
    outer loop
      vertex 10.5017 11.6309 2.0000
      vertex 10.5324 11.7777 2.6000
      vertex 10.5324 11.7777 2.0000
    endloop
  endfacet
  facet normal 0 0 1
    outer loop
      vertex 10.5017 11.6309 2.6000
      vertex 10.9417 11.5170 2.6000
      vertex 10.9497 11.5648 2.6000
    endloop
  endfacet
  facet normal 0 0 1
    outer loop
      vertex 10.5017 11.6309 2.6000
      vertex 10.9497 11.5648 2.6000
      vertex 10.9629 11.6083 2.6000
    endloop
  endfacet
  facet normal 0 0 1
    outer loop
      vertex 10.5017 11.6309 2.6000
      vertex 10.9629 11.6083 2.6000
      vertex 10.5324 11.7777 2.6000
    endloop
  endfacet
  facet normal -0.977132 -0.212635 0
    outer loop
      vertex 10.5086 11.2484 2.0000
      vertex 10.5301 11.1496 2.0000
      vertex 10.5086 11.2484 2.6000
    endloop
  endfacet
  facet normal 0 0 1
    outer loop
      vertex 10.5086 11.2484 2.0000
      vertex 10.5342 9.5844 2.0000
      vertex 10.5301 11.1496 2.0000
    endloop
  endfacet
  facet normal -0.977132 -0.212635 0
    outer loop
      vertex 10.5086 11.2484 2.6000
      vertex 10.5301 11.1496 2.0000
      vertex 10.5301 11.1496 2.6000
    endloop
  endfacet
  facet normal 0 0 1
    outer loop
      vertex 10.5086 11.2484 2.6000
      vertex 10.5301 11.1496 2.6000
      vertex 10.9390 11.4649 2.6000
    endloop
  endfacet
  facet normal 0 0 1
    outer loop
      vertex 10.5301 11.1496 2.0000
      vertex 10.5342 9.5844 2.0000
      vertex 10.5602 11.0585 2.0000
    endloop
  endfacet
  facet normal -0.949514 -0.313725 0
    outer loop
      vertex 10.5301 11.1496 2.0000
      vertex 10.5602 11.0585 2.0000
      vertex 10.5301 11.1496 2.6000
    endloop
  endfacet
  facet normal -0.949514 -0.313725 0
    outer loop
      vertex 10.5301 11.1496 2.6000
      vertex 10.5602 11.0585 2.0000
      vertex 10.5602 11.0585 2.6000
    endloop
  endfacet
  facet normal 0 0 1
    outer loop
      vertex 10.5301 11.1496 2.6000
      vertex 10.5602 11.0585 2.6000
      vertex 10.9390 11.4649 2.6000
    endloop
  endfacet
  facet normal -0.932283 0.361729 0
    outer loop
      vertex 10.5324 11.7777 2.0000
      vertex 10.5324 11.7777 2.6000
      vertex 10.5835 11.9094 2.6000
    endloop
  endfacet
  facet normal 0 0 1
    outer loop
      vertex 10.5324 11.7777 2.0000
      vertex 10.5835 11.9094 2.0000
      vertex 10.5342 14.0080 2.0000
    endloop
  endfacet
  facet normal -0.932283 0.361729 0
    outer loop
      vertex 10.5324 11.7777 2.0000
      vertex 10.5835 11.9094 2.6000
      vertex 10.5835 11.9094 2.0000
    endloop
  endfacet
  facet normal 0 0 1
    outer loop
      vertex 10.5324 11.7777 2.6000
      vertex 10.9629 11.6083 2.6000
      vertex 10.9815 11.6475 2.6000
    endloop
  endfacet
  facet normal 0 0 1
    outer loop
      vertex 10.5324 11.7777 2.6000
      vertex 10.9815 11.6475 2.6000
      vertex 10.5835 11.9094 2.6000
    endloop
  endfacet
  facet normal -1 0 0
    outer loop
      vertex 10.5342 9.0432 2.0000
      vertex 10.5342 9.0432 2.6000
      vertex 10.5342 9.5844 2.6000
    endloop
  endfacet
  facet normal -1 0 0
    outer loop
      vertex 10.5342 9.0432 2.0000
      vertex 10.5342 9.5844 2.6000
      vertex 10.5342 9.5844 2.0000
    endloop
  endfacet
  facet normal -0.838905 -0.544278 0
    outer loop
      vertex 10.5342 9.0432 2.0000
      vertex 11.0001 8.3251 2.0000
      vertex 10.5342 9.0432 2.6000
    endloop
  endfacet
  facet normal -0.838905 -0.544278 0
    outer loop
      vertex 10.5342 9.0432 2.6000
      vertex 11.0001 8.3251 2.0000
      vertex 11.0001 8.3251 2.6000
    endloop
  endfacet
  facet normal 0 0 1
    outer loop
      vertex 10.5342 9.0432 2.6000
      vertex 11.0001 8.3251 2.6000
      vertex 11.0204 9.0127 2.6000
    endloop
  endfacet
  facet normal 0 0 1
    outer loop
      vertex 10.5342 9.0432 2.6000
      vertex 11.0204 9.0127 2.6000
      vertex 10.5342 9.5844 2.6000
    endloop
  endfacet
  facet normal 0 1 0
    outer loop
      vertex 10.5342 9.5844 2.0000
      vertex 10.5342 9.5844 2.6000
      vertex 12.9754 9.5844 2.0000
    endloop
  endfacet
  facet normal 0 0 1
    outer loop
      vertex 10.5342 9.5844 2.0000
      vertex 10.5989 10.9750 2.0000
      vertex 10.5602 11.0585 2.0000
    endloop
  endfacet
  facet normal 0 0 1
    outer loop
      vertex 10.5342 9.5844 2.0000
      vertex 10.6461 10.8993 2.0000
      vertex 10.5989 10.9750 2.0000
    endloop
  endfacet
  facet normal 0 0 1
    outer loop
      vertex 10.5342 9.5844 2.0000
      vertex 10.7024 10.8304 2.0000
      vertex 10.6461 10.8993 2.0000
    endloop
  endfacet
  facet normal 0 0 1
    outer loop
      vertex 10.5342 9.5844 2.0000
      vertex 10.7682 10.7675 2.0000
      vertex 10.7024 10.8304 2.0000
    endloop
  endfacet
  facet normal 0 0 1
    outer loop
      vertex 10.5342 9.5844 2.0000
      vertex 10.8434 10.7106 2.0000
      vertex 10.7682 10.7675 2.0000
    endloop
  endfacet
  facet normal 0 0 1
    outer loop
      vertex 10.5342 9.5844 2.0000
      vertex 10.9282 10.6597 2.0000
      vertex 10.8434 10.7106 2.0000
    endloop
  endfacet
  facet normal 0 0 1
    outer loop
      vertex 10.5342 9.5844 2.0000
      vertex 11.0225 10.6148 2.0000
      vertex 10.9282 10.6597 2.0000
    endloop
  endfacet
  facet normal 0 0 1
    outer loop
      vertex 10.5342 9.5844 2.0000
      vertex 11.1262 10.5759 2.0000
      vertex 11.0225 10.6148 2.0000
    endloop
  endfacet
  facet normal 0 0 1
    outer loop
      vertex 10.5342 9.5844 2.0000
      vertex 11.2400 10.5429 2.0000
      vertex 11.1262 10.5759 2.0000
    endloop
  endfacet
  facet normal 0 0 1
    outer loop
      vertex 10.5342 9.5844 2.0000
      vertex 11.3642 10.5160 2.0000
      vertex 11.2400 10.5429 2.0000
    endloop
  endfacet
  facet normal 0 0 1
    outer loop
      vertex 10.5342 9.5844 2.0000
      vertex 11.4990 10.4950 2.0000
      vertex 11.3642 10.5160 2.0000
    endloop
  endfacet
  facet normal 0 0 1
    outer loop
      vertex 10.5342 9.5844 2.0000
      vertex 11.6443 10.4800 2.0000
      vertex 11.4990 10.4950 2.0000
    endloop
  endfacet
  facet normal 0 0 1
    outer loop
      vertex 10.5342 9.5844 2.0000
      vertex 11.8001 10.4710 2.0000
      vertex 11.6443 10.4800 2.0000
    endloop
  endfacet
  facet normal 0 0 1
    outer loop
      vertex 10.5342 9.5844 2.0000
      vertex 12.9754 9.5844 2.0000
      vertex 11.8001 10.4710 2.0000
    endloop
  endfacet
  facet normal 0 0 1
    outer loop
      vertex 10.5342 9.5844 2.6000
      vertex 11.0204 9.0127 2.6000
      vertex 12.9754 9.5844 2.6000
    endloop
  endfacet
  facet normal 0 1 0
    outer loop
      vertex 10.5342 9.5844 2.6000
      vertex 12.9754 9.5844 2.6000
      vertex 12.9754 9.5844 2.0000
    endloop
  endfacet
  facet normal -1 0 0
    outer loop
      vertex 10.5342 14.0080 2.0000
      vertex 10.5342 14.0080 2.6000
      vertex 10.5342 15.7311 2.6000
    endloop
  endfacet
  facet normal -1 0 0
    outer loop
      vertex 10.5342 14.0080 2.0000
      vertex 10.5342 15.7311 2.6000
      vertex 10.5342 15.7311 2.0000
    endloop
  endfacet
  facet normal 0 0 1
    outer loop
      vertex 10.5342 14.0080 2.0000
      vertex 10.5835 11.9094 2.0000
      vertex 10.6551 12.0259 2.0000
    endloop
  endfacet
  facet normal 0 0 1
    outer loop
      vertex 10.5342 14.0080 2.0000
      vertex 10.6551 12.0259 2.0000
      vertex 10.7472 12.1273 2.0000
    endloop
  endfacet
  facet normal 0 0 1
    outer loop
      vertex 10.5342 14.0080 2.0000
      vertex 10.7472 12.1273 2.0000
      vertex 10.8597 12.2135 2.0000
    endloop
  endfacet
  facet normal 0 0 1
    outer loop
      vertex 10.5342 14.0080 2.0000
      vertex 10.8597 12.2135 2.0000
      vertex 10.9927 12.2856 2.0000
    endloop
  endfacet
  facet normal 0 0 1
    outer loop
      vertex 10.5342 14.0080 2.0000
      vertex 10.9927 12.2856 2.0000
      vertex 11.1463 12.3446 2.0000
    endloop
  endfacet
  facet normal 0 0 1
    outer loop
      vertex 10.5342 14.0080 2.0000
      vertex 11.1463 12.3446 2.0000
      vertex 11.3205 12.3905 2.0000
    endloop
  endfacet
  facet normal 0 0 1
    outer loop
      vertex 10.5342 14.0080 2.0000
      vertex 11.3205 12.3905 2.0000
      vertex 11.5152 12.4233 2.0000
    endloop
  endfacet
  facet normal 0 0 1
    outer loop
      vertex 10.5342 14.0080 2.0000
      vertex 11.5152 12.4233 2.0000
      vertex 12.1474 13.9083 2.0000
    endloop
  endfacet
  facet normal -0.061685 -0.998096 0
    outer loop
      vertex 10.5342 14.0080 2.0000
      vertex 12.1474 13.9083 2.0000
      vertex 12.1474 13.9083 2.6000
    endloop
  endfacet
  facet normal -0.061685 -0.998096 0
    outer loop
      vertex 10.5342 14.0080 2.0000
      vertex 12.1474 13.9083 2.6000
      vertex 10.5342 14.0080 2.6000
    endloop
  endfacet
  facet normal 0 0 1
    outer loop
      vertex 10.5342 14.0080 2.6000
      vertex 10.9594 14.5268 2.6000
      vertex 10.5342 15.7311 2.6000
    endloop
  endfacet
  facet normal 0 0 1
    outer loop
      vertex 10.5342 14.0080 2.6000
      vertex 11.6836 14.4800 2.6000
      vertex 10.9594 14.5268 2.6000
    endloop
  endfacet
  facet normal 0 0 1
    outer loop
      vertex 10.5342 14.0080 2.6000
      vertex 12.1474 13.9083 2.6000
      vertex 11.6836 14.4800 2.6000
    endloop
  endfacet
  facet normal 0 1 0
    outer loop
      vertex 10.5342 15.7311 2.0000
      vertex 10.5342 15.7311 2.6000
      vertex 10.9594 15.7311 2.0000
    endloop
  endfacet
  facet normal 0 0 1
    outer loop
      vertex 10.5342 15.7311 2.0000
      vertex 10.9594 15.7311 2.0000
      vertex 12.0000 19.9000 2.0000
    endloop
  endfacet
  facet normal 0 0 1
    outer loop
      vertex 10.5342 15.7311 2.6000
      vertex 10.9594 14.5268 2.6000
      vertex 10.9594 15.7311 2.6000
    endloop
  endfacet
  facet normal 0 1 0
    outer loop
      vertex 10.5342 15.7311 2.6000
      vertex 10.9594 15.7311 2.6000
      vertex 10.9594 15.7311 2.0000
    endloop
  endfacet
  facet normal -0.90729 -0.420505 0
    outer loop
      vertex 10.5602 11.0585 2.0000
      vertex 10.5989 10.9750 2.0000
      vertex 10.5602 11.0585 2.6000
    endloop
  endfacet
  facet normal -0.90729 -0.420505 0
    outer loop
      vertex 10.5602 11.0585 2.6000
      vertex 10.5989 10.9750 2.0000
      vertex 10.5989 10.9750 2.6000
    endloop
  endfacet
  facet normal 0 0 1
    outer loop
      vertex 10.5602 11.0585 2.6000
      vertex 10.5989 10.9750 2.6000
      vertex 10.9390 11.4649 2.6000
    endloop
  endfacet
  facet normal -0.851959 0.523608 0
    outer loop
      vertex 10.5835 11.9094 2.0000
      vertex 10.5835 11.9094 2.6000
      vertex 10.6551 12.0259 2.6000
    endloop
  endfacet
  facet normal -0.851959 0.523608 0
    outer loop
      vertex 10.5835 11.9094 2.0000
      vertex 10.6551 12.0259 2.6000
      vertex 10.6551 12.0259 2.0000
    endloop
  endfacet
  facet normal 0 0 1
    outer loop
      vertex 10.5835 11.9094 2.6000
      vertex 10.9815 11.6475 2.6000
      vertex 11.0054 11.6824 2.6000
    endloop
  endfacet
  facet normal 0 0 1
    outer loop
      vertex 10.5835 11.9094 2.6000
      vertex 11.0054 11.6824 2.6000
      vertex 10.6551 12.0259 2.6000
    endloop
  endfacet
  facet normal -0.848565 -0.529092 0
    outer loop
      vertex 10.5989 10.9750 2.0000
      vertex 10.6461 10.8993 2.0000
      vertex 10.5989 10.9750 2.6000
    endloop
  endfacet
  facet normal -0.848565 -0.529092 0
    outer loop
      vertex 10.5989 10.9750 2.6000
      vertex 10.6461 10.8993 2.0000
      vertex 10.6461 10.8993 2.6000
    endloop
  endfacet
  facet normal 0 0 1
    outer loop
      vertex 10.5989 10.9750 2.6000
      vertex 10.6461 10.8993 2.6000
      vertex 10.9390 11.4649 2.6000
    endloop
  endfacet
  facet normal -0.774358 -0.632748 0
    outer loop
      vertex 10.6461 10.8993 2.0000
      vertex 10.7024 10.8304 2.0000
      vertex 10.6461 10.8993 2.6000
    endloop
  endfacet
  facet normal -0.774358 -0.632748 0
    outer loop
      vertex 10.6461 10.8993 2.6000
      vertex 10.7024 10.8304 2.0000
      vertex 10.7024 10.8304 2.6000
    endloop
  endfacet
  facet normal 0 0 1
    outer loop
      vertex 10.6461 10.8993 2.6000
      vertex 10.7024 10.8304 2.6000
      vertex 10.9390 11.4649 2.6000
    endloop
  endfacet
  facet normal -0.740237 0.672346 0
    outer loop
      vertex 10.6551 12.0259 2.0000
      vertex 10.6551 12.0259 2.6000
      vertex 10.7472 12.1273 2.6000
    endloop
  endfacet
  facet normal -0.740237 0.672346 0
    outer loop
      vertex 10.6551 12.0259 2.0000
      vertex 10.7472 12.1273 2.6000
      vertex 10.7472 12.1273 2.0000
    endloop
  endfacet
  facet normal 0 0 1
    outer loop
      vertex 10.6551 12.0259 2.6000
      vertex 11.0054 11.6824 2.6000
      vertex 11.0346 11.7131 2.6000
    endloop
  endfacet
  facet normal 0 0 1
    outer loop
      vertex 10.6551 12.0259 2.6000
      vertex 11.0346 11.7131 2.6000
      vertex 10.7472 12.1273 2.6000
    endloop
  endfacet
  facet normal -0.690998 -0.722857 0
    outer loop
      vertex 10.7024 10.8304 2.0000
      vertex 10.7682 10.7675 2.0000
      vertex 10.7682 10.7675 2.6000
    endloop
  endfacet
  facet normal -0.690998 -0.722857 0
    outer loop
      vertex 10.7024 10.8304 2.0000
      vertex 10.7682 10.7675 2.6000
      vertex 10.7024 10.8304 2.6000
    endloop
  endfacet
  facet normal 0 0 1
    outer loop
      vertex 10.7024 10.8304 2.6000
      vertex 10.7682 10.7675 2.6000
      vertex 10.9390 11.4649 2.6000
    endloop
  endfacet
  facet normal -0.608209 0.793777 0
    outer loop
      vertex 10.7472 12.1273 2.0000
      vertex 10.7472 12.1273 2.6000
      vertex 10.8597 12.2135 2.0000
    endloop
  endfacet
  facet normal -0.608209 0.793777 0
    outer loop
      vertex 10.7472 12.1273 2.6000
      vertex 10.8597 12.2135 2.6000
      vertex 10.8597 12.2135 2.0000
    endloop
  endfacet
  facet normal 0 0 1
    outer loop
      vertex 10.7472 12.1273 2.6000
      vertex 11.0346 11.7131 2.6000
      vertex 11.0700 11.7403 2.6000
    endloop
  endfacet
  facet normal 0 0 1
    outer loop
      vertex 10.7472 12.1273 2.6000
      vertex 11.0700 11.7403 2.6000
      vertex 10.8597 12.2135 2.6000
    endloop
  endfacet
  facet normal -0.603388 -0.797448 0
    outer loop
      vertex 10.7682 10.7675 2.0000
      vertex 10.8434 10.7106 2.0000
      vertex 10.8434 10.7106 2.6000
    endloop
  endfacet
  facet normal -0.603388 -0.797448 0
    outer loop
      vertex 10.7682 10.7675 2.0000
      vertex 10.8434 10.7106 2.6000
      vertex 10.7682 10.7675 2.6000
    endloop
  endfacet
  facet normal 0 0 1
    outer loop
      vertex 10.7682 10.7675 2.6000
      vertex 10.8434 10.7106 2.6000
      vertex 10.9390 11.4649 2.6000
    endloop
  endfacet
  facet normal -0.514644 -0.857404 0
    outer loop
      vertex 10.8434 10.7106 2.0000
      vertex 10.9282 10.6597 2.0000
      vertex 10.9282 10.6597 2.6000
    endloop
  endfacet
  facet normal -0.514644 -0.857404 0
    outer loop
      vertex 10.8434 10.7106 2.0000
      vertex 10.9282 10.6597 2.6000
      vertex 10.8434 10.7106 2.6000
    endloop
  endfacet
  facet normal 0 0 1
    outer loop
      vertex 10.8434 10.7106 2.6000
      vertex 10.9282 10.6597 2.6000
      vertex 10.9390 11.4649 2.6000
    endloop
  endfacet
  facet normal -0.476581 0.87913 0
    outer loop
      vertex 10.8597 12.2135 2.0000
      vertex 10.8597 12.2135 2.6000
      vertex 10.9927 12.2856 2.0000
    endloop
  endfacet
  facet normal -0.476581 0.87913 0
    outer loop
      vertex 10.8597 12.2135 2.6000
      vertex 10.9927 12.2856 2.6000
      vertex 10.9927 12.2856 2.0000
    endloop
  endfacet
  facet normal 0 0 1
    outer loop
      vertex 10.8597 12.2135 2.6000
      vertex 11.0700 11.7403 2.6000
      vertex 11.1122 11.7648 2.6000
    endloop
  endfacet
  facet normal 0 0 1
    outer loop
      vertex 10.8597 12.2135 2.6000
      vertex 11.1122 11.7648 2.6000
      vertex 11.1613 11.7868 2.6000
    endloop
  endfacet
  facet normal 0 0 1
    outer loop
      vertex 10.8597 12.2135 2.6000
      vertex 11.1613 11.7868 2.6000
      vertex 10.9927 12.2856 2.6000
    endloop
  endfacet
  facet normal -0.429896 -0.902878 0
    outer loop
      vertex 10.9282 10.6597 2.0000
      vertex 11.0225 10.6148 2.0000
      vertex 11.0225 10.6148 2.6000
    endloop
  endfacet
  facet normal -0.429896 -0.902878 0
    outer loop
      vertex 10.9282 10.6597 2.0000
      vertex 11.0225 10.6148 2.6000
      vertex 10.9282 10.6597 2.6000
    endloop
  endfacet
  facet normal 0 0 1
    outer loop
      vertex 10.9282 10.6597 2.6000
      vertex 10.9417 11.4096 2.6000
      vertex 10.9390 11.4649 2.6000
    endloop
  endfacet
  facet normal 0 0 1
    outer loop
      vertex 10.9282 10.6597 2.6000
      vertex 10.9498 11.3590 2.6000
      vertex 10.9417 11.4096 2.6000
    endloop
  endfacet
  facet normal 0 0 1
    outer loop
      vertex 10.9282 10.6597 2.6000
      vertex 10.9632 11.3131 2.6000
      vertex 10.9498 11.3590 2.6000
    endloop
  endfacet
  facet normal 0 0 1
    outer loop
      vertex 10.9282 10.6597 2.6000
      vertex 10.9820 11.2719 2.6000
      vertex 10.9632 11.3131 2.6000
    endloop
  endfacet
  facet normal 0 0 1
    outer loop
      vertex 10.9282 10.6597 2.6000
      vertex 11.0061 11.2353 2.6000
      vertex 10.9820 11.2719 2.6000
    endloop
  endfacet
  facet normal 0 0 1
    outer loop
      vertex 10.9282 10.6597 2.6000
      vertex 11.0225 10.6148 2.6000
      vertex 11.1628 11.1277 2.6000
    endloop
  endfacet
  facet normal 0 0 1
    outer loop
      vertex 10.9282 10.6597 2.6000
      vertex 11.0357 11.2035 2.6000
      vertex 11.0061 11.2353 2.6000
    endloop
  endfacet
  facet normal 0 0 1
    outer loop
      vertex 10.9282 10.6597 2.6000
      vertex 11.0713 11.1754 2.6000
      vertex 11.0357 11.2035 2.6000
    endloop
  endfacet
  facet normal 0 0 1
    outer loop
      vertex 10.9282 10.6597 2.6000
      vertex 11.1137 11.1501 2.6000
      vertex 11.0713 11.1754 2.6000
    endloop
  endfacet
  facet normal 0 0 1
    outer loop
      vertex 10.9282 10.6597 2.6000
      vertex 11.1628 11.1277 2.6000
      vertex 11.1137 11.1501 2.6000
    endloop
  endfacet
  facet normal 0.99881 0.048767 0
    outer loop
      vertex 10.9390 11.4649 2.0000
      vertex 10.9390 11.4649 2.6000
      vertex 10.9417 11.4096 2.6000
    endloop
  endfacet
  facet normal 0 0 1
    outer loop
      vertex 10.9390 11.4649 2.0000
      vertex 10.9417 11.4096 2.0000
      vertex 11.1628 11.1277 2.0000
    endloop
  endfacet
  facet normal 0.99881 0.048767 0
    outer loop
      vertex 10.9390 11.4649 2.0000
      vertex 10.9417 11.4096 2.6000
      vertex 10.9417 11.4096 2.0000
    endloop
  endfacet
  facet normal 0.99866 -0.051754 0
    outer loop
      vertex 10.9390 11.4649 2.0000
      vertex 10.9417 11.5170 2.0000
      vertex 10.9390 11.4649 2.6000
    endloop
  endfacet
  facet normal 0 0 1
    outer loop
      vertex 10.9390 11.4649 2.0000
      vertex 11.1122 11.7648 2.0000
      vertex 10.9417 11.5170 2.0000
    endloop
  endfacet
  facet normal 0 0 1
    outer loop
      vertex 10.9390 11.4649 2.0000
      vertex 11.1613 11.7868 2.0000
      vertex 11.1122 11.7648 2.0000
    endloop
  endfacet
  facet normal 0 0 1
    outer loop
      vertex 10.9390 11.4649 2.0000
      vertex 11.1628 11.1277 2.0000
      vertex 11.1613 11.7868 2.0000
    endloop
  endfacet
  facet normal 0.99866 -0.051754 0
    outer loop
      vertex 10.9390 11.4649 2.6000
      vertex 10.9417 11.5170 2.0000
      vertex 10.9417 11.5170 2.6000
    endloop
  endfacet
  facet normal 0.987428 0.158067 0
    outer loop
      vertex 10.9417 11.4096 2.0000
      vertex 10.9417 11.4096 2.6000
      vertex 10.9498 11.3590 2.6000
    endloop
  endfacet
  facet normal 0 0 1
    outer loop
      vertex 10.9417 11.4096 2.0000
      vertex 10.9498 11.3590 2.0000
      vertex 11.1137 11.1501 2.0000
    endloop
  endfacet
  facet normal 0.987428 0.158067 0
    outer loop
      vertex 10.9417 11.4096 2.0000
      vertex 10.9498 11.3590 2.6000
      vertex 10.9498 11.3590 2.0000
    endloop
  endfacet
  facet normal 0 0 1
    outer loop
      vertex 10.9417 11.4096 2.0000
      vertex 11.1137 11.1501 2.0000
      vertex 11.1628 11.1277 2.0000
    endloop
  endfacet
  facet normal 0.986282 -0.165068 0
    outer loop
      vertex 10.9417 11.5170 2.0000
      vertex 10.9497 11.5648 2.0000
      vertex 10.9417 11.5170 2.6000
    endloop
  endfacet
  facet normal 0 0 1
    outer loop
      vertex 10.9417 11.5170 2.0000
      vertex 11.0700 11.7403 2.0000
      vertex 10.9497 11.5648 2.0000
    endloop
  endfacet
  facet normal 0 0 1
    outer loop
      vertex 10.9417 11.5170 2.0000
      vertex 11.1122 11.7648 2.0000
      vertex 11.0700 11.7403 2.0000
    endloop
  endfacet
  facet normal 0.986282 -0.165068 0
    outer loop
      vertex 10.9417 11.5170 2.6000
      vertex 10.9497 11.5648 2.0000
      vertex 10.9497 11.5648 2.6000
    endloop
  endfacet
  facet normal 0.956913 -0.290374 0
    outer loop
      vertex 10.9497 11.5648 2.0000
      vertex 10.9629 11.6083 2.0000
      vertex 10.9497 11.5648 2.6000
    endloop
  endfacet
  facet normal 0 0 1
    outer loop
      vertex 10.9497 11.5648 2.0000
      vertex 11.0700 11.7403 2.0000
      vertex 10.9629 11.6083 2.0000
    endloop
  endfacet
  facet normal 0.956913 -0.290374 0
    outer loop
      vertex 10.9497 11.5648 2.6000
      vertex 10.9629 11.6083 2.0000
      vertex 10.9629 11.6083 2.6000
    endloop
  endfacet
  facet normal 0.95993 0.280241 0
    outer loop
      vertex 10.9498 11.3590 2.0000
      vertex 10.9498 11.3590 2.6000
      vertex 10.9632 11.3131 2.6000
    endloop
  endfacet
  facet normal 0 0 1
    outer loop
      vertex 10.9498 11.3590 2.0000
      vertex 10.9632 11.3131 2.0000
      vertex 11.0713 11.1754 2.0000
    endloop
  endfacet
  facet normal 0.95993 0.280241 0
    outer loop
      vertex 10.9498 11.3590 2.0000
      vertex 10.9632 11.3131 2.6000
      vertex 10.9632 11.3131 2.0000
    endloop
  endfacet
  facet normal 0 0 1
    outer loop
      vertex 10.9498 11.3590 2.0000
      vertex 11.0713 11.1754 2.0000
      vertex 11.1137 11.1501 2.0000
    endloop
  endfacet
  facet normal 0.064489 0.997918 0
    outer loop
      vertex 10.9594 14.5268 2.0000
      vertex 10.9594 14.5268 2.6000
      vertex 11.6836 14.4800 2.0000
    endloop
  endfacet
  facet normal 1 0 0
    outer loop
      vertex 10.9594 14.5268 2.0000
      vertex 10.9594 15.7311 2.0000
      vertex 10.9594 14.5268 2.6000
    endloop
  endfacet
  facet normal 0 0 1
    outer loop
      vertex 10.9594 14.5268 2.0000
      vertex 11.5005 14.9987 2.0000
      vertex 11.5076 15.1305 2.0000
    endloop
  endfacet
  facet normal 0 0 1
    outer loop
      vertex 10.9594 14.5268 2.0000
      vertex 11.5056 14.8979 2.0000
      vertex 11.5005 14.9987 2.0000
    endloop
  endfacet
  facet normal 0 0 1
    outer loop
      vertex 10.9594 14.5268 2.0000
      vertex 11.5076 15.1305 2.0000
      vertex 10.9594 15.7311 2.0000
    endloop
  endfacet
  facet normal 0 0 1
    outer loop
      vertex 10.9594 14.5268 2.0000
      vertex 11.5209 14.8028 2.0000
      vertex 11.5056 14.8979 2.0000
    endloop
  endfacet
  facet normal 0 0 1
    outer loop
      vertex 10.9594 14.5268 2.0000
      vertex 11.5463 14.7134 2.0000
      vertex 11.5209 14.8028 2.0000
    endloop
  endfacet
  facet normal 0 0 1
    outer loop
      vertex 10.9594 14.5268 2.0000
      vertex 11.5819 14.6298 2.0000
      vertex 11.5463 14.7134 2.0000
    endloop
  endfacet
  facet normal 0 0 1
    outer loop
      vertex 10.9594 14.5268 2.0000
      vertex 11.6277 14.5520 2.0000
      vertex 11.5819 14.6298 2.0000
    endloop
  endfacet
  facet normal 0 0 1
    outer loop
      vertex 10.9594 14.5268 2.0000
      vertex 11.6836 14.4800 2.0000
      vertex 11.6277 14.5520 2.0000
    endloop
  endfacet
  facet normal 1 0 0
    outer loop
      vertex 10.9594 14.5268 2.6000
      vertex 10.9594 15.7311 2.0000
      vertex 10.9594 15.7311 2.6000
    endloop
  endfacet
  facet normal 0.064489 0.997918 0
    outer loop
      vertex 10.9594 14.5268 2.6000
      vertex 11.6836 14.4800 2.6000
      vertex 11.6836 14.4800 2.0000
    endloop
  endfacet
  facet normal 0 0 1
    outer loop
      vertex 10.9594 15.7311 2.0000
      vertex 11.5076 15.1305 2.0000
      vertex 11.5288 15.2531 2.0000
    endloop
  endfacet
  facet normal 0 0 1
    outer loop
      vertex 10.9594 15.7311 2.0000
      vertex 11.5288 15.2531 2.0000
      vertex 11.5641 15.3667 2.0000
    endloop
  endfacet
  facet normal 0 0 1
    outer loop
      vertex 10.9594 15.7311 2.0000
      vertex 11.5641 15.3667 2.0000
      vertex 11.6136 15.4711 2.0000
    endloop
  endfacet
  facet normal 0 0 1
    outer loop
      vertex 10.9594 15.7311 2.0000
      vertex 11.6136 15.4711 2.0000
      vertex 11.6771 15.5665 2.0000
    endloop
  endfacet
  facet normal 0 0 1
    outer loop
      vertex 10.9594 15.7311 2.0000
      vertex 11.6771 15.5665 2.0000
      vertex 11.7548 15.6528 2.0000
    endloop
  endfacet
  facet normal 0 0 1
    outer loop
      vertex 10.9594 15.7311 2.0000
      vertex 11.7548 15.6528 2.0000
      vertex 11.8447 15.7277 2.0000
    endloop
  endfacet
  facet normal 0 0 1
    outer loop
      vertex 10.9594 15.7311 2.0000
      vertex 11.8447 15.7277 2.0000
      vertex 11.9447 15.7890 2.0000
    endloop
  endfacet
  facet normal 0 0 1
    outer loop
      vertex 10.9594 15.7311 2.0000
      vertex 11.9447 15.7890 2.0000
      vertex 12.0549 15.8366 2.0000
    endloop
  endfacet
  facet normal 0 0 1
    outer loop
      vertex 10.9594 15.7311 2.0000
      vertex 12.0549 15.8366 2.0000
      vertex 12.0000 19.9000 2.0000
    endloop
  endfacet
  facet normal 0.903456 -0.428681 0
    outer loop
      vertex 10.9629 11.6083 2.0000
      vertex 10.9815 11.6475 2.0000
      vertex 10.9629 11.6083 2.6000
    endloop
  endfacet
  facet normal 0 0 1
    outer loop
      vertex 10.9629 11.6083 2.0000
      vertex 11.0054 11.6824 2.0000
      vertex 10.9815 11.6475 2.0000
    endloop
  endfacet
  facet normal 0 0 1
    outer loop
      vertex 10.9629 11.6083 2.0000
      vertex 11.0346 11.7131 2.0000
      vertex 11.0054 11.6824 2.0000
    endloop
  endfacet
  facet normal 0 0 1
    outer loop
      vertex 10.9629 11.6083 2.0000
      vertex 11.0700 11.7403 2.0000
      vertex 11.0346 11.7131 2.0000
    endloop
  endfacet
  facet normal 0.903456 -0.428681 0
    outer loop
      vertex 10.9629 11.6083 2.6000
      vertex 10.9815 11.6475 2.0000
      vertex 10.9815 11.6475 2.6000
    endloop
  endfacet
  facet normal 0.909761 0.415133 0
    outer loop
      vertex 10.9632 11.3131 2.0000
      vertex 10.9632 11.3131 2.6000
      vertex 10.9820 11.2719 2.6000
    endloop
  endfacet
  facet normal 0 0 1
    outer loop
      vertex 10.9632 11.3131 2.0000
      vertex 10.9820 11.2719 2.0000
      vertex 11.0061 11.2353 2.0000
    endloop
  endfacet
  facet normal 0.909761 0.415133 0
    outer loop
      vertex 10.9632 11.3131 2.0000
      vertex 10.9820 11.2719 2.6000
      vertex 10.9820 11.2719 2.0000
    endloop
  endfacet
  facet normal 0 0 1
    outer loop
      vertex 10.9632 11.3131 2.0000
      vertex 11.0061 11.2353 2.0000
      vertex 11.0357 11.2035 2.0000
    endloop
  endfacet
  facet normal 0 0 1
    outer loop
      vertex 10.9632 11.3131 2.0000
      vertex 11.0357 11.2035 2.0000
      vertex 11.0713 11.1754 2.0000
    endloop
  endfacet
  facet normal 0.825075 -0.565023 0
    outer loop
      vertex 10.9815 11.6475 2.0000
      vertex 11.0054 11.6824 2.0000
      vertex 10.9815 11.6475 2.6000
    endloop
  endfacet
  facet normal 0.825075 -0.565023 0
    outer loop
      vertex 10.9815 11.6475 2.6000
      vertex 11.0054 11.6824 2.0000
      vertex 11.0054 11.6824 2.6000
    endloop
  endfacet
  facet normal 0.835196 0.549952 0
    outer loop
      vertex 10.9820 11.2719 2.0000
      vertex 10.9820 11.2719 2.6000
      vertex 11.0061 11.2353 2.6000
    endloop
  endfacet
  facet normal 0.835196 0.549952 0
    outer loop
      vertex 10.9820 11.2719 2.0000
      vertex 11.0061 11.2353 2.6000
      vertex 11.0061 11.2353 2.0000
    endloop
  endfacet
  facet normal -0.358572 0.933502 0
    outer loop
      vertex 10.9927 12.2856 2.0000
      vertex 10.9927 12.2856 2.6000
      vertex 11.1463 12.3446 2.0000
    endloop
  endfacet
  facet normal -0.358572 0.933502 0
    outer loop
      vertex 10.9927 12.2856 2.6000
      vertex 11.1463 12.3446 2.6000
      vertex 11.1463 12.3446 2.0000
    endloop
  endfacet
  facet normal 0 0 1
    outer loop
      vertex 10.9927 12.2856 2.6000
      vertex 11.1613 11.7868 2.6000
      vertex 11.2173 11.8062 2.6000
    endloop
  endfacet
  facet normal 0 0 1
    outer loop
      vertex 10.9927 12.2856 2.6000
      vertex 11.2173 11.8062 2.6000
      vertex 11.1463 12.3446 2.6000
    endloop
  endfacet
  facet normal 0 -1 0
    outer loop
      vertex 11.0001 8.3251 2.0000
      vertex 11.4497 8.3251 2.0000
      vertex 11.4497 8.3251 2.6000
    endloop
  endfacet
  facet normal 0 -1 0
    outer loop
      vertex 11.0001 8.3251 2.0000
      vertex 11.4497 8.3251 2.6000
      vertex 11.0001 8.3251 2.6000
    endloop
  endfacet
  facet normal 0 0 1
    outer loop
      vertex 11.0001 8.3251 2.0000
      vertex 12.0000 4.1000 2.0000
      vertex 11.4497 8.3251 2.0000
    endloop
  endfacet
  facet normal 0 0 1
    outer loop
      vertex 11.0001 8.3251 2.6000
      vertex 11.4497 8.3251 2.6000
      vertex 11.0204 9.0127 2.6000
    endloop
  endfacet
  facet normal 0.724587 -0.689184 0
    outer loop
      vertex 11.0054 11.6824 2.0000
      vertex 11.0346 11.7131 2.0000
      vertex 11.0054 11.6824 2.6000
    endloop
  endfacet
  facet normal 0.724587 -0.689184 0
    outer loop
      vertex 11.0054 11.6824 2.6000
      vertex 11.0346 11.7131 2.0000
      vertex 11.0346 11.7131 2.6000
    endloop
  endfacet
  facet normal 0.731973 0.681333 0
    outer loop
      vertex 11.0061 11.2353 2.0000
      vertex 11.0061 11.2353 2.6000
      vertex 11.0357 11.2035 2.6000
    endloop
  endfacet
  facet normal 0.731973 0.681333 0
    outer loop
      vertex 11.0061 11.2353 2.0000
      vertex 11.0357 11.2035 2.6000
      vertex 11.0357 11.2035 2.0000
    endloop
  endfacet
  facet normal 0.848248 0.5296 0
    outer loop
      vertex 11.0204 9.0127 2.0000
      vertex 11.0204 9.0127 2.6000
      vertex 11.4497 8.3251 2.6000
    endloop
  endfacet
  facet normal 0 0 1
    outer loop
      vertex 11.0204 9.0127 2.0000
      vertex 11.4497 8.3251 2.0000
      vertex 12.9754 9.0127 2.0000
    endloop
  endfacet
  facet normal 0.848248 0.5296 0
    outer loop
      vertex 11.0204 9.0127 2.0000
      vertex 11.4497 8.3251 2.6000
      vertex 11.4497 8.3251 2.0000
    endloop
  endfacet
  facet normal 0 -1 0
    outer loop
      vertex 11.0204 9.0127 2.0000
      vertex 12.9754 9.0127 2.0000
      vertex 12.9754 9.0127 2.6000
    endloop
  endfacet
  facet normal 0 -1 0
    outer loop
      vertex 11.0204 9.0127 2.0000
      vertex 12.9754 9.0127 2.6000
      vertex 11.0204 9.0127 2.6000
    endloop
  endfacet
  facet normal 0 0 1
    outer loop
      vertex 11.0204 9.0127 2.6000
      vertex 12.9754 9.0127 2.6000
      vertex 12.9754 9.5844 2.6000
    endloop
  endfacet
  facet normal -0.351222 -0.936292 0
    outer loop
      vertex 11.0225 10.6148 2.0000
      vertex 11.1262 10.5759 2.0000
      vertex 11.1262 10.5759 2.6000
    endloop
  endfacet
  facet normal -0.351222 -0.936292 0
    outer loop
      vertex 11.0225 10.6148 2.0000
      vertex 11.1262 10.5759 2.6000
      vertex 11.0225 10.6148 2.6000
    endloop
  endfacet
  facet normal 0 0 1
    outer loop
      vertex 11.0225 10.6148 2.6000
      vertex 11.1262 10.5759 2.6000
      vertex 11.2188 11.1081 2.6000
    endloop
  endfacet
  facet normal 0 0 1
    outer loop
      vertex 11.0225 10.6148 2.6000
      vertex 11.2188 11.1081 2.6000
      vertex 11.1628 11.1277 2.6000
    endloop
  endfacet
  facet normal 0.609278 -0.792957 0
    outer loop
      vertex 11.0346 11.7131 2.0000
      vertex 11.0700 11.7403 2.0000
      vertex 11.0700 11.7403 2.6000
    endloop
  endfacet
  facet normal 0.609278 -0.792957 0
    outer loop
      vertex 11.0346 11.7131 2.0000
      vertex 11.0700 11.7403 2.6000
      vertex 11.0346 11.7131 2.6000
    endloop
  endfacet
  facet normal 0.619573 0.784939 0
    outer loop
      vertex 11.0357 11.2035 2.0000
      vertex 11.0357 11.2035 2.6000
      vertex 11.0713 11.1754 2.0000
    endloop
  endfacet
  facet normal 0.619573 0.784939 0
    outer loop
      vertex 11.0357 11.2035 2.6000
      vertex 11.0713 11.1754 2.6000
      vertex 11.0713 11.1754 2.0000
    endloop
  endfacet
  facet normal 0.502086 -0.864818 0
    outer loop
      vertex 11.0700 11.7403 2.0000
      vertex 11.1122 11.7648 2.0000
      vertex 11.1122 11.7648 2.6000
    endloop
  endfacet
  facet normal 0.502086 -0.864818 0
    outer loop
      vertex 11.0700 11.7403 2.0000
      vertex 11.1122 11.7648 2.6000
      vertex 11.0700 11.7403 2.6000
    endloop
  endfacet
  facet normal 0.512409 0.858741 0
    outer loop
      vertex 11.0713 11.1754 2.0000
      vertex 11.0713 11.1754 2.6000
      vertex 11.1137 11.1501 2.0000
    endloop
  endfacet
  facet normal 0.512409 0.858741 0
    outer loop
      vertex 11.0713 11.1754 2.6000
      vertex 11.1137 11.1501 2.6000
      vertex 11.1137 11.1501 2.0000
    endloop
  endfacet
  facet normal 0.408896 -0.912581 0
    outer loop
      vertex 11.1122 11.7648 2.0000
      vertex 11.1613 11.7868 2.0000
      vertex 11.1613 11.7868 2.6000
    endloop
  endfacet
  facet normal 0.408896 -0.912581 0
    outer loop
      vertex 11.1122 11.7648 2.0000
      vertex 11.1613 11.7868 2.6000
      vertex 11.1122 11.7648 2.6000
    endloop
  endfacet
  facet normal 0.415059 0.909794 0
    outer loop
      vertex 11.1137 11.1501 2.0000
      vertex 11.1137 11.1501 2.6000
      vertex 11.1628 11.1277 2.0000
    endloop
  endfacet
  facet normal 0.415059 0.909794 0
    outer loop
      vertex 11.1137 11.1501 2.6000
      vertex 11.1628 11.1277 2.6000
      vertex 11.1628 11.1277 2.0000
    endloop
  endfacet
  facet normal -0.278509 -0.960434 0
    outer loop
      vertex 11.1262 10.5759 2.0000
      vertex 11.2400 10.5429 2.0000
      vertex 11.2400 10.5429 2.6000
    endloop
  endfacet
  facet normal -0.278509 -0.960434 0
    outer loop
      vertex 11.1262 10.5759 2.0000
      vertex 11.2400 10.5429 2.6000
      vertex 11.1262 10.5759 2.6000
    endloop
  endfacet
  facet normal 0 0 1
    outer loop
      vertex 11.1262 10.5759 2.6000
      vertex 11.2400 10.5429 2.6000
      vertex 11.2815 11.0913 2.6000
    endloop
  endfacet
  facet normal 0 0 1
    outer loop
      vertex 11.1262 10.5759 2.6000
      vertex 11.2815 11.0913 2.6000
      vertex 11.2188 11.1081 2.6000
    endloop
  endfacet
  facet normal -0.254794 0.966995 0
    outer loop
      vertex 11.1463 12.3446 2.0000
      vertex 11.1463 12.3446 2.6000
      vertex 11.3205 12.3905 2.0000
    endloop
  endfacet
  facet normal 0 0 1
    outer loop
      vertex 11.1463 12.3446 2.6000
      vertex 11.2173 11.8062 2.6000
      vertex 11.2802 11.8230 2.6000
    endloop
  endfacet
  facet normal 0 0 1
    outer loop
      vertex 11.1463 12.3446 2.6000
      vertex 11.2802 11.8230 2.6000
      vertex 11.3500 11.8372 2.6000
    endloop
  endfacet
  facet normal -0.254794 0.966995 0
    outer loop
      vertex 11.1463 12.3446 2.6000
      vertex 11.3205 12.3905 2.6000
      vertex 11.3205 12.3905 2.0000
    endloop
  endfacet
  facet normal 0 0 1
    outer loop
      vertex 11.1463 12.3446 2.6000
      vertex 11.3500 11.8372 2.6000
      vertex 11.3205 12.3905 2.6000
    endloop
  endfacet
  facet normal 0 0 1
    outer loop
      vertex 11.1613 11.7868 2.0000
      vertex 11.1628 11.1277 2.0000
      vertex 11.2173 11.8062 2.0000
    endloop
  endfacet
  facet normal 0.327342 -0.944906 0
    outer loop
      vertex 11.1613 11.7868 2.0000
      vertex 11.2173 11.8062 2.0000
      vertex 11.2173 11.8062 2.6000
    endloop
  endfacet
  facet normal 0.327342 -0.944906 0
    outer loop
      vertex 11.1613 11.7868 2.0000
      vertex 11.2173 11.8062 2.6000
      vertex 11.1613 11.7868 2.6000
    endloop
  endfacet
  facet normal 0.33035 0.943858 0
    outer loop
      vertex 11.1628 11.1277 2.0000
      vertex 11.1628 11.1277 2.6000
      vertex 11.2188 11.1081 2.0000
    endloop
  endfacet
  facet normal 0 0 1
    outer loop
      vertex 11.1628 11.1277 2.0000
      vertex 11.2188 11.1081 2.0000
      vertex 11.2173 11.8062 2.0000
    endloop
  endfacet
  facet normal 0.33035 0.943858 0
    outer loop
      vertex 11.1628 11.1277 2.6000
      vertex 11.2188 11.1081 2.6000
      vertex 11.2188 11.1081 2.0000
    endloop
  endfacet
  facet normal 0 0 1
    outer loop
      vertex 11.2173 11.8062 2.0000
      vertex 11.2188 11.1081 2.0000
      vertex 11.2802 11.8230 2.0000
    endloop
  endfacet
  facet normal 0.258045 -0.966133 0
    outer loop
      vertex 11.2173 11.8062 2.0000
      vertex 11.2802 11.8230 2.0000
      vertex 11.2802 11.8230 2.6000
    endloop
  endfacet
  facet normal 0.258045 -0.966133 0
    outer loop
      vertex 11.2173 11.8062 2.0000
      vertex 11.2802 11.8230 2.6000
      vertex 11.2173 11.8062 2.6000
    endloop
  endfacet
  facet normal 0.258813 0.965927 0
    outer loop
      vertex 11.2188 11.1081 2.0000
      vertex 11.2188 11.1081 2.6000
      vertex 11.2815 11.0913 2.0000
    endloop
  endfacet
  facet normal 0 0 1
    outer loop
      vertex 11.2188 11.1081 2.0000
      vertex 11.2815 11.0913 2.0000
      vertex 11.2802 11.8230 2.0000
    endloop
  endfacet
  facet normal 0.258813 0.965927 0
    outer loop
      vertex 11.2188 11.1081 2.6000
      vertex 11.2815 11.0913 2.6000
      vertex 11.2815 11.0913 2.0000
    endloop
  endfacet
  facet normal -0.211678 -0.977339 0
    outer loop
      vertex 11.2400 10.5429 2.0000
      vertex 11.3642 10.5160 2.0000
      vertex 11.3642 10.5160 2.6000
    endloop
  endfacet
  facet normal -0.211678 -0.977339 0
    outer loop
      vertex 11.2400 10.5429 2.0000
      vertex 11.3642 10.5160 2.6000
      vertex 11.2400 10.5429 2.6000
    endloop
  endfacet
  facet normal 0 0 1
    outer loop
      vertex 11.2400 10.5429 2.6000
      vertex 11.3510 11.0773 2.6000
      vertex 11.2815 11.0913 2.6000
    endloop
  endfacet
  facet normal 0 0 1
    outer loop
      vertex 11.2400 10.5429 2.6000
      vertex 11.3642 10.5160 2.6000
      vertex 11.4289 11.0658 2.6000
    endloop
  endfacet
  facet normal 0 0 1
    outer loop
      vertex 11.2400 10.5429 2.6000
      vertex 11.4289 11.0658 2.6000
      vertex 11.3510 11.0773 2.6000
    endloop
  endfacet
  facet normal 0 0 1
    outer loop
      vertex 11.2802 11.8230 2.0000
      vertex 11.2815 11.0913 2.0000
      vertex 11.3500 11.8372 2.0000
    endloop
  endfacet
  facet normal 0.199355 -0.979927 0
    outer loop
      vertex 11.2802 11.8230 2.0000
      vertex 11.3500 11.8372 2.0000
      vertex 11.3500 11.8372 2.6000
    endloop
  endfacet
  facet normal 0.199355 -0.979927 0
    outer loop
      vertex 11.2802 11.8230 2.0000
      vertex 11.3500 11.8372 2.6000
      vertex 11.2802 11.8230 2.6000
    endloop
  endfacet
  facet normal 0.197472 0.980308 0
    outer loop
      vertex 11.2815 11.0913 2.0000
      vertex 11.2815 11.0913 2.6000
      vertex 11.3510 11.0773 2.0000
    endloop
  endfacet
  facet normal 0 0 1
    outer loop
      vertex 11.2815 11.0913 2.0000
      vertex 11.3510 11.0773 2.0000
      vertex 11.3500 11.8372 2.0000
    endloop
  endfacet
  facet normal 0.197472 0.980308 0
    outer loop
      vertex 11.2815 11.0913 2.6000
      vertex 11.3510 11.0773 2.6000
      vertex 11.3510 11.0773 2.0000
    endloop
  endfacet
  facet normal -0.166123 0.986105 0
    outer loop
      vertex 11.3205 12.3905 2.0000
      vertex 11.3205 12.3905 2.6000
      vertex 11.5152 12.4233 2.0000
    endloop
  endfacet
  facet normal 0 0 1
    outer loop
      vertex 11.3205 12.3905 2.6000
      vertex 11.3500 11.8372 2.6000
      vertex 11.4281 11.8490 2.6000
    endloop
  endfacet
  facet normal 0 0 1
    outer loop
      vertex 11.3205 12.3905 2.6000
      vertex 11.4281 11.8490 2.6000
      vertex 11.5161 11.8586 2.6000
    endloop
  endfacet
  facet normal -0.166123 0.986105 0
    outer loop
      vertex 11.3205 12.3905 2.6000
      vertex 11.5152 12.4233 2.6000
      vertex 11.5152 12.4233 2.0000
    endloop
  endfacet
  facet normal 0 0 1
    outer loop
      vertex 11.3205 12.3905 2.6000
      vertex 11.5161 11.8586 2.6000
      vertex 11.5152 12.4233 2.6000
    endloop
  endfacet
  facet normal 0 0 1
    outer loop
      vertex 11.3500 11.8372 2.0000
      vertex 11.3510 11.0773 2.0000
      vertex 11.4281 11.8490 2.0000
    endloop
  endfacet
  facet normal 0.149393 -0.988778 0
    outer loop
      vertex 11.3500 11.8372 2.0000
      vertex 11.4281 11.8490 2.0000
      vertex 11.4281 11.8490 2.6000
    endloop
  endfacet
  facet normal 0.149393 -0.988778 0
    outer loop
      vertex 11.3500 11.8372 2.0000
      vertex 11.4281 11.8490 2.6000
      vertex 11.3500 11.8372 2.6000
    endloop
  endfacet
  facet normal 0.146042 0.989278 0
    outer loop
      vertex 11.3510 11.0773 2.0000
      vertex 11.3510 11.0773 2.6000
      vertex 11.4289 11.0658 2.0000
    endloop
  endfacet
  facet normal 0 0 1
    outer loop
      vertex 11.3510 11.0773 2.0000
      vertex 11.4289 11.0658 2.0000
      vertex 11.4281 11.8490 2.0000
    endloop
  endfacet
  facet normal 0.146042 0.989278 0
    outer loop
      vertex 11.3510 11.0773 2.6000
      vertex 11.4289 11.0658 2.6000
      vertex 11.4289 11.0658 2.0000
    endloop
  endfacet
  facet normal -0.15393 -0.988082 0
    outer loop
      vertex 11.3642 10.5160 2.0000
      vertex 11.4990 10.4950 2.0000
      vertex 11.4990 10.4950 2.6000
    endloop
  endfacet
  facet normal -0.15393 -0.988082 0
    outer loop
      vertex 11.3642 10.5160 2.0000
      vertex 11.4990 10.4950 2.6000
      vertex 11.3642 10.5160 2.6000
    endloop
  endfacet
  facet normal 0 0 1
    outer loop
      vertex 11.3642 10.5160 2.6000
      vertex 11.4990 10.4950 2.6000
      vertex 11.5166 11.0564 2.6000
    endloop
  endfacet
  facet normal 0 0 1
    outer loop
      vertex 11.3642 10.5160 2.6000
      vertex 11.5166 11.0564 2.6000
      vertex 11.4289 11.0658 2.6000
    endloop
  endfacet
  facet normal 0 0 1
    outer loop
      vertex 11.4281 11.8490 2.0000
      vertex 11.4289 11.0658 2.0000
      vertex 11.5161 11.8586 2.0000
    endloop
  endfacet
  facet normal 0.108448 -0.994102 0
    outer loop
      vertex 11.4281 11.8490 2.0000
      vertex 11.5161 11.8586 2.0000
      vertex 11.5161 11.8586 2.6000
    endloop
  endfacet
  facet normal 0.108448 -0.994102 0
    outer loop
      vertex 11.4281 11.8490 2.0000
      vertex 11.5161 11.8586 2.6000
      vertex 11.4281 11.8490 2.6000
    endloop
  endfacet
  facet normal 0.106573 0.994305 0
    outer loop
      vertex 11.4289 11.0658 2.0000
      vertex 11.4289 11.0658 2.6000
      vertex 11.5166 11.0564 2.0000
    endloop
  endfacet
  facet normal 0 0 1
    outer loop
      vertex 11.4289 11.0658 2.0000
      vertex 11.5166 11.0564 2.0000
      vertex 11.5161 11.8586 2.0000
    endloop
  endfacet
  facet normal 0.106573 0.994305 0
    outer loop
      vertex 11.4289 11.0658 2.6000
      vertex 11.5166 11.0564 2.6000
      vertex 11.5166 11.0564 2.0000
    endloop
  endfacet
  facet normal 0 0 1
    outer loop
      vertex 11.4497 8.3251 2.0000
      vertex 12.0000 4.1000 2.0000
      vertex 12.9754 8.3027 2.0000
    endloop
  endfacet
  facet normal 0 0 1
    outer loop
      vertex 11.4497 8.3251 2.0000
      vertex 12.9754 8.3027 2.0000
      vertex 12.9754 9.0127 2.0000
    endloop
  endfacet
  facet normal -0.102689 -0.994714 0
    outer loop
      vertex 11.4990 10.4950 2.0000
      vertex 11.6443 10.4800 2.0000
      vertex 11.6443 10.4800 2.6000
    endloop
  endfacet
  facet normal -0.102689 -0.994714 0
    outer loop
      vertex 11.4990 10.4950 2.0000
      vertex 11.6443 10.4800 2.6000
      vertex 11.4990 10.4950 2.6000
    endloop
  endfacet
  facet normal 0 0 1
    outer loop
      vertex 11.4990 10.4950 2.6000
      vertex 11.6142 11.0491 2.6000
      vertex 11.5166 11.0564 2.6000
    endloop
  endfacet
  facet normal 0 0 1
    outer loop
      vertex 11.4990 10.4950 2.6000
      vertex 11.6443 10.4800 2.6000
      vertex 11.6142 11.0491 2.6000
    endloop
  endfacet
  facet normal -0.998552 0.053792 0
    outer loop
      vertex 11.5005 14.9987 2.0000
      vertex 11.5005 14.9987 2.6000
      vertex 11.5076 15.1305 2.6000
    endloop
  endfacet
  facet normal -0.998723 -0.050531 0
    outer loop
      vertex 11.5005 14.9987 2.0000
      vertex 11.5056 14.8979 2.0000
      vertex 11.5005 14.9987 2.6000
    endloop
  endfacet
  facet normal -0.998552 0.053792 0
    outer loop
      vertex 11.5005 14.9987 2.0000
      vertex 11.5076 15.1305 2.6000
      vertex 11.5076 15.1305 2.0000
    endloop
  endfacet
  facet normal -0.998723 -0.050531 0
    outer loop
      vertex 11.5005 14.9987 2.6000
      vertex 11.5056 14.8979 2.0000
      vertex 11.5056 14.8979 2.6000
    endloop
  endfacet
  facet normal 0 0 1
    outer loop
      vertex 11.5005 14.9987 2.6000
      vertex 11.5056 14.8979 2.6000
      vertex 11.9661 14.9235 2.6000
    endloop
  endfacet
  facet normal 0 0 1
    outer loop
      vertex 11.5005 14.9987 2.6000
      vertex 11.9661 14.9235 2.6000
      vertex 11.9774 14.9874 2.6000
    endloop
  endfacet
  facet normal 0 0 1
    outer loop
      vertex 11.5005 14.9987 2.6000
      vertex 11.9774 14.9874 2.6000
      vertex 11.5076 15.1305 2.6000
    endloop
  endfacet
  facet normal -0.987304 -0.158841 0
    outer loop
      vertex 11.5056 14.8979 2.0000
      vertex 11.5209 14.8028 2.0000
      vertex 11.5056 14.8979 2.6000
    endloop
  endfacet
  facet normal -0.987304 -0.158841 0
    outer loop
      vertex 11.5056 14.8979 2.6000
      vertex 11.5209 14.8028 2.0000
      vertex 11.5209 14.8028 2.6000
    endloop
  endfacet
  facet normal 0 0 1
    outer loop
      vertex 11.5056 14.8979 2.6000
      vertex 11.5209 14.8028 2.6000
      vertex 11.9623 14.8543 2.6000
    endloop
  endfacet
  facet normal 0 0 1
    outer loop
      vertex 11.5056 14.8979 2.6000
      vertex 11.9623 14.8543 2.6000
      vertex 11.9661 14.9235 2.6000
    endloop
  endfacet
  facet normal -0.985376 0.170391 0
    outer loop
      vertex 11.5076 15.1305 2.0000
      vertex 11.5076 15.1305 2.6000
      vertex 11.5288 15.2531 2.6000
    endloop
  endfacet
  facet normal -0.985376 0.170391 0
    outer loop
      vertex 11.5076 15.1305 2.0000
      vertex 11.5288 15.2531 2.6000
      vertex 11.5288 15.2531 2.0000
    endloop
  endfacet
  facet normal 0 0 1
    outer loop
      vertex 11.5076 15.1305 2.6000
      vertex 11.9774 14.9874 2.6000
      vertex 11.9962 15.0460 2.6000
    endloop
  endfacet
  facet normal 0 0 1
    outer loop
      vertex 11.5076 15.1305 2.6000
      vertex 11.9962 15.0460 2.6000
      vertex 11.5288 15.2531 2.6000
    endloop
  endfacet
  facet normal -0.090661 0.995882 0
    outer loop
      vertex 11.5152 12.4233 2.0000
      vertex 11.5152 12.4233 2.6000
      vertex 11.7305 12.4429 2.0000
    endloop
  endfacet
  facet normal 0 0 1
    outer loop
      vertex 11.5152 12.4233 2.0000
      vertex 11.7305 12.4429 2.0000
      vertex 12.1474 13.9083 2.0000
    endloop
  endfacet
  facet normal 0 0 1
    outer loop
      vertex 11.5152 12.4233 2.6000
      vertex 11.5161 11.8586 2.6000
      vertex 11.6139 11.8662 2.6000
    endloop
  endfacet
  facet normal 0 0 1
    outer loop
      vertex 11.5152 12.4233 2.6000
      vertex 11.6139 11.8662 2.6000
      vertex 11.7305 12.4429 2.6000
    endloop
  endfacet
  facet normal -0.090661 0.995882 0
    outer loop
      vertex 11.5152 12.4233 2.6000
      vertex 11.7305 12.4429 2.6000
      vertex 11.7305 12.4429 2.0000
    endloop
  endfacet
  facet normal 0 0 1
    outer loop
      vertex 11.5161 11.8586 2.0000
      vertex 11.5166 11.0564 2.0000
      vertex 11.6139 11.8662 2.0000
    endloop
  endfacet
  facet normal 0.077476 -0.996994 0
    outer loop
      vertex 11.5161 11.8586 2.0000
      vertex 11.6139 11.8662 2.0000
      vertex 11.6139 11.8662 2.6000
    endloop
  endfacet
  facet normal 0.077476 -0.996994 0
    outer loop
      vertex 11.5161 11.8586 2.0000
      vertex 11.6139 11.8662 2.6000
      vertex 11.5161 11.8586 2.6000
    endloop
  endfacet
  facet normal 0.074587 0.997215 0
    outer loop
      vertex 11.5166 11.0564 2.0000
      vertex 11.5166 11.0564 2.6000
      vertex 11.6142 11.0491 2.0000
    endloop
  endfacet
  facet normal 0 0 1
    outer loop
      vertex 11.5166 11.0564 2.0000
      vertex 11.6142 11.0491 2.0000
      vertex 11.6139 11.8662 2.0000
    endloop
  endfacet
  facet normal 0.074587 0.997215 0
    outer loop
      vertex 11.5166 11.0564 2.6000
      vertex 11.6142 11.0491 2.6000
      vertex 11.6142 11.0491 2.0000
    endloop
  endfacet
  facet normal -0.961929 -0.2733 0
    outer loop
      vertex 11.5209 14.8028 2.0000
      vertex 11.5463 14.7134 2.0000
      vertex 11.5209 14.8028 2.6000
    endloop
  endfacet
  facet normal -0.961929 -0.2733 0
    outer loop
      vertex 11.5209 14.8028 2.6000
      vertex 11.5463 14.7134 2.0000
      vertex 11.5463 14.7134 2.6000
    endloop
  endfacet
  facet normal 0 0 1
    outer loop
      vertex 11.5209 14.8028 2.6000
      vertex 11.5463 14.7134 2.6000
      vertex 11.9623 14.8543 2.6000
    endloop
  endfacet
  facet normal -0.954957 0.296743 0
    outer loop
      vertex 11.5288 15.2531 2.0000
      vertex 11.5288 15.2531 2.6000
      vertex 11.5641 15.3667 2.6000
    endloop
  endfacet
  facet normal -0.954957 0.296743 0
    outer loop
      vertex 11.5288 15.2531 2.0000
      vertex 11.5641 15.3667 2.6000
      vertex 11.5641 15.3667 2.0000
    endloop
  endfacet
  facet normal 0 0 1
    outer loop
      vertex 11.5288 15.2531 2.6000
      vertex 11.9962 15.0460 2.6000
      vertex 12.0225 15.0993 2.6000
    endloop
  endfacet
  facet normal 0 0 1
    outer loop
      vertex 11.5288 15.2531 2.6000
      vertex 12.0225 15.0993 2.6000
      vertex 11.5641 15.3667 2.6000
    endloop
  endfacet
  facet normal -0.920053 -0.391793 0
    outer loop
      vertex 11.5463 14.7134 2.0000
      vertex 11.5819 14.6298 2.0000
      vertex 11.5463 14.7134 2.6000
    endloop
  endfacet
  facet normal -0.920053 -0.391793 0
    outer loop
      vertex 11.5463 14.7134 2.6000
      vertex 11.5819 14.6298 2.0000
      vertex 11.5819 14.6298 2.6000
    endloop
  endfacet
  facet normal 0 0 1
    outer loop
      vertex 11.5463 14.7134 2.6000
      vertex 11.5819 14.6298 2.6000
      vertex 11.9675 14.7774 2.6000
    endloop
  endfacet
  facet normal 0 0 1
    outer loop
      vertex 11.5463 14.7134 2.6000
      vertex 11.9675 14.7774 2.6000
      vertex 11.9623 14.8543 2.6000
    endloop
  endfacet
  facet normal -0.903579 0.428421 0
    outer loop
      vertex 11.5641 15.3667 2.0000
      vertex 11.5641 15.3667 2.6000
      vertex 11.6136 15.4711 2.6000
    endloop
  endfacet
  facet normal -0.903579 0.428421 0
    outer loop
      vertex 11.5641 15.3667 2.0000
      vertex 11.6136 15.4711 2.6000
      vertex 11.6136 15.4711 2.0000
    endloop
  endfacet
  facet normal 0 0 1
    outer loop
      vertex 11.5641 15.3667 2.6000
      vertex 12.0225 15.0993 2.6000
      vertex 12.0563 15.1473 2.6000
    endloop
  endfacet
  facet normal 0 0 1
    outer loop
      vertex 11.5641 15.3667 2.6000
      vertex 12.0563 15.1473 2.6000
      vertex 11.6136 15.4711 2.6000
    endloop
  endfacet
  facet normal -0.861763 -0.507311 0
    outer loop
      vertex 11.5819 14.6298 2.0000
      vertex 11.6277 14.5520 2.0000
      vertex 11.5819 14.6298 2.6000
    endloop
  endfacet
  facet normal -0.861763 -0.507311 0
    outer loop
      vertex 11.5819 14.6298 2.6000
      vertex 11.6277 14.5520 2.0000
      vertex 11.6277 14.5520 2.6000
    endloop
  endfacet
  facet normal 0 0 1
    outer loop
      vertex 11.5819 14.6298 2.6000
      vertex 11.6277 14.5520 2.6000
      vertex 11.9829 14.7053 2.6000
    endloop
  endfacet
  facet normal 0 0 1
    outer loop
      vertex 11.5819 14.6298 2.6000
      vertex 11.9829 14.7053 2.6000
      vertex 11.9675 14.7774 2.6000
    endloop
  endfacet
  facet normal -0.832453 0.554096 0
    outer loop
      vertex 11.6136 15.4711 2.0000
      vertex 11.6136 15.4711 2.6000
      vertex 11.6771 15.5665 2.6000
    endloop
  endfacet
  facet normal -0.832453 0.554096 0
    outer loop
      vertex 11.6136 15.4711 2.0000
      vertex 11.6771 15.5665 2.6000
      vertex 11.6771 15.5665 2.0000
    endloop
  endfacet
  facet normal 0 0 1
    outer loop
      vertex 11.6136 15.4711 2.6000
      vertex 12.0563 15.1473 2.6000
      vertex 11.6771 15.5665 2.6000
    endloop
  endfacet
  facet normal 0 0 1
    outer loop
      vertex 11.6139 11.8662 2.0000
      vertex 11.6142 11.0491 2.0000
      vertex 11.7216 11.8715 2.0000
    endloop
  endfacet
  facet normal 0.049151 -0.998791 0
    outer loop
      vertex 11.6139 11.8662 2.0000
      vertex 11.7216 11.8715 2.0000
      vertex 11.7216 11.8715 2.6000
    endloop
  endfacet
  facet normal 0.049151 -0.998791 0
    outer loop
      vertex 11.6139 11.8662 2.0000
      vertex 11.7216 11.8715 2.6000
      vertex 11.6139 11.8662 2.6000
    endloop
  endfacet
  facet normal 0 0 1
    outer loop
      vertex 11.6139 11.8662 2.6000
      vertex 11.7216 11.8715 2.6000
      vertex 11.7305 12.4429 2.6000
    endloop
  endfacet
  facet normal 0.048316 0.998832 0
    outer loop
      vertex 11.6142 11.0491 2.0000
      vertex 11.6142 11.0491 2.6000
      vertex 11.7217 11.0439 2.0000
    endloop
  endfacet
  facet normal 0 0 1
    outer loop
      vertex 11.6142 11.0491 2.0000
      vertex 11.7217 11.0439 2.0000
      vertex 11.7216 11.8715 2.0000
    endloop
  endfacet
  facet normal 0 0 1
    outer loop
      vertex 11.6142 11.0491 2.6000
      vertex 11.6443 10.4800 2.6000
      vertex 11.7217 11.0439 2.6000
    endloop
  endfacet
  facet normal 0.048316 0.998832 0
    outer loop
      vertex 11.6142 11.0491 2.6000
      vertex 11.7217 11.0439 2.6000
      vertex 11.7217 11.0439 2.0000
    endloop
  endfacet
  facet normal -0.789884 -0.613257 0
    outer loop
      vertex 11.6277 14.5520 2.0000
      vertex 11.6836 14.4800 2.0000
      vertex 11.6277 14.5520 2.6000
    endloop
  endfacet
  facet normal -0.789884 -0.613257 0
    outer loop
      vertex 11.6277 14.5520 2.6000
      vertex 11.6836 14.4800 2.0000
      vertex 11.6836 14.4800 2.6000
    endloop
  endfacet
  facet normal 0 0 1
    outer loop
      vertex 11.6277 14.5520 2.6000
      vertex 11.6836 14.4800 2.6000
      vertex 11.9829 14.7053 2.6000
    endloop
  endfacet
  facet normal -0.05767 -0.998336 0
    outer loop
      vertex 11.6443 10.4800 2.0000
      vertex 11.8001 10.4710 2.0000
      vertex 11.8001 10.4710 2.6000
    endloop
  endfacet
  facet normal -0.05767 -0.998336 0
    outer loop
      vertex 11.6443 10.4800 2.0000
      vertex 11.8001 10.4710 2.6000
      vertex 11.6443 10.4800 2.6000
    endloop
  endfacet
  facet normal 0 0 1
    outer loop
      vertex 11.6443 10.4800 2.6000
      vertex 11.8001 10.4710 2.6000
      vertex 11.7217 11.0439 2.6000
    endloop
  endfacet
  facet normal -0.743166 0.669107 0
    outer loop
      vertex 11.6771 15.5665 2.0000
      vertex 11.6771 15.5665 2.6000
      vertex 11.7548 15.6528 2.6000
    endloop
  endfacet
  facet normal -0.743166 0.669107 0
    outer loop
      vertex 11.6771 15.5665 2.0000
      vertex 11.7548 15.6528 2.6000
      vertex 11.7548 15.6528 2.0000
    endloop
  endfacet
  facet normal 0 0 1
    outer loop
      vertex 11.6771 15.5665 2.6000
      vertex 12.0563 15.1473 2.6000
      vertex 12.0976 15.1900 2.6000
    endloop
  endfacet
  facet normal 0 0 1
    outer loop
      vertex 11.6771 15.5665 2.6000
      vertex 12.0976 15.1900 2.6000
      vertex 11.7548 15.6528 2.6000
    endloop
  endfacet
  facet normal 0 0 1
    outer loop
      vertex 11.6836 14.4800 2.6000
      vertex 12.0086 14.6381 2.6000
      vertex 11.9829 14.7053 2.6000
    endloop
  endfacet
  facet normal 0 0 1
    outer loop
      vertex 11.6836 14.4800 2.6000
      vertex 12.0446 14.5758 2.6000
      vertex 12.0086 14.6381 2.6000
    endloop
  endfacet
  facet normal 0 0 1
    outer loop
      vertex 11.6836 14.4800 2.6000
      vertex 12.0909 14.5183 2.6000
      vertex 12.0446 14.5758 2.6000
    endloop
  endfacet
  facet normal 0 0 1
    outer loop
      vertex 11.6836 14.4800 2.6000
      vertex 12.1474 13.9083 2.6000
      vertex 12.1474 14.4657 2.6000
    endloop
  endfacet
  facet normal 0 0 1
    outer loop
      vertex 11.6836 14.4800 2.6000
      vertex 12.1474 14.4657 2.6000
      vertex 12.0909 14.5183 2.6000
    endloop
  endfacet
  facet normal 0 0 1
    outer loop
      vertex 11.7216 11.8715 2.0000
      vertex 11.7217 11.0439 2.0000
      vertex 11.8391 11.8748 2.0000
    endloop
  endfacet
  facet normal 0.028074 -0.999606 0
    outer loop
      vertex 11.7216 11.8715 2.0000
      vertex 11.8391 11.8748 2.0000
      vertex 11.8391 11.8748 2.6000
    endloop
  endfacet
  facet normal 0.028074 -0.999606 0
    outer loop
      vertex 11.7216 11.8715 2.0000
      vertex 11.8391 11.8748 2.6000
      vertex 11.7216 11.8715 2.6000
    endloop
  endfacet
  facet normal 0 0 1
    outer loop
      vertex 11.7216 11.8715 2.6000
      vertex 11.8391 11.8748 2.6000
      vertex 11.7305 12.4429 2.6000
    endloop
  endfacet
  facet normal 0.026396 0.999652 0
    outer loop
      vertex 11.7217 11.0439 2.0000
      vertex 11.7217 11.0439 2.6000
      vertex 11.8391 11.0408 2.0000
    endloop
  endfacet
  facet normal 0 0 1
    outer loop
      vertex 11.7217 11.0439 2.0000
      vertex 11.8391 11.0408 2.0000
      vertex 11.8391 11.8748 2.0000
    endloop
  endfacet
  facet normal 0 0 1
    outer loop
      vertex 11.7217 11.0439 2.6000
      vertex 11.8001 10.4710 2.6000
      vertex 11.8391 11.0408 2.6000
    endloop
  endfacet
  facet normal 0.026396 0.999652 0
    outer loop
      vertex 11.7217 11.0439 2.6000
      vertex 11.8391 11.0408 2.6000
      vertex 11.8391 11.0408 2.0000
    endloop
  endfacet
  facet normal -0.027967 0.999609 0
    outer loop
      vertex 11.7305 12.4429 2.0000
      vertex 11.7305 12.4429 2.6000
      vertex 11.9664 12.4495 2.0000
    endloop
  endfacet
  facet normal 0 0 1
    outer loop
      vertex 11.7305 12.4429 2.0000
      vertex 11.9664 12.4495 2.0000
      vertex 12.1474 13.9083 2.0000
    endloop
  endfacet
  facet normal 0 0 1
    outer loop
      vertex 11.7305 12.4429 2.6000
      vertex 11.8391 11.8748 2.6000
      vertex 11.9664 12.4495 2.6000
    endloop
  endfacet
  facet normal -0.027967 0.999609 0
    outer loop
      vertex 11.7305 12.4429 2.6000
      vertex 11.9664 12.4495 2.6000
      vertex 11.9664 12.4495 2.0000
    endloop
  endfacet
  facet normal -0.6401 0.768291 0
    outer loop
      vertex 11.7548 15.6528 2.0000
      vertex 11.7548 15.6528 2.6000
      vertex 11.8447 15.7277 2.0000
    endloop
  endfacet
  facet normal -0.6401 0.768291 0
    outer loop
      vertex 11.7548 15.6528 2.6000
      vertex 11.8447 15.7277 2.6000
      vertex 11.8447 15.7277 2.0000
    endloop
  endfacet
  facet normal 0 0 1
    outer loop
      vertex 11.7548 15.6528 2.6000
      vertex 12.0976 15.1900 2.6000
      vertex 12.1452 15.2266 2.6000
    endloop
  endfacet
  facet normal 0 0 1
    outer loop
      vertex 11.7548 15.6528 2.6000
      vertex 12.1452 15.2266 2.6000
      vertex 11.8447 15.7277 2.6000
    endloop
  endfacet
  facet normal -0.018037 -0.999837 0
    outer loop
      vertex 11.8001 10.4710 2.0000
      vertex 11.9664 10.4680 2.0000
      vertex 11.9664 10.4680 2.6000
    endloop
  endfacet
  facet normal -0.018037 -0.999837 0
    outer loop
      vertex 11.8001 10.4710 2.0000
      vertex 11.9664 10.4680 2.6000
      vertex 11.8001 10.4710 2.6000
    endloop
  endfacet
  facet normal 0 0 1
    outer loop
      vertex 11.8001 10.4710 2.0000
      vertex 12.9754 9.5844 2.0000
      vertex 11.9664 10.4680 2.0000
    endloop
  endfacet
  facet normal 0 0 1
    outer loop
      vertex 11.8001 10.4710 2.6000
      vertex 11.9664 10.4680 2.6000
      vertex 11.8391 11.0408 2.6000
    endloop
  endfacet
  facet normal 0.008641 0.999963 0
    outer loop
      vertex 11.8391 11.0408 2.0000
      vertex 11.8391 11.0408 2.6000
      vertex 11.9664 11.0397 2.0000
    endloop
  endfacet
  facet normal 0 0 1
    outer loop
      vertex 11.8391 11.0408 2.0000
      vertex 11.9664 11.0397 2.0000
      vertex 11.9664 11.8758 2.0000
    endloop
  endfacet
  facet normal 0 0 1
    outer loop
      vertex 11.8391 11.0408 2.0000
      vertex 11.9664 11.8758 2.0000
      vertex 11.8391 11.8748 2.0000
    endloop
  endfacet
  facet normal 0 0 1
    outer loop
      vertex 11.8391 11.0408 2.6000
      vertex 11.9664 10.4680 2.6000
      vertex 11.9664 11.0397 2.6000
    endloop
  endfacet
  facet normal 0.008641 0.999963 0
    outer loop
      vertex 11.8391 11.0408 2.6000
      vertex 11.9664 11.0397 2.6000
      vertex 11.9664 11.0397 2.0000
    endloop
  endfacet
  facet normal 0.007855 -0.999969 0
    outer loop
      vertex 11.8391 11.8748 2.0000
      vertex 11.9664 11.8758 2.0000
      vertex 11.9664 11.8758 2.6000
    endloop
  endfacet
  facet normal 0.007855 -0.999969 0
    outer loop
      vertex 11.8391 11.8748 2.0000
      vertex 11.9664 11.8758 2.6000
      vertex 11.8391 11.8748 2.6000
    endloop
  endfacet
  facet normal 0 0 1
    outer loop
      vertex 11.8391 11.8748 2.6000
      vertex 11.9664 11.8758 2.6000
      vertex 11.9664 12.4495 2.6000
    endloop
  endfacet
  facet normal -0.522622 0.852564 0
    outer loop
      vertex 11.8447 15.7277 2.0000
      vertex 11.8447 15.7277 2.6000
      vertex 11.9447 15.7890 2.0000
    endloop
  endfacet
  facet normal -0.522622 0.852564 0
    outer loop
      vertex 11.8447 15.7277 2.6000
      vertex 11.9447 15.7890 2.6000
      vertex 11.9447 15.7890 2.0000
    endloop
  endfacet
  facet normal 0 0 1
    outer loop
      vertex 11.8447 15.7277 2.6000
      vertex 12.1452 15.2266 2.6000
      vertex 12.1979 15.2566 2.6000
    endloop
  endfacet
  facet normal 0 0 1
    outer loop
      vertex 11.8447 15.7277 2.6000
      vertex 12.1979 15.2566 2.6000
      vertex 11.9447 15.7890 2.6000
    endloop
  endfacet
  facet normal -0.396532 0.918021 0
    outer loop
      vertex 11.9447 15.7890 2.0000
      vertex 11.9447 15.7890 2.6000
      vertex 12.0549 15.8366 2.0000
    endloop
  endfacet
  facet normal -0.396532 0.918021 0
    outer loop
      vertex 11.9447 15.7890 2.6000
      vertex 12.0549 15.8366 2.6000
      vertex 12.0549 15.8366 2.0000
    endloop
  endfacet
  facet normal 0 0 1
    outer loop
      vertex 11.9447 15.7890 2.6000
      vertex 12.1979 15.2566 2.6000
      vertex 12.0549 15.8366 2.6000
    endloop
  endfacet
  facet normal 0.997722 0.067466 0
    outer loop
      vertex 11.9623 14.8543 2.0000
      vertex 11.9623 14.8543 2.6000
      vertex 11.9675 14.7774 2.6000
    endloop
  endfacet
  facet normal 0.998496 -0.054831 0
    outer loop
      vertex 11.9623 14.8543 2.0000
      vertex 11.9661 14.9235 2.0000
      vertex 11.9623 14.8543 2.6000
    endloop
  endfacet
  facet normal 0 0 1
    outer loop
      vertex 11.9623 14.8543 2.0000
      vertex 11.9675 14.7774 2.0000
      vertex 12.3860 15.3067 2.0000
    endloop
  endfacet
  facet normal 0.997722 0.067466 0
    outer loop
      vertex 11.9623 14.8543 2.0000
      vertex 11.9675 14.7774 2.6000
      vertex 11.9675 14.7774 2.0000
    endloop
  endfacet
  facet normal 0 0 1
    outer loop
      vertex 11.9623 14.8543 2.0000
      vertex 12.2555 15.2800 2.0000
      vertex 11.9661 14.9235 2.0000
    endloop
  endfacet
  facet normal 0 0 1
    outer loop
      vertex 11.9623 14.8543 2.0000
      vertex 12.3182 15.2966 2.0000
      vertex 12.2555 15.2800 2.0000
    endloop
  endfacet
  facet normal 0 0 1
    outer loop
      vertex 11.9623 14.8543 2.0000
      vertex 12.3860 15.3067 2.0000
      vertex 12.3182 15.2966 2.0000
    endloop
  endfacet
  facet normal 0.998496 -0.054831 0
    outer loop
      vertex 11.9623 14.8543 2.6000
      vertex 11.9661 14.9235 2.0000
      vertex 11.9661 14.9235 2.6000
    endloop
  endfacet
  facet normal 0.984721 -0.174137 0
    outer loop
      vertex 11.9661 14.9235 2.0000
      vertex 11.9774 14.9874 2.0000
      vertex 11.9661 14.9235 2.6000
    endloop
  endfacet
  facet normal 0 0 1
    outer loop
      vertex 11.9661 14.9235 2.0000
      vertex 12.1452 15.2266 2.0000
      vertex 11.9774 14.9874 2.0000
    endloop
  endfacet
  facet normal 0 0 1
    outer loop
      vertex 11.9661 14.9235 2.0000
      vertex 12.1979 15.2566 2.0000
      vertex 12.1452 15.2266 2.0000
    endloop
  endfacet
  facet normal 0 0 1
    outer loop
      vertex 11.9661 14.9235 2.0000
      vertex 12.2555 15.2800 2.0000
      vertex 12.1979 15.2566 2.0000
    endloop
  endfacet
  facet normal 0.984721 -0.174137 0
    outer loop
      vertex 11.9661 14.9235 2.6000
      vertex 11.9774 14.9874 2.0000
      vertex 11.9774 14.9874 2.6000
    endloop
  endfacet
  facet normal 0.060696 -0.998156 0
    outer loop
      vertex 11.9664 10.4680 2.0000
      vertex 12.4170 10.4954 2.0000
      vertex 12.4170 10.4954 2.6000
    endloop
  endfacet
  facet normal 0.060696 -0.998156 0
    outer loop
      vertex 11.9664 10.4680 2.0000
      vertex 12.4170 10.4954 2.6000
      vertex 11.9664 10.4680 2.6000
    endloop
  endfacet
  facet normal 0 0 1
    outer loop
      vertex 11.9664 10.4680 2.0000
      vertex 12.9754 9.5844 2.0000
      vertex 12.4170 10.4954 2.0000
    endloop
  endfacet
  facet normal 0 0 1
    outer loop
      vertex 11.9664 10.4680 2.6000
      vertex 12.0925 11.0408 2.6000
      vertex 11.9664 11.0397 2.6000
    endloop
  endfacet
  facet normal 0 0 1
    outer loop
      vertex 11.9664 10.4680 2.6000
      vertex 12.2090 11.0441 2.6000
      vertex 12.0925 11.0408 2.6000
    endloop
  endfacet
  facet normal 0 0 1
    outer loop
      vertex 11.9664 10.4680 2.6000
      vertex 12.4170 10.4954 2.6000
      vertex 12.2090 11.0441 2.6000
    endloop
  endfacet
  facet normal -0.008723 0.999962 0
    outer loop
      vertex 11.9664 11.0397 2.0000
      vertex 11.9664 11.0397 2.6000
      vertex 12.0925 11.0408 2.0000
    endloop
  endfacet
  facet normal 0 0 1
    outer loop
      vertex 11.9664 11.0397 2.0000
      vertex 12.0925 11.0408 2.0000
      vertex 11.9664 11.8758 2.0000
    endloop
  endfacet
  facet normal -0.008723 0.999962 0
    outer loop
      vertex 11.9664 11.0397 2.6000
      vertex 12.0925 11.0408 2.6000
      vertex 12.0925 11.0408 2.0000
    endloop
  endfacet
  facet normal -0.008987 -0.99996 0
    outer loop
      vertex 11.9664 11.8758 2.0000
      vertex 12.0888 11.8747 2.0000
      vertex 12.0888 11.8747 2.6000
    endloop
  endfacet
  facet normal -0.008987 -0.99996 0
    outer loop
      vertex 11.9664 11.8758 2.0000
      vertex 12.0888 11.8747 2.6000
      vertex 11.9664 11.8758 2.6000
    endloop
  endfacet
  facet normal 0 0 1
    outer loop
      vertex 11.9664 11.8758 2.0000
      vertex 12.0925 11.0408 2.0000
      vertex 12.0888 11.8747 2.0000
    endloop
  endfacet
  facet normal 0 0 1
    outer loop
      vertex 11.9664 11.8758 2.6000
      vertex 12.0888 11.8747 2.6000
      vertex 11.9664 12.4495 2.6000
    endloop
  endfacet
  facet normal 0.02969 0.999559 0
    outer loop
      vertex 11.9664 12.4495 2.0000
      vertex 11.9664 12.4495 2.6000
      vertex 12.1987 12.4426 2.0000
    endloop
  endfacet
  facet normal 0 0 1
    outer loop
      vertex 11.9664 12.4495 2.0000
      vertex 12.1987 12.4426 2.0000
      vertex 12.7801 13.4369 2.0000
    endloop
  endfacet
  facet normal 0 0 1
    outer loop
      vertex 11.9664 12.4495 2.0000
      vertex 12.7801 13.4369 2.0000
      vertex 12.1474 13.9083 2.0000
    endloop
  endfacet
  facet normal 0 0 1
    outer loop
      vertex 11.9664 12.4495 2.6000
      vertex 12.0888 11.8747 2.6000
      vertex 12.1987 12.4426 2.6000
    endloop
  endfacet
  facet normal 0.02969 0.999559 0
    outer loop
      vertex 11.9664 12.4495 2.6000
      vertex 12.1987 12.4426 2.6000
      vertex 12.1987 12.4426 2.0000
    endloop
  endfacet
  facet normal 0.977941 0.208881 0
    outer loop
      vertex 11.9675 14.7774 2.0000
      vertex 11.9675 14.7774 2.6000
      vertex 11.9829 14.7053 2.6000
    endloop
  endfacet
  facet normal 0 0 1
    outer loop
      vertex 11.9675 14.7774 2.0000
      vertex 11.9829 14.7053 2.0000
      vertex 12.0086 14.6381 2.0000
    endloop
  endfacet
  facet normal 0.977941 0.208881 0
    outer loop
      vertex 11.9675 14.7774 2.0000
      vertex 11.9829 14.7053 2.6000
      vertex 11.9829 14.7053 2.0000
    endloop
  endfacet
  facet normal 0 0 1
    outer loop
      vertex 11.9675 14.7774 2.0000
      vertex 12.0086 14.6381 2.0000
      vertex 12.0446 14.5758 2.0000
    endloop
  endfacet
  facet normal 0 0 1
    outer loop
      vertex 11.9675 14.7774 2.0000
      vertex 12.0446 14.5758 2.0000
      vertex 12.0909 14.5183 2.0000
    endloop
  endfacet
  facet normal 0 0 1
    outer loop
      vertex 11.9675 14.7774 2.0000
      vertex 12.0909 14.5183 2.0000
      vertex 12.3860 15.3067 2.0000
    endloop
  endfacet
  facet normal 0.952197 -0.305483 0
    outer loop
      vertex 11.9774 14.9874 2.0000
      vertex 11.9962 15.0460 2.0000
      vertex 11.9774 14.9874 2.6000
    endloop
  endfacet
  facet normal 0 0 1
    outer loop
      vertex 11.9774 14.9874 2.0000
      vertex 12.0225 15.0993 2.0000
      vertex 11.9962 15.0460 2.0000
    endloop
  endfacet
  facet normal 0 0 1
    outer loop
      vertex 11.9774 14.9874 2.0000
      vertex 12.0563 15.1473 2.0000
      vertex 12.0225 15.0993 2.0000
    endloop
  endfacet
  facet normal 0 0 1
    outer loop
      vertex 11.9774 14.9874 2.0000
      vertex 12.0976 15.1900 2.0000
      vertex 12.0563 15.1473 2.0000
    endloop
  endfacet
  facet normal 0 0 1
    outer loop
      vertex 11.9774 14.9874 2.0000
      vertex 12.1452 15.2266 2.0000
      vertex 12.0976 15.1900 2.0000
    endloop
  endfacet
  facet normal 0.952197 -0.305483 0
    outer loop
      vertex 11.9774 14.9874 2.6000
      vertex 11.9962 15.0460 2.0000
      vertex 11.9962 15.0460 2.6000
    endloop
  endfacet
  facet normal 0.934025 0.357209 0
    outer loop
      vertex 11.9829 14.7053 2.0000
      vertex 11.9829 14.7053 2.6000
      vertex 12.0086 14.6381 2.6000
    endloop
  endfacet
  facet normal 0.934025 0.357209 0
    outer loop
      vertex 11.9829 14.7053 2.0000
      vertex 12.0086 14.6381 2.6000
      vertex 12.0086 14.6381 2.0000
    endloop
  endfacet
  facet normal 0.89677 -0.442496 0
    outer loop
      vertex 11.9962 15.0460 2.0000
      vertex 12.0225 15.0993 2.0000
      vertex 11.9962 15.0460 2.6000
    endloop
  endfacet
  facet normal 0.89677 -0.442496 0
    outer loop
      vertex 11.9962 15.0460 2.6000
      vertex 12.0225 15.0993 2.0000
      vertex 12.0225 15.0993 2.6000
    endloop
  endfacet
  facet normal 1 0 0
    outer loop
      vertex 12.0000 3.0000 2.0000
      vertex 12.0000 4.1000 2.0000
      vertex 12.0000 3.0000 2.0100
    endloop
  endfacet
  facet normal 0 0 1
    outer loop
      vertex 12.0000 3.0000 2.0000
      vertex 14.0000 0.0000 2.0000
      vertex 12.0000 4.1000 2.0000
    endloop
  endfacet
  facet normal 1 0 0
    outer loop
      vertex 12.0000 3.0000 2.0100
      vertex 12.0000 4.1000 2.0000
      vertex 12.0000 4.1000 2.0100
    endloop
  endfacet
  facet normal 0 0 1
    outer loop
      vertex 12.0000 4.1000 2.0000
      vertex 13.4006 8.3027 2.0000
      vertex 12.9754 8.3027 2.0000
    endloop
  endfacet
  facet normal 0 0 1
    outer loop
      vertex 12.0000 4.1000 2.0000
      vertex 14.0000 0.0000 2.0000
      vertex 13.4006 8.3027 2.0000
    endloop
  endfacet
  facet normal 1 0 0
    outer loop
      vertex 12.0000 19.9000 2.0000
      vertex 12.0000 21.0000 2.0000
      vertex 12.0000 19.9000 2.0100
    endloop
  endfacet
  facet normal 0 0 1
    outer loop
      vertex 12.0000 19.9000 2.0000
      vertex 12.0549 15.8366 2.0000
      vertex 12.1753 15.8707 2.0000
    endloop
  endfacet
  facet normal 0 0 1
    outer loop
      vertex 12.0000 19.9000 2.0000
      vertex 12.1753 15.8707 2.0000
      vertex 12.3058 15.8911 2.0000
    endloop
  endfacet
  facet normal 0 0 1
    outer loop
      vertex 12.0000 19.9000 2.0000
      vertex 12.3058 15.8911 2.0000
      vertex 12.4465 15.8979 2.0000
    endloop
  endfacet
  facet normal 0 0 1
    outer loop
      vertex 12.0000 19.9000 2.0000
      vertex 12.4465 15.8979 2.0000
      vertex 12.5932 15.8901 2.0000
    endloop
  endfacet
  facet normal 0 0 1
    outer loop
      vertex 12.0000 19.9000 2.0000
      vertex 12.5932 15.8901 2.0000
      vertex 12.7296 15.8664 2.0000
    endloop
  endfacet
  facet normal 0 0 1
    outer loop
      vertex 12.0000 19.9000 2.0000
      vertex 12.7296 15.8664 2.0000
      vertex 12.8557 15.8270 2.0000
    endloop
  endfacet
  facet normal 0 0 1
    outer loop
      vertex 12.0000 19.9000 2.0000
      vertex 12.8557 15.8270 2.0000
      vertex 12.9714 15.7718 2.0000
    endloop
  endfacet
  facet normal 0 0 1
    outer loop
      vertex 12.0000 19.9000 2.0000
      vertex 12.9714 15.7718 2.0000
      vertex 13.0767 15.7008 2.0000
    endloop
  endfacet
  facet normal 0 0 1
    outer loop
      vertex 12.0000 19.9000 2.0000
      vertex 13.0767 15.7008 2.0000
      vertex 13.1717 15.6141 2.0000
    endloop
  endfacet
  facet normal 0 0 1
    outer loop
      vertex 12.0000 19.9000 2.0000
      vertex 13.1717 15.6141 2.0000
      vertex 13.2541 15.5137 2.0000
    endloop
  endfacet
  facet normal 0 0 1
    outer loop
      vertex 12.0000 19.9000 2.0000
      vertex 13.2541 15.5137 2.0000
      vertex 14.0000 24.0000 2.0000
    endloop
  endfacet
  facet normal 0 0 1
    outer loop
      vertex 12.0000 19.9000 2.0000
      vertex 14.0000 24.0000 2.0000
      vertex 12.0000 21.0000 2.0000
    endloop
  endfacet
  facet normal 1 0 0
    outer loop
      vertex 12.0000 19.9000 2.0100
      vertex 12.0000 21.0000 2.0000
      vertex 12.0000 21.0000 2.0100
    endloop
  endfacet
  facet normal 0.865838 0.500324 0
    outer loop
      vertex 12.0086 14.6381 2.0000
      vertex 12.0086 14.6381 2.6000
      vertex 12.0446 14.5758 2.6000
    endloop
  endfacet
  facet normal 0.865838 0.500324 0
    outer loop
      vertex 12.0086 14.6381 2.0000
      vertex 12.0446 14.5758 2.6000
      vertex 12.0446 14.5758 2.0000
    endloop
  endfacet
  facet normal 0.817628 -0.575747 0
    outer loop
      vertex 12.0225 15.0993 2.0000
      vertex 12.0563 15.1473 2.0000
      vertex 12.0225 15.0993 2.6000
    endloop
  endfacet
  facet normal 0.817628 -0.575747 0
    outer loop
      vertex 12.0225 15.0993 2.6000
      vertex 12.0563 15.1473 2.0000
      vertex 12.0563 15.1473 2.6000
    endloop
  endfacet
  facet normal 0.778883 0.62717 0
    outer loop
      vertex 12.0446 14.5758 2.0000
      vertex 12.0446 14.5758 2.6000
      vertex 12.0909 14.5183 2.6000
    endloop
  endfacet
  facet normal 0.778883 0.62717 0
    outer loop
      vertex 12.0446 14.5758 2.0000
      vertex 12.0909 14.5183 2.6000
      vertex 12.0909 14.5183 2.0000
    endloop
  endfacet
  facet normal -0.272504 0.962155 0
    outer loop
      vertex 12.0549 15.8366 2.0000
      vertex 12.0549 15.8366 2.6000
      vertex 12.1753 15.8707 2.0000
    endloop
  endfacet
  facet normal -0.272504 0.962155 0
    outer loop
      vertex 12.0549 15.8366 2.6000
      vertex 12.1753 15.8707 2.6000
      vertex 12.1753 15.8707 2.0000
    endloop
  endfacet
  facet normal 0 0 1
    outer loop
      vertex 12.0549 15.8366 2.6000
      vertex 12.1979 15.2566 2.6000
      vertex 12.2555 15.2800 2.6000
    endloop
  endfacet
  facet normal 0 0 1
    outer loop
      vertex 12.0549 15.8366 2.6000
      vertex 12.2555 15.2800 2.6000
      vertex 12.1753 15.8707 2.6000
    endloop
  endfacet
  facet normal 0.718792 -0.695225 0
    outer loop
      vertex 12.0563 15.1473 2.0000
      vertex 12.0976 15.1900 2.0000
      vertex 12.0563 15.1473 2.6000
    endloop
  endfacet
  facet normal 0.718792 -0.695225 0
    outer loop
      vertex 12.0563 15.1473 2.6000
      vertex 12.0976 15.1900 2.0000
      vertex 12.0976 15.1900 2.6000
    endloop
  endfacet
  facet normal 0 0 1
    outer loop
      vertex 12.0888 11.8747 2.0000
      vertex 12.0925 11.0408 2.0000
      vertex 12.2024 11.8714 2.0000
    endloop
  endfacet
  facet normal -0.029037 -0.999578 0
    outer loop
      vertex 12.0888 11.8747 2.0000
      vertex 12.2024 11.8714 2.0000
      vertex 12.2024 11.8714 2.6000
    endloop
  endfacet
  facet normal -0.029037 -0.999578 0
    outer loop
      vertex 12.0888 11.8747 2.0000
      vertex 12.2024 11.8714 2.6000
      vertex 12.0888 11.8747 2.6000
    endloop
  endfacet
  facet normal 0 0 1
    outer loop
      vertex 12.0888 11.8747 2.6000
      vertex 12.2024 11.8714 2.6000
      vertex 12.1987 12.4426 2.6000
    endloop
  endfacet
  facet normal 0.681395 0.731916 0
    outer loop
      vertex 12.0909 14.5183 2.0000
      vertex 12.0909 14.5183 2.6000
      vertex 12.1474 14.4657 2.0000
    endloop
  endfacet
  facet normal 0 0 1
    outer loop
      vertex 12.0909 14.5183 2.0000
      vertex 12.1474 14.4657 2.0000
      vertex 12.3860 15.3067 2.0000
    endloop
  endfacet
  facet normal 0.681395 0.731916 0
    outer loop
      vertex 12.0909 14.5183 2.6000
      vertex 12.1474 14.4657 2.6000
      vertex 12.1474 14.4657 2.0000
    endloop
  endfacet
  facet normal -0.028315 0.999599 0
    outer loop
      vertex 12.0925 11.0408 2.0000
      vertex 12.0925 11.0408 2.6000
      vertex 12.2090 11.0441 2.0000
    endloop
  endfacet
  facet normal 0 0 1
    outer loop
      vertex 12.0925 11.0408 2.0000
      vertex 12.2090 11.0441 2.0000
      vertex 12.2024 11.8714 2.0000
    endloop
  endfacet
  facet normal -0.028315 0.999599 0
    outer loop
      vertex 12.0925 11.0408 2.6000
      vertex 12.2090 11.0441 2.6000
      vertex 12.2090 11.0441 2.0000
    endloop
  endfacet
  facet normal 0.60955 -0.792748 0
    outer loop
      vertex 12.0976 15.1900 2.0000
      vertex 12.1452 15.2266 2.0000
      vertex 12.1452 15.2266 2.6000
    endloop
  endfacet
  facet normal 0.60955 -0.792748 0
    outer loop
      vertex 12.0976 15.1900 2.0000
      vertex 12.1452 15.2266 2.6000
      vertex 12.0976 15.1900 2.6000
    endloop
  endfacet
  facet normal 0.494718 -0.869054 0
    outer loop
      vertex 12.1452 15.2266 2.0000
      vertex 12.1979 15.2566 2.0000
      vertex 12.1979 15.2566 2.6000
    endloop
  endfacet
  facet normal 0.494718 -0.869054 0
    outer loop
      vertex 12.1452 15.2266 2.0000
      vertex 12.1979 15.2566 2.6000
      vertex 12.1452 15.2266 2.6000
    endloop
  endfacet
  facet normal 1 0 0
    outer loop
      vertex 12.1474 13.9083 2.0000
      vertex 12.1474 14.4657 2.0000
      vertex 12.1474 13.9083 2.6000
    endloop
  endfacet
  facet normal 0 0 1
    outer loop
      vertex 12.1474 13.9083 2.0000
      vertex 12.6377 14.3966 2.0000
      vertex 12.1474 14.4657 2.0000
    endloop
  endfacet
  facet normal 0 0 1
    outer loop
      vertex 12.1474 13.9083 2.0000
      vertex 12.6845 13.8249 2.0000
      vertex 12.6377 14.3966 2.0000
    endloop
  endfacet
  facet normal 0 0 1
    outer loop
      vertex 12.1474 13.9083 2.0000
      vertex 12.7801 13.4369 2.0000
      vertex 12.6845 13.8249 2.0000
    endloop
  endfacet
  facet normal 1 0 0
    outer loop
      vertex 12.1474 13.9083 2.6000
      vertex 12.1474 14.4657 2.0000
      vertex 12.1474 14.4657 2.6000
    endloop
  endfacet
  facet normal 0 0 1
    outer loop
      vertex 12.1474 14.4657 2.0000
      vertex 12.4587 15.3100 2.0000
      vertex 12.3860 15.3067 2.0000
    endloop
  endfacet
  facet normal 0 0 1
    outer loop
      vertex 12.1474 14.4657 2.0000
      vertex 12.6377 14.3966 2.0000
      vertex 12.4587 15.3100 2.0000
    endloop
  endfacet
  facet normal -0.154446 0.988001 0
    outer loop
      vertex 12.1753 15.8707 2.0000
      vertex 12.1753 15.8707 2.6000
      vertex 12.3058 15.8911 2.0000
    endloop
  endfacet
  facet normal 0 0 1
    outer loop
      vertex 12.1753 15.8707 2.6000
      vertex 12.2555 15.2800 2.6000
      vertex 12.3182 15.2966 2.6000
    endloop
  endfacet
  facet normal -0.154446 0.988001 0
    outer loop
      vertex 12.1753 15.8707 2.6000
      vertex 12.3058 15.8911 2.6000
      vertex 12.3058 15.8911 2.0000
    endloop
  endfacet
  facet normal 0 0 1
    outer loop
      vertex 12.1753 15.8707 2.6000
      vertex 12.3182 15.2966 2.6000
      vertex 12.3058 15.8911 2.6000
    endloop
  endfacet
  facet normal 0.376377 -0.926467 0
    outer loop
      vertex 12.1979 15.2566 2.0000
      vertex 12.2555 15.2800 2.0000
      vertex 12.2555 15.2800 2.6000
    endloop
  endfacet
  facet normal 0.376377 -0.926467 0
    outer loop
      vertex 12.1979 15.2566 2.0000
      vertex 12.2555 15.2800 2.6000
      vertex 12.1979 15.2566 2.6000
    endloop
  endfacet
  facet normal 0.097281 0.995257 0
    outer loop
      vertex 12.1987 12.4426 2.0000
      vertex 12.1987 12.4426 2.6000
      vertex 12.4115 12.4218 2.0000
    endloop
  endfacet
  facet normal 0 0 1
    outer loop
      vertex 12.1987 12.4426 2.0000
      vertex 12.4115 12.4218 2.0000
      vertex 12.7801 12.8490 2.0000
    endloop
  endfacet
  facet normal 0 0 1
    outer loop
      vertex 12.1987 12.4426 2.0000
      vertex 12.7801 12.8490 2.0000
      vertex 12.7801 13.4369 2.0000
    endloop
  endfacet
  facet normal 0 0 1
    outer loop
      vertex 12.1987 12.4426 2.6000
      vertex 12.2024 11.8714 2.6000
      vertex 12.3071 11.8659 2.6000
    endloop
  endfacet
  facet normal 0 0 1
    outer loop
      vertex 12.1987 12.4426 2.6000
      vertex 12.3071 11.8659 2.6000
      vertex 12.4115 12.4218 2.6000
    endloop
  endfacet
  facet normal 0.097281 0.995257 0
    outer loop
      vertex 12.1987 12.4426 2.6000
      vertex 12.4115 12.4218 2.6000
      vertex 12.4115 12.4218 2.0000
    endloop
  endfacet
  facet normal 0 0 1
    outer loop
      vertex 12.2024 11.8714 2.0000
      vertex 12.2090 11.0441 2.0000
      vertex 12.3071 11.8659 2.0000
    endloop
  endfacet
  facet normal -0.052459 -0.998623 0
    outer loop
      vertex 12.2024 11.8714 2.0000
      vertex 12.3071 11.8659 2.0000
      vertex 12.3071 11.8659 2.6000
    endloop
  endfacet
  facet normal -0.052459 -0.998623 0
    outer loop
      vertex 12.2024 11.8714 2.0000
      vertex 12.3071 11.8659 2.6000
      vertex 12.2024 11.8714 2.6000
    endloop
  endfacet
  facet normal -0.051334 0.998682 0
    outer loop
      vertex 12.2090 11.0441 2.0000
      vertex 12.2090 11.0441 2.6000
      vertex 12.3160 11.0496 2.0000
    endloop
  endfacet
  facet normal 0 0 1
    outer loop
      vertex 12.2090 11.0441 2.0000
      vertex 12.3160 11.0496 2.0000
      vertex 12.3071 11.8659 2.0000
    endloop
  endfacet
  facet normal -0.051334 0.998682 0
    outer loop
      vertex 12.2090 11.0441 2.6000
      vertex 12.3160 11.0496 2.6000
      vertex 12.3160 11.0496 2.0000
    endloop
  endfacet
  facet normal 0 0 1
    outer loop
      vertex 12.2090 11.0441 2.6000
      vertex 12.4170 10.4954 2.6000
      vertex 12.3160 11.0496 2.6000
    endloop
  endfacet
  facet normal 0.255935 -0.966694 0
    outer loop
      vertex 12.2555 15.2800 2.0000
      vertex 12.3182 15.2966 2.0000
      vertex 12.3182 15.2966 2.6000
    endloop
  endfacet
  facet normal 0.255935 -0.966694 0
    outer loop
      vertex 12.2555 15.2800 2.0000
      vertex 12.3182 15.2966 2.6000
      vertex 12.2555 15.2800 2.6000
    endloop
  endfacet
  facet normal -0.048273 0.998834 0
    outer loop
      vertex 12.3058 15.8911 2.0000
      vertex 12.3058 15.8911 2.6000
      vertex 12.4465 15.8979 2.0000
    endloop
  endfacet
  facet normal 0 0 1
    outer loop
      vertex 12.3058 15.8911 2.6000
      vertex 12.3182 15.2966 2.6000
      vertex 12.3860 15.3067 2.6000
    endloop
  endfacet
  facet normal 0 0 1
    outer loop
      vertex 12.3058 15.8911 2.6000
      vertex 12.3860 15.3067 2.6000
      vertex 12.4465 15.8979 2.6000
    endloop
  endfacet
  facet normal -0.048273 0.998834 0
    outer loop
      vertex 12.3058 15.8911 2.6000
      vertex 12.4465 15.8979 2.6000
      vertex 12.4465 15.8979 2.0000
    endloop
  endfacet
  facet normal 0 0 1
    outer loop
      vertex 12.3071 11.8659 2.0000
      vertex 12.3160 11.0496 2.0000
      vertex 12.4031 11.8582 2.0000
    endloop
  endfacet
  facet normal -0.079952 -0.996799 0
    outer loop
      vertex 12.3071 11.8659 2.0000
      vertex 12.4031 11.8582 2.0000
      vertex 12.4031 11.8582 2.6000
    endloop
  endfacet
  facet normal -0.079952 -0.996799 0
    outer loop
      vertex 12.3071 11.8659 2.0000
      vertex 12.4031 11.8582 2.6000
      vertex 12.3071 11.8659 2.6000
    endloop
  endfacet
  facet normal 0 0 1
    outer loop
      vertex 12.3071 11.8659 2.6000
      vertex 12.4031 11.8582 2.6000
      vertex 12.4115 12.4218 2.6000
    endloop
  endfacet
  facet normal -0.078729 0.996896 0
    outer loop
      vertex 12.3160 11.0496 2.0000
      vertex 12.3160 11.0496 2.6000
      vertex 12.4135 11.0573 2.0000
    endloop
  endfacet
  facet normal 0 0 1
    outer loop
      vertex 12.3160 11.0496 2.0000
      vertex 12.4135 11.0573 2.0000
      vertex 12.4031 11.8582 2.0000
    endloop
  endfacet
  facet normal -0.078729 0.996896 0
    outer loop
      vertex 12.3160 11.0496 2.6000
      vertex 12.4135 11.0573 2.6000
      vertex 12.4135 11.0573 2.0000
    endloop
  endfacet
  facet normal 0 0 1
    outer loop
      vertex 12.3160 11.0496 2.6000
      vertex 12.4170 10.4954 2.6000
      vertex 12.4135 11.0573 2.6000
    endloop
  endfacet
  facet normal 0.147342 -0.989086 0
    outer loop
      vertex 12.3182 15.2966 2.0000
      vertex 12.3860 15.3067 2.0000
      vertex 12.3860 15.3067 2.6000
    endloop
  endfacet
  facet normal 0.147342 -0.989086 0
    outer loop
      vertex 12.3182 15.2966 2.0000
      vertex 12.3860 15.3067 2.6000
      vertex 12.3182 15.2966 2.6000
    endloop
  endfacet
  facet normal 0.045345 -0.998971 0
    outer loop
      vertex 12.3860 15.3067 2.0000
      vertex 12.4587 15.3100 2.0000
      vertex 12.4587 15.3100 2.6000
    endloop
  endfacet
  facet normal 0.045345 -0.998971 0
    outer loop
      vertex 12.3860 15.3067 2.0000
      vertex 12.4587 15.3100 2.6000
      vertex 12.3860 15.3067 2.6000
    endloop
  endfacet
  facet normal 0 0 1
    outer loop
      vertex 12.3860 15.3067 2.6000
      vertex 12.4587 15.3100 2.6000
      vertex 12.4465 15.8979 2.6000
    endloop
  endfacet
  facet normal 0 0 1
    outer loop
      vertex 12.4031 11.8582 2.0000
      vertex 12.4135 11.0573 2.0000
      vertex 12.4902 11.8483 2.0000
    endloop
  endfacet
  facet normal -0.112935 -0.993602 0
    outer loop
      vertex 12.4031 11.8582 2.0000
      vertex 12.4902 11.8483 2.0000
      vertex 12.4902 11.8483 2.6000
    endloop
  endfacet
  facet normal -0.112935 -0.993602 0
    outer loop
      vertex 12.4031 11.8582 2.0000
      vertex 12.4902 11.8483 2.6000
      vertex 12.4031 11.8582 2.6000
    endloop
  endfacet
  facet normal 0 0 1
    outer loop
      vertex 12.4031 11.8582 2.6000
      vertex 12.4902 11.8483 2.6000
      vertex 12.6047 12.3872 2.6000
    endloop
  endfacet
  facet normal 0 0 1
    outer loop
      vertex 12.4031 11.8582 2.6000
      vertex 12.6047 12.3872 2.6000
      vertex 12.4115 12.4218 2.6000
    endloop
  endfacet
  facet normal 0.176284 0.984339 0
    outer loop
      vertex 12.4115 12.4218 2.0000
      vertex 12.4115 12.4218 2.6000
      vertex 12.6047 12.3872 2.0000
    endloop
  endfacet
  facet normal 0 0 1
    outer loop
      vertex 12.4115 12.4218 2.0000
      vertex 12.6047 12.3872 2.0000
      vertex 12.7801 12.8490 2.0000
    endloop
  endfacet
  facet normal 0.176284 0.984339 0
    outer loop
      vertex 12.4115 12.4218 2.6000
      vertex 12.6047 12.3872 2.6000
      vertex 12.6047 12.3872 2.0000
    endloop
  endfacet
  facet normal -0.11192 0.993717 0
    outer loop
      vertex 12.4135 11.0573 2.0000
      vertex 12.4135 11.0573 2.6000
      vertex 12.5014 11.0672 2.0000
    endloop
  endfacet
  facet normal 0 0 1
    outer loop
      vertex 12.4135 11.0573 2.0000
      vertex 12.5014 11.0672 2.0000
      vertex 12.4902 11.8483 2.0000
    endloop
  endfacet
  facet normal 0 0 1
    outer loop
      vertex 12.4135 11.0573 2.6000
      vertex 12.4170 10.4954 2.6000
      vertex 12.5014 11.0672 2.6000
    endloop
  endfacet
  facet normal -0.11192 0.993717 0
    outer loop
      vertex 12.4135 11.0573 2.6000
      vertex 12.5014 11.0672 2.6000
      vertex 12.5014 11.0672 2.0000
    endloop
  endfacet
  facet normal 0.217295 -0.976106 0
    outer loop
      vertex 12.4170 10.4954 2.0000
      vertex 12.7858 10.5775 2.0000
      vertex 12.7858 10.5775 2.6000
    endloop
  endfacet
  facet normal 0.217295 -0.976106 0
    outer loop
      vertex 12.4170 10.4954 2.0000
      vertex 12.7858 10.5775 2.6000
      vertex 12.4170 10.4954 2.6000
    endloop
  endfacet
  facet normal 0 0 1
    outer loop
      vertex 12.4170 10.4954 2.0000
      vertex 12.9754 9.5844 2.0000
      vertex 12.9754 10.2415 2.0000
    endloop
  endfacet
  facet normal 0 0 1
    outer loop
      vertex 12.4170 10.4954 2.0000
      vertex 12.9754 10.2415 2.0000
      vertex 12.7858 10.5775 2.0000
    endloop
  endfacet
  facet normal 0 0 1
    outer loop
      vertex 12.4170 10.4954 2.6000
      vertex 12.7858 10.5775 2.6000
      vertex 12.5014 11.0672 2.6000
    endloop
  endfacet
  facet normal 0.053095 0.998589 0
    outer loop
      vertex 12.4465 15.8979 2.0000
      vertex 12.4465 15.8979 2.6000
      vertex 12.5932 15.8901 2.0000
    endloop
  endfacet
  facet normal 0 0 1
    outer loop
      vertex 12.4465 15.8979 2.6000
      vertex 12.4587 15.3100 2.6000
      vertex 12.5932 15.8901 2.6000
    endloop
  endfacet
  facet normal 0.053095 0.998589 0
    outer loop
      vertex 12.4465 15.8979 2.6000
      vertex 12.5932 15.8901 2.6000
      vertex 12.5932 15.8901 2.0000
    endloop
  endfacet
  facet normal -0.042592 -0.999093 0
    outer loop
      vertex 12.4587 15.3100 2.0000
      vertex 12.5408 15.3065 2.0000
      vertex 12.5408 15.3065 2.6000
    endloop
  endfacet
  facet normal -0.042592 -0.999093 0
    outer loop
      vertex 12.4587 15.3100 2.0000
      vertex 12.5408 15.3065 2.6000
      vertex 12.4587 15.3100 2.6000
    endloop
  endfacet
  facet normal 0 0 1
    outer loop
      vertex 12.4587 15.3100 2.0000
      vertex 12.6377 14.3966 2.0000
      vertex 12.5408 15.3065 2.0000
    endloop
  endfacet
  facet normal 0 0 1
    outer loop
      vertex 12.4587 15.3100 2.6000
      vertex 12.5408 15.3065 2.6000
      vertex 12.5932 15.8901 2.6000
    endloop
  endfacet
  facet normal 0 0 1
    outer loop
      vertex 12.4902 11.8483 2.0000
      vertex 12.5014 11.0672 2.0000
      vertex 12.5686 11.8362 2.0000
    endloop
  endfacet
  facet normal -0.152531 -0.988299 0
    outer loop
      vertex 12.4902 11.8483 2.0000
      vertex 12.5686 11.8362 2.0000
      vertex 12.5686 11.8362 2.6000
    endloop
  endfacet
  facet normal -0.152531 -0.988299 0
    outer loop
      vertex 12.4902 11.8483 2.0000
      vertex 12.5686 11.8362 2.6000
      vertex 12.4902 11.8483 2.6000
    endloop
  endfacet
  facet normal 0 0 1
    outer loop
      vertex 12.4902 11.8483 2.6000
      vertex 12.5686 11.8362 2.6000
      vertex 12.6047 12.3872 2.6000
    endloop
  endfacet
  facet normal -0.153762 0.988108 0
    outer loop
      vertex 12.5014 11.0672 2.0000
      vertex 12.5014 11.0672 2.6000
      vertex 12.5798 11.0794 2.0000
    endloop
  endfacet
  facet normal 0 0 1
    outer loop
      vertex 12.5014 11.0672 2.0000
      vertex 12.5798 11.0794 2.0000
      vertex 12.5686 11.8362 2.0000
    endloop
  endfacet
  facet normal -0.153762 0.988108 0
    outer loop
      vertex 12.5014 11.0672 2.6000
      vertex 12.5798 11.0794 2.6000
      vertex 12.5798 11.0794 2.0000
    endloop
  endfacet
  facet normal 0 0 1
    outer loop
      vertex 12.5014 11.0672 2.6000
      vertex 12.7858 10.5775 2.6000
      vertex 12.5798 11.0794 2.6000
    endloop
  endfacet
  facet normal -0.14032 -0.990106 0
    outer loop
      vertex 12.5408 15.3065 2.0000
      vertex 12.6163 15.2958 2.0000
      vertex 12.6163 15.2958 2.6000
    endloop
  endfacet
  facet normal -0.14032 -0.990106 0
    outer loop
      vertex 12.5408 15.3065 2.0000
      vertex 12.6163 15.2958 2.6000
      vertex 12.5408 15.3065 2.6000
    endloop
  endfacet
  facet normal 0 0 1
    outer loop
      vertex 12.5408 15.3065 2.0000
      vertex 12.6377 14.3966 2.0000
      vertex 12.6163 15.2958 2.0000
    endloop
  endfacet
  facet normal 0 0 1
    outer loop
      vertex 12.5408 15.3065 2.6000
      vertex 12.6163 15.2958 2.6000
      vertex 12.7296 15.8664 2.6000
    endloop
  endfacet
  facet normal 0 0 1
    outer loop
      vertex 12.5408 15.3065 2.6000
      vertex 12.7296 15.8664 2.6000
      vertex 12.5932 15.8901 2.6000
    endloop
  endfacet
  facet normal 0 0 1
    outer loop
      vertex 12.5686 11.8362 2.0000
      vertex 12.5798 11.0794 2.0000
      vertex 12.6391 11.8216 2.0000
    endloop
  endfacet
  facet normal -0.202789 -0.979222 0
    outer loop
      vertex 12.5686 11.8362 2.0000
      vertex 12.6391 11.8216 2.0000
      vertex 12.6391 11.8216 2.6000
    endloop
  endfacet
  facet normal -0.202789 -0.979222 0
    outer loop
      vertex 12.5686 11.8362 2.0000
      vertex 12.6391 11.8216 2.6000
      vertex 12.5686 11.8362 2.6000
    endloop
  endfacet
  facet normal 0 0 1
    outer loop
      vertex 12.5686 11.8362 2.6000
      vertex 12.6391 11.8216 2.6000
      vertex 12.7783 12.3387 2.6000
    endloop
  endfacet
  facet normal 0 0 1
    outer loop
      vertex 12.5686 11.8362 2.6000
      vertex 12.7783 12.3387 2.6000
      vertex 12.6047 12.3872 2.6000
    endloop
  endfacet
  facet normal -0.202559 0.97927 0
    outer loop
      vertex 12.5798 11.0794 2.0000
      vertex 12.5798 11.0794 2.6000
      vertex 12.6499 11.0939 2.0000
    endloop
  endfacet
  facet normal 0 0 1
    outer loop
      vertex 12.5798 11.0794 2.0000
      vertex 12.6499 11.0939 2.0000
      vertex 12.6391 11.8216 2.0000
    endloop
  endfacet
  facet normal -0.202559 0.97927 0
    outer loop
      vertex 12.5798 11.0794 2.6000
      vertex 12.6499 11.0939 2.6000
      vertex 12.6499 11.0939 2.0000
    endloop
  endfacet
  facet normal 0 0 1
    outer loop
      vertex 12.5798 11.0794 2.6000
      vertex 12.7858 10.5775 2.6000
      vertex 12.6499 11.0939 2.6000
    endloop
  endfacet
  facet normal 0.171189 0.985238 0
    outer loop
      vertex 12.5932 15.8901 2.0000
      vertex 12.5932 15.8901 2.6000
      vertex 12.7296 15.8664 2.0000
    endloop
  endfacet
  facet normal 0.171189 0.985238 0
    outer loop
      vertex 12.5932 15.8901 2.6000
      vertex 12.7296 15.8664 2.6000
      vertex 12.7296 15.8664 2.0000
    endloop
  endfacet
  facet normal 0.269074 0.963119 0
    outer loop
      vertex 12.6047 12.3872 2.0000
      vertex 12.6047 12.3872 2.6000
      vertex 12.7783 12.3387 2.0000
    endloop
  endfacet
  facet normal 0 0 1
    outer loop
      vertex 12.6047 12.3872 2.0000
      vertex 12.7783 12.3387 2.0000
      vertex 12.7801 12.8490 2.0000
    endloop
  endfacet
  facet normal 0.269074 0.963119 0
    outer loop
      vertex 12.6047 12.3872 2.6000
      vertex 12.7783 12.3387 2.6000
      vertex 12.7783 12.3387 2.0000
    endloop
  endfacet
  facet normal 0 0 1
    outer loop
      vertex 12.6163 15.2958 2.0000
      vertex 12.6377 14.3966 2.0000
      vertex 12.9876 14.8421 2.0000
    endloop
  endfacet
  facet normal -0.248172 -0.968716 0
    outer loop
      vertex 12.6163 15.2958 2.0000
      vertex 12.6850 15.2782 2.0000
      vertex 12.6850 15.2782 2.6000
    endloop
  endfacet
  facet normal -0.248172 -0.968716 0
    outer loop
      vertex 12.6163 15.2958 2.0000
      vertex 12.6850 15.2782 2.6000
      vertex 12.6163 15.2958 2.6000
    endloop
  endfacet
  facet normal 0 0 1
    outer loop
      vertex 12.6163 15.2958 2.0000
      vertex 12.9839 14.9109 2.0000
      vertex 12.6850 15.2782 2.0000
    endloop
  endfacet
  facet normal 0 0 1
    outer loop
      vertex 12.6163 15.2958 2.0000
      vertex 12.9876 14.8421 2.0000
      vertex 12.9839 14.9109 2.0000
    endloop
  endfacet
  facet normal 0 0 1
    outer loop
      vertex 12.6163 15.2958 2.6000
      vertex 12.6850 15.2782 2.6000
      vertex 12.8557 15.8270 2.6000
    endloop
  endfacet
  facet normal 0 0 1
    outer loop
      vertex 12.6163 15.2958 2.6000
      vertex 12.8557 15.8270 2.6000
      vertex 12.7296 15.8664 2.6000
    endloop
  endfacet
  facet normal -0.276897 0.9609 0
    outer loop
      vertex 12.6377 14.3966 2.0000
      vertex 12.6377 14.3966 2.6000
      vertex 12.6960 14.4134 2.0000
    endloop
  endfacet
  facet normal -0.996666 -0.081588 0
    outer loop
      vertex 12.6377 14.3966 2.0000
      vertex 12.6845 13.8249 2.0000
      vertex 12.6377 14.3966 2.6000
    endloop
  endfacet
  facet normal 0 0 1
    outer loop
      vertex 12.6377 14.3966 2.0000
      vertex 12.6960 14.4134 2.0000
      vertex 12.9853 14.7861 2.0000
    endloop
  endfacet
  facet normal 0 0 1
    outer loop
      vertex 12.6377 14.3966 2.0000
      vertex 12.9853 14.7861 2.0000
      vertex 12.9876 14.8421 2.0000
    endloop
  endfacet
  facet normal -0.996666 -0.081588 0
    outer loop
      vertex 12.6377 14.3966 2.6000
      vertex 12.6845 13.8249 2.0000
      vertex 12.6845 13.8249 2.6000
    endloop
  endfacet
  facet normal 0 0 1
    outer loop
      vertex 12.6377 14.3966 2.6000
      vertex 12.6845 13.8249 2.6000
      vertex 12.8024 13.8507 2.6000
    endloop
  endfacet
  facet normal -0.276897 0.9609 0
    outer loop
      vertex 12.6377 14.3966 2.6000
      vertex 12.6960 14.4134 2.6000
      vertex 12.6960 14.4134 2.0000
    endloop
  endfacet
  facet normal 0 0 1
    outer loop
      vertex 12.6377 14.3966 2.6000
      vertex 12.8024 13.8507 2.6000
      vertex 12.6960 14.4134 2.6000
    endloop
  endfacet
  facet normal 0 0 1
    outer loop
      vertex 12.6391 11.8216 2.0000
      vertex 12.6499 11.0939 2.0000
      vertex 12.7029 11.8043 2.0000
    endloop
  endfacet
  facet normal -0.261709 -0.965147 0
    outer loop
      vertex 12.6391 11.8216 2.0000
      vertex 12.7029 11.8043 2.0000
      vertex 12.7029 11.8043 2.6000
    endloop
  endfacet
  facet normal -0.261709 -0.965147 0
    outer loop
      vertex 12.6391 11.8216 2.0000
      vertex 12.7029 11.8043 2.6000
      vertex 12.6391 11.8216 2.6000
    endloop
  endfacet
  facet normal 0 0 1
    outer loop
      vertex 12.6391 11.8216 2.6000
      vertex 12.7029 11.8043 2.6000
      vertex 12.7783 12.3387 2.6000
    endloop
  endfacet
  facet normal -0.261564 0.965186 0
    outer loop
      vertex 12.6499 11.0939 2.0000
      vertex 12.6499 11.0939 2.6000
      vertex 12.7130 11.1110 2.0000
    endloop
  endfacet
  facet normal 0 0 1
    outer loop
      vertex 12.6499 11.0939 2.0000
      vertex 12.7130 11.1110 2.0000
      vertex 12.7029 11.8043 2.0000
    endloop
  endfacet
  facet normal -0.261564 0.965186 0
    outer loop
      vertex 12.6499 11.0939 2.6000
      vertex 12.7130 11.1110 2.6000
      vertex 12.7130 11.1110 2.0000
    endloop
  endfacet
  facet normal 0 0 1
    outer loop
      vertex 12.6499 11.0939 2.6000
      vertex 12.7858 10.5775 2.6000
      vertex 12.7130 11.1110 2.6000
    endloop
  endfacet
  facet normal 0 0 1
    outer loop
      vertex 12.6845 13.8249 2.0000
      vertex 12.7801 13.4369 2.0000
      vertex 12.8024 13.8507 2.0000
    endloop
  endfacet
  facet normal 0.213771 -0.976884 0
    outer loop
      vertex 12.6845 13.8249 2.0000
      vertex 12.8024 13.8507 2.0000
      vertex 12.8024 13.8507 2.6000
    endloop
  endfacet
  facet normal 0.213771 -0.976884 0
    outer loop
      vertex 12.6845 13.8249 2.0000
      vertex 12.8024 13.8507 2.6000
      vertex 12.6845 13.8249 2.6000
    endloop
  endfacet
  facet normal -0.369584 -0.929197 0
    outer loop
      vertex 12.6850 15.2782 2.0000
      vertex 12.7471 15.2535 2.0000
      vertex 12.7471 15.2535 2.6000
    endloop
  endfacet
  facet normal -0.369584 -0.929197 0
    outer loop
      vertex 12.6850 15.2782 2.0000
      vertex 12.7471 15.2535 2.6000
      vertex 12.6850 15.2782 2.6000
    endloop
  endfacet
  facet normal 0 0 1
    outer loop
      vertex 12.6850 15.2782 2.0000
      vertex 12.9725 14.9749 2.0000
      vertex 12.7471 15.2535 2.0000
    endloop
  endfacet
  facet normal 0 0 1
    outer loop
      vertex 12.6850 15.2782 2.0000
      vertex 12.9839 14.9109 2.0000
      vertex 12.9725 14.9749 2.0000
    endloop
  endfacet
  facet normal 0 0 1
    outer loop
      vertex 12.6850 15.2782 2.6000
      vertex 12.7471 15.2535 2.6000
      vertex 12.9714 15.7718 2.6000
    endloop
  endfacet
  facet normal 0 0 1
    outer loop
      vertex 12.6850 15.2782 2.6000
      vertex 12.9714 15.7718 2.6000
      vertex 12.8557 15.8270 2.6000
    endloop
  endfacet
  facet normal -0.365598 0.930773 0
    outer loop
      vertex 12.6960 14.4134 2.0000
      vertex 12.6960 14.4134 2.6000
      vertex 12.7487 14.4341 2.0000
    endloop
  endfacet
  facet normal 0 0 1
    outer loop
      vertex 12.6960 14.4134 2.0000
      vertex 12.7487 14.4341 2.0000
      vertex 12.9784 14.7333 2.0000
    endloop
  endfacet
  facet normal 0 0 1
    outer loop
      vertex 12.6960 14.4134 2.0000
      vertex 12.9784 14.7333 2.0000
      vertex 12.9853 14.7861 2.0000
    endloop
  endfacet
  facet normal -0.365598 0.930773 0
    outer loop
      vertex 12.6960 14.4134 2.6000
      vertex 12.7487 14.4341 2.6000
      vertex 12.7487 14.4341 2.0000
    endloop
  endfacet
  facet normal 0 0 1
    outer loop
      vertex 12.6960 14.4134 2.6000
      vertex 12.8024 13.8507 2.6000
      vertex 12.9107 13.8876 2.6000
    endloop
  endfacet
  facet normal 0 0 1
    outer loop
      vertex 12.6960 14.4134 2.6000
      vertex 12.9107 13.8876 2.6000
      vertex 12.7487 14.4341 2.6000
    endloop
  endfacet
  facet normal 0 0 1
    outer loop
      vertex 12.7029 11.8043 2.0000
      vertex 12.7130 11.1110 2.0000
      vertex 12.7600 11.7843 2.0000
    endloop
  endfacet
  facet normal -0.330571 -0.943781 0
    outer loop
      vertex 12.7029 11.8043 2.0000
      vertex 12.7600 11.7843 2.0000
      vertex 12.7600 11.7843 2.6000
    endloop
  endfacet
  facet normal -0.330571 -0.943781 0
    outer loop
      vertex 12.7029 11.8043 2.0000
      vertex 12.7600 11.7843 2.6000
      vertex 12.7029 11.8043 2.6000
    endloop
  endfacet
  facet normal 0 0 1
    outer loop
      vertex 12.7029 11.8043 2.6000
      vertex 12.7600 11.7843 2.6000
      vertex 12.9324 12.2764 2.6000
    endloop
  endfacet
  facet normal 0 0 1
    outer loop
      vertex 12.7029 11.8043 2.6000
      vertex 12.9324 12.2764 2.6000
      vertex 12.7783 12.3387 2.6000
    endloop
  endfacet
  facet normal -0.332293 0.943176 0
    outer loop
      vertex 12.7130 11.1110 2.0000
      vertex 12.7130 11.1110 2.6000
      vertex 12.7692 11.1308 2.0000
    endloop
  endfacet
  facet normal 0 0 1
    outer loop
      vertex 12.7130 11.1110 2.0000
      vertex 12.7692 11.1308 2.0000
      vertex 12.7600 11.7843 2.0000
    endloop
  endfacet
  facet normal -0.332293 0.943176 0
    outer loop
      vertex 12.7130 11.1110 2.6000
      vertex 12.7692 11.1308 2.6000
      vertex 12.7692 11.1308 2.0000
    endloop
  endfacet
  facet normal 0 0 1
    outer loop
      vertex 12.7130 11.1110 2.6000
      vertex 12.7858 10.5775 2.6000
      vertex 13.0726 10.7142 2.6000
    endloop
  endfacet
  facet normal 0 0 1
    outer loop
      vertex 12.7130 11.1110 2.6000
      vertex 13.0726 10.7142 2.6000
      vertex 12.7692 11.1308 2.6000
    endloop
  endfacet
  facet normal 0.298232 0.954493 0
    outer loop
      vertex 12.7296 15.8664 2.0000
      vertex 12.7296 15.8664 2.6000
      vertex 12.8557 15.8270 2.0000
    endloop
  endfacet
  facet normal 0.298232 0.954493 0
    outer loop
      vertex 12.7296 15.8664 2.6000
      vertex 12.8557 15.8270 2.6000
      vertex 12.8557 15.8270 2.0000
    endloop
  endfacet
  facet normal -0.497149 -0.867665 0
    outer loop
      vertex 12.7471 15.2535 2.0000
      vertex 12.8026 15.2217 2.0000
      vertex 12.8026 15.2217 2.6000
    endloop
  endfacet
  facet normal -0.497149 -0.867665 0
    outer loop
      vertex 12.7471 15.2535 2.0000
      vertex 12.8026 15.2217 2.6000
      vertex 12.7471 15.2535 2.6000
    endloop
  endfacet
  facet normal 0 0 1
    outer loop
      vertex 12.7471 15.2535 2.0000
      vertex 12.8514 15.1829 2.0000
      vertex 12.8026 15.2217 2.0000
    endloop
  endfacet
  facet normal 0 0 1
    outer loop
      vertex 12.7471 15.2535 2.0000
      vertex 12.8930 15.1381 2.0000
      vertex 12.8514 15.1829 2.0000
    endloop
  endfacet
  facet normal 0 0 1
    outer loop
      vertex 12.7471 15.2535 2.0000
      vertex 12.9271 15.0885 2.0000
      vertex 12.8930 15.1381 2.0000
    endloop
  endfacet
  facet normal 0 0 1
    outer loop
      vertex 12.7471 15.2535 2.0000
      vertex 12.9536 15.0341 2.0000
      vertex 12.9271 15.0885 2.0000
    endloop
  endfacet
  facet normal 0 0 1
    outer loop
      vertex 12.7471 15.2535 2.0000
      vertex 12.9725 14.9749 2.0000
      vertex 12.9536 15.0341 2.0000
    endloop
  endfacet
  facet normal 0 0 1
    outer loop
      vertex 12.7471 15.2535 2.6000
      vertex 12.8026 15.2217 2.6000
      vertex 13.0767 15.7008 2.6000
    endloop
  endfacet
  facet normal 0 0 1
    outer loop
      vertex 12.7471 15.2535 2.6000
      vertex 13.0767 15.7008 2.6000
      vertex 12.9714 15.7718 2.6000
    endloop
  endfacet
  facet normal -0.460701 0.887555 0
    outer loop
      vertex 12.7487 14.4341 2.0000
      vertex 12.7487 14.4341 2.6000
      vertex 12.7959 14.4586 2.0000
    endloop
  endfacet
  facet normal 0 0 1
    outer loop
      vertex 12.7487 14.4341 2.0000
      vertex 12.7959 14.4586 2.0000
      vertex 12.9506 14.6377 2.0000
    endloop
  endfacet
  facet normal 0 0 1
    outer loop
      vertex 12.7487 14.4341 2.0000
      vertex 12.9506 14.6377 2.0000
      vertex 12.9668 14.6839 2.0000
    endloop
  endfacet
  facet normal 0 0 1
    outer loop
      vertex 12.7487 14.4341 2.0000
      vertex 12.9668 14.6839 2.0000
      vertex 12.9784 14.7333 2.0000
    endloop
  endfacet
  facet normal -0.460701 0.887555 0
    outer loop
      vertex 12.7487 14.4341 2.6000
      vertex 12.7959 14.4586 2.6000
      vertex 12.7959 14.4586 2.0000
    endloop
  endfacet
  facet normal 0 0 1
    outer loop
      vertex 12.7487 14.4341 2.6000
      vertex 12.9107 13.8876 2.6000
      vertex 13.0092 13.9355 2.6000
    endloop
  endfacet
  facet normal 0 0 1
    outer loop
      vertex 12.7487 14.4341 2.6000
      vertex 13.0092 13.9355 2.6000
      vertex 12.7959 14.4586 2.6000
    endloop
  endfacet
  facet normal 0 0 1
    outer loop
      vertex 12.7600 11.7843 2.0000
      vertex 12.7692 11.1308 2.0000
      vertex 12.8104 11.7616 2.0000
    endloop
  endfacet
  facet normal -0.410666 -0.911786 0
    outer loop
      vertex 12.7600 11.7843 2.0000
      vertex 12.8104 11.7616 2.0000
      vertex 12.8104 11.7616 2.6000
    endloop
  endfacet
  facet normal -0.410666 -0.911786 0
    outer loop
      vertex 12.7600 11.7843 2.0000
      vertex 12.8104 11.7616 2.6000
      vertex 12.7600 11.7843 2.6000
    endloop
  endfacet
  facet normal 0 0 1
    outer loop
      vertex 12.7600 11.7843 2.6000
      vertex 12.8104 11.7616 2.6000
      vertex 13.0670 12.2003 2.6000
    endloop
  endfacet
  facet normal 0 0 1
    outer loop
      vertex 12.7600 11.7843 2.6000
      vertex 13.0670 12.2003 2.6000
      vertex 12.9324 12.2764 2.6000
    endloop
  endfacet
  facet normal -0.412131 0.911124 0
    outer loop
      vertex 12.7692 11.1308 2.0000
      vertex 12.7692 11.1308 2.6000
      vertex 12.8185 11.1531 2.0000
    endloop
  endfacet
  facet normal 0 0 1
    outer loop
      vertex 12.7692 11.1308 2.0000
      vertex 12.8185 11.1531 2.0000
      vertex 12.9891 11.4040 2.0000
    endloop
  endfacet
  facet normal 0 0 1
    outer loop
      vertex 12.7692 11.1308 2.0000
      vertex 12.9891 11.4040 2.0000
      vertex 12.9917 11.4568 2.0000
    endloop
  endfacet
  facet normal 0 0 1
    outer loop
      vertex 12.7692 11.1308 2.0000
      vertex 12.9917 11.4568 2.0000
      vertex 12.8104 11.7616 2.0000
    endloop
  endfacet
  facet normal -0.412131 0.911124 0
    outer loop
      vertex 12.7692 11.1308 2.6000
      vertex 12.8185 11.1531 2.6000
      vertex 12.8185 11.1531 2.0000
    endloop
  endfacet
  facet normal 0 0 1
    outer loop
      vertex 12.7692 11.1308 2.6000
      vertex 13.0726 10.7142 2.6000
      vertex 12.8185 11.1531 2.6000
    endloop
  endfacet
  facet normal 0.374811 0.927101 0
    outer loop
      vertex 12.7783 12.3387 2.0000
      vertex 12.7783 12.3387 2.6000
      vertex 12.9324 12.2764 2.0000
    endloop
  endfacet
  facet normal 0 0 1
    outer loop
      vertex 12.7783 12.3387 2.0000
      vertex 12.9324 12.2764 2.0000
      vertex 12.7801 12.8490 2.0000
    endloop
  endfacet
  facet normal 0.374811 0.927101 0
    outer loop
      vertex 12.7783 12.3387 2.6000
      vertex 12.9324 12.2764 2.6000
      vertex 12.9324 12.2764 2.0000
    endloop
  endfacet
  facet normal -1 0 0
    outer loop
      vertex 12.7801 12.8490 2.0000
      vertex 12.7801 12.8490 2.6000
      vertex 12.7801 13.4369 2.6000
    endloop
  endfacet
  facet normal -1 0 0
    outer loop
      vertex 12.7801 12.8490 2.0000
      vertex 12.7801 13.4369 2.6000
      vertex 12.7801 13.4369 2.0000
    endloop
  endfacet
  facet normal 0 0 1
    outer loop
      vertex 12.7801 12.8490 2.0000
      vertex 12.9324 12.2764 2.0000
      vertex 13.4006 12.8490 2.0000
    endloop
  endfacet
  facet normal 0 -1 0
    outer loop
      vertex 12.7801 12.8490 2.0000
      vertex 13.4006 12.8490 2.0000
      vertex 13.4006 12.8490 2.6000
    endloop
  endfacet
  facet normal 0 -1 0
    outer loop
      vertex 12.7801 12.8490 2.0000
      vertex 13.4006 12.8490 2.6000
      vertex 12.7801 12.8490 2.6000
    endloop
  endfacet
  facet normal 0 0 1
    outer loop
      vertex 12.7801 12.8490 2.6000
      vertex 13.4006 12.8490 2.6000
      vertex 12.7801 13.4369 2.6000
    endloop
  endfacet
  facet normal 0 1 0
    outer loop
      vertex 12.7801 13.4369 2.0000
      vertex 12.7801 13.4369 2.6000
      vertex 13.4006 13.4369 2.0000
    endloop
  endfacet
  facet normal 0 0 1
    outer loop
      vertex 12.7801 13.4369 2.0000
      vertex 12.9107 13.8876 2.0000
      vertex 12.8024 13.8507 2.0000
    endloop
  endfacet
  facet normal 0 0 1
    outer loop
      vertex 12.7801 13.4369 2.0000
      vertex 13.4006 13.4369 2.0000
      vertex 12.9107 13.8876 2.0000
    endloop
  endfacet
  facet normal 0 0 1
    outer loop
      vertex 12.7801 13.4369 2.6000
      vertex 13.4006 12.8490 2.6000
      vertex 13.4006 13.4369 2.6000
    endloop
  endfacet
  facet normal 0 1 0
    outer loop
      vertex 12.7801 13.4369 2.6000
      vertex 13.4006 13.4369 2.6000
      vertex 13.4006 13.4369 2.0000
    endloop
  endfacet
  facet normal 0 0 1
    outer loop
      vertex 12.7858 10.5775 2.0000
      vertex 12.9754 10.2415 2.0000
      vertex 13.0726 10.7142 2.0000
    endloop
  endfacet
  facet normal 0.430263 -0.902703 0
    outer loop
      vertex 12.7858 10.5775 2.0000
      vertex 13.0726 10.7142 2.0000
      vertex 13.0726 10.7142 2.6000
    endloop
  endfacet
  facet normal 0.430263 -0.902703 0
    outer loop
      vertex 12.7858 10.5775 2.0000
      vertex 13.0726 10.7142 2.6000
      vertex 12.7858 10.5775 2.6000
    endloop
  endfacet
  facet normal -0.56383 0.825891 0
    outer loop
      vertex 12.7959 14.4586 2.0000
      vertex 12.7959 14.4586 2.6000
      vertex 12.8375 14.4870 2.0000
    endloop
  endfacet
  facet normal 0 0 1
    outer loop
      vertex 12.7959 14.4586 2.0000
      vertex 12.8375 14.4870 2.0000
      vertex 12.8737 14.5192 2.0000
    endloop
  endfacet
  facet normal 0 0 1
    outer loop
      vertex 12.7959 14.4586 2.0000
      vertex 12.8737 14.5192 2.0000
      vertex 12.9042 14.5552 2.0000
    endloop
  endfacet
  facet normal 0 0 1
    outer loop
      vertex 12.7959 14.4586 2.0000
      vertex 12.9042 14.5552 2.0000
      vertex 12.9297 14.5948 2.0000
    endloop
  endfacet
  facet normal 0 0 1
    outer loop
      vertex 12.7959 14.4586 2.0000
      vertex 12.9297 14.5948 2.0000
      vertex 12.9506 14.6377 2.0000
    endloop
  endfacet
  facet normal -0.56383 0.825891 0
    outer loop
      vertex 12.7959 14.4586 2.6000
      vertex 12.8375 14.4870 2.6000
      vertex 12.8375 14.4870 2.0000
    endloop
  endfacet
  facet normal 0 0 1
    outer loop
      vertex 12.7959 14.4586 2.6000
      vertex 13.0092 13.9355 2.6000
      vertex 13.0982 13.9945 2.6000
    endloop
  endfacet
  facet normal 0 0 1
    outer loop
      vertex 12.7959 14.4586 2.6000
      vertex 13.0982 13.9945 2.6000
      vertex 13.1774 14.0644 2.6000
    endloop
  endfacet
  facet normal 0 0 1
    outer loop
      vertex 12.7959 14.4586 2.6000
      vertex 13.1774 14.0644 2.6000
      vertex 12.8375 14.4870 2.6000
    endloop
  endfacet
  facet normal 0.322514 -0.946565 0
    outer loop
      vertex 12.8024 13.8507 2.0000
      vertex 12.9107 13.8876 2.0000
      vertex 12.9107 13.8876 2.6000
    endloop
  endfacet
  facet normal 0.322514 -0.946565 0
    outer loop
      vertex 12.8024 13.8507 2.0000
      vertex 12.9107 13.8876 2.6000
      vertex 12.8024 13.8507 2.6000
    endloop
  endfacet
  facet normal -0.622345 -0.782743 0
    outer loop
      vertex 12.8026 15.2217 2.0000
      vertex 12.8514 15.1829 2.0000
      vertex 12.8514 15.1829 2.6000
    endloop
  endfacet
  facet normal -0.622345 -0.782743 0
    outer loop
      vertex 12.8026 15.2217 2.0000
      vertex 12.8514 15.1829 2.6000
      vertex 12.8026 15.2217 2.6000
    endloop
  endfacet
  facet normal 0 0 1
    outer loop
      vertex 12.8026 15.2217 2.6000
      vertex 12.8514 15.1829 2.6000
      vertex 13.1717 15.6141 2.6000
    endloop
  endfacet
  facet normal 0 0 1
    outer loop
      vertex 12.8026 15.2217 2.6000
      vertex 13.1717 15.6141 2.6000
      vertex 13.0767 15.7008 2.6000
    endloop
  endfacet
  facet normal -0.503994 -0.863707 0
    outer loop
      vertex 12.8104 11.7616 2.0000
      vertex 12.8541 11.7361 2.0000
      vertex 12.8541 11.7361 2.6000
    endloop
  endfacet
  facet normal -0.503994 -0.863707 0
    outer loop
      vertex 12.8104 11.7616 2.0000
      vertex 12.8541 11.7361 2.6000
      vertex 12.8104 11.7616 2.6000
    endloop
  endfacet
  facet normal 0 0 1
    outer loop
      vertex 12.8104 11.7616 2.0000
      vertex 12.9889 11.5090 2.0000
      vertex 12.8541 11.7361 2.0000
    endloop
  endfacet
  facet normal 0 0 1
    outer loop
      vertex 12.8104 11.7616 2.0000
      vertex 12.9917 11.4568 2.0000
      vertex 12.9889 11.5090 2.0000
    endloop
  endfacet
  facet normal 0 0 1
    outer loop
      vertex 12.8104 11.7616 2.6000
      vertex 12.8541 11.7361 2.6000
      vertex 13.0670 12.2003 2.6000
    endloop
  endfacet
  facet normal -0.508179 0.861251 0
    outer loop
      vertex 12.8185 11.1531 2.0000
      vertex 12.8185 11.1531 2.6000
      vertex 12.8607 11.1780 2.0000
    endloop
  endfacet
  facet normal 0 0 1
    outer loop
      vertex 12.8185 11.1531 2.0000
      vertex 12.8607 11.1780 2.0000
      vertex 12.9811 11.3556 2.0000
    endloop
  endfacet
  facet normal 0 0 1
    outer loop
      vertex 12.8185 11.1531 2.0000
      vertex 12.9811 11.3556 2.0000
      vertex 12.9891 11.4040 2.0000
    endloop
  endfacet
  facet normal -0.508179 0.861251 0
    outer loop
      vertex 12.8185 11.1531 2.6000
      vertex 12.8607 11.1780 2.6000
      vertex 12.8607 11.1780 2.0000
    endloop
  endfacet
  facet normal 0 0 1
    outer loop
      vertex 12.8185 11.1531 2.6000
      vertex 13.0726 10.7142 2.6000
      vertex 12.8607 11.1780 2.6000
    endloop
  endfacet
  facet normal -0.66462 0.747182 0
    outer loop
      vertex 12.8375 14.4870 2.0000
      vertex 12.8375 14.4870 2.6000
      vertex 12.8737 14.5192 2.0000
    endloop
  endfacet
  facet normal -0.66462 0.747182 0
    outer loop
      vertex 12.8375 14.4870 2.6000
      vertex 12.8737 14.5192 2.6000
      vertex 12.8737 14.5192 2.0000
    endloop
  endfacet
  facet normal 0 0 1
    outer loop
      vertex 12.8375 14.4870 2.6000
      vertex 13.1774 14.0644 2.6000
      vertex 13.2470 14.1453 2.6000
    endloop
  endfacet
  facet normal 0 0 1
    outer loop
      vertex 12.8375 14.4870 2.6000
      vertex 13.2470 14.1453 2.6000
      vertex 12.8737 14.5192 2.6000
    endloop
  endfacet
  facet normal -0.732793 -0.680451 0
    outer loop
      vertex 12.8514 15.1829 2.0000
      vertex 12.8930 15.1381 2.0000
      vertex 12.8514 15.1829 2.6000
    endloop
  endfacet
  facet normal -0.732793 -0.680451 0
    outer loop
      vertex 12.8514 15.1829 2.6000
      vertex 12.8930 15.1381 2.0000
      vertex 12.8930 15.1381 2.6000
    endloop
  endfacet
  facet normal 0 0 1
    outer loop
      vertex 12.8514 15.1829 2.6000
      vertex 12.8930 15.1381 2.6000
      vertex 13.2541 15.5137 2.6000
    endloop
  endfacet
  facet normal 0 0 1
    outer loop
      vertex 12.8514 15.1829 2.6000
      vertex 13.2541 15.5137 2.6000
      vertex 13.1717 15.6141 2.6000
    endloop
  endfacet
  facet normal -0.605848 -0.79558 0
    outer loop
      vertex 12.8541 11.7361 2.0000
      vertex 12.8910 11.7080 2.0000
      vertex 12.8910 11.7080 2.6000
    endloop
  endfacet
  facet normal -0.605848 -0.79558 0
    outer loop
      vertex 12.8541 11.7361 2.0000
      vertex 12.8910 11.7080 2.6000
      vertex 12.8541 11.7361 2.6000
    endloop
  endfacet
  facet normal 0 0 1
    outer loop
      vertex 12.8541 11.7361 2.0000
      vertex 12.9665 11.6009 2.0000
      vertex 12.8910 11.7080 2.0000
    endloop
  endfacet
  facet normal 0 0 1
    outer loop
      vertex 12.8541 11.7361 2.0000
      vertex 12.9805 11.5570 2.0000
      vertex 12.9665 11.6009 2.0000
    endloop
  endfacet
  facet normal 0 0 1
    outer loop
      vertex 12.8541 11.7361 2.0000
      vertex 12.9889 11.5090 2.0000
      vertex 12.9805 11.5570 2.0000
    endloop
  endfacet
  facet normal 0 0 1
    outer loop
      vertex 12.8541 11.7361 2.6000
      vertex 12.8910 11.7080 2.6000
      vertex 13.1814 12.1103 2.6000
    endloop
  endfacet
  facet normal 0 0 1
    outer loop
      vertex 12.8541 11.7361 2.6000
      vertex 13.1814 12.1103 2.6000
      vertex 13.0670 12.2003 2.6000
    endloop
  endfacet
  facet normal 0.4306 0.902543 0
    outer loop
      vertex 12.8557 15.8270 2.0000
      vertex 12.8557 15.8270 2.6000
      vertex 12.9714 15.7718 2.0000
    endloop
  endfacet
  facet normal 0.4306 0.902543 0
    outer loop
      vertex 12.8557 15.8270 2.6000
      vertex 12.9714 15.7718 2.6000
      vertex 12.9714 15.7718 2.0000
    endloop
  endfacet
  facet normal -0.613477 0.789712 0
    outer loop
      vertex 12.8607 11.1780 2.0000
      vertex 12.8607 11.1780 2.6000
      vertex 12.8961 11.2055 2.0000
    endloop
  endfacet
  facet normal 0 0 1
    outer loop
      vertex 12.8607 11.1780 2.0000
      vertex 12.8961 11.2055 2.0000
      vertex 12.9253 11.2365 2.0000
    endloop
  endfacet
  facet normal 0 0 1
    outer loop
      vertex 12.8607 11.1780 2.0000
      vertex 12.9253 11.2365 2.0000
      vertex 12.9492 11.2719 2.0000
    endloop
  endfacet
  facet normal 0 0 1
    outer loop
      vertex 12.8607 11.1780 2.0000
      vertex 12.9492 11.2719 2.0000
      vertex 12.9678 11.3116 2.0000
    endloop
  endfacet
  facet normal 0 0 1
    outer loop
      vertex 12.8607 11.1780 2.0000
      vertex 12.9678 11.3116 2.0000
      vertex 12.9811 11.3556 2.0000
    endloop
  endfacet
  facet normal -0.613477 0.789712 0
    outer loop
      vertex 12.8607 11.1780 2.6000
      vertex 12.8961 11.2055 2.6000
      vertex 12.8961 11.2055 2.0000
    endloop
  endfacet
  facet normal 0 0 1
    outer loop
      vertex 12.8607 11.1780 2.6000
      vertex 13.0726 10.7142 2.6000
      vertex 13.2774 10.9057 2.6000
    endloop
  endfacet
  facet normal 0 0 1
    outer loop
      vertex 12.8607 11.1780 2.6000
      vertex 13.2774 10.9057 2.6000
      vertex 12.8961 11.2055 2.6000
    endloop
  endfacet
  facet normal -0.762984 0.646417 0
    outer loop
      vertex 12.8737 14.5192 2.0000
      vertex 12.8737 14.5192 2.6000
      vertex 12.9042 14.5552 2.6000
    endloop
  endfacet
  facet normal -0.762984 0.646417 0
    outer loop
      vertex 12.8737 14.5192 2.0000
      vertex 12.9042 14.5552 2.6000
      vertex 12.9042 14.5552 2.0000
    endloop
  endfacet
  facet normal 0 0 1
    outer loop
      vertex 12.8737 14.5192 2.6000
      vertex 13.2470 14.1453 2.6000
      vertex 13.3064 14.2366 2.6000
    endloop
  endfacet
  facet normal 0 0 1
    outer loop
      vertex 12.8737 14.5192 2.6000
      vertex 13.3064 14.2366 2.6000
      vertex 12.9042 14.5552 2.6000
    endloop
  endfacet
  facet normal -0.716113 -0.697984 0
    outer loop
      vertex 12.8910 11.7080 2.0000
      vertex 12.9218 11.6764 2.0000
      vertex 12.8910 11.7080 2.6000
    endloop
  endfacet
  facet normal 0 0 1
    outer loop
      vertex 12.8910 11.7080 2.0000
      vertex 12.9470 11.6407 2.0000
      vertex 12.9218 11.6764 2.0000
    endloop
  endfacet
  facet normal 0 0 1
    outer loop
      vertex 12.8910 11.7080 2.0000
      vertex 12.9665 11.6009 2.0000
      vertex 12.9470 11.6407 2.0000
    endloop
  endfacet
  facet normal -0.716113 -0.697984 0
    outer loop
      vertex 12.8910 11.7080 2.6000
      vertex 12.9218 11.6764 2.0000
      vertex 12.9218 11.6764 2.6000
    endloop
  endfacet
  facet normal 0 0 1
    outer loop
      vertex 12.8910 11.7080 2.6000
      vertex 12.9218 11.6764 2.6000
      vertex 13.1814 12.1103 2.6000
    endloop
  endfacet
  facet normal -0.824042 -0.566529 0
    outer loop
      vertex 12.8930 15.1381 2.0000
      vertex 12.9271 15.0885 2.0000
      vertex 12.8930 15.1381 2.6000
    endloop
  endfacet
  facet normal -0.824042 -0.566529 0
    outer loop
      vertex 12.8930 15.1381 2.6000
      vertex 12.9271 15.0885 2.0000
      vertex 12.9271 15.0885 2.6000
    endloop
  endfacet
  facet normal 0 0 1
    outer loop
      vertex 12.8930 15.1381 2.6000
      vertex 12.9271 15.0885 2.6000
      vertex 13.3215 15.4015 2.6000
    endloop
  endfacet
  facet normal 0 0 1
    outer loop
      vertex 12.8930 15.1381 2.6000
      vertex 13.3215 15.4015 2.6000
      vertex 13.2541 15.5137 2.6000
    endloop
  endfacet
  facet normal -0.727924 0.685658 0
    outer loop
      vertex 12.8961 11.2055 2.0000
      vertex 12.8961 11.2055 2.6000
      vertex 12.9253 11.2365 2.6000
    endloop
  endfacet
  facet normal -0.727924 0.685658 0
    outer loop
      vertex 12.8961 11.2055 2.0000
      vertex 12.9253 11.2365 2.6000
      vertex 12.9253 11.2365 2.0000
    endloop
  endfacet
  facet normal 0 0 1
    outer loop
      vertex 12.8961 11.2055 2.6000
      vertex 13.2774 10.9057 2.6000
      vertex 12.9253 11.2365 2.6000
    endloop
  endfacet
  facet normal -0.840764 0.541401 0
    outer loop
      vertex 12.9042 14.5552 2.0000
      vertex 12.9042 14.5552 2.6000
      vertex 12.9297 14.5948 2.6000
    endloop
  endfacet
  facet normal -0.840764 0.541401 0
    outer loop
      vertex 12.9042 14.5552 2.0000
      vertex 12.9297 14.5948 2.6000
      vertex 12.9297 14.5948 2.0000
    endloop
  endfacet
  facet normal 0 0 1
    outer loop
      vertex 12.9042 14.5552 2.6000
      vertex 13.3064 14.2366 2.6000
      vertex 13.3549 14.3373 2.6000
    endloop
  endfacet
  facet normal 0 0 1
    outer loop
      vertex 12.9042 14.5552 2.6000
      vertex 13.3549 14.3373 2.6000
      vertex 12.9297 14.5948 2.6000
    endloop
  endfacet
  facet normal 0.437326 -0.899303 0
    outer loop
      vertex 12.9107 13.8876 2.0000
      vertex 13.0092 13.9355 2.0000
      vertex 13.0092 13.9355 2.6000
    endloop
  endfacet
  facet normal 0.437326 -0.899303 0
    outer loop
      vertex 12.9107 13.8876 2.0000
      vertex 13.0092 13.9355 2.6000
      vertex 12.9107 13.8876 2.6000
    endloop
  endfacet
  facet normal 0 0 1
    outer loop
      vertex 12.9107 13.8876 2.0000
      vertex 13.4006 13.4369 2.0000
      vertex 13.0092 13.9355 2.0000
    endloop
  endfacet
  facet normal -0.816968 -0.576683 0
    outer loop
      vertex 12.9218 11.6764 2.0000
      vertex 12.9470 11.6407 2.0000
      vertex 12.9218 11.6764 2.6000
    endloop
  endfacet
  facet normal -0.816968 -0.576683 0
    outer loop
      vertex 12.9218 11.6764 2.6000
      vertex 12.9470 11.6407 2.0000
      vertex 12.9470 11.6407 2.6000
    endloop
  endfacet
  facet normal 0 0 1
    outer loop
      vertex 12.9218 11.6764 2.6000
      vertex 12.9470 11.6407 2.6000
      vertex 13.1814 12.1103 2.6000
    endloop
  endfacet
  facet normal -0.828794 0.559553 0
    outer loop
      vertex 12.9253 11.2365 2.0000
      vertex 12.9253 11.2365 2.6000
      vertex 12.9492 11.2719 2.6000
    endloop
  endfacet
  facet normal -0.828794 0.559553 0
    outer loop
      vertex 12.9253 11.2365 2.0000
      vertex 12.9492 11.2719 2.6000
      vertex 12.9492 11.2719 2.0000
    endloop
  endfacet
  facet normal 0 0 1
    outer loop
      vertex 12.9253 11.2365 2.6000
      vertex 13.2774 10.9057 2.6000
      vertex 12.9492 11.2719 2.6000
    endloop
  endfacet
  facet normal -0.899007 -0.437935 0
    outer loop
      vertex 12.9271 15.0885 2.0000
      vertex 12.9536 15.0341 2.0000
      vertex 12.9271 15.0885 2.6000
    endloop
  endfacet
  facet normal -0.899007 -0.437935 0
    outer loop
      vertex 12.9271 15.0885 2.6000
      vertex 12.9536 15.0341 2.0000
      vertex 12.9536 15.0341 2.6000
    endloop
  endfacet
  facet normal 0 0 1
    outer loop
      vertex 12.9271 15.0885 2.6000
      vertex 12.9536 15.0341 2.6000
      vertex 13.3739 15.2777 2.6000
    endloop
  endfacet
  facet normal 0 0 1
    outer loop
      vertex 12.9271 15.0885 2.6000
      vertex 13.3739 15.2777 2.6000
      vertex 13.3215 15.4015 2.6000
    endloop
  endfacet
  facet normal -0.89899 0.437969 0
    outer loop
      vertex 12.9297 14.5948 2.0000
      vertex 12.9297 14.5948 2.6000
      vertex 12.9506 14.6377 2.6000
    endloop
  endfacet
  facet normal -0.89899 0.437969 0
    outer loop
      vertex 12.9297 14.5948 2.0000
      vertex 12.9506 14.6377 2.6000
      vertex 12.9506 14.6377 2.0000
    endloop
  endfacet
  facet normal 0 0 1
    outer loop
      vertex 12.9297 14.5948 2.6000
      vertex 13.3549 14.3373 2.6000
      vertex 13.3927 14.4477 2.6000
    endloop
  endfacet
  facet normal 0 0 1
    outer loop
      vertex 12.9297 14.5948 2.6000
      vertex 13.3927 14.4477 2.6000
      vertex 12.9506 14.6377 2.6000
    endloop
  endfacet
  facet normal 0.492164 0.870503 0
    outer loop
      vertex 12.9324 12.2764 2.0000
      vertex 12.9324 12.2764 2.6000
      vertex 13.0670 12.2003 2.0000
    endloop
  endfacet
  facet normal 0 0 1
    outer loop
      vertex 12.9324 12.2764 2.0000
      vertex 13.0670 12.2003 2.0000
      vertex 13.4006 12.8490 2.0000
    endloop
  endfacet
  facet normal 0.492164 0.870503 0
    outer loop
      vertex 12.9324 12.2764 2.6000
      vertex 13.0670 12.2003 2.6000
      vertex 13.0670 12.2003 2.0000
    endloop
  endfacet
  facet normal -0.898008 -0.439979 0
    outer loop
      vertex 12.9470 11.6407 2.0000
      vertex 12.9665 11.6009 2.0000
      vertex 12.9470 11.6407 2.6000
    endloop
  endfacet
  facet normal -0.898008 -0.439979 0
    outer loop
      vertex 12.9470 11.6407 2.6000
      vertex 12.9665 11.6009 2.0000
      vertex 12.9665 11.6009 2.6000
    endloop
  endfacet
  facet normal 0 0 1
    outer loop
      vertex 12.9470 11.6407 2.6000
      vertex 12.9665 11.6009 2.6000
      vertex 13.1814 12.1103 2.6000
    endloop
  endfacet
  facet normal -0.905541 0.424259 0
    outer loop
      vertex 12.9492 11.2719 2.0000
      vertex 12.9492 11.2719 2.6000
      vertex 12.9678 11.3116 2.6000
    endloop
  endfacet
  facet normal -0.905541 0.424259 0
    outer loop
      vertex 12.9492 11.2719 2.0000
      vertex 12.9678 11.3116 2.6000
      vertex 12.9678 11.3116 2.0000
    endloop
  endfacet
  facet normal 0 0 1
    outer loop
      vertex 12.9492 11.2719 2.6000
      vertex 13.2774 10.9057 2.6000
      vertex 13.4003 11.1518 2.6000
    endloop
  endfacet
  facet normal 0 0 1
    outer loop
      vertex 12.9492 11.2719 2.6000
      vertex 13.4003 11.1518 2.6000
      vertex 12.9678 11.3116 2.6000
    endloop
  endfacet
  facet normal -0.943667 0.330896 0
    outer loop
      vertex 12.9506 14.6377 2.0000
      vertex 12.9506 14.6377 2.6000
      vertex 12.9668 14.6839 2.6000
    endloop
  endfacet
  facet normal -0.943667 0.330896 0
    outer loop
      vertex 12.9506 14.6377 2.0000
      vertex 12.9668 14.6839 2.6000
      vertex 12.9668 14.6839 2.0000
    endloop
  endfacet
  facet normal 0 0 1
    outer loop
      vertex 12.9506 14.6377 2.6000
      vertex 13.3927 14.4477 2.6000
      vertex 13.4197 14.5676 2.6000
    endloop
  endfacet
  facet normal 0 0 1
    outer loop
      vertex 12.9506 14.6377 2.6000
      vertex 13.4197 14.5676 2.6000
      vertex 12.9668 14.6839 2.6000
    endloop
  endfacet
  facet normal -0.952629 -0.304133 0
    outer loop
      vertex 12.9536 15.0341 2.0000
      vertex 12.9725 14.9749 2.0000
      vertex 12.9536 15.0341 2.6000
    endloop
  endfacet
  facet normal -0.952629 -0.304133 0
    outer loop
      vertex 12.9536 15.0341 2.6000
      vertex 12.9725 14.9749 2.0000
      vertex 12.9725 14.9749 2.6000
    endloop
  endfacet
  facet normal 0 0 1
    outer loop
      vertex 12.9536 15.0341 2.6000
      vertex 12.9725 14.9749 2.6000
      vertex 13.4113 15.1422 2.6000
    endloop
  endfacet
  facet normal 0 0 1
    outer loop
      vertex 12.9536 15.0341 2.6000
      vertex 13.4113 15.1422 2.6000
      vertex 13.3739 15.2777 2.6000
    endloop
  endfacet
  facet normal -0.952726 -0.303831 0
    outer loop
      vertex 12.9665 11.6009 2.0000
      vertex 12.9805 11.5570 2.0000
      vertex 12.9665 11.6009 2.6000
    endloop
  endfacet
  facet normal -0.952726 -0.303831 0
    outer loop
      vertex 12.9665 11.6009 2.6000
      vertex 12.9805 11.5570 2.0000
      vertex 12.9805 11.5570 2.6000
    endloop
  endfacet
  facet normal 0 0 1
    outer loop
      vertex 12.9665 11.6009 2.6000
      vertex 12.9805 11.5570 2.6000
      vertex 13.1814 12.1103 2.6000
    endloop
  endfacet
  facet normal -0.97352 0.2286 0
    outer loop
      vertex 12.9668 14.6839 2.0000
      vertex 12.9668 14.6839 2.6000
      vertex 12.9784 14.7333 2.6000
    endloop
  endfacet
  facet normal -0.97352 0.2286 0
    outer loop
      vertex 12.9668 14.6839 2.0000
      vertex 12.9784 14.7333 2.6000
      vertex 12.9784 14.7333 2.0000
    endloop
  endfacet
  facet normal 0 0 1
    outer loop
      vertex 12.9668 14.6839 2.6000
      vertex 13.4197 14.5676 2.6000
      vertex 12.9784 14.7333 2.6000
    endloop
  endfacet
  facet normal -0.957225 0.289343 0
    outer loop
      vertex 12.9678 11.3116 2.0000
      vertex 12.9678 11.3116 2.6000
      vertex 12.9811 11.3556 2.6000
    endloop
  endfacet
  facet normal -0.957225 0.289343 0
    outer loop
      vertex 12.9678 11.3116 2.0000
      vertex 12.9811 11.3556 2.6000
      vertex 12.9811 11.3556 2.0000
    endloop
  endfacet
  facet normal 0 0 1
    outer loop
      vertex 12.9678 11.3116 2.6000
      vertex 13.4003 11.1518 2.6000
      vertex 12.9811 11.3556 2.6000
    endloop
  endfacet
  facet normal 0.559054 0.829132 0
    outer loop
      vertex 12.9714 15.7718 2.0000
      vertex 12.9714 15.7718 2.6000
      vertex 13.0767 15.7008 2.0000
    endloop
  endfacet
  facet normal 0.559054 0.829132 0
    outer loop
      vertex 12.9714 15.7718 2.6000
      vertex 13.0767 15.7008 2.6000
      vertex 13.0767 15.7008 2.0000
    endloop
  endfacet
  facet normal -0.984504 -0.175365 0
    outer loop
      vertex 12.9725 14.9749 2.0000
      vertex 12.9839 14.9109 2.0000
      vertex 12.9725 14.9749 2.6000
    endloop
  endfacet
  facet normal -0.984504 -0.175365 0
    outer loop
      vertex 12.9725 14.9749 2.6000
      vertex 12.9839 14.9109 2.0000
      vertex 12.9839 14.9109 2.6000
    endloop
  endfacet
  facet normal 0 0 1
    outer loop
      vertex 12.9725 14.9749 2.6000
      vertex 12.9839 14.9109 2.6000
      vertex 13.4338 14.9949 2.6000
    endloop
  endfacet
  facet normal 0 0 1
    outer loop
      vertex 12.9725 14.9749 2.6000
      vertex 13.4338 14.9949 2.6000
      vertex 13.4113 15.1422 2.6000
    endloop
  endfacet
  facet normal -1 0 0
    outer loop
      vertex 12.9754 8.3027 2.0000
      vertex 12.9754 8.3027 2.6000
      vertex 12.9754 9.0127 2.6000
    endloop
  endfacet
  facet normal -1 0 0
    outer loop
      vertex 12.9754 8.3027 2.0000
      vertex 12.9754 9.0127 2.6000
      vertex 12.9754 9.0127 2.0000
    endloop
  endfacet
  facet normal 0 -1 0
    outer loop
      vertex 12.9754 8.3027 2.0000
      vertex 13.4006 8.3027 2.0000
      vertex 13.4006 8.3027 2.6000
    endloop
  endfacet
  facet normal 0 -1 0
    outer loop
      vertex 12.9754 8.3027 2.0000
      vertex 13.4006 8.3027 2.6000
      vertex 12.9754 8.3027 2.6000
    endloop
  endfacet
  facet normal 0 0 1
    outer loop
      vertex 12.9754 8.3027 2.6000
      vertex 13.4006 8.3027 2.6000
      vertex 12.9754 9.0127 2.6000
    endloop
  endfacet
  facet normal 0 0 1
    outer loop
      vertex 12.9754 9.0127 2.6000
      vertex 13.4006 8.3027 2.6000
      vertex 13.4006 10.2415 2.6000
    endloop
  endfacet
  facet normal 0 0 1
    outer loop
      vertex 12.9754 9.0127 2.6000
      vertex 13.4006 10.2415 2.6000
      vertex 12.9754 9.5844 2.6000
    endloop
  endfacet
  facet normal -1 0 0
    outer loop
      vertex 12.9754 9.5844 2.0000
      vertex 12.9754 9.5844 2.6000
      vertex 12.9754 10.2415 2.6000
    endloop
  endfacet
  facet normal -1 0 0
    outer loop
      vertex 12.9754 9.5844 2.0000
      vertex 12.9754 10.2415 2.6000
      vertex 12.9754 10.2415 2.0000
    endloop
  endfacet
  facet normal 0 0 1
    outer loop
      vertex 12.9754 9.5844 2.6000
      vertex 13.4006 10.2415 2.6000
      vertex 12.9754 10.2415 2.6000
    endloop
  endfacet
  facet normal 0 1 0
    outer loop
      vertex 12.9754 10.2415 2.0000
      vertex 12.9754 10.2415 2.6000
      vertex 13.4006 10.2415 2.0000
    endloop
  endfacet
  facet normal 0 0 1
    outer loop
      vertex 12.9754 10.2415 2.0000
      vertex 13.4006 10.2415 2.0000
      vertex 13.0726 10.7142 2.0000
    endloop
  endfacet
  facet normal 0 1 0
    outer loop
      vertex 12.9754 10.2415 2.6000
      vertex 13.4006 10.2415 2.6000
      vertex 13.4006 10.2415 2.0000
    endloop
  endfacet
  facet normal -0.991569 0.12958 0
    outer loop
      vertex 12.9784 14.7333 2.0000
      vertex 12.9784 14.7333 2.6000
      vertex 12.9853 14.7861 2.6000
    endloop
  endfacet
  facet normal -0.991569 0.12958 0
    outer loop
      vertex 12.9784 14.7333 2.0000
      vertex 12.9853 14.7861 2.6000
      vertex 12.9853 14.7861 2.0000
    endloop
  endfacet
  facet normal 0 0 1
    outer loop
      vertex 12.9784 14.7333 2.6000
      vertex 13.4197 14.5676 2.6000
      vertex 13.4359 14.6970 2.6000
    endloop
  endfacet
  facet normal 0 0 1
    outer loop
      vertex 12.9784 14.7333 2.6000
      vertex 13.4359 14.6970 2.6000
      vertex 12.9853 14.7861 2.6000
    endloop
  endfacet
  facet normal -0.98503 -0.17238 0
    outer loop
      vertex 12.9805 11.5570 2.0000
      vertex 12.9889 11.5090 2.0000
      vertex 12.9805 11.5570 2.6000
    endloop
  endfacet
  facet normal -0.98503 -0.17238 0
    outer loop
      vertex 12.9805 11.5570 2.6000
      vertex 12.9889 11.5090 2.0000
      vertex 12.9889 11.5090 2.6000
    endloop
  endfacet
  facet normal 0 0 1
    outer loop
      vertex 12.9805 11.5570 2.6000
      vertex 12.9889 11.5090 2.6000
      vertex 13.1814 12.1103 2.6000
    endloop
  endfacet
  facet normal -0.986613 0.163077 0
    outer loop
      vertex 12.9811 11.3556 2.0000
      vertex 12.9811 11.3556 2.6000
      vertex 12.9891 11.4040 2.6000
    endloop
  endfacet
  facet normal -0.986613 0.163077 0
    outer loop
      vertex 12.9811 11.3556 2.0000
      vertex 12.9891 11.4040 2.6000
      vertex 12.9891 11.4040 2.0000
    endloop
  endfacet
  facet normal 0 0 1
    outer loop
      vertex 12.9811 11.3556 2.6000
      vertex 13.4003 11.1518 2.6000
      vertex 13.4413 11.4527 2.6000
    endloop
  endfacet
  facet normal 0 0 1
    outer loop
      vertex 12.9811 11.3556 2.6000
      vertex 13.4413 11.4527 2.6000
      vertex 12.9891 11.4040 2.6000
    endloop
  endfacet
  facet normal -0.998557 -0.053701 0
    outer loop
      vertex 12.9839 14.9109 2.0000
      vertex 12.9876 14.8421 2.0000
      vertex 12.9839 14.9109 2.6000
    endloop
  endfacet
  facet normal -0.998557 -0.053701 0
    outer loop
      vertex 12.9839 14.9109 2.6000
      vertex 12.9876 14.8421 2.0000
      vertex 12.9876 14.8421 2.6000
    endloop
  endfacet
  facet normal 0 0 1
    outer loop
      vertex 12.9839 14.9109 2.6000
      vertex 12.9876 14.8421 2.6000
      vertex 13.4413 14.8360 2.6000
    endloop
  endfacet
  facet normal 0 0 1
    outer loop
      vertex 12.9839 14.9109 2.6000
      vertex 13.4413 14.8360 2.6000
      vertex 13.4338 14.9949 2.6000
    endloop
  endfacet
  facet normal -0.999158 0.041037 0
    outer loop
      vertex 12.9853 14.7861 2.0000
      vertex 12.9853 14.7861 2.6000
      vertex 12.9876 14.8421 2.6000
    endloop
  endfacet
  facet normal -0.999158 0.041037 0
    outer loop
      vertex 12.9853 14.7861 2.0000
      vertex 12.9876 14.8421 2.6000
      vertex 12.9876 14.8421 2.0000
    endloop
  endfacet
  facet normal 0 0 1
    outer loop
      vertex 12.9853 14.7861 2.6000
      vertex 13.4359 14.6970 2.6000
      vertex 13.4413 14.8360 2.6000
    endloop
  endfacet
  facet normal 0 0 1
    outer loop
      vertex 12.9853 14.7861 2.6000
      vertex 13.4413 14.8360 2.6000
      vertex 12.9876 14.8421 2.6000
    endloop
  endfacet
  facet normal -0.998564 -0.053563 0
    outer loop
      vertex 12.9889 11.5090 2.0000
      vertex 12.9917 11.4568 2.0000
      vertex 12.9889 11.5090 2.6000
    endloop
  endfacet
  facet normal -0.998564 -0.053563 0
    outer loop
      vertex 12.9889 11.5090 2.6000
      vertex 12.9917 11.4568 2.0000
      vertex 12.9917 11.4568 2.6000
    endloop
  endfacet
  facet normal 0 0 1
    outer loop
      vertex 12.9889 11.5090 2.6000
      vertex 12.9917 11.4568 2.6000
      vertex 13.4413 11.4527 2.6000
    endloop
  endfacet
  facet normal 0 0 1
    outer loop
      vertex 12.9889 11.5090 2.6000
      vertex 13.2749 12.0065 2.6000
      vertex 13.1814 12.1103 2.6000
    endloop
  endfacet
  facet normal 0 0 1
    outer loop
      vertex 12.9889 11.5090 2.6000
      vertex 13.3477 11.8888 2.6000
      vertex 13.2749 12.0065 2.6000
    endloop
  endfacet
  facet normal 0 0 1
    outer loop
      vertex 12.9889 11.5090 2.6000
      vertex 13.3997 11.7573 2.6000
      vertex 13.3477 11.8888 2.6000
    endloop
  endfacet
  facet normal 0 0 1
    outer loop
      vertex 12.9889 11.5090 2.6000
      vertex 13.4309 11.6119 2.6000
      vertex 13.3997 11.7573 2.6000
    endloop
  endfacet
  facet normal 0 0 1
    outer loop
      vertex 12.9889 11.5090 2.6000
      vertex 13.4413 11.4527 2.6000
      vertex 13.4309 11.6119 2.6000
    endloop
  endfacet
  facet normal -0.99879 0.049183 0
    outer loop
      vertex 12.9891 11.4040 2.0000
      vertex 12.9891 11.4040 2.6000
      vertex 12.9917 11.4568 2.6000
    endloop
  endfacet
  facet normal -0.99879 0.049183 0
    outer loop
      vertex 12.9891 11.4040 2.0000
      vertex 12.9917 11.4568 2.6000
      vertex 12.9917 11.4568 2.0000
    endloop
  endfacet
  facet normal 0 0 1
    outer loop
      vertex 12.9891 11.4040 2.6000
      vertex 13.4413 11.4527 2.6000
      vertex 12.9917 11.4568 2.6000
    endloop
  endfacet
  facet normal 0.552537 -0.833488 0
    outer loop
      vertex 13.0092 13.9355 2.0000
      vertex 13.0982 13.9945 2.0000
      vertex 13.0982 13.9945 2.6000
    endloop
  endfacet
  facet normal 0.552537 -0.833488 0
    outer loop
      vertex 13.0092 13.9355 2.0000
      vertex 13.0982 13.9945 2.6000
      vertex 13.0092 13.9355 2.6000
    endloop
  endfacet
  facet normal 0 0 1
    outer loop
      vertex 13.0092 13.9355 2.0000
      vertex 13.4006 13.4369 2.0000
      vertex 13.0982 13.9945 2.0000
    endloop
  endfacet
  facet normal 0.618307 0.785937 0
    outer loop
      vertex 13.0670 12.2003 2.0000
      vertex 13.0670 12.2003 2.6000
      vertex 13.1814 12.1103 2.0000
    endloop
  endfacet
  facet normal 0 0 1
    outer loop
      vertex 13.0670 12.2003 2.0000
      vertex 13.1814 12.1103 2.0000
      vertex 13.4006 12.8490 2.0000
    endloop
  endfacet
  facet normal 0.618307 0.785937 0
    outer loop
      vertex 13.0670 12.2003 2.6000
      vertex 13.1814 12.1103 2.6000
      vertex 13.1814 12.1103 2.0000
    endloop
  endfacet
  facet normal 0.682991 -0.730426 0
    outer loop
      vertex 13.0726 10.7142 2.0000
      vertex 13.2774 10.9057 2.0000
      vertex 13.2774 10.9057 2.6000
    endloop
  endfacet
  facet normal 0.682991 -0.730426 0
    outer loop
      vertex 13.0726 10.7142 2.0000
      vertex 13.2774 10.9057 2.6000
      vertex 13.0726 10.7142 2.6000
    endloop
  endfacet
  facet normal 0 0 1
    outer loop
      vertex 13.0726 10.7142 2.0000
      vertex 13.4006 10.2415 2.0000
      vertex 13.2774 10.9057 2.0000
    endloop
  endfacet
  facet normal 0.674103 0.738637 0
    outer loop
      vertex 13.0767 15.7008 2.0000
      vertex 13.0767 15.7008 2.6000
      vertex 13.1717 15.6141 2.0000
    endloop
  endfacet
  facet normal 0.674103 0.738637 0
    outer loop
      vertex 13.0767 15.7008 2.6000
      vertex 13.1717 15.6141 2.6000
      vertex 13.1717 15.6141 2.0000
    endloop
  endfacet
  facet normal 0.661716 -0.749755 0
    outer loop
      vertex 13.0982 13.9945 2.0000
      vertex 13.1774 14.0644 2.0000
      vertex 13.1774 14.0644 2.6000
    endloop
  endfacet
  facet normal 0.661716 -0.749755 0
    outer loop
      vertex 13.0982 13.9945 2.0000
      vertex 13.1774 14.0644 2.6000
      vertex 13.0982 13.9945 2.6000
    endloop
  endfacet
  facet normal 0 0 1
    outer loop
      vertex 13.0982 13.9945 2.0000
      vertex 13.4006 13.4369 2.0000
      vertex 13.1774 14.0644 2.0000
    endloop
  endfacet
  facet normal 0.772996 0.634411 0
    outer loop
      vertex 13.1717 15.6141 2.0000
      vertex 13.1717 15.6141 2.6000
      vertex 13.2541 15.5137 2.6000
    endloop
  endfacet
  facet normal 0.772996 0.634411 0
    outer loop
      vertex 13.1717 15.6141 2.0000
      vertex 13.2541 15.5137 2.6000
      vertex 13.2541 15.5137 2.0000
    endloop
  endfacet
  facet normal 0.758065 -0.652179 0
    outer loop
      vertex 13.1774 14.0644 2.0000
      vertex 13.2470 14.1453 2.0000
      vertex 13.1774 14.0644 2.6000
    endloop
  endfacet
  facet normal 0 0 1
    outer loop
      vertex 13.1774 14.0644 2.0000
      vertex 13.4006 13.4369 2.0000
      vertex 13.2470 14.1453 2.0000
    endloop
  endfacet
  facet normal 0.758065 -0.652179 0
    outer loop
      vertex 13.1774 14.0644 2.6000
      vertex 13.2470 14.1453 2.0000
      vertex 13.2470 14.1453 2.6000
    endloop
  endfacet
  facet normal 0.743009 0.669281 0
    outer loop
      vertex 13.1814 12.1103 2.0000
      vertex 13.1814 12.1103 2.6000
      vertex 13.2749 12.0065 2.6000
    endloop
  endfacet
  facet normal 0 0 1
    outer loop
      vertex 13.1814 12.1103 2.0000
      vertex 13.2749 12.0065 2.0000
      vertex 13.4006 12.8490 2.0000
    endloop
  endfacet
  facet normal 0.743009 0.669281 0
    outer loop
      vertex 13.1814 12.1103 2.0000
      vertex 13.2749 12.0065 2.6000
      vertex 13.2749 12.0065 2.0000
    endloop
  endfacet
  facet normal 0.838213 -0.545343 0
    outer loop
      vertex 13.2470 14.1453 2.0000
      vertex 13.3064 14.2366 2.0000
      vertex 13.2470 14.1453 2.6000
    endloop
  endfacet
  facet normal 0 0 1
    outer loop
      vertex 13.2470 14.1453 2.0000
      vertex 13.4006 13.4369 2.0000
      vertex 13.3064 14.2366 2.0000
    endloop
  endfacet
  facet normal 0.838213 -0.545343 0
    outer loop
      vertex 13.2470 14.1453 2.6000
      vertex 13.3064 14.2366 2.0000
      vertex 13.3064 14.2366 2.6000
    endloop
  endfacet
  facet normal 0.857223 0.514945 0
    outer loop
      vertex 13.2541 15.5137 2.0000
      vertex 13.2541 15.5137 2.6000
      vertex 13.3215 15.4015 2.6000
    endloop
  endfacet
  facet normal 0 0 1
    outer loop
      vertex 13.2541 15.5137 2.0000
      vertex 13.3215 15.4015 2.0000
      vertex 14.0000 24.0000 2.0000
    endloop
  endfacet
  facet normal 0.857223 0.514945 0
    outer loop
      vertex 13.2541 15.5137 2.0000
      vertex 13.3215 15.4015 2.6000
      vertex 13.3215 15.4015 2.0000
    endloop
  endfacet
  facet normal 0.850465 0.526031 0
    outer loop
      vertex 13.2749 12.0065 2.0000
      vertex 13.2749 12.0065 2.6000
      vertex 13.3477 11.8888 2.6000
    endloop
  endfacet
  facet normal 0 0 1
    outer loop
      vertex 13.2749 12.0065 2.0000
      vertex 13.3477 11.8888 2.0000
      vertex 13.4006 12.8490 2.0000
    endloop
  endfacet
  facet normal 0.850465 0.526031 0
    outer loop
      vertex 13.2749 12.0065 2.0000
      vertex 13.3477 11.8888 2.6000
      vertex 13.3477 11.8888 2.0000
    endloop
  endfacet
  facet normal 0.894645 -0.446777 0
    outer loop
      vertex 13.2774 10.9057 2.0000
      vertex 13.4003 11.1518 2.0000
      vertex 13.2774 10.9057 2.6000
    endloop
  endfacet
  facet normal 0 0 1
    outer loop
      vertex 13.2774 10.9057 2.0000
      vertex 13.4006 10.2415 2.0000
      vertex 13.4003 11.1518 2.0000
    endloop
  endfacet
  facet normal 0.894645 -0.446777 0
    outer loop
      vertex 13.2774 10.9057 2.6000
      vertex 13.4003 11.1518 2.0000
      vertex 13.4003 11.1518 2.6000
    endloop
  endfacet
  facet normal 0.90095 -0.433923 0
    outer loop
      vertex 13.3064 14.2366 2.0000
      vertex 13.3549 14.3373 2.0000
      vertex 13.3064 14.2366 2.6000
    endloop
  endfacet
  facet normal 0 0 1
    outer loop
      vertex 13.3064 14.2366 2.0000
      vertex 13.4006 13.4369 2.0000
      vertex 13.3549 14.3373 2.0000
    endloop
  endfacet
  facet normal 0.90095 -0.433923 0
    outer loop
      vertex 13.3064 14.2366 2.6000
      vertex 13.3549 14.3373 2.0000
      vertex 13.3549 14.3373 2.6000
    endloop
  endfacet
  facet normal 0.920906 0.389786 0
    outer loop
      vertex 13.3215 15.4015 2.0000
      vertex 13.3215 15.4015 2.6000
      vertex 13.3739 15.2777 2.6000
    endloop
  endfacet
  facet normal 0 0 1
    outer loop
      vertex 13.3215 15.4015 2.0000
      vertex 13.3739 15.2777 2.0000
      vertex 14.0000 24.0000 2.0000
    endloop
  endfacet
  facet normal 0.920906 0.389786 0
    outer loop
      vertex 13.3215 15.4015 2.0000
      vertex 13.3739 15.2777 2.6000
      vertex 13.3739 15.2777 2.0000
    endloop
  endfacet
  facet normal 0.929933 0.36773 0
    outer loop
      vertex 13.3477 11.8888 2.0000
      vertex 13.3477 11.8888 2.6000
      vertex 13.3997 11.7573 2.6000
    endloop
  endfacet
  facet normal 0 0 1
    outer loop
      vertex 13.3477 11.8888 2.0000
      vertex 13.3997 11.7573 2.0000
      vertex 13.4006 12.8490 2.0000
    endloop
  endfacet
  facet normal 0.929933 0.36773 0
    outer loop
      vertex 13.3477 11.8888 2.0000
      vertex 13.3997 11.7573 2.6000
      vertex 13.3997 11.7573 2.0000
    endloop
  endfacet
  facet normal 0.946081 -0.32393 0
    outer loop
      vertex 13.3549 14.3373 2.0000
      vertex 13.3927 14.4477 2.0000
      vertex 13.3549 14.3373 2.6000
    endloop
  endfacet
  facet normal 0 0 1
    outer loop
      vertex 13.3549 14.3373 2.0000
      vertex 13.4006 13.4369 2.0000
      vertex 13.3927 14.4477 2.0000
    endloop
  endfacet
  facet normal 0.946081 -0.32393 0
    outer loop
      vertex 13.3549 14.3373 2.6000
      vertex 13.3927 14.4477 2.0000
      vertex 13.3927 14.4477 2.6000
    endloop
  endfacet
  facet normal 0.963955 0.266066 0
    outer loop
      vertex 13.3739 15.2777 2.0000
      vertex 13.3739 15.2777 2.6000
      vertex 13.4113 15.1422 2.6000
    endloop
  endfacet
  facet normal 0 0 1
    outer loop
      vertex 13.3739 15.2777 2.0000
      vertex 13.4113 15.1422 2.0000
      vertex 14.0000 24.0000 2.0000
    endloop
  endfacet
  facet normal 0.963955 0.266066 0
    outer loop
      vertex 13.3739 15.2777 2.0000
      vertex 13.4113 15.1422 2.6000
      vertex 13.4113 15.1422 2.0000
    endloop
  endfacet
  facet normal 0 0 1
    outer loop
      vertex 13.3927 14.4477 2.0000
      vertex 13.4006 13.4369 2.0000
      vertex 13.4197 14.5676 2.0000
    endloop
  endfacet
  facet normal 0.975571 -0.219686 0
    outer loop
      vertex 13.3927 14.4477 2.0000
      vertex 13.4197 14.5676 2.0000
      vertex 13.3927 14.4477 2.6000
    endloop
  endfacet
  facet normal 0.975571 -0.219686 0
    outer loop
      vertex 13.3927 14.4477 2.6000
      vertex 13.4197 14.5676 2.0000
      vertex 13.4197 14.5676 2.6000
    endloop
  endfacet
  facet normal 0.977743 0.209805 0
    outer loop
      vertex 13.3997 11.7573 2.0000
      vertex 13.3997 11.7573 2.6000
      vertex 13.4309 11.6119 2.6000
    endloop
  endfacet
  facet normal 0 0 1
    outer loop
      vertex 13.3997 11.7573 2.0000
      vertex 13.4309 11.6119 2.0000
      vertex 13.4006 12.8490 2.0000
    endloop
  endfacet
  facet normal 0.977743 0.209805 0
    outer loop
      vertex 13.3997 11.7573 2.0000
      vertex 13.4309 11.6119 2.6000
      vertex 13.4309 11.6119 2.0000
    endloop
  endfacet
  facet normal 0 0 1
    outer loop
      vertex 13.4003 11.1518 2.0000
      vertex 13.4006 10.2415 2.0000
      vertex 13.4413 11.4527 2.0000
    endloop
  endfacet
  facet normal 0.990844 -0.13501 0
    outer loop
      vertex 13.4003 11.1518 2.0000
      vertex 13.4413 11.4527 2.0000
      vertex 13.4003 11.1518 2.6000
    endloop
  endfacet
  facet normal 0.990844 -0.13501 0
    outer loop
      vertex 13.4003 11.1518 2.6000
      vertex 13.4413 11.4527 2.0000
      vertex 13.4413 11.4527 2.6000
    endloop
  endfacet
  facet normal 1 0 0
    outer loop
      vertex 13.4006 8.3027 2.0000
      vertex 13.4006 10.2415 2.0000
      vertex 13.4006 8.3027 2.6000
    endloop
  endfacet
  facet normal 0 0 1
    outer loop
      vertex 13.4006 8.3027 2.0000
      vertex 13.4413 11.4527 2.0000
      vertex 13.4006 10.2415 2.0000
    endloop
  endfacet
  facet normal 0 0 1
    outer loop
      vertex 13.4006 8.3027 2.0000
      vertex 14.0000 0.0000 2.0000
      vertex 13.4413 11.4527 2.0000
    endloop
  endfacet
  facet normal 1 0 0
    outer loop
      vertex 13.4006 8.3027 2.6000
      vertex 13.4006 10.2415 2.0000
      vertex 13.4006 10.2415 2.6000
    endloop
  endfacet
  facet normal 1 0 0
    outer loop
      vertex 13.4006 12.8490 2.0000
      vertex 13.4006 13.4369 2.0000
      vertex 13.4006 12.8490 2.6000
    endloop
  endfacet
  facet normal 0 0 1
    outer loop
      vertex 13.4006 12.8490 2.0000
      vertex 13.4309 11.6119 2.0000
      vertex 13.4413 11.4527 2.0000
    endloop
  endfacet
  facet normal 0 0 1
    outer loop
      vertex 13.4006 12.8490 2.0000
      vertex 13.4413 11.4527 2.0000
      vertex 13.4006 13.4369 2.0000
    endloop
  endfacet
  facet normal 1 0 0
    outer loop
      vertex 13.4006 12.8490 2.6000
      vertex 13.4006 13.4369 2.0000
      vertex 13.4006 13.4369 2.6000
    endloop
  endfacet
  facet normal 0 0 1
    outer loop
      vertex 13.4006 13.4369 2.0000
      vertex 13.4359 14.6970 2.0000
      vertex 13.4197 14.5676 2.0000
    endloop
  endfacet
  facet normal 0 0 1
    outer loop
      vertex 13.4006 13.4369 2.0000
      vertex 13.4413 11.4527 2.0000
      vertex 13.4359 14.6970 2.0000
    endloop
  endfacet
  facet normal 0.988534 0.150998 0
    outer loop
      vertex 13.4113 15.1422 2.0000
      vertex 13.4113 15.1422 2.6000
      vertex 13.4338 14.9949 2.6000
    endloop
  endfacet
  facet normal 0 0 1
    outer loop
      vertex 13.4113 15.1422 2.0000
      vertex 13.4338 14.9949 2.0000
      vertex 14.0000 24.0000 2.0000
    endloop
  endfacet
  facet normal 0.988534 0.150998 0
    outer loop
      vertex 13.4113 15.1422 2.0000
      vertex 13.4338 14.9949 2.6000
      vertex 13.4338 14.9949 2.0000
    endloop
  endfacet
  facet normal 0.992254 -0.124223 0
    outer loop
      vertex 13.4197 14.5676 2.0000
      vertex 13.4359 14.6970 2.0000
      vertex 13.4197 14.5676 2.6000
    endloop
  endfacet
  facet normal 0.992254 -0.124223 0
    outer loop
      vertex 13.4197 14.5676 2.6000
      vertex 13.4359 14.6970 2.0000
      vertex 13.4359 14.6970 2.6000
    endloop
  endfacet
  facet normal 0.997873 0.065188 0
    outer loop
      vertex 13.4309 11.6119 2.0000
      vertex 13.4309 11.6119 2.6000
      vertex 13.4413 11.4527 2.6000
    endloop
  endfacet
  facet normal 0.997873 0.065188 0
    outer loop
      vertex 13.4309 11.6119 2.0000
      vertex 13.4413 11.4527 2.6000
      vertex 13.4413 11.4527 2.0000
    endloop
  endfacet
  facet normal 0.998888 0.047147 0
    outer loop
      vertex 13.4338 14.9949 2.0000
      vertex 13.4338 14.9949 2.6000
      vertex 13.4413 14.8360 2.6000
    endloop
  endfacet
  facet normal 0 0 1
    outer loop
      vertex 13.4338 14.9949 2.0000
      vertex 13.4413 14.8360 2.0000
      vertex 14.0000 24.0000 2.0000
    endloop
  endfacet
  facet normal 0.998888 0.047147 0
    outer loop
      vertex 13.4338 14.9949 2.0000
      vertex 13.4413 14.8360 2.6000
      vertex 13.4413 14.8360 2.0000
    endloop
  endfacet
  facet normal 0 0 1
    outer loop
      vertex 13.4359 14.6970 2.0000
      vertex 13.4413 11.4527 2.0000
      vertex 13.4413 14.8360 2.0000
    endloop
  endfacet
  facet normal 0.999246 -0.03882 0
    outer loop
      vertex 13.4359 14.6970 2.0000
      vertex 13.4413 14.8360 2.0000
      vertex 13.4359 14.6970 2.6000
    endloop
  endfacet
  facet normal 0.999246 -0.03882 0
    outer loop
      vertex 13.4359 14.6970 2.6000
      vertex 13.4413 14.8360 2.0000
      vertex 13.4413 14.8360 2.6000
    endloop
  endfacet
  facet normal 0 0 1
    outer loop
      vertex 13.4413 11.4527 2.0000
      vertex 14.0000 0.0000 2.0000
      vertex 14.0000 24.0000 2.0000
    endloop
  endfacet
  facet normal 0 0 1
    outer loop
      vertex 13.4413 11.4527 2.0000
      vertex 14.0000 24.0000 2.0000
      vertex 13.4413 14.8360 2.0000
    endloop
  endfacet
  facet normal 1 0 0
    outer loop
      vertex 14.0000 0.0000 0.0000
      vertex 14.0000 24.0000 0.0000
      vertex 14.0000 0.0000 2.0000
    endloop
  endfacet
  facet normal 1 0 0
    outer loop
      vertex 14.0000 0.0000 2.0000
      vertex 14.0000 24.0000 0.0000
      vertex 14.0000 24.0000 2.0000
    endloop
  endfacet
  facet normal -1 0 0
    outer loop
      vertex 20.0000 0.0000 0.0000
      vertex 20.0000 0.0000 2.0000
      vertex 20.0000 24.0000 2.0000
    endloop
  endfacet
  facet normal 0 0 -1
    outer loop
      vertex 20.0000 0.0000 0.0000
      vertex 20.0000 24.0000 0.0000
      vertex 34.0000 24.0000 0.0000
    endloop
  endfacet
  facet normal -1 0 0
    outer loop
      vertex 20.0000 0.0000 0.0000
      vertex 20.0000 24.0000 2.0000
      vertex 20.0000 24.0000 0.0000
    endloop
  endfacet
  facet normal 0 -1 0
    outer loop
      vertex 20.0000 0.0000 0.0000
      vertex 34.0000 0.0000 0.0000
      vertex 34.0000 0.0000 2.0000
    endloop
  endfacet
  facet normal 0 -1 0
    outer loop
      vertex 20.0000 0.0000 0.0000
      vertex 34.0000 0.0000 2.0000
      vertex 20.0000 0.0000 2.0000
    endloop
  endfacet
  facet normal 0 0 -1
    outer loop
      vertex 20.0000 0.0000 0.0000
      vertex 34.0000 24.0000 0.0000
      vertex 34.0000 0.0000 0.0000
    endloop
  endfacet
  facet normal 0 0 1
    outer loop
      vertex 20.0000 0.0000 2.0000
      vertex 22.0000 3.0000 2.0000
      vertex 22.0000 4.1000 2.0000
    endloop
  endfacet
  facet normal 0 0 1
    outer loop
      vertex 20.0000 0.0000 2.0000
      vertex 22.0000 4.1000 2.0000
      vertex 20.0000 24.0000 2.0000
    endloop
  endfacet
  facet normal 0 0 1
    outer loop
      vertex 20.0000 0.0000 2.0000
      vertex 34.0000 0.0000 2.0000
      vertex 22.0000 3.0000 2.0000
    endloop
  endfacet
  facet normal 0 1 0
    outer loop
      vertex 20.0000 24.0000 0.0000
      vertex 20.0000 24.0000 2.0000
      vertex 34.0000 24.0000 0.0000
    endloop
  endfacet
  facet normal 0 0 1
    outer loop
      vertex 20.0000 24.0000 2.0000
      vertex 22.0000 4.1000 2.0000
      vertex 22.0000 19.9000 2.0000
    endloop
  endfacet
  facet normal 0 0 1
    outer loop
      vertex 20.0000 24.0000 2.0000
      vertex 22.0000 19.9000 2.0000
      vertex 22.0000 21.0000 2.0000
    endloop
  endfacet
  facet normal 0 0 1
    outer loop
      vertex 20.0000 24.0000 2.0000
      vertex 22.0000 21.0000 2.0000
      vertex 34.0000 24.0000 2.0000
    endloop
  endfacet
  facet normal 0 1 0
    outer loop
      vertex 20.0000 24.0000 2.0000
      vertex 34.0000 24.0000 2.0000
      vertex 34.0000 24.0000 0.0000
    endloop
  endfacet
  facet normal -1 0 0
    outer loop
      vertex 22.0000 3.0000 2.0000
      vertex 22.0000 3.0000 2.0100
      vertex 22.0000 4.1000 2.0100
    endloop
  endfacet
  facet normal -1 0 0
    outer loop
      vertex 22.0000 3.0000 2.0000
      vertex 22.0000 4.1000 2.0100
      vertex 22.0000 4.1000 2.0000
    endloop
  endfacet
  facet normal 0 -1 0
    outer loop
      vertex 22.0000 3.0000 2.0000
      vertex 32.0000 3.0000 2.0000
      vertex 32.0000 3.0000 2.0100
    endloop
  endfacet
  facet normal 0 -1 0
    outer loop
      vertex 22.0000 3.0000 2.0000
      vertex 32.0000 3.0000 2.0100
      vertex 22.0000 3.0000 2.0100
    endloop
  endfacet
  facet normal 0 0 1
    outer loop
      vertex 22.0000 3.0000 2.0000
      vertex 34.0000 0.0000 2.0000
      vertex 32.0000 3.0000 2.0000
    endloop
  endfacet
  facet normal -0.93255 0 0.36104
    outer loop
      vertex 22.0000 3.0000 2.0100
      vertex 26.4000 3.0000 13.3750
      vertex 26.4000 4.1000 13.3750
    endloop
  endfacet
  facet normal -0.93255 0 0.36104
    outer loop
      vertex 22.0000 3.0000 2.0100
      vertex 26.4000 4.1000 13.3750
      vertex 22.0000 4.1000 2.0100
    endloop
  endfacet
  facet normal 0 -1 0
    outer loop
      vertex 22.0000 3.0000 2.0100
      vertex 27.6000 3.0000 13.3750
      vertex 26.4000 3.0000 13.3750
    endloop
  endfacet
  facet normal 0 -1 0
    outer loop
      vertex 22.0000 3.0000 2.0100
      vertex 32.0000 3.0000 2.0100
      vertex 27.6000 3.0000 13.3750
    endloop
  endfacet
  facet normal 0 1 0
    outer loop
      vertex 22.0000 4.1000 2.0000
      vertex 22.0000 4.1000 2.0100
      vertex 26.4000 4.1000 2.0000
    endloop
  endfacet
  facet normal 0 0 1
    outer loop
      vertex 22.0000 4.1000 2.0000
      vertex 26.4000 4.1000 2.0000
      vertex 22.0000 19.9000 2.0000
    endloop
  endfacet
  facet normal 0 1 0
    outer loop
      vertex 22.0000 4.1000 2.0100
      vertex 26.4000 4.1000 13.3750
      vertex 26.4000 4.1000 2.0000
    endloop
  endfacet
  facet normal -1 0 0
    outer loop
      vertex 22.0000 19.9000 2.0000
      vertex 22.0000 19.9000 2.0100
      vertex 22.0000 21.0000 2.0100
    endloop
  endfacet
  facet normal -1 0 0
    outer loop
      vertex 22.0000 19.9000 2.0000
      vertex 22.0000 21.0000 2.0100
      vertex 22.0000 21.0000 2.0000
    endloop
  endfacet
  facet normal 0 0 1
    outer loop
      vertex 22.0000 19.9000 2.0000
      vertex 26.4000 4.1000 2.0000
      vertex 26.4000 19.9000 2.0000
    endloop
  endfacet
  facet normal 0 -1 0
    outer loop
      vertex 22.0000 19.9000 2.0000
      vertex 26.4000 19.9000 2.0000
      vertex 22.0000 19.9000 2.0100
    endloop
  endfacet
  facet normal 0 -1 0
    outer loop
      vertex 22.0000 19.9000 2.0100
      vertex 26.4000 19.9000 2.0000
      vertex 26.4000 19.9000 13.3750
    endloop
  endfacet
  facet normal -0.93255 0 0.36104
    outer loop
      vertex 22.0000 19.9000 2.0100
      vertex 26.4000 19.9000 13.3750
      vertex 26.4000 21.0000 13.3750
    endloop
  endfacet
  facet normal -0.93255 0 0.36104
    outer loop
      vertex 22.0000 19.9000 2.0100
      vertex 26.4000 21.0000 13.3750
      vertex 22.0000 21.0000 2.0100
    endloop
  endfacet
  facet normal 0 1 0
    outer loop
      vertex 22.0000 21.0000 2.0000
      vertex 22.0000 21.0000 2.0100
      vertex 32.0000 21.0000 2.0000
    endloop
  endfacet
  facet normal 0 0 1
    outer loop
      vertex 22.0000 21.0000 2.0000
      vertex 32.0000 21.0000 2.0000
      vertex 34.0000 24.0000 2.0000
    endloop
  endfacet
  facet normal 0 1 0
    outer loop
      vertex 22.0000 21.0000 2.0100
      vertex 26.4000 21.0000 13.3750
      vertex 32.0000 21.0000 2.0100
    endloop
  endfacet
  facet normal 0 1 0
    outer loop
      vertex 22.0000 21.0000 2.0100
      vertex 32.0000 21.0000 2.0100
      vertex 32.0000 21.0000 2.0000
    endloop
  endfacet
  facet normal -1 0 0
    outer loop
      vertex 26.4000 3.0000 13.3750
      vertex 26.4000 3.0000 18.2500
      vertex 26.4000 4.1000 13.3750
    endloop
  endfacet
  facet normal 0 -1 0
    outer loop
      vertex 26.4000 3.0000 13.3750
      vertex 27.6000 3.0000 13.3750
      vertex 27.6000 3.0000 18.2500
    endloop
  endfacet
  facet normal 0 -1 0
    outer loop
      vertex 26.4000 3.0000 13.3750
      vertex 27.6000 3.0000 18.2500
      vertex 26.4000 3.0000 18.2500
    endloop
  endfacet
  facet normal -1 0 0
    outer loop
      vertex 26.4000 3.0000 18.2500
      vertex 26.4000 6.2500 15.7500
      vertex 26.4000 4.1000 13.3750
    endloop
  endfacet
  facet normal -1 0 0
    outer loop
      vertex 26.4000 3.0000 18.2500
      vertex 26.4000 6.8500 18.2500
      vertex 26.4000 6.2500 15.7500
    endloop
  endfacet
  facet normal 0 0 1
    outer loop
      vertex 26.4000 3.0000 18.2500
      vertex 27.6000 3.0000 18.2500
      vertex 26.4000 6.8500 18.2500
    endloop
  endfacet
  facet normal -1 0 0
    outer loop
      vertex 26.4000 4.1000 2.0000
      vertex 26.4000 4.1000 13.3750
      vertex 26.4000 6.3757 8.8045
    endloop
  endfacet
  facet normal -1 0 0
    outer loop
      vertex 26.4000 4.1000 2.0000
      vertex 26.4000 6.3757 8.8045
      vertex 26.4000 6.5314 8.2232
    endloop
  endfacet
  facet normal -1 0 0
    outer loop
      vertex 26.4000 4.1000 2.0000
      vertex 26.4000 6.5314 8.2232
      vertex 26.4000 6.7471 7.6613
    endloop
  endfacet
  facet normal -1 0 0
    outer loop
      vertex 26.4000 4.1000 2.0000
      vertex 26.4000 6.7471 7.6613
      vertex 26.4000 7.0203 7.1250
    endloop
  endfacet
  facet normal -1 0 0
    outer loop
      vertex 26.4000 4.1000 2.0000
      vertex 26.4000 7.0203 7.1250
      vertex 26.4000 7.3482 6.6202
    endloop
  endfacet
  facet normal -1 0 0
    outer loop
      vertex 26.4000 4.1000 2.0000
      vertex 26.4000 7.3482 6.6202
      vertex 26.4000 7.7269 6.1525
    endloop
  endfacet
  facet normal -1 0 0
    outer loop
      vertex 26.4000 4.1000 2.0000
      vertex 26.4000 7.7269 6.1525
      vertex 26.4000 8.1525 5.7269
    endloop
  endfacet
  facet normal -1 0 0
    outer loop
      vertex 26.4000 4.1000 2.0000
      vertex 26.4000 8.1525 5.7269
      vertex 26.4000 8.6202 5.3482
    endloop
  endfacet
  facet normal -1 0 0
    outer loop
      vertex 26.4000 4.1000 2.0000
      vertex 26.4000 8.6202 5.3482
      vertex 26.4000 9.1250 5.0203
    endloop
  endfacet
  facet normal -1 0 0
    outer loop
      vertex 26.4000 4.1000 2.0000
      vertex 26.4000 9.1250 5.0203
      vertex 26.4000 9.6613 4.7471
    endloop
  endfacet
  facet normal -1 0 0
    outer loop
      vertex 26.4000 4.1000 2.0000
      vertex 26.4000 9.6613 4.7471
      vertex 26.4000 10.2232 4.5314
    endloop
  endfacet
  facet normal -1 0 0
    outer loop
      vertex 26.4000 4.1000 2.0000
      vertex 26.4000 10.2232 4.5314
      vertex 26.4000 10.8045 4.3757
    endloop
  endfacet
  facet normal -1 0 0
    outer loop
      vertex 26.4000 4.1000 2.0000
      vertex 26.4000 10.8045 4.3757
      vertex 26.4000 11.3990 4.2815
    endloop
  endfacet
  facet normal -1 0 0
    outer loop
      vertex 26.4000 4.1000 2.0000
      vertex 26.4000 11.3990 4.2815
      vertex 26.4000 12.0000 4.2500
    endloop
  endfacet
  facet normal -1 0 0
    outer loop
      vertex 26.4000 4.1000 2.0000
      vertex 26.4000 12.0000 4.2500
      vertex 26.4000 19.9000 2.0000
    endloop
  endfacet
  facet normal -1 0 0
    outer loop
      vertex 26.4000 4.1000 13.3750
      vertex 26.4000 6.2500 10.0000
      vertex 26.4000 6.2815 9.3990
    endloop
  endfacet
  facet normal -1 0 0
    outer loop
      vertex 26.4000 4.1000 13.3750
      vertex 26.4000 6.2500 15.7500
      vertex 26.4000 6.2500 10.0000
    endloop
  endfacet
  facet normal -1 0 0
    outer loop
      vertex 26.4000 4.1000 13.3750
      vertex 26.4000 6.2815 9.3990
      vertex 26.4000 6.3757 8.8045
    endloop
  endfacet
  facet normal 0 1 0
    outer loop
      vertex 26.4000 6.2500 10.0000
      vertex 26.4000 6.2500 15.7500
      vertex 27.6000 6.2500 10.0000
    endloop
  endfacet
  facet normal 0 0.998629 0.052341
    outer loop
      vertex 26.4000 6.2500 10.0000
      vertex 27.6000 6.2500 10.0000
      vertex 27.6000 6.2815 9.3990
    endloop
  endfacet
  facet normal 0 0.998629 0.052341
    outer loop
      vertex 26.4000 6.2500 10.0000
      vertex 27.6000 6.2815 9.3990
      vertex 26.4000 6.2815 9.3990
    endloop
  endfacet
  facet normal 0 0 -1
    outer loop
      vertex 26.4000 6.2500 15.7500
      vertex 26.4000 6.8500 15.7500
      vertex 27.6000 6.8500 15.7500
    endloop
  endfacet
  facet normal -1 0 0
    outer loop
      vertex 26.4000 6.2500 15.7500
      vertex 26.4000 6.8500 18.2500
      vertex 26.4000 6.8500 15.7500
    endloop
  endfacet
  facet normal 0 1 0
    outer loop
      vertex 26.4000 6.2500 15.7500
      vertex 27.6000 6.2500 15.7500
      vertex 27.6000 6.2500 10.0000
    endloop
  endfacet
  facet normal 0 0 -1
    outer loop
      vertex 26.4000 6.2500 15.7500
      vertex 27.6000 6.8500 15.7500
      vertex 27.6000 6.2500 15.7500
    endloop
  endfacet
  facet normal 0 0.987678 0.1565
    outer loop
      vertex 26.4000 6.2815 9.3990
      vertex 27.6000 6.2815 9.3990
      vertex 27.6000 6.3757 8.8045
    endloop
  endfacet
  facet normal 0 0.987678 0.1565
    outer loop
      vertex 26.4000 6.2815 9.3990
      vertex 27.6000 6.3757 8.8045
      vertex 26.4000 6.3757 8.8045
    endloop
  endfacet
  facet normal 0 0.96595 0.258728
    outer loop
      vertex 26.4000 6.3757 8.8045
      vertex 27.6000 6.3757 8.8045
      vertex 27.6000 6.5314 8.2232
    endloop
  endfacet
  facet normal 0 0.96595 0.258728
    outer loop
      vertex 26.4000 6.3757 8.8045
      vertex 27.6000 6.5314 8.2232
      vertex 26.4000 6.5314 8.2232
    endloop
  endfacet
  facet normal 0 0.933577 0.358378
    outer loop
      vertex 26.4000 6.5314 8.2232
      vertex 27.6000 6.5314 8.2232
      vertex 27.6000 6.7471 7.6613
    endloop
  endfacet
  facet normal 0 0.933577 0.358378
    outer loop
      vertex 26.4000 6.5314 8.2232
      vertex 27.6000 6.7471 7.6613
      vertex 26.4000 6.7471 7.6613
    endloop
  endfacet
  facet normal 0 0.891046 0.453913
    outer loop
      vertex 26.4000 6.7471 7.6613
      vertex 27.6000 6.7471 7.6613
      vertex 27.6000 7.0203 7.1250
    endloop
  endfacet
  facet normal 0 0.891046 0.453913
    outer loop
      vertex 26.4000 6.7471 7.6613
      vertex 27.6000 7.0203 7.1250
      vertex 26.4000 7.0203 7.1250
    endloop
  endfacet
  facet normal 0 1 0
    outer loop
      vertex 26.4000 6.8500 15.7500
      vertex 26.4000 6.8500 18.2500
      vertex 27.6000 6.8500 15.7500
    endloop
  endfacet
  facet normal 0 0 1
    outer loop
      vertex 26.4000 6.8500 18.2500
      vertex 27.6000 3.0000 18.2500
      vertex 27.6000 6.8500 18.2500
    endloop
  endfacet
  facet normal 0 1 0
    outer loop
      vertex 26.4000 6.8500 18.2500
      vertex 27.6000 6.8500 18.2500
      vertex 27.6000 6.8500 15.7500
    endloop
  endfacet
  facet normal 0 0.838611 0.544731
    outer loop
      vertex 26.4000 7.0203 7.1250
      vertex 27.6000 7.0203 7.1250
      vertex 27.6000 7.3482 6.6202
    endloop
  endfacet
  facet normal 0 0.838611 0.544731
    outer loop
      vertex 26.4000 7.0203 7.1250
      vertex 27.6000 7.3482 6.6202
      vertex 26.4000 7.3482 6.6202
    endloop
  endfacet
  facet normal 0 0.777175 0.629284
    outer loop
      vertex 26.4000 7.3482 6.6202
      vertex 27.6000 7.3482 6.6202
      vertex 27.6000 7.7269 6.1525
    endloop
  endfacet
  facet normal 0 0.777175 0.629284
    outer loop
      vertex 26.4000 7.3482 6.6202
      vertex 27.6000 7.7269 6.1525
      vertex 26.4000 7.7269 6.1525
    endloop
  endfacet
  facet normal 0 0.707107 0.707107
    outer loop
      vertex 26.4000 7.7269 6.1525
      vertex 27.6000 7.7269 6.1525
      vertex 27.6000 8.1525 5.7269
    endloop
  endfacet
  facet normal 0 0.707107 0.707107
    outer loop
      vertex 26.4000 7.7269 6.1525
      vertex 27.6000 8.1525 5.7269
      vertex 26.4000 8.1525 5.7269
    endloop
  endfacet
  facet normal 0 0.629284 0.777175
    outer loop
      vertex 26.4000 8.1525 5.7269
      vertex 27.6000 8.1525 5.7269
      vertex 26.4000 8.6202 5.3482
    endloop
  endfacet
  facet normal 0 0.629284 0.777175
    outer loop
      vertex 26.4000 8.6202 5.3482
      vertex 27.6000 8.1525 5.7269
      vertex 27.6000 8.6202 5.3482
    endloop
  endfacet
  facet normal 0 0.544731 0.838611
    outer loop
      vertex 26.4000 8.6202 5.3482
      vertex 27.6000 8.6202 5.3482
      vertex 26.4000 9.1250 5.0203
    endloop
  endfacet
  facet normal 0 0.544731 0.838611
    outer loop
      vertex 26.4000 9.1250 5.0203
      vertex 27.6000 8.6202 5.3482
      vertex 27.6000 9.1250 5.0203
    endloop
  endfacet
  facet normal 0 0.453913 0.891046
    outer loop
      vertex 26.4000 9.1250 5.0203
      vertex 27.6000 9.1250 5.0203
      vertex 26.4000 9.6613 4.7471
    endloop
  endfacet
  facet normal 0 0.453913 0.891046
    outer loop
      vertex 26.4000 9.6613 4.7471
      vertex 27.6000 9.1250 5.0203
      vertex 27.6000 9.6613 4.7471
    endloop
  endfacet
  facet normal 0 0.358378 0.933577
    outer loop
      vertex 26.4000 9.6613 4.7471
      vertex 27.6000 9.6613 4.7471
      vertex 26.4000 10.2232 4.5314
    endloop
  endfacet
  facet normal 0 0.358378 0.933577
    outer loop
      vertex 26.4000 10.2232 4.5314
      vertex 27.6000 9.6613 4.7471
      vertex 27.6000 10.2232 4.5314
    endloop
  endfacet
  facet normal 0 0.258728 0.96595
    outer loop
      vertex 26.4000 10.2232 4.5314
      vertex 27.6000 10.2232 4.5314
      vertex 26.4000 10.8045 4.3757
    endloop
  endfacet
  facet normal 0 0.258728 0.96595
    outer loop
      vertex 26.4000 10.8045 4.3757
      vertex 27.6000 10.2232 4.5314
      vertex 27.6000 10.8045 4.3757
    endloop
  endfacet
  facet normal 0 0.1565 0.987678
    outer loop
      vertex 26.4000 10.8045 4.3757
      vertex 27.6000 10.8045 4.3757
      vertex 26.4000 11.3990 4.2815
    endloop
  endfacet
  facet normal 0 0.1565 0.987678
    outer loop
      vertex 26.4000 11.3990 4.2815
      vertex 27.6000 10.8045 4.3757
      vertex 27.6000 11.3990 4.2815
    endloop
  endfacet
  facet normal 0 0.052341 0.998629
    outer loop
      vertex 26.4000 11.3990 4.2815
      vertex 27.6000 11.3990 4.2815
      vertex 26.4000 12.0000 4.2500
    endloop
  endfacet
  facet normal -1 0 0
    outer loop
      vertex 26.4000 12.0000 4.2500
      vertex 26.4000 12.6010 4.2815
      vertex 26.4000 19.9000 2.0000
    endloop
  endfacet
  facet normal 0 0.052341 0.998629
    outer loop
      vertex 26.4000 12.0000 4.2500
      vertex 27.6000 11.3990 4.2815
      vertex 27.6000 12.0000 4.2500
    endloop
  endfacet
  facet normal 0 -0.052341 0.998629
    outer loop
      vertex 26.4000 12.0000 4.2500
      vertex 27.6000 12.0000 4.2500
      vertex 26.4000 12.6010 4.2815
    endloop
  endfacet
  facet normal -1 0 0
    outer loop
      vertex 26.4000 12.6010 4.2815
      vertex 26.4000 13.1955 4.3757
      vertex 26.4000 19.9000 2.0000
    endloop
  endfacet
  facet normal 0 -0.052341 0.998629
    outer loop
      vertex 26.4000 12.6010 4.2815
      vertex 27.6000 12.0000 4.2500
      vertex 27.6000 12.6010 4.2815
    endloop
  endfacet
  facet normal 0 -0.1565 0.987678
    outer loop
      vertex 26.4000 12.6010 4.2815
      vertex 27.6000 12.6010 4.2815
      vertex 26.4000 13.1955 4.3757
    endloop
  endfacet
  facet normal -1 0 0
    outer loop
      vertex 26.4000 13.1955 4.3757
      vertex 26.4000 13.7768 4.5314
      vertex 26.4000 19.9000 2.0000
    endloop
  endfacet
  facet normal 0 -0.1565 0.987678
    outer loop
      vertex 26.4000 13.1955 4.3757
      vertex 27.6000 12.6010 4.2815
      vertex 27.6000 13.1955 4.3757
    endloop
  endfacet
  facet normal 0 -0.258728 0.96595
    outer loop
      vertex 26.4000 13.1955 4.3757
      vertex 27.6000 13.1955 4.3757
      vertex 26.4000 13.7768 4.5314
    endloop
  endfacet
  facet normal -1 0 0
    outer loop
      vertex 26.4000 13.7768 4.5314
      vertex 26.4000 14.3387 4.7471
      vertex 26.4000 19.9000 2.0000
    endloop
  endfacet
  facet normal 0 -0.258728 0.96595
    outer loop
      vertex 26.4000 13.7768 4.5314
      vertex 27.6000 13.1955 4.3757
      vertex 27.6000 13.7768 4.5314
    endloop
  endfacet
  facet normal 0 -0.358378 0.933577
    outer loop
      vertex 26.4000 13.7768 4.5314
      vertex 27.6000 13.7768 4.5314
      vertex 26.4000 14.3387 4.7471
    endloop
  endfacet
  facet normal -1 0 0
    outer loop
      vertex 26.4000 14.3387 4.7471
      vertex 26.4000 14.8750 5.0203
      vertex 26.4000 19.9000 2.0000
    endloop
  endfacet
  facet normal 0 -0.358378 0.933577
    outer loop
      vertex 26.4000 14.3387 4.7471
      vertex 27.6000 13.7768 4.5314
      vertex 27.6000 14.3387 4.7471
    endloop
  endfacet
  facet normal 0 -0.453913 0.891046
    outer loop
      vertex 26.4000 14.3387 4.7471
      vertex 27.6000 14.3387 4.7471
      vertex 26.4000 14.8750 5.0203
    endloop
  endfacet
  facet normal -1 0 0
    outer loop
      vertex 26.4000 14.8750 5.0203
      vertex 26.4000 15.3798 5.3482
      vertex 26.4000 19.9000 2.0000
    endloop
  endfacet
  facet normal 0 -0.453913 0.891046
    outer loop
      vertex 26.4000 14.8750 5.0203
      vertex 27.6000 14.3387 4.7471
      vertex 27.6000 14.8750 5.0203
    endloop
  endfacet
  facet normal 0 -0.544731 0.838611
    outer loop
      vertex 26.4000 14.8750 5.0203
      vertex 27.6000 14.8750 5.0203
      vertex 26.4000 15.3798 5.3482
    endloop
  endfacet
  facet normal -1 0 0
    outer loop
      vertex 26.4000 15.3798 5.3482
      vertex 26.4000 15.8475 5.7269
      vertex 26.4000 19.9000 2.0000
    endloop
  endfacet
  facet normal 0 -0.544731 0.838611
    outer loop
      vertex 26.4000 15.3798 5.3482
      vertex 27.6000 14.8750 5.0203
      vertex 27.6000 15.3798 5.3482
    endloop
  endfacet
  facet normal 0 -0.629284 0.777175
    outer loop
      vertex 26.4000 15.3798 5.3482
      vertex 27.6000 15.3798 5.3482
      vertex 26.4000 15.8475 5.7269
    endloop
  endfacet
  facet normal -1 0 0
    outer loop
      vertex 26.4000 15.8475 5.7269
      vertex 26.4000 16.2731 6.1525
      vertex 26.4000 19.9000 2.0000
    endloop
  endfacet
  facet normal 0 -0.629284 0.777175
    outer loop
      vertex 26.4000 15.8475 5.7269
      vertex 27.6000 15.3798 5.3482
      vertex 27.6000 15.8475 5.7269
    endloop
  endfacet
  facet normal 0 -0.707107 0.707107
    outer loop
      vertex 26.4000 15.8475 5.7269
      vertex 27.6000 15.8475 5.7269
      vertex 27.6000 16.2731 6.1525
    endloop
  endfacet
  facet normal 0 -0.707107 0.707107
    outer loop
      vertex 26.4000 15.8475 5.7269
      vertex 27.6000 16.2731 6.1525
      vertex 26.4000 16.2731 6.1525
    endloop
  endfacet
  facet normal -1 0 0
    outer loop
      vertex 26.4000 16.2731 6.1525
      vertex 26.4000 16.6518 6.6202
      vertex 26.4000 19.9000 2.0000
    endloop
  endfacet
  facet normal 0 -0.777175 0.629284
    outer loop
      vertex 26.4000 16.2731 6.1525
      vertex 27.6000 16.2731 6.1525
      vertex 27.6000 16.6518 6.6202
    endloop
  endfacet
  facet normal 0 -0.777175 0.629284
    outer loop
      vertex 26.4000 16.2731 6.1525
      vertex 27.6000 16.6518 6.6202
      vertex 26.4000 16.6518 6.6202
    endloop
  endfacet
  facet normal -1 0 0
    outer loop
      vertex 26.4000 16.6518 6.6202
      vertex 26.4000 16.9796 7.1250
      vertex 26.4000 19.9000 2.0000
    endloop
  endfacet
  facet normal 0 -0.838686 0.544615
    outer loop
      vertex 26.4000 16.6518 6.6202
      vertex 27.6000 16.6518 6.6202
      vertex 27.6000 16.9796 7.1250
    endloop
  endfacet
  facet normal 0 -0.838686 0.544615
    outer loop
      vertex 26.4000 16.6518 6.6202
      vertex 27.6000 16.9796 7.1250
      vertex 26.4000 16.9796 7.1250
    endloop
  endfacet
  facet normal -1 0 0
    outer loop
      vertex 26.4000 16.9796 7.1250
      vertex 26.4000 17.2529 7.6613
      vertex 26.4000 19.9000 2.0000
    endloop
  endfacet
  facet normal 0 -0.890979 0.454045
    outer loop
      vertex 26.4000 16.9796 7.1250
      vertex 27.6000 16.9796 7.1250
      vertex 27.6000 17.2529 7.6613
    endloop
  endfacet
  facet normal 0 -0.890979 0.454045
    outer loop
      vertex 26.4000 16.9796 7.1250
      vertex 27.6000 17.2529 7.6613
      vertex 26.4000 17.2529 7.6613
    endloop
  endfacet
  facet normal -1 0 0
    outer loop
      vertex 26.4000 17.1500 15.7500
      vertex 26.4000 17.1500 18.2500
      vertex 26.4000 17.7500 15.7500
    endloop
  endfacet
  facet normal 0 0 -1
    outer loop
      vertex 26.4000 17.1500 15.7500
      vertex 26.4000 17.7500 15.7500
      vertex 27.6000 17.7500 15.7500
    endloop
  endfacet
  facet normal 0 -1 0
    outer loop
      vertex 26.4000 17.1500 15.7500
      vertex 27.6000 17.1500 15.7500
      vertex 27.6000 17.1500 18.2500
    endloop
  endfacet
  facet normal 0 -1 0
    outer loop
      vertex 26.4000 17.1500 15.7500
      vertex 27.6000 17.1500 18.2500
      vertex 26.4000 17.1500 18.2500
    endloop
  endfacet
  facet normal 0 0 -1
    outer loop
      vertex 26.4000 17.1500 15.7500
      vertex 27.6000 17.7500 15.7500
      vertex 27.6000 17.1500 15.7500
    endloop
  endfacet
  facet normal -1 0 0
    outer loop
      vertex 26.4000 17.1500 18.2500
      vertex 26.4000 21.0000 18.2500
      vertex 26.4000 17.7500 15.7500
    endloop
  endfacet
  facet normal 0 0 1
    outer loop
      vertex 26.4000 17.1500 18.2500
      vertex 27.6000 17.1500 18.2500
      vertex 26.4000 21.0000 18.2500
    endloop
  endfacet
  facet normal -1 0 0
    outer loop
      vertex 26.4000 17.2529 7.6613
      vertex 26.4000 17.4686 8.2232
      vertex 26.4000 19.9000 2.0000
    endloop
  endfacet
  facet normal 0 -0.933577 0.358378
    outer loop
      vertex 26.4000 17.2529 7.6613
      vertex 27.6000 17.2529 7.6613
      vertex 27.6000 17.4686 8.2232
    endloop
  endfacet
  facet normal 0 -0.933577 0.358378
    outer loop
      vertex 26.4000 17.2529 7.6613
      vertex 27.6000 17.4686 8.2232
      vertex 26.4000 17.4686 8.2232
    endloop
  endfacet
  facet normal -1 0 0
    outer loop
      vertex 26.4000 17.4686 8.2232
      vertex 26.4000 17.6243 8.8045
      vertex 26.4000 19.9000 2.0000
    endloop
  endfacet
  facet normal 0 -0.96595 0.258728
    outer loop
      vertex 26.4000 17.4686 8.2232
      vertex 27.6000 17.4686 8.2232
      vertex 27.6000 17.6243 8.8045
    endloop
  endfacet
  facet normal 0 -0.96595 0.258728
    outer loop
      vertex 26.4000 17.4686 8.2232
      vertex 27.6000 17.6243 8.8045
      vertex 26.4000 17.6243 8.8045
    endloop
  endfacet
  facet normal -1 0 0
    outer loop
      vertex 26.4000 17.6243 8.8045
      vertex 26.4000 17.7185 9.3990
      vertex 26.4000 19.9000 13.3750
    endloop
  endfacet
  facet normal -1 0 0
    outer loop
      vertex 26.4000 17.6243 8.8045
      vertex 26.4000 19.9000 13.3750
      vertex 26.4000 19.9000 2.0000
    endloop
  endfacet
  facet normal 0 -0.987678 0.1565
    outer loop
      vertex 26.4000 17.6243 8.8045
      vertex 27.6000 17.6243 8.8045
      vertex 27.6000 17.7185 9.3990
    endloop
  endfacet
  facet normal 0 -0.987678 0.1565
    outer loop
      vertex 26.4000 17.6243 8.8045
      vertex 27.6000 17.7185 9.3990
      vertex 26.4000 17.7185 9.3990
    endloop
  endfacet
  facet normal -1 0 0
    outer loop
      vertex 26.4000 17.7185 9.3990
      vertex 26.4000 17.7500 10.0000
      vertex 26.4000 19.9000 13.3750
    endloop
  endfacet
  facet normal 0 -0.998629 0.052341
    outer loop
      vertex 26.4000 17.7185 9.3990
      vertex 27.6000 17.7185 9.3990
      vertex 27.6000 17.7500 10.0000
    endloop
  endfacet
  facet normal 0 -0.998629 0.052341
    outer loop
      vertex 26.4000 17.7185 9.3990
      vertex 27.6000 17.7500 10.0000
      vertex 26.4000 17.7500 10.0000
    endloop
  endfacet
  facet normal -1 0 0
    outer loop
      vertex 26.4000 17.7500 10.0000
      vertex 26.4000 17.7500 15.7500
      vertex 26.4000 19.9000 13.3750
    endloop
  endfacet
  facet normal 0 -1 0
    outer loop
      vertex 26.4000 17.7500 10.0000
      vertex 27.6000 17.7500 10.0000
      vertex 27.6000 17.7500 15.7500
    endloop
  endfacet
  facet normal 0 -1 0
    outer loop
      vertex 26.4000 17.7500 10.0000
      vertex 27.6000 17.7500 15.7500
      vertex 26.4000 17.7500 15.7500
    endloop
  endfacet
  facet normal -1 0 0
    outer loop
      vertex 26.4000 17.7500 15.7500
      vertex 26.4000 21.0000 18.2500
      vertex 26.4000 19.9000 13.3750
    endloop
  endfacet
  facet normal -1 0 0
    outer loop
      vertex 26.4000 19.9000 13.3750
      vertex 26.4000 21.0000 18.2500
      vertex 26.4000 21.0000 13.3750
    endloop
  endfacet
  facet normal 0 1 0
    outer loop
      vertex 26.4000 21.0000 13.3750
      vertex 26.4000 21.0000 18.2500
      vertex 27.6000 21.0000 13.3750
    endloop
  endfacet
  facet normal 0 1 0
    outer loop
      vertex 26.4000 21.0000 13.3750
      vertex 27.6000 21.0000 13.3750
      vertex 32.0000 21.0000 2.0100
    endloop
  endfacet
  facet normal 0 0 1
    outer loop
      vertex 26.4000 21.0000 18.2500
      vertex 27.6000 17.1500 18.2500
      vertex 27.6000 21.0000 18.2500
    endloop
  endfacet
  facet normal 0 1 0
    outer loop
      vertex 26.4000 21.0000 18.2500
      vertex 27.6000 21.0000 18.2500
      vertex 27.6000 21.0000 13.3750
    endloop
  endfacet
  facet normal 1 0 0
    outer loop
      vertex 27.6000 3.0000 13.3750
      vertex 27.6000 4.1000 13.3750
      vertex 27.6000 3.0000 18.2500
    endloop
  endfacet
  facet normal 0.93255 0 0.36104
    outer loop
      vertex 27.6000 3.0000 13.3750
      vertex 32.0000 3.0000 2.0100
      vertex 32.0000 4.1000 2.0100
    endloop
  endfacet
  facet normal 0.93255 0 0.36104
    outer loop
      vertex 27.6000 3.0000 13.3750
      vertex 32.0000 4.1000 2.0100
      vertex 27.6000 4.1000 13.3750
    endloop
  endfacet
  facet normal 1 0 0
    outer loop
      vertex 27.6000 3.0000 18.2500
      vertex 27.6000 4.1000 13.3750
      vertex 27.6000 6.2500 15.7500
    endloop
  endfacet
  facet normal 1 0 0
    outer loop
      vertex 27.6000 3.0000 18.2500
      vertex 27.6000 6.2500 15.7500
      vertex 27.6000 6.8500 18.2500
    endloop
  endfacet
  facet normal 0 1 0
    outer loop
      vertex 27.6000 4.1000 2.0000
      vertex 27.6000 4.1000 13.3750
      vertex 32.0000 4.1000 2.0100
    endloop
  endfacet
  facet normal 1 0 0
    outer loop
      vertex 27.6000 4.1000 2.0000
      vertex 27.6000 6.3757 8.8045
      vertex 27.6000 4.1000 13.3750
    endloop
  endfacet
  facet normal 1 0 0
    outer loop
      vertex 27.6000 4.1000 2.0000
      vertex 27.6000 6.5314 8.2232
      vertex 27.6000 6.3757 8.8045
    endloop
  endfacet
  facet normal 1 0 0
    outer loop
      vertex 27.6000 4.1000 2.0000
      vertex 27.6000 6.7471 7.6613
      vertex 27.6000 6.5314 8.2232
    endloop
  endfacet
  facet normal 1 0 0
    outer loop
      vertex 27.6000 4.1000 2.0000
      vertex 27.6000 7.0203 7.1250
      vertex 27.6000 6.7471 7.6613
    endloop
  endfacet
  facet normal 1 0 0
    outer loop
      vertex 27.6000 4.1000 2.0000
      vertex 27.6000 7.3482 6.6202
      vertex 27.6000 7.0203 7.1250
    endloop
  endfacet
  facet normal 1 0 0
    outer loop
      vertex 27.6000 4.1000 2.0000
      vertex 27.6000 7.7269 6.1525
      vertex 27.6000 7.3482 6.6202
    endloop
  endfacet
  facet normal 1 0 0
    outer loop
      vertex 27.6000 4.1000 2.0000
      vertex 27.6000 8.1525 5.7269
      vertex 27.6000 7.7269 6.1525
    endloop
  endfacet
  facet normal 1 0 0
    outer loop
      vertex 27.6000 4.1000 2.0000
      vertex 27.6000 8.6202 5.3482
      vertex 27.6000 8.1525 5.7269
    endloop
  endfacet
  facet normal 1 0 0
    outer loop
      vertex 27.6000 4.1000 2.0000
      vertex 27.6000 9.1250 5.0203
      vertex 27.6000 8.6202 5.3482
    endloop
  endfacet
  facet normal 1 0 0
    outer loop
      vertex 27.6000 4.1000 2.0000
      vertex 27.6000 9.6613 4.7471
      vertex 27.6000 9.1250 5.0203
    endloop
  endfacet
  facet normal 1 0 0
    outer loop
      vertex 27.6000 4.1000 2.0000
      vertex 27.6000 10.2232 4.5314
      vertex 27.6000 9.6613 4.7471
    endloop
  endfacet
  facet normal 1 0 0
    outer loop
      vertex 27.6000 4.1000 2.0000
      vertex 27.6000 10.8045 4.3757
      vertex 27.6000 10.2232 4.5314
    endloop
  endfacet
  facet normal 1 0 0
    outer loop
      vertex 27.6000 4.1000 2.0000
      vertex 27.6000 11.3990 4.2815
      vertex 27.6000 10.8045 4.3757
    endloop
  endfacet
  facet normal 1 0 0
    outer loop
      vertex 27.6000 4.1000 2.0000
      vertex 27.6000 12.0000 4.2500
      vertex 27.6000 11.3990 4.2815
    endloop
  endfacet
  facet normal 1 0 0
    outer loop
      vertex 27.6000 4.1000 2.0000
      vertex 27.6000 19.9000 2.0000
      vertex 27.6000 12.0000 4.2500
    endloop
  endfacet
  facet normal 0 0 1
    outer loop
      vertex 27.6000 4.1000 2.0000
      vertex 30.5126 9.1555 2.0000
      vertex 30.5126 9.6966 2.0000
    endloop
  endfacet
  facet normal 0 0 1
    outer loop
      vertex 27.6000 4.1000 2.0000
      vertex 30.5126 9.6966 2.0000
      vertex 30.5126 11.1940 2.0000
    endloop
  endfacet
  facet normal 0 0 1
    outer loop
      vertex 27.6000 4.1000 2.0000
      vertex 30.5126 11.1940 2.0000
      vertex 30.5126 11.7351 2.0000
    endloop
  endfacet
  facet normal 0 0 1
    outer loop
      vertex 27.6000 4.1000 2.0000
      vertex 30.5126 11.7351 2.0000
      vertex 27.6000 19.9000 2.0000
    endloop
  endfacet
  facet normal 0 0 1
    outer loop
      vertex 27.6000 4.1000 2.0000
      vertex 30.9785 8.4374 2.0000
      vertex 30.5126 9.1555 2.0000
    endloop
  endfacet
  facet normal 0 0 1
    outer loop
      vertex 27.6000 4.1000 2.0000
      vertex 32.0000 4.1000 2.0000
      vertex 30.9785 8.4374 2.0000
    endloop
  endfacet
  facet normal 0 1 0
    outer loop
      vertex 27.6000 4.1000 2.0000
      vertex 32.0000 4.1000 2.0100
      vertex 32.0000 4.1000 2.0000
    endloop
  endfacet
  facet normal 1 0 0
    outer loop
      vertex 27.6000 4.1000 13.3750
      vertex 27.6000 6.2500 10.0000
      vertex 27.6000 6.2500 15.7500
    endloop
  endfacet
  facet normal 1 0 0
    outer loop
      vertex 27.6000 4.1000 13.3750
      vertex 27.6000 6.2815 9.3990
      vertex 27.6000 6.2500 10.0000
    endloop
  endfacet
  facet normal 1 0 0
    outer loop
      vertex 27.6000 4.1000 13.3750
      vertex 27.6000 6.3757 8.8045
      vertex 27.6000 6.2815 9.3990
    endloop
  endfacet
  facet normal 1 0 0
    outer loop
      vertex 27.6000 6.2500 15.7500
      vertex 27.6000 6.8500 15.7500
      vertex 27.6000 6.8500 18.2500
    endloop
  endfacet
  facet normal 1 0 0
    outer loop
      vertex 27.6000 12.0000 4.2500
      vertex 27.6000 19.9000 2.0000
      vertex 27.6000 12.6010 4.2815
    endloop
  endfacet
  facet normal 1 0 0
    outer loop
      vertex 27.6000 12.6010 4.2815
      vertex 27.6000 19.9000 2.0000
      vertex 27.6000 13.1955 4.3757
    endloop
  endfacet
  facet normal 1 0 0
    outer loop
      vertex 27.6000 13.1955 4.3757
      vertex 27.6000 19.9000 2.0000
      vertex 27.6000 13.7768 4.5314
    endloop
  endfacet
  facet normal 1 0 0
    outer loop
      vertex 27.6000 13.7768 4.5314
      vertex 27.6000 19.9000 2.0000
      vertex 27.6000 14.3387 4.7471
    endloop
  endfacet
  facet normal 1 0 0
    outer loop
      vertex 27.6000 14.3387 4.7471
      vertex 27.6000 19.9000 2.0000
      vertex 27.6000 14.8750 5.0203
    endloop
  endfacet
  facet normal 1 0 0
    outer loop
      vertex 27.6000 14.8750 5.0203
      vertex 27.6000 19.9000 2.0000
      vertex 27.6000 15.3798 5.3482
    endloop
  endfacet
  facet normal 1 0 0
    outer loop
      vertex 27.6000 15.3798 5.3482
      vertex 27.6000 19.9000 2.0000
      vertex 27.6000 15.8475 5.7269
    endloop
  endfacet
  facet normal 1 0 0
    outer loop
      vertex 27.6000 15.8475 5.7269
      vertex 27.6000 19.9000 2.0000
      vertex 27.6000 16.2731 6.1525
    endloop
  endfacet
  facet normal 1 0 0
    outer loop
      vertex 27.6000 16.2731 6.1525
      vertex 27.6000 19.9000 2.0000
      vertex 27.6000 16.6518 6.6202
    endloop
  endfacet
  facet normal 1 0 0
    outer loop
      vertex 27.6000 16.6518 6.6202
      vertex 27.6000 19.9000 2.0000
      vertex 27.6000 16.9796 7.1250
    endloop
  endfacet
  facet normal 1 0 0
    outer loop
      vertex 27.6000 16.9796 7.1250
      vertex 27.6000 19.9000 2.0000
      vertex 27.6000 17.2529 7.6613
    endloop
  endfacet
  facet normal 1 0 0
    outer loop
      vertex 27.6000 17.1500 15.7500
      vertex 27.6000 17.7500 15.7500
      vertex 27.6000 17.1500 18.2500
    endloop
  endfacet
  facet normal 1 0 0
    outer loop
      vertex 27.6000 17.1500 18.2500
      vertex 27.6000 17.7500 15.7500
      vertex 27.6000 21.0000 18.2500
    endloop
  endfacet
  facet normal 1 0 0
    outer loop
      vertex 27.6000 17.2529 7.6613
      vertex 27.6000 19.9000 2.0000
      vertex 27.6000 17.4686 8.2232
    endloop
  endfacet
  facet normal 1 0 0
    outer loop
      vertex 27.6000 17.4686 8.2232
      vertex 27.6000 19.9000 2.0000
      vertex 27.6000 17.6243 8.8045
    endloop
  endfacet
  facet normal 1 0 0
    outer loop
      vertex 27.6000 17.6243 8.8045
      vertex 27.6000 19.9000 2.0000
      vertex 27.6000 19.9000 13.3750
    endloop
  endfacet
  facet normal 1 0 0
    outer loop
      vertex 27.6000 17.6243 8.8045
      vertex 27.6000 19.9000 13.3750
      vertex 27.6000 17.7185 9.3990
    endloop
  endfacet
  facet normal 1 0 0
    outer loop
      vertex 27.6000 17.7185 9.3990
      vertex 27.6000 19.9000 13.3750
      vertex 27.6000 17.7500 10.0000
    endloop
  endfacet
  facet normal 1 0 0
    outer loop
      vertex 27.6000 17.7500 10.0000
      vertex 27.6000 19.9000 13.3750
      vertex 27.6000 17.7500 15.7500
    endloop
  endfacet
  facet normal 1 0 0
    outer loop
      vertex 27.6000 17.7500 15.7500
      vertex 27.6000 19.9000 13.3750
      vertex 27.6000 21.0000 18.2500
    endloop
  endfacet
  facet normal 0 0 1
    outer loop
      vertex 27.6000 19.9000 2.0000
      vertex 30.5126 11.7351 2.0000
      vertex 30.5126 13.8957 2.0000
    endloop
  endfacet
  facet normal 0 0 1
    outer loop
      vertex 27.6000 19.9000 2.0000
      vertex 30.5126 13.8957 2.0000
      vertex 30.5126 15.6189 2.0000
    endloop
  endfacet
  facet normal 0 0 1
    outer loop
      vertex 27.6000 19.9000 2.0000
      vertex 30.5126 15.6189 2.0000
      vertex 32.0000 19.9000 2.0000
    endloop
  endfacet
  facet normal 0 -1 0
    outer loop
      vertex 27.6000 19.9000 2.0000
      vertex 32.0000 19.9000 2.0000
      vertex 32.0000 19.9000 2.0100
    endloop
  endfacet
  facet normal 0 -1 0
    outer loop
      vertex 27.6000 19.9000 2.0000
      vertex 32.0000 19.9000 2.0100
      vertex 27.6000 19.9000 13.3750
    endloop
  endfacet
  facet normal 1 0 0
    outer loop
      vertex 27.6000 19.9000 13.3750
      vertex 27.6000 21.0000 13.3750
      vertex 27.6000 21.0000 18.2500
    endloop
  endfacet
  facet normal 0.93255 0 0.36104
    outer loop
      vertex 27.6000 19.9000 13.3750
      vertex 32.0000 19.9000 2.0100
      vertex 32.0000 21.0000 2.0100
    endloop
  endfacet
  facet normal 0.93255 0 0.36104
    outer loop
      vertex 27.6000 19.9000 13.3750
      vertex 32.0000 21.0000 2.0100
      vertex 27.6000 21.0000 13.3750
    endloop
  endfacet
  facet normal -1 0 0
    outer loop
      vertex 30.5126 9.1555 2.0000
      vertex 30.5126 9.1555 2.6000
      vertex 30.5126 9.6966 2.6000
    endloop
  endfacet
  facet normal -1 0 0
    outer loop
      vertex 30.5126 9.1555 2.0000
      vertex 30.5126 9.6966 2.6000
      vertex 30.5126 9.6966 2.0000
    endloop
  endfacet
  facet normal -0.838905 -0.544278 0
    outer loop
      vertex 30.5126 9.1555 2.0000
      vertex 30.9785 8.4374 2.0000
      vertex 30.5126 9.1555 2.6000
    endloop
  endfacet
  facet normal -0.838905 -0.544278 0
    outer loop
      vertex 30.5126 9.1555 2.6000
      vertex 30.9785 8.4374 2.0000
      vertex 30.9785 8.4374 2.6000
    endloop
  endfacet
  facet normal 0 0 1
    outer loop
      vertex 30.5126 9.1555 2.6000
      vertex 30.9785 8.4374 2.6000
      vertex 30.9988 9.1250 2.6000
    endloop
  endfacet
  facet normal 0 0 1
    outer loop
      vertex 30.5126 9.1555 2.6000
      vertex 30.9988 9.1250 2.6000
      vertex 30.5126 9.6966 2.6000
    endloop
  endfacet
  facet normal 0 1 0
    outer loop
      vertex 30.5126 9.6966 2.0000
      vertex 30.5126 9.6966 2.6000
      vertex 32.9539 9.6966 2.0000
    endloop
  endfacet
  facet normal 0 0 1
    outer loop
      vertex 30.5126 9.6966 2.0000
      vertex 30.9785 10.4758 2.0000
      vertex 30.5126 11.1940 2.0000
    endloop
  endfacet
  facet normal 0 0 1
    outer loop
      vertex 30.5126 9.6966 2.0000
      vertex 31.4281 10.4758 2.0000
      vertex 30.9785 10.4758 2.0000
    endloop
  endfacet
  facet normal 0 0 1
    outer loop
      vertex 30.5126 9.6966 2.0000
      vertex 32.9539 9.6966 2.0000
      vertex 31.4281 10.4758 2.0000
    endloop
  endfacet
  facet normal 0 0 1
    outer loop
      vertex 30.5126 9.6966 2.6000
      vertex 30.9988 9.1250 2.6000
      vertex 32.9539 9.6966 2.6000
    endloop
  endfacet
  facet normal 0 1 0
    outer loop
      vertex 30.5126 9.6966 2.6000
      vertex 32.9539 9.6966 2.6000
      vertex 32.9539 9.6966 2.0000
    endloop
  endfacet
  facet normal -1 0 0
    outer loop
      vertex 30.5126 11.1940 2.0000
      vertex 30.5126 11.1940 2.6000
      vertex 30.5126 11.7351 2.6000
    endloop
  endfacet
  facet normal -1 0 0
    outer loop
      vertex 30.5126 11.1940 2.0000
      vertex 30.5126 11.7351 2.6000
      vertex 30.5126 11.7351 2.0000
    endloop
  endfacet
  facet normal -0.83894 -0.544224 0
    outer loop
      vertex 30.5126 11.1940 2.0000
      vertex 30.9785 10.4758 2.0000
      vertex 30.5126 11.1940 2.6000
    endloop
  endfacet
  facet normal -0.83894 -0.544224 0
    outer loop
      vertex 30.5126 11.1940 2.6000
      vertex 30.9785 10.4758 2.0000
      vertex 30.9785 10.4758 2.6000
    endloop
  endfacet
  facet normal 0 0 1
    outer loop
      vertex 30.5126 11.1940 2.6000
      vertex 30.9785 10.4758 2.6000
      vertex 30.9988 11.1634 2.6000
    endloop
  endfacet
  facet normal 0 0 1
    outer loop
      vertex 30.5126 11.1940 2.6000
      vertex 30.9988 11.1634 2.6000
      vertex 30.5126 11.7351 2.6000
    endloop
  endfacet
  facet normal 0 1 0
    outer loop
      vertex 30.5126 11.7351 2.0000
      vertex 30.5126 11.7351 2.6000
      vertex 32.9539 11.7351 2.0000
    endloop
  endfacet
  facet normal 0 0 1
    outer loop
      vertex 30.5126 11.7351 2.0000
      vertex 32.1259 13.7961 2.0000
      vertex 30.5126 13.8957 2.0000
    endloop
  endfacet
  facet normal 0 0 1
    outer loop
      vertex 30.5126 11.7351 2.0000
      vertex 32.7586 12.7368 2.0000
      vertex 32.1259 13.7961 2.0000
    endloop
  endfacet
  facet normal 0 0 1
    outer loop
      vertex 30.5126 11.7351 2.0000
      vertex 32.9539 11.7351 2.0000
      vertex 32.7586 12.7368 2.0000
    endloop
  endfacet
  facet normal 0 0 1
    outer loop
      vertex 30.5126 11.7351 2.6000
      vertex 30.9988 11.1634 2.6000
      vertex 32.9539 11.7351 2.6000
    endloop
  endfacet
  facet normal 0 1 0
    outer loop
      vertex 30.5126 11.7351 2.6000
      vertex 32.9539 11.7351 2.6000
      vertex 32.9539 11.7351 2.0000
    endloop
  endfacet
  facet normal -1 0 0
    outer loop
      vertex 30.5126 13.8957 2.0000
      vertex 30.5126 13.8957 2.6000
      vertex 30.5126 15.6189 2.6000
    endloop
  endfacet
  facet normal -1 0 0
    outer loop
      vertex 30.5126 13.8957 2.0000
      vertex 30.5126 15.6189 2.6000
      vertex 30.5126 15.6189 2.0000
    endloop
  endfacet
  facet normal -0.061619 -0.9981 0
    outer loop
      vertex 30.5126 13.8957 2.0000
      vertex 32.1259 13.7961 2.0000
      vertex 32.1259 13.7961 2.6000
    endloop
  endfacet
  facet normal -0.061619 -0.9981 0
    outer loop
      vertex 30.5126 13.8957 2.0000
      vertex 32.1259 13.7961 2.6000
      vertex 30.5126 13.8957 2.6000
    endloop
  endfacet
  facet normal 0 0 1
    outer loop
      vertex 30.5126 13.8957 2.6000
      vertex 30.9378 14.4145 2.6000
      vertex 30.5126 15.6189 2.6000
    endloop
  endfacet
  facet normal 0 0 1
    outer loop
      vertex 30.5126 13.8957 2.6000
      vertex 31.6620 14.3677 2.6000
      vertex 30.9378 14.4145 2.6000
    endloop
  endfacet
  facet normal 0 0 1
    outer loop
      vertex 30.5126 13.8957 2.6000
      vertex 32.1259 13.7961 2.6000
      vertex 31.6620 14.3677 2.6000
    endloop
  endfacet
  facet normal 0 1 0
    outer loop
      vertex 30.5126 15.6189 2.0000
      vertex 30.5126 15.6189 2.6000
      vertex 30.9378 15.6189 2.0000
    endloop
  endfacet
  facet normal 0 0 1
    outer loop
      vertex 30.5126 15.6189 2.0000
      vertex 30.9378 15.6189 2.0000
      vertex 32.0000 19.9000 2.0000
    endloop
  endfacet
  facet normal 0 0 1
    outer loop
      vertex 30.5126 15.6189 2.6000
      vertex 30.9378 14.4145 2.6000
      vertex 30.9378 15.6189 2.6000
    endloop
  endfacet
  facet normal 0 1 0
    outer loop
      vertex 30.5126 15.6189 2.6000
      vertex 30.9378 15.6189 2.6000
      vertex 30.9378 15.6189 2.0000
    endloop
  endfacet
  facet normal 0.064489 0.997918 0
    outer loop
      vertex 30.9378 14.4145 2.0000
      vertex 30.9378 14.4145 2.6000
      vertex 31.6620 14.3677 2.0000
    endloop
  endfacet
  facet normal 1 0 0
    outer loop
      vertex 30.9378 14.4145 2.0000
      vertex 30.9378 15.6189 2.0000
      vertex 30.9378 14.4145 2.6000
    endloop
  endfacet
  facet normal 0 0 1
    outer loop
      vertex 30.9378 14.4145 2.0000
      vertex 31.4790 14.8865 2.0000
      vertex 31.4860 15.0182 2.0000
    endloop
  endfacet
  facet normal 0 0 1
    outer loop
      vertex 30.9378 14.4145 2.0000
      vertex 31.4840 14.7856 2.0000
      vertex 31.4790 14.8865 2.0000
    endloop
  endfacet
  facet normal 0 0 1
    outer loop
      vertex 30.9378 14.4145 2.0000
      vertex 31.4860 15.0182 2.0000
      vertex 30.9378 15.6189 2.0000
    endloop
  endfacet
  facet normal 0 0 1
    outer loop
      vertex 30.9378 14.4145 2.0000
      vertex 31.4993 14.6905 2.0000
      vertex 31.4840 14.7856 2.0000
    endloop
  endfacet
  facet normal 0 0 1
    outer loop
      vertex 30.9378 14.4145 2.0000
      vertex 31.5247 14.6012 2.0000
      vertex 31.4993 14.6905 2.0000
    endloop
  endfacet
  facet normal 0 0 1
    outer loop
      vertex 30.9378 14.4145 2.0000
      vertex 31.5603 14.5176 2.0000
      vertex 31.5247 14.6012 2.0000
    endloop
  endfacet
  facet normal 0 0 1
    outer loop
      vertex 30.9378 14.4145 2.0000
      vertex 31.6061 14.4398 2.0000
      vertex 31.5603 14.5176 2.0000
    endloop
  endfacet
  facet normal 0 0 1
    outer loop
      vertex 30.9378 14.4145 2.0000
      vertex 31.6620 14.3677 2.0000
      vertex 31.6061 14.4398 2.0000
    endloop
  endfacet
  facet normal 1 0 0
    outer loop
      vertex 30.9378 14.4145 2.6000
      vertex 30.9378 15.6189 2.0000
      vertex 30.9378 15.6189 2.6000
    endloop
  endfacet
  facet normal 0.064489 0.997918 0
    outer loop
      vertex 30.9378 14.4145 2.6000
      vertex 31.6620 14.3677 2.6000
      vertex 31.6620 14.3677 2.0000
    endloop
  endfacet
  facet normal 0 0 1
    outer loop
      vertex 30.9378 15.6189 2.0000
      vertex 31.4860 15.0182 2.0000
      vertex 31.5072 15.1409 2.0000
    endloop
  endfacet
  facet normal 0 0 1
    outer loop
      vertex 30.9378 15.6189 2.0000
      vertex 31.5072 15.1409 2.0000
      vertex 31.5425 15.2544 2.0000
    endloop
  endfacet
  facet normal 0 0 1
    outer loop
      vertex 30.9378 15.6189 2.0000
      vertex 31.5425 15.2544 2.0000
      vertex 31.5920 15.3589 2.0000
    endloop
  endfacet
  facet normal 0 0 1
    outer loop
      vertex 30.9378 15.6189 2.0000
      vertex 31.5920 15.3589 2.0000
      vertex 31.6556 15.4543 2.0000
    endloop
  endfacet
  facet normal 0 0 1
    outer loop
      vertex 30.9378 15.6189 2.0000
      vertex 31.6556 15.4543 2.0000
      vertex 31.7333 15.5405 2.0000
    endloop
  endfacet
  facet normal 0 0 1
    outer loop
      vertex 30.9378 15.6189 2.0000
      vertex 31.7333 15.5405 2.0000
      vertex 31.8231 15.6154 2.0000
    endloop
  endfacet
  facet normal 0 0 1
    outer loop
      vertex 30.9378 15.6189 2.0000
      vertex 31.8231 15.6154 2.0000
      vertex 31.9231 15.6767 2.0000
    endloop
  endfacet
  facet normal 0 0 1
    outer loop
      vertex 30.9378 15.6189 2.0000
      vertex 31.9231 15.6767 2.0000
      vertex 32.0333 15.7244 2.0000
    endloop
  endfacet
  facet normal 0 0 1
    outer loop
      vertex 30.9378 15.6189 2.0000
      vertex 32.0333 15.7244 2.0000
      vertex 32.0000 19.9000 2.0000
    endloop
  endfacet
  facet normal 0 -1 0
    outer loop
      vertex 30.9785 8.4374 2.0000
      vertex 31.4281 8.4374 2.0000
      vertex 31.4281 8.4374 2.6000
    endloop
  endfacet
  facet normal 0 -1 0
    outer loop
      vertex 30.9785 8.4374 2.0000
      vertex 31.4281 8.4374 2.6000
      vertex 30.9785 8.4374 2.6000
    endloop
  endfacet
  facet normal 0 0 1
    outer loop
      vertex 30.9785 8.4374 2.0000
      vertex 32.0000 4.1000 2.0000
      vertex 31.4281 8.4374 2.0000
    endloop
  endfacet
  facet normal 0 0 1
    outer loop
      vertex 30.9785 8.4374 2.6000
      vertex 31.4281 8.4374 2.6000
      vertex 30.9988 9.1250 2.6000
    endloop
  endfacet
  facet normal 0 -1 0
    outer loop
      vertex 30.9785 10.4758 2.0000
      vertex 31.4281 10.4758 2.0000
      vertex 31.4281 10.4758 2.6000
    endloop
  endfacet
  facet normal 0 -1 0
    outer loop
      vertex 30.9785 10.4758 2.0000
      vertex 31.4281 10.4758 2.6000
      vertex 30.9785 10.4758 2.6000
    endloop
  endfacet
  facet normal 0 0 1
    outer loop
      vertex 30.9785 10.4758 2.6000
      vertex 31.4281 10.4758 2.6000
      vertex 30.9988 11.1634 2.6000
    endloop
  endfacet
  facet normal 0.848248 0.5296 0
    outer loop
      vertex 30.9988 9.1250 2.0000
      vertex 30.9988 9.1250 2.6000
      vertex 31.4281 8.4374 2.6000
    endloop
  endfacet
  facet normal 0 0 1
    outer loop
      vertex 30.9988 9.1250 2.0000
      vertex 31.4281 8.4374 2.0000
      vertex 32.9539 9.1250 2.0000
    endloop
  endfacet
  facet normal 0.848248 0.5296 0
    outer loop
      vertex 30.9988 9.1250 2.0000
      vertex 31.4281 8.4374 2.6000
      vertex 31.4281 8.4374 2.0000
    endloop
  endfacet
  facet normal 0 -1 0
    outer loop
      vertex 30.9988 9.1250 2.0000
      vertex 32.9539 9.1250 2.0000
      vertex 32.9539 9.1250 2.6000
    endloop
  endfacet
  facet normal 0 -1 0
    outer loop
      vertex 30.9988 9.1250 2.0000
      vertex 32.9539 9.1250 2.6000
      vertex 30.9988 9.1250 2.6000
    endloop
  endfacet
  facet normal 0 0 1
    outer loop
      vertex 30.9988 9.1250 2.6000
      vertex 32.9539 9.1250 2.6000
      vertex 32.9539 9.6966 2.6000
    endloop
  endfacet
  facet normal 0.848248 0.5296 0
    outer loop
      vertex 30.9988 11.1634 2.0000
      vertex 30.9988 11.1634 2.6000
      vertex 31.4281 10.4758 2.6000
    endloop
  endfacet
  facet normal 0 0 1
    outer loop
      vertex 30.9988 11.1634 2.0000
      vertex 31.4281 10.4758 2.0000
      vertex 32.9539 11.1634 2.0000
    endloop
  endfacet
  facet normal 0.848248 0.5296 0
    outer loop
      vertex 30.9988 11.1634 2.0000
      vertex 31.4281 10.4758 2.6000
      vertex 31.4281 10.4758 2.0000
    endloop
  endfacet
  facet normal 0 -1 0
    outer loop
      vertex 30.9988 11.1634 2.0000
      vertex 32.9539 11.1634 2.0000
      vertex 32.9539 11.1634 2.6000
    endloop
  endfacet
  facet normal 0 -1 0
    outer loop
      vertex 30.9988 11.1634 2.0000
      vertex 32.9539 11.1634 2.6000
      vertex 30.9988 11.1634 2.6000
    endloop
  endfacet
  facet normal 0 0 1
    outer loop
      vertex 30.9988 11.1634 2.6000
      vertex 32.9539 11.1634 2.6000
      vertex 32.9539 11.7351 2.6000
    endloop
  endfacet
  facet normal 0 0 1
    outer loop
      vertex 31.4281 8.4374 2.0000
      vertex 32.0000 4.1000 2.0000
      vertex 32.9539 8.4150 2.0000
    endloop
  endfacet
  facet normal 0 0 1
    outer loop
      vertex 31.4281 8.4374 2.0000
      vertex 32.9539 8.4150 2.0000
      vertex 32.9539 9.1250 2.0000
    endloop
  endfacet
  facet normal 0 0 1
    outer loop
      vertex 31.4281 10.4758 2.0000
      vertex 32.9539 9.6966 2.0000
      vertex 32.9539 10.3537 2.0000
    endloop
  endfacet
  facet normal 0 0 1
    outer loop
      vertex 31.4281 10.4758 2.0000
      vertex 32.9539 10.3537 2.0000
      vertex 32.9539 10.4535 2.0000
    endloop
  endfacet
  facet normal 0 0 1
    outer loop
      vertex 31.4281 10.4758 2.0000
      vertex 32.9539 10.4535 2.0000
      vertex 32.9539 11.1634 2.0000
    endloop
  endfacet
  facet normal -0.99859 0.053076 0
    outer loop
      vertex 31.4790 14.8865 2.0000
      vertex 31.4790 14.8865 2.6000
      vertex 31.4860 15.0182 2.6000
    endloop
  endfacet
  facet normal -0.998774 -0.049493 0
    outer loop
      vertex 31.4790 14.8865 2.0000
      vertex 31.4840 14.7856 2.0000
      vertex 31.4790 14.8865 2.6000
    endloop
  endfacet
  facet normal -0.99859 0.053076 0
    outer loop
      vertex 31.4790 14.8865 2.0000
      vertex 31.4860 15.0182 2.6000
      vertex 31.4860 15.0182 2.0000
    endloop
  endfacet
  facet normal -0.998774 -0.049493 0
    outer loop
      vertex 31.4790 14.8865 2.6000
      vertex 31.4840 14.7856 2.0000
      vertex 31.4840 14.7856 2.6000
    endloop
  endfacet
  facet normal 0 0 1
    outer loop
      vertex 31.4790 14.8865 2.6000
      vertex 31.4840 14.7856 2.6000
      vertex 31.9445 14.8113 2.6000
    endloop
  endfacet
  facet normal 0 0 1
    outer loop
      vertex 31.4790 14.8865 2.6000
      vertex 31.9445 14.8113 2.6000
      vertex 31.9558 14.8752 2.6000
    endloop
  endfacet
  facet normal 0 0 1
    outer loop
      vertex 31.4790 14.8865 2.6000
      vertex 31.9558 14.8752 2.6000
      vertex 31.4860 15.0182 2.6000
    endloop
  endfacet
  facet normal -0.987304 -0.158841 0
    outer loop
      vertex 31.4840 14.7856 2.0000
      vertex 31.4993 14.6905 2.0000
      vertex 31.4840 14.7856 2.6000
    endloop
  endfacet
  facet normal -0.987304 -0.158841 0
    outer loop
      vertex 31.4840 14.7856 2.6000
      vertex 31.4993 14.6905 2.0000
      vertex 31.4993 14.6905 2.6000
    endloop
  endfacet
  facet normal 0 0 1
    outer loop
      vertex 31.4840 14.7856 2.6000
      vertex 31.4993 14.6905 2.6000
      vertex 31.9408 14.7420 2.6000
    endloop
  endfacet
  facet normal 0 0 1
    outer loop
      vertex 31.4840 14.7856 2.6000
      vertex 31.9408 14.7420 2.6000
      vertex 31.9445 14.8113 2.6000
    endloop
  endfacet
  facet normal -0.9854 0.170257 0
    outer loop
      vertex 31.4860 15.0182 2.0000
      vertex 31.4860 15.0182 2.6000
      vertex 31.5072 15.1409 2.6000
    endloop
  endfacet
  facet normal -0.9854 0.170257 0
    outer loop
      vertex 31.4860 15.0182 2.0000
      vertex 31.5072 15.1409 2.6000
      vertex 31.5072 15.1409 2.0000
    endloop
  endfacet
  facet normal 0 0 1
    outer loop
      vertex 31.4860 15.0182 2.6000
      vertex 31.9558 14.8752 2.6000
      vertex 31.9746 14.9338 2.6000
    endloop
  endfacet
  facet normal 0 0 1
    outer loop
      vertex 31.4860 15.0182 2.6000
      vertex 31.9746 14.9338 2.6000
      vertex 31.5072 15.1409 2.6000
    endloop
  endfacet
  facet normal -0.961848 -0.273583 0
    outer loop
      vertex 31.4993 14.6905 2.0000
      vertex 31.5247 14.6012 2.0000
      vertex 31.4993 14.6905 2.6000
    endloop
  endfacet
  facet normal -0.961848 -0.273583 0
    outer loop
      vertex 31.4993 14.6905 2.6000
      vertex 31.5247 14.6012 2.0000
      vertex 31.5247 14.6012 2.6000
    endloop
  endfacet
  facet normal 0 0 1
    outer loop
      vertex 31.4993 14.6905 2.6000
      vertex 31.5247 14.6012 2.6000
      vertex 31.9408 14.7420 2.6000
    endloop
  endfacet
  facet normal -0.954883 0.296981 0
    outer loop
      vertex 31.5072 15.1409 2.0000
      vertex 31.5072 15.1409 2.6000
      vertex 31.5425 15.2544 2.6000
    endloop
  endfacet
  facet normal -0.954883 0.296981 0
    outer loop
      vertex 31.5072 15.1409 2.0000
      vertex 31.5425 15.2544 2.6000
      vertex 31.5425 15.2544 2.0000
    endloop
  endfacet
  facet normal 0 0 1
    outer loop
      vertex 31.5072 15.1409 2.6000
      vertex 31.9746 14.9338 2.6000
      vertex 32.0009 14.9871 2.6000
    endloop
  endfacet
  facet normal 0 0 1
    outer loop
      vertex 31.5072 15.1409 2.6000
      vertex 32.0009 14.9871 2.6000
      vertex 31.5425 15.2544 2.6000
    endloop
  endfacet
  facet normal -0.920053 -0.391793 0
    outer loop
      vertex 31.5247 14.6012 2.0000
      vertex 31.5603 14.5176 2.0000
      vertex 31.5247 14.6012 2.6000
    endloop
  endfacet
  facet normal -0.920053 -0.391793 0
    outer loop
      vertex 31.5247 14.6012 2.6000
      vertex 31.5603 14.5176 2.0000
      vertex 31.5603 14.5176 2.6000
    endloop
  endfacet
  facet normal 0 0 1
    outer loop
      vertex 31.5247 14.6012 2.6000
      vertex 31.5603 14.5176 2.6000
      vertex 31.9459 14.6651 2.6000
    endloop
  endfacet
  facet normal 0 0 1
    outer loop
      vertex 31.5247 14.6012 2.6000
      vertex 31.9459 14.6651 2.6000
      vertex 31.9408 14.7420 2.6000
    endloop
  endfacet
  facet normal -0.903738 0.428086 0
    outer loop
      vertex 31.5425 15.2544 2.0000
      vertex 31.5425 15.2544 2.6000
      vertex 31.5920 15.3589 2.6000
    endloop
  endfacet
  facet normal -0.903738 0.428086 0
    outer loop
      vertex 31.5425 15.2544 2.0000
      vertex 31.5920 15.3589 2.6000
      vertex 31.5920 15.3589 2.0000
    endloop
  endfacet
  facet normal 0 0 1
    outer loop
      vertex 31.5425 15.2544 2.6000
      vertex 32.0009 14.9871 2.6000
      vertex 32.0347 15.0350 2.6000
    endloop
  endfacet
  facet normal 0 0 1
    outer loop
      vertex 31.5425 15.2544 2.6000
      vertex 32.0347 15.0350 2.6000
      vertex 31.5920 15.3589 2.6000
    endloop
  endfacet
  facet normal -0.861763 -0.507311 0
    outer loop
      vertex 31.5603 14.5176 2.0000
      vertex 31.6061 14.4398 2.0000
      vertex 31.5603 14.5176 2.6000
    endloop
  endfacet
  facet normal -0.861763 -0.507311 0
    outer loop
      vertex 31.5603 14.5176 2.6000
      vertex 31.6061 14.4398 2.0000
      vertex 31.6061 14.4398 2.6000
    endloop
  endfacet
  facet normal 0 0 1
    outer loop
      vertex 31.5603 14.5176 2.6000
      vertex 31.6061 14.4398 2.6000
      vertex 31.9613 14.5931 2.6000
    endloop
  endfacet
  facet normal 0 0 1
    outer loop
      vertex 31.5603 14.5176 2.6000
      vertex 31.9613 14.5931 2.6000
      vertex 31.9459 14.6651 2.6000
    endloop
  endfacet
  facet normal -0.83205 0.5547 0
    outer loop
      vertex 31.5920 15.3589 2.0000
      vertex 31.5920 15.3589 2.6000
      vertex 31.6556 15.4543 2.6000
    endloop
  endfacet
  facet normal -0.83205 0.5547 0
    outer loop
      vertex 31.5920 15.3589 2.0000
      vertex 31.6556 15.4543 2.6000
      vertex 31.6556 15.4543 2.0000
    endloop
  endfacet
  facet normal 0 0 1
    outer loop
      vertex 31.5920 15.3589 2.6000
      vertex 32.0347 15.0350 2.6000
      vertex 31.6556 15.4543 2.6000
    endloop
  endfacet
  facet normal -0.790296 -0.612726 0
    outer loop
      vertex 31.6061 14.4398 2.0000
      vertex 31.6620 14.3677 2.0000
      vertex 31.6061 14.4398 2.6000
    endloop
  endfacet
  facet normal -0.790296 -0.612726 0
    outer loop
      vertex 31.6061 14.4398 2.6000
      vertex 31.6620 14.3677 2.0000
      vertex 31.6620 14.3677 2.6000
    endloop
  endfacet
  facet normal 0 0 1
    outer loop
      vertex 31.6061 14.4398 2.6000
      vertex 31.6620 14.3677 2.6000
      vertex 31.9613 14.5931 2.6000
    endloop
  endfacet
  facet normal -0.74278 0.669536 0
    outer loop
      vertex 31.6556 15.4543 2.0000
      vertex 31.6556 15.4543 2.6000
      vertex 31.7333 15.5405 2.6000
    endloop
  endfacet
  facet normal -0.74278 0.669536 0
    outer loop
      vertex 31.6556 15.4543 2.0000
      vertex 31.7333 15.5405 2.6000
      vertex 31.7333 15.5405 2.0000
    endloop
  endfacet
  facet normal 0 0 1
    outer loop
      vertex 31.6556 15.4543 2.6000
      vertex 32.0347 15.0350 2.6000
      vertex 32.0761 15.0777 2.6000
    endloop
  endfacet
  facet normal 0 0 1
    outer loop
      vertex 31.6556 15.4543 2.6000
      vertex 32.0761 15.0777 2.6000
      vertex 31.7333 15.5405 2.6000
    endloop
  endfacet
  facet normal 0 0 1
    outer loop
      vertex 31.6620 14.3677 2.6000
      vertex 31.9871 14.5259 2.6000
      vertex 31.9613 14.5931 2.6000
    endloop
  endfacet
  facet normal 0 0 1
    outer loop
      vertex 31.6620 14.3677 2.6000
      vertex 32.0230 14.4636 2.6000
      vertex 31.9871 14.5259 2.6000
    endloop
  endfacet
  facet normal 0 0 1
    outer loop
      vertex 31.6620 14.3677 2.6000
      vertex 32.0693 14.4061 2.6000
      vertex 32.0230 14.4636 2.6000
    endloop
  endfacet
  facet normal 0 0 1
    outer loop
      vertex 31.6620 14.3677 2.6000
      vertex 32.1259 13.7961 2.6000
      vertex 32.1259 14.3535 2.6000
    endloop
  endfacet
  facet normal 0 0 1
    outer loop
      vertex 31.6620 14.3677 2.6000
      vertex 32.1259 14.3535 2.6000
      vertex 32.0693 14.4061 2.6000
    endloop
  endfacet
  facet normal -0.640521 0.767941 0
    outer loop
      vertex 31.7333 15.5405 2.0000
      vertex 31.7333 15.5405 2.6000
      vertex 31.8231 15.6154 2.0000
    endloop
  endfacet
  facet normal -0.640521 0.767941 0
    outer loop
      vertex 31.7333 15.5405 2.6000
      vertex 31.8231 15.6154 2.6000
      vertex 31.8231 15.6154 2.0000
    endloop
  endfacet
  facet normal 0 0 1
    outer loop
      vertex 31.7333 15.5405 2.6000
      vertex 32.0761 15.0777 2.6000
      vertex 32.1237 15.1144 2.6000
    endloop
  endfacet
  facet normal 0 0 1
    outer loop
      vertex 31.7333 15.5405 2.6000
      vertex 32.1237 15.1144 2.6000
      vertex 31.8231 15.6154 2.6000
    endloop
  endfacet
  facet normal -0.522622 0.852564 0
    outer loop
      vertex 31.8231 15.6154 2.0000
      vertex 31.8231 15.6154 2.6000
      vertex 31.9231 15.6767 2.0000
    endloop
  endfacet
  facet normal -0.522622 0.852564 0
    outer loop
      vertex 31.8231 15.6154 2.6000
      vertex 31.9231 15.6767 2.6000
      vertex 31.9231 15.6767 2.0000
    endloop
  endfacet
  facet normal 0 0 1
    outer loop
      vertex 31.8231 15.6154 2.6000
      vertex 32.1237 15.1144 2.6000
      vertex 32.1763 15.1444 2.6000
    endloop
  endfacet
  facet normal 0 0 1
    outer loop
      vertex 31.8231 15.6154 2.6000
      vertex 32.1763 15.1444 2.6000
      vertex 31.9231 15.6767 2.6000
    endloop
  endfacet
  facet normal -0.397233 0.917718 0
    outer loop
      vertex 31.9231 15.6767 2.0000
      vertex 31.9231 15.6767 2.6000
      vertex 32.0333 15.7244 2.0000
    endloop
  endfacet
  facet normal -0.397233 0.917718 0
    outer loop
      vertex 31.9231 15.6767 2.6000
      vertex 32.0333 15.7244 2.6000
      vertex 32.0333 15.7244 2.0000
    endloop
  endfacet
  facet normal 0 0 1
    outer loop
      vertex 31.9231 15.6767 2.6000
      vertex 32.1763 15.1444 2.6000
      vertex 32.0333 15.7244 2.6000
    endloop
  endfacet
  facet normal 0.997808 0.066175 0
    outer loop
      vertex 31.9408 14.7420 2.0000
      vertex 31.9408 14.7420 2.6000
      vertex 31.9459 14.6651 2.6000
    endloop
  endfacet
  facet normal 0.998578 -0.053315 0
    outer loop
      vertex 31.9408 14.7420 2.0000
      vertex 31.9445 14.8113 2.0000
      vertex 31.9408 14.7420 2.6000
    endloop
  endfacet
  facet normal 0 0 1
    outer loop
      vertex 31.9408 14.7420 2.0000
      vertex 31.9459 14.6651 2.0000
      vertex 32.3644 15.1944 2.0000
    endloop
  endfacet
  facet normal 0.997808 0.066175 0
    outer loop
      vertex 31.9408 14.7420 2.0000
      vertex 31.9459 14.6651 2.6000
      vertex 31.9459 14.6651 2.0000
    endloop
  endfacet
  facet normal 0 0 1
    outer loop
      vertex 31.9408 14.7420 2.0000
      vertex 32.2340 15.1677 2.0000
      vertex 31.9445 14.8113 2.0000
    endloop
  endfacet
  facet normal 0 0 1
    outer loop
      vertex 31.9408 14.7420 2.0000
      vertex 32.2967 15.1844 2.0000
      vertex 32.2340 15.1677 2.0000
    endloop
  endfacet
  facet normal 0 0 1
    outer loop
      vertex 31.9408 14.7420 2.0000
      vertex 32.3644 15.1944 2.0000
      vertex 32.2967 15.1844 2.0000
    endloop
  endfacet
  facet normal 0.998578 -0.053315 0
    outer loop
      vertex 31.9408 14.7420 2.6000
      vertex 31.9445 14.8113 2.0000
      vertex 31.9445 14.8113 2.6000
    endloop
  endfacet
  facet normal 0.984721 -0.174137 0
    outer loop
      vertex 31.9445 14.8113 2.0000
      vertex 31.9558 14.8752 2.0000
      vertex 31.9445 14.8113 2.6000
    endloop
  endfacet
  facet normal 0 0 1
    outer loop
      vertex 31.9445 14.8113 2.0000
      vertex 32.1237 15.1144 2.0000
      vertex 31.9558 14.8752 2.0000
    endloop
  endfacet
  facet normal 0 0 1
    outer loop
      vertex 31.9445 14.8113 2.0000
      vertex 32.1763 15.1444 2.0000
      vertex 32.1237 15.1144 2.0000
    endloop
  endfacet
  facet normal 0 0 1
    outer loop
      vertex 31.9445 14.8113 2.0000
      vertex 32.2340 15.1677 2.0000
      vertex 32.1763 15.1444 2.0000
    endloop
  endfacet
  facet normal 0.984721 -0.174137 0
    outer loop
      vertex 31.9445 14.8113 2.6000
      vertex 31.9558 14.8752 2.0000
      vertex 31.9558 14.8752 2.6000
    endloop
  endfacet
  facet normal 0.977882 0.209158 0
    outer loop
      vertex 31.9459 14.6651 2.0000
      vertex 31.9459 14.6651 2.6000
      vertex 31.9613 14.5931 2.6000
    endloop
  endfacet
  facet normal 0 0 1
    outer loop
      vertex 31.9459 14.6651 2.0000
      vertex 31.9613 14.5931 2.0000
      vertex 31.9871 14.5259 2.0000
    endloop
  endfacet
  facet normal 0.977882 0.209158 0
    outer loop
      vertex 31.9459 14.6651 2.0000
      vertex 31.9613 14.5931 2.6000
      vertex 31.9613 14.5931 2.0000
    endloop
  endfacet
  facet normal 0 0 1
    outer loop
      vertex 31.9459 14.6651 2.0000
      vertex 31.9871 14.5259 2.0000
      vertex 32.0230 14.4636 2.0000
    endloop
  endfacet
  facet normal 0 0 1
    outer loop
      vertex 31.9459 14.6651 2.0000
      vertex 32.0230 14.4636 2.0000
      vertex 32.0693 14.4061 2.0000
    endloop
  endfacet
  facet normal 0 0 1
    outer loop
      vertex 31.9459 14.6651 2.0000
      vertex 32.0693 14.4061 2.0000
      vertex 32.3644 15.1944 2.0000
    endloop
  endfacet
  facet normal 0.952197 -0.305483 0
    outer loop
      vertex 31.9558 14.8752 2.0000
      vertex 31.9746 14.9338 2.0000
      vertex 31.9558 14.8752 2.6000
    endloop
  endfacet
  facet normal 0 0 1
    outer loop
      vertex 31.9558 14.8752 2.0000
      vertex 32.0009 14.9871 2.0000
      vertex 31.9746 14.9338 2.0000
    endloop
  endfacet
  facet normal 0 0 1
    outer loop
      vertex 31.9558 14.8752 2.0000
      vertex 32.0347 15.0350 2.0000
      vertex 32.0009 14.9871 2.0000
    endloop
  endfacet
  facet normal 0 0 1
    outer loop
      vertex 31.9558 14.8752 2.0000
      vertex 32.0761 15.0777 2.0000
      vertex 32.0347 15.0350 2.0000
    endloop
  endfacet
  facet normal 0 0 1
    outer loop
      vertex 31.9558 14.8752 2.0000
      vertex 32.1237 15.1144 2.0000
      vertex 32.0761 15.0777 2.0000
    endloop
  endfacet
  facet normal 0.952197 -0.305483 0
    outer loop
      vertex 31.9558 14.8752 2.6000
      vertex 31.9746 14.9338 2.0000
      vertex 31.9746 14.9338 2.6000
    endloop
  endfacet
  facet normal 0.93356 0.35842 0
    outer loop
      vertex 31.9613 14.5931 2.0000
      vertex 31.9613 14.5931 2.6000
      vertex 31.9871 14.5259 2.6000
    endloop
  endfacet
  facet normal 0.93356 0.35842 0
    outer loop
      vertex 31.9613 14.5931 2.0000
      vertex 31.9871 14.5259 2.6000
      vertex 31.9871 14.5259 2.0000
    endloop
  endfacet
  facet normal 0.89677 -0.442496 0
    outer loop
      vertex 31.9746 14.9338 2.0000
      vertex 32.0009 14.9871 2.0000
      vertex 31.9746 14.9338 2.6000
    endloop
  endfacet
  facet normal 0.89677 -0.442496 0
    outer loop
      vertex 31.9746 14.9338 2.6000
      vertex 32.0009 14.9871 2.0000
      vertex 32.0009 14.9871 2.6000
    endloop
  endfacet
  facet normal 0.86644 0.499281 0
    outer loop
      vertex 31.9871 14.5259 2.0000
      vertex 31.9871 14.5259 2.6000
      vertex 32.0230 14.4636 2.6000
    endloop
  endfacet
  facet normal 0.86644 0.499281 0
    outer loop
      vertex 31.9871 14.5259 2.0000
      vertex 32.0230 14.4636 2.6000
      vertex 32.0230 14.4636 2.0000
    endloop
  endfacet
  facet normal 1 0 0
    outer loop
      vertex 32.0000 3.0000 2.0000
      vertex 32.0000 4.1000 2.0000
      vertex 32.0000 3.0000 2.0100
    endloop
  endfacet
  facet normal 0 0 1
    outer loop
      vertex 32.0000 3.0000 2.0000
      vertex 34.0000 0.0000 2.0000
      vertex 32.0000 4.1000 2.0000
    endloop
  endfacet
  facet normal 1 0 0
    outer loop
      vertex 32.0000 3.0000 2.0100
      vertex 32.0000 4.1000 2.0000
      vertex 32.0000 4.1000 2.0100
    endloop
  endfacet
  facet normal 0 0 1
    outer loop
      vertex 32.0000 4.1000 2.0000
      vertex 33.3791 8.4150 2.0000
      vertex 32.9539 8.4150 2.0000
    endloop
  endfacet
  facet normal 0 0 1
    outer loop
      vertex 32.0000 4.1000 2.0000
      vertex 34.0000 0.0000 2.0000
      vertex 33.3791 8.4150 2.0000
    endloop
  endfacet
  facet normal 1 0 0
    outer loop
      vertex 32.0000 19.9000 2.0000
      vertex 32.0000 21.0000 2.0000
      vertex 32.0000 19.9000 2.0100
    endloop
  endfacet
  facet normal 0 0 1
    outer loop
      vertex 32.0000 19.9000 2.0000
      vertex 32.0333 15.7244 2.0000
      vertex 32.1537 15.7584 2.0000
    endloop
  endfacet
  facet normal 0 0 1
    outer loop
      vertex 32.0000 19.9000 2.0000
      vertex 32.1537 15.7584 2.0000
      vertex 32.2842 15.7789 2.0000
    endloop
  endfacet
  facet normal 0 0 1
    outer loop
      vertex 32.0000 19.9000 2.0000
      vertex 32.2842 15.7789 2.0000
      vertex 32.4249 15.7857 2.0000
    endloop
  endfacet
  facet normal 0 0 1
    outer loop
      vertex 32.0000 19.9000 2.0000
      vertex 32.4249 15.7857 2.0000
      vertex 32.5717 15.7778 2.0000
    endloop
  endfacet
  facet normal 0 0 1
    outer loop
      vertex 32.0000 19.9000 2.0000
      vertex 32.5717 15.7778 2.0000
      vertex 32.7081 15.7541 2.0000
    endloop
  endfacet
  facet normal 0 0 1
    outer loop
      vertex 32.0000 19.9000 2.0000
      vertex 32.7081 15.7541 2.0000
      vertex 32.8341 15.7147 2.0000
    endloop
  endfacet
  facet normal 0 0 1
    outer loop
      vertex 32.0000 19.9000 2.0000
      vertex 32.8341 15.7147 2.0000
      vertex 32.9498 15.6595 2.0000
    endloop
  endfacet
  facet normal 0 0 1
    outer loop
      vertex 32.0000 19.9000 2.0000
      vertex 32.9498 15.6595 2.0000
      vertex 33.0552 15.5886 2.0000
    endloop
  endfacet
  facet normal 0 0 1
    outer loop
      vertex 32.0000 19.9000 2.0000
      vertex 33.0552 15.5886 2.0000
      vertex 33.1502 15.5019 2.0000
    endloop
  endfacet
  facet normal 0 0 1
    outer loop
      vertex 32.0000 19.9000 2.0000
      vertex 33.1502 15.5019 2.0000
      vertex 33.2325 15.4014 2.0000
    endloop
  endfacet
  facet normal 0 0 1
    outer loop
      vertex 32.0000 19.9000 2.0000
      vertex 33.2325 15.4014 2.0000
      vertex 34.0000 24.0000 2.0000
    endloop
  endfacet
  facet normal 0 0 1
    outer loop
      vertex 32.0000 19.9000 2.0000
      vertex 34.0000 24.0000 2.0000
      vertex 32.0000 21.0000 2.0000
    endloop
  endfacet
  facet normal 1 0 0
    outer loop
      vertex 32.0000 19.9000 2.0100
      vertex 32.0000 21.0000 2.0000
      vertex 32.0000 21.0000 2.0100
    endloop
  endfacet
  facet normal 0.817062 -0.576549 0
    outer loop
      vertex 32.0009 14.9871 2.0000
      vertex 32.0347 15.0350 2.0000
      vertex 32.0009 14.9871 2.6000
    endloop
  endfacet
  facet normal 0.817062 -0.576549 0
    outer loop
      vertex 32.0009 14.9871 2.6000
      vertex 32.0347 15.0350 2.0000
      vertex 32.0347 15.0350 2.6000
    endloop
  endfacet
  facet normal 0.778883 0.62717 0
    outer loop
      vertex 32.0230 14.4636 2.0000
      vertex 32.0230 14.4636 2.6000
      vertex 32.0693 14.4061 2.6000
    endloop
  endfacet
  facet normal 0.778883 0.62717 0
    outer loop
      vertex 32.0230 14.4636 2.0000
      vertex 32.0693 14.4061 2.6000
      vertex 32.0693 14.4061 2.0000
    endloop
  endfacet
  facet normal -0.271764 0.962364 0
    outer loop
      vertex 32.0333 15.7244 2.0000
      vertex 32.0333 15.7244 2.6000
      vertex 32.1537 15.7584 2.0000
    endloop
  endfacet
  facet normal -0.271764 0.962364 0
    outer loop
      vertex 32.0333 15.7244 2.6000
      vertex 32.1537 15.7584 2.6000
      vertex 32.1537 15.7584 2.0000
    endloop
  endfacet
  facet normal 0 0 1
    outer loop
      vertex 32.0333 15.7244 2.6000
      vertex 32.1763 15.1444 2.6000
      vertex 32.2340 15.1677 2.6000
    endloop
  endfacet
  facet normal 0 0 1
    outer loop
      vertex 32.0333 15.7244 2.6000
      vertex 32.2340 15.1677 2.6000
      vertex 32.1537 15.7584 2.6000
    endloop
  endfacet
  facet normal 0.717951 -0.696093 0
    outer loop
      vertex 32.0347 15.0350 2.0000
      vertex 32.0761 15.0777 2.0000
      vertex 32.0347 15.0350 2.6000
    endloop
  endfacet
  facet normal 0.717951 -0.696093 0
    outer loop
      vertex 32.0347 15.0350 2.6000
      vertex 32.0761 15.0777 2.0000
      vertex 32.0761 15.0777 2.6000
    endloop
  endfacet
  facet normal 0.680749 0.732517 0
    outer loop
      vertex 32.0693 14.4061 2.0000
      vertex 32.0693 14.4061 2.6000
      vertex 32.1259 14.3535 2.0000
    endloop
  endfacet
  facet normal 0 0 1
    outer loop
      vertex 32.0693 14.4061 2.0000
      vertex 32.1259 14.3535 2.0000
      vertex 32.3644 15.1944 2.0000
    endloop
  endfacet
  facet normal 0.680749 0.732517 0
    outer loop
      vertex 32.0693 14.4061 2.6000
      vertex 32.1259 14.3535 2.6000
      vertex 32.1259 14.3535 2.0000
    endloop
  endfacet
  facet normal 0.610595 -0.791943 0
    outer loop
      vertex 32.0761 15.0777 2.0000
      vertex 32.1237 15.1144 2.0000
      vertex 32.1237 15.1144 2.6000
    endloop
  endfacet
  facet normal 0.610595 -0.791943 0
    outer loop
      vertex 32.0761 15.0777 2.0000
      vertex 32.1237 15.1144 2.6000
      vertex 32.0761 15.0777 2.6000
    endloop
  endfacet
  facet normal 0.495427 -0.868649 0
    outer loop
      vertex 32.1237 15.1144 2.0000
      vertex 32.1763 15.1444 2.0000
      vertex 32.1763 15.1444 2.6000
    endloop
  endfacet
  facet normal 0.495427 -0.868649 0
    outer loop
      vertex 32.1237 15.1144 2.0000
      vertex 32.1763 15.1444 2.6000
      vertex 32.1237 15.1144 2.6000
    endloop
  endfacet
  facet normal 1 0 0
    outer loop
      vertex 32.1259 13.7961 2.0000
      vertex 32.1259 14.3535 2.0000
      vertex 32.1259 13.7961 2.6000
    endloop
  endfacet
  facet normal 0 0 1
    outer loop
      vertex 32.1259 13.7961 2.0000
      vertex 32.6161 14.2843 2.0000
      vertex 32.1259 14.3535 2.0000
    endloop
  endfacet
  facet normal 0 0 1
    outer loop
      vertex 32.1259 13.7961 2.0000
      vertex 32.6629 13.7127 2.0000
      vertex 32.6161 14.2843 2.0000
    endloop
  endfacet
  facet normal 0 0 1
    outer loop
      vertex 32.1259 13.7961 2.0000
      vertex 32.7586 12.7368 2.0000
      vertex 32.6629 13.7127 2.0000
    endloop
  endfacet
  facet normal 1 0 0
    outer loop
      vertex 32.1259 13.7961 2.6000
      vertex 32.1259 14.3535 2.0000
      vertex 32.1259 14.3535 2.6000
    endloop
  endfacet
  facet normal 0 0 1
    outer loop
      vertex 32.1259 14.3535 2.0000
      vertex 32.4371 15.1977 2.0000
      vertex 32.3644 15.1944 2.0000
    endloop
  endfacet
  facet normal 0 0 1
    outer loop
      vertex 32.1259 14.3535 2.0000
      vertex 32.6161 14.2843 2.0000
      vertex 32.4371 15.1977 2.0000
    endloop
  endfacet
  facet normal -0.155185 0.987885 0
    outer loop
      vertex 32.1537 15.7584 2.0000
      vertex 32.1537 15.7584 2.6000
      vertex 32.2842 15.7789 2.0000
    endloop
  endfacet
  facet normal 0 0 1
    outer loop
      vertex 32.1537 15.7584 2.6000
      vertex 32.2340 15.1677 2.6000
      vertex 32.2967 15.1844 2.6000
    endloop
  endfacet
  facet normal -0.155185 0.987885 0
    outer loop
      vertex 32.1537 15.7584 2.6000
      vertex 32.2842 15.7789 2.6000
      vertex 32.2842 15.7789 2.0000
    endloop
  endfacet
  facet normal 0 0 1
    outer loop
      vertex 32.1537 15.7584 2.6000
      vertex 32.2967 15.1844 2.6000
      vertex 32.2842 15.7789 2.6000
    endloop
  endfacet
  facet normal 0.374436 -0.927253 0
    outer loop
      vertex 32.1763 15.1444 2.0000
      vertex 32.2340 15.1677 2.0000
      vertex 32.2340 15.1677 2.6000
    endloop
  endfacet
  facet normal 0.374436 -0.927253 0
    outer loop
      vertex 32.1763 15.1444 2.0000
      vertex 32.2340 15.1677 2.6000
      vertex 32.1763 15.1444 2.6000
    endloop
  endfacet
  facet normal 0.257375 -0.966312 0
    outer loop
      vertex 32.2340 15.1677 2.0000
      vertex 32.2967 15.1844 2.0000
      vertex 32.2967 15.1844 2.6000
    endloop
  endfacet
  facet normal 0.257375 -0.966312 0
    outer loop
      vertex 32.2340 15.1677 2.0000
      vertex 32.2967 15.1844 2.6000
      vertex 32.2340 15.1677 2.6000
    endloop
  endfacet
  facet normal -0.048273 0.998834 0
    outer loop
      vertex 32.2842 15.7789 2.0000
      vertex 32.2842 15.7789 2.6000
      vertex 32.4249 15.7857 2.0000
    endloop
  endfacet
  facet normal 0 0 1
    outer loop
      vertex 32.2842 15.7789 2.6000
      vertex 32.2967 15.1844 2.6000
      vertex 32.3644 15.1944 2.6000
    endloop
  endfacet
  facet normal 0 0 1
    outer loop
      vertex 32.2842 15.7789 2.6000
      vertex 32.3644 15.1944 2.6000
      vertex 32.4249 15.7857 2.6000
    endloop
  endfacet
  facet normal -0.048273 0.998834 0
    outer loop
      vertex 32.2842 15.7789 2.6000
      vertex 32.4249 15.7857 2.6000
      vertex 32.4249 15.7857 2.0000
    endloop
  endfacet
  facet normal 0.146125 -0.989266 0
    outer loop
      vertex 32.2967 15.1844 2.0000
      vertex 32.3644 15.1944 2.0000
      vertex 32.3644 15.1944 2.6000
    endloop
  endfacet
  facet normal 0.146125 -0.989266 0
    outer loop
      vertex 32.2967 15.1844 2.0000
      vertex 32.3644 15.1944 2.6000
      vertex 32.2967 15.1844 2.6000
    endloop
  endfacet
  facet normal 0.045345 -0.998971 0
    outer loop
      vertex 32.3644 15.1944 2.0000
      vertex 32.4371 15.1977 2.0000
      vertex 32.4371 15.1977 2.6000
    endloop
  endfacet
  facet normal 0.045345 -0.998971 0
    outer loop
      vertex 32.3644 15.1944 2.0000
      vertex 32.4371 15.1977 2.6000
      vertex 32.3644 15.1944 2.6000
    endloop
  endfacet
  facet normal 0 0 1
    outer loop
      vertex 32.3644 15.1944 2.6000
      vertex 32.4371 15.1977 2.6000
      vertex 32.4249 15.7857 2.6000
    endloop
  endfacet
  facet normal 0.053737 0.998555 0
    outer loop
      vertex 32.4249 15.7857 2.0000
      vertex 32.4249 15.7857 2.6000
      vertex 32.5717 15.7778 2.0000
    endloop
  endfacet
  facet normal 0 0 1
    outer loop
      vertex 32.4249 15.7857 2.6000
      vertex 32.4371 15.1977 2.6000
      vertex 32.5717 15.7778 2.6000
    endloop
  endfacet
  facet normal 0.053737 0.998555 0
    outer loop
      vertex 32.4249 15.7857 2.6000
      vertex 32.5717 15.7778 2.6000
      vertex 32.5717 15.7778 2.0000
    endloop
  endfacet
  facet normal -0.042541 -0.999095 0
    outer loop
      vertex 32.4371 15.1977 2.0000
      vertex 32.5193 15.1942 2.0000
      vertex 32.5193 15.1942 2.6000
    endloop
  endfacet
  facet normal -0.042541 -0.999095 0
    outer loop
      vertex 32.4371 15.1977 2.0000
      vertex 32.5193 15.1942 2.6000
      vertex 32.4371 15.1977 2.6000
    endloop
  endfacet
  facet normal 0 0 1
    outer loop
      vertex 32.4371 15.1977 2.0000
      vertex 32.6161 14.2843 2.0000
      vertex 32.5193 15.1942 2.0000
    endloop
  endfacet
  facet normal 0 0 1
    outer loop
      vertex 32.4371 15.1977 2.6000
      vertex 32.5193 15.1942 2.6000
      vertex 32.5717 15.7778 2.6000
    endloop
  endfacet
  facet normal -0.139215 -0.990262 0
    outer loop
      vertex 32.5193 15.1942 2.0000
      vertex 32.5947 15.1836 2.0000
      vertex 32.5947 15.1836 2.6000
    endloop
  endfacet
  facet normal -0.139215 -0.990262 0
    outer loop
      vertex 32.5193 15.1942 2.0000
      vertex 32.5947 15.1836 2.6000
      vertex 32.5193 15.1942 2.6000
    endloop
  endfacet
  facet normal 0 0 1
    outer loop
      vertex 32.5193 15.1942 2.0000
      vertex 32.6161 14.2843 2.0000
      vertex 32.5947 15.1836 2.0000
    endloop
  endfacet
  facet normal 0 0 1
    outer loop
      vertex 32.5193 15.1942 2.6000
      vertex 32.5947 15.1836 2.6000
      vertex 32.7081 15.7541 2.6000
    endloop
  endfacet
  facet normal 0 0 1
    outer loop
      vertex 32.5193 15.1942 2.6000
      vertex 32.7081 15.7541 2.6000
      vertex 32.5717 15.7778 2.6000
    endloop
  endfacet
  facet normal 0.171189 0.985238 0
    outer loop
      vertex 32.5717 15.7778 2.0000
      vertex 32.5717 15.7778 2.6000
      vertex 32.7081 15.7541 2.0000
    endloop
  endfacet
  facet normal 0.171189 0.985238 0
    outer loop
      vertex 32.5717 15.7778 2.6000
      vertex 32.7081 15.7541 2.6000
      vertex 32.7081 15.7541 2.0000
    endloop
  endfacet
  facet normal 0 0 1
    outer loop
      vertex 32.5947 15.1836 2.0000
      vertex 32.6161 14.2843 2.0000
      vertex 32.9661 14.7298 2.0000
    endloop
  endfacet
  facet normal -0.247833 -0.968803 0
    outer loop
      vertex 32.5947 15.1836 2.0000
      vertex 32.6635 15.1660 2.0000
      vertex 32.6635 15.1660 2.6000
    endloop
  endfacet
  facet normal -0.247833 -0.968803 0
    outer loop
      vertex 32.5947 15.1836 2.0000
      vertex 32.6635 15.1660 2.6000
      vertex 32.5947 15.1836 2.6000
    endloop
  endfacet
  facet normal 0 0 1
    outer loop
      vertex 32.5947 15.1836 2.0000
      vertex 32.9623 14.7986 2.0000
      vertex 32.6635 15.1660 2.0000
    endloop
  endfacet
  facet normal 0 0 1
    outer loop
      vertex 32.5947 15.1836 2.0000
      vertex 32.9661 14.7298 2.0000
      vertex 32.9623 14.7986 2.0000
    endloop
  endfacet
  facet normal 0 0 1
    outer loop
      vertex 32.5947 15.1836 2.6000
      vertex 32.6635 15.1660 2.6000
      vertex 32.8341 15.7147 2.6000
    endloop
  endfacet
  facet normal 0 0 1
    outer loop
      vertex 32.5947 15.1836 2.6000
      vertex 32.8341 15.7147 2.6000
      vertex 32.7081 15.7541 2.6000
    endloop
  endfacet
  facet normal -0.278418 0.96046 0
    outer loop
      vertex 32.6161 14.2843 2.0000
      vertex 32.6161 14.2843 2.6000
      vertex 32.6744 14.3012 2.0000
    endloop
  endfacet
  facet normal -0.996665 -0.081602 0
    outer loop
      vertex 32.6161 14.2843 2.0000
      vertex 32.6629 13.7127 2.0000
      vertex 32.6161 14.2843 2.6000
    endloop
  endfacet
  facet normal 0 0 1
    outer loop
      vertex 32.6161 14.2843 2.0000
      vertex 32.6744 14.3012 2.0000
      vertex 32.9638 14.6738 2.0000
    endloop
  endfacet
  facet normal 0 0 1
    outer loop
      vertex 32.6161 14.2843 2.0000
      vertex 32.9638 14.6738 2.0000
      vertex 32.9661 14.7298 2.0000
    endloop
  endfacet
  facet normal -0.996665 -0.081602 0
    outer loop
      vertex 32.6161 14.2843 2.6000
      vertex 32.6629 13.7127 2.0000
      vertex 32.6629 13.7127 2.6000
    endloop
  endfacet
  facet normal 0 0 1
    outer loop
      vertex 32.6161 14.2843 2.6000
      vertex 32.6629 13.7127 2.6000
      vertex 32.7809 13.7385 2.6000
    endloop
  endfacet
  facet normal -0.278418 0.96046 0
    outer loop
      vertex 32.6161 14.2843 2.6000
      vertex 32.6744 14.3012 2.6000
      vertex 32.6744 14.3012 2.0000
    endloop
  endfacet
  facet normal 0 0 1
    outer loop
      vertex 32.6161 14.2843 2.6000
      vertex 32.7809 13.7385 2.6000
      vertex 32.6744 14.3012 2.6000
    endloop
  endfacet
  facet normal 0 0 1
    outer loop
      vertex 32.6629 13.7127 2.0000
      vertex 32.7586 12.7368 2.0000
      vertex 32.7586 13.3247 2.0000
    endloop
  endfacet
  facet normal 0 0 1
    outer loop
      vertex 32.6629 13.7127 2.0000
      vertex 32.7586 13.3247 2.0000
      vertex 32.7809 13.7385 2.0000
    endloop
  endfacet
  facet normal 0.213598 -0.976922 0
    outer loop
      vertex 32.6629 13.7127 2.0000
      vertex 32.7809 13.7385 2.0000
      vertex 32.7809 13.7385 2.6000
    endloop
  endfacet
  facet normal 0.213598 -0.976922 0
    outer loop
      vertex 32.6629 13.7127 2.0000
      vertex 32.7809 13.7385 2.6000
      vertex 32.6629 13.7127 2.6000
    endloop
  endfacet
  facet normal -0.370875 -0.928683 0
    outer loop
      vertex 32.6635 15.1660 2.0000
      vertex 32.7256 15.1412 2.0000
      vertex 32.7256 15.1412 2.6000
    endloop
  endfacet
  facet normal -0.370875 -0.928683 0
    outer loop
      vertex 32.6635 15.1660 2.0000
      vertex 32.7256 15.1412 2.6000
      vertex 32.6635 15.1660 2.6000
    endloop
  endfacet
  facet normal 0 0 1
    outer loop
      vertex 32.6635 15.1660 2.0000
      vertex 32.9509 14.8626 2.0000
      vertex 32.7256 15.1412 2.0000
    endloop
  endfacet
  facet normal 0 0 1
    outer loop
      vertex 32.6635 15.1660 2.0000
      vertex 32.9623 14.7986 2.0000
      vertex 32.9509 14.8626 2.0000
    endloop
  endfacet
  facet normal 0 0 1
    outer loop
      vertex 32.6635 15.1660 2.6000
      vertex 32.7256 15.1412 2.6000
      vertex 32.9498 15.6595 2.6000
    endloop
  endfacet
  facet normal 0 0 1
    outer loop
      vertex 32.6635 15.1660 2.6000
      vertex 32.9498 15.6595 2.6000
      vertex 32.8341 15.7147 2.6000
    endloop
  endfacet
  facet normal -0.364066 0.931373 0
    outer loop
      vertex 32.6744 14.3012 2.0000
      vertex 32.6744 14.3012 2.6000
      vertex 32.7271 14.3218 2.0000
    endloop
  endfacet
  facet normal 0 0 1
    outer loop
      vertex 32.6744 14.3012 2.0000
      vertex 32.7271 14.3218 2.0000
      vertex 32.9568 14.6211 2.0000
    endloop
  endfacet
  facet normal 0 0 1
    outer loop
      vertex 32.6744 14.3012 2.0000
      vertex 32.9568 14.6211 2.0000
      vertex 32.9638 14.6738 2.0000
    endloop
  endfacet
  facet normal -0.364066 0.931373 0
    outer loop
      vertex 32.6744 14.3012 2.6000
      vertex 32.7271 14.3218 2.6000
      vertex 32.7271 14.3218 2.0000
    endloop
  endfacet
  facet normal 0 0 1
    outer loop
      vertex 32.6744 14.3012 2.6000
      vertex 32.7809 13.7385 2.6000
      vertex 32.8891 13.7754 2.6000
    endloop
  endfacet
  facet normal 0 0 1
    outer loop
      vertex 32.6744 14.3012 2.6000
      vertex 32.8891 13.7754 2.6000
      vertex 32.7271 14.3218 2.6000
    endloop
  endfacet
  facet normal 0.298448 0.954426 0
    outer loop
      vertex 32.7081 15.7541 2.0000
      vertex 32.7081 15.7541 2.6000
      vertex 32.8341 15.7147 2.0000
    endloop
  endfacet
  facet normal 0.298448 0.954426 0
    outer loop
      vertex 32.7081 15.7541 2.6000
      vertex 32.8341 15.7147 2.6000
      vertex 32.8341 15.7147 2.0000
    endloop
  endfacet
  facet normal -0.497824 -0.867278 0
    outer loop
      vertex 32.7256 15.1412 2.0000
      vertex 32.7810 15.1094 2.0000
      vertex 32.7810 15.1094 2.6000
    endloop
  endfacet
  facet normal -0.497824 -0.867278 0
    outer loop
      vertex 32.7256 15.1412 2.0000
      vertex 32.7810 15.1094 2.6000
      vertex 32.7256 15.1412 2.6000
    endloop
  endfacet
  facet normal 0 0 1
    outer loop
      vertex 32.7256 15.1412 2.0000
      vertex 32.8298 15.0706 2.0000
      vertex 32.7810 15.1094 2.0000
    endloop
  endfacet
  facet normal 0 0 1
    outer loop
      vertex 32.7256 15.1412 2.0000
      vertex 32.8714 15.0258 2.0000
      vertex 32.8298 15.0706 2.0000
    endloop
  endfacet
  facet normal 0 0 1
    outer loop
      vertex 32.7256 15.1412 2.0000
      vertex 32.9055 14.9762 2.0000
      vertex 32.8714 15.0258 2.0000
    endloop
  endfacet
  facet normal 0 0 1
    outer loop
      vertex 32.7256 15.1412 2.0000
      vertex 32.9320 14.9218 2.0000
      vertex 32.9055 14.9762 2.0000
    endloop
  endfacet
  facet normal 0 0 1
    outer loop
      vertex 32.7256 15.1412 2.0000
      vertex 32.9509 14.8626 2.0000
      vertex 32.9320 14.9218 2.0000
    endloop
  endfacet
  facet normal 0 0 1
    outer loop
      vertex 32.7256 15.1412 2.6000
      vertex 32.7810 15.1094 2.6000
      vertex 33.0552 15.5886 2.6000
    endloop
  endfacet
  facet normal 0 0 1
    outer loop
      vertex 32.7256 15.1412 2.6000
      vertex 33.0552 15.5886 2.6000
      vertex 32.9498 15.6595 2.6000
    endloop
  endfacet
  facet normal -0.460701 0.887555 0
    outer loop
      vertex 32.7271 14.3218 2.0000
      vertex 32.7271 14.3218 2.6000
      vertex 32.7743 14.3463 2.0000
    endloop
  endfacet
  facet normal 0 0 1
    outer loop
      vertex 32.7271 14.3218 2.0000
      vertex 32.7743 14.3463 2.0000
      vertex 32.9290 14.5255 2.0000
    endloop
  endfacet
  facet normal 0 0 1
    outer loop
      vertex 32.7271 14.3218 2.0000
      vertex 32.9290 14.5255 2.0000
      vertex 32.9452 14.5717 2.0000
    endloop
  endfacet
  facet normal 0 0 1
    outer loop
      vertex 32.7271 14.3218 2.0000
      vertex 32.9452 14.5717 2.0000
      vertex 32.9568 14.6211 2.0000
    endloop
  endfacet
  facet normal -0.460701 0.887555 0
    outer loop
      vertex 32.7271 14.3218 2.6000
      vertex 32.7743 14.3463 2.6000
      vertex 32.7743 14.3463 2.0000
    endloop
  endfacet
  facet normal 0 0 1
    outer loop
      vertex 32.7271 14.3218 2.6000
      vertex 32.8891 13.7754 2.6000
      vertex 32.9877 13.8233 2.6000
    endloop
  endfacet
  facet normal 0 0 1
    outer loop
      vertex 32.7271 14.3218 2.6000
      vertex 32.9877 13.8233 2.6000
      vertex 32.7743 14.3463 2.6000
    endloop
  endfacet
  facet normal -1 0 0
    outer loop
      vertex 32.7586 12.7368 2.0000
      vertex 32.7586 12.7368 2.6000
      vertex 32.7586 13.3247 2.6000
    endloop
  endfacet
  facet normal -1 0 0
    outer loop
      vertex 32.7586 12.7368 2.0000
      vertex 32.7586 13.3247 2.6000
      vertex 32.7586 13.3247 2.0000
    endloop
  endfacet
  facet normal 0 0 1
    outer loop
      vertex 32.7586 12.7368 2.0000
      vertex 32.9539 11.7351 2.0000
      vertex 32.9539 12.3922 2.0000
    endloop
  endfacet
  facet normal 0 0 1
    outer loop
      vertex 32.7586 12.7368 2.0000
      vertex 32.9539 12.3922 2.0000
      vertex 33.3791 12.7368 2.0000
    endloop
  endfacet
  facet normal 0 -1 0
    outer loop
      vertex 32.7586 12.7368 2.0000
      vertex 33.3791 12.7368 2.0000
      vertex 33.3791 12.7368 2.6000
    endloop
  endfacet
  facet normal 0 -1 0
    outer loop
      vertex 32.7586 12.7368 2.0000
      vertex 33.3791 12.7368 2.6000
      vertex 32.7586 12.7368 2.6000
    endloop
  endfacet
  facet normal 0 0 1
    outer loop
      vertex 32.7586 12.7368 2.6000
      vertex 33.3791 12.7368 2.6000
      vertex 32.7586 13.3247 2.6000
    endloop
  endfacet
  facet normal 0 1 0
    outer loop
      vertex 32.7586 13.3247 2.0000
      vertex 32.7586 13.3247 2.6000
      vertex 33.3791 13.3247 2.0000
    endloop
  endfacet
  facet normal 0 0 1
    outer loop
      vertex 32.7586 13.3247 2.0000
      vertex 32.8891 13.7754 2.0000
      vertex 32.7809 13.7385 2.0000
    endloop
  endfacet
  facet normal 0 0 1
    outer loop
      vertex 32.7586 13.3247 2.0000
      vertex 33.3791 13.3247 2.0000
      vertex 32.8891 13.7754 2.0000
    endloop
  endfacet
  facet normal 0 0 1
    outer loop
      vertex 32.7586 13.3247 2.6000
      vertex 33.3791 12.7368 2.6000
      vertex 33.3791 13.3247 2.6000
    endloop
  endfacet
  facet normal 0 1 0
    outer loop
      vertex 32.7586 13.3247 2.6000
      vertex 33.3791 13.3247 2.6000
      vertex 33.3791 13.3247 2.0000
    endloop
  endfacet
  facet normal -0.562906 0.826521 0
    outer loop
      vertex 32.7743 14.3463 2.0000
      vertex 32.7743 14.3463 2.6000
      vertex 32.8160 14.3747 2.0000
    endloop
  endfacet
  facet normal 0 0 1
    outer loop
      vertex 32.7743 14.3463 2.0000
      vertex 32.8160 14.3747 2.0000
      vertex 32.8521 14.4069 2.0000
    endloop
  endfacet
  facet normal 0 0 1
    outer loop
      vertex 32.7743 14.3463 2.0000
      vertex 32.8521 14.4069 2.0000
      vertex 32.8827 14.4430 2.0000
    endloop
  endfacet
  facet normal 0 0 1
    outer loop
      vertex 32.7743 14.3463 2.0000
      vertex 32.8827 14.4430 2.0000
      vertex 32.9082 14.4826 2.0000
    endloop
  endfacet
  facet normal 0 0 1
    outer loop
      vertex 32.7743 14.3463 2.0000
      vertex 32.9082 14.4826 2.0000
      vertex 32.9290 14.5255 2.0000
    endloop
  endfacet
  facet normal -0.562906 0.826521 0
    outer loop
      vertex 32.7743 14.3463 2.6000
      vertex 32.8160 14.3747 2.6000
      vertex 32.8160 14.3747 2.0000
    endloop
  endfacet
  facet normal 0 0 1
    outer loop
      vertex 32.7743 14.3463 2.6000
      vertex 32.9877 13.8233 2.6000
      vertex 33.0766 13.8822 2.6000
    endloop
  endfacet
  facet normal 0 0 1
    outer loop
      vertex 32.7743 14.3463 2.6000
      vertex 33.0766 13.8822 2.6000
      vertex 33.1559 13.9521 2.6000
    endloop
  endfacet
  facet normal 0 0 1
    outer loop
      vertex 32.7743 14.3463 2.6000
      vertex 33.1559 13.9521 2.6000
      vertex 32.8160 14.3747 2.6000
    endloop
  endfacet
  facet normal 0.322781 -0.946474 0
    outer loop
      vertex 32.7809 13.7385 2.0000
      vertex 32.8891 13.7754 2.0000
      vertex 32.8891 13.7754 2.6000
    endloop
  endfacet
  facet normal 0.322781 -0.946474 0
    outer loop
      vertex 32.7809 13.7385 2.0000
      vertex 32.8891 13.7754 2.6000
      vertex 32.7809 13.7385 2.6000
    endloop
  endfacet
  facet normal -0.622345 -0.782743 0
    outer loop
      vertex 32.7810 15.1094 2.0000
      vertex 32.8298 15.0706 2.0000
      vertex 32.8298 15.0706 2.6000
    endloop
  endfacet
  facet normal -0.622345 -0.782743 0
    outer loop
      vertex 32.7810 15.1094 2.0000
      vertex 32.8298 15.0706 2.6000
      vertex 32.7810 15.1094 2.6000
    endloop
  endfacet
  facet normal 0 0 1
    outer loop
      vertex 32.7810 15.1094 2.6000
      vertex 32.8298 15.0706 2.6000
      vertex 33.1502 15.5019 2.6000
    endloop
  endfacet
  facet normal 0 0 1
    outer loop
      vertex 32.7810 15.1094 2.6000
      vertex 33.1502 15.5019 2.6000
      vertex 33.0552 15.5886 2.6000
    endloop
  endfacet
  facet normal -0.665646 0.746268 0
    outer loop
      vertex 32.8160 14.3747 2.0000
      vertex 32.8160 14.3747 2.6000
      vertex 32.8521 14.4069 2.0000
    endloop
  endfacet
  facet normal -0.665646 0.746268 0
    outer loop
      vertex 32.8160 14.3747 2.6000
      vertex 32.8521 14.4069 2.6000
      vertex 32.8521 14.4069 2.0000
    endloop
  endfacet
  facet normal 0 0 1
    outer loop
      vertex 32.8160 14.3747 2.6000
      vertex 33.1559 13.9521 2.6000
      vertex 33.2254 14.0331 2.6000
    endloop
  endfacet
  facet normal 0 0 1
    outer loop
      vertex 32.8160 14.3747 2.6000
      vertex 33.2254 14.0331 2.6000
      vertex 32.8521 14.4069 2.6000
    endloop
  endfacet
  facet normal -0.732793 -0.680451 0
    outer loop
      vertex 32.8298 15.0706 2.0000
      vertex 32.8714 15.0258 2.0000
      vertex 32.8298 15.0706 2.6000
    endloop
  endfacet
  facet normal -0.732793 -0.680451 0
    outer loop
      vertex 32.8298 15.0706 2.6000
      vertex 32.8714 15.0258 2.0000
      vertex 32.8714 15.0258 2.6000
    endloop
  endfacet
  facet normal 0 0 1
    outer loop
      vertex 32.8298 15.0706 2.6000
      vertex 32.8714 15.0258 2.6000
      vertex 33.2325 15.4014 2.6000
    endloop
  endfacet
  facet normal 0 0 1
    outer loop
      vertex 32.8298 15.0706 2.6000
      vertex 33.2325 15.4014 2.6000
      vertex 33.1502 15.5019 2.6000
    endloop
  endfacet
  facet normal 0.4306 0.902543 0
    outer loop
      vertex 32.8341 15.7147 2.0000
      vertex 32.8341 15.7147 2.6000
      vertex 32.9498 15.6595 2.0000
    endloop
  endfacet
  facet normal 0.4306 0.902543 0
    outer loop
      vertex 32.8341 15.7147 2.6000
      vertex 32.9498 15.6595 2.6000
      vertex 32.9498 15.6595 2.0000
    endloop
  endfacet
  facet normal -0.762825 0.646605 0
    outer loop
      vertex 32.8521 14.4069 2.0000
      vertex 32.8521 14.4069 2.6000
      vertex 32.8827 14.4430 2.6000
    endloop
  endfacet
  facet normal -0.762825 0.646605 0
    outer loop
      vertex 32.8521 14.4069 2.0000
      vertex 32.8827 14.4430 2.6000
      vertex 32.8827 14.4430 2.0000
    endloop
  endfacet
  facet normal 0 0 1
    outer loop
      vertex 32.8521 14.4069 2.6000
      vertex 33.2254 14.0331 2.6000
      vertex 33.2848 14.1243 2.6000
    endloop
  endfacet
  facet normal 0 0 1
    outer loop
      vertex 32.8521 14.4069 2.6000
      vertex 33.2848 14.1243 2.6000
      vertex 32.8827 14.4430 2.6000
    endloop
  endfacet
  facet normal -0.824042 -0.566529 0
    outer loop
      vertex 32.8714 15.0258 2.0000
      vertex 32.9055 14.9762 2.0000
      vertex 32.8714 15.0258 2.6000
    endloop
  endfacet
  facet normal -0.824042 -0.566529 0
    outer loop
      vertex 32.8714 15.0258 2.6000
      vertex 32.9055 14.9762 2.0000
      vertex 32.9055 14.9762 2.6000
    endloop
  endfacet
  facet normal 0 0 1
    outer loop
      vertex 32.8714 15.0258 2.6000
      vertex 32.9055 14.9762 2.6000
      vertex 33.2999 15.2893 2.6000
    endloop
  endfacet
  facet normal 0 0 1
    outer loop
      vertex 32.8714 15.0258 2.6000
      vertex 33.2999 15.2893 2.6000
      vertex 33.2325 15.4014 2.6000
    endloop
  endfacet
  facet normal -0.840764 0.541401 0
    outer loop
      vertex 32.8827 14.4430 2.0000
      vertex 32.8827 14.4430 2.6000
      vertex 32.9082 14.4826 2.6000
    endloop
  endfacet
  facet normal -0.840764 0.541401 0
    outer loop
      vertex 32.8827 14.4430 2.0000
      vertex 32.9082 14.4826 2.6000
      vertex 32.9082 14.4826 2.0000
    endloop
  endfacet
  facet normal 0 0 1
    outer loop
      vertex 32.8827 14.4430 2.6000
      vertex 33.2848 14.1243 2.6000
      vertex 33.3334 14.2251 2.6000
    endloop
  endfacet
  facet normal 0 0 1
    outer loop
      vertex 32.8827 14.4430 2.6000
      vertex 33.3334 14.2251 2.6000
      vertex 32.9082 14.4826 2.6000
    endloop
  endfacet
  facet normal 0.436967 -0.899477 0
    outer loop
      vertex 32.8891 13.7754 2.0000
      vertex 32.9877 13.8233 2.0000
      vertex 32.9877 13.8233 2.6000
    endloop
  endfacet
  facet normal 0.436967 -0.899477 0
    outer loop
      vertex 32.8891 13.7754 2.0000
      vertex 32.9877 13.8233 2.6000
      vertex 32.8891 13.7754 2.6000
    endloop
  endfacet
  facet normal 0 0 1
    outer loop
      vertex 32.8891 13.7754 2.0000
      vertex 33.3791 13.3247 2.0000
      vertex 32.9877 13.8233 2.0000
    endloop
  endfacet
  facet normal -0.899007 -0.437935 0
    outer loop
      vertex 32.9055 14.9762 2.0000
      vertex 32.9320 14.9218 2.0000
      vertex 32.9055 14.9762 2.6000
    endloop
  endfacet
  facet normal -0.899007 -0.437935 0
    outer loop
      vertex 32.9055 14.9762 2.6000
      vertex 32.9320 14.9218 2.0000
      vertex 32.9320 14.9218 2.6000
    endloop
  endfacet
  facet normal 0 0 1
    outer loop
      vertex 32.9055 14.9762 2.6000
      vertex 32.9320 14.9218 2.6000
      vertex 33.3523 15.1654 2.6000
    endloop
  endfacet
  facet normal 0 0 1
    outer loop
      vertex 32.9055 14.9762 2.6000
      vertex 33.3523 15.1654 2.6000
      vertex 33.2999 15.2893 2.6000
    endloop
  endfacet
  facet normal -0.899814 0.436274 0
    outer loop
      vertex 32.9082 14.4826 2.0000
      vertex 32.9082 14.4826 2.6000
      vertex 32.9290 14.5255 2.6000
    endloop
  endfacet
  facet normal -0.899814 0.436274 0
    outer loop
      vertex 32.9082 14.4826 2.0000
      vertex 32.9290 14.5255 2.6000
      vertex 32.9290 14.5255 2.0000
    endloop
  endfacet
  facet normal 0 0 1
    outer loop
      vertex 32.9082 14.4826 2.6000
      vertex 33.3334 14.2251 2.6000
      vertex 33.3712 14.3354 2.6000
    endloop
  endfacet
  facet normal 0 0 1
    outer loop
      vertex 32.9082 14.4826 2.6000
      vertex 33.3712 14.3354 2.6000
      vertex 32.9290 14.5255 2.6000
    endloop
  endfacet
  facet normal -0.943667 0.330896 0
    outer loop
      vertex 32.9290 14.5255 2.0000
      vertex 32.9290 14.5255 2.6000
      vertex 32.9452 14.5717 2.6000
    endloop
  endfacet
  facet normal -0.943667 0.330896 0
    outer loop
      vertex 32.9290 14.5255 2.0000
      vertex 32.9452 14.5717 2.6000
      vertex 32.9452 14.5717 2.0000
    endloop
  endfacet
  facet normal 0 0 1
    outer loop
      vertex 32.9290 14.5255 2.6000
      vertex 33.3712 14.3354 2.6000
      vertex 33.3981 14.4553 2.6000
    endloop
  endfacet
  facet normal 0 0 1
    outer loop
      vertex 32.9290 14.5255 2.6000
      vertex 33.3981 14.4553 2.6000
      vertex 32.9452 14.5717 2.6000
    endloop
  endfacet
  facet normal -0.952629 -0.304133 0
    outer loop
      vertex 32.9320 14.9218 2.0000
      vertex 32.9509 14.8626 2.0000
      vertex 32.9320 14.9218 2.6000
    endloop
  endfacet
  facet normal -0.952629 -0.304133 0
    outer loop
      vertex 32.9320 14.9218 2.6000
      vertex 32.9509 14.8626 2.0000
      vertex 32.9509 14.8626 2.6000
    endloop
  endfacet
  facet normal 0 0 1
    outer loop
      vertex 32.9320 14.9218 2.6000
      vertex 32.9509 14.8626 2.6000
      vertex 33.3898 15.0299 2.6000
    endloop
  endfacet
  facet normal 0 0 1
    outer loop
      vertex 32.9320 14.9218 2.6000
      vertex 33.3898 15.0299 2.6000
      vertex 33.3523 15.1654 2.6000
    endloop
  endfacet
  facet normal -0.97352 0.2286 0
    outer loop
      vertex 32.9452 14.5717 2.0000
      vertex 32.9452 14.5717 2.6000
      vertex 32.9568 14.6211 2.6000
    endloop
  endfacet
  facet normal -0.97352 0.2286 0
    outer loop
      vertex 32.9452 14.5717 2.0000
      vertex 32.9568 14.6211 2.6000
      vertex 32.9568 14.6211 2.0000
    endloop
  endfacet
  facet normal 0 0 1
    outer loop
      vertex 32.9452 14.5717 2.6000
      vertex 33.3981 14.4553 2.6000
      vertex 32.9568 14.6211 2.6000
    endloop
  endfacet
  facet normal 0.558147 0.829742 0
    outer loop
      vertex 32.9498 15.6595 2.0000
      vertex 32.9498 15.6595 2.6000
      vertex 33.0552 15.5886 2.0000
    endloop
  endfacet
  facet normal 0.558147 0.829742 0
    outer loop
      vertex 32.9498 15.6595 2.6000
      vertex 33.0552 15.5886 2.6000
      vertex 33.0552 15.5886 2.0000
    endloop
  endfacet
  facet normal -0.984504 -0.175365 0
    outer loop
      vertex 32.9509 14.8626 2.0000
      vertex 32.9623 14.7986 2.0000
      vertex 32.9509 14.8626 2.6000
    endloop
  endfacet
  facet normal -0.984504 -0.175365 0
    outer loop
      vertex 32.9509 14.8626 2.6000
      vertex 32.9623 14.7986 2.0000
      vertex 32.9623 14.7986 2.6000
    endloop
  endfacet
  facet normal 0 0 1
    outer loop
      vertex 32.9509 14.8626 2.6000
      vertex 32.9623 14.7986 2.6000
      vertex 33.4122 14.8827 2.6000
    endloop
  endfacet
  facet normal 0 0 1
    outer loop
      vertex 32.9509 14.8626 2.6000
      vertex 33.4122 14.8827 2.6000
      vertex 33.3898 15.0299 2.6000
    endloop
  endfacet
  facet normal -1 0 0
    outer loop
      vertex 32.9539 8.4150 2.0000
      vertex 32.9539 8.4150 2.6000
      vertex 32.9539 9.1250 2.6000
    endloop
  endfacet
  facet normal -1 0 0
    outer loop
      vertex 32.9539 8.4150 2.0000
      vertex 32.9539 9.1250 2.6000
      vertex 32.9539 9.1250 2.0000
    endloop
  endfacet
  facet normal 0 -1 0
    outer loop
      vertex 32.9539 8.4150 2.0000
      vertex 33.3791 8.4150 2.0000
      vertex 33.3791 8.4150 2.6000
    endloop
  endfacet
  facet normal 0 -1 0
    outer loop
      vertex 32.9539 8.4150 2.0000
      vertex 33.3791 8.4150 2.6000
      vertex 32.9539 8.4150 2.6000
    endloop
  endfacet
  facet normal 0 0 1
    outer loop
      vertex 32.9539 8.4150 2.6000
      vertex 33.3791 8.4150 2.6000
      vertex 32.9539 9.1250 2.6000
    endloop
  endfacet
  facet normal 0 0 1
    outer loop
      vertex 32.9539 9.1250 2.6000
      vertex 33.3791 8.4150 2.6000
      vertex 33.3791 10.3537 2.6000
    endloop
  endfacet
  facet normal 0 0 1
    outer loop
      vertex 32.9539 9.1250 2.6000
      vertex 33.3791 10.3537 2.6000
      vertex 32.9539 9.6966 2.6000
    endloop
  endfacet
  facet normal -1 0 0
    outer loop
      vertex 32.9539 9.6966 2.0000
      vertex 32.9539 9.6966 2.6000
      vertex 32.9539 10.3537 2.6000
    endloop
  endfacet
  facet normal -1 0 0
    outer loop
      vertex 32.9539 9.6966 2.0000
      vertex 32.9539 10.3537 2.6000
      vertex 32.9539 10.3537 2.0000
    endloop
  endfacet
  facet normal 0 0 1
    outer loop
      vertex 32.9539 9.6966 2.6000
      vertex 33.3791 10.3537 2.6000
      vertex 32.9539 10.3537 2.6000
    endloop
  endfacet
  facet normal 0 1 0
    outer loop
      vertex 32.9539 10.3537 2.0000
      vertex 32.9539 10.3537 2.6000
      vertex 33.3791 10.3537 2.0000
    endloop
  endfacet
  facet normal 0 0 1
    outer loop
      vertex 32.9539 10.3537 2.0000
      vertex 33.3791 10.3537 2.0000
      vertex 32.9539 10.4535 2.0000
    endloop
  endfacet
  facet normal 0 1 0
    outer loop
      vertex 32.9539 10.3537 2.6000
      vertex 33.3791 10.3537 2.6000
      vertex 33.3791 10.3537 2.0000
    endloop
  endfacet
  facet normal -1 0 0
    outer loop
      vertex 32.9539 10.4535 2.0000
      vertex 32.9539 10.4535 2.6000
      vertex 32.9539 11.1634 2.6000
    endloop
  endfacet
  facet normal -1 0 0
    outer loop
      vertex 32.9539 10.4535 2.0000
      vertex 32.9539 11.1634 2.6000
      vertex 32.9539 11.1634 2.0000
    endloop
  endfacet
  facet normal 0 0 1
    outer loop
      vertex 32.9539 10.4535 2.0000
      vertex 33.3791 10.3537 2.0000
      vertex 33.3791 10.4535 2.0000
    endloop
  endfacet
  facet normal 0 -1 0
    outer loop
      vertex 32.9539 10.4535 2.0000
      vertex 33.3791 10.4535 2.0000
      vertex 33.3791 10.4535 2.6000
    endloop
  endfacet
  facet normal 0 -1 0
    outer loop
      vertex 32.9539 10.4535 2.0000
      vertex 33.3791 10.4535 2.6000
      vertex 32.9539 10.4535 2.6000
    endloop
  endfacet
  facet normal 0 0 1
    outer loop
      vertex 32.9539 10.4535 2.6000
      vertex 33.3791 10.4535 2.6000
      vertex 32.9539 11.1634 2.6000
    endloop
  endfacet
  facet normal 0 0 1
    outer loop
      vertex 32.9539 11.1634 2.6000
      vertex 33.3791 10.4535 2.6000
      vertex 33.3791 12.3922 2.6000
    endloop
  endfacet
  facet normal 0 0 1
    outer loop
      vertex 32.9539 11.1634 2.6000
      vertex 33.3791 12.3922 2.6000
      vertex 32.9539 11.7351 2.6000
    endloop
  endfacet
  facet normal -1 0 0
    outer loop
      vertex 32.9539 11.7351 2.0000
      vertex 32.9539 11.7351 2.6000
      vertex 32.9539 12.3922 2.6000
    endloop
  endfacet
  facet normal -1 0 0
    outer loop
      vertex 32.9539 11.7351 2.0000
      vertex 32.9539 12.3922 2.6000
      vertex 32.9539 12.3922 2.0000
    endloop
  endfacet
  facet normal 0 0 1
    outer loop
      vertex 32.9539 11.7351 2.6000
      vertex 33.3791 12.3922 2.6000
      vertex 32.9539 12.3922 2.6000
    endloop
  endfacet
  facet normal 0 1 0
    outer loop
      vertex 32.9539 12.3922 2.0000
      vertex 32.9539 12.3922 2.6000
      vertex 33.3791 12.3922 2.0000
    endloop
  endfacet
  facet normal 0 0 1
    outer loop
      vertex 32.9539 12.3922 2.0000
      vertex 33.3791 12.3922 2.0000
      vertex 33.3791 12.7368 2.0000
    endloop
  endfacet
  facet normal 0 1 0
    outer loop
      vertex 32.9539 12.3922 2.6000
      vertex 33.3791 12.3922 2.6000
      vertex 33.3791 12.3922 2.0000
    endloop
  endfacet
  facet normal -0.991293 0.131671 0
    outer loop
      vertex 32.9568 14.6211 2.0000
      vertex 32.9568 14.6211 2.6000
      vertex 32.9638 14.6738 2.6000
    endloop
  endfacet
  facet normal -0.991293 0.131671 0
    outer loop
      vertex 32.9568 14.6211 2.0000
      vertex 32.9638 14.6738 2.6000
      vertex 32.9638 14.6738 2.0000
    endloop
  endfacet
  facet normal 0 0 1
    outer loop
      vertex 32.9568 14.6211 2.6000
      vertex 33.3981 14.4553 2.6000
      vertex 33.4143 14.5847 2.6000
    endloop
  endfacet
  facet normal 0 0 1
    outer loop
      vertex 32.9568 14.6211 2.6000
      vertex 33.4143 14.5847 2.6000
      vertex 32.9638 14.6738 2.6000
    endloop
  endfacet
  facet normal -0.998478 -0.055149 0
    outer loop
      vertex 32.9623 14.7986 2.0000
      vertex 32.9661 14.7298 2.0000
      vertex 32.9623 14.7986 2.6000
    endloop
  endfacet
  facet normal -0.998478 -0.055149 0
    outer loop
      vertex 32.9623 14.7986 2.6000
      vertex 32.9661 14.7298 2.0000
      vertex 32.9661 14.7298 2.6000
    endloop
  endfacet
  facet normal 0 0 1
    outer loop
      vertex 32.9623 14.7986 2.6000
      vertex 32.9661 14.7298 2.6000
      vertex 33.4197 14.7237 2.6000
    endloop
  endfacet
  facet normal 0 0 1
    outer loop
      vertex 32.9623 14.7986 2.6000
      vertex 33.4197 14.7237 2.6000
      vertex 33.4122 14.8827 2.6000
    endloop
  endfacet
  facet normal -0.999158 0.041037 0
    outer loop
      vertex 32.9638 14.6738 2.0000
      vertex 32.9638 14.6738 2.6000
      vertex 32.9661 14.7298 2.6000
    endloop
  endfacet
  facet normal -0.999158 0.041037 0
    outer loop
      vertex 32.9638 14.6738 2.0000
      vertex 32.9661 14.7298 2.6000
      vertex 32.9661 14.7298 2.0000
    endloop
  endfacet
  facet normal 0 0 1
    outer loop
      vertex 32.9638 14.6738 2.6000
      vertex 33.4143 14.5847 2.6000
      vertex 33.4197 14.7237 2.6000
    endloop
  endfacet
  facet normal 0 0 1
    outer loop
      vertex 32.9638 14.6738 2.6000
      vertex 33.4197 14.7237 2.6000
      vertex 32.9661 14.7298 2.6000
    endloop
  endfacet
  facet normal 0.552318 -0.833634 0
    outer loop
      vertex 32.9877 13.8233 2.0000
      vertex 33.0766 13.8822 2.0000
      vertex 33.0766 13.8822 2.6000
    endloop
  endfacet
  facet normal 0.552318 -0.833634 0
    outer loop
      vertex 32.9877 13.8233 2.0000
      vertex 33.0766 13.8822 2.6000
      vertex 32.9877 13.8233 2.6000
    endloop
  endfacet
  facet normal 0 0 1
    outer loop
      vertex 32.9877 13.8233 2.0000
      vertex 33.3791 13.3247 2.0000
      vertex 33.0766 13.8822 2.0000
    endloop
  endfacet
  facet normal 0.674103 0.738637 0
    outer loop
      vertex 33.0552 15.5886 2.0000
      vertex 33.0552 15.5886 2.6000
      vertex 33.1502 15.5019 2.0000
    endloop
  endfacet
  facet normal 0.674103 0.738637 0
    outer loop
      vertex 33.0552 15.5886 2.6000
      vertex 33.1502 15.5019 2.6000
      vertex 33.1502 15.5019 2.0000
    endloop
  endfacet
  facet normal 0.661246 -0.750169 0
    outer loop
      vertex 33.0766 13.8822 2.0000
      vertex 33.1559 13.9521 2.0000
      vertex 33.1559 13.9521 2.6000
    endloop
  endfacet
  facet normal 0.661246 -0.750169 0
    outer loop
      vertex 33.0766 13.8822 2.0000
      vertex 33.1559 13.9521 2.6000
      vertex 33.0766 13.8822 2.6000
    endloop
  endfacet
  facet normal 0 0 1
    outer loop
      vertex 33.0766 13.8822 2.0000
      vertex 33.3791 13.3247 2.0000
      vertex 33.1559 13.9521 2.0000
    endloop
  endfacet
  facet normal 0.773683 0.633573 0
    outer loop
      vertex 33.1502 15.5019 2.0000
      vertex 33.1502 15.5019 2.6000
      vertex 33.2325 15.4014 2.6000
    endloop
  endfacet
  facet normal 0.773683 0.633573 0
    outer loop
      vertex 33.1502 15.5019 2.0000
      vertex 33.2325 15.4014 2.6000
      vertex 33.2325 15.4014 2.0000
    endloop
  endfacet
  facet normal 0.758926 -0.651177 0
    outer loop
      vertex 33.1559 13.9521 2.0000
      vertex 33.2254 14.0331 2.0000
      vertex 33.1559 13.9521 2.6000
    endloop
  endfacet
  facet normal 0 0 1
    outer loop
      vertex 33.1559 13.9521 2.0000
      vertex 33.3791 13.3247 2.0000
      vertex 33.2254 14.0331 2.0000
    endloop
  endfacet
  facet normal 0.758926 -0.651177 0
    outer loop
      vertex 33.1559 13.9521 2.6000
      vertex 33.2254 14.0331 2.0000
      vertex 33.2254 14.0331 2.6000
    endloop
  endfacet
  facet normal 0.837939 -0.545763 0
    outer loop
      vertex 33.2254 14.0331 2.0000
      vertex 33.2848 14.1243 2.0000
      vertex 33.2254 14.0331 2.6000
    endloop
  endfacet
  facet normal 0 0 1
    outer loop
      vertex 33.2254 14.0331 2.0000
      vertex 33.3791 13.3247 2.0000
      vertex 33.2848 14.1243 2.0000
    endloop
  endfacet
  facet normal 0.837939 -0.545763 0
    outer loop
      vertex 33.2254 14.0331 2.6000
      vertex 33.2848 14.1243 2.0000
      vertex 33.2848 14.1243 2.6000
    endloop
  endfacet
  facet normal 0.85702 0.515283 0
    outer loop
      vertex 33.2325 15.4014 2.0000
      vertex 33.2325 15.4014 2.6000
      vertex 33.2999 15.2893 2.6000
    endloop
  endfacet
  facet normal 0 0 1
    outer loop
      vertex 33.2325 15.4014 2.0000
      vertex 33.2999 15.2893 2.0000
      vertex 34.0000 24.0000 2.0000
    endloop
  endfacet
  facet normal 0.85702 0.515283 0
    outer loop
      vertex 33.2325 15.4014 2.0000
      vertex 33.2999 15.2893 2.6000
      vertex 33.2999 15.2893 2.0000
    endloop
  endfacet
  facet normal 0.900769 -0.434299 0
    outer loop
      vertex 33.2848 14.1243 2.0000
      vertex 33.3334 14.2251 2.0000
      vertex 33.2848 14.1243 2.6000
    endloop
  endfacet
  facet normal 0 0 1
    outer loop
      vertex 33.2848 14.1243 2.0000
      vertex 33.3791 13.3247 2.0000
      vertex 33.3334 14.2251 2.0000
    endloop
  endfacet
  facet normal 0.900769 -0.434299 0
    outer loop
      vertex 33.2848 14.1243 2.6000
      vertex 33.3334 14.2251 2.0000
      vertex 33.3334 14.2251 2.6000
    endloop
  endfacet
  facet normal 0.921019 0.389519 0
    outer loop
      vertex 33.2999 15.2893 2.0000
      vertex 33.2999 15.2893 2.6000
      vertex 33.3523 15.1654 2.6000
    endloop
  endfacet
  facet normal 0 0 1
    outer loop
      vertex 33.2999 15.2893 2.0000
      vertex 33.3523 15.1654 2.0000
      vertex 34.0000 24.0000 2.0000
    endloop
  endfacet
  facet normal 0.921019 0.389519 0
    outer loop
      vertex 33.2999 15.2893 2.0000
      vertex 33.3523 15.1654 2.6000
      vertex 33.3523 15.1654 2.0000
    endloop
  endfacet
  facet normal 0.945991 -0.324193 0
    outer loop
      vertex 33.3334 14.2251 2.0000
      vertex 33.3712 14.3354 2.0000
      vertex 33.3334 14.2251 2.6000
    endloop
  endfacet
  facet normal 0 0 1
    outer loop
      vertex 33.3334 14.2251 2.0000
      vertex 33.3791 13.3247 2.0000
      vertex 33.3712 14.3354 2.0000
    endloop
  endfacet
  facet normal 0.945991 -0.324193 0
    outer loop
      vertex 33.3334 14.2251 2.6000
      vertex 33.3712 14.3354 2.0000
      vertex 33.3712 14.3354 2.6000
    endloop
  endfacet
  facet normal 0.963772 0.266727 0
    outer loop
      vertex 33.3523 15.1654 2.0000
      vertex 33.3523 15.1654 2.6000
      vertex 33.3898 15.0299 2.6000
    endloop
  endfacet
  facet normal 0 0 1
    outer loop
      vertex 33.3523 15.1654 2.0000
      vertex 33.3898 15.0299 2.0000
      vertex 34.0000 24.0000 2.0000
    endloop
  endfacet
  facet normal 0.963772 0.266727 0
    outer loop
      vertex 33.3523 15.1654 2.0000
      vertex 33.3898 15.0299 2.6000
      vertex 33.3898 15.0299 2.0000
    endloop
  endfacet
  facet normal 0 0 1
    outer loop
      vertex 33.3712 14.3354 2.0000
      vertex 33.3791 13.3247 2.0000
      vertex 33.3981 14.4553 2.0000
    endloop
  endfacet
  facet normal 0.975745 -0.218912 0
    outer loop
      vertex 33.3712 14.3354 2.0000
      vertex 33.3981 14.4553 2.0000
      vertex 33.3712 14.3354 2.6000
    endloop
  endfacet
  facet normal 0.975745 -0.218912 0
    outer loop
      vertex 33.3712 14.3354 2.6000
      vertex 33.3981 14.4553 2.0000
      vertex 33.3981 14.4553 2.6000
    endloop
  endfacet
  facet normal 1 0 0
    outer loop
      vertex 33.3791 8.4150 2.0000
      vertex 33.3791 10.3537 2.0000
      vertex 33.3791 8.4150 2.6000
    endloop
  endfacet
  facet normal 0 0 1
    outer loop
      vertex 33.3791 8.4150 2.0000
      vertex 34.0000 0.0000 2.0000
      vertex 33.3791 10.3537 2.0000
    endloop
  endfacet
  facet normal 1 0 0
    outer loop
      vertex 33.3791 8.4150 2.6000
      vertex 33.3791 10.3537 2.0000
      vertex 33.3791 10.3537 2.6000
    endloop
  endfacet
  facet normal 0 0 1
    outer loop
      vertex 33.3791 10.3537 2.0000
      vertex 34.0000 0.0000 2.0000
      vertex 33.3791 10.4535 2.0000
    endloop
  endfacet
  facet normal 1 0 0
    outer loop
      vertex 33.3791 10.4535 2.0000
      vertex 33.3791 12.3922 2.0000
      vertex 33.3791 10.4535 2.6000
    endloop
  endfacet
  facet normal 0 0 1
    outer loop
      vertex 33.3791 10.4535 2.0000
      vertex 34.0000 0.0000 2.0000
      vertex 33.3791 12.3922 2.0000
    endloop
  endfacet
  facet normal 1 0 0
    outer loop
      vertex 33.3791 10.4535 2.6000
      vertex 33.3791 12.3922 2.0000
      vertex 33.3791 12.3922 2.6000
    endloop
  endfacet
  facet normal 0 0 1
    outer loop
      vertex 33.3791 12.3922 2.0000
      vertex 34.0000 0.0000 2.0000
      vertex 33.3791 12.7368 2.0000
    endloop
  endfacet
  facet normal 1 0 0
    outer loop
      vertex 33.3791 12.7368 2.0000
      vertex 33.3791 13.3247 2.0000
      vertex 33.3791 12.7368 2.6000
    endloop
  endfacet
  facet normal 0 0 1
    outer loop
      vertex 33.3791 12.7368 2.0000
      vertex 33.4143 14.5847 2.0000
      vertex 33.3791 13.3247 2.0000
    endloop
  endfacet
  facet normal 0 0 1
    outer loop
      vertex 33.3791 12.7368 2.0000
      vertex 33.4197 14.7237 2.0000
      vertex 33.4143 14.5847 2.0000
    endloop
  endfacet
  facet normal 0 0 1
    outer loop
      vertex 33.3791 12.7368 2.0000
      vertex 34.0000 0.0000 2.0000
      vertex 33.4197 14.7237 2.0000
    endloop
  endfacet
  facet normal 1 0 0
    outer loop
      vertex 33.3791 12.7368 2.6000
      vertex 33.3791 13.3247 2.0000
      vertex 33.3791 13.3247 2.6000
    endloop
  endfacet
  facet normal 0 0 1
    outer loop
      vertex 33.3791 13.3247 2.0000
      vertex 33.4143 14.5847 2.0000
      vertex 33.3981 14.4553 2.0000
    endloop
  endfacet
  facet normal 0.988619 0.150442 0
    outer loop
      vertex 33.3898 15.0299 2.0000
      vertex 33.3898 15.0299 2.6000
      vertex 33.4122 14.8827 2.6000
    endloop
  endfacet
  facet normal 0 0 1
    outer loop
      vertex 33.3898 15.0299 2.0000
      vertex 33.4122 14.8827 2.0000
      vertex 34.0000 24.0000 2.0000
    endloop
  endfacet
  facet normal 0.988619 0.150442 0
    outer loop
      vertex 33.3898 15.0299 2.0000
      vertex 33.4122 14.8827 2.6000
      vertex 33.4122 14.8827 2.0000
    endloop
  endfacet
  facet normal 0.992254 -0.124223 0
    outer loop
      vertex 33.3981 14.4553 2.0000
      vertex 33.4143 14.5847 2.0000
      vertex 33.3981 14.4553 2.6000
    endloop
  endfacet
  facet normal 0.992254 -0.124223 0
    outer loop
      vertex 33.3981 14.4553 2.6000
      vertex 33.4143 14.5847 2.0000
      vertex 33.4143 14.5847 2.6000
    endloop
  endfacet
  facet normal 0.998889 0.047117 0
    outer loop
      vertex 33.4122 14.8827 2.0000
      vertex 33.4122 14.8827 2.6000
      vertex 33.4197 14.7237 2.6000
    endloop
  endfacet
  facet normal 0 0 1
    outer loop
      vertex 33.4122 14.8827 2.0000
      vertex 33.4197 14.7237 2.0000
      vertex 34.0000 24.0000 2.0000
    endloop
  endfacet
  facet normal 0.998889 0.047117 0
    outer loop
      vertex 33.4122 14.8827 2.0000
      vertex 33.4197 14.7237 2.6000
      vertex 33.4197 14.7237 2.0000
    endloop
  endfacet
  facet normal 0.999246 -0.03882 0
    outer loop
      vertex 33.4143 14.5847 2.0000
      vertex 33.4197 14.7237 2.0000
      vertex 33.4143 14.5847 2.6000
    endloop
  endfacet
  facet normal 0.999246 -0.03882 0
    outer loop
      vertex 33.4143 14.5847 2.6000
      vertex 33.4197 14.7237 2.0000
      vertex 33.4197 14.7237 2.6000
    endloop
  endfacet
  facet normal 0 0 1
    outer loop
      vertex 33.4197 14.7237 2.0000
      vertex 34.0000 0.0000 2.0000
      vertex 34.0000 24.0000 2.0000
    endloop
  endfacet
  facet normal 1 0 0
    outer loop
      vertex 34.0000 0.0000 0.0000
      vertex 34.0000 24.0000 0.0000
      vertex 34.0000 0.0000 2.0000
    endloop
  endfacet
  facet normal 1 0 0
    outer loop
      vertex 34.0000 0.0000 2.0000
      vertex 34.0000 24.0000 0.0000
      vertex 34.0000 24.0000 2.0000
    endloop
  endfacet
  facet normal -1 0 0
    outer loop
      vertex 40.0000 0.0000 0.0000
      vertex 40.0000 0.0000 2.0000
      vertex 40.0000 24.0000 2.0000
    endloop
  endfacet
  facet normal 0 0 -1
    outer loop
      vertex 40.0000 0.0000 0.0000
      vertex 40.0000 24.0000 0.0000
      vertex 54.0000 24.0000 0.0000
    endloop
  endfacet
  facet normal -1 0 0
    outer loop
      vertex 40.0000 0.0000 0.0000
      vertex 40.0000 24.0000 2.0000
      vertex 40.0000 24.0000 0.0000
    endloop
  endfacet
  facet normal 0 -1 0
    outer loop
      vertex 40.0000 0.0000 0.0000
      vertex 54.0000 0.0000 0.0000
      vertex 54.0000 0.0000 2.0000
    endloop
  endfacet
  facet normal 0 -1 0
    outer loop
      vertex 40.0000 0.0000 0.0000
      vertex 54.0000 0.0000 2.0000
      vertex 40.0000 0.0000 2.0000
    endloop
  endfacet
  facet normal 0 0 -1
    outer loop
      vertex 40.0000 0.0000 0.0000
      vertex 54.0000 24.0000 0.0000
      vertex 54.0000 0.0000 0.0000
    endloop
  endfacet
  facet normal 0 0 1
    outer loop
      vertex 40.0000 0.0000 2.0000
      vertex 42.0000 3.0000 2.0000
      vertex 42.0000 4.1000 2.0000
    endloop
  endfacet
  facet normal 0 0 1
    outer loop
      vertex 40.0000 0.0000 2.0000
      vertex 42.0000 4.1000 2.0000
      vertex 40.0000 24.0000 2.0000
    endloop
  endfacet
  facet normal 0 0 1
    outer loop
      vertex 40.0000 0.0000 2.0000
      vertex 54.0000 0.0000 2.0000
      vertex 42.0000 3.0000 2.0000
    endloop
  endfacet
  facet normal 0 1 0
    outer loop
      vertex 40.0000 24.0000 0.0000
      vertex 40.0000 24.0000 2.0000
      vertex 54.0000 24.0000 0.0000
    endloop
  endfacet
  facet normal 0 0 1
    outer loop
      vertex 40.0000 24.0000 2.0000
      vertex 42.0000 4.1000 2.0000
      vertex 42.0000 19.9000 2.0000
    endloop
  endfacet
  facet normal 0 0 1
    outer loop
      vertex 40.0000 24.0000 2.0000
      vertex 42.0000 19.9000 2.0000
      vertex 42.0000 21.0000 2.0000
    endloop
  endfacet
  facet normal 0 0 1
    outer loop
      vertex 40.0000 24.0000 2.0000
      vertex 42.0000 21.0000 2.0000
      vertex 54.0000 24.0000 2.0000
    endloop
  endfacet
  facet normal 0 1 0
    outer loop
      vertex 40.0000 24.0000 2.0000
      vertex 54.0000 24.0000 2.0000
      vertex 54.0000 24.0000 0.0000
    endloop
  endfacet
  facet normal -1 0 0
    outer loop
      vertex 42.0000 3.0000 2.0000
      vertex 42.0000 3.0000 2.0100
      vertex 42.0000 4.1000 2.0100
    endloop
  endfacet
  facet normal -1 0 0
    outer loop
      vertex 42.0000 3.0000 2.0000
      vertex 42.0000 4.1000 2.0100
      vertex 42.0000 4.1000 2.0000
    endloop
  endfacet
  facet normal 0 -1 0
    outer loop
      vertex 42.0000 3.0000 2.0000
      vertex 52.0000 3.0000 2.0000
      vertex 52.0000 3.0000 2.0100
    endloop
  endfacet
  facet normal 0 -1 0
    outer loop
      vertex 42.0000 3.0000 2.0000
      vertex 52.0000 3.0000 2.0100
      vertex 42.0000 3.0000 2.0100
    endloop
  endfacet
  facet normal 0 0 1
    outer loop
      vertex 42.0000 3.0000 2.0000
      vertex 54.0000 0.0000 2.0000
      vertex 52.0000 3.0000 2.0000
    endloop
  endfacet
  facet normal -0.936148 0 0.351605
    outer loop
      vertex 42.0000 3.0000 2.0100
      vertex 46.4000 3.0000 13.7250
      vertex 46.4000 4.1000 13.7250
    endloop
  endfacet
  facet normal -0.936148 0 0.351605
    outer loop
      vertex 42.0000 3.0000 2.0100
      vertex 46.4000 4.1000 13.7250
      vertex 42.0000 4.1000 2.0100
    endloop
  endfacet
  facet normal 0 -1 0
    outer loop
      vertex 42.0000 3.0000 2.0100
      vertex 47.6000 3.0000 13.7250
      vertex 46.4000 3.0000 13.7250
    endloop
  endfacet
  facet normal 0 -1 0
    outer loop
      vertex 42.0000 3.0000 2.0100
      vertex 52.0000 3.0000 2.0100
      vertex 47.6000 3.0000 13.7250
    endloop
  endfacet
  facet normal 0 1 0
    outer loop
      vertex 42.0000 4.1000 2.0000
      vertex 42.0000 4.1000 2.0100
      vertex 46.4000 4.1000 2.0000
    endloop
  endfacet
  facet normal 0 0 1
    outer loop
      vertex 42.0000 4.1000 2.0000
      vertex 46.4000 4.1000 2.0000
      vertex 42.0000 19.9000 2.0000
    endloop
  endfacet
  facet normal 0 1 0
    outer loop
      vertex 42.0000 4.1000 2.0100
      vertex 46.4000 4.1000 13.7250
      vertex 46.4000 4.1000 2.0000
    endloop
  endfacet
  facet normal -1 0 0
    outer loop
      vertex 42.0000 19.9000 2.0000
      vertex 42.0000 19.9000 2.0100
      vertex 42.0000 21.0000 2.0100
    endloop
  endfacet
  facet normal -1 0 0
    outer loop
      vertex 42.0000 19.9000 2.0000
      vertex 42.0000 21.0000 2.0100
      vertex 42.0000 21.0000 2.0000
    endloop
  endfacet
  facet normal 0 0 1
    outer loop
      vertex 42.0000 19.9000 2.0000
      vertex 46.4000 4.1000 2.0000
      vertex 46.4000 19.9000 2.0000
    endloop
  endfacet
  facet normal 0 -1 0
    outer loop
      vertex 42.0000 19.9000 2.0000
      vertex 46.4000 19.9000 2.0000
      vertex 42.0000 19.9000 2.0100
    endloop
  endfacet
  facet normal 0 -1 0
    outer loop
      vertex 42.0000 19.9000 2.0100
      vertex 46.4000 19.9000 2.0000
      vertex 46.4000 19.9000 13.7250
    endloop
  endfacet
  facet normal -0.936148 0 0.351605
    outer loop
      vertex 42.0000 19.9000 2.0100
      vertex 46.4000 19.9000 13.7250
      vertex 46.4000 21.0000 13.7250
    endloop
  endfacet
  facet normal -0.936148 0 0.351605
    outer loop
      vertex 42.0000 19.9000 2.0100
      vertex 46.4000 21.0000 13.7250
      vertex 42.0000 21.0000 2.0100
    endloop
  endfacet
  facet normal 0 1 0
    outer loop
      vertex 42.0000 21.0000 2.0000
      vertex 42.0000 21.0000 2.0100
      vertex 52.0000 21.0000 2.0000
    endloop
  endfacet
  facet normal 0 0 1
    outer loop
      vertex 42.0000 21.0000 2.0000
      vertex 52.0000 21.0000 2.0000
      vertex 54.0000 24.0000 2.0000
    endloop
  endfacet
  facet normal 0 1 0
    outer loop
      vertex 42.0000 21.0000 2.0100
      vertex 46.4000 21.0000 13.7250
      vertex 52.0000 21.0000 2.0100
    endloop
  endfacet
  facet normal 0 1 0
    outer loop
      vertex 42.0000 21.0000 2.0100
      vertex 52.0000 21.0000 2.0100
      vertex 52.0000 21.0000 2.0000
    endloop
  endfacet
  facet normal -1 0 0
    outer loop
      vertex 46.4000 3.0000 13.7250
      vertex 46.4000 3.0000 18.7500
      vertex 46.4000 5.7500 16.2500
    endloop
  endfacet
  facet normal -1 0 0
    outer loop
      vertex 46.4000 3.0000 13.7250
      vertex 46.4000 5.7500 16.2500
      vertex 46.4000 4.1000 13.7250
    endloop
  endfacet
  facet normal 0 -1 0
    outer loop
      vertex 46.4000 3.0000 13.7250
      vertex 47.6000 3.0000 13.7250
      vertex 47.6000 3.0000 18.7500
    endloop
  endfacet
  facet normal 0 -1 0
    outer loop
      vertex 46.4000 3.0000 13.7250
      vertex 47.6000 3.0000 18.7500
      vertex 46.4000 3.0000 18.7500
    endloop
  endfacet
  facet normal -1 0 0
    outer loop
      vertex 46.4000 3.0000 18.7500
      vertex 46.4000 6.3500 18.7500
      vertex 46.4000 5.7500 16.2500
    endloop
  endfacet
  facet normal 0 0 1
    outer loop
      vertex 46.4000 3.0000 18.7500
      vertex 47.6000 3.0000 18.7500
      vertex 46.4000 6.3500 18.7500
    endloop
  endfacet
  facet normal -1 0 0
    outer loop
      vertex 46.4000 4.1000 2.0000
      vertex 46.4000 4.1000 13.7250
      vertex 46.4000 5.7842 9.3467
    endloop
  endfacet
  facet normal -1 0 0
    outer loop
      vertex 46.4000 4.1000 2.0000
      vertex 46.4000 5.7842 9.3467
      vertex 46.4000 5.8866 8.7005
    endloop
  endfacet
  facet normal -1 0 0
    outer loop
      vertex 46.4000 4.1000 2.0000
      vertex 46.4000 5.8866 8.7005
      vertex 46.4000 6.0559 8.0686
    endloop
  endfacet
  facet normal -1 0 0
    outer loop
      vertex 46.4000 4.1000 2.0000
      vertex 46.4000 6.0559 8.0686
      vertex 46.4000 6.2903 7.4579
    endloop
  endfacet
  facet normal -1 0 0
    outer loop
      vertex 46.4000 4.1000 2.0000
      vertex 46.4000 6.2903 7.4579
      vertex 46.4000 6.5873 6.8750
    endloop
  endfacet
  facet normal -1 0 0
    outer loop
      vertex 46.4000 4.1000 2.0000
      vertex 46.4000 6.5873 6.8750
      vertex 46.4000 6.9436 6.3263
    endloop
  endfacet
  facet normal -1 0 0
    outer loop
      vertex 46.4000 4.1000 2.0000
      vertex 46.4000 6.9436 6.3263
      vertex 46.4000 7.3553 5.8179
    endloop
  endfacet
  facet normal -1 0 0
    outer loop
      vertex 46.4000 4.1000 2.0000
      vertex 46.4000 7.3553 5.8179
      vertex 46.4000 7.8179 5.3553
    endloop
  endfacet
  facet normal -1 0 0
    outer loop
      vertex 46.4000 4.1000 2.0000
      vertex 46.4000 7.8179 5.3553
      vertex 46.4000 8.3263 4.9436
    endloop
  endfacet
  facet normal -1 0 0
    outer loop
      vertex 46.4000 4.1000 2.0000
      vertex 46.4000 8.3263 4.9436
      vertex 46.4000 8.8750 4.5873
    endloop
  endfacet
  facet normal -1 0 0
    outer loop
      vertex 46.4000 4.1000 2.0000
      vertex 46.4000 8.8750 4.5873
      vertex 46.4000 9.4579 4.2903
    endloop
  endfacet
  facet normal -1 0 0
    outer loop
      vertex 46.4000 4.1000 2.0000
      vertex 46.4000 9.4579 4.2903
      vertex 46.4000 10.0686 4.0559
    endloop
  endfacet
  facet normal -1 0 0
    outer loop
      vertex 46.4000 4.1000 2.0000
      vertex 46.4000 10.0686 4.0559
      vertex 46.4000 10.7005 3.8866
    endloop
  endfacet
  facet normal -1 0 0
    outer loop
      vertex 46.4000 4.1000 2.0000
      vertex 46.4000 10.7005 3.8866
      vertex 46.4000 11.3467 3.7842
    endloop
  endfacet
  facet normal -1 0 0
    outer loop
      vertex 46.4000 4.1000 2.0000
      vertex 46.4000 11.3467 3.7842
      vertex 46.4000 12.0000 3.7500
    endloop
  endfacet
  facet normal -1 0 0
    outer loop
      vertex 46.4000 4.1000 2.0000
      vertex 46.4000 12.0000 3.7500
      vertex 46.4000 19.9000 2.0000
    endloop
  endfacet
  facet normal -1 0 0
    outer loop
      vertex 46.4000 4.1000 13.7250
      vertex 46.4000 5.7500 10.0000
      vertex 46.4000 5.7842 9.3467
    endloop
  endfacet
  facet normal -1 0 0
    outer loop
      vertex 46.4000 4.1000 13.7250
      vertex 46.4000 5.7500 16.2500
      vertex 46.4000 5.7500 10.0000
    endloop
  endfacet
  facet normal 0 1 0
    outer loop
      vertex 46.4000 5.7500 10.0000
      vertex 46.4000 5.7500 16.2500
      vertex 47.6000 5.7500 10.0000
    endloop
  endfacet
  facet normal 0 0.998633 0.052278
    outer loop
      vertex 46.4000 5.7500 10.0000
      vertex 47.6000 5.7500 10.0000
      vertex 47.6000 5.7842 9.3467
    endloop
  endfacet
  facet normal 0 0.998633 0.052278
    outer loop
      vertex 46.4000 5.7500 10.0000
      vertex 47.6000 5.7842 9.3467
      vertex 46.4000 5.7842 9.3467
    endloop
  endfacet
  facet normal 0 0 -1
    outer loop
      vertex 46.4000 5.7500 16.2500
      vertex 46.4000 6.3500 16.2500
      vertex 47.6000 6.3500 16.2500
    endloop
  endfacet
  facet normal -1 0 0
    outer loop
      vertex 46.4000 5.7500 16.2500
      vertex 46.4000 6.3500 18.7500
      vertex 46.4000 6.3500 16.2500
    endloop
  endfacet
  facet normal 0 1 0
    outer loop
      vertex 46.4000 5.7500 16.2500
      vertex 47.6000 5.7500 16.2500
      vertex 47.6000 5.7500 10.0000
    endloop
  endfacet
  facet normal 0 0 -1
    outer loop
      vertex 46.4000 5.7500 16.2500
      vertex 47.6000 6.3500 16.2500
      vertex 47.6000 5.7500 16.2500
    endloop
  endfacet
  facet normal 0 0.987676 0.156512
    outer loop
      vertex 46.4000 5.7842 9.3467
      vertex 47.6000 5.7842 9.3467
      vertex 47.6000 5.8866 8.7005
    endloop
  endfacet
  facet normal 0 0.987676 0.156512
    outer loop
      vertex 46.4000 5.7842 9.3467
      vertex 47.6000 5.8866 8.7005
      vertex 46.4000 5.8866 8.7005
    endloop
  endfacet
  facet normal 0 0.965932 0.258795
    outer loop
      vertex 46.4000 5.8866 8.7005
      vertex 47.6000 5.8866 8.7005
      vertex 47.6000 6.0559 8.0686
    endloop
  endfacet
  facet normal 0 0.965932 0.258795
    outer loop
      vertex 46.4000 5.8866 8.7005
      vertex 47.6000 6.0559 8.0686
      vertex 46.4000 6.0559 8.0686
    endloop
  endfacet
  facet normal 0 0.933594 0.358334
    outer loop
      vertex 46.4000 6.0559 8.0686
      vertex 47.6000 6.0559 8.0686
      vertex 47.6000 6.2903 7.4579
    endloop
  endfacet
  facet normal 0 0.933594 0.358334
    outer loop
      vertex 46.4000 6.0559 8.0686
      vertex 47.6000 6.2903 7.4579
      vertex 46.4000 6.2903 7.4579
    endloop
  endfacet
  facet normal 0 0.891008 0.453988
    outer loop
      vertex 46.4000 6.2903 7.4579
      vertex 47.6000 6.2903 7.4579
      vertex 47.6000 6.5873 6.8750
    endloop
  endfacet
  facet normal 0 0.891008 0.453988
    outer loop
      vertex 46.4000 6.2903 7.4579
      vertex 47.6000 6.5873 6.8750
      vertex 46.4000 6.5873 6.8750
    endloop
  endfacet
  facet normal 0 1 0
    outer loop
      vertex 46.4000 6.3500 16.2500
      vertex 46.4000 6.3500 18.7500
      vertex 47.6000 6.3500 16.2500
    endloop
  endfacet
  facet normal 0 0 1
    outer loop
      vertex 46.4000 6.3500 18.7500
      vertex 47.6000 3.0000 18.7500
      vertex 47.6000 6.3500 18.7500
    endloop
  endfacet
  facet normal 0 1 0
    outer loop
      vertex 46.4000 6.3500 18.7500
      vertex 47.6000 6.3500 18.7500
      vertex 47.6000 6.3500 16.2500
    endloop
  endfacet
  facet normal 0 0.838691 0.544607
    outer loop
      vertex 46.4000 6.5873 6.8750
      vertex 47.6000 6.5873 6.8750
      vertex 47.6000 6.9436 6.3263
    endloop
  endfacet
  facet normal 0 0.838691 0.544607
    outer loop
      vertex 46.4000 6.5873 6.8750
      vertex 47.6000 6.9436 6.3263
      vertex 46.4000 6.9436 6.3263
    endloop
  endfacet
  facet normal 0 0.777142 0.629326
    outer loop
      vertex 46.4000 6.9436 6.3263
      vertex 47.6000 6.9436 6.3263
      vertex 47.6000 7.3553 5.8179
    endloop
  endfacet
  facet normal 0 0.777142 0.629326
    outer loop
      vertex 46.4000 6.9436 6.3263
      vertex 47.6000 7.3553 5.8179
      vertex 46.4000 7.3553 5.8179
    endloop
  endfacet
  facet normal 0 0.707107 0.707107
    outer loop
      vertex 46.4000 7.3553 5.8179
      vertex 47.6000 7.3553 5.8179
      vertex 47.6000 7.8179 5.3553
    endloop
  endfacet
  facet normal 0 0.707107 0.707107
    outer loop
      vertex 46.4000 7.3553 5.8179
      vertex 47.6000 7.8179 5.3553
      vertex 46.4000 7.8179 5.3553
    endloop
  endfacet
  facet normal 0 0.629326 0.777142
    outer loop
      vertex 46.4000 7.8179 5.3553
      vertex 47.6000 7.8179 5.3553
      vertex 46.4000 8.3263 4.9436
    endloop
  endfacet
  facet normal 0 0.629326 0.777142
    outer loop
      vertex 46.4000 8.3263 4.9436
      vertex 47.6000 7.8179 5.3553
      vertex 47.6000 8.3263 4.9436
    endloop
  endfacet
  facet normal 0 0.544607 0.838691
    outer loop
      vertex 46.4000 8.3263 4.9436
      vertex 47.6000 8.3263 4.9436
      vertex 46.4000 8.8750 4.5873
    endloop
  endfacet
  facet normal 0 0.544607 0.838691
    outer loop
      vertex 46.4000 8.8750 4.5873
      vertex 47.6000 8.3263 4.9436
      vertex 47.6000 8.8750 4.5873
    endloop
  endfacet
  facet normal 0 0.453988 0.891008
    outer loop
      vertex 46.4000 8.8750 4.5873
      vertex 47.6000 8.8750 4.5873
      vertex 46.4000 9.4579 4.2903
    endloop
  endfacet
  facet normal 0 0.453988 0.891008
    outer loop
      vertex 46.4000 9.4579 4.2903
      vertex 47.6000 8.8750 4.5873
      vertex 47.6000 9.4579 4.2903
    endloop
  endfacet
  facet normal 0 0.358334 0.933594
    outer loop
      vertex 46.4000 9.4579 4.2903
      vertex 47.6000 9.4579 4.2903
      vertex 46.4000 10.0686 4.0559
    endloop
  endfacet
  facet normal 0 0.358334 0.933594
    outer loop
      vertex 46.4000 10.0686 4.0559
      vertex 47.6000 9.4579 4.2903
      vertex 47.6000 10.0686 4.0559
    endloop
  endfacet
  facet normal 0 0.258795 0.965932
    outer loop
      vertex 46.4000 10.0686 4.0559
      vertex 47.6000 10.0686 4.0559
      vertex 46.4000 10.7005 3.8866
    endloop
  endfacet
  facet normal 0 0.258795 0.965932
    outer loop
      vertex 46.4000 10.7005 3.8866
      vertex 47.6000 10.0686 4.0559
      vertex 47.6000 10.7005 3.8866
    endloop
  endfacet
  facet normal 0 0.156512 0.987676
    outer loop
      vertex 46.4000 10.7005 3.8866
      vertex 47.6000 10.7005 3.8866
      vertex 46.4000 11.3467 3.7842
    endloop
  endfacet
  facet normal 0 0.156512 0.987676
    outer loop
      vertex 46.4000 11.3467 3.7842
      vertex 47.6000 10.7005 3.8866
      vertex 47.6000 11.3467 3.7842
    endloop
  endfacet
  facet normal 0 0.052278 0.998633
    outer loop
      vertex 46.4000 11.3467 3.7842
      vertex 47.6000 11.3467 3.7842
      vertex 46.4000 12.0000 3.7500
    endloop
  endfacet
  facet normal -1 0 0
    outer loop
      vertex 46.4000 12.0000 3.7500
      vertex 46.4000 12.6533 3.7842
      vertex 46.4000 19.9000 2.0000
    endloop
  endfacet
  facet normal 0 0.052278 0.998633
    outer loop
      vertex 46.4000 12.0000 3.7500
      vertex 47.6000 11.3467 3.7842
      vertex 47.6000 12.0000 3.7500
    endloop
  endfacet
  facet normal 0 -0.052278 0.998633
    outer loop
      vertex 46.4000 12.0000 3.7500
      vertex 47.6000 12.0000 3.7500
      vertex 46.4000 12.6533 3.7842
    endloop
  endfacet
  facet normal -1 0 0
    outer loop
      vertex 46.4000 12.6533 3.7842
      vertex 46.4000 13.2995 3.8866
      vertex 46.4000 19.9000 2.0000
    endloop
  endfacet
  facet normal 0 -0.052278 0.998633
    outer loop
      vertex 46.4000 12.6533 3.7842
      vertex 47.6000 12.0000 3.7500
      vertex 47.6000 12.6533 3.7842
    endloop
  endfacet
  facet normal 0 -0.156512 0.987676
    outer loop
      vertex 46.4000 12.6533 3.7842
      vertex 47.6000 12.6533 3.7842
      vertex 46.4000 13.2995 3.8866
    endloop
  endfacet
  facet normal -1 0 0
    outer loop
      vertex 46.4000 13.2995 3.8866
      vertex 46.4000 13.9314 4.0559
      vertex 46.4000 19.9000 2.0000
    endloop
  endfacet
  facet normal 0 -0.156512 0.987676
    outer loop
      vertex 46.4000 13.2995 3.8866
      vertex 47.6000 12.6533 3.7842
      vertex 47.6000 13.2995 3.8866
    endloop
  endfacet
  facet normal 0 -0.258795 0.965932
    outer loop
      vertex 46.4000 13.2995 3.8866
      vertex 47.6000 13.2995 3.8866
      vertex 46.4000 13.9314 4.0559
    endloop
  endfacet
  facet normal -1 0 0
    outer loop
      vertex 46.4000 13.9314 4.0559
      vertex 46.4000 14.5421 4.2903
      vertex 46.4000 19.9000 2.0000
    endloop
  endfacet
  facet normal 0 -0.258795 0.965932
    outer loop
      vertex 46.4000 13.9314 4.0559
      vertex 47.6000 13.2995 3.8866
      vertex 47.6000 13.9314 4.0559
    endloop
  endfacet
  facet normal 0 -0.358334 0.933594
    outer loop
      vertex 46.4000 13.9314 4.0559
      vertex 47.6000 13.9314 4.0559
      vertex 46.4000 14.5421 4.2903
    endloop
  endfacet
  facet normal -1 0 0
    outer loop
      vertex 46.4000 14.5421 4.2903
      vertex 46.4000 15.1250 4.5873
      vertex 46.4000 19.9000 2.0000
    endloop
  endfacet
  facet normal 0 -0.358334 0.933594
    outer loop
      vertex 46.4000 14.5421 4.2903
      vertex 47.6000 13.9314 4.0559
      vertex 47.6000 14.5421 4.2903
    endloop
  endfacet
  facet normal 0 -0.453988 0.891008
    outer loop
      vertex 46.4000 14.5421 4.2903
      vertex 47.6000 14.5421 4.2903
      vertex 46.4000 15.1250 4.5873
    endloop
  endfacet
  facet normal -1 0 0
    outer loop
      vertex 46.4000 15.1250 4.5873
      vertex 46.4000 15.6737 4.9436
      vertex 46.4000 19.9000 2.0000
    endloop
  endfacet
  facet normal 0 -0.453988 0.891008
    outer loop
      vertex 46.4000 15.1250 4.5873
      vertex 47.6000 14.5421 4.2903
      vertex 47.6000 15.1250 4.5873
    endloop
  endfacet
  facet normal 0 -0.544607 0.838691
    outer loop
      vertex 46.4000 15.1250 4.5873
      vertex 47.6000 15.1250 4.5873
      vertex 46.4000 15.6737 4.9436
    endloop
  endfacet
  facet normal -1 0 0
    outer loop
      vertex 46.4000 15.6737 4.9436
      vertex 46.4000 16.1821 5.3553
      vertex 46.4000 19.9000 2.0000
    endloop
  endfacet
  facet normal 0 -0.544607 0.838691
    outer loop
      vertex 46.4000 15.6737 4.9436
      vertex 47.6000 15.1250 4.5873
      vertex 47.6000 15.6737 4.9436
    endloop
  endfacet
  facet normal 0 -0.629326 0.777142
    outer loop
      vertex 46.4000 15.6737 4.9436
      vertex 47.6000 15.6737 4.9436
      vertex 46.4000 16.1821 5.3553
    endloop
  endfacet
  facet normal -1 0 0
    outer loop
      vertex 46.4000 16.1821 5.3553
      vertex 46.4000 16.6446 5.8179
      vertex 46.4000 19.9000 2.0000
    endloop
  endfacet
  facet normal 0 -0.629326 0.777142
    outer loop
      vertex 46.4000 16.1821 5.3553
      vertex 47.6000 15.6737 4.9436
      vertex 47.6000 16.1821 5.3553
    endloop
  endfacet
  facet normal 0 -0.707183 0.70703
    outer loop
      vertex 46.4000 16.1821 5.3553
      vertex 47.6000 16.1821 5.3553
      vertex 47.6000 16.6446 5.8179
    endloop
  endfacet
  facet normal 0 -0.707183 0.70703
    outer loop
      vertex 46.4000 16.1821 5.3553
      vertex 47.6000 16.6446 5.8179
      vertex 46.4000 16.6446 5.8179
    endloop
  endfacet
  facet normal -1 0 0
    outer loop
      vertex 46.4000 16.6446 5.8179
      vertex 46.4000 17.0564 6.3263
      vertex 46.4000 19.9000 2.0000
    endloop
  endfacet
  facet normal 0 -0.777067 0.629418
    outer loop
      vertex 46.4000 16.6446 5.8179
      vertex 47.6000 16.6446 5.8179
      vertex 47.6000 17.0564 6.3263
    endloop
  endfacet
  facet normal 0 -0.777067 0.629418
    outer loop
      vertex 46.4000 16.6446 5.8179
      vertex 47.6000 17.0564 6.3263
      vertex 46.4000 17.0564 6.3263
    endloop
  endfacet
  facet normal -1 0 0
    outer loop
      vertex 46.4000 17.0564 6.3263
      vertex 46.4000 17.4127 6.8750
      vertex 46.4000 19.9000 2.0000
    endloop
  endfacet
  facet normal 0 -0.838691 0.544607
    outer loop
      vertex 46.4000 17.0564 6.3263
      vertex 47.6000 17.0564 6.3263
      vertex 47.6000 17.4127 6.8750
    endloop
  endfacet
  facet normal 0 -0.838691 0.544607
    outer loop
      vertex 46.4000 17.0564 6.3263
      vertex 47.6000 17.4127 6.8750
      vertex 46.4000 17.4127 6.8750
    endloop
  endfacet
  facet normal -1 0 0
    outer loop
      vertex 46.4000 17.4127 6.8750
      vertex 46.4000 17.7097 7.4579
      vertex 46.4000 19.9000 2.0000
    endloop
  endfacet
  facet normal 0 -0.891008 0.453988
    outer loop
      vertex 46.4000 17.4127 6.8750
      vertex 47.6000 17.4127 6.8750
      vertex 47.6000 17.7097 7.4579
    endloop
  endfacet
  facet normal 0 -0.891008 0.453988
    outer loop
      vertex 46.4000 17.4127 6.8750
      vertex 47.6000 17.7097 7.4579
      vertex 46.4000 17.7097 7.4579
    endloop
  endfacet
  facet normal -1 0 0
    outer loop
      vertex 46.4000 17.6500 16.2500
      vertex 46.4000 17.6500 18.7500
      vertex 46.4000 18.2500 16.2500
    endloop
  endfacet
  facet normal 0 0 -1
    outer loop
      vertex 46.4000 17.6500 16.2500
      vertex 46.4000 18.2500 16.2500
      vertex 47.6000 18.2500 16.2500
    endloop
  endfacet
  facet normal 0 -1 0
    outer loop
      vertex 46.4000 17.6500 16.2500
      vertex 47.6000 17.6500 16.2500
      vertex 47.6000 17.6500 18.7500
    endloop
  endfacet
  facet normal 0 -1 0
    outer loop
      vertex 46.4000 17.6500 16.2500
      vertex 47.6000 17.6500 18.7500
      vertex 46.4000 17.6500 18.7500
    endloop
  endfacet
  facet normal 0 0 -1
    outer loop
      vertex 46.4000 17.6500 16.2500
      vertex 47.6000 18.2500 16.2500
      vertex 47.6000 17.6500 16.2500
    endloop
  endfacet
  facet normal -1 0 0
    outer loop
      vertex 46.4000 17.6500 18.7500
      vertex 46.4000 21.0000 18.7500
      vertex 46.4000 18.2500 16.2500
    endloop
  endfacet
  facet normal 0 0 1
    outer loop
      vertex 46.4000 17.6500 18.7500
      vertex 47.6000 17.6500 18.7500
      vertex 46.4000 21.0000 18.7500
    endloop
  endfacet
  facet normal -1 0 0
    outer loop
      vertex 46.4000 17.7097 7.4579
      vertex 46.4000 17.9441 8.0686
      vertex 46.4000 19.9000 2.0000
    endloop
  endfacet
  facet normal 0 -0.933594 0.358334
    outer loop
      vertex 46.4000 17.7097 7.4579
      vertex 47.6000 17.7097 7.4579
      vertex 47.6000 17.9441 8.0686
    endloop
  endfacet
  facet normal 0 -0.933594 0.358334
    outer loop
      vertex 46.4000 17.7097 7.4579
      vertex 47.6000 17.9441 8.0686
      vertex 46.4000 17.9441 8.0686
    endloop
  endfacet
  facet normal -1 0 0
    outer loop
      vertex 46.4000 17.9441 8.0686
      vertex 46.4000 18.1134 8.7005
      vertex 46.4000 19.9000 2.0000
    endloop
  endfacet
  facet normal 0 -0.965932 0.258795
    outer loop
      vertex 46.4000 17.9441 8.0686
      vertex 47.6000 17.9441 8.0686
      vertex 47.6000 18.1134 8.7005
    endloop
  endfacet
  facet normal 0 -0.965932 0.258795
    outer loop
      vertex 46.4000 17.9441 8.0686
      vertex 47.6000 18.1134 8.7005
      vertex 46.4000 18.1134 8.7005
    endloop
  endfacet
  facet normal -1 0 0
    outer loop
      vertex 46.4000 18.1134 8.7005
      vertex 46.4000 18.2158 9.3467
      vertex 46.4000 19.9000 2.0000
    endloop
  endfacet
  facet normal 0 -0.987676 0.156512
    outer loop
      vertex 46.4000 18.1134 8.7005
      vertex 47.6000 18.1134 8.7005
      vertex 47.6000 18.2158 9.3467
    endloop
  endfacet
  facet normal 0 -0.987676 0.156512
    outer loop
      vertex 46.4000 18.1134 8.7005
      vertex 47.6000 18.2158 9.3467
      vertex 46.4000 18.2158 9.3467
    endloop
  endfacet
  facet normal -1 0 0
    outer loop
      vertex 46.4000 18.2158 9.3467
      vertex 46.4000 18.2500 10.0000
      vertex 46.4000 19.9000 13.7250
    endloop
  endfacet
  facet normal -1 0 0
    outer loop
      vertex 46.4000 18.2158 9.3467
      vertex 46.4000 19.9000 13.7250
      vertex 46.4000 19.9000 2.0000
    endloop
  endfacet
  facet normal 0 -0.998633 0.052278
    outer loop
      vertex 46.4000 18.2158 9.3467
      vertex 47.6000 18.2158 9.3467
      vertex 47.6000 18.2500 10.0000
    endloop
  endfacet
  facet normal 0 -0.998633 0.052278
    outer loop
      vertex 46.4000 18.2158 9.3467
      vertex 47.6000 18.2500 10.0000
      vertex 46.4000 18.2500 10.0000
    endloop
  endfacet
  facet normal -1 0 0
    outer loop
      vertex 46.4000 18.2500 10.0000
      vertex 46.4000 18.2500 16.2500
      vertex 46.4000 19.9000 13.7250
    endloop
  endfacet
  facet normal 0 -1 0
    outer loop
      vertex 46.4000 18.2500 10.0000
      vertex 47.6000 18.2500 10.0000
      vertex 47.6000 18.2500 16.2500
    endloop
  endfacet
  facet normal 0 -1 0
    outer loop
      vertex 46.4000 18.2500 10.0000
      vertex 47.6000 18.2500 16.2500
      vertex 46.4000 18.2500 16.2500
    endloop
  endfacet
  facet normal -1 0 0
    outer loop
      vertex 46.4000 18.2500 16.2500
      vertex 46.4000 21.0000 13.7250
      vertex 46.4000 19.9000 13.7250
    endloop
  endfacet
  facet normal -1 0 0
    outer loop
      vertex 46.4000 18.2500 16.2500
      vertex 46.4000 21.0000 18.7500
      vertex 46.4000 21.0000 13.7250
    endloop
  endfacet
  facet normal 0 1 0
    outer loop
      vertex 46.4000 21.0000 13.7250
      vertex 46.4000 21.0000 18.7500
      vertex 47.6000 21.0000 13.7250
    endloop
  endfacet
  facet normal 0 1 0
    outer loop
      vertex 46.4000 21.0000 13.7250
      vertex 47.6000 21.0000 13.7250
      vertex 52.0000 21.0000 2.0100
    endloop
  endfacet
  facet normal 0 0 1
    outer loop
      vertex 46.4000 21.0000 18.7500
      vertex 47.6000 17.6500 18.7500
      vertex 47.6000 21.0000 18.7500
    endloop
  endfacet
  facet normal 0 1 0
    outer loop
      vertex 46.4000 21.0000 18.7500
      vertex 47.6000 21.0000 18.7500
      vertex 47.6000 21.0000 13.7250
    endloop
  endfacet
  facet normal 1 0 0
    outer loop
      vertex 47.6000 3.0000 13.7250
      vertex 47.6000 4.1000 13.7250
      vertex 47.6000 5.7500 16.2500
    endloop
  endfacet
  facet normal 1 0 0
    outer loop
      vertex 47.6000 3.0000 13.7250
      vertex 47.6000 5.7500 16.2500
      vertex 47.6000 3.0000 18.7500
    endloop
  endfacet
  facet normal 0.936148 0 0.351605
    outer loop
      vertex 47.6000 3.0000 13.7250
      vertex 52.0000 3.0000 2.0100
      vertex 52.0000 4.1000 2.0100
    endloop
  endfacet
  facet normal 0.936148 0 0.351605
    outer loop
      vertex 47.6000 3.0000 13.7250
      vertex 52.0000 4.1000 2.0100
      vertex 47.6000 4.1000 13.7250
    endloop
  endfacet
  facet normal 1 0 0
    outer loop
      vertex 47.6000 3.0000 18.7500
      vertex 47.6000 5.7500 16.2500
      vertex 47.6000 6.3500 18.7500
    endloop
  endfacet
  facet normal 0 1 0
    outer loop
      vertex 47.6000 4.1000 2.0000
      vertex 47.6000 4.1000 13.7250
      vertex 52.0000 4.1000 2.0100
    endloop
  endfacet
  facet normal 1 0 0
    outer loop
      vertex 47.6000 4.1000 2.0000
      vertex 47.6000 5.7842 9.3467
      vertex 47.6000 4.1000 13.7250
    endloop
  endfacet
  facet normal 1 0 0
    outer loop
      vertex 47.6000 4.1000 2.0000
      vertex 47.6000 5.8866 8.7005
      vertex 47.6000 5.7842 9.3467
    endloop
  endfacet
  facet normal 1 0 0
    outer loop
      vertex 47.6000 4.1000 2.0000
      vertex 47.6000 6.0559 8.0686
      vertex 47.6000 5.8866 8.7005
    endloop
  endfacet
  facet normal 1 0 0
    outer loop
      vertex 47.6000 4.1000 2.0000
      vertex 47.6000 6.2903 7.4579
      vertex 47.6000 6.0559 8.0686
    endloop
  endfacet
  facet normal 1 0 0
    outer loop
      vertex 47.6000 4.1000 2.0000
      vertex 47.6000 6.5873 6.8750
      vertex 47.6000 6.2903 7.4579
    endloop
  endfacet
  facet normal 1 0 0
    outer loop
      vertex 47.6000 4.1000 2.0000
      vertex 47.6000 6.9436 6.3263
      vertex 47.6000 6.5873 6.8750
    endloop
  endfacet
  facet normal 1 0 0
    outer loop
      vertex 47.6000 4.1000 2.0000
      vertex 47.6000 7.3553 5.8179
      vertex 47.6000 6.9436 6.3263
    endloop
  endfacet
  facet normal 1 0 0
    outer loop
      vertex 47.6000 4.1000 2.0000
      vertex 47.6000 7.8179 5.3553
      vertex 47.6000 7.3553 5.8179
    endloop
  endfacet
  facet normal 1 0 0
    outer loop
      vertex 47.6000 4.1000 2.0000
      vertex 47.6000 8.3263 4.9436
      vertex 47.6000 7.8179 5.3553
    endloop
  endfacet
  facet normal 1 0 0
    outer loop
      vertex 47.6000 4.1000 2.0000
      vertex 47.6000 8.8750 4.5873
      vertex 47.6000 8.3263 4.9436
    endloop
  endfacet
  facet normal 1 0 0
    outer loop
      vertex 47.6000 4.1000 2.0000
      vertex 47.6000 9.4579 4.2903
      vertex 47.6000 8.8750 4.5873
    endloop
  endfacet
  facet normal 1 0 0
    outer loop
      vertex 47.6000 4.1000 2.0000
      vertex 47.6000 10.0686 4.0559
      vertex 47.6000 9.4579 4.2903
    endloop
  endfacet
  facet normal 1 0 0
    outer loop
      vertex 47.6000 4.1000 2.0000
      vertex 47.6000 10.7005 3.8866
      vertex 47.6000 10.0686 4.0559
    endloop
  endfacet
  facet normal 1 0 0
    outer loop
      vertex 47.6000 4.1000 2.0000
      vertex 47.6000 11.3467 3.7842
      vertex 47.6000 10.7005 3.8866
    endloop
  endfacet
  facet normal 1 0 0
    outer loop
      vertex 47.6000 4.1000 2.0000
      vertex 47.6000 12.0000 3.7500
      vertex 47.6000 11.3467 3.7842
    endloop
  endfacet
  facet normal 1 0 0
    outer loop
      vertex 47.6000 4.1000 2.0000
      vertex 47.6000 19.9000 2.0000
      vertex 47.6000 12.0000 3.7500
    endloop
  endfacet
  facet normal 0 0 1
    outer loop
      vertex 47.6000 4.1000 2.0000
      vertex 50.4915 11.4486 2.0000
      vertex 47.6000 19.9000 2.0000
    endloop
  endfacet
  facet normal 0 0 1
    outer loop
      vertex 47.6000 4.1000 2.0000
      vertex 50.4973 11.3105 2.0000
      vertex 50.4915 11.4486 2.0000
    endloop
  endfacet
  facet normal 0 0 1
    outer loop
      vertex 47.6000 4.1000 2.0000
      vertex 50.5342 9.0432 2.0000
      vertex 50.5342 9.5844 2.0000
    endloop
  endfacet
  facet normal 0 0 1
    outer loop
      vertex 47.6000 4.1000 2.0000
      vertex 50.5342 9.5844 2.0000
      vertex 50.4973 11.3105 2.0000
    endloop
  endfacet
  facet normal 0 0 1
    outer loop
      vertex 47.6000 4.1000 2.0000
      vertex 51.0001 8.3251 2.0000
      vertex 50.5342 9.0432 2.0000
    endloop
  endfacet
  facet normal 0 0 1
    outer loop
      vertex 47.6000 4.1000 2.0000
      vertex 52.0000 4.1000 2.0000
      vertex 51.0001 8.3251 2.0000
    endloop
  endfacet
  facet normal 0 1 0
    outer loop
      vertex 47.6000 4.1000 2.0000
      vertex 52.0000 4.1000 2.0100
      vertex 52.0000 4.1000 2.0000
    endloop
  endfacet
  facet normal 1 0 0
    outer loop
      vertex 47.6000 4.1000 13.7250
      vertex 47.6000 5.7500 10.0000
      vertex 47.6000 5.7500 16.2500
    endloop
  endfacet
  facet normal 1 0 0
    outer loop
      vertex 47.6000 4.1000 13.7250
      vertex 47.6000 5.7842 9.3467
      vertex 47.6000 5.7500 10.0000
    endloop
  endfacet
  facet normal 1 0 0
    outer loop
      vertex 47.6000 5.7500 16.2500
      vertex 47.6000 6.3500 16.2500
      vertex 47.6000 6.3500 18.7500
    endloop
  endfacet
  facet normal 1 0 0
    outer loop
      vertex 47.6000 12.0000 3.7500
      vertex 47.6000 19.9000 2.0000
      vertex 47.6000 12.6533 3.7842
    endloop
  endfacet
  facet normal 1 0 0
    outer loop
      vertex 47.6000 12.6533 3.7842
      vertex 47.6000 19.9000 2.0000
      vertex 47.6000 13.2995 3.8866
    endloop
  endfacet
  facet normal 1 0 0
    outer loop
      vertex 47.6000 13.2995 3.8866
      vertex 47.6000 19.9000 2.0000
      vertex 47.6000 13.9314 4.0559
    endloop
  endfacet
  facet normal 1 0 0
    outer loop
      vertex 47.6000 13.9314 4.0559
      vertex 47.6000 19.9000 2.0000
      vertex 47.6000 14.5421 4.2903
    endloop
  endfacet
  facet normal 1 0 0
    outer loop
      vertex 47.6000 14.5421 4.2903
      vertex 47.6000 19.9000 2.0000
      vertex 47.6000 15.1250 4.5873
    endloop
  endfacet
  facet normal 1 0 0
    outer loop
      vertex 47.6000 15.1250 4.5873
      vertex 47.6000 19.9000 2.0000
      vertex 47.6000 15.6737 4.9436
    endloop
  endfacet
  facet normal 1 0 0
    outer loop
      vertex 47.6000 15.6737 4.9436
      vertex 47.6000 19.9000 2.0000
      vertex 47.6000 16.1821 5.3553
    endloop
  endfacet
  facet normal 1 0 0
    outer loop
      vertex 47.6000 16.1821 5.3553
      vertex 47.6000 19.9000 2.0000
      vertex 47.6000 16.6446 5.8179
    endloop
  endfacet
  facet normal 1 0 0
    outer loop
      vertex 47.6000 16.6446 5.8179
      vertex 47.6000 19.9000 2.0000
      vertex 47.6000 17.0564 6.3263
    endloop
  endfacet
  facet normal 1 0 0
    outer loop
      vertex 47.6000 17.0564 6.3263
      vertex 47.6000 19.9000 2.0000
      vertex 47.6000 17.4127 6.8750
    endloop
  endfacet
  facet normal 1 0 0
    outer loop
      vertex 47.6000 17.4127 6.8750
      vertex 47.6000 19.9000 2.0000
      vertex 47.6000 17.7097 7.4579
    endloop
  endfacet
  facet normal 1 0 0
    outer loop
      vertex 47.6000 17.6500 16.2500
      vertex 47.6000 18.2500 16.2500
      vertex 47.6000 17.6500 18.7500
    endloop
  endfacet
  facet normal 1 0 0
    outer loop
      vertex 47.6000 17.6500 18.7500
      vertex 47.6000 18.2500 16.2500
      vertex 47.6000 21.0000 18.7500
    endloop
  endfacet
  facet normal 1 0 0
    outer loop
      vertex 47.6000 17.7097 7.4579
      vertex 47.6000 19.9000 2.0000
      vertex 47.6000 17.9441 8.0686
    endloop
  endfacet
  facet normal 1 0 0
    outer loop
      vertex 47.6000 17.9441 8.0686
      vertex 47.6000 19.9000 2.0000
      vertex 47.6000 18.1134 8.7005
    endloop
  endfacet
  facet normal 1 0 0
    outer loop
      vertex 47.6000 18.1134 8.7005
      vertex 47.6000 19.9000 2.0000
      vertex 47.6000 18.2158 9.3467
    endloop
  endfacet
  facet normal 1 0 0
    outer loop
      vertex 47.6000 18.2158 9.3467
      vertex 47.6000 19.9000 2.0000
      vertex 47.6000 19.9000 13.7250
    endloop
  endfacet
  facet normal 1 0 0
    outer loop
      vertex 47.6000 18.2158 9.3467
      vertex 47.6000 19.9000 13.7250
      vertex 47.6000 18.2500 10.0000
    endloop
  endfacet
  facet normal 1 0 0
    outer loop
      vertex 47.6000 18.2500 10.0000
      vertex 47.6000 19.9000 13.7250
      vertex 47.6000 18.2500 16.2500
    endloop
  endfacet
  facet normal 1 0 0
    outer loop
      vertex 47.6000 18.2500 16.2500
      vertex 47.6000 19.9000 13.7250
      vertex 47.6000 21.0000 13.7250
    endloop
  endfacet
  facet normal 1 0 0
    outer loop
      vertex 47.6000 18.2500 16.2500
      vertex 47.6000 21.0000 13.7250
      vertex 47.6000 21.0000 18.7500
    endloop
  endfacet
  facet normal 0 0 1
    outer loop
      vertex 47.6000 19.9000 2.0000
      vertex 50.4915 11.4486 2.0000
      vertex 50.4973 11.5972 2.0000
    endloop
  endfacet
  facet normal 0 0 1
    outer loop
      vertex 47.6000 19.9000 2.0000
      vertex 50.4973 11.5972 2.0000
      vertex 50.5150 11.7339 2.0000
    endloop
  endfacet
  facet normal 0 0 1
    outer loop
      vertex 47.6000 19.9000 2.0000
      vertex 50.5150 11.7339 2.0000
      vertex 50.5342 14.0080 2.0000
    endloop
  endfacet
  facet normal 0 0 1
    outer loop
      vertex 47.6000 19.9000 2.0000
      vertex 50.5342 14.0080 2.0000
      vertex 50.5342 15.7311 2.0000
    endloop
  endfacet
  facet normal 0 0 1
    outer loop
      vertex 47.6000 19.9000 2.0000
      vertex 50.5342 15.7311 2.0000
      vertex 52.0000 19.9000 2.0000
    endloop
  endfacet
  facet normal 0 -1 0
    outer loop
      vertex 47.6000 19.9000 2.0000
      vertex 52.0000 19.9000 2.0000
      vertex 52.0000 19.9000 2.0100
    endloop
  endfacet
  facet normal 0 -1 0
    outer loop
      vertex 47.6000 19.9000 2.0000
      vertex 52.0000 19.9000 2.0100
      vertex 47.6000 19.9000 13.7250
    endloop
  endfacet
  facet normal 0.936148 0 0.351605
    outer loop
      vertex 47.6000 19.9000 13.7250
      vertex 52.0000 19.9000 2.0100
      vertex 52.0000 21.0000 2.0100
    endloop
  endfacet
  facet normal 0.936148 0 0.351605
    outer loop
      vertex 47.6000 19.9000 13.7250
      vertex 52.0000 21.0000 2.0100
      vertex 47.6000 21.0000 13.7250
    endloop
  endfacet
  facet normal -0.999239 0.039001 0
    outer loop
      vertex 50.4915 11.4486 2.0000
      vertex 50.4915 11.4486 2.6000
      vertex 50.4973 11.5972 2.6000
    endloop
  endfacet
  facet normal -0.999119 -0.041962 0
    outer loop
      vertex 50.4915 11.4486 2.0000
      vertex 50.4973 11.3105 2.0000
      vertex 50.4915 11.4486 2.6000
    endloop
  endfacet
  facet normal -0.999239 0.039001 0
    outer loop
      vertex 50.4915 11.4486 2.0000
      vertex 50.4973 11.5972 2.6000
      vertex 50.4973 11.5972 2.0000
    endloop
  endfacet
  facet normal -0.999119 -0.041962 0
    outer loop
      vertex 50.4915 11.4486 2.6000
      vertex 50.4973 11.3105 2.0000
      vertex 50.4973 11.3105 2.6000
    endloop
  endfacet
  facet normal 0 0 1
    outer loop
      vertex 50.4915 11.4486 2.6000
      vertex 50.4973 11.3105 2.6000
      vertex 50.9499 11.3941 2.6000
    endloop
  endfacet
  facet normal 0 0 1
    outer loop
      vertex 50.4915 11.4486 2.6000
      vertex 50.9472 11.4527 2.6000
      vertex 50.4973 11.5972 2.6000
    endloop
  endfacet
  facet normal 0 0 1
    outer loop
      vertex 50.4915 11.4486 2.6000
      vertex 50.9499 11.3941 2.6000
      vertex 50.9472 11.4527 2.6000
    endloop
  endfacet
  facet normal -0.990797 -0.135355 0
    outer loop
      vertex 50.4973 11.3105 2.0000
      vertex 50.5148 11.1824 2.0000
      vertex 50.4973 11.3105 2.6000
    endloop
  endfacet
  facet normal 0 0 1
    outer loop
      vertex 50.4973 11.3105 2.0000
      vertex 50.5342 9.5844 2.0000
      vertex 50.5148 11.1824 2.0000
    endloop
  endfacet
  facet normal -0.990797 -0.135355 0
    outer loop
      vertex 50.4973 11.3105 2.6000
      vertex 50.5148 11.1824 2.0000
      vertex 50.5148 11.1824 2.6000
    endloop
  endfacet
  facet normal 0 0 1
    outer loop
      vertex 50.4973 11.3105 2.6000
      vertex 50.5148 11.1824 2.6000
      vertex 50.9581 11.3402 2.6000
    endloop
  endfacet
  facet normal 0 0 1
    outer loop
      vertex 50.4973 11.3105 2.6000
      vertex 50.9581 11.3402 2.6000
      vertex 50.9499 11.3941 2.6000
    endloop
  endfacet
  facet normal -0.991721 0.128409 0
    outer loop
      vertex 50.4973 11.5972 2.0000
      vertex 50.4973 11.5972 2.6000
      vertex 50.5150 11.7339 2.6000
    endloop
  endfacet
  facet normal -0.991721 0.128409 0
    outer loop
      vertex 50.4973 11.5972 2.0000
      vertex 50.5150 11.7339 2.6000
      vertex 50.5150 11.7339 2.0000
    endloop
  endfacet
  facet normal 0 0 1
    outer loop
      vertex 50.4973 11.5972 2.6000
      vertex 50.9472 11.4527 2.6000
      vertex 50.9576 11.5677 2.6000
    endloop
  endfacet
  facet normal 0 0 1
    outer loop
      vertex 50.4973 11.5972 2.6000
      vertex 50.9576 11.5677 2.6000
      vertex 50.5150 11.7339 2.6000
    endloop
  endfacet
  facet normal 0 0 1
    outer loop
      vertex 50.5148 11.1824 2.0000
      vertex 50.5342 9.5844 2.0000
      vertex 50.5439 11.0644 2.0000
    endloop
  endfacet
  facet normal -0.970912 -0.239437 0
    outer loop
      vertex 50.5148 11.1824 2.0000
      vertex 50.5439 11.0644 2.0000
      vertex 50.5148 11.1824 2.6000
    endloop
  endfacet
  facet normal -0.970912 -0.239437 0
    outer loop
      vertex 50.5148 11.1824 2.6000
      vertex 50.5439 11.0644 2.0000
      vertex 50.5439 11.0644 2.6000
    endloop
  endfacet
  facet normal 0 0 1
    outer loop
      vertex 50.5148 11.1824 2.6000
      vertex 50.5439 11.0644 2.6000
      vertex 50.9718 11.2912 2.6000
    endloop
  endfacet
  facet normal 0 0 1
    outer loop
      vertex 50.5148 11.1824 2.6000
      vertex 50.9718 11.2912 2.6000
      vertex 50.9581 11.3402 2.6000
    endloop
  endfacet
  facet normal -0.973315 0.229474 0
    outer loop
      vertex 50.5150 11.7339 2.0000
      vertex 50.5150 11.7339 2.6000
      vertex 50.5444 11.8586 2.6000
    endloop
  endfacet
  facet normal 0 0 1
    outer loop
      vertex 50.5150 11.7339 2.0000
      vertex 50.5444 11.8586 2.0000
      vertex 50.5342 14.0080 2.0000
    endloop
  endfacet
  facet normal -0.973315 0.229474 0
    outer loop
      vertex 50.5150 11.7339 2.0000
      vertex 50.5444 11.8586 2.6000
      vertex 50.5444 11.8586 2.0000
    endloop
  endfacet
  facet normal 0 0 1
    outer loop
      vertex 50.5150 11.7339 2.6000
      vertex 50.9576 11.5677 2.6000
      vertex 50.9888 11.6618 2.6000
    endloop
  endfacet
  facet normal 0 0 1
    outer loop
      vertex 50.5150 11.7339 2.6000
      vertex 50.9888 11.6618 2.6000
      vertex 50.5444 11.8586 2.6000
    endloop
  endfacet
  facet normal -1 0 0
    outer loop
      vertex 50.5342 9.0432 2.0000
      vertex 50.5342 9.0432 2.6000
      vertex 50.5342 9.5844 2.6000
    endloop
  endfacet
  facet normal -1 0 0
    outer loop
      vertex 50.5342 9.0432 2.0000
      vertex 50.5342 9.5844 2.6000
      vertex 50.5342 9.5844 2.0000
    endloop
  endfacet
  facet normal -0.838905 -0.544278 0
    outer loop
      vertex 50.5342 9.0432 2.0000
      vertex 51.0001 8.3251 2.0000
      vertex 50.5342 9.0432 2.6000
    endloop
  endfacet
  facet normal -0.838905 -0.544278 0
    outer loop
      vertex 50.5342 9.0432 2.6000
      vertex 51.0001 8.3251 2.0000
      vertex 51.0001 8.3251 2.6000
    endloop
  endfacet
  facet normal 0 0 1
    outer loop
      vertex 50.5342 9.0432 2.6000
      vertex 51.0001 8.3251 2.6000
      vertex 51.0204 9.0127 2.6000
    endloop
  endfacet
  facet normal 0 0 1
    outer loop
      vertex 50.5342 9.0432 2.6000
      vertex 51.0204 9.0127 2.6000
      vertex 50.5342 9.5844 2.6000
    endloop
  endfacet
  facet normal 0 1 0
    outer loop
      vertex 50.5342 9.5844 2.0000
      vertex 50.5342 9.5844 2.6000
      vertex 52.9754 9.5844 2.0000
    endloop
  endfacet
  facet normal 0 0 1
    outer loop
      vertex 50.5342 9.5844 2.0000
      vertex 50.5846 10.9563 2.0000
      vertex 50.5439 11.0644 2.0000
    endloop
  endfacet
  facet normal 0 0 1
    outer loop
      vertex 50.5342 9.5844 2.0000
      vertex 50.6370 10.8582 2.0000
      vertex 50.5846 10.9563 2.0000
    endloop
  endfacet
  facet normal 0 0 1
    outer loop
      vertex 50.5342 9.5844 2.0000
      vertex 50.7010 10.7702 2.0000
      vertex 50.6370 10.8582 2.0000
    endloop
  endfacet
  facet normal 0 0 1
    outer loop
      vertex 50.5342 9.5844 2.0000
      vertex 50.7761 10.6927 2.0000
      vertex 50.7010 10.7702 2.0000
    endloop
  endfacet
  facet normal 0 0 1
    outer loop
      vertex 50.5342 9.5844 2.0000
      vertex 50.8617 10.6263 2.0000
      vertex 50.7761 10.6927 2.0000
    endloop
  endfacet
  facet normal 0 0 1
    outer loop
      vertex 50.5342 9.5844 2.0000
      vertex 50.9579 10.5710 2.0000
      vertex 50.8617 10.6263 2.0000
    endloop
  endfacet
  facet normal 0 0 1
    outer loop
      vertex 50.5342 9.5844 2.0000
      vertex 51.0645 10.5269 2.0000
      vertex 50.9579 10.5710 2.0000
    endloop
  endfacet
  facet normal 0 0 1
    outer loop
      vertex 50.5342 9.5844 2.0000
      vertex 51.1816 10.4940 2.0000
      vertex 51.0645 10.5269 2.0000
    endloop
  endfacet
  facet normal 0 0 1
    outer loop
      vertex 50.5342 9.5844 2.0000
      vertex 51.3093 10.4721 2.0000
      vertex 51.1816 10.4940 2.0000
    endloop
  endfacet
  facet normal 0 0 1
    outer loop
      vertex 50.5342 9.5844 2.0000
      vertex 52.9754 9.5844 2.0000
      vertex 51.3093 10.4721 2.0000
    endloop
  endfacet
  facet normal 0 0 1
    outer loop
      vertex 50.5342 9.5844 2.6000
      vertex 51.0204 9.0127 2.6000
      vertex 52.9754 9.5844 2.6000
    endloop
  endfacet
  facet normal 0 1 0
    outer loop
      vertex 50.5342 9.5844 2.6000
      vertex 52.9754 9.5844 2.6000
      vertex 52.9754 9.5844 2.0000
    endloop
  endfacet
  facet normal -1 0 0
    outer loop
      vertex 50.5342 14.0080 2.0000
      vertex 50.5342 14.0080 2.6000
      vertex 50.5342 15.7311 2.6000
    endloop
  endfacet
  facet normal -1 0 0
    outer loop
      vertex 50.5342 14.0080 2.0000
      vertex 50.5342 15.7311 2.6000
      vertex 50.5342 15.7311 2.0000
    endloop
  endfacet
  facet normal 0 0 1
    outer loop
      vertex 50.5342 14.0080 2.0000
      vertex 50.5444 11.8586 2.0000
      vertex 50.5855 11.9712 2.0000
    endloop
  endfacet
  facet normal 0 0 1
    outer loop
      vertex 50.5342 14.0080 2.0000
      vertex 50.5855 11.9712 2.0000
      vertex 50.6384 12.0719 2.0000
    endloop
  endfacet
  facet normal 0 0 1
    outer loop
      vertex 50.5342 14.0080 2.0000
      vertex 50.6384 12.0719 2.0000
      vertex 50.7031 12.1606 2.0000
    endloop
  endfacet
  facet normal 0 0 1
    outer loop
      vertex 50.5342 14.0080 2.0000
      vertex 50.7031 12.1606 2.0000
      vertex 50.7783 12.2365 2.0000
    endloop
  endfacet
  facet normal 0 0 1
    outer loop
      vertex 50.5342 14.0080 2.0000
      vertex 50.7783 12.2365 2.0000
      vertex 50.8631 12.2985 2.0000
    endloop
  endfacet
  facet normal 0 0 1
    outer loop
      vertex 50.5342 14.0080 2.0000
      vertex 50.8631 12.2985 2.0000
      vertex 50.9574 12.3468 2.0000
    endloop
  endfacet
  facet normal 0 0 1
    outer loop
      vertex 50.5342 14.0080 2.0000
      vertex 50.9574 12.3468 2.0000
      vertex 51.0611 12.3813 2.0000
    endloop
  endfacet
  facet normal 0 0 1
    outer loop
      vertex 50.5342 14.0080 2.0000
      vertex 51.0611 12.3813 2.0000
      vertex 51.1743 12.4019 2.0000
    endloop
  endfacet
  facet normal 0 0 1
    outer loop
      vertex 50.5342 14.0080 2.0000
      vertex 51.1743 12.4019 2.0000
      vertex 51.2971 12.4088 2.0000
    endloop
  endfacet
  facet normal 0 0 1
    outer loop
      vertex 50.5342 14.0080 2.0000
      vertex 51.2971 12.4088 2.0000
      vertex 52.1474 13.9083 2.0000
    endloop
  endfacet
  facet normal -0.061685 -0.998096 0
    outer loop
      vertex 50.5342 14.0080 2.0000
      vertex 52.1474 13.9083 2.0000
      vertex 52.1474 13.9083 2.6000
    endloop
  endfacet
  facet normal -0.061685 -0.998096 0
    outer loop
      vertex 50.5342 14.0080 2.0000
      vertex 52.1474 13.9083 2.6000
      vertex 50.5342 14.0080 2.6000
    endloop
  endfacet
  facet normal 0 0 1
    outer loop
      vertex 50.5342 14.0080 2.6000
      vertex 50.9594 14.5268 2.6000
      vertex 50.5342 15.7311 2.6000
    endloop
  endfacet
  facet normal 0 0 1
    outer loop
      vertex 50.5342 14.0080 2.6000
      vertex 51.6836 14.4800 2.6000
      vertex 50.9594 14.5268 2.6000
    endloop
  endfacet
  facet normal 0 0 1
    outer loop
      vertex 50.5342 14.0080 2.6000
      vertex 52.1474 13.9083 2.6000
      vertex 51.6836 14.4800 2.6000
    endloop
  endfacet
  facet normal 0 1 0
    outer loop
      vertex 50.5342 15.7311 2.0000
      vertex 50.5342 15.7311 2.6000
      vertex 50.9594 15.7311 2.0000
    endloop
  endfacet
  facet normal 0 0 1
    outer loop
      vertex 50.5342 15.7311 2.0000
      vertex 50.9594 15.7311 2.0000
      vertex 52.0000 19.9000 2.0000
    endloop
  endfacet
  facet normal 0 0 1
    outer loop
      vertex 50.5342 15.7311 2.6000
      vertex 50.9594 14.5268 2.6000
      vertex 50.9594 15.7311 2.6000
    endloop
  endfacet
  facet normal 0 1 0
    outer loop
      vertex 50.5342 15.7311 2.6000
      vertex 50.9594 15.7311 2.6000
      vertex 50.9594 15.7311 2.0000
    endloop
  endfacet
  facet normal -0.935866 -0.352357 0
    outer loop
      vertex 50.5439 11.0644 2.0000
      vertex 50.5846 10.9563 2.0000
      vertex 50.5439 11.0644 2.6000
    endloop
  endfacet
  facet normal -0.935866 -0.352357 0
    outer loop
      vertex 50.5439 11.0644 2.6000
      vertex 50.5846 10.9563 2.0000
      vertex 50.5846 10.9563 2.6000
    endloop
  endfacet
  facet normal 0 0 1
    outer loop
      vertex 50.5439 11.0644 2.6000
      vertex 50.5846 10.9563 2.6000
      vertex 50.9910 11.2470 2.6000
    endloop
  endfacet
  facet normal 0 0 1
    outer loop
      vertex 50.5439 11.0644 2.6000
      vertex 50.9910 11.2470 2.6000
      vertex 50.9718 11.2912 2.6000
    endloop
  endfacet
  facet normal -0.939379 0.342882 0
    outer loop
      vertex 50.5444 11.8586 2.0000
      vertex 50.5444 11.8586 2.6000
      vertex 50.5855 11.9712 2.6000
    endloop
  endfacet
  facet normal -0.939379 0.342882 0
    outer loop
      vertex 50.5444 11.8586 2.0000
      vertex 50.5855 11.9712 2.6000
      vertex 50.5855 11.9712 2.0000
    endloop
  endfacet
  facet normal 0 0 1
    outer loop
      vertex 50.5444 11.8586 2.6000
      vertex 50.9888 11.6618 2.6000
      vertex 50.5855 11.9712 2.6000
    endloop
  endfacet
  facet normal -0.882054 -0.471148 0
    outer loop
      vertex 50.5846 10.9563 2.0000
      vertex 50.6370 10.8582 2.0000
      vertex 50.5846 10.9563 2.6000
    endloop
  endfacet
  facet normal -0.882054 -0.471148 0
    outer loop
      vertex 50.5846 10.9563 2.6000
      vertex 50.6370 10.8582 2.0000
      vertex 50.6370 10.8582 2.6000
    endloop
  endfacet
  facet normal 0 0 1
    outer loop
      vertex 50.5846 10.9563 2.6000
      vertex 50.6370 10.8582 2.6000
      vertex 51.0157 11.2076 2.6000
    endloop
  endfacet
  facet normal 0 0 1
    outer loop
      vertex 50.5846 10.9563 2.6000
      vertex 51.0157 11.2076 2.6000
      vertex 50.9910 11.2470 2.6000
    endloop
  endfacet
  facet normal -0.88528 0.465058 0
    outer loop
      vertex 50.5855 11.9712 2.0000
      vertex 50.5855 11.9712 2.6000
      vertex 50.6384 12.0719 2.6000
    endloop
  endfacet
  facet normal -0.88528 0.465058 0
    outer loop
      vertex 50.5855 11.9712 2.0000
      vertex 50.6384 12.0719 2.6000
      vertex 50.6384 12.0719 2.0000
    endloop
  endfacet
  facet normal 0 0 1
    outer loop
      vertex 50.5855 11.9712 2.6000
      vertex 50.9888 11.6618 2.6000
      vertex 51.0408 11.7349 2.6000
    endloop
  endfacet
  facet normal 0 0 1
    outer loop
      vertex 50.5855 11.9712 2.6000
      vertex 51.0408 11.7349 2.6000
      vertex 50.6384 12.0719 2.6000
    endloop
  endfacet
  facet normal -0.808736 -0.588172 0
    outer loop
      vertex 50.6370 10.8582 2.0000
      vertex 50.7010 10.7702 2.0000
      vertex 50.6370 10.8582 2.6000
    endloop
  endfacet
  facet normal -0.808736 -0.588172 0
    outer loop
      vertex 50.6370 10.8582 2.6000
      vertex 50.7010 10.7702 2.0000
      vertex 50.7010 10.7702 2.6000
    endloop
  endfacet
  facet normal 0 0 1
    outer loop
      vertex 50.6370 10.8582 2.6000
      vertex 50.7010 10.7702 2.6000
      vertex 51.0458 11.1730 2.6000
    endloop
  endfacet
  facet normal 0 0 1
    outer loop
      vertex 50.6370 10.8582 2.6000
      vertex 51.0458 11.1730 2.6000
      vertex 51.0157 11.2076 2.6000
    endloop
  endfacet
  facet normal -0.807908 0.589308 0
    outer loop
      vertex 50.6384 12.0719 2.0000
      vertex 50.6384 12.0719 2.6000
      vertex 50.7031 12.1606 2.6000
    endloop
  endfacet
  facet normal -0.807908 0.589308 0
    outer loop
      vertex 50.6384 12.0719 2.0000
      vertex 50.7031 12.1606 2.6000
      vertex 50.7031 12.1606 2.0000
    endloop
  endfacet
  facet normal 0 0 1
    outer loop
      vertex 50.6384 12.0719 2.6000
      vertex 51.0408 11.7349 2.6000
      vertex 50.7031 12.1606 2.6000
    endloop
  endfacet
  facet normal -0.718139 -0.6959 0
    outer loop
      vertex 50.7010 10.7702 2.0000
      vertex 50.7761 10.6927 2.0000
      vertex 50.7010 10.7702 2.6000
    endloop
  endfacet
  facet normal -0.718139 -0.6959 0
    outer loop
      vertex 50.7010 10.7702 2.6000
      vertex 50.7761 10.6927 2.0000
      vertex 50.7761 10.6927 2.6000
    endloop
  endfacet
  facet normal 0 0 1
    outer loop
      vertex 50.7010 10.7702 2.6000
      vertex 50.7761 10.6927 2.6000
      vertex 51.0815 11.1427 2.6000
    endloop
  endfacet
  facet normal 0 0 1
    outer loop
      vertex 50.7010 10.7702 2.6000
      vertex 51.0815 11.1427 2.6000
      vertex 51.0458 11.1730 2.6000
    endloop
  endfacet
  facet normal -0.710375 0.703823 0
    outer loop
      vertex 50.7031 12.1606 2.0000
      vertex 50.7031 12.1606 2.6000
      vertex 50.7783 12.2365 2.6000
    endloop
  endfacet
  facet normal -0.710375 0.703823 0
    outer loop
      vertex 50.7031 12.1606 2.0000
      vertex 50.7783 12.2365 2.6000
      vertex 50.7783 12.2365 2.0000
    endloop
  endfacet
  facet normal 0 0 1
    outer loop
      vertex 50.7031 12.1606 2.6000
      vertex 51.0408 11.7349 2.6000
      vertex 51.1135 11.7872 2.6000
    endloop
  endfacet
  facet normal 0 0 1
    outer loop
      vertex 50.7031 12.1606 2.6000
      vertex 51.1135 11.7872 2.6000
      vertex 50.7783 12.2365 2.6000
    endloop
  endfacet
  facet normal -0.612918 -0.790147 0
    outer loop
      vertex 50.7761 10.6927 2.0000
      vertex 50.8617 10.6263 2.0000
      vertex 50.8617 10.6263 2.6000
    endloop
  endfacet
  facet normal -0.612918 -0.790147 0
    outer loop
      vertex 50.7761 10.6927 2.0000
      vertex 50.8617 10.6263 2.6000
      vertex 50.7761 10.6927 2.6000
    endloop
  endfacet
  facet normal 0 0 1
    outer loop
      vertex 50.7761 10.6927 2.6000
      vertex 50.8617 10.6263 2.6000
      vertex 51.1226 11.1161 2.6000
    endloop
  endfacet
  facet normal 0 0 1
    outer loop
      vertex 50.7761 10.6927 2.6000
      vertex 51.1226 11.1161 2.6000
      vertex 51.0815 11.1427 2.6000
    endloop
  endfacet
  facet normal -0.590208 0.807252 0
    outer loop
      vertex 50.7783 12.2365 2.0000
      vertex 50.7783 12.2365 2.6000
      vertex 50.8631 12.2985 2.0000
    endloop
  endfacet
  facet normal -0.590208 0.807252 0
    outer loop
      vertex 50.7783 12.2365 2.6000
      vertex 50.8631 12.2985 2.6000
      vertex 50.8631 12.2985 2.0000
    endloop
  endfacet
  facet normal 0 0 1
    outer loop
      vertex 50.7783 12.2365 2.6000
      vertex 51.1135 11.7872 2.6000
      vertex 50.8631 12.2985 2.6000
    endloop
  endfacet
  facet normal -0.49837 -0.866965 0
    outer loop
      vertex 50.8617 10.6263 2.0000
      vertex 50.9579 10.5710 2.0000
      vertex 50.9579 10.5710 2.6000
    endloop
  endfacet
  facet normal -0.49837 -0.866965 0
    outer loop
      vertex 50.8617 10.6263 2.0000
      vertex 50.9579 10.5710 2.6000
      vertex 50.8617 10.6263 2.6000
    endloop
  endfacet
  facet normal 0 0 1
    outer loop
      vertex 50.8617 10.6263 2.6000
      vertex 50.9579 10.5710 2.6000
      vertex 51.1692 11.0934 2.6000
    endloop
  endfacet
  facet normal 0 0 1
    outer loop
      vertex 50.8617 10.6263 2.6000
      vertex 51.1692 11.0934 2.6000
      vertex 51.1226 11.1161 2.6000
    endloop
  endfacet
  facet normal -0.455876 0.890043 0
    outer loop
      vertex 50.8631 12.2985 2.0000
      vertex 50.8631 12.2985 2.6000
      vertex 50.9574 12.3468 2.0000
    endloop
  endfacet
  facet normal -0.455876 0.890043 0
    outer loop
      vertex 50.8631 12.2985 2.6000
      vertex 50.9574 12.3468 2.6000
      vertex 50.9574 12.3468 2.0000
    endloop
  endfacet
  facet normal 0 0 1
    outer loop
      vertex 50.8631 12.2985 2.6000
      vertex 51.1135 11.7872 2.6000
      vertex 50.9574 12.3468 2.6000
    endloop
  endfacet
  facet normal 0.99894 0.046026 0
    outer loop
      vertex 50.9472 11.4527 2.0000
      vertex 50.9472 11.4527 2.6000
      vertex 50.9499 11.3941 2.6000
    endloop
  endfacet
  facet normal 0 0 1
    outer loop
      vertex 50.9472 11.4527 2.0000
      vertex 50.9499 11.3941 2.0000
      vertex 51.2213 11.0744 2.0000
    endloop
  endfacet
  facet normal 0.99894 0.046026 0
    outer loop
      vertex 50.9472 11.4527 2.0000
      vertex 50.9499 11.3941 2.6000
      vertex 50.9499 11.3941 2.0000
    endloop
  endfacet
  facet normal 0.995936 -0.090067 0
    outer loop
      vertex 50.9472 11.4527 2.0000
      vertex 50.9576 11.5677 2.0000
      vertex 50.9472 11.4527 2.6000
    endloop
  endfacet
  facet normal 0 0 1
    outer loop
      vertex 50.9472 11.4527 2.0000
      vertex 51.2071 11.8186 2.0000
      vertex 50.9576 11.5677 2.0000
    endloop
  endfacet
  facet normal 0 0 1
    outer loop
      vertex 50.9472 11.4527 2.0000
      vertex 51.2213 11.0744 2.0000
      vertex 51.3725 11.8257 2.0000
    endloop
  endfacet
  facet normal 0 0 1
    outer loop
      vertex 50.9472 11.4527 2.0000
      vertex 51.3215 11.8290 2.0000
      vertex 51.2071 11.8186 2.0000
    endloop
  endfacet
  facet normal 0 0 1
    outer loop
      vertex 50.9472 11.4527 2.0000
      vertex 51.3725 11.8257 2.0000
      vertex 51.3215 11.8290 2.0000
    endloop
  endfacet
  facet normal 0.995936 -0.090067 0
    outer loop
      vertex 50.9472 11.4527 2.6000
      vertex 50.9576 11.5677 2.0000
      vertex 50.9576 11.5677 2.6000
    endloop
  endfacet
  facet normal 0.988625 0.150403 0
    outer loop
      vertex 50.9499 11.3941 2.0000
      vertex 50.9499 11.3941 2.6000
      vertex 50.9581 11.3402 2.6000
    endloop
  endfacet
  facet normal 0 0 1
    outer loop
      vertex 50.9499 11.3941 2.0000
      vertex 50.9581 11.3402 2.0000
      vertex 51.1226 11.1161 2.0000
    endloop
  endfacet
  facet normal 0.988625 0.150403 0
    outer loop
      vertex 50.9499 11.3941 2.0000
      vertex 50.9581 11.3402 2.6000
      vertex 50.9581 11.3402 2.0000
    endloop
  endfacet
  facet normal 0 0 1
    outer loop
      vertex 50.9499 11.3941 2.0000
      vertex 51.1226 11.1161 2.0000
      vertex 51.1692 11.0934 2.0000
    endloop
  endfacet
  facet normal 0 0 1
    outer loop
      vertex 50.9499 11.3941 2.0000
      vertex 51.1692 11.0934 2.0000
      vertex 51.2213 11.0744 2.0000
    endloop
  endfacet
  facet normal -0.315679 0.948866 0
    outer loop
      vertex 50.9574 12.3468 2.0000
      vertex 50.9574 12.3468 2.6000
      vertex 51.0611 12.3813 2.0000
    endloop
  endfacet
  facet normal -0.315679 0.948866 0
    outer loop
      vertex 50.9574 12.3468 2.6000
      vertex 51.0611 12.3813 2.6000
      vertex 51.0611 12.3813 2.0000
    endloop
  endfacet
  facet normal 0 0 1
    outer loop
      vertex 50.9574 12.3468 2.6000
      vertex 51.1135 11.7872 2.6000
      vertex 51.2071 11.8186 2.6000
    endloop
  endfacet
  facet normal 0 0 1
    outer loop
      vertex 50.9574 12.3468 2.6000
      vertex 51.2071 11.8186 2.6000
      vertex 51.0611 12.3813 2.6000
    endloop
  endfacet
  facet normal 0.949186 -0.314714 0
    outer loop
      vertex 50.9576 11.5677 2.0000
      vertex 50.9888 11.6618 2.0000
      vertex 50.9576 11.5677 2.6000
    endloop
  endfacet
  facet normal 0 0 1
    outer loop
      vertex 50.9576 11.5677 2.0000
      vertex 51.1135 11.7872 2.0000
      vertex 50.9888 11.6618 2.0000
    endloop
  endfacet
  facet normal 0 0 1
    outer loop
      vertex 50.9576 11.5677 2.0000
      vertex 51.2071 11.8186 2.0000
      vertex 51.1135 11.7872 2.0000
    endloop
  endfacet
  facet normal 0.949186 -0.314714 0
    outer loop
      vertex 50.9576 11.5677 2.6000
      vertex 50.9888 11.6618 2.0000
      vertex 50.9888 11.6618 2.6000
    endloop
  endfacet
  facet normal -0.382275 -0.924049 0
    outer loop
      vertex 50.9579 10.5710 2.0000
      vertex 51.0645 10.5269 2.0000
      vertex 51.0645 10.5269 2.6000
    endloop
  endfacet
  facet normal -0.382275 -0.924049 0
    outer loop
      vertex 50.9579 10.5710 2.0000
      vertex 51.0645 10.5269 2.6000
      vertex 50.9579 10.5710 2.6000
    endloop
  endfacet
  facet normal 0 0 1
    outer loop
      vertex 50.9579 10.5710 2.6000
      vertex 51.0645 10.5269 2.6000
      vertex 51.2213 11.0744 2.6000
    endloop
  endfacet
  facet normal 0 0 1
    outer loop
      vertex 50.9579 10.5710 2.6000
      vertex 51.2213 11.0744 2.6000
      vertex 51.1692 11.0934 2.6000
    endloop
  endfacet
  facet normal 0.963066 0.269265 0
    outer loop
      vertex 50.9581 11.3402 2.0000
      vertex 50.9581 11.3402 2.6000
      vertex 50.9718 11.2912 2.6000
    endloop
  endfacet
  facet normal 0 0 1
    outer loop
      vertex 50.9581 11.3402 2.0000
      vertex 50.9718 11.2912 2.0000
      vertex 51.0815 11.1427 2.0000
    endloop
  endfacet
  facet normal 0.963066 0.269265 0
    outer loop
      vertex 50.9581 11.3402 2.0000
      vertex 50.9718 11.2912 2.6000
      vertex 50.9718 11.2912 2.0000
    endloop
  endfacet
  facet normal 0 0 1
    outer loop
      vertex 50.9581 11.3402 2.0000
      vertex 51.0815 11.1427 2.0000
      vertex 51.1226 11.1161 2.0000
    endloop
  endfacet
  facet normal 0.064489 0.997918 0
    outer loop
      vertex 50.9594 14.5268 2.0000
      vertex 50.9594 14.5268 2.6000
      vertex 51.6836 14.4800 2.0000
    endloop
  endfacet
  facet normal 1 0 0
    outer loop
      vertex 50.9594 14.5268 2.0000
      vertex 50.9594 15.7311 2.0000
      vertex 50.9594 14.5268 2.6000
    endloop
  endfacet
  facet normal 0 0 1
    outer loop
      vertex 50.9594 14.5268 2.0000
      vertex 51.5005 14.9987 2.0000
      vertex 51.5076 15.1305 2.0000
    endloop
  endfacet
  facet normal 0 0 1
    outer loop
      vertex 50.9594 14.5268 2.0000
      vertex 51.5056 14.8979 2.0000
      vertex 51.5005 14.9987 2.0000
    endloop
  endfacet
  facet normal 0 0 1
    outer loop
      vertex 50.9594 14.5268 2.0000
      vertex 51.5076 15.1305 2.0000
      vertex 50.9594 15.7311 2.0000
    endloop
  endfacet
  facet normal 0 0 1
    outer loop
      vertex 50.9594 14.5268 2.0000
      vertex 51.5209 14.8028 2.0000
      vertex 51.5056 14.8979 2.0000
    endloop
  endfacet
  facet normal 0 0 1
    outer loop
      vertex 50.9594 14.5268 2.0000
      vertex 51.5463 14.7134 2.0000
      vertex 51.5209 14.8028 2.0000
    endloop
  endfacet
  facet normal 0 0 1
    outer loop
      vertex 50.9594 14.5268 2.0000
      vertex 51.5819 14.6298 2.0000
      vertex 51.5463 14.7134 2.0000
    endloop
  endfacet
  facet normal 0 0 1
    outer loop
      vertex 50.9594 14.5268 2.0000
      vertex 51.6277 14.5520 2.0000
      vertex 51.5819 14.6298 2.0000
    endloop
  endfacet
  facet normal 0 0 1
    outer loop
      vertex 50.9594 14.5268 2.0000
      vertex 51.6836 14.4800 2.0000
      vertex 51.6277 14.5520 2.0000
    endloop
  endfacet
  facet normal 1 0 0
    outer loop
      vertex 50.9594 14.5268 2.6000
      vertex 50.9594 15.7311 2.0000
      vertex 50.9594 15.7311 2.6000
    endloop
  endfacet
  facet normal 0.064489 0.997918 0
    outer loop
      vertex 50.9594 14.5268 2.6000
      vertex 51.6836 14.4800 2.6000
      vertex 51.6836 14.4800 2.0000
    endloop
  endfacet
  facet normal 0 0 1
    outer loop
      vertex 50.9594 15.7311 2.0000
      vertex 51.5076 15.1305 2.0000
      vertex 51.5288 15.2531 2.0000
    endloop
  endfacet
  facet normal 0 0 1
    outer loop
      vertex 50.9594 15.7311 2.0000
      vertex 51.5288 15.2531 2.0000
      vertex 51.5641 15.3667 2.0000
    endloop
  endfacet
  facet normal 0 0 1
    outer loop
      vertex 50.9594 15.7311 2.0000
      vertex 51.5641 15.3667 2.0000
      vertex 51.6136 15.4711 2.0000
    endloop
  endfacet
  facet normal 0 0 1
    outer loop
      vertex 50.9594 15.7311 2.0000
      vertex 51.6136 15.4711 2.0000
      vertex 51.6771 15.5665 2.0000
    endloop
  endfacet
  facet normal 0 0 1
    outer loop
      vertex 50.9594 15.7311 2.0000
      vertex 51.6771 15.5665 2.0000
      vertex 51.7548 15.6528 2.0000
    endloop
  endfacet
  facet normal 0 0 1
    outer loop
      vertex 50.9594 15.7311 2.0000
      vertex 51.7548 15.6528 2.0000
      vertex 51.8447 15.7277 2.0000
    endloop
  endfacet
  facet normal 0 0 1
    outer loop
      vertex 50.9594 15.7311 2.0000
      vertex 51.8447 15.7277 2.0000
      vertex 51.9447 15.7890 2.0000
    endloop
  endfacet
  facet normal 0 0 1
    outer loop
      vertex 50.9594 15.7311 2.0000
      vertex 51.9447 15.7890 2.0000
      vertex 52.0549 15.8366 2.0000
    endloop
  endfacet
  facet normal 0 0 1
    outer loop
      vertex 50.9594 15.7311 2.0000
      vertex 52.0549 15.8366 2.0000
      vertex 52.0000 19.9000 2.0000
    endloop
  endfacet
  facet normal 0.917202 0.398423 0
    outer loop
      vertex 50.9718 11.2912 2.0000
      vertex 50.9718 11.2912 2.6000
      vertex 50.9910 11.2470 2.6000
    endloop
  endfacet
  facet normal 0 0 1
    outer loop
      vertex 50.9718 11.2912 2.0000
      vertex 50.9910 11.2470 2.0000
      vertex 51.0157 11.2076 2.0000
    endloop
  endfacet
  facet normal 0.917202 0.398423 0
    outer loop
      vertex 50.9718 11.2912 2.0000
      vertex 50.9910 11.2470 2.6000
      vertex 50.9910 11.2470 2.0000
    endloop
  endfacet
  facet normal 0 0 1
    outer loop
      vertex 50.9718 11.2912 2.0000
      vertex 51.0157 11.2076 2.0000
      vertex 51.0458 11.1730 2.0000
    endloop
  endfacet
  facet normal 0 0 1
    outer loop
      vertex 50.9718 11.2912 2.0000
      vertex 51.0458 11.1730 2.0000
      vertex 51.0815 11.1427 2.0000
    endloop
  endfacet
  facet normal 0.814862 -0.579655 0
    outer loop
      vertex 50.9888 11.6618 2.0000
      vertex 51.0408 11.7349 2.0000
      vertex 50.9888 11.6618 2.6000
    endloop
  endfacet
  facet normal 0 0 1
    outer loop
      vertex 50.9888 11.6618 2.0000
      vertex 51.1135 11.7872 2.0000
      vertex 51.0408 11.7349 2.0000
    endloop
  endfacet
  facet normal 0.814862 -0.579655 0
    outer loop
      vertex 50.9888 11.6618 2.6000
      vertex 51.0408 11.7349 2.0000
      vertex 51.0408 11.7349 2.6000
    endloop
  endfacet
  facet normal 0.847273 0.531158 0
    outer loop
      vertex 50.9910 11.2470 2.0000
      vertex 50.9910 11.2470 2.6000
      vertex 51.0157 11.2076 2.6000
    endloop
  endfacet
  facet normal 0.847273 0.531158 0
    outer loop
      vertex 50.9910 11.2470 2.0000
      vertex 51.0157 11.2076 2.6000
      vertex 51.0157 11.2076 2.0000
    endloop
  endfacet
  facet normal 0 -1 0
    outer loop
      vertex 51.0001 8.3251 2.0000
      vertex 51.4497 8.3251 2.0000
      vertex 51.4497 8.3251 2.6000
    endloop
  endfacet
  facet normal 0 -1 0
    outer loop
      vertex 51.0001 8.3251 2.0000
      vertex 51.4497 8.3251 2.6000
      vertex 51.0001 8.3251 2.6000
    endloop
  endfacet
  facet normal 0 0 1
    outer loop
      vertex 51.0001 8.3251 2.0000
      vertex 52.0000 4.1000 2.0000
      vertex 51.4497 8.3251 2.0000
    endloop
  endfacet
  facet normal 0 0 1
    outer loop
      vertex 51.0001 8.3251 2.6000
      vertex 51.4497 8.3251 2.6000
      vertex 51.0204 9.0127 2.6000
    endloop
  endfacet
  facet normal 0.754465 0.656341 0
    outer loop
      vertex 51.0157 11.2076 2.0000
      vertex 51.0157 11.2076 2.6000
      vertex 51.0458 11.1730 2.6000
    endloop
  endfacet
  facet normal 0.754465 0.656341 0
    outer loop
      vertex 51.0157 11.2076 2.0000
      vertex 51.0458 11.1730 2.6000
      vertex 51.0458 11.1730 2.0000
    endloop
  endfacet
  facet normal 0.848248 0.5296 0
    outer loop
      vertex 51.0204 9.0127 2.0000
      vertex 51.0204 9.0127 2.6000
      vertex 51.4497 8.3251 2.6000
    endloop
  endfacet
  facet normal 0 0 1
    outer loop
      vertex 51.0204 9.0127 2.0000
      vertex 51.4497 8.3251 2.0000
      vertex 52.9754 9.0127 2.0000
    endloop
  endfacet
  facet normal 0.848248 0.5296 0
    outer loop
      vertex 51.0204 9.0127 2.0000
      vertex 51.4497 8.3251 2.6000
      vertex 51.4497 8.3251 2.0000
    endloop
  endfacet
  facet normal 0 -1 0
    outer loop
      vertex 51.0204 9.0127 2.0000
      vertex 52.9754 9.0127 2.0000
      vertex 52.9754 9.0127 2.6000
    endloop
  endfacet
  facet normal 0 -1 0
    outer loop
      vertex 51.0204 9.0127 2.0000
      vertex 52.9754 9.0127 2.6000
      vertex 51.0204 9.0127 2.6000
    endloop
  endfacet
  facet normal 0 0 1
    outer loop
      vertex 51.0204 9.0127 2.6000
      vertex 52.9754 9.0127 2.6000
      vertex 52.9754 9.5844 2.6000
    endloop
  endfacet
  facet normal 0.583981 -0.811767 0
    outer loop
      vertex 51.0408 11.7349 2.0000
      vertex 51.1135 11.7872 2.0000
      vertex 51.1135 11.7872 2.6000
    endloop
  endfacet
  facet normal 0.583981 -0.811767 0
    outer loop
      vertex 51.0408 11.7349 2.0000
      vertex 51.1135 11.7872 2.6000
      vertex 51.0408 11.7349 2.6000
    endloop
  endfacet
  facet normal 0.64709 0.762413 0
    outer loop
      vertex 51.0458 11.1730 2.0000
      vertex 51.0458 11.1730 2.6000
      vertex 51.0815 11.1427 2.0000
    endloop
  endfacet
  facet normal 0.64709 0.762413 0
    outer loop
      vertex 51.0458 11.1730 2.6000
      vertex 51.0815 11.1427 2.6000
      vertex 51.0815 11.1427 2.0000
    endloop
  endfacet
  facet normal -0.179038 0.983842 0
    outer loop
      vertex 51.0611 12.3813 2.0000
      vertex 51.0611 12.3813 2.6000
      vertex 51.1743 12.4019 2.0000
    endloop
  endfacet
  facet normal -0.179038 0.983842 0
    outer loop
      vertex 51.0611 12.3813 2.6000
      vertex 51.1743 12.4019 2.6000
      vertex 51.1743 12.4019 2.0000
    endloop
  endfacet
  facet normal 0 0 1
    outer loop
      vertex 51.0611 12.3813 2.6000
      vertex 51.2071 11.8186 2.6000
      vertex 51.1743 12.4019 2.6000
    endloop
  endfacet
  facet normal -0.270484 -0.962725 0
    outer loop
      vertex 51.0645 10.5269 2.0000
      vertex 51.1816 10.4940 2.0000
      vertex 51.1816 10.4940 2.6000
    endloop
  endfacet
  facet normal -0.270484 -0.962725 0
    outer loop
      vertex 51.0645 10.5269 2.0000
      vertex 51.1816 10.4940 2.6000
      vertex 51.0645 10.5269 2.6000
    endloop
  endfacet
  facet normal 0 0 1
    outer loop
      vertex 51.0645 10.5269 2.6000
      vertex 51.1816 10.4940 2.6000
      vertex 51.2788 11.0592 2.6000
    endloop
  endfacet
  facet normal 0 0 1
    outer loop
      vertex 51.0645 10.5269 2.6000
      vertex 51.2788 11.0592 2.6000
      vertex 51.2213 11.0744 2.6000
    endloop
  endfacet
  facet normal 0.543336 0.839515 0
    outer loop
      vertex 51.0815 11.1427 2.0000
      vertex 51.0815 11.1427 2.6000
      vertex 51.1226 11.1161 2.0000
    endloop
  endfacet
  facet normal 0.543336 0.839515 0
    outer loop
      vertex 51.0815 11.1427 2.6000
      vertex 51.1226 11.1161 2.6000
      vertex 51.1226 11.1161 2.0000
    endloop
  endfacet
  facet normal 0.31805 -0.948074 0
    outer loop
      vertex 51.1135 11.7872 2.0000
      vertex 51.2071 11.8186 2.0000
      vertex 51.2071 11.8186 2.6000
    endloop
  endfacet
  facet normal 0.31805 -0.948074 0
    outer loop
      vertex 51.1135 11.7872 2.0000
      vertex 51.2071 11.8186 2.6000
      vertex 51.1135 11.7872 2.6000
    endloop
  endfacet
  facet normal 0.437929 0.899009 0
    outer loop
      vertex 51.1226 11.1161 2.0000
      vertex 51.1226 11.1161 2.6000
      vertex 51.1692 11.0934 2.0000
    endloop
  endfacet
  facet normal 0.437929 0.899009 0
    outer loop
      vertex 51.1226 11.1161 2.6000
      vertex 51.1692 11.0934 2.6000
      vertex 51.1692 11.0934 2.0000
    endloop
  endfacet
  facet normal 0.342612 0.939477 0
    outer loop
      vertex 51.1692 11.0934 2.0000
      vertex 51.1692 11.0934 2.6000
      vertex 51.2213 11.0744 2.0000
    endloop
  endfacet
  facet normal 0.342612 0.939477 0
    outer loop
      vertex 51.1692 11.0934 2.6000
      vertex 51.2213 11.0744 2.6000
      vertex 51.2213 11.0744 2.0000
    endloop
  endfacet
  facet normal -0.0561 0.998425 0
    outer loop
      vertex 51.1743 12.4019 2.0000
      vertex 51.1743 12.4019 2.6000
      vertex 51.2971 12.4088 2.0000
    endloop
  endfacet
  facet normal 0 0 1
    outer loop
      vertex 51.1743 12.4019 2.6000
      vertex 51.2071 11.8186 2.6000
      vertex 51.3215 11.8290 2.6000
    endloop
  endfacet
  facet normal -0.0561 0.998425 0
    outer loop
      vertex 51.1743 12.4019 2.6000
      vertex 51.2971 12.4088 2.6000
      vertex 51.2971 12.4088 2.0000
    endloop
  endfacet
  facet normal 0 0 1
    outer loop
      vertex 51.1743 12.4019 2.6000
      vertex 51.3215 11.8290 2.6000
      vertex 51.2971 12.4088 2.6000
    endloop
  endfacet
  facet normal -0.169028 -0.985611 0
    outer loop
      vertex 51.1816 10.4940 2.0000
      vertex 51.3093 10.4721 2.0000
      vertex 51.3093 10.4721 2.6000
    endloop
  endfacet
  facet normal -0.169028 -0.985611 0
    outer loop
      vertex 51.1816 10.4940 2.0000
      vertex 51.3093 10.4721 2.6000
      vertex 51.1816 10.4940 2.6000
    endloop
  endfacet
  facet normal 0 0 1
    outer loop
      vertex 51.1816 10.4940 2.6000
      vertex 51.3093 10.4721 2.6000
      vertex 51.3419 11.0478 2.6000
    endloop
  endfacet
  facet normal 0 0 1
    outer loop
      vertex 51.1816 10.4940 2.6000
      vertex 51.3419 11.0478 2.6000
      vertex 51.2788 11.0592 2.6000
    endloop
  endfacet
  facet normal 0.090536 -0.995893 0
    outer loop
      vertex 51.2071 11.8186 2.0000
      vertex 51.3215 11.8290 2.0000
      vertex 51.3215 11.8290 2.6000
    endloop
  endfacet
  facet normal 0.090536 -0.995893 0
    outer loop
      vertex 51.2071 11.8186 2.0000
      vertex 51.3215 11.8290 2.6000
      vertex 51.2071 11.8186 2.6000
    endloop
  endfacet
  facet normal 0.255569 0.966791 0
    outer loop
      vertex 51.2213 11.0744 2.0000
      vertex 51.2213 11.0744 2.6000
      vertex 51.2788 11.0592 2.0000
    endloop
  endfacet
  facet normal 0 0 1
    outer loop
      vertex 51.2213 11.0744 2.0000
      vertex 51.2788 11.0592 2.0000
      vertex 51.3725 11.8257 2.0000
    endloop
  endfacet
  facet normal 0.255569 0.966791 0
    outer loop
      vertex 51.2213 11.0744 2.6000
      vertex 51.2788 11.0592 2.6000
      vertex 51.2788 11.0592 2.0000
    endloop
  endfacet
  facet normal 0.177787 0.984069 0
    outer loop
      vertex 51.2788 11.0592 2.0000
      vertex 51.2788 11.0592 2.6000
      vertex 51.3419 11.0478 2.0000
    endloop
  endfacet
  facet normal 0 0 1
    outer loop
      vertex 51.2788 11.0592 2.0000
      vertex 51.3419 11.0478 2.0000
      vertex 51.3725 11.8257 2.0000
    endloop
  endfacet
  facet normal 0.177787 0.984069 0
    outer loop
      vertex 51.2788 11.0592 2.6000
      vertex 51.3419 11.0478 2.6000
      vertex 51.3419 11.0478 2.0000
    endloop
  endfacet
  facet normal 0.033315 0.999445 0
    outer loop
      vertex 51.2971 12.4088 2.0000
      vertex 51.2971 12.4088 2.6000
      vertex 51.3631 12.4066 2.0000
    endloop
  endfacet
  facet normal 0 0 1
    outer loop
      vertex 51.2971 12.4088 2.0000
      vertex 51.3631 12.4066 2.0000
      vertex 52.1474 13.9083 2.0000
    endloop
  endfacet
  facet normal 0 0 1
    outer loop
      vertex 51.2971 12.4088 2.6000
      vertex 51.3215 11.8290 2.6000
      vertex 51.3631 12.4066 2.6000
    endloop
  endfacet
  facet normal 0.033315 0.999445 0
    outer loop
      vertex 51.2971 12.4088 2.6000
      vertex 51.3631 12.4066 2.6000
      vertex 51.3631 12.4066 2.0000
    endloop
  endfacet
  facet normal 0.998401 -0.056536 0
    outer loop
      vertex 51.3093 10.4721 2.0000
      vertex 51.3419 11.0478 2.0000
      vertex 51.3093 10.4721 2.6000
    endloop
  endfacet
  facet normal 0 0 1
    outer loop
      vertex 51.3093 10.4721 2.0000
      vertex 52.2028 11.0889 2.0000
      vertex 51.3419 11.0478 2.0000
    endloop
  endfacet
  facet normal 0 0 1
    outer loop
      vertex 51.3093 10.4721 2.0000
      vertex 52.2848 10.9993 2.0000
      vertex 52.2028 11.0889 2.0000
    endloop
  endfacet
  facet normal 0 0 1
    outer loop
      vertex 51.3093 10.4721 2.0000
      vertex 52.3656 10.9156 2.0000
      vertex 52.2848 10.9993 2.0000
    endloop
  endfacet
  facet normal 0 0 1
    outer loop
      vertex 51.3093 10.4721 2.0000
      vertex 52.4453 10.8379 2.0000
      vertex 52.3656 10.9156 2.0000
    endloop
  endfacet
  facet normal 0 0 1
    outer loop
      vertex 51.3093 10.4721 2.0000
      vertex 52.5238 10.7661 2.0000
      vertex 52.4453 10.8379 2.0000
    endloop
  endfacet
  facet normal 0 0 1
    outer loop
      vertex 51.3093 10.4721 2.0000
      vertex 52.6021 10.6999 2.0000
      vertex 52.5238 10.7661 2.0000
    endloop
  endfacet
  facet normal 0 0 1
    outer loop
      vertex 51.3093 10.4721 2.0000
      vertex 52.6811 10.6389 2.0000
      vertex 52.6021 10.6999 2.0000
    endloop
  endfacet
  facet normal 0 0 1
    outer loop
      vertex 51.3093 10.4721 2.0000
      vertex 52.9754 9.5844 2.0000
      vertex 52.6811 10.6389 2.0000
    endloop
  endfacet
  facet normal 0.998401 -0.056536 0
    outer loop
      vertex 51.3093 10.4721 2.6000
      vertex 51.3419 11.0478 2.0000
      vertex 51.3419 11.0478 2.6000
    endloop
  endfacet
  facet normal -0.064571 -0.997913 0
    outer loop
      vertex 51.3215 11.8290 2.0000
      vertex 51.3725 11.8257 2.0000
      vertex 51.3725 11.8257 2.6000
    endloop
  endfacet
  facet normal -0.064571 -0.997913 0
    outer loop
      vertex 51.3215 11.8290 2.0000
      vertex 51.3725 11.8257 2.6000
      vertex 51.3215 11.8290 2.6000
    endloop
  endfacet
  facet normal 0 0 1
    outer loop
      vertex 51.3215 11.8290 2.6000
      vertex 51.3725 11.8257 2.6000
      vertex 51.3631 12.4066 2.6000
    endloop
  endfacet
  facet normal 0 0 1
    outer loop
      vertex 51.3419 11.0478 2.0000
      vertex 51.4239 11.8156 2.0000
      vertex 51.3725 11.8257 2.0000
    endloop
  endfacet
  facet normal 0 0 1
    outer loop
      vertex 51.3419 11.0478 2.0000
      vertex 51.4756 11.7988 2.0000
      vertex 51.4239 11.8156 2.0000
    endloop
  endfacet
  facet normal 0 0 1
    outer loop
      vertex 51.3419 11.0478 2.0000
      vertex 51.5277 11.7752 2.0000
      vertex 51.4756 11.7988 2.0000
    endloop
  endfacet
  facet normal 0 0 1
    outer loop
      vertex 51.3419 11.0478 2.0000
      vertex 51.5800 11.7450 2.0000
      vertex 51.5277 11.7752 2.0000
    endloop
  endfacet
  facet normal 0 0 1
    outer loop
      vertex 51.3419 11.0478 2.0000
      vertex 51.6328 11.7080 2.0000
      vertex 51.5800 11.7450 2.0000
    endloop
  endfacet
  facet normal 0 0 1
    outer loop
      vertex 51.3419 11.0478 2.0000
      vertex 51.6880 11.6626 2.0000
      vertex 51.6328 11.7080 2.0000
    endloop
  endfacet
  facet normal 0 0 1
    outer loop
      vertex 51.3419 11.0478 2.0000
      vertex 51.7480 11.6073 2.0000
      vertex 51.6880 11.6626 2.0000
    endloop
  endfacet
  facet normal 0 0 1
    outer loop
      vertex 51.3419 11.0478 2.0000
      vertex 51.8128 11.5419 2.0000
      vertex 51.7480 11.6073 2.0000
    endloop
  endfacet
  facet normal 0 0 1
    outer loop
      vertex 51.3419 11.0478 2.0000
      vertex 51.8823 11.4666 2.0000
      vertex 51.8128 11.5419 2.0000
    endloop
  endfacet
  facet normal 0 0 1
    outer loop
      vertex 51.3419 11.0478 2.0000
      vertex 51.9566 11.3812 2.0000
      vertex 51.8823 11.4666 2.0000
    endloop
  endfacet
  facet normal 0 0 1
    outer loop
      vertex 51.3419 11.0478 2.0000
      vertex 52.0356 11.2859 2.0000
      vertex 51.9566 11.3812 2.0000
    endloop
  endfacet
  facet normal 0 0 1
    outer loop
      vertex 51.3419 11.0478 2.0000
      vertex 52.1198 11.1844 2.0000
      vertex 52.0356 11.2859 2.0000
    endloop
  endfacet
  facet normal 0 0 1
    outer loop
      vertex 51.3419 11.0478 2.0000
      vertex 52.2028 11.0889 2.0000
      vertex 52.1198 11.1844 2.0000
    endloop
  endfacet
  facet normal 0.102581 0.994725 0
    outer loop
      vertex 51.3631 12.4066 2.0000
      vertex 51.3631 12.4066 2.6000
      vertex 51.4271 12.4000 2.0000
    endloop
  endfacet
  facet normal 0 0 1
    outer loop
      vertex 51.3631 12.4066 2.0000
      vertex 51.4271 12.4000 2.0000
      vertex 52.1474 13.9083 2.0000
    endloop
  endfacet
  facet normal 0 0 1
    outer loop
      vertex 51.3631 12.4066 2.6000
      vertex 51.3725 11.8257 2.6000
      vertex 51.4271 12.4000 2.6000
    endloop
  endfacet
  facet normal 0.102581 0.994725 0
    outer loop
      vertex 51.3631 12.4066 2.6000
      vertex 51.4271 12.4000 2.6000
      vertex 51.4271 12.4000 2.0000
    endloop
  endfacet
  facet normal -0.192811 -0.981236 0
    outer loop
      vertex 51.3725 11.8257 2.0000
      vertex 51.4239 11.8156 2.0000
      vertex 51.4239 11.8156 2.6000
    endloop
  endfacet
  facet normal -0.192811 -0.981236 0
    outer loop
      vertex 51.3725 11.8257 2.0000
      vertex 51.4239 11.8156 2.6000
      vertex 51.3725 11.8257 2.6000
    endloop
  endfacet
  facet normal 0 0 1
    outer loop
      vertex 51.3725 11.8257 2.6000
      vertex 51.4239 11.8156 2.6000
      vertex 51.5484 12.3736 2.6000
    endloop
  endfacet
  facet normal 0 0 1
    outer loop
      vertex 51.3725 11.8257 2.6000
      vertex 51.4888 12.3890 2.6000
      vertex 51.4271 12.4000 2.6000
    endloop
  endfacet
  facet normal 0 0 1
    outer loop
      vertex 51.3725 11.8257 2.6000
      vertex 51.5484 12.3736 2.6000
      vertex 51.4888 12.3890 2.6000
    endloop
  endfacet
  facet normal -0.309044 -0.951048 0
    outer loop
      vertex 51.4239 11.8156 2.0000
      vertex 51.4756 11.7988 2.0000
      vertex 51.4756 11.7988 2.6000
    endloop
  endfacet
  facet normal -0.309044 -0.951048 0
    outer loop
      vertex 51.4239 11.8156 2.0000
      vertex 51.4756 11.7988 2.6000
      vertex 51.4239 11.8156 2.6000
    endloop
  endfacet
  facet normal 0 0 1
    outer loop
      vertex 51.4239 11.8156 2.6000
      vertex 51.4756 11.7988 2.6000
      vertex 51.6612 12.3295 2.6000
    endloop
  endfacet
  facet normal 0 0 1
    outer loop
      vertex 51.4239 11.8156 2.6000
      vertex 51.6059 12.3537 2.6000
      vertex 51.5484 12.3736 2.6000
    endloop
  endfacet
  facet normal 0 0 1
    outer loop
      vertex 51.4239 11.8156 2.6000
      vertex 51.6612 12.3295 2.6000
      vertex 51.6059 12.3537 2.6000
    endloop
  endfacet
  facet normal 0.175515 0.984477 0
    outer loop
      vertex 51.4271 12.4000 2.0000
      vertex 51.4271 12.4000 2.6000
      vertex 51.4888 12.3890 2.0000
    endloop
  endfacet
  facet normal 0 0 1
    outer loop
      vertex 51.4271 12.4000 2.0000
      vertex 51.4888 12.3890 2.0000
      vertex 52.1474 13.9083 2.0000
    endloop
  endfacet
  facet normal 0.175515 0.984477 0
    outer loop
      vertex 51.4271 12.4000 2.6000
      vertex 51.4888 12.3890 2.6000
      vertex 51.4888 12.3890 2.0000
    endloop
  endfacet
  facet normal 0 0 1
    outer loop
      vertex 51.4497 8.3251 2.0000
      vertex 52.0000 4.1000 2.0000
      vertex 52.9754 8.3027 2.0000
    endloop
  endfacet
  facet normal 0 0 1
    outer loop
      vertex 51.4497 8.3251 2.0000
      vertex 52.9754 8.3027 2.0000
      vertex 52.9754 9.0127 2.0000
    endloop
  endfacet
  facet normal -0.412617 -0.910905 0
    outer loop
      vertex 51.4756 11.7988 2.0000
      vertex 51.5277 11.7752 2.0000
      vertex 51.5277 11.7752 2.6000
    endloop
  endfacet
  facet normal -0.412617 -0.910905 0
    outer loop
      vertex 51.4756 11.7988 2.0000
      vertex 51.5277 11.7752 2.6000
      vertex 51.4756 11.7988 2.6000
    endloop
  endfacet
  facet normal 0 0 1
    outer loop
      vertex 51.4756 11.7988 2.6000
      vertex 51.5277 11.7752 2.6000
      vertex 51.7669 12.2716 2.6000
    endloop
  endfacet
  facet normal 0 0 1
    outer loop
      vertex 51.4756 11.7988 2.6000
      vertex 51.7148 12.3018 2.6000
      vertex 51.6612 12.3295 2.6000
    endloop
  endfacet
  facet normal 0 0 1
    outer loop
      vertex 51.4756 11.7988 2.6000
      vertex 51.7669 12.2716 2.6000
      vertex 51.7148 12.3018 2.6000
    endloop
  endfacet
  facet normal 0.250173 0.968201 0
    outer loop
      vertex 51.4888 12.3890 2.0000
      vertex 51.4888 12.3890 2.6000
      vertex 51.5484 12.3736 2.0000
    endloop
  endfacet
  facet normal 0 0 1
    outer loop
      vertex 51.4888 12.3890 2.0000
      vertex 51.5484 12.3736 2.0000
      vertex 52.1474 13.9083 2.0000
    endloop
  endfacet
  facet normal 0.250173 0.968201 0
    outer loop
      vertex 51.4888 12.3890 2.6000
      vertex 51.5484 12.3736 2.6000
      vertex 51.5484 12.3736 2.0000
    endloop
  endfacet
  facet normal -0.998552 0.053792 0
    outer loop
      vertex 51.5005 14.9987 2.0000
      vertex 51.5005 14.9987 2.6000
      vertex 51.5076 15.1305 2.6000
    endloop
  endfacet
  facet normal -0.998723 -0.050531 0
    outer loop
      vertex 51.5005 14.9987 2.0000
      vertex 51.5056 14.8979 2.0000
      vertex 51.5005 14.9987 2.6000
    endloop
  endfacet
  facet normal -0.998552 0.053792 0
    outer loop
      vertex 51.5005 14.9987 2.0000
      vertex 51.5076 15.1305 2.6000
      vertex 51.5076 15.1305 2.0000
    endloop
  endfacet
  facet normal -0.998723 -0.050531 0
    outer loop
      vertex 51.5005 14.9987 2.6000
      vertex 51.5056 14.8979 2.0000
      vertex 51.5056 14.8979 2.6000
    endloop
  endfacet
  facet normal 0 0 1
    outer loop
      vertex 51.5005 14.9987 2.6000
      vertex 51.5056 14.8979 2.6000
      vertex 51.9661 14.9235 2.6000
    endloop
  endfacet
  facet normal 0 0 1
    outer loop
      vertex 51.5005 14.9987 2.6000
      vertex 51.9661 14.9235 2.6000
      vertex 51.9774 14.9874 2.6000
    endloop
  endfacet
  facet normal 0 0 1
    outer loop
      vertex 51.5005 14.9987 2.6000
      vertex 51.9774 14.9874 2.6000
      vertex 51.5076 15.1305 2.6000
    endloop
  endfacet
  facet normal -0.987304 -0.158841 0
    outer loop
      vertex 51.5056 14.8979 2.0000
      vertex 51.5209 14.8028 2.0000
      vertex 51.5056 14.8979 2.6000
    endloop
  endfacet
  facet normal -0.987304 -0.158841 0
    outer loop
      vertex 51.5056 14.8979 2.6000
      vertex 51.5209 14.8028 2.0000
      vertex 51.5209 14.8028 2.6000
    endloop
  endfacet
  facet normal 0 0 1
    outer loop
      vertex 51.5056 14.8979 2.6000
      vertex 51.5209 14.8028 2.6000
      vertex 51.9623 14.8543 2.6000
    endloop
  endfacet
  facet normal 0 0 1
    outer loop
      vertex 51.5056 14.8979 2.6000
      vertex 51.9623 14.8543 2.6000
      vertex 51.9661 14.9235 2.6000
    endloop
  endfacet
  facet normal -0.985376 0.170391 0
    outer loop
      vertex 51.5076 15.1305 2.0000
      vertex 51.5076 15.1305 2.6000
      vertex 51.5288 15.2531 2.6000
    endloop
  endfacet
  facet normal -0.985376 0.170391 0
    outer loop
      vertex 51.5076 15.1305 2.0000
      vertex 51.5288 15.2531 2.6000
      vertex 51.5288 15.2531 2.0000
    endloop
  endfacet
  facet normal 0 0 1
    outer loop
      vertex 51.5076 15.1305 2.6000
      vertex 51.9774 14.9874 2.6000
      vertex 51.9962 15.0460 2.6000
    endloop
  endfacet
  facet normal 0 0 1
    outer loop
      vertex 51.5076 15.1305 2.6000
      vertex 51.9962 15.0460 2.6000
      vertex 51.5288 15.2531 2.6000
    endloop
  endfacet
  facet normal -0.961929 -0.2733 0
    outer loop
      vertex 51.5209 14.8028 2.0000
      vertex 51.5463 14.7134 2.0000
      vertex 51.5209 14.8028 2.6000
    endloop
  endfacet
  facet normal -0.961929 -0.2733 0
    outer loop
      vertex 51.5209 14.8028 2.6000
      vertex 51.5463 14.7134 2.0000
      vertex 51.5463 14.7134 2.6000
    endloop
  endfacet
  facet normal 0 0 1
    outer loop
      vertex 51.5209 14.8028 2.6000
      vertex 51.5463 14.7134 2.6000
      vertex 51.9623 14.8543 2.6000
    endloop
  endfacet
  facet normal -0.500057 -0.865993 0
    outer loop
      vertex 51.5277 11.7752 2.0000
      vertex 51.5800 11.7450 2.0000
      vertex 51.5800 11.7450 2.6000
    endloop
  endfacet
  facet normal -0.500057 -0.865993 0
    outer loop
      vertex 51.5277 11.7752 2.0000
      vertex 51.5800 11.7450 2.6000
      vertex 51.5277 11.7752 2.6000
    endloop
  endfacet
  facet normal 0 0 1
    outer loop
      vertex 51.5277 11.7752 2.6000
      vertex 51.5800 11.7450 2.6000
      vertex 51.8669 12.2038 2.6000
    endloop
  endfacet
  facet normal 0 0 1
    outer loop
      vertex 51.5277 11.7752 2.6000
      vertex 51.8176 12.2390 2.6000
      vertex 51.7669 12.2716 2.6000
    endloop
  endfacet
  facet normal 0 0 1
    outer loop
      vertex 51.5277 11.7752 2.6000
      vertex 51.8669 12.2038 2.6000
      vertex 51.8176 12.2390 2.6000
    endloop
  endfacet
  facet normal -0.954957 0.296743 0
    outer loop
      vertex 51.5288 15.2531 2.0000
      vertex 51.5288 15.2531 2.6000
      vertex 51.5641 15.3667 2.6000
    endloop
  endfacet
  facet normal -0.954957 0.296743 0
    outer loop
      vertex 51.5288 15.2531 2.0000
      vertex 51.5641 15.3667 2.6000
      vertex 51.5641 15.3667 2.0000
    endloop
  endfacet
  facet normal 0 0 1
    outer loop
      vertex 51.5288 15.2531 2.6000
      vertex 51.9962 15.0460 2.6000
      vertex 52.0225 15.0993 2.6000
    endloop
  endfacet
  facet normal 0 0 1
    outer loop
      vertex 51.5288 15.2531 2.6000
      vertex 52.0225 15.0993 2.6000
      vertex 51.5641 15.3667 2.6000
    endloop
  endfacet
  facet normal -0.920053 -0.391793 0
    outer loop
      vertex 51.5463 14.7134 2.0000
      vertex 51.5819 14.6298 2.0000
      vertex 51.5463 14.7134 2.6000
    endloop
  endfacet
  facet normal -0.920053 -0.391793 0
    outer loop
      vertex 51.5463 14.7134 2.6000
      vertex 51.5819 14.6298 2.0000
      vertex 51.5819 14.6298 2.6000
    endloop
  endfacet
  facet normal 0 0 1
    outer loop
      vertex 51.5463 14.7134 2.6000
      vertex 51.5819 14.6298 2.6000
      vertex 51.9675 14.7774 2.6000
    endloop
  endfacet
  facet normal 0 0 1
    outer loop
      vertex 51.5463 14.7134 2.6000
      vertex 51.9675 14.7774 2.6000
      vertex 51.9623 14.8543 2.6000
    endloop
  endfacet
  facet normal 0.327054 0.945006 0
    outer loop
      vertex 51.5484 12.3736 2.0000
      vertex 51.5484 12.3736 2.6000
      vertex 51.6059 12.3537 2.0000
    endloop
  endfacet
  facet normal 0 0 1
    outer loop
      vertex 51.5484 12.3736 2.0000
      vertex 51.6059 12.3537 2.0000
      vertex 52.1474 13.9083 2.0000
    endloop
  endfacet
  facet normal 0.327054 0.945006 0
    outer loop
      vertex 51.5484 12.3736 2.6000
      vertex 51.6059 12.3537 2.6000
      vertex 51.6059 12.3537 2.0000
    endloop
  endfacet
  facet normal -0.903579 0.428421 0
    outer loop
      vertex 51.5641 15.3667 2.0000
      vertex 51.5641 15.3667 2.6000
      vertex 51.6136 15.4711 2.6000
    endloop
  endfacet
  facet normal -0.903579 0.428421 0
    outer loop
      vertex 51.5641 15.3667 2.0000
      vertex 51.6136 15.4711 2.6000
      vertex 51.6136 15.4711 2.0000
    endloop
  endfacet
  facet normal 0 0 1
    outer loop
      vertex 51.5641 15.3667 2.6000
      vertex 52.0225 15.0993 2.6000
      vertex 52.0563 15.1473 2.6000
    endloop
  endfacet
  facet normal 0 0 1
    outer loop
      vertex 51.5641 15.3667 2.6000
      vertex 52.0563 15.1473 2.6000
      vertex 51.6136 15.4711 2.6000
    endloop
  endfacet
  facet normal -0.573879 -0.81894 0
    outer loop
      vertex 51.5800 11.7450 2.0000
      vertex 51.6328 11.7080 2.0000
      vertex 51.6328 11.7080 2.6000
    endloop
  endfacet
  facet normal -0.573879 -0.81894 0
    outer loop
      vertex 51.5800 11.7450 2.0000
      vertex 51.6328 11.7080 2.6000
      vertex 51.5800 11.7450 2.6000
    endloop
  endfacet
  facet normal 0 0 1
    outer loop
      vertex 51.5800 11.7450 2.6000
      vertex 51.6328 11.7080 2.6000
      vertex 51.9148 12.1662 2.6000
    endloop
  endfacet
  facet normal 0 0 1
    outer loop
      vertex 51.5800 11.7450 2.6000
      vertex 51.9148 12.1662 2.6000
      vertex 51.8669 12.2038 2.6000
    endloop
  endfacet
  facet normal -0.861763 -0.507311 0
    outer loop
      vertex 51.5819 14.6298 2.0000
      vertex 51.6277 14.5520 2.0000
      vertex 51.5819 14.6298 2.6000
    endloop
  endfacet
  facet normal -0.861763 -0.507311 0
    outer loop
      vertex 51.5819 14.6298 2.6000
      vertex 51.6277 14.5520 2.0000
      vertex 51.6277 14.5520 2.6000
    endloop
  endfacet
  facet normal 0 0 1
    outer loop
      vertex 51.5819 14.6298 2.6000
      vertex 51.6277 14.5520 2.6000
      vertex 51.9829 14.7053 2.6000
    endloop
  endfacet
  facet normal 0 0 1
    outer loop
      vertex 51.5819 14.6298 2.6000
      vertex 51.9829 14.7053 2.6000
      vertex 51.9675 14.7774 2.6000
    endloop
  endfacet
  facet normal 0.400906 0.916119 0
    outer loop
      vertex 51.6059 12.3537 2.0000
      vertex 51.6059 12.3537 2.6000
      vertex 51.6612 12.3295 2.0000
    endloop
  endfacet
  facet normal 0 0 1
    outer loop
      vertex 51.6059 12.3537 2.0000
      vertex 51.6612 12.3295 2.0000
      vertex 52.1474 13.9083 2.0000
    endloop
  endfacet
  facet normal 0.400906 0.916119 0
    outer loop
      vertex 51.6059 12.3537 2.6000
      vertex 51.6612 12.3295 2.6000
      vertex 51.6612 12.3295 2.0000
    endloop
  endfacet
  facet normal -0.832453 0.554096 0
    outer loop
      vertex 51.6136 15.4711 2.0000
      vertex 51.6136 15.4711 2.6000
      vertex 51.6771 15.5665 2.6000
    endloop
  endfacet
  facet normal -0.832453 0.554096 0
    outer loop
      vertex 51.6136 15.4711 2.0000
      vertex 51.6771 15.5665 2.6000
      vertex 51.6771 15.5665 2.0000
    endloop
  endfacet
  facet normal 0 0 1
    outer loop
      vertex 51.6136 15.4711 2.6000
      vertex 52.0563 15.1473 2.6000
      vertex 51.6771 15.5665 2.6000
    endloop
  endfacet
  facet normal -0.789884 -0.613257 0
    outer loop
      vertex 51.6277 14.5520 2.0000
      vertex 51.6836 14.4800 2.0000
      vertex 51.6277 14.5520 2.6000
    endloop
  endfacet
  facet normal -0.789884 -0.613257 0
    outer loop
      vertex 51.6277 14.5520 2.6000
      vertex 51.6836 14.4800 2.0000
      vertex 51.6836 14.4800 2.6000
    endloop
  endfacet
  facet normal 0 0 1
    outer loop
      vertex 51.6277 14.5520 2.6000
      vertex 51.6836 14.4800 2.6000
      vertex 51.9829 14.7053 2.6000
    endloop
  endfacet
  facet normal -0.635217 -0.772334 0
    outer loop
      vertex 51.6328 11.7080 2.0000
      vertex 51.6880 11.6626 2.0000
      vertex 51.6880 11.6626 2.6000
    endloop
  endfacet
  facet normal -0.635217 -0.772334 0
    outer loop
      vertex 51.6328 11.7080 2.0000
      vertex 51.6880 11.6626 2.6000
      vertex 51.6328 11.7080 2.6000
    endloop
  endfacet
  facet normal 0 0 1
    outer loop
      vertex 51.6328 11.7080 2.6000
      vertex 51.6880 11.6626 2.6000
      vertex 52.0066 12.0839 2.6000
    endloop
  endfacet
  facet normal 0 0 1
    outer loop
      vertex 51.6328 11.7080 2.6000
      vertex 51.9613 12.1261 2.6000
      vertex 51.9148 12.1662 2.6000
    endloop
  endfacet
  facet normal 0 0 1
    outer loop
      vertex 51.6328 11.7080 2.6000
      vertex 52.0066 12.0839 2.6000
      vertex 51.9613 12.1261 2.6000
    endloop
  endfacet
  facet normal 0.459107 0.888381 0
    outer loop
      vertex 51.6612 12.3295 2.0000
      vertex 51.6612 12.3295 2.6000
      vertex 51.7148 12.3018 2.0000
    endloop
  endfacet
  facet normal 0 0 1
    outer loop
      vertex 51.6612 12.3295 2.0000
      vertex 51.7148 12.3018 2.0000
      vertex 52.7801 12.8490 2.0000
    endloop
  endfacet
  facet normal 0 0 1
    outer loop
      vertex 51.6612 12.3295 2.0000
      vertex 52.7801 12.8490 2.0000
      vertex 52.1474 13.9083 2.0000
    endloop
  endfacet
  facet normal 0.459107 0.888381 0
    outer loop
      vertex 51.6612 12.3295 2.6000
      vertex 51.7148 12.3018 2.6000
      vertex 51.7148 12.3018 2.0000
    endloop
  endfacet
  facet normal -0.743166 0.669107 0
    outer loop
      vertex 51.6771 15.5665 2.0000
      vertex 51.6771 15.5665 2.6000
      vertex 51.7548 15.6528 2.6000
    endloop
  endfacet
  facet normal -0.743166 0.669107 0
    outer loop
      vertex 51.6771 15.5665 2.0000
      vertex 51.7548 15.6528 2.6000
      vertex 51.7548 15.6528 2.0000
    endloop
  endfacet
  facet normal 0 0 1
    outer loop
      vertex 51.6771 15.5665 2.6000
      vertex 52.0563 15.1473 2.6000
      vertex 52.0976 15.1900 2.6000
    endloop
  endfacet
  facet normal 0 0 1
    outer loop
      vertex 51.6771 15.5665 2.6000
      vertex 52.0976 15.1900 2.6000
      vertex 51.7548 15.6528 2.6000
    endloop
  endfacet
  facet normal 0 0 1
    outer loop
      vertex 51.6836 14.4800 2.6000
      vertex 52.0086 14.6381 2.6000
      vertex 51.9829 14.7053 2.6000
    endloop
  endfacet
  facet normal 0 0 1
    outer loop
      vertex 51.6836 14.4800 2.6000
      vertex 52.0446 14.5758 2.6000
      vertex 52.0086 14.6381 2.6000
    endloop
  endfacet
  facet normal 0 0 1
    outer loop
      vertex 51.6836 14.4800 2.6000
      vertex 52.0909 14.5183 2.6000
      vertex 52.0446 14.5758 2.6000
    endloop
  endfacet
  facet normal 0 0 1
    outer loop
      vertex 51.6836 14.4800 2.6000
      vertex 52.1474 13.9083 2.6000
      vertex 52.1474 14.4657 2.6000
    endloop
  endfacet
  facet normal 0 0 1
    outer loop
      vertex 51.6836 14.4800 2.6000
      vertex 52.1474 14.4657 2.6000
      vertex 52.0909 14.5183 2.6000
    endloop
  endfacet
  facet normal -0.67772 -0.73532 0
    outer loop
      vertex 51.6880 11.6626 2.0000
      vertex 51.7480 11.6073 2.0000
      vertex 51.7480 11.6073 2.6000
    endloop
  endfacet
  facet normal -0.67772 -0.73532 0
    outer loop
      vertex 51.6880 11.6626 2.0000
      vertex 51.7480 11.6073 2.6000
      vertex 51.6880 11.6626 2.6000
    endloop
  endfacet
  facet normal 0 0 1
    outer loop
      vertex 51.6880 11.6626 2.6000
      vertex 51.7480 11.6073 2.6000
      vertex 52.0943 11.9951 2.6000
    endloop
  endfacet
  facet normal 0 0 1
    outer loop
      vertex 51.6880 11.6626 2.6000
      vertex 52.0509 12.0403 2.6000
      vertex 52.0066 12.0839 2.6000
    endloop
  endfacet
  facet normal 0 0 1
    outer loop
      vertex 51.6880 11.6626 2.6000
      vertex 52.0943 11.9951 2.6000
      vertex 52.0509 12.0403 2.6000
    endloop
  endfacet
  facet normal 0.501494 0.865161 0
    outer loop
      vertex 51.7148 12.3018 2.0000
      vertex 51.7148 12.3018 2.6000
      vertex 51.7669 12.2716 2.0000
    endloop
  endfacet
  facet normal 0 0 1
    outer loop
      vertex 51.7148 12.3018 2.0000
      vertex 51.7669 12.2716 2.0000
      vertex 52.7801 12.8490 2.0000
    endloop
  endfacet
  facet normal 0.501494 0.865161 0
    outer loop
      vertex 51.7148 12.3018 2.6000
      vertex 51.7669 12.2716 2.6000
      vertex 51.7669 12.2716 2.0000
    endloop
  endfacet
  facet normal -0.710358 -0.703841 0
    outer loop
      vertex 51.7480 11.6073 2.0000
      vertex 51.8128 11.5419 2.0000
      vertex 51.7480 11.6073 2.6000
    endloop
  endfacet
  facet normal -0.710358 -0.703841 0
    outer loop
      vertex 51.7480 11.6073 2.6000
      vertex 51.8128 11.5419 2.0000
      vertex 51.8128 11.5419 2.6000
    endloop
  endfacet
  facet normal 0 0 1
    outer loop
      vertex 51.7480 11.6073 2.6000
      vertex 51.8128 11.5419 2.6000
      vertex 52.1367 11.9484 2.6000
    endloop
  endfacet
  facet normal 0 0 1
    outer loop
      vertex 51.7480 11.6073 2.6000
      vertex 52.1367 11.9484 2.6000
      vertex 52.0943 11.9951 2.6000
    endloop
  endfacet
  facet normal -0.6401 0.768291 0
    outer loop
      vertex 51.7548 15.6528 2.0000
      vertex 51.7548 15.6528 2.6000
      vertex 51.8447 15.7277 2.0000
    endloop
  endfacet
  facet normal -0.6401 0.768291 0
    outer loop
      vertex 51.7548 15.6528 2.6000
      vertex 51.8447 15.7277 2.6000
      vertex 51.8447 15.7277 2.0000
    endloop
  endfacet
  facet normal 0 0 1
    outer loop
      vertex 51.7548 15.6528 2.6000
      vertex 52.0976 15.1900 2.6000
      vertex 52.1452 15.2266 2.6000
    endloop
  endfacet
  facet normal 0 0 1
    outer loop
      vertex 51.7548 15.6528 2.6000
      vertex 52.1452 15.2266 2.6000
      vertex 51.8447 15.7277 2.6000
    endloop
  endfacet
  facet normal 0.540841 0.841125 0
    outer loop
      vertex 51.7669 12.2716 2.0000
      vertex 51.7669 12.2716 2.6000
      vertex 51.8176 12.2390 2.0000
    endloop
  endfacet
  facet normal 0 0 1
    outer loop
      vertex 51.7669 12.2716 2.0000
      vertex 51.8176 12.2390 2.0000
      vertex 52.7801 12.8490 2.0000
    endloop
  endfacet
  facet normal 0.540841 0.841125 0
    outer loop
      vertex 51.7669 12.2716 2.6000
      vertex 51.8176 12.2390 2.6000
      vertex 51.8176 12.2390 2.0000
    endloop
  endfacet
  facet normal -0.734841 -0.67824 0
    outer loop
      vertex 51.8128 11.5419 2.0000
      vertex 51.8823 11.4666 2.0000
      vertex 51.8128 11.5419 2.6000
    endloop
  endfacet
  facet normal -0.734841 -0.67824 0
    outer loop
      vertex 51.8128 11.5419 2.6000
      vertex 51.8823 11.4666 2.0000
      vertex 51.8823 11.4666 2.6000
    endloop
  endfacet
  facet normal 0 0 1
    outer loop
      vertex 51.8128 11.5419 2.6000
      vertex 51.8823 11.4666 2.6000
      vertex 52.2186 11.8504 2.6000
    endloop
  endfacet
  facet normal 0 0 1
    outer loop
      vertex 51.8128 11.5419 2.6000
      vertex 52.1782 11.9001 2.6000
      vertex 52.1367 11.9484 2.6000
    endloop
  endfacet
  facet normal 0 0 1
    outer loop
      vertex 51.8128 11.5419 2.6000
      vertex 52.2186 11.8504 2.6000
      vertex 52.1782 11.9001 2.6000
    endloop
  endfacet
  facet normal 0.581082 0.813845 0
    outer loop
      vertex 51.8176 12.2390 2.0000
      vertex 51.8176 12.2390 2.6000
      vertex 51.8669 12.2038 2.0000
    endloop
  endfacet
  facet normal 0 0 1
    outer loop
      vertex 51.8176 12.2390 2.0000
      vertex 51.8669 12.2038 2.0000
      vertex 52.7801 12.8490 2.0000
    endloop
  endfacet
  facet normal 0.581082 0.813845 0
    outer loop
      vertex 51.8176 12.2390 2.6000
      vertex 51.8669 12.2038 2.6000
      vertex 51.8669 12.2038 2.0000
    endloop
  endfacet
  facet normal -0.522622 0.852564 0
    outer loop
      vertex 51.8447 15.7277 2.0000
      vertex 51.8447 15.7277 2.6000
      vertex 51.9447 15.7890 2.0000
    endloop
  endfacet
  facet normal -0.522622 0.852564 0
    outer loop
      vertex 51.8447 15.7277 2.6000
      vertex 51.9447 15.7890 2.6000
      vertex 51.9447 15.7890 2.0000
    endloop
  endfacet
  facet normal 0 0 1
    outer loop
      vertex 51.8447 15.7277 2.6000
      vertex 52.1452 15.2266 2.6000
      vertex 52.1979 15.2566 2.6000
    endloop
  endfacet
  facet normal 0 0 1
    outer loop
      vertex 51.8447 15.7277 2.6000
      vertex 52.1979 15.2566 2.6000
      vertex 51.9447 15.7890 2.6000
    endloop
  endfacet
  facet normal 0.617459 0.786603 0
    outer loop
      vertex 51.8669 12.2038 2.0000
      vertex 51.8669 12.2038 2.6000
      vertex 51.9148 12.1662 2.0000
    endloop
  endfacet
  facet normal 0 0 1
    outer loop
      vertex 51.8669 12.2038 2.0000
      vertex 51.9148 12.1662 2.0000
      vertex 52.7801 12.8490 2.0000
    endloop
  endfacet
  facet normal 0.617459 0.786603 0
    outer loop
      vertex 51.8669 12.2038 2.6000
      vertex 51.9148 12.1662 2.6000
      vertex 51.9148 12.1662 2.0000
    endloop
  endfacet
  facet normal -0.754434 -0.656376 0
    outer loop
      vertex 51.8823 11.4666 2.0000
      vertex 51.9566 11.3812 2.0000
      vertex 51.8823 11.4666 2.6000
    endloop
  endfacet
  facet normal -0.754434 -0.656376 0
    outer loop
      vertex 51.8823 11.4666 2.6000
      vertex 51.9566 11.3812 2.0000
      vertex 51.9566 11.3812 2.6000
    endloop
  endfacet
  facet normal 0 0 1
    outer loop
      vertex 51.8823 11.4666 2.6000
      vertex 51.9566 11.3812 2.6000
      vertex 52.2980 11.7504 2.6000
    endloop
  endfacet
  facet normal 0 0 1
    outer loop
      vertex 51.8823 11.4666 2.6000
      vertex 52.2585 11.8001 2.6000
      vertex 52.2186 11.8504 2.6000
    endloop
  endfacet
  facet normal 0 0 1
    outer loop
      vertex 51.8823 11.4666 2.6000
      vertex 52.2980 11.7504 2.6000
      vertex 52.2585 11.8001 2.6000
    endloop
  endfacet
  facet normal 0.653068 0.757299 0
    outer loop
      vertex 51.9148 12.1662 2.0000
      vertex 51.9148 12.1662 2.6000
      vertex 51.9613 12.1261 2.0000
    endloop
  endfacet
  facet normal 0 0 1
    outer loop
      vertex 51.9148 12.1662 2.0000
      vertex 51.9613 12.1261 2.0000
      vertex 52.7801 12.8490 2.0000
    endloop
  endfacet
  facet normal 0.653068 0.757299 0
    outer loop
      vertex 51.9148 12.1662 2.6000
      vertex 51.9613 12.1261 2.6000
      vertex 51.9613 12.1261 2.0000
    endloop
  endfacet
  facet normal -0.396532 0.918021 0
    outer loop
      vertex 51.9447 15.7890 2.0000
      vertex 51.9447 15.7890 2.6000
      vertex 52.0549 15.8366 2.0000
    endloop
  endfacet
  facet normal -0.396532 0.918021 0
    outer loop
      vertex 51.9447 15.7890 2.6000
      vertex 52.0549 15.8366 2.6000
      vertex 52.0549 15.8366 2.0000
    endloop
  endfacet
  facet normal 0 0 1
    outer loop
      vertex 51.9447 15.7890 2.6000
      vertex 52.1979 15.2566 2.6000
      vertex 52.0549 15.8366 2.6000
    endloop
  endfacet
  facet normal -0.769874 -0.638196 0
    outer loop
      vertex 51.9566 11.3812 2.0000
      vertex 52.0356 11.2859 2.0000
      vertex 51.9566 11.3812 2.6000
    endloop
  endfacet
  facet normal -0.769874 -0.638196 0
    outer loop
      vertex 51.9566 11.3812 2.6000
      vertex 52.0356 11.2859 2.0000
      vertex 52.0356 11.2859 2.6000
    endloop
  endfacet
  facet normal 0 0 1
    outer loop
      vertex 51.9566 11.3812 2.6000
      vertex 52.0356 11.2859 2.6000
      vertex 52.3760 11.6524 2.6000
    endloop
  endfacet
  facet normal 0 0 1
    outer loop
      vertex 51.9566 11.3812 2.6000
      vertex 52.3760 11.6524 2.6000
      vertex 52.2980 11.7504 2.6000
    endloop
  endfacet
  facet normal 0.681627 0.731699 0
    outer loop
      vertex 51.9613 12.1261 2.0000
      vertex 51.9613 12.1261 2.6000
      vertex 52.0066 12.0839 2.0000
    endloop
  endfacet
  facet normal 0 0 1
    outer loop
      vertex 51.9613 12.1261 2.0000
      vertex 52.0066 12.0839 2.0000
      vertex 52.7801 12.8490 2.0000
    endloop
  endfacet
  facet normal 0.681627 0.731699 0
    outer loop
      vertex 51.9613 12.1261 2.6000
      vertex 52.0066 12.0839 2.6000
      vertex 52.0066 12.0839 2.0000
    endloop
  endfacet
  facet normal 0.997722 0.067466 0
    outer loop
      vertex 51.9623 14.8543 2.0000
      vertex 51.9623 14.8543 2.6000
      vertex 51.9675 14.7774 2.6000
    endloop
  endfacet
  facet normal 0.998496 -0.054831 0
    outer loop
      vertex 51.9623 14.8543 2.0000
      vertex 51.9661 14.9235 2.0000
      vertex 51.9623 14.8543 2.6000
    endloop
  endfacet
  facet normal 0 0 1
    outer loop
      vertex 51.9623 14.8543 2.0000
      vertex 51.9675 14.7774 2.0000
      vertex 52.3860 15.3067 2.0000
    endloop
  endfacet
  facet normal 0.997722 0.067466 0
    outer loop
      vertex 51.9623 14.8543 2.0000
      vertex 51.9675 14.7774 2.6000
      vertex 51.9675 14.7774 2.0000
    endloop
  endfacet
  facet normal 0 0 1
    outer loop
      vertex 51.9623 14.8543 2.0000
      vertex 52.2555 15.2800 2.0000
      vertex 51.9661 14.9235 2.0000
    endloop
  endfacet
  facet normal 0 0 1
    outer loop
      vertex 51.9623 14.8543 2.0000
      vertex 52.3182 15.2966 2.0000
      vertex 52.2555 15.2800 2.0000
    endloop
  endfacet
  facet normal 0 0 1
    outer loop
      vertex 51.9623 14.8543 2.0000
      vertex 52.3860 15.3067 2.0000
      vertex 52.3182 15.2966 2.0000
    endloop
  endfacet
  facet normal 0.998496 -0.054831 0
    outer loop
      vertex 51.9623 14.8543 2.6000
      vertex 51.9661 14.9235 2.0000
      vertex 51.9661 14.9235 2.6000
    endloop
  endfacet
  facet normal 0.984721 -0.174137 0
    outer loop
      vertex 51.9661 14.9235 2.0000
      vertex 51.9774 14.9874 2.0000
      vertex 51.9661 14.9235 2.6000
    endloop
  endfacet
  facet normal 0 0 1
    outer loop
      vertex 51.9661 14.9235 2.0000
      vertex 52.1452 15.2266 2.0000
      vertex 51.9774 14.9874 2.0000
    endloop
  endfacet
  facet normal 0 0 1
    outer loop
      vertex 51.9661 14.9235 2.0000
      vertex 52.1979 15.2566 2.0000
      vertex 52.1452 15.2266 2.0000
    endloop
  endfacet
  facet normal 0 0 1
    outer loop
      vertex 51.9661 14.9235 2.0000
      vertex 52.2555 15.2800 2.0000
      vertex 52.1979 15.2566 2.0000
    endloop
  endfacet
  facet normal 0.984721 -0.174137 0
    outer loop
      vertex 51.9661 14.9235 2.6000
      vertex 51.9774 14.9874 2.0000
      vertex 51.9774 14.9874 2.6000
    endloop
  endfacet
  facet normal 0.977941 0.208881 0
    outer loop
      vertex 51.9675 14.7774 2.0000
      vertex 51.9675 14.7774 2.6000
      vertex 51.9829 14.7053 2.6000
    endloop
  endfacet
  facet normal 0 0 1
    outer loop
      vertex 51.9675 14.7774 2.0000
      vertex 51.9829 14.7053 2.0000
      vertex 52.0086 14.6381 2.0000
    endloop
  endfacet
  facet normal 0.977941 0.208881 0
    outer loop
      vertex 51.9675 14.7774 2.0000
      vertex 51.9829 14.7053 2.6000
      vertex 51.9829 14.7053 2.0000
    endloop
  endfacet
  facet normal 0 0 1
    outer loop
      vertex 51.9675 14.7774 2.0000
      vertex 52.0086 14.6381 2.0000
      vertex 52.0446 14.5758 2.0000
    endloop
  endfacet
  facet normal 0 0 1
    outer loop
      vertex 51.9675 14.7774 2.0000
      vertex 52.0446 14.5758 2.0000
      vertex 52.0909 14.5183 2.0000
    endloop
  endfacet
  facet normal 0 0 1
    outer loop
      vertex 51.9675 14.7774 2.0000
      vertex 52.0909 14.5183 2.0000
      vertex 52.3860 15.3067 2.0000
    endloop
  endfacet
  facet normal 0.952197 -0.305483 0
    outer loop
      vertex 51.9774 14.9874 2.0000
      vertex 51.9962 15.0460 2.0000
      vertex 51.9774 14.9874 2.6000
    endloop
  endfacet
  facet normal 0 0 1
    outer loop
      vertex 51.9774 14.9874 2.0000
      vertex 52.0225 15.0993 2.0000
      vertex 51.9962 15.0460 2.0000
    endloop
  endfacet
  facet normal 0 0 1
    outer loop
      vertex 51.9774 14.9874 2.0000
      vertex 52.0563 15.1473 2.0000
      vertex 52.0225 15.0993 2.0000
    endloop
  endfacet
  facet normal 0 0 1
    outer loop
      vertex 51.9774 14.9874 2.0000
      vertex 52.0976 15.1900 2.0000
      vertex 52.0563 15.1473 2.0000
    endloop
  endfacet
  facet normal 0 0 1
    outer loop
      vertex 51.9774 14.9874 2.0000
      vertex 52.1452 15.2266 2.0000
      vertex 52.0976 15.1900 2.0000
    endloop
  endfacet
  facet normal 0.952197 -0.305483 0
    outer loop
      vertex 51.9774 14.9874 2.6000
      vertex 51.9962 15.0460 2.0000
      vertex 51.9962 15.0460 2.6000
    endloop
  endfacet
  facet normal 0.934025 0.357209 0
    outer loop
      vertex 51.9829 14.7053 2.0000
      vertex 51.9829 14.7053 2.6000
      vertex 52.0086 14.6381 2.6000
    endloop
  endfacet
  facet normal 0.934025 0.357209 0
    outer loop
      vertex 51.9829 14.7053 2.0000
      vertex 52.0086 14.6381 2.6000
      vertex 52.0086 14.6381 2.0000
    endloop
  endfacet
  facet normal 0.89677 -0.442496 0
    outer loop
      vertex 51.9962 15.0460 2.0000
      vertex 52.0225 15.0993 2.0000
      vertex 51.9962 15.0460 2.6000
    endloop
  endfacet
  facet normal 0.89677 -0.442496 0
    outer loop
      vertex 51.9962 15.0460 2.6000
      vertex 52.0225 15.0993 2.0000
      vertex 52.0225 15.0993 2.6000
    endloop
  endfacet
  facet normal 1 0 0
    outer loop
      vertex 52.0000 3.0000 2.0000
      vertex 52.0000 4.1000 2.0000
      vertex 52.0000 3.0000 2.0100
    endloop
  endfacet
  facet normal 0 0 1
    outer loop
      vertex 52.0000 3.0000 2.0000
      vertex 54.0000 0.0000 2.0000
      vertex 52.0000 4.1000 2.0000
    endloop
  endfacet
  facet normal 1 0 0
    outer loop
      vertex 52.0000 3.0000 2.0100
      vertex 52.0000 4.1000 2.0000
      vertex 52.0000 4.1000 2.0100
    endloop
  endfacet
  facet normal 0 0 1
    outer loop
      vertex 52.0000 4.1000 2.0000
      vertex 53.4006 8.3027 2.0000
      vertex 52.9754 8.3027 2.0000
    endloop
  endfacet
  facet normal 0 0 1
    outer loop
      vertex 52.0000 4.1000 2.0000
      vertex 54.0000 0.0000 2.0000
      vertex 53.4006 8.3027 2.0000
    endloop
  endfacet
  facet normal 1 0 0
    outer loop
      vertex 52.0000 19.9000 2.0000
      vertex 52.0000 21.0000 2.0000
      vertex 52.0000 19.9000 2.0100
    endloop
  endfacet
  facet normal 0 0 1
    outer loop
      vertex 52.0000 19.9000 2.0000
      vertex 52.0549 15.8366 2.0000
      vertex 52.1752 15.8707 2.0000
    endloop
  endfacet
  facet normal 0 0 1
    outer loop
      vertex 52.0000 19.9000 2.0000
      vertex 52.1752 15.8707 2.0000
      vertex 52.3058 15.8911 2.0000
    endloop
  endfacet
  facet normal 0 0 1
    outer loop
      vertex 52.0000 19.9000 2.0000
      vertex 52.3058 15.8911 2.0000
      vertex 52.4465 15.8979 2.0000
    endloop
  endfacet
  facet normal 0 0 1
    outer loop
      vertex 52.0000 19.9000 2.0000
      vertex 52.4465 15.8979 2.0000
      vertex 52.5932 15.8901 2.0000
    endloop
  endfacet
  facet normal 0 0 1
    outer loop
      vertex 52.0000 19.9000 2.0000
      vertex 52.5932 15.8901 2.0000
      vertex 52.7296 15.8664 2.0000
    endloop
  endfacet
  facet normal 0 0 1
    outer loop
      vertex 52.0000 19.9000 2.0000
      vertex 52.7296 15.8664 2.0000
      vertex 52.8557 15.8270 2.0000
    endloop
  endfacet
  facet normal 0 0 1
    outer loop
      vertex 52.0000 19.9000 2.0000
      vertex 52.8557 15.8270 2.0000
      vertex 52.9714 15.7718 2.0000
    endloop
  endfacet
  facet normal 0 0 1
    outer loop
      vertex 52.0000 19.9000 2.0000
      vertex 52.9714 15.7718 2.0000
      vertex 53.0767 15.7008 2.0000
    endloop
  endfacet
  facet normal 0 0 1
    outer loop
      vertex 52.0000 19.9000 2.0000
      vertex 53.0767 15.7008 2.0000
      vertex 53.1718 15.6141 2.0000
    endloop
  endfacet
  facet normal 0 0 1
    outer loop
      vertex 52.0000 19.9000 2.0000
      vertex 53.1718 15.6141 2.0000
      vertex 53.2541 15.5137 2.0000
    endloop
  endfacet
  facet normal 0 0 1
    outer loop
      vertex 52.0000 19.9000 2.0000
      vertex 53.2541 15.5137 2.0000
      vertex 54.0000 24.0000 2.0000
    endloop
  endfacet
  facet normal 0 0 1
    outer loop
      vertex 52.0000 19.9000 2.0000
      vertex 54.0000 24.0000 2.0000
      vertex 52.0000 21.0000 2.0000
    endloop
  endfacet
  facet normal 1 0 0
    outer loop
      vertex 52.0000 19.9000 2.0100
      vertex 52.0000 21.0000 2.0000
      vertex 52.0000 21.0000 2.0100
    endloop
  endfacet
  facet normal 0.701453 0.712715 0
    outer loop
      vertex 52.0066 12.0839 2.0000
      vertex 52.0066 12.0839 2.6000
      vertex 52.0509 12.0403 2.0000
    endloop
  endfacet
  facet normal 0 0 1
    outer loop
      vertex 52.0066 12.0839 2.0000
      vertex 52.0509 12.0403 2.0000
      vertex 52.9307 12.4536 2.0000
    endloop
  endfacet
  facet normal 0 0 1
    outer loop
      vertex 52.0066 12.0839 2.0000
      vertex 52.9307 12.4536 2.0000
      vertex 52.7801 12.8490 2.0000
    endloop
  endfacet
  facet normal 0.701453 0.712715 0
    outer loop
      vertex 52.0066 12.0839 2.6000
      vertex 52.0509 12.0403 2.6000
      vertex 52.0509 12.0403 2.0000
    endloop
  endfacet
  facet normal 0.865838 0.500324 0
    outer loop
      vertex 52.0086 14.6381 2.0000
      vertex 52.0086 14.6381 2.6000
      vertex 52.0446 14.5758 2.6000
    endloop
  endfacet
  facet normal 0.865838 0.500324 0
    outer loop
      vertex 52.0086 14.6381 2.0000
      vertex 52.0446 14.5758 2.6000
      vertex 52.0446 14.5758 2.0000
    endloop
  endfacet
  facet normal 0.817628 -0.575747 0
    outer loop
      vertex 52.0225 15.0993 2.0000
      vertex 52.0563 15.1473 2.0000
      vertex 52.0225 15.0993 2.6000
    endloop
  endfacet
  facet normal 0.817628 -0.575747 0
    outer loop
      vertex 52.0225 15.0993 2.6000
      vertex 52.0563 15.1473 2.0000
      vertex 52.0563 15.1473 2.6000
    endloop
  endfacet
  facet normal -0.769649 -0.638467 0
    outer loop
      vertex 52.0356 11.2859 2.0000
      vertex 52.1198 11.1844 2.0000
      vertex 52.0356 11.2859 2.6000
    endloop
  endfacet
  facet normal -0.769649 -0.638467 0
    outer loop
      vertex 52.0356 11.2859 2.6000
      vertex 52.1198 11.1844 2.0000
      vertex 52.1198 11.1844 2.6000
    endloop
  endfacet
  facet normal 0 0 1
    outer loop
      vertex 52.0356 11.2859 2.6000
      vertex 52.1198 11.1844 2.6000
      vertex 52.4526 11.5564 2.6000
    endloop
  endfacet
  facet normal 0 0 1
    outer loop
      vertex 52.0356 11.2859 2.6000
      vertex 52.4145 11.6041 2.6000
      vertex 52.3760 11.6524 2.6000
    endloop
  endfacet
  facet normal 0 0 1
    outer loop
      vertex 52.0356 11.2859 2.6000
      vertex 52.4526 11.5564 2.6000
      vertex 52.4145 11.6041 2.6000
    endloop
  endfacet
  facet normal 0.778883 0.62717 0
    outer loop
      vertex 52.0446 14.5758 2.0000
      vertex 52.0446 14.5758 2.6000
      vertex 52.0909 14.5183 2.6000
    endloop
  endfacet
  facet normal 0.778883 0.62717 0
    outer loop
      vertex 52.0446 14.5758 2.0000
      vertex 52.0909 14.5183 2.6000
      vertex 52.0909 14.5183 2.0000
    endloop
  endfacet
  facet normal 0.721324 0.692598 0
    outer loop
      vertex 52.0509 12.0403 2.0000
      vertex 52.0509 12.0403 2.6000
      vertex 52.0943 11.9951 2.6000
    endloop
  endfacet
  facet normal 0 0 1
    outer loop
      vertex 52.0509 12.0403 2.0000
      vertex 52.0943 11.9951 2.0000
      vertex 52.9307 12.4536 2.0000
    endloop
  endfacet
  facet normal 0.721324 0.692598 0
    outer loop
      vertex 52.0509 12.0403 2.0000
      vertex 52.0943 11.9951 2.6000
      vertex 52.0943 11.9951 2.0000
    endloop
  endfacet
  facet normal -0.272714 0.962095 0
    outer loop
      vertex 52.0549 15.8366 2.0000
      vertex 52.0549 15.8366 2.6000
      vertex 52.1752 15.8707 2.0000
    endloop
  endfacet
  facet normal -0.272714 0.962095 0
    outer loop
      vertex 52.0549 15.8366 2.6000
      vertex 52.1752 15.8707 2.6000
      vertex 52.1752 15.8707 2.0000
    endloop
  endfacet
  facet normal 0 0 1
    outer loop
      vertex 52.0549 15.8366 2.6000
      vertex 52.1979 15.2566 2.6000
      vertex 52.2555 15.2800 2.6000
    endloop
  endfacet
  facet normal 0 0 1
    outer loop
      vertex 52.0549 15.8366 2.6000
      vertex 52.2555 15.2800 2.6000
      vertex 52.1752 15.8707 2.6000
    endloop
  endfacet
  facet normal 0.718792 -0.695225 0
    outer loop
      vertex 52.0563 15.1473 2.0000
      vertex 52.0976 15.1900 2.0000
      vertex 52.0563 15.1473 2.6000
    endloop
  endfacet
  facet normal 0.718792 -0.695225 0
    outer loop
      vertex 52.0563 15.1473 2.6000
      vertex 52.0976 15.1900 2.0000
      vertex 52.0976 15.1900 2.6000
    endloop
  endfacet
  facet normal 0.681395 0.731916 0
    outer loop
      vertex 52.0909 14.5183 2.0000
      vertex 52.0909 14.5183 2.6000
      vertex 52.1474 14.4657 2.0000
    endloop
  endfacet
  facet normal 0 0 1
    outer loop
      vertex 52.0909 14.5183 2.0000
      vertex 52.1474 14.4657 2.0000
      vertex 52.3860 15.3067 2.0000
    endloop
  endfacet
  facet normal 0.681395 0.731916 0
    outer loop
      vertex 52.0909 14.5183 2.6000
      vertex 52.1474 14.4657 2.6000
      vertex 52.1474 14.4657 2.0000
    endloop
  endfacet
  facet normal 0.74037 0.672199 0
    outer loop
      vertex 52.0943 11.9951 2.0000
      vertex 52.0943 11.9951 2.6000
      vertex 52.1367 11.9484 2.6000
    endloop
  endfacet
  facet normal 0 0 1
    outer loop
      vertex 52.0943 11.9951 2.0000
      vertex 52.1367 11.9484 2.0000
      vertex 52.9307 12.4536 2.0000
    endloop
  endfacet
  facet normal 0.74037 0.672199 0
    outer loop
      vertex 52.0943 11.9951 2.0000
      vertex 52.1367 11.9484 2.6000
      vertex 52.1367 11.9484 2.0000
    endloop
  endfacet
  facet normal 0.60955 -0.792748 0
    outer loop
      vertex 52.0976 15.1900 2.0000
      vertex 52.1452 15.2266 2.0000
      vertex 52.1452 15.2266 2.6000
    endloop
  endfacet
  facet normal 0.60955 -0.792748 0
    outer loop
      vertex 52.0976 15.1900 2.0000
      vertex 52.1452 15.2266 2.6000
      vertex 52.0976 15.1900 2.6000
    endloop
  endfacet
  facet normal -0.754776 -0.655983 0
    outer loop
      vertex 52.1198 11.1844 2.0000
      vertex 52.2028 11.0889 2.0000
      vertex 52.1198 11.1844 2.6000
    endloop
  endfacet
  facet normal -0.754776 -0.655983 0
    outer loop
      vertex 52.1198 11.1844 2.6000
      vertex 52.2028 11.0889 2.0000
      vertex 52.2028 11.0889 2.6000
    endloop
  endfacet
  facet normal 0 0 1
    outer loop
      vertex 52.1198 11.1844 2.6000
      vertex 52.2028 11.0889 2.6000
      vertex 52.5288 11.4643 2.6000
    endloop
  endfacet
  facet normal 0 0 1
    outer loop
      vertex 52.1198 11.1844 2.6000
      vertex 52.4906 11.5097 2.6000
      vertex 52.4526 11.5564 2.6000
    endloop
  endfacet
  facet normal 0 0 1
    outer loop
      vertex 52.1198 11.1844 2.6000
      vertex 52.5288 11.4643 2.6000
      vertex 52.4906 11.5097 2.6000
    endloop
  endfacet
  facet normal 0.75848 0.651696 0
    outer loop
      vertex 52.1367 11.9484 2.0000
      vertex 52.1367 11.9484 2.6000
      vertex 52.1782 11.9001 2.6000
    endloop
  endfacet
  facet normal 0 0 1
    outer loop
      vertex 52.1367 11.9484 2.0000
      vertex 52.1782 11.9001 2.0000
      vertex 52.9307 12.4536 2.0000
    endloop
  endfacet
  facet normal 0.75848 0.651696 0
    outer loop
      vertex 52.1367 11.9484 2.0000
      vertex 52.1782 11.9001 2.6000
      vertex 52.1782 11.9001 2.0000
    endloop
  endfacet
  facet normal 0.494718 -0.869054 0
    outer loop
      vertex 52.1452 15.2266 2.0000
      vertex 52.1979 15.2566 2.0000
      vertex 52.1979 15.2566 2.6000
    endloop
  endfacet
  facet normal 0.494718 -0.869054 0
    outer loop
      vertex 52.1452 15.2266 2.0000
      vertex 52.1979 15.2566 2.6000
      vertex 52.1452 15.2266 2.6000
    endloop
  endfacet
  facet normal 1 0 0
    outer loop
      vertex 52.1474 13.9083 2.0000
      vertex 52.1474 14.4657 2.0000
      vertex 52.1474 13.9083 2.6000
    endloop
  endfacet
  facet normal 0 0 1
    outer loop
      vertex 52.1474 13.9083 2.0000
      vertex 52.6377 14.3966 2.0000
      vertex 52.1474 14.4657 2.0000
    endloop
  endfacet
  facet normal 0 0 1
    outer loop
      vertex 52.1474 13.9083 2.0000
      vertex 52.6845 13.8249 2.0000
      vertex 52.6377 14.3966 2.0000
    endloop
  endfacet
  facet normal 0 0 1
    outer loop
      vertex 52.1474 13.9083 2.0000
      vertex 52.7801 12.8490 2.0000
      vertex 52.7801 13.4369 2.0000
    endloop
  endfacet
  facet normal 0 0 1
    outer loop
      vertex 52.1474 13.9083 2.0000
      vertex 52.7801 13.4369 2.0000
      vertex 52.6845 13.8249 2.0000
    endloop
  endfacet
  facet normal 1 0 0
    outer loop
      vertex 52.1474 13.9083 2.6000
      vertex 52.1474 14.4657 2.0000
      vertex 52.1474 14.4657 2.6000
    endloop
  endfacet
  facet normal 0 0 1
    outer loop
      vertex 52.1474 14.4657 2.0000
      vertex 52.4587 15.3100 2.0000
      vertex 52.3860 15.3067 2.0000
    endloop
  endfacet
  facet normal 0 0 1
    outer loop
      vertex 52.1474 14.4657 2.0000
      vertex 52.6377 14.3966 2.0000
      vertex 52.4587 15.3100 2.0000
    endloop
  endfacet
  facet normal -0.154331 0.988019 0
    outer loop
      vertex 52.1752 15.8707 2.0000
      vertex 52.1752 15.8707 2.6000
      vertex 52.3058 15.8911 2.0000
    endloop
  endfacet
  facet normal 0 0 1
    outer loop
      vertex 52.1752 15.8707 2.6000
      vertex 52.2555 15.2800 2.6000
      vertex 52.3182 15.2966 2.6000
    endloop
  endfacet
  facet normal -0.154331 0.988019 0
    outer loop
      vertex 52.1752 15.8707 2.6000
      vertex 52.3058 15.8911 2.6000
      vertex 52.3058 15.8911 2.0000
    endloop
  endfacet
  facet normal 0 0 1
    outer loop
      vertex 52.1752 15.8707 2.6000
      vertex 52.3182 15.2966 2.6000
      vertex 52.3058 15.8911 2.6000
    endloop
  endfacet
  facet normal 0.775971 0.630769 0
    outer loop
      vertex 52.1782 11.9001 2.0000
      vertex 52.1782 11.9001 2.6000
      vertex 52.2186 11.8504 2.6000
    endloop
  endfacet
  facet normal 0 0 1
    outer loop
      vertex 52.1782 11.9001 2.0000
      vertex 52.2186 11.8504 2.0000
      vertex 52.9307 12.4536 2.0000
    endloop
  endfacet
  facet normal 0.775971 0.630769 0
    outer loop
      vertex 52.1782 11.9001 2.0000
      vertex 52.2186 11.8504 2.6000
      vertex 52.2186 11.8504 2.0000
    endloop
  endfacet
  facet normal 0.376377 -0.926467 0
    outer loop
      vertex 52.1979 15.2566 2.0000
      vertex 52.2555 15.2800 2.0000
      vertex 52.2555 15.2800 2.6000
    endloop
  endfacet
  facet normal 0.376377 -0.926467 0
    outer loop
      vertex 52.1979 15.2566 2.0000
      vertex 52.2555 15.2800 2.6000
      vertex 52.1979 15.2566 2.6000
    endloop
  endfacet
  facet normal -0.737701 -0.675128 0
    outer loop
      vertex 52.2028 11.0889 2.0000
      vertex 52.2848 10.9993 2.0000
      vertex 52.2028 11.0889 2.6000
    endloop
  endfacet
  facet normal -0.737701 -0.675128 0
    outer loop
      vertex 52.2028 11.0889 2.6000
      vertex 52.2848 10.9993 2.0000
      vertex 52.2848 10.9993 2.6000
    endloop
  endfacet
  facet normal 0 0 1
    outer loop
      vertex 52.2028 11.0889 2.6000
      vertex 52.2848 10.9993 2.6000
      vertex 52.6054 11.3779 2.6000
    endloop
  endfacet
  facet normal 0 0 1
    outer loop
      vertex 52.2028 11.0889 2.6000
      vertex 52.5670 11.4204 2.6000
      vertex 52.5288 11.4643 2.6000
    endloop
  endfacet
  facet normal 0 0 1
    outer loop
      vertex 52.2028 11.0889 2.6000
      vertex 52.6054 11.3779 2.6000
      vertex 52.5670 11.4204 2.6000
    endloop
  endfacet
  facet normal 0.783445 0.621461 0
    outer loop
      vertex 52.2186 11.8504 2.0000
      vertex 52.2186 11.8504 2.6000
      vertex 52.2585 11.8001 2.6000
    endloop
  endfacet
  facet normal 0 0 1
    outer loop
      vertex 52.2186 11.8504 2.0000
      vertex 52.2585 11.8001 2.0000
      vertex 52.9307 12.4536 2.0000
    endloop
  endfacet
  facet normal 0.783445 0.621461 0
    outer loop
      vertex 52.2186 11.8504 2.0000
      vertex 52.2585 11.8001 2.6000
      vertex 52.2585 11.8001 2.0000
    endloop
  endfacet
  facet normal 0.255935 -0.966694 0
    outer loop
      vertex 52.2555 15.2800 2.0000
      vertex 52.3182 15.2966 2.0000
      vertex 52.3182 15.2966 2.6000
    endloop
  endfacet
  facet normal 0.255935 -0.966694 0
    outer loop
      vertex 52.2555 15.2800 2.0000
      vertex 52.3182 15.2966 2.6000
      vertex 52.2555 15.2800 2.6000
    endloop
  endfacet
  facet normal 0.782863 0.622195 0
    outer loop
      vertex 52.2585 11.8001 2.0000
      vertex 52.2585 11.8001 2.6000
      vertex 52.2980 11.7504 2.6000
    endloop
  endfacet
  facet normal 0 0 1
    outer loop
      vertex 52.2585 11.8001 2.0000
      vertex 52.2980 11.7504 2.0000
      vertex 52.9307 12.4536 2.0000
    endloop
  endfacet
  facet normal 0.782863 0.622195 0
    outer loop
      vertex 52.2585 11.8001 2.0000
      vertex 52.2980 11.7504 2.6000
      vertex 52.2980 11.7504 2.0000
    endloop
  endfacet
  facet normal -0.719461 -0.694533 0
    outer loop
      vertex 52.2848 10.9993 2.0000
      vertex 52.3656 10.9156 2.0000
      vertex 52.2848 10.9993 2.6000
    endloop
  endfacet
  facet normal -0.719461 -0.694533 0
    outer loop
      vertex 52.2848 10.9993 2.6000
      vertex 52.3656 10.9156 2.0000
      vertex 52.3656 10.9156 2.6000
    endloop
  endfacet
  facet normal 0 0 1
    outer loop
      vertex 52.2848 10.9993 2.6000
      vertex 52.3656 10.9156 2.6000
      vertex 52.6825 11.2970 2.6000
    endloop
  endfacet
  facet normal 0 0 1
    outer loop
      vertex 52.2848 10.9993 2.6000
      vertex 52.6439 11.3367 2.6000
      vertex 52.6054 11.3779 2.6000
    endloop
  endfacet
  facet normal 0 0 1
    outer loop
      vertex 52.2848 10.9993 2.6000
      vertex 52.6825 11.2970 2.6000
      vertex 52.6439 11.3367 2.6000
    endloop
  endfacet
  facet normal 0.782424 0.622746 0
    outer loop
      vertex 52.2980 11.7504 2.0000
      vertex 52.2980 11.7504 2.6000
      vertex 52.3760 11.6524 2.6000
    endloop
  endfacet
  facet normal 0 0 1
    outer loop
      vertex 52.2980 11.7504 2.0000
      vertex 52.3760 11.6524 2.0000
      vertex 52.9307 12.4536 2.0000
    endloop
  endfacet
  facet normal 0.782424 0.622746 0
    outer loop
      vertex 52.2980 11.7504 2.0000
      vertex 52.3760 11.6524 2.6000
      vertex 52.3760 11.6524 2.0000
    endloop
  endfacet
  facet normal -0.048273 0.998834 0
    outer loop
      vertex 52.3058 15.8911 2.0000
      vertex 52.3058 15.8911 2.6000
      vertex 52.4465 15.8979 2.0000
    endloop
  endfacet
  facet normal 0 0 1
    outer loop
      vertex 52.3058 15.8911 2.6000
      vertex 52.3182 15.2966 2.6000
      vertex 52.3860 15.3067 2.6000
    endloop
  endfacet
  facet normal 0 0 1
    outer loop
      vertex 52.3058 15.8911 2.6000
      vertex 52.3860 15.3067 2.6000
      vertex 52.4465 15.8979 2.6000
    endloop
  endfacet
  facet normal -0.048273 0.998834 0
    outer loop
      vertex 52.3058 15.8911 2.6000
      vertex 52.4465 15.8979 2.6000
      vertex 52.4465 15.8979 2.0000
    endloop
  endfacet
  facet normal 0.147342 -0.989086 0
    outer loop
      vertex 52.3182 15.2966 2.0000
      vertex 52.3860 15.3067 2.0000
      vertex 52.3860 15.3067 2.6000
    endloop
  endfacet
  facet normal 0.147342 -0.989086 0
    outer loop
      vertex 52.3182 15.2966 2.0000
      vertex 52.3860 15.3067 2.6000
      vertex 52.3182 15.2966 2.6000
    endloop
  endfacet
  facet normal -0.698066 -0.716034 0
    outer loop
      vertex 52.3656 10.9156 2.0000
      vertex 52.4453 10.8379 2.0000
      vertex 52.4453 10.8379 2.6000
    endloop
  endfacet
  facet normal -0.698066 -0.716034 0
    outer loop
      vertex 52.3656 10.9156 2.0000
      vertex 52.4453 10.8379 2.6000
      vertex 52.3656 10.9156 2.6000
    endloop
  endfacet
  facet normal 0 0 1
    outer loop
      vertex 52.3656 10.9156 2.6000
      vertex 52.4453 10.8379 2.6000
      vertex 52.7216 11.2597 2.6000
    endloop
  endfacet
  facet normal 0 0 1
    outer loop
      vertex 52.3656 10.9156 2.6000
      vertex 52.7216 11.2597 2.6000
      vertex 52.6825 11.2970 2.6000
    endloop
  endfacet
  facet normal 0.781973 0.623312 0
    outer loop
      vertex 52.3760 11.6524 2.0000
      vertex 52.3760 11.6524 2.6000
      vertex 52.4145 11.6041 2.6000
    endloop
  endfacet
  facet normal 0 0 1
    outer loop
      vertex 52.3760 11.6524 2.0000
      vertex 52.4145 11.6041 2.0000
      vertex 52.9307 12.4536 2.0000
    endloop
  endfacet
  facet normal 0.781973 0.623312 0
    outer loop
      vertex 52.3760 11.6524 2.0000
      vertex 52.4145 11.6041 2.6000
      vertex 52.4145 11.6041 2.0000
    endloop
  endfacet
  facet normal 0.045345 -0.998971 0
    outer loop
      vertex 52.3860 15.3067 2.0000
      vertex 52.4587 15.3100 2.0000
      vertex 52.4587 15.3100 2.6000
    endloop
  endfacet
  facet normal 0.045345 -0.998971 0
    outer loop
      vertex 52.3860 15.3067 2.0000
      vertex 52.4587 15.3100 2.6000
      vertex 52.3860 15.3067 2.6000
    endloop
  endfacet
  facet normal 0 0 1
    outer loop
      vertex 52.3860 15.3067 2.6000
      vertex 52.4587 15.3100 2.6000
      vertex 52.4465 15.8979 2.6000
    endloop
  endfacet
  facet normal 0.781348 0.624096 0
    outer loop
      vertex 52.4145 11.6041 2.0000
      vertex 52.4145 11.6041 2.6000
      vertex 52.4526 11.5564 2.6000
    endloop
  endfacet
  facet normal 0 0 1
    outer loop
      vertex 52.4145 11.6041 2.0000
      vertex 52.4526 11.5564 2.0000
      vertex 52.9307 12.4536 2.0000
    endloop
  endfacet
  facet normal 0.781348 0.624096 0
    outer loop
      vertex 52.4145 11.6041 2.0000
      vertex 52.4526 11.5564 2.6000
      vertex 52.4526 11.5564 2.0000
    endloop
  endfacet
  facet normal -0.674915 -0.737895 0
    outer loop
      vertex 52.4453 10.8379 2.0000
      vertex 52.5238 10.7661 2.0000
      vertex 52.5238 10.7661 2.6000
    endloop
  endfacet
  facet normal -0.674915 -0.737895 0
    outer loop
      vertex 52.4453 10.8379 2.0000
      vertex 52.5238 10.7661 2.6000
      vertex 52.4453 10.8379 2.6000
    endloop
  endfacet
  facet normal 0 0 1
    outer loop
      vertex 52.4453 10.8379 2.6000
      vertex 52.5238 10.7661 2.6000
      vertex 52.8025 11.1951 2.6000
    endloop
  endfacet
  facet normal 0 0 1
    outer loop
      vertex 52.4453 10.8379 2.6000
      vertex 52.7616 11.2257 2.6000
      vertex 52.7216 11.2597 2.6000
    endloop
  endfacet
  facet normal 0 0 1
    outer loop
      vertex 52.4453 10.8379 2.6000
      vertex 52.8025 11.1951 2.6000
      vertex 52.7616 11.2257 2.6000
    endloop
  endfacet
  facet normal 0.053095 0.998589 0
    outer loop
      vertex 52.4465 15.8979 2.0000
      vertex 52.4465 15.8979 2.6000
      vertex 52.5932 15.8901 2.0000
    endloop
  endfacet
  facet normal 0 0 1
    outer loop
      vertex 52.4465 15.8979 2.6000
      vertex 52.4587 15.3100 2.6000
      vertex 52.5932 15.8901 2.6000
    endloop
  endfacet
  facet normal 0.053095 0.998589 0
    outer loop
      vertex 52.4465 15.8979 2.6000
      vertex 52.5932 15.8901 2.6000
      vertex 52.5932 15.8901 2.0000
    endloop
  endfacet
  facet normal 0.775657 0.631155 0
    outer loop
      vertex 52.4526 11.5564 2.0000
      vertex 52.4526 11.5564 2.6000
      vertex 52.4906 11.5097 2.6000
    endloop
  endfacet
  facet normal 0 0 1
    outer loop
      vertex 52.4526 11.5564 2.0000
      vertex 52.4906 11.5097 2.0000
      vertex 52.9307 12.4536 2.0000
    endloop
  endfacet
  facet normal 0.775657 0.631155 0
    outer loop
      vertex 52.4526 11.5564 2.0000
      vertex 52.4906 11.5097 2.6000
      vertex 52.4906 11.5097 2.0000
    endloop
  endfacet
  facet normal -0.042592 -0.999093 0
    outer loop
      vertex 52.4587 15.3100 2.0000
      vertex 52.5408 15.3065 2.0000
      vertex 52.5408 15.3065 2.6000
    endloop
  endfacet
  facet normal -0.042592 -0.999093 0
    outer loop
      vertex 52.4587 15.3100 2.0000
      vertex 52.5408 15.3065 2.6000
      vertex 52.4587 15.3100 2.6000
    endloop
  endfacet
  facet normal 0 0 1
    outer loop
      vertex 52.4587 15.3100 2.0000
      vertex 52.6377 14.3966 2.0000
      vertex 52.5408 15.3065 2.0000
    endloop
  endfacet
  facet normal 0 0 1
    outer loop
      vertex 52.4587 15.3100 2.6000
      vertex 52.5408 15.3065 2.6000
      vertex 52.5932 15.8901 2.6000
    endloop
  endfacet
  facet normal 0.765173 0.643824 0
    outer loop
      vertex 52.4906 11.5097 2.0000
      vertex 52.4906 11.5097 2.6000
      vertex 52.5288 11.4643 2.6000
    endloop
  endfacet
  facet normal 0 0 1
    outer loop
      vertex 52.4906 11.5097 2.0000
      vertex 52.5288 11.4643 2.0000
      vertex 52.9307 12.4536 2.0000
    endloop
  endfacet
  facet normal 0.765173 0.643824 0
    outer loop
      vertex 52.4906 11.5097 2.0000
      vertex 52.5288 11.4643 2.6000
      vertex 52.5288 11.4643 2.0000
    endloop
  endfacet
  facet normal -0.645636 -0.763645 0
    outer loop
      vertex 52.5238 10.7661 2.0000
      vertex 52.6021 10.6999 2.0000
      vertex 52.6021 10.6999 2.6000
    endloop
  endfacet
  facet normal -0.645636 -0.763645 0
    outer loop
      vertex 52.5238 10.7661 2.0000
      vertex 52.6021 10.6999 2.6000
      vertex 52.5238 10.7661 2.6000
    endloop
  endfacet
  facet normal 0 0 1
    outer loop
      vertex 52.5238 10.7661 2.6000
      vertex 52.6021 10.6999 2.6000
      vertex 52.8443 11.1678 2.6000
    endloop
  endfacet
  facet normal 0 0 1
    outer loop
      vertex 52.5238 10.7661 2.6000
      vertex 52.8443 11.1678 2.6000
      vertex 52.8025 11.1951 2.6000
    endloop
  endfacet
  facet normal 0.754384 0.656434 0
    outer loop
      vertex 52.5288 11.4643 2.0000
      vertex 52.5288 11.4643 2.6000
      vertex 52.5670 11.4204 2.6000
    endloop
  endfacet
  facet normal 0 0 1
    outer loop
      vertex 52.5288 11.4643 2.0000
      vertex 52.5670 11.4204 2.0000
      vertex 52.9307 12.4536 2.0000
    endloop
  endfacet
  facet normal 0.754384 0.656434 0
    outer loop
      vertex 52.5288 11.4643 2.0000
      vertex 52.5670 11.4204 2.6000
      vertex 52.5670 11.4204 2.0000
    endloop
  endfacet
  facet normal -0.14032 -0.990106 0
    outer loop
      vertex 52.5408 15.3065 2.0000
      vertex 52.6163 15.2958 2.0000
      vertex 52.6163 15.2958 2.6000
    endloop
  endfacet
  facet normal -0.14032 -0.990106 0
    outer loop
      vertex 52.5408 15.3065 2.0000
      vertex 52.6163 15.2958 2.6000
      vertex 52.5408 15.3065 2.6000
    endloop
  endfacet
  facet normal 0 0 1
    outer loop
      vertex 52.5408 15.3065 2.0000
      vertex 52.6377 14.3966 2.0000
      vertex 52.6163 15.2958 2.0000
    endloop
  endfacet
  facet normal 0 0 1
    outer loop
      vertex 52.5408 15.3065 2.6000
      vertex 52.6163 15.2958 2.6000
      vertex 52.7296 15.8664 2.6000
    endloop
  endfacet
  facet normal 0 0 1
    outer loop
      vertex 52.5408 15.3065 2.6000
      vertex 52.7296 15.8664 2.6000
      vertex 52.5932 15.8901 2.6000
    endloop
  endfacet
  facet normal 0.741991 0.67041 0
    outer loop
      vertex 52.5670 11.4204 2.0000
      vertex 52.5670 11.4204 2.6000
      vertex 52.6054 11.3779 2.6000
    endloop
  endfacet
  facet normal 0 0 1
    outer loop
      vertex 52.5670 11.4204 2.0000
      vertex 52.6054 11.3779 2.0000
      vertex 52.9307 12.4536 2.0000
    endloop
  endfacet
  facet normal 0.741991 0.67041 0
    outer loop
      vertex 52.5670 11.4204 2.0000
      vertex 52.6054 11.3779 2.6000
      vertex 52.6054 11.3779 2.0000
    endloop
  endfacet
  facet normal 0.171189 0.985238 0
    outer loop
      vertex 52.5932 15.8901 2.0000
      vertex 52.5932 15.8901 2.6000
      vertex 52.7296 15.8664 2.0000
    endloop
  endfacet
  facet normal 0.171189 0.985238 0
    outer loop
      vertex 52.5932 15.8901 2.6000
      vertex 52.7296 15.8664 2.6000
      vertex 52.7296 15.8664 2.0000
    endloop
  endfacet
  facet normal -0.611162 -0.791505 0
    outer loop
      vertex 52.6021 10.6999 2.0000
      vertex 52.6811 10.6389 2.0000
      vertex 52.6811 10.6389 2.6000
    endloop
  endfacet
  facet normal -0.611162 -0.791505 0
    outer loop
      vertex 52.6021 10.6999 2.0000
      vertex 52.6811 10.6389 2.6000
      vertex 52.6021 10.6999 2.6000
    endloop
  endfacet
  facet normal 0 0 1
    outer loop
      vertex 52.6021 10.6999 2.6000
      vertex 52.6811 10.6389 2.6000
      vertex 52.9307 11.1231 2.6000
    endloop
  endfacet
  facet normal 0 0 1
    outer loop
      vertex 52.6021 10.6999 2.6000
      vertex 52.8870 11.1438 2.6000
      vertex 52.8443 11.1678 2.6000
    endloop
  endfacet
  facet normal 0 0 1
    outer loop
      vertex 52.6021 10.6999 2.6000
      vertex 52.9307 11.1231 2.6000
      vertex 52.8870 11.1438 2.6000
    endloop
  endfacet
  facet normal 0.730642 0.68276 0
    outer loop
      vertex 52.6054 11.3779 2.0000
      vertex 52.6054 11.3779 2.6000
      vertex 52.6439 11.3367 2.6000
    endloop
  endfacet
  facet normal 0 0 1
    outer loop
      vertex 52.6054 11.3779 2.0000
      vertex 52.6439 11.3367 2.0000
      vertex 52.9307 12.4536 2.0000
    endloop
  endfacet
  facet normal 0.730642 0.68276 0
    outer loop
      vertex 52.6054 11.3779 2.0000
      vertex 52.6439 11.3367 2.6000
      vertex 52.6439 11.3367 2.0000
    endloop
  endfacet
  facet normal 0 0 1
    outer loop
      vertex 52.6163 15.2958 2.0000
      vertex 52.6377 14.3966 2.0000
      vertex 52.9876 14.8421 2.0000
    endloop
  endfacet
  facet normal -0.248172 -0.968716 0
    outer loop
      vertex 52.6163 15.2958 2.0000
      vertex 52.6850 15.2782 2.0000
      vertex 52.6850 15.2782 2.6000
    endloop
  endfacet
  facet normal -0.248172 -0.968716 0
    outer loop
      vertex 52.6163 15.2958 2.0000
      vertex 52.6850 15.2782 2.6000
      vertex 52.6163 15.2958 2.6000
    endloop
  endfacet
  facet normal 0 0 1
    outer loop
      vertex 52.6163 15.2958 2.0000
      vertex 52.9839 14.9109 2.0000
      vertex 52.6850 15.2782 2.0000
    endloop
  endfacet
  facet normal 0 0 1
    outer loop
      vertex 52.6163 15.2958 2.0000
      vertex 52.9876 14.8421 2.0000
      vertex 52.9839 14.9109 2.0000
    endloop
  endfacet
  facet normal 0 0 1
    outer loop
      vertex 52.6163 15.2958 2.6000
      vertex 52.6850 15.2782 2.6000
      vertex 52.8557 15.8270 2.6000
    endloop
  endfacet
  facet normal 0 0 1
    outer loop
      vertex 52.6163 15.2958 2.6000
      vertex 52.8557 15.8270 2.6000
      vertex 52.7296 15.8664 2.6000
    endloop
  endfacet
  facet normal -0.276897 0.9609 0
    outer loop
      vertex 52.6377 14.3966 2.0000
      vertex 52.6377 14.3966 2.6000
      vertex 52.6960 14.4134 2.0000
    endloop
  endfacet
  facet normal -0.996666 -0.081588 0
    outer loop
      vertex 52.6377 14.3966 2.0000
      vertex 52.6845 13.8249 2.0000
      vertex 52.6377 14.3966 2.6000
    endloop
  endfacet
  facet normal 0 0 1
    outer loop
      vertex 52.6377 14.3966 2.0000
      vertex 52.6960 14.4134 2.0000
      vertex 52.9853 14.7861 2.0000
    endloop
  endfacet
  facet normal 0 0 1
    outer loop
      vertex 52.6377 14.3966 2.0000
      vertex 52.9853 14.7861 2.0000
      vertex 52.9876 14.8421 2.0000
    endloop
  endfacet
  facet normal -0.996666 -0.081588 0
    outer loop
      vertex 52.6377 14.3966 2.6000
      vertex 52.6845 13.8249 2.0000
      vertex 52.6845 13.8249 2.6000
    endloop
  endfacet
  facet normal 0 0 1
    outer loop
      vertex 52.6377 14.3966 2.6000
      vertex 52.6845 13.8249 2.6000
      vertex 52.8024 13.8507 2.6000
    endloop
  endfacet
  facet normal -0.276897 0.9609 0
    outer loop
      vertex 52.6377 14.3966 2.6000
      vertex 52.6960 14.4134 2.6000
      vertex 52.6960 14.4134 2.0000
    endloop
  endfacet
  facet normal 0 0 1
    outer loop
      vertex 52.6377 14.3966 2.6000
      vertex 52.8024 13.8507 2.6000
      vertex 52.6960 14.4134 2.6000
    endloop
  endfacet
  facet normal 0.71697 0.697104 0
    outer loop
      vertex 52.6439 11.3367 2.0000
      vertex 52.6439 11.3367 2.6000
      vertex 52.6825 11.2970 2.6000
    endloop
  endfacet
  facet normal 0 0 1
    outer loop
      vertex 52.6439 11.3367 2.0000
      vertex 52.6825 11.2970 2.0000
      vertex 52.9307 12.4536 2.0000
    endloop
  endfacet
  facet normal 0.71697 0.697104 0
    outer loop
      vertex 52.6439 11.3367 2.0000
      vertex 52.6825 11.2970 2.6000
      vertex 52.6825 11.2970 2.0000
    endloop
  endfacet
  facet normal -0.572841 -0.819667 0
    outer loop
      vertex 52.6811 10.6389 2.0000
      vertex 52.7608 10.5832 2.0000
      vertex 52.7608 10.5832 2.6000
    endloop
  endfacet
  facet normal -0.572841 -0.819667 0
    outer loop
      vertex 52.6811 10.6389 2.0000
      vertex 52.7608 10.5832 2.6000
      vertex 52.6811 10.6389 2.6000
    endloop
  endfacet
  facet normal 0 0 1
    outer loop
      vertex 52.6811 10.6389 2.0000
      vertex 52.9754 9.5844 2.0000
      vertex 52.9754 10.2415 2.0000
    endloop
  endfacet
  facet normal 0 0 1
    outer loop
      vertex 52.6811 10.6389 2.0000
      vertex 52.9754 10.2415 2.0000
      vertex 52.7608 10.5832 2.0000
    endloop
  endfacet
  facet normal 0 0 1
    outer loop
      vertex 52.6811 10.6389 2.6000
      vertex 52.7608 10.5832 2.6000
      vertex 52.9307 11.1231 2.6000
    endloop
  endfacet
  facet normal 0.690256 0.723566 0
    outer loop
      vertex 52.6825 11.2970 2.0000
      vertex 52.6825 11.2970 2.6000
      vertex 52.7216 11.2597 2.0000
    endloop
  endfacet
  facet normal 0 0 1
    outer loop
      vertex 52.6825 11.2970 2.0000
      vertex 52.7216 11.2597 2.0000
      vertex 52.9307 12.4536 2.0000
    endloop
  endfacet
  facet normal 0.690256 0.723566 0
    outer loop
      vertex 52.6825 11.2970 2.6000
      vertex 52.7216 11.2597 2.6000
      vertex 52.7216 11.2597 2.0000
    endloop
  endfacet
  facet normal 0 0 1
    outer loop
      vertex 52.6845 13.8249 2.0000
      vertex 52.7801 13.4369 2.0000
      vertex 52.8024 13.8507 2.0000
    endloop
  endfacet
  facet normal 0.213771 -0.976884 0
    outer loop
      vertex 52.6845 13.8249 2.0000
      vertex 52.8024 13.8507 2.0000
      vertex 52.8024 13.8507 2.6000
    endloop
  endfacet
  facet normal 0.213771 -0.976884 0
    outer loop
      vertex 52.6845 13.8249 2.0000
      vertex 52.8024 13.8507 2.6000
      vertex 52.6845 13.8249 2.6000
    endloop
  endfacet
  facet normal -0.369584 -0.929197 0
    outer loop
      vertex 52.6850 15.2782 2.0000
      vertex 52.7471 15.2535 2.0000
      vertex 52.7471 15.2535 2.6000
    endloop
  endfacet
  facet normal -0.369584 -0.929197 0
    outer loop
      vertex 52.6850 15.2782 2.0000
      vertex 52.7471 15.2535 2.6000
      vertex 52.6850 15.2782 2.6000
    endloop
  endfacet
  facet normal 0 0 1
    outer loop
      vertex 52.6850 15.2782 2.0000
      vertex 52.9725 14.9749 2.0000
      vertex 52.7471 15.2535 2.0000
    endloop
  endfacet
  facet normal 0 0 1
    outer loop
      vertex 52.6850 15.2782 2.0000
      vertex 52.9839 14.9109 2.0000
      vertex 52.9725 14.9749 2.0000
    endloop
  endfacet
  facet normal 0 0 1
    outer loop
      vertex 52.6850 15.2782 2.6000
      vertex 52.7471 15.2535 2.6000
      vertex 52.9714 15.7718 2.6000
    endloop
  endfacet
  facet normal 0 0 1
    outer loop
      vertex 52.6850 15.2782 2.6000
      vertex 52.9714 15.7718 2.6000
      vertex 52.8557 15.8270 2.6000
    endloop
  endfacet
  facet normal -0.365598 0.930773 0
    outer loop
      vertex 52.6960 14.4134 2.0000
      vertex 52.6960 14.4134 2.6000
      vertex 52.7487 14.4341 2.0000
    endloop
  endfacet
  facet normal 0 0 1
    outer loop
      vertex 52.6960 14.4134 2.0000
      vertex 52.7487 14.4341 2.0000
      vertex 52.9784 14.7333 2.0000
    endloop
  endfacet
  facet normal 0 0 1
    outer loop
      vertex 52.6960 14.4134 2.0000
      vertex 52.9784 14.7333 2.0000
      vertex 52.9853 14.7861 2.0000
    endloop
  endfacet
  facet normal -0.365598 0.930773 0
    outer loop
      vertex 52.6960 14.4134 2.6000
      vertex 52.7487 14.4341 2.6000
      vertex 52.7487 14.4341 2.0000
    endloop
  endfacet
  facet normal 0 0 1
    outer loop
      vertex 52.6960 14.4134 2.6000
      vertex 52.8024 13.8507 2.6000
      vertex 52.9107 13.8876 2.6000
    endloop
  endfacet
  facet normal 0 0 1
    outer loop
      vertex 52.6960 14.4134 2.6000
      vertex 52.9107 13.8876 2.6000
      vertex 52.7487 14.4341 2.6000
    endloop
  endfacet
  facet normal 0.647648 0.761939 0
    outer loop
      vertex 52.7216 11.2597 2.0000
      vertex 52.7216 11.2597 2.6000
      vertex 52.7616 11.2257 2.0000
    endloop
  endfacet
  facet normal 0 0 1
    outer loop
      vertex 52.7216 11.2597 2.0000
      vertex 52.7616 11.2257 2.0000
      vertex 52.9307 12.4536 2.0000
    endloop
  endfacet
  facet normal 0.647648 0.761939 0
    outer loop
      vertex 52.7216 11.2597 2.6000
      vertex 52.7616 11.2257 2.6000
      vertex 52.7616 11.2257 2.0000
    endloop
  endfacet
  facet normal 0.298232 0.954493 0
    outer loop
      vertex 52.7296 15.8664 2.0000
      vertex 52.7296 15.8664 2.6000
      vertex 52.8557 15.8270 2.0000
    endloop
  endfacet
  facet normal 0.298232 0.954493 0
    outer loop
      vertex 52.7296 15.8664 2.6000
      vertex 52.8557 15.8270 2.6000
      vertex 52.8557 15.8270 2.0000
    endloop
  endfacet
  facet normal -0.497149 -0.867665 0
    outer loop
      vertex 52.7471 15.2535 2.0000
      vertex 52.8026 15.2217 2.0000
      vertex 52.8026 15.2217 2.6000
    endloop
  endfacet
  facet normal -0.497149 -0.867665 0
    outer loop
      vertex 52.7471 15.2535 2.0000
      vertex 52.8026 15.2217 2.6000
      vertex 52.7471 15.2535 2.6000
    endloop
  endfacet
  facet normal 0 0 1
    outer loop
      vertex 52.7471 15.2535 2.0000
      vertex 52.8513 15.1829 2.0000
      vertex 52.8026 15.2217 2.0000
    endloop
  endfacet
  facet normal 0 0 1
    outer loop
      vertex 52.7471 15.2535 2.0000
      vertex 52.8930 15.1381 2.0000
      vertex 52.8513 15.1829 2.0000
    endloop
  endfacet
  facet normal 0 0 1
    outer loop
      vertex 52.7471 15.2535 2.0000
      vertex 52.9271 15.0885 2.0000
      vertex 52.8930 15.1381 2.0000
    endloop
  endfacet
  facet normal 0 0 1
    outer loop
      vertex 52.7471 15.2535 2.0000
      vertex 52.9536 15.0341 2.0000
      vertex 52.9271 15.0885 2.0000
    endloop
  endfacet
  facet normal 0 0 1
    outer loop
      vertex 52.7471 15.2535 2.0000
      vertex 52.9725 14.9749 2.0000
      vertex 52.9536 15.0341 2.0000
    endloop
  endfacet
  facet normal 0 0 1
    outer loop
      vertex 52.7471 15.2535 2.6000
      vertex 52.8026 15.2217 2.6000
      vertex 53.0767 15.7008 2.6000
    endloop
  endfacet
  facet normal 0 0 1
    outer loop
      vertex 52.7471 15.2535 2.6000
      vertex 53.0767 15.7008 2.6000
      vertex 52.9714 15.7718 2.6000
    endloop
  endfacet
  facet normal -0.460701 0.887555 0
    outer loop
      vertex 52.7487 14.4341 2.0000
      vertex 52.7487 14.4341 2.6000
      vertex 52.7959 14.4586 2.0000
    endloop
  endfacet
  facet normal 0 0 1
    outer loop
      vertex 52.7487 14.4341 2.0000
      vertex 52.7959 14.4586 2.0000
      vertex 52.9506 14.6377 2.0000
    endloop
  endfacet
  facet normal 0 0 1
    outer loop
      vertex 52.7487 14.4341 2.0000
      vertex 52.9506 14.6377 2.0000
      vertex 52.9668 14.6839 2.0000
    endloop
  endfacet
  facet normal 0 0 1
    outer loop
      vertex 52.7487 14.4341 2.0000
      vertex 52.9668 14.6839 2.0000
      vertex 52.9784 14.7333 2.0000
    endloop
  endfacet
  facet normal -0.460701 0.887555 0
    outer loop
      vertex 52.7487 14.4341 2.6000
      vertex 52.7959 14.4586 2.6000
      vertex 52.7959 14.4586 2.0000
    endloop
  endfacet
  facet normal 0 0 1
    outer loop
      vertex 52.7487 14.4341 2.6000
      vertex 52.9107 13.8876 2.6000
      vertex 53.0092 13.9355 2.6000
    endloop
  endfacet
  facet normal 0 0 1
    outer loop
      vertex 52.7487 14.4341 2.6000
      vertex 53.0092 13.9355 2.6000
      vertex 52.7959 14.4586 2.6000
    endloop
  endfacet
  facet normal -0.531135 -0.847287 0
    outer loop
      vertex 52.7608 10.5832 2.0000
      vertex 52.8412 10.5328 2.0000
      vertex 52.8412 10.5328 2.6000
    endloop
  endfacet
  facet normal -0.531135 -0.847287 0
    outer loop
      vertex 52.7608 10.5832 2.0000
      vertex 52.8412 10.5328 2.6000
      vertex 52.7608 10.5832 2.6000
    endloop
  endfacet
  facet normal 0 0 1
    outer loop
      vertex 52.7608 10.5832 2.0000
      vertex 52.9754 10.2415 2.0000
      vertex 52.8412 10.5328 2.0000
    endloop
  endfacet
  facet normal 0 0 1
    outer loop
      vertex 52.7608 10.5832 2.6000
      vertex 52.8412 10.5328 2.6000
      vertex 52.9307 11.1231 2.6000
    endloop
  endfacet
  facet normal 0.59906 0.800704 0
    outer loop
      vertex 52.7616 11.2257 2.0000
      vertex 52.7616 11.2257 2.6000
      vertex 52.8025 11.1951 2.0000
    endloop
  endfacet
  facet normal 0 0 1
    outer loop
      vertex 52.7616 11.2257 2.0000
      vertex 52.8025 11.1951 2.0000
      vertex 52.9307 12.4536 2.0000
    endloop
  endfacet
  facet normal 0.59906 0.800704 0
    outer loop
      vertex 52.7616 11.2257 2.6000
      vertex 52.8025 11.1951 2.6000
      vertex 52.8025 11.1951 2.0000
    endloop
  endfacet
  facet normal -1 0 0
    outer loop
      vertex 52.7801 12.8490 2.0000
      vertex 52.7801 12.8490 2.6000
      vertex 52.7801 13.4369 2.6000
    endloop
  endfacet
  facet normal -1 0 0
    outer loop
      vertex 52.7801 12.8490 2.0000
      vertex 52.7801 13.4369 2.6000
      vertex 52.7801 13.4369 2.0000
    endloop
  endfacet
  facet normal 0 0 1
    outer loop
      vertex 52.7801 12.8490 2.0000
      vertex 52.9307 12.4536 2.0000
      vertex 53.4006 12.8490 2.0000
    endloop
  endfacet
  facet normal 0 -1 0
    outer loop
      vertex 52.7801 12.8490 2.0000
      vertex 53.4006 12.8490 2.0000
      vertex 53.4006 12.8490 2.6000
    endloop
  endfacet
  facet normal 0 -1 0
    outer loop
      vertex 52.7801 12.8490 2.0000
      vertex 53.4006 12.8490 2.6000
      vertex 52.7801 12.8490 2.6000
    endloop
  endfacet
  facet normal 0 0 1
    outer loop
      vertex 52.7801 12.8490 2.6000
      vertex 53.4006 12.8490 2.6000
      vertex 52.7801 13.4369 2.6000
    endloop
  endfacet
  facet normal 0 1 0
    outer loop
      vertex 52.7801 13.4369 2.0000
      vertex 52.7801 13.4369 2.6000
      vertex 53.4006 13.4369 2.0000
    endloop
  endfacet
  facet normal 0 0 1
    outer loop
      vertex 52.7801 13.4369 2.0000
      vertex 52.9107 13.8876 2.0000
      vertex 52.8024 13.8507 2.0000
    endloop
  endfacet
  facet normal 0 0 1
    outer loop
      vertex 52.7801 13.4369 2.0000
      vertex 53.4006 13.4369 2.0000
      vertex 52.9107 13.8876 2.0000
    endloop
  endfacet
  facet normal 0 0 1
    outer loop
      vertex 52.7801 13.4369 2.6000
      vertex 53.4006 12.8490 2.6000
      vertex 53.4006 13.4369 2.6000
    endloop
  endfacet
  facet normal 0 1 0
    outer loop
      vertex 52.7801 13.4369 2.6000
      vertex 53.4006 13.4369 2.6000
      vertex 53.4006 13.4369 2.0000
    endloop
  endfacet
  facet normal -0.56383 0.825891 0
    outer loop
      vertex 52.7959 14.4586 2.0000
      vertex 52.7959 14.4586 2.6000
      vertex 52.8375 14.4870 2.0000
    endloop
  endfacet
  facet normal 0 0 1
    outer loop
      vertex 52.7959 14.4586 2.0000
      vertex 52.8375 14.4870 2.0000
      vertex 52.8737 14.5192 2.0000
    endloop
  endfacet
  facet normal 0 0 1
    outer loop
      vertex 52.7959 14.4586 2.0000
      vertex 52.8737 14.5192 2.0000
      vertex 52.9042 14.5552 2.0000
    endloop
  endfacet
  facet normal 0 0 1
    outer loop
      vertex 52.7959 14.4586 2.0000
      vertex 52.9042 14.5552 2.0000
      vertex 52.9297 14.5948 2.0000
    endloop
  endfacet
  facet normal 0 0 1
    outer loop
      vertex 52.7959 14.4586 2.0000
      vertex 52.9297 14.5948 2.0000
      vertex 52.9506 14.6377 2.0000
    endloop
  endfacet
  facet normal -0.56383 0.825891 0
    outer loop
      vertex 52.7959 14.4586 2.6000
      vertex 52.8375 14.4870 2.6000
      vertex 52.8375 14.4870 2.0000
    endloop
  endfacet
  facet normal 0 0 1
    outer loop
      vertex 52.7959 14.4586 2.6000
      vertex 53.0092 13.9355 2.6000
      vertex 53.0982 13.9945 2.6000
    endloop
  endfacet
  facet normal 0 0 1
    outer loop
      vertex 52.7959 14.4586 2.6000
      vertex 53.0982 13.9945 2.6000
      vertex 53.1774 14.0644 2.6000
    endloop
  endfacet
  facet normal 0 0 1
    outer loop
      vertex 52.7959 14.4586 2.6000
      vertex 53.1774 14.0644 2.6000
      vertex 52.8375 14.4870 2.6000
    endloop
  endfacet
  facet normal 0.322514 -0.946565 0
    outer loop
      vertex 52.8024 13.8507 2.0000
      vertex 52.9107 13.8876 2.0000
      vertex 52.9107 13.8876 2.6000
    endloop
  endfacet
  facet normal 0.322514 -0.946565 0
    outer loop
      vertex 52.8024 13.8507 2.0000
      vertex 52.9107 13.8876 2.6000
      vertex 52.8024 13.8507 2.6000
    endloop
  endfacet
  facet normal 0.546818 0.837252 0
    outer loop
      vertex 52.8025 11.1951 2.0000
      vertex 52.8025 11.1951 2.6000
      vertex 52.8443 11.1678 2.0000
    endloop
  endfacet
  facet normal 0 0 1
    outer loop
      vertex 52.8025 11.1951 2.0000
      vertex 52.8443 11.1678 2.0000
      vertex 52.9307 12.4536 2.0000
    endloop
  endfacet
  facet normal 0.546818 0.837252 0
    outer loop
      vertex 52.8025 11.1951 2.6000
      vertex 52.8443 11.1678 2.6000
      vertex 52.8443 11.1678 2.0000
    endloop
  endfacet
  facet normal -0.623127 -0.782121 0
    outer loop
      vertex 52.8026 15.2217 2.0000
      vertex 52.8513 15.1829 2.0000
      vertex 52.8513 15.1829 2.6000
    endloop
  endfacet
  facet normal -0.623127 -0.782121 0
    outer loop
      vertex 52.8026 15.2217 2.0000
      vertex 52.8513 15.1829 2.6000
      vertex 52.8026 15.2217 2.6000
    endloop
  endfacet
  facet normal 0 0 1
    outer loop
      vertex 52.8026 15.2217 2.6000
      vertex 52.8513 15.1829 2.6000
      vertex 53.1718 15.6141 2.6000
    endloop
  endfacet
  facet normal 0 0 1
    outer loop
      vertex 52.8026 15.2217 2.6000
      vertex 53.1718 15.6141 2.6000
      vertex 53.0767 15.7008 2.6000
    endloop
  endfacet
  facet normal -0.66462 0.747182 0
    outer loop
      vertex 52.8375 14.4870 2.0000
      vertex 52.8375 14.4870 2.6000
      vertex 52.8737 14.5192 2.0000
    endloop
  endfacet
  facet normal -0.66462 0.747182 0
    outer loop
      vertex 52.8375 14.4870 2.6000
      vertex 52.8737 14.5192 2.6000
      vertex 52.8737 14.5192 2.0000
    endloop
  endfacet
  facet normal 0 0 1
    outer loop
      vertex 52.8375 14.4870 2.6000
      vertex 53.1774 14.0644 2.6000
      vertex 53.2470 14.1453 2.6000
    endloop
  endfacet
  facet normal 0 0 1
    outer loop
      vertex 52.8375 14.4870 2.6000
      vertex 53.2470 14.1453 2.6000
      vertex 52.8737 14.5192 2.6000
    endloop
  endfacet
  facet normal -0.48729 -0.87324 0
    outer loop
      vertex 52.8412 10.5328 2.0000
      vertex 52.9222 10.4876 2.0000
      vertex 52.9222 10.4876 2.6000
    endloop
  endfacet
  facet normal -0.48729 -0.87324 0
    outer loop
      vertex 52.8412 10.5328 2.0000
      vertex 52.9222 10.4876 2.6000
      vertex 52.8412 10.5328 2.6000
    endloop
  endfacet
  facet normal 0 0 1
    outer loop
      vertex 52.8412 10.5328 2.0000
      vertex 52.9754 10.2415 2.0000
      vertex 52.9222 10.4876 2.0000
    endloop
  endfacet
  facet normal 0 0 1
    outer loop
      vertex 52.8412 10.5328 2.6000
      vertex 52.9222 10.4876 2.6000
      vertex 52.9307 11.1231 2.6000
    endloop
  endfacet
  facet normal 0.48997 0.871739 0
    outer loop
      vertex 52.8443 11.1678 2.0000
      vertex 52.8443 11.1678 2.6000
      vertex 52.8870 11.1438 2.0000
    endloop
  endfacet
  facet normal 0 0 1
    outer loop
      vertex 52.8443 11.1678 2.0000
      vertex 52.8870 11.1438 2.0000
      vertex 52.9307 12.4536 2.0000
    endloop
  endfacet
  facet normal 0.48997 0.871739 0
    outer loop
      vertex 52.8443 11.1678 2.6000
      vertex 52.8870 11.1438 2.6000
      vertex 52.8870 11.1438 2.0000
    endloop
  endfacet
  facet normal -0.731978 -0.681328 0
    outer loop
      vertex 52.8513 15.1829 2.0000
      vertex 52.8930 15.1381 2.0000
      vertex 52.8513 15.1829 2.6000
    endloop
  endfacet
  facet normal -0.731978 -0.681328 0
    outer loop
      vertex 52.8513 15.1829 2.6000
      vertex 52.8930 15.1381 2.0000
      vertex 52.8930 15.1381 2.6000
    endloop
  endfacet
  facet normal 0 0 1
    outer loop
      vertex 52.8513 15.1829 2.6000
      vertex 52.8930 15.1381 2.6000
      vertex 53.2541 15.5137 2.6000
    endloop
  endfacet
  facet normal 0 0 1
    outer loop
      vertex 52.8513 15.1829 2.6000
      vertex 53.2541 15.5137 2.6000
      vertex 53.1718 15.6141 2.6000
    endloop
  endfacet
  facet normal 0.4306 0.902543 0
    outer loop
      vertex 52.8557 15.8270 2.0000
      vertex 52.8557 15.8270 2.6000
      vertex 52.9714 15.7718 2.0000
    endloop
  endfacet
  facet normal 0.4306 0.902543 0
    outer loop
      vertex 52.8557 15.8270 2.6000
      vertex 52.9714 15.7718 2.6000
      vertex 52.9714 15.7718 2.0000
    endloop
  endfacet
  facet normal -0.762984 0.646417 0
    outer loop
      vertex 52.8737 14.5192 2.0000
      vertex 52.8737 14.5192 2.6000
      vertex 52.9042 14.5552 2.6000
    endloop
  endfacet
  facet normal -0.762984 0.646417 0
    outer loop
      vertex 52.8737 14.5192 2.0000
      vertex 52.9042 14.5552 2.6000
      vertex 52.9042 14.5552 2.0000
    endloop
  endfacet
  facet normal 0 0 1
    outer loop
      vertex 52.8737 14.5192 2.6000
      vertex 53.2470 14.1453 2.6000
      vertex 53.3064 14.2366 2.6000
    endloop
  endfacet
  facet normal 0 0 1
    outer loop
      vertex 52.8737 14.5192 2.6000
      vertex 53.3064 14.2366 2.6000
      vertex 52.9042 14.5552 2.6000
    endloop
  endfacet
  facet normal 0.428086 0.903738 0
    outer loop
      vertex 52.8870 11.1438 2.0000
      vertex 52.8870 11.1438 2.6000
      vertex 52.9307 11.1231 2.0000
    endloop
  endfacet
  facet normal 0 0 1
    outer loop
      vertex 52.8870 11.1438 2.0000
      vertex 52.9307 11.1231 2.0000
      vertex 52.9307 12.4536 2.0000
    endloop
  endfacet
  facet normal 0.428086 0.903738 0
    outer loop
      vertex 52.8870 11.1438 2.6000
      vertex 52.9307 11.1231 2.6000
      vertex 52.9307 11.1231 2.0000
    endloop
  endfacet
  facet normal -0.824042 -0.566529 0
    outer loop
      vertex 52.8930 15.1381 2.0000
      vertex 52.9271 15.0885 2.0000
      vertex 52.8930 15.1381 2.6000
    endloop
  endfacet
  facet normal -0.824042 -0.566529 0
    outer loop
      vertex 52.8930 15.1381 2.6000
      vertex 52.9271 15.0885 2.0000
      vertex 52.9271 15.0885 2.6000
    endloop
  endfacet
  facet normal 0 0 1
    outer loop
      vertex 52.8930 15.1381 2.6000
      vertex 52.9271 15.0885 2.6000
      vertex 53.3215 15.4015 2.6000
    endloop
  endfacet
  facet normal 0 0 1
    outer loop
      vertex 52.8930 15.1381 2.6000
      vertex 53.3215 15.4015 2.6000
      vertex 53.2541 15.5137 2.6000
    endloop
  endfacet
  facet normal -0.840764 0.541401 0
    outer loop
      vertex 52.9042 14.5552 2.0000
      vertex 52.9042 14.5552 2.6000
      vertex 52.9297 14.5948 2.6000
    endloop
  endfacet
  facet normal -0.840764 0.541401 0
    outer loop
      vertex 52.9042 14.5552 2.0000
      vertex 52.9297 14.5948 2.6000
      vertex 52.9297 14.5948 2.0000
    endloop
  endfacet
  facet normal 0 0 1
    outer loop
      vertex 52.9042 14.5552 2.6000
      vertex 53.3064 14.2366 2.6000
      vertex 53.3549 14.3373 2.6000
    endloop
  endfacet
  facet normal 0 0 1
    outer loop
      vertex 52.9042 14.5552 2.6000
      vertex 53.3549 14.3373 2.6000
      vertex 52.9297 14.5948 2.6000
    endloop
  endfacet
  facet normal 0.437326 -0.899303 0
    outer loop
      vertex 52.9107 13.8876 2.0000
      vertex 53.0092 13.9355 2.0000
      vertex 53.0092 13.9355 2.6000
    endloop
  endfacet
  facet normal 0.437326 -0.899303 0
    outer loop
      vertex 52.9107 13.8876 2.0000
      vertex 53.0092 13.9355 2.6000
      vertex 52.9107 13.8876 2.6000
    endloop
  endfacet
  facet normal 0 0 1
    outer loop
      vertex 52.9107 13.8876 2.0000
      vertex 53.4006 13.4369 2.0000
      vertex 53.0092 13.9355 2.0000
    endloop
  endfacet
  facet normal 0 0 1
    outer loop
      vertex 52.9222 10.4876 2.0000
      vertex 52.9754 10.2415 2.0000
      vertex 53.0039 10.4477 2.0000
    endloop
  endfacet
  facet normal -0.438835 -0.898568 0
    outer loop
      vertex 52.9222 10.4876 2.0000
      vertex 53.0039 10.4477 2.0000
      vertex 53.0039 10.4477 2.6000
    endloop
  endfacet
  facet normal -0.438835 -0.898568 0
    outer loop
      vertex 52.9222 10.4876 2.0000
      vertex 53.0039 10.4477 2.6000
      vertex 52.9222 10.4876 2.6000
    endloop
  endfacet
  facet normal 0 0 1
    outer loop
      vertex 52.9222 10.4876 2.6000
      vertex 53.0039 10.4477 2.6000
      vertex 52.9307 11.1231 2.6000
    endloop
  endfacet
  facet normal -0.899007 -0.437935 0
    outer loop
      vertex 52.9271 15.0885 2.0000
      vertex 52.9536 15.0341 2.0000
      vertex 52.9271 15.0885 2.6000
    endloop
  endfacet
  facet normal -0.899007 -0.437935 0
    outer loop
      vertex 52.9271 15.0885 2.6000
      vertex 52.9536 15.0341 2.0000
      vertex 52.9536 15.0341 2.6000
    endloop
  endfacet
  facet normal 0 0 1
    outer loop
      vertex 52.9271 15.0885 2.6000
      vertex 52.9536 15.0341 2.6000
      vertex 53.3739 15.2777 2.6000
    endloop
  endfacet
  facet normal 0 0 1
    outer loop
      vertex 52.9271 15.0885 2.6000
      vertex 53.3739 15.2777 2.6000
      vertex 53.3215 15.4015 2.6000
    endloop
  endfacet
  facet normal -0.89899 0.437969 0
    outer loop
      vertex 52.9297 14.5948 2.0000
      vertex 52.9297 14.5948 2.6000
      vertex 52.9506 14.6377 2.6000
    endloop
  endfacet
  facet normal -0.89899 0.437969 0
    outer loop
      vertex 52.9297 14.5948 2.0000
      vertex 52.9506 14.6377 2.6000
      vertex 52.9506 14.6377 2.0000
    endloop
  endfacet
  facet normal 0 0 1
    outer loop
      vertex 52.9297 14.5948 2.6000
      vertex 53.3549 14.3373 2.6000
      vertex 53.3927 14.4477 2.6000
    endloop
  endfacet
  facet normal 0 0 1
    outer loop
      vertex 52.9297 14.5948 2.6000
      vertex 53.3927 14.4477 2.6000
      vertex 52.9506 14.6377 2.6000
    endloop
  endfacet
  facet normal -1 0 0
    outer loop
      vertex 52.9307 11.1231 2.0000
      vertex 52.9307 11.1231 2.6000
      vertex 52.9307 12.4536 2.6000
    endloop
  endfacet
  facet normal -1 0 0
    outer loop
      vertex 52.9307 11.1231 2.0000
      vertex 52.9307 12.4536 2.6000
      vertex 52.9307 12.4536 2.0000
    endloop
  endfacet
  facet normal 0 0 1
    outer loop
      vertex 52.9307 11.1231 2.6000
      vertex 53.0039 10.4477 2.6000
      vertex 53.4006 10.4477 2.6000
    endloop
  endfacet
  facet normal 0 0 1
    outer loop
      vertex 52.9307 11.1231 2.6000
      vertex 53.4006 10.4477 2.6000
      vertex 53.4006 12.4536 2.6000
    endloop
  endfacet
  facet normal 0 0 1
    outer loop
      vertex 52.9307 11.1231 2.6000
      vertex 53.4006 12.4536 2.6000
      vertex 52.9307 12.4536 2.6000
    endloop
  endfacet
  facet normal 0 1 0
    outer loop
      vertex 52.9307 12.4536 2.0000
      vertex 52.9307 12.4536 2.6000
      vertex 53.4006 12.4536 2.0000
    endloop
  endfacet
  facet normal 0 0 1
    outer loop
      vertex 52.9307 12.4536 2.0000
      vertex 53.4006 12.4536 2.0000
      vertex 53.4006 12.8490 2.0000
    endloop
  endfacet
  facet normal 0 1 0
    outer loop
      vertex 52.9307 12.4536 2.6000
      vertex 53.4006 12.4536 2.6000
      vertex 53.4006 12.4536 2.0000
    endloop
  endfacet
  facet normal -0.943667 0.330896 0
    outer loop
      vertex 52.9506 14.6377 2.0000
      vertex 52.9506 14.6377 2.6000
      vertex 52.9668 14.6839 2.6000
    endloop
  endfacet
  facet normal -0.943667 0.330896 0
    outer loop
      vertex 52.9506 14.6377 2.0000
      vertex 52.9668 14.6839 2.6000
      vertex 52.9668 14.6839 2.0000
    endloop
  endfacet
  facet normal 0 0 1
    outer loop
      vertex 52.9506 14.6377 2.6000
      vertex 53.3927 14.4477 2.6000
      vertex 53.4197 14.5676 2.6000
    endloop
  endfacet
  facet normal 0 0 1
    outer loop
      vertex 52.9506 14.6377 2.6000
      vertex 53.4197 14.5676 2.6000
      vertex 52.9668 14.6839 2.6000
    endloop
  endfacet
  facet normal -0.952629 -0.304133 0
    outer loop
      vertex 52.9536 15.0341 2.0000
      vertex 52.9725 14.9749 2.0000
      vertex 52.9536 15.0341 2.6000
    endloop
  endfacet
  facet normal -0.952629 -0.304133 0
    outer loop
      vertex 52.9536 15.0341 2.6000
      vertex 52.9725 14.9749 2.0000
      vertex 52.9725 14.9749 2.6000
    endloop
  endfacet
  facet normal 0 0 1
    outer loop
      vertex 52.9536 15.0341 2.6000
      vertex 52.9725 14.9749 2.6000
      vertex 53.4113 15.1422 2.6000
    endloop
  endfacet
  facet normal 0 0 1
    outer loop
      vertex 52.9536 15.0341 2.6000
      vertex 53.4113 15.1422 2.6000
      vertex 53.3739 15.2777 2.6000
    endloop
  endfacet
  facet normal -0.97352 0.2286 0
    outer loop
      vertex 52.9668 14.6839 2.0000
      vertex 52.9668 14.6839 2.6000
      vertex 52.9784 14.7333 2.6000
    endloop
  endfacet
  facet normal -0.97352 0.2286 0
    outer loop
      vertex 52.9668 14.6839 2.0000
      vertex 52.9784 14.7333 2.6000
      vertex 52.9784 14.7333 2.0000
    endloop
  endfacet
  facet normal 0 0 1
    outer loop
      vertex 52.9668 14.6839 2.6000
      vertex 53.4197 14.5676 2.6000
      vertex 52.9784 14.7333 2.6000
    endloop
  endfacet
  facet normal 0.559054 0.829132 0
    outer loop
      vertex 52.9714 15.7718 2.0000
      vertex 52.9714 15.7718 2.6000
      vertex 53.0767 15.7008 2.0000
    endloop
  endfacet
  facet normal 0.559054 0.829132 0
    outer loop
      vertex 52.9714 15.7718 2.6000
      vertex 53.0767 15.7008 2.6000
      vertex 53.0767 15.7008 2.0000
    endloop
  endfacet
  facet normal -0.984504 -0.175365 0
    outer loop
      vertex 52.9725 14.9749 2.0000
      vertex 52.9839 14.9109 2.0000
      vertex 52.9725 14.9749 2.6000
    endloop
  endfacet
  facet normal -0.984504 -0.175365 0
    outer loop
      vertex 52.9725 14.9749 2.6000
      vertex 52.9839 14.9109 2.0000
      vertex 52.9839 14.9109 2.6000
    endloop
  endfacet
  facet normal 0 0 1
    outer loop
      vertex 52.9725 14.9749 2.6000
      vertex 52.9839 14.9109 2.6000
      vertex 53.4338 14.9949 2.6000
    endloop
  endfacet
  facet normal 0 0 1
    outer loop
      vertex 52.9725 14.9749 2.6000
      vertex 53.4338 14.9949 2.6000
      vertex 53.4113 15.1422 2.6000
    endloop
  endfacet
  facet normal -1 0 0
    outer loop
      vertex 52.9754 8.3027 2.0000
      vertex 52.9754 8.3027 2.6000
      vertex 52.9754 9.0127 2.6000
    endloop
  endfacet
  facet normal -1 0 0
    outer loop
      vertex 52.9754 8.3027 2.0000
      vertex 52.9754 9.0127 2.6000
      vertex 52.9754 9.0127 2.0000
    endloop
  endfacet
  facet normal 0 -1 0
    outer loop
      vertex 52.9754 8.3027 2.0000
      vertex 53.4006 8.3027 2.0000
      vertex 53.4006 8.3027 2.6000
    endloop
  endfacet
  facet normal 0 -1 0
    outer loop
      vertex 52.9754 8.3027 2.0000
      vertex 53.4006 8.3027 2.6000
      vertex 52.9754 8.3027 2.6000
    endloop
  endfacet
  facet normal 0 0 1
    outer loop
      vertex 52.9754 8.3027 2.6000
      vertex 53.4006 8.3027 2.6000
      vertex 52.9754 9.0127 2.6000
    endloop
  endfacet
  facet normal 0 0 1
    outer loop
      vertex 52.9754 9.0127 2.6000
      vertex 53.4006 8.3027 2.6000
      vertex 53.4006 10.2415 2.6000
    endloop
  endfacet
  facet normal 0 0 1
    outer loop
      vertex 52.9754 9.0127 2.6000
      vertex 53.4006 10.2415 2.6000
      vertex 52.9754 9.5844 2.6000
    endloop
  endfacet
  facet normal -1 0 0
    outer loop
      vertex 52.9754 9.5844 2.0000
      vertex 52.9754 9.5844 2.6000
      vertex 52.9754 10.2415 2.6000
    endloop
  endfacet
  facet normal -1 0 0
    outer loop
      vertex 52.9754 9.5844 2.0000
      vertex 52.9754 10.2415 2.6000
      vertex 52.9754 10.2415 2.0000
    endloop
  endfacet
  facet normal 0 0 1
    outer loop
      vertex 52.9754 9.5844 2.6000
      vertex 53.4006 10.2415 2.6000
      vertex 52.9754 10.2415 2.6000
    endloop
  endfacet
  facet normal 0 1 0
    outer loop
      vertex 52.9754 10.2415 2.0000
      vertex 52.9754 10.2415 2.6000
      vertex 53.4006 10.2415 2.0000
    endloop
  endfacet
  facet normal 0 0 1
    outer loop
      vertex 52.9754 10.2415 2.0000
      vertex 53.4006 10.2415 2.0000
      vertex 53.0039 10.4477 2.0000
    endloop
  endfacet
  facet normal 0 1 0
    outer loop
      vertex 52.9754 10.2415 2.6000
      vertex 53.4006 10.2415 2.6000
      vertex 53.4006 10.2415 2.0000
    endloop
  endfacet
  facet normal -0.991569 0.12958 0
    outer loop
      vertex 52.9784 14.7333 2.0000
      vertex 52.9784 14.7333 2.6000
      vertex 52.9853 14.7861 2.6000
    endloop
  endfacet
  facet normal -0.991569 0.12958 0
    outer loop
      vertex 52.9784 14.7333 2.0000
      vertex 52.9853 14.7861 2.6000
      vertex 52.9853 14.7861 2.0000
    endloop
  endfacet
  facet normal 0 0 1
    outer loop
      vertex 52.9784 14.7333 2.6000
      vertex 53.4197 14.5676 2.6000
      vertex 53.4359 14.6970 2.6000
    endloop
  endfacet
  facet normal 0 0 1
    outer loop
      vertex 52.9784 14.7333 2.6000
      vertex 53.4359 14.6970 2.6000
      vertex 52.9853 14.7861 2.6000
    endloop
  endfacet
  facet normal -0.998557 -0.053701 0
    outer loop
      vertex 52.9839 14.9109 2.0000
      vertex 52.9876 14.8421 2.0000
      vertex 52.9839 14.9109 2.6000
    endloop
  endfacet
  facet normal -0.998557 -0.053701 0
    outer loop
      vertex 52.9839 14.9109 2.6000
      vertex 52.9876 14.8421 2.0000
      vertex 52.9876 14.8421 2.6000
    endloop
  endfacet
  facet normal 0 0 1
    outer loop
      vertex 52.9839 14.9109 2.6000
      vertex 52.9876 14.8421 2.6000
      vertex 53.4413 14.8360 2.6000
    endloop
  endfacet
  facet normal 0 0 1
    outer loop
      vertex 52.9839 14.9109 2.6000
      vertex 53.4413 14.8360 2.6000
      vertex 53.4338 14.9949 2.6000
    endloop
  endfacet
  facet normal -0.999158 0.041037 0
    outer loop
      vertex 52.9853 14.7861 2.0000
      vertex 52.9853 14.7861 2.6000
      vertex 52.9876 14.8421 2.6000
    endloop
  endfacet
  facet normal -0.999158 0.041037 0
    outer loop
      vertex 52.9853 14.7861 2.0000
      vertex 52.9876 14.8421 2.6000
      vertex 52.9876 14.8421 2.0000
    endloop
  endfacet
  facet normal 0 0 1
    outer loop
      vertex 52.9853 14.7861 2.6000
      vertex 53.4359 14.6970 2.6000
      vertex 53.4413 14.8360 2.6000
    endloop
  endfacet
  facet normal 0 0 1
    outer loop
      vertex 52.9853 14.7861 2.6000
      vertex 53.4413 14.8360 2.6000
      vertex 52.9876 14.8421 2.6000
    endloop
  endfacet
  facet normal 0 0 1
    outer loop
      vertex 53.0039 10.4477 2.0000
      vertex 53.4006 10.2415 2.0000
      vertex 53.4006 10.4477 2.0000
    endloop
  endfacet
  facet normal 0 -1 0
    outer loop
      vertex 53.0039 10.4477 2.0000
      vertex 53.4006 10.4477 2.0000
      vertex 53.4006 10.4477 2.6000
    endloop
  endfacet
  facet normal 0 -1 0
    outer loop
      vertex 53.0039 10.4477 2.0000
      vertex 53.4006 10.4477 2.6000
      vertex 53.0039 10.4477 2.6000
    endloop
  endfacet
  facet normal 0.552537 -0.833488 0
    outer loop
      vertex 53.0092 13.9355 2.0000
      vertex 53.0982 13.9945 2.0000
      vertex 53.0982 13.9945 2.6000
    endloop
  endfacet
  facet normal 0.552537 -0.833488 0
    outer loop
      vertex 53.0092 13.9355 2.0000
      vertex 53.0982 13.9945 2.6000
      vertex 53.0092 13.9355 2.6000
    endloop
  endfacet
  facet normal 0 0 1
    outer loop
      vertex 53.0092 13.9355 2.0000
      vertex 53.4006 13.4369 2.0000
      vertex 53.0982 13.9945 2.0000
    endloop
  endfacet
  facet normal 0.673716 0.73899 0
    outer loop
      vertex 53.0767 15.7008 2.0000
      vertex 53.0767 15.7008 2.6000
      vertex 53.1718 15.6141 2.0000
    endloop
  endfacet
  facet normal 0.673716 0.73899 0
    outer loop
      vertex 53.0767 15.7008 2.6000
      vertex 53.1718 15.6141 2.6000
      vertex 53.1718 15.6141 2.0000
    endloop
  endfacet
  facet normal 0.661716 -0.749755 0
    outer loop
      vertex 53.0982 13.9945 2.0000
      vertex 53.1774 14.0644 2.0000
      vertex 53.1774 14.0644 2.6000
    endloop
  endfacet
  facet normal 0.661716 -0.749755 0
    outer loop
      vertex 53.0982 13.9945 2.0000
      vertex 53.1774 14.0644 2.6000
      vertex 53.0982 13.9945 2.6000
    endloop
  endfacet
  facet normal 0 0 1
    outer loop
      vertex 53.0982 13.9945 2.0000
      vertex 53.4006 13.4369 2.0000
      vertex 53.1774 14.0644 2.0000
    endloop
  endfacet
  facet normal 0.773374 0.633951 0
    outer loop
      vertex 53.1718 15.6141 2.0000
      vertex 53.1718 15.6141 2.6000
      vertex 53.2541 15.5137 2.6000
    endloop
  endfacet
  facet normal 0.773374 0.633951 0
    outer loop
      vertex 53.1718 15.6141 2.0000
      vertex 53.2541 15.5137 2.6000
      vertex 53.2541 15.5137 2.0000
    endloop
  endfacet
  facet normal 0.758065 -0.652179 0
    outer loop
      vertex 53.1774 14.0644 2.0000
      vertex 53.2470 14.1453 2.0000
      vertex 53.1774 14.0644 2.6000
    endloop
  endfacet
  facet normal 0 0 1
    outer loop
      vertex 53.1774 14.0644 2.0000
      vertex 53.4006 13.4369 2.0000
      vertex 53.2470 14.1453 2.0000
    endloop
  endfacet
  facet normal 0.758065 -0.652179 0
    outer loop
      vertex 53.1774 14.0644 2.6000
      vertex 53.2470 14.1453 2.0000
      vertex 53.2470 14.1453 2.6000
    endloop
  endfacet
  facet normal 0.838213 -0.545343 0
    outer loop
      vertex 53.2470 14.1453 2.0000
      vertex 53.3064 14.2366 2.0000
      vertex 53.2470 14.1453 2.6000
    endloop
  endfacet
  facet normal 0 0 1
    outer loop
      vertex 53.2470 14.1453 2.0000
      vertex 53.4006 13.4369 2.0000
      vertex 53.3064 14.2366 2.0000
    endloop
  endfacet
  facet normal 0.838213 -0.545343 0
    outer loop
      vertex 53.2470 14.1453 2.6000
      vertex 53.3064 14.2366 2.0000
      vertex 53.3064 14.2366 2.6000
    endloop
  endfacet
  facet normal 0.857223 0.514945 0
    outer loop
      vertex 53.2541 15.5137 2.0000
      vertex 53.2541 15.5137 2.6000
      vertex 53.3215 15.4015 2.6000
    endloop
  endfacet
  facet normal 0 0 1
    outer loop
      vertex 53.2541 15.5137 2.0000
      vertex 53.3215 15.4015 2.0000
      vertex 54.0000 24.0000 2.0000
    endloop
  endfacet
  facet normal 0.857223 0.514945 0
    outer loop
      vertex 53.2541 15.5137 2.0000
      vertex 53.3215 15.4015 2.6000
      vertex 53.3215 15.4015 2.0000
    endloop
  endfacet
  facet normal 0.90095 -0.433923 0
    outer loop
      vertex 53.3064 14.2366 2.0000
      vertex 53.3549 14.3373 2.0000
      vertex 53.3064 14.2366 2.6000
    endloop
  endfacet
  facet normal 0 0 1
    outer loop
      vertex 53.3064 14.2366 2.0000
      vertex 53.4006 13.4369 2.0000
      vertex 53.3549 14.3373 2.0000
    endloop
  endfacet
  facet normal 0.90095 -0.433923 0
    outer loop
      vertex 53.3064 14.2366 2.6000
      vertex 53.3549 14.3373 2.0000
      vertex 53.3549 14.3373 2.6000
    endloop
  endfacet
  facet normal 0.920906 0.389786 0
    outer loop
      vertex 53.3215 15.4015 2.0000
      vertex 53.3215 15.4015 2.6000
      vertex 53.3739 15.2777 2.6000
    endloop
  endfacet
  facet normal 0 0 1
    outer loop
      vertex 53.3215 15.4015 2.0000
      vertex 53.3739 15.2777 2.0000
      vertex 54.0000 24.0000 2.0000
    endloop
  endfacet
  facet normal 0.920906 0.389786 0
    outer loop
      vertex 53.3215 15.4015 2.0000
      vertex 53.3739 15.2777 2.6000
      vertex 53.3739 15.2777 2.0000
    endloop
  endfacet
  facet normal 0.946081 -0.32393 0
    outer loop
      vertex 53.3549 14.3373 2.0000
      vertex 53.3927 14.4477 2.0000
      vertex 53.3549 14.3373 2.6000
    endloop
  endfacet
  facet normal 0 0 1
    outer loop
      vertex 53.3549 14.3373 2.0000
      vertex 53.4006 13.4369 2.0000
      vertex 53.3927 14.4477 2.0000
    endloop
  endfacet
  facet normal 0.946081 -0.32393 0
    outer loop
      vertex 53.3549 14.3373 2.6000
      vertex 53.3927 14.4477 2.0000
      vertex 53.3927 14.4477 2.6000
    endloop
  endfacet
  facet normal 0.963955 0.266066 0
    outer loop
      vertex 53.3739 15.2777 2.0000
      vertex 53.3739 15.2777 2.6000
      vertex 53.4113 15.1422 2.6000
    endloop
  endfacet
  facet normal 0 0 1
    outer loop
      vertex 53.3739 15.2777 2.0000
      vertex 53.4113 15.1422 2.0000
      vertex 54.0000 24.0000 2.0000
    endloop
  endfacet
  facet normal 0.963955 0.266066 0
    outer loop
      vertex 53.3739 15.2777 2.0000
      vertex 53.4113 15.1422 2.6000
      vertex 53.4113 15.1422 2.0000
    endloop
  endfacet
  facet normal 0 0 1
    outer loop
      vertex 53.3927 14.4477 2.0000
      vertex 53.4006 13.4369 2.0000
      vertex 53.4197 14.5676 2.0000
    endloop
  endfacet
  facet normal 0.975571 -0.219686 0
    outer loop
      vertex 53.3927 14.4477 2.0000
      vertex 53.4197 14.5676 2.0000
      vertex 53.3927 14.4477 2.6000
    endloop
  endfacet
  facet normal 0.975571 -0.219686 0
    outer loop
      vertex 53.3927 14.4477 2.6000
      vertex 53.4197 14.5676 2.0000
      vertex 53.4197 14.5676 2.6000
    endloop
  endfacet
  facet normal 1 0 0
    outer loop
      vertex 53.4006 8.3027 2.0000
      vertex 53.4006 10.2415 2.0000
      vertex 53.4006 8.3027 2.6000
    endloop
  endfacet
  facet normal 0 0 1
    outer loop
      vertex 53.4006 8.3027 2.0000
      vertex 54.0000 0.0000 2.0000
      vertex 53.4006 10.2415 2.0000
    endloop
  endfacet
  facet normal 1 0 0
    outer loop
      vertex 53.4006 8.3027 2.6000
      vertex 53.4006 10.2415 2.0000
      vertex 53.4006 10.2415 2.6000
    endloop
  endfacet
  facet normal 0 0 1
    outer loop
      vertex 53.4006 10.2415 2.0000
      vertex 54.0000 0.0000 2.0000
      vertex 53.4006 10.4477 2.0000
    endloop
  endfacet
  facet normal 1 0 0
    outer loop
      vertex 53.4006 10.4477 2.0000
      vertex 53.4006 12.4536 2.0000
      vertex 53.4006 10.4477 2.6000
    endloop
  endfacet
  facet normal 0 0 1
    outer loop
      vertex 53.4006 10.4477 2.0000
      vertex 54.0000 0.0000 2.0000
      vertex 53.4006 12.4536 2.0000
    endloop
  endfacet
  facet normal 1 0 0
    outer loop
      vertex 53.4006 10.4477 2.6000
      vertex 53.4006 12.4536 2.0000
      vertex 53.4006 12.4536 2.6000
    endloop
  endfacet
  facet normal 0 0 1
    outer loop
      vertex 53.4006 12.4536 2.0000
      vertex 53.4413 14.8360 2.0000
      vertex 53.4006 12.8490 2.0000
    endloop
  endfacet
  facet normal 0 0 1
    outer loop
      vertex 53.4006 12.4536 2.0000
      vertex 54.0000 0.0000 2.0000
      vertex 53.4413 14.8360 2.0000
    endloop
  endfacet
  facet normal 1 0 0
    outer loop
      vertex 53.4006 12.8490 2.0000
      vertex 53.4006 13.4369 2.0000
      vertex 53.4006 12.8490 2.6000
    endloop
  endfacet
  facet normal 0 0 1
    outer loop
      vertex 53.4006 12.8490 2.0000
      vertex 53.4359 14.6970 2.0000
      vertex 53.4006 13.4369 2.0000
    endloop
  endfacet
  facet normal 0 0 1
    outer loop
      vertex 53.4006 12.8490 2.0000
      vertex 53.4413 14.8360 2.0000
      vertex 53.4359 14.6970 2.0000
    endloop
  endfacet
  facet normal 1 0 0
    outer loop
      vertex 53.4006 12.8490 2.6000
      vertex 53.4006 13.4369 2.0000
      vertex 53.4006 13.4369 2.6000
    endloop
  endfacet
  facet normal 0 0 1
    outer loop
      vertex 53.4006 13.4369 2.0000
      vertex 53.4359 14.6970 2.0000
      vertex 53.4197 14.5676 2.0000
    endloop
  endfacet
  facet normal 0.988534 0.150998 0
    outer loop
      vertex 53.4113 15.1422 2.0000
      vertex 53.4113 15.1422 2.6000
      vertex 53.4338 14.9949 2.6000
    endloop
  endfacet
  facet normal 0 0 1
    outer loop
      vertex 53.4113 15.1422 2.0000
      vertex 53.4338 14.9949 2.0000
      vertex 54.0000 24.0000 2.0000
    endloop
  endfacet
  facet normal 0.988534 0.150998 0
    outer loop
      vertex 53.4113 15.1422 2.0000
      vertex 53.4338 14.9949 2.6000
      vertex 53.4338 14.9949 2.0000
    endloop
  endfacet
  facet normal 0.992254 -0.124223 0
    outer loop
      vertex 53.4197 14.5676 2.0000
      vertex 53.4359 14.6970 2.0000
      vertex 53.4197 14.5676 2.6000
    endloop
  endfacet
  facet normal 0.992254 -0.124223 0
    outer loop
      vertex 53.4197 14.5676 2.6000
      vertex 53.4359 14.6970 2.0000
      vertex 53.4359 14.6970 2.6000
    endloop
  endfacet
  facet normal 0.998888 0.047147 0
    outer loop
      vertex 53.4338 14.9949 2.0000
      vertex 53.4338 14.9949 2.6000
      vertex 53.4413 14.8360 2.6000
    endloop
  endfacet
  facet normal 0 0 1
    outer loop
      vertex 53.4338 14.9949 2.0000
      vertex 53.4413 14.8360 2.0000
      vertex 54.0000 24.0000 2.0000
    endloop
  endfacet
  facet normal 0.998888 0.047147 0
    outer loop
      vertex 53.4338 14.9949 2.0000
      vertex 53.4413 14.8360 2.6000
      vertex 53.4413 14.8360 2.0000
    endloop
  endfacet
  facet normal 0.999246 -0.03882 0
    outer loop
      vertex 53.4359 14.6970 2.0000
      vertex 53.4413 14.8360 2.0000
      vertex 53.4359 14.6970 2.6000
    endloop
  endfacet
  facet normal 0.999246 -0.03882 0
    outer loop
      vertex 53.4359 14.6970 2.6000
      vertex 53.4413 14.8360 2.0000
      vertex 53.4413 14.8360 2.6000
    endloop
  endfacet
  facet normal 0 0 1
    outer loop
      vertex 53.4413 14.8360 2.0000
      vertex 54.0000 0.0000 2.0000
      vertex 54.0000 24.0000 2.0000
    endloop
  endfacet
  facet normal 1 0 0
    outer loop
      vertex 54.0000 0.0000 0.0000
      vertex 54.0000 24.0000 0.0000
      vertex 54.0000 0.0000 2.0000
    endloop
  endfacet
  facet normal 1 0 0
    outer loop
      vertex 54.0000 0.0000 2.0000
      vertex 54.0000 24.0000 0.0000
      vertex 54.0000 24.0000 2.0000
    endloop
  endfacet
endsolid OpenSCAD_Model
