solid OpenSCAD_Model
  facet normal -1 0 0
    outer loop
      vertex 0.0000 0.0000 0.0000
      vertex 0.0000 0.0000 3.0000
      vertex 0.0000 123.4000 3.0000
    endloop
  endfacet
  facet normal 0 0 -1
    outer loop
      vertex 0.0000 0.0000 0.0000
      vertex 0.0000 123.4000 0.0000
      vertex 17.8000 62.7000 0.0000
    endloop
  endfacet
  facet normal -1 0 0
    outer loop
      vertex 0.0000 0.0000 0.0000
      vertex 0.0000 123.4000 3.0000
      vertex 0.0000 123.4000 0.0000
    endloop
  endfacet
  facet normal 0 0 -1
    outer loop
      vertex 0.0000 0.0000 0.0000
      vertex 17.8000 50.7000 0.0000
      vertex 31.4000 26.7000 0.0000
    endloop
  endfacet
  facet normal 0 0 -1
    outer loop
      vertex 0.0000 0.0000 0.0000
      vertex 17.8000 53.7000 0.0000
      vertex 17.8000 50.7000 0.0000
    endloop
  endfacet
  facet normal 0 0 -1
    outer loop
      vertex 0.0000 0.0000 0.0000
      vertex 17.8000 56.7000 0.0000
      vertex 17.8000 53.7000 0.0000
    endloop
  endfacet
  facet normal 0 0 -1
    outer loop
      vertex 0.0000 0.0000 0.0000
      vertex 17.8000 59.7000 0.0000
      vertex 17.8000 56.7000 0.0000
    endloop
  endfacet
  facet normal 0 0 -1
    outer loop
      vertex 0.0000 0.0000 0.0000
      vertex 17.8000 62.7000 0.0000
      vertex 17.8000 59.7000 0.0000
    endloop
  endfacet
  facet normal 0 0 -1
    outer loop
      vertex 0.0000 0.0000 0.0000
      vertex 31.4000 5.0000 0.0000
      vertex 51.4000 5.0000 0.0000
    endloop
  endfacet
  facet normal 0 0 -1
    outer loop
      vertex 0.0000 0.0000 0.0000
      vertex 31.4000 5.7000 0.0000
      vertex 31.4000 5.0000 0.0000
    endloop
  endfacet
  facet normal 0 0 -1
    outer loop
      vertex 0.0000 0.0000 0.0000
      vertex 31.4000 8.7000 0.0000
      vertex 31.4000 5.7000 0.0000
    endloop
  endfacet
  facet normal 0 0 -1
    outer loop
      vertex 0.0000 0.0000 0.0000
      vertex 31.4000 11.7000 0.0000
      vertex 31.4000 8.7000 0.0000
    endloop
  endfacet
  facet normal 0 0 -1
    outer loop
      vertex 0.0000 0.0000 0.0000
      vertex 31.4000 14.7000 0.0000
      vertex 31.4000 11.7000 0.0000
    endloop
  endfacet
  facet normal 0 0 -1
    outer loop
      vertex 0.0000 0.0000 0.0000
      vertex 31.4000 17.7000 0.0000
      vertex 31.4000 14.7000 0.0000
    endloop
  endfacet
  facet normal 0 0 -1
    outer loop
      vertex 0.0000 0.0000 0.0000
      vertex 31.4000 20.7000 0.0000
      vertex 31.4000 17.7000 0.0000
    endloop
  endfacet
  facet normal 0 0 -1
    outer loop
      vertex 0.0000 0.0000 0.0000
      vertex 31.4000 23.7000 0.0000
      vertex 31.4000 20.7000 0.0000
    endloop
  endfacet
  facet normal 0 0 -1
    outer loop
      vertex 0.0000 0.0000 0.0000
      vertex 31.4000 26.7000 0.0000
      vertex 31.4000 23.7000 0.0000
    endloop
  endfacet
  facet normal 0 0 -1
    outer loop
      vertex 0.0000 0.0000 0.0000
      vertex 51.4000 5.0000 0.0000
      vertex 55.4000 5.0000 0.0000
    endloop
  endfacet
  facet normal 0 0 -1
    outer loop
      vertex 0.0000 0.0000 0.0000
      vertex 55.4000 5.0000 0.0000
      vertex 75.4000 5.0000 0.0000
    endloop
  endfacet
  facet normal 0 0 -1
    outer loop
      vertex 0.0000 0.0000 0.0000
      vertex 75.4000 5.0000 0.0000
      vertex 79.4000 5.0000 0.0000
    endloop
  endfacet
  facet normal 0 0 -1
    outer loop
      vertex 0.0000 0.0000 0.0000
      vertex 79.4000 5.0000 0.0000
      vertex 177.4000 0.0000 0.0000
    endloop
  endfacet
  facet normal 0 -1 0
    outer loop
      vertex 0.0000 0.0000 0.0000
      vertex 177.4000 0.0000 0.0000
      vertex 177.4000 0.0000 3.0000
    endloop
  endfacet
  facet normal 0 -1 0
    outer loop
      vertex 0.0000 0.0000 0.0000
      vertex 177.4000 0.0000 3.0000
      vertex 0.0000 0.0000 3.0000
    endloop
  endfacet
  facet normal 0 0 1
    outer loop
      vertex 0.0000 0.0000 3.0000
      vertex 17.8000 50.7000 3.0000
      vertex 17.8000 53.7000 3.0000
    endloop
  endfacet
  facet normal 0 0 1
    outer loop
      vertex 0.0000 0.0000 3.0000
      vertex 17.8000 53.7000 3.0000
      vertex 17.8000 56.7000 3.0000
    endloop
  endfacet
  facet normal 0 0 1
    outer loop
      vertex 0.0000 0.0000 3.0000
      vertex 17.8000 56.7000 3.0000
      vertex 17.8000 59.7000 3.0000
    endloop
  endfacet
  facet normal 0 0 1
    outer loop
      vertex 0.0000 0.0000 3.0000
      vertex 17.8000 59.7000 3.0000
      vertex 0.0000 123.4000 3.0000
    endloop
  endfacet
  facet normal 0 0 1
    outer loop
      vertex 0.0000 0.0000 3.0000
      vertex 31.4000 5.0000 3.0000
      vertex 31.4000 5.7000 3.0000
    endloop
  endfacet
  facet normal 0 0 1
    outer loop
      vertex 0.0000 0.0000 3.0000
      vertex 31.4000 5.7000 3.0000
      vertex 31.4000 8.7000 3.0000
    endloop
  endfacet
  facet normal 0 0 1
    outer loop
      vertex 0.0000 0.0000 3.0000
      vertex 31.4000 8.7000 3.0000
      vertex 31.4000 11.7000 3.0000
    endloop
  endfacet
  facet normal 0 0 1
    outer loop
      vertex 0.0000 0.0000 3.0000
      vertex 31.4000 11.7000 3.0000
      vertex 31.4000 14.7000 3.0000
    endloop
  endfacet
  facet normal 0 0 1
    outer loop
      vertex 0.0000 0.0000 3.0000
      vertex 31.4000 14.7000 3.0000
      vertex 31.4000 17.7000 3.0000
    endloop
  endfacet
  facet normal 0 0 1
    outer loop
      vertex 0.0000 0.0000 3.0000
      vertex 31.4000 17.7000 3.0000
      vertex 31.4000 20.7000 3.0000
    endloop
  endfacet
  facet normal 0 0 1
    outer loop
      vertex 0.0000 0.0000 3.0000
      vertex 31.4000 20.7000 3.0000
      vertex 31.4000 23.7000 3.0000
    endloop
  endfacet
  facet normal 0 0 1
    outer loop
      vertex 0.0000 0.0000 3.0000
      vertex 31.4000 23.7000 3.0000
      vertex 31.4000 26.7000 3.0000
    endloop
  endfacet
  facet normal 0 0 1
    outer loop
      vertex 0.0000 0.0000 3.0000
      vertex 31.4000 26.7000 3.0000
      vertex 17.8000 50.7000 3.0000
    endloop
  endfacet
  facet normal 0 0 1
    outer loop
      vertex 0.0000 0.0000 3.0000
      vertex 51.4000 5.0000 3.0000
      vertex 31.4000 5.0000 3.0000
    endloop
  endfacet
  facet normal 0 0 1
    outer loop
      vertex 0.0000 0.0000 3.0000
      vertex 55.4000 5.0000 3.0000
      vertex 51.4000 5.0000 3.0000
    endloop
  endfacet
  facet normal 0 0 1
    outer loop
      vertex 0.0000 0.0000 3.0000
      vertex 75.4000 5.0000 3.0000
      vertex 55.4000 5.0000 3.0000
    endloop
  endfacet
  facet normal 0 0 1
    outer loop
      vertex 0.0000 0.0000 3.0000
      vertex 79.4000 5.0000 3.0000
      vertex 75.4000 5.0000 3.0000
    endloop
  endfacet
  facet normal 0 0 1
    outer loop
      vertex 0.0000 0.0000 3.0000
      vertex 177.4000 0.0000 3.0000
      vertex 79.4000 5.0000 3.0000
    endloop
  endfacet
  facet normal 0 1 0
    outer loop
      vertex 0.0000 123.4000 0.0000
      vertex 0.0000 123.4000 3.0000
      vertex 177.4000 123.4000 0.0000
    endloop
  endfacet
  facet normal 0 0 -1
    outer loop
      vertex 0.0000 123.4000 0.0000
      vertex 17.8000 65.7000 0.0000
      vertex 17.8000 62.7000 0.0000
    endloop
  endfacet
  facet normal 0 0 -1
    outer loop
      vertex 0.0000 123.4000 0.0000
      vertex 17.8000 68.7000 0.0000
      vertex 17.8000 65.7000 0.0000
    endloop
  endfacet
  facet normal 0 0 -1
    outer loop
      vertex 0.0000 123.4000 0.0000
      vertex 17.8000 71.7000 0.0000
      vertex 17.8000 68.7000 0.0000
    endloop
  endfacet
  facet normal 0 0 -1
    outer loop
      vertex 0.0000 123.4000 0.0000
      vertex 17.8000 74.7000 0.0000
      vertex 17.8000 71.7000 0.0000
    endloop
  endfacet
  facet normal 0 0 -1
    outer loop
      vertex 0.0000 123.4000 0.0000
      vertex 17.8000 77.7000 0.0000
      vertex 17.8000 74.7000 0.0000
    endloop
  endfacet
  facet normal 0 0 -1
    outer loop
      vertex 0.0000 123.4000 0.0000
      vertex 17.8000 80.7000 0.0000
      vertex 17.8000 77.7000 0.0000
    endloop
  endfacet
  facet normal 0 0 -1
    outer loop
      vertex 0.0000 123.4000 0.0000
      vertex 17.8000 83.7000 0.0000
      vertex 17.8000 80.7000 0.0000
    endloop
  endfacet
  facet normal 0 0 -1
    outer loop
      vertex 0.0000 123.4000 0.0000
      vertex 31.4000 103.7000 0.0000
      vertex 17.8000 83.7000 0.0000
    endloop
  endfacet
  facet normal 0 0 -1
    outer loop
      vertex 0.0000 123.4000 0.0000
      vertex 31.4000 106.7000 0.0000
      vertex 31.4000 103.7000 0.0000
    endloop
  endfacet
  facet normal 0 0 -1
    outer loop
      vertex 0.0000 123.4000 0.0000
      vertex 31.4000 109.7000 0.0000
      vertex 31.4000 106.7000 0.0000
    endloop
  endfacet
  facet normal 0 0 -1
    outer loop
      vertex 0.0000 123.4000 0.0000
      vertex 31.4000 112.7000 0.0000
      vertex 31.4000 109.7000 0.0000
    endloop
  endfacet
  facet normal 0 0 -1
    outer loop
      vertex 0.0000 123.4000 0.0000
      vertex 31.4000 115.7000 0.0000
      vertex 31.4000 112.7000 0.0000
    endloop
  endfacet
  facet normal 0 0 -1
    outer loop
      vertex 0.0000 123.4000 0.0000
      vertex 51.4000 115.7000 0.0000
      vertex 31.4000 115.7000 0.0000
    endloop
  endfacet
  facet normal 0 0 -1
    outer loop
      vertex 0.0000 123.4000 0.0000
      vertex 55.4000 115.7000 0.0000
      vertex 51.4000 115.7000 0.0000
    endloop
  endfacet
  facet normal 0 0 -1
    outer loop
      vertex 0.0000 123.4000 0.0000
      vertex 75.4000 115.7000 0.0000
      vertex 55.4000 115.7000 0.0000
    endloop
  endfacet
  facet normal 0 0 -1
    outer loop
      vertex 0.0000 123.4000 0.0000
      vertex 79.4000 115.7000 0.0000
      vertex 75.4000 115.7000 0.0000
    endloop
  endfacet
  facet normal 0 0 -1
    outer loop
      vertex 0.0000 123.4000 0.0000
      vertex 177.4000 123.4000 0.0000
      vertex 79.4000 115.7000 0.0000
    endloop
  endfacet
  facet normal 0 0 1
    outer loop
      vertex 0.0000 123.4000 3.0000
      vertex 17.8000 59.7000 3.0000
      vertex 17.8000 62.7000 3.0000
    endloop
  endfacet
  facet normal 0 0 1
    outer loop
      vertex 0.0000 123.4000 3.0000
      vertex 17.8000 62.7000 3.0000
      vertex 17.8000 65.7000 3.0000
    endloop
  endfacet
  facet normal 0 0 1
    outer loop
      vertex 0.0000 123.4000 3.0000
      vertex 17.8000 65.7000 3.0000
      vertex 17.8000 68.7000 3.0000
    endloop
  endfacet
  facet normal 0 0 1
    outer loop
      vertex 0.0000 123.4000 3.0000
      vertex 17.8000 68.7000 3.0000
      vertex 17.8000 71.7000 3.0000
    endloop
  endfacet
  facet normal 0 0 1
    outer loop
      vertex 0.0000 123.4000 3.0000
      vertex 17.8000 71.7000 3.0000
      vertex 17.8000 74.7000 3.0000
    endloop
  endfacet
  facet normal 0 0 1
    outer loop
      vertex 0.0000 123.4000 3.0000
      vertex 17.8000 74.7000 3.0000
      vertex 17.8000 77.7000 3.0000
    endloop
  endfacet
  facet normal 0 0 1
    outer loop
      vertex 0.0000 123.4000 3.0000
      vertex 17.8000 77.7000 3.0000
      vertex 17.8000 80.7000 3.0000
    endloop
  endfacet
  facet normal 0 0 1
    outer loop
      vertex 0.0000 123.4000 3.0000
      vertex 17.8000 80.7000 3.0000
      vertex 17.8000 83.7000 3.0000
    endloop
  endfacet
  facet normal 0 0 1
    outer loop
      vertex 0.0000 123.4000 3.0000
      vertex 17.8000 83.7000 3.0000
      vertex 31.4000 103.7000 3.0000
    endloop
  endfacet
  facet normal 0 0 1
    outer loop
      vertex 0.0000 123.4000 3.0000
      vertex 31.4000 103.7000 3.0000
      vertex 31.4000 106.7000 3.0000
    endloop
  endfacet
  facet normal 0 0 1
    outer loop
      vertex 0.0000 123.4000 3.0000
      vertex 31.4000 106.7000 3.0000
      vertex 31.4000 109.7000 3.0000
    endloop
  endfacet
  facet normal 0 0 1
    outer loop
      vertex 0.0000 123.4000 3.0000
      vertex 31.4000 109.7000 3.0000
      vertex 31.4000 112.7000 3.0000
    endloop
  endfacet
  facet normal 0 0 1
    outer loop
      vertex 0.0000 123.4000 3.0000
      vertex 31.4000 112.7000 3.0000
      vertex 31.4000 115.7000 3.0000
    endloop
  endfacet
  facet normal 0 0 1
    outer loop
      vertex 0.0000 123.4000 3.0000
      vertex 31.4000 115.7000 3.0000
      vertex 51.4000 115.7000 3.0000
    endloop
  endfacet
  facet normal 0 0 1
    outer loop
      vertex 0.0000 123.4000 3.0000
      vertex 51.4000 115.7000 3.0000
      vertex 55.4000 115.7000 3.0000
    endloop
  endfacet
  facet normal 0 0 1
    outer loop
      vertex 0.0000 123.4000 3.0000
      vertex 55.4000 115.7000 3.0000
      vertex 75.4000 115.7000 3.0000
    endloop
  endfacet
  facet normal 0 0 1
    outer loop
      vertex 0.0000 123.4000 3.0000
      vertex 75.4000 115.7000 3.0000
      vertex 79.4000 115.7000 3.0000
    endloop
  endfacet
  facet normal 0 0 1
    outer loop
      vertex 0.0000 123.4000 3.0000
      vertex 79.4000 115.7000 3.0000
      vertex 177.4000 123.4000 3.0000
    endloop
  endfacet
  facet normal 0 1 0
    outer loop
      vertex 0.0000 123.4000 3.0000
      vertex 177.4000 123.4000 3.0000
      vertex 177.4000 123.4000 0.0000
    endloop
  endfacet
  facet normal 0 1 0
    outer loop
      vertex 17.8000 50.7000 0.0000
      vertex 17.8000 50.7000 3.0000
      vertex 37.8000 50.7000 0.0000
    endloop
  endfacet
  facet normal 1 0 0
    outer loop
      vertex 17.8000 50.7000 0.0000
      vertex 17.8000 53.7000 0.0000
      vertex 17.8000 50.7000 3.0000
    endloop
  endfacet
  facet normal 0 0 -1
    outer loop
      vertex 17.8000 50.7000 0.0000
      vertex 31.4000 29.7000 0.0000
      vertex 31.4000 26.7000 0.0000
    endloop
  endfacet
  facet normal 0 0 -1
    outer loop
      vertex 17.8000 50.7000 0.0000
      vertex 31.4000 32.7000 0.0000
      vertex 31.4000 29.7000 0.0000
    endloop
  endfacet
  facet normal 0 0 -1
    outer loop
      vertex 17.8000 50.7000 0.0000
      vertex 31.4000 35.7000 0.0000
      vertex 31.4000 32.7000 0.0000
    endloop
  endfacet
  facet normal 0 0 -1
    outer loop
      vertex 17.8000 50.7000 0.0000
      vertex 31.4000 38.7000 0.0000
      vertex 31.4000 35.7000 0.0000
    endloop
  endfacet
  facet normal 0 0 -1
    outer loop
      vertex 17.8000 50.7000 0.0000
      vertex 31.4000 41.7000 0.0000
      vertex 31.4000 38.7000 0.0000
    endloop
  endfacet
  facet normal 0 0 -1
    outer loop
      vertex 17.8000 50.7000 0.0000
      vertex 31.4000 44.7000 0.0000
      vertex 31.4000 41.7000 0.0000
    endloop
  endfacet
  facet normal 0 0 -1
    outer loop
      vertex 17.8000 50.7000 0.0000
      vertex 31.4000 47.7000 0.0000
      vertex 31.4000 44.7000 0.0000
    endloop
  endfacet
  facet normal 0 0 -1
    outer loop
      vertex 17.8000 50.7000 0.0000
      vertex 37.8000 50.7000 0.0000
      vertex 31.4000 47.7000 0.0000
    endloop
  endfacet
  facet normal 1 0 0
    outer loop
      vertex 17.8000 50.7000 3.0000
      vertex 17.8000 53.7000 0.0000
      vertex 17.8000 53.7000 3.0000
    endloop
  endfacet
  facet normal 0 0 1
    outer loop
      vertex 17.8000 50.7000 3.0000
      vertex 31.4000 26.7000 3.0000
      vertex 31.4000 29.7000 3.0000
    endloop
  endfacet
  facet normal 0 0 1
    outer loop
      vertex 17.8000 50.7000 3.0000
      vertex 31.4000 29.7000 3.0000
      vertex 31.4000 32.7000 3.0000
    endloop
  endfacet
  facet normal 0 0 1
    outer loop
      vertex 17.8000 50.7000 3.0000
      vertex 31.4000 32.7000 3.0000
      vertex 31.4000 35.7000 3.0000
    endloop
  endfacet
  facet normal 0 0 1
    outer loop
      vertex 17.8000 50.7000 3.0000
      vertex 31.4000 35.7000 3.0000
      vertex 31.4000 38.7000 3.0000
    endloop
  endfacet
  facet normal 0 0 1
    outer loop
      vertex 17.8000 50.7000 3.0000
      vertex 31.4000 38.7000 3.0000
      vertex 31.4000 41.7000 3.0000
    endloop
  endfacet
  facet normal 0 0 1
    outer loop
      vertex 17.8000 50.7000 3.0000
      vertex 31.4000 41.7000 3.0000
      vertex 31.4000 44.7000 3.0000
    endloop
  endfacet
  facet normal 0 0 1
    outer loop
      vertex 17.8000 50.7000 3.0000
      vertex 31.4000 44.7000 3.0000
      vertex 31.4000 47.7000 3.0000
    endloop
  endfacet
  facet normal 0 0 1
    outer loop
      vertex 17.8000 50.7000 3.0000
      vertex 31.4000 47.7000 3.0000
      vertex 37.8000 50.7000 3.0000
    endloop
  endfacet
  facet normal 0 1 0
    outer loop
      vertex 17.8000 50.7000 3.0000
      vertex 37.8000 50.7000 3.0000
      vertex 37.8000 50.7000 0.0000
    endloop
  endfacet
  facet normal 0 0 -1
    outer loop
      vertex 17.8000 53.7000 0.0000
      vertex 17.8000 56.7000 0.0000
      vertex 37.8000 56.7000 0.0000
    endloop
  endfacet
  facet normal 0 -1 0
    outer loop
      vertex 17.8000 53.7000 0.0000
      vertex 37.8000 53.7000 0.0000
      vertex 37.8000 53.7000 3.0000
    endloop
  endfacet
  facet normal 0 -1 0
    outer loop
      vertex 17.8000 53.7000 0.0000
      vertex 37.8000 53.7000 3.0000
      vertex 17.8000 53.7000 3.0000
    endloop
  endfacet
  facet normal 0 0 -1
    outer loop
      vertex 17.8000 53.7000 0.0000
      vertex 37.8000 56.7000 0.0000
      vertex 37.8000 53.7000 0.0000
    endloop
  endfacet
  facet normal 0 0 1
    outer loop
      vertex 17.8000 53.7000 3.0000
      vertex 37.8000 53.7000 3.0000
      vertex 17.8000 56.7000 3.0000
    endloop
  endfacet
  facet normal 0 1 0
    outer loop
      vertex 17.8000 56.7000 0.0000
      vertex 17.8000 56.7000 3.0000
      vertex 37.8000 56.7000 0.0000
    endloop
  endfacet
  facet normal 1 0 0
    outer loop
      vertex 17.8000 56.7000 0.0000
      vertex 17.8000 59.7000 0.0000
      vertex 17.8000 56.7000 3.0000
    endloop
  endfacet
  facet normal 1 0 0
    outer loop
      vertex 17.8000 56.7000 3.0000
      vertex 17.8000 59.7000 0.0000
      vertex 17.8000 59.7000 3.0000
    endloop
  endfacet
  facet normal 0 0 1
    outer loop
      vertex 17.8000 56.7000 3.0000
      vertex 37.8000 53.7000 3.0000
      vertex 37.8000 56.7000 3.0000
    endloop
  endfacet
  facet normal 0 1 0
    outer loop
      vertex 17.8000 56.7000 3.0000
      vertex 37.8000 56.7000 3.0000
      vertex 37.8000 56.7000 0.0000
    endloop
  endfacet
  facet normal 0 0 -1
    outer loop
      vertex 17.8000 59.7000 0.0000
      vertex 17.8000 62.7000 0.0000
      vertex 37.8000 62.7000 0.0000
    endloop
  endfacet
  facet normal 0 -1 0
    outer loop
      vertex 17.8000 59.7000 0.0000
      vertex 37.8000 59.7000 0.0000
      vertex 37.8000 59.7000 3.0000
    endloop
  endfacet
  facet normal 0 -1 0
    outer loop
      vertex 17.8000 59.7000 0.0000
      vertex 37.8000 59.7000 3.0000
      vertex 17.8000 59.7000 3.0000
    endloop
  endfacet
  facet normal 0 0 -1
    outer loop
      vertex 17.8000 59.7000 0.0000
      vertex 37.8000 62.7000 0.0000
      vertex 37.8000 59.7000 0.0000
    endloop
  endfacet
  facet normal 0 0 1
    outer loop
      vertex 17.8000 59.7000 3.0000
      vertex 37.8000 59.7000 3.0000
      vertex 17.8000 62.7000 3.0000
    endloop
  endfacet
  facet normal 0 1 0
    outer loop
      vertex 17.8000 62.7000 0.0000
      vertex 17.8000 62.7000 3.0000
      vertex 37.8000 62.7000 0.0000
    endloop
  endfacet
  facet normal 1 0 0
    outer loop
      vertex 17.8000 62.7000 0.0000
      vertex 17.8000 65.7000 0.0000
      vertex 17.8000 62.7000 3.0000
    endloop
  endfacet
  facet normal 1 0 0
    outer loop
      vertex 17.8000 62.7000 3.0000
      vertex 17.8000 65.7000 0.0000
      vertex 17.8000 65.7000 3.0000
    endloop
  endfacet
  facet normal 0 0 1
    outer loop
      vertex 17.8000 62.7000 3.0000
      vertex 37.8000 59.7000 3.0000
      vertex 37.8000 62.7000 3.0000
    endloop
  endfacet
  facet normal 0 1 0
    outer loop
      vertex 17.8000 62.7000 3.0000
      vertex 37.8000 62.7000 3.0000
      vertex 37.8000 62.7000 0.0000
    endloop
  endfacet
  facet normal 0 0 -1
    outer loop
      vertex 17.8000 65.7000 0.0000
      vertex 17.8000 68.7000 0.0000
      vertex 37.8000 68.7000 0.0000
    endloop
  endfacet
  facet normal 0 -1 0
    outer loop
      vertex 17.8000 65.7000 0.0000
      vertex 37.8000 65.7000 0.0000
      vertex 37.8000 65.7000 3.0000
    endloop
  endfacet
  facet normal 0 -1 0
    outer loop
      vertex 17.8000 65.7000 0.0000
      vertex 37.8000 65.7000 3.0000
      vertex 17.8000 65.7000 3.0000
    endloop
  endfacet
  facet normal 0 0 -1
    outer loop
      vertex 17.8000 65.7000 0.0000
      vertex 37.8000 68.7000 0.0000
      vertex 37.8000 65.7000 0.0000
    endloop
  endfacet
  facet normal 0 0 1
    outer loop
      vertex 17.8000 65.7000 3.0000
      vertex 37.8000 65.7000 3.0000
      vertex 17.8000 68.7000 3.0000
    endloop
  endfacet
  facet normal 0 1 0
    outer loop
      vertex 17.8000 68.7000 0.0000
      vertex 17.8000 68.7000 3.0000
      vertex 37.8000 68.7000 0.0000
    endloop
  endfacet
  facet normal 1 0 0
    outer loop
      vertex 17.8000 68.7000 0.0000
      vertex 17.8000 71.7000 0.0000
      vertex 17.8000 68.7000 3.0000
    endloop
  endfacet
  facet normal 1 0 0
    outer loop
      vertex 17.8000 68.7000 3.0000
      vertex 17.8000 71.7000 0.0000
      vertex 17.8000 71.7000 3.0000
    endloop
  endfacet
  facet normal 0 0 1
    outer loop
      vertex 17.8000 68.7000 3.0000
      vertex 37.8000 65.7000 3.0000
      vertex 37.8000 68.7000 3.0000
    endloop
  endfacet
  facet normal 0 1 0
    outer loop
      vertex 17.8000 68.7000 3.0000
      vertex 37.8000 68.7000 3.0000
      vertex 37.8000 68.7000 0.0000
    endloop
  endfacet
  facet normal 0 0 -1
    outer loop
      vertex 17.8000 71.7000 0.0000
      vertex 17.8000 74.7000 0.0000
      vertex 37.8000 74.7000 0.0000
    endloop
  endfacet
  facet normal 0 -1 0
    outer loop
      vertex 17.8000 71.7000 0.0000
      vertex 37.8000 71.7000 0.0000
      vertex 37.8000 71.7000 3.0000
    endloop
  endfacet
  facet normal 0 -1 0
    outer loop
      vertex 17.8000 71.7000 0.0000
      vertex 37.8000 71.7000 3.0000
      vertex 17.8000 71.7000 3.0000
    endloop
  endfacet
  facet normal 0 0 -1
    outer loop
      vertex 17.8000 71.7000 0.0000
      vertex 37.8000 74.7000 0.0000
      vertex 37.8000 71.7000 0.0000
    endloop
  endfacet
  facet normal 0 0 1
    outer loop
      vertex 17.8000 71.7000 3.0000
      vertex 37.8000 71.7000 3.0000
      vertex 17.8000 74.7000 3.0000
    endloop
  endfacet
  facet normal 0 1 0
    outer loop
      vertex 17.8000 74.7000 0.0000
      vertex 17.8000 74.7000 3.0000
      vertex 37.8000 74.7000 0.0000
    endloop
  endfacet
  facet normal 1 0 0
    outer loop
      vertex 17.8000 74.7000 0.0000
      vertex 17.8000 77.7000 0.0000
      vertex 17.8000 74.7000 3.0000
    endloop
  endfacet
  facet normal 1 0 0
    outer loop
      vertex 17.8000 74.7000 3.0000
      vertex 17.8000 77.7000 0.0000
      vertex 17.8000 77.7000 3.0000
    endloop
  endfacet
  facet normal 0 0 1
    outer loop
      vertex 17.8000 74.7000 3.0000
      vertex 37.8000 71.7000 3.0000
      vertex 37.8000 74.7000 3.0000
    endloop
  endfacet
  facet normal 0 1 0
    outer loop
      vertex 17.8000 74.7000 3.0000
      vertex 37.8000 74.7000 3.0000
      vertex 37.8000 74.7000 0.0000
    endloop
  endfacet
  facet normal 0 0 -1
    outer loop
      vertex 17.8000 77.7000 0.0000
      vertex 17.8000 80.7000 0.0000
      vertex 37.8000 80.7000 0.0000
    endloop
  endfacet
  facet normal 0 -1 0
    outer loop
      vertex 17.8000 77.7000 0.0000
      vertex 37.8000 77.7000 0.0000
      vertex 37.8000 77.7000 3.0000
    endloop
  endfacet
  facet normal 0 -1 0
    outer loop
      vertex 17.8000 77.7000 0.0000
      vertex 37.8000 77.7000 3.0000
      vertex 17.8000 77.7000 3.0000
    endloop
  endfacet
  facet normal 0 0 -1
    outer loop
      vertex 17.8000 77.7000 0.0000
      vertex 37.8000 80.7000 0.0000
      vertex 37.8000 77.7000 0.0000
    endloop
  endfacet
  facet normal 0 0 1
    outer loop
      vertex 17.8000 77.7000 3.0000
      vertex 37.8000 77.7000 3.0000
      vertex 17.8000 80.7000 3.0000
    endloop
  endfacet
  facet normal 0 1 0
    outer loop
      vertex 17.8000 80.7000 0.0000
      vertex 17.8000 80.7000 3.0000
      vertex 37.8000 80.7000 0.0000
    endloop
  endfacet
  facet normal 1 0 0
    outer loop
      vertex 17.8000 80.7000 0.0000
      vertex 17.8000 83.7000 0.0000
      vertex 17.8000 80.7000 3.0000
    endloop
  endfacet
  facet normal 1 0 0
    outer loop
      vertex 17.8000 80.7000 3.0000
      vertex 17.8000 83.7000 0.0000
      vertex 17.8000 83.7000 3.0000
    endloop
  endfacet
  facet normal 0 0 1
    outer loop
      vertex 17.8000 80.7000 3.0000
      vertex 37.8000 77.7000 3.0000
      vertex 37.8000 80.7000 3.0000
    endloop
  endfacet
  facet normal 0 1 0
    outer loop
      vertex 17.8000 80.7000 3.0000
      vertex 37.8000 80.7000 3.0000
      vertex 37.8000 80.7000 0.0000
    endloop
  endfacet
  facet normal 0 0 -1
    outer loop
      vertex 17.8000 83.7000 0.0000
      vertex 31.4000 94.7000 0.0000
      vertex 37.8000 83.7000 0.0000
    endloop
  endfacet
  facet normal 0 0 -1
    outer loop
      vertex 17.8000 83.7000 0.0000
      vertex 31.4000 97.7000 0.0000
      vertex 31.4000 94.7000 0.0000
    endloop
  endfacet
  facet normal 0 0 -1
    outer loop
      vertex 17.8000 83.7000 0.0000
      vertex 31.4000 100.7000 0.0000
      vertex 31.4000 97.7000 0.0000
    endloop
  endfacet
  facet normal 0 0 -1
    outer loop
      vertex 17.8000 83.7000 0.0000
      vertex 31.4000 103.7000 0.0000
      vertex 31.4000 100.7000 0.0000
    endloop
  endfacet
  facet normal 0 -1 0
    outer loop
      vertex 17.8000 83.7000 0.0000
      vertex 37.8000 83.7000 0.0000
      vertex 37.8000 83.7000 3.0000
    endloop
  endfacet
  facet normal 0 -1 0
    outer loop
      vertex 17.8000 83.7000 0.0000
      vertex 37.8000 83.7000 3.0000
      vertex 17.8000 83.7000 3.0000
    endloop
  endfacet
  facet normal 0 0 1
    outer loop
      vertex 17.8000 83.7000 3.0000
      vertex 31.4000 94.7000 3.0000
      vertex 31.4000 97.7000 3.0000
    endloop
  endfacet
  facet normal 0 0 1
    outer loop
      vertex 17.8000 83.7000 3.0000
      vertex 31.4000 97.7000 3.0000
      vertex 31.4000 100.7000 3.0000
    endloop
  endfacet
  facet normal 0 0 1
    outer loop
      vertex 17.8000 83.7000 3.0000
      vertex 31.4000 100.7000 3.0000
      vertex 31.4000 103.7000 3.0000
    endloop
  endfacet
  facet normal 0 0 1
    outer loop
      vertex 17.8000 83.7000 3.0000
      vertex 37.8000 83.7000 3.0000
      vertex 31.4000 94.7000 3.0000
    endloop
  endfacet
  facet normal 0 1 0
    outer loop
      vertex 31.4000 5.0000 0.0000
      vertex 31.4000 5.0000 3.0000
      vertex 51.4000 5.0000 0.0000
    endloop
  endfacet
  facet normal 1 0 0
    outer loop
      vertex 31.4000 5.0000 0.0000
      vertex 31.4000 5.7000 0.0000
      vertex 31.4000 5.0000 3.0000
    endloop
  endfacet
  facet normal 1 0 0
    outer loop
      vertex 31.4000 5.0000 3.0000
      vertex 31.4000 5.7000 0.0000
      vertex 31.4000 5.7000 3.0000
    endloop
  endfacet
  facet normal 0 1 0
    outer loop
      vertex 31.4000 5.0000 3.0000
      vertex 51.4000 5.0000 3.0000
      vertex 51.4000 5.0000 0.0000
    endloop
  endfacet
  facet normal 0 0 -1
    outer loop
      vertex 31.4000 5.7000 0.0000
      vertex 31.4000 8.7000 0.0000
      vertex 51.4000 8.7000 0.0000
    endloop
  endfacet
  facet normal 0 -1 0
    outer loop
      vertex 31.4000 5.7000 0.0000
      vertex 51.4000 5.7000 0.0000
      vertex 51.4000 5.7000 3.0000
    endloop
  endfacet
  facet normal 0 -1 0
    outer loop
      vertex 31.4000 5.7000 0.0000
      vertex 51.4000 5.7000 3.0000
      vertex 31.4000 5.7000 3.0000
    endloop
  endfacet
  facet normal 0 0 -1
    outer loop
      vertex 31.4000 5.7000 0.0000
      vertex 51.4000 8.7000 0.0000
      vertex 51.4000 5.7000 0.0000
    endloop
  endfacet
  facet normal 0 0 1
    outer loop
      vertex 31.4000 5.7000 3.0000
      vertex 51.4000 5.7000 3.0000
      vertex 31.4000 8.7000 3.0000
    endloop
  endfacet
  facet normal 0 1 0
    outer loop
      vertex 31.4000 8.7000 0.0000
      vertex 31.4000 8.7000 3.0000
      vertex 51.4000 8.7000 0.0000
    endloop
  endfacet
  facet normal 1 0 0
    outer loop
      vertex 31.4000 8.7000 0.0000
      vertex 31.4000 11.7000 0.0000
      vertex 31.4000 8.7000 3.0000
    endloop
  endfacet
  facet normal 1 0 0
    outer loop
      vertex 31.4000 8.7000 3.0000
      vertex 31.4000 11.7000 0.0000
      vertex 31.4000 11.7000 3.0000
    endloop
  endfacet
  facet normal 0 0 1
    outer loop
      vertex 31.4000 8.7000 3.0000
      vertex 51.4000 5.7000 3.0000
      vertex 51.4000 8.7000 3.0000
    endloop
  endfacet
  facet normal 0 1 0
    outer loop
      vertex 31.4000 8.7000 3.0000
      vertex 51.4000 8.7000 3.0000
      vertex 51.4000 8.7000 0.0000
    endloop
  endfacet
  facet normal 0 0 -1
    outer loop
      vertex 31.4000 11.7000 0.0000
      vertex 31.4000 14.7000 0.0000
      vertex 51.4000 14.7000 0.0000
    endloop
  endfacet
  facet normal 0 -1 0
    outer loop
      vertex 31.4000 11.7000 0.0000
      vertex 51.4000 11.7000 0.0000
      vertex 51.4000 11.7000 3.0000
    endloop
  endfacet
  facet normal 0 -1 0
    outer loop
      vertex 31.4000 11.7000 0.0000
      vertex 51.4000 11.7000 3.0000
      vertex 31.4000 11.7000 3.0000
    endloop
  endfacet
  facet normal 0 0 -1
    outer loop
      vertex 31.4000 11.7000 0.0000
      vertex 51.4000 14.7000 0.0000
      vertex 51.4000 11.7000 0.0000
    endloop
  endfacet
  facet normal 0 0 1
    outer loop
      vertex 31.4000 11.7000 3.0000
      vertex 51.4000 11.7000 3.0000
      vertex 31.4000 14.7000 3.0000
    endloop
  endfacet
  facet normal 0 1 0
    outer loop
      vertex 31.4000 14.7000 0.0000
      vertex 31.4000 14.7000 3.0000
      vertex 51.4000 14.7000 0.0000
    endloop
  endfacet
  facet normal 1 0 0
    outer loop
      vertex 31.4000 14.7000 0.0000
      vertex 31.4000 17.7000 0.0000
      vertex 31.4000 14.7000 3.0000
    endloop
  endfacet
  facet normal 1 0 0
    outer loop
      vertex 31.4000 14.7000 3.0000
      vertex 31.4000 17.7000 0.0000
      vertex 31.4000 17.7000 3.0000
    endloop
  endfacet
  facet normal 0 0 1
    outer loop
      vertex 31.4000 14.7000 3.0000
      vertex 51.4000 11.7000 3.0000
      vertex 51.4000 14.7000 3.0000
    endloop
  endfacet
  facet normal 0 1 0
    outer loop
      vertex 31.4000 14.7000 3.0000
      vertex 51.4000 14.7000 3.0000
      vertex 51.4000 14.7000 0.0000
    endloop
  endfacet
  facet normal 0 0 -1
    outer loop
      vertex 31.4000 17.7000 0.0000
      vertex 31.4000 20.7000 0.0000
      vertex 51.4000 20.7000 0.0000
    endloop
  endfacet
  facet normal 0 -1 0
    outer loop
      vertex 31.4000 17.7000 0.0000
      vertex 51.4000 17.7000 0.0000
      vertex 51.4000 17.7000 3.0000
    endloop
  endfacet
  facet normal 0 -1 0
    outer loop
      vertex 31.4000 17.7000 0.0000
      vertex 51.4000 17.7000 3.0000
      vertex 31.4000 17.7000 3.0000
    endloop
  endfacet
  facet normal 0 0 -1
    outer loop
      vertex 31.4000 17.7000 0.0000
      vertex 51.4000 20.7000 0.0000
      vertex 51.4000 17.7000 0.0000
    endloop
  endfacet
  facet normal 0 0 1
    outer loop
      vertex 31.4000 17.7000 3.0000
      vertex 51.4000 17.7000 3.0000
      vertex 31.4000 20.7000 3.0000
    endloop
  endfacet
  facet normal 0 1 0
    outer loop
      vertex 31.4000 20.7000 0.0000
      vertex 31.4000 20.7000 3.0000
      vertex 51.4000 20.7000 0.0000
    endloop
  endfacet
  facet normal 1 0 0
    outer loop
      vertex 31.4000 20.7000 0.0000
      vertex 31.4000 23.7000 0.0000
      vertex 31.4000 20.7000 3.0000
    endloop
  endfacet
  facet normal 1 0 0
    outer loop
      vertex 31.4000 20.7000 3.0000
      vertex 31.4000 23.7000 0.0000
      vertex 31.4000 23.7000 3.0000
    endloop
  endfacet
  facet normal 0 0 1
    outer loop
      vertex 31.4000 20.7000 3.0000
      vertex 51.4000 17.7000 3.0000
      vertex 51.4000 20.7000 3.0000
    endloop
  endfacet
  facet normal 0 1 0
    outer loop
      vertex 31.4000 20.7000 3.0000
      vertex 51.4000 20.7000 3.0000
      vertex 51.4000 20.7000 0.0000
    endloop
  endfacet
  facet normal 0 0 -1
    outer loop
      vertex 31.4000 23.7000 0.0000
      vertex 31.4000 26.7000 0.0000
      vertex 51.4000 26.7000 0.0000
    endloop
  endfacet
  facet normal 0 -1 0
    outer loop
      vertex 31.4000 23.7000 0.0000
      vertex 51.4000 23.7000 0.0000
      vertex 51.4000 23.7000 3.0000
    endloop
  endfacet
  facet normal 0 -1 0
    outer loop
      vertex 31.4000 23.7000 0.0000
      vertex 51.4000 23.7000 3.0000
      vertex 31.4000 23.7000 3.0000
    endloop
  endfacet
  facet normal 0 0 -1
    outer loop
      vertex 31.4000 23.7000 0.0000
      vertex 51.4000 26.7000 0.0000
      vertex 51.4000 23.7000 0.0000
    endloop
  endfacet
  facet normal 0 0 1
    outer loop
      vertex 31.4000 23.7000 3.0000
      vertex 51.4000 23.7000 3.0000
      vertex 31.4000 26.7000 3.0000
    endloop
  endfacet
  facet normal 0 1 0
    outer loop
      vertex 31.4000 26.7000 0.0000
      vertex 31.4000 26.7000 3.0000
      vertex 51.4000 26.7000 0.0000
    endloop
  endfacet
  facet normal 1 0 0
    outer loop
      vertex 31.4000 26.7000 0.0000
      vertex 31.4000 29.7000 0.0000
      vertex 31.4000 26.7000 3.0000
    endloop
  endfacet
  facet normal 1 0 0
    outer loop
      vertex 31.4000 26.7000 3.0000
      vertex 31.4000 29.7000 0.0000
      vertex 31.4000 29.7000 3.0000
    endloop
  endfacet
  facet normal 0 0 1
    outer loop
      vertex 31.4000 26.7000 3.0000
      vertex 51.4000 23.7000 3.0000
      vertex 51.4000 26.7000 3.0000
    endloop
  endfacet
  facet normal 0 1 0
    outer loop
      vertex 31.4000 26.7000 3.0000
      vertex 51.4000 26.7000 3.0000
      vertex 51.4000 26.7000 0.0000
    endloop
  endfacet
  facet normal 0 0 -1
    outer loop
      vertex 31.4000 29.7000 0.0000
      vertex 31.4000 32.7000 0.0000
      vertex 51.4000 32.7000 0.0000
    endloop
  endfacet
  facet normal 0 -1 0
    outer loop
      vertex 31.4000 29.7000 0.0000
      vertex 51.4000 29.7000 0.0000
      vertex 51.4000 29.7000 3.0000
    endloop
  endfacet
  facet normal 0 -1 0
    outer loop
      vertex 31.4000 29.7000 0.0000
      vertex 51.4000 29.7000 3.0000
      vertex 31.4000 29.7000 3.0000
    endloop
  endfacet
  facet normal 0 0 -1
    outer loop
      vertex 31.4000 29.7000 0.0000
      vertex 51.4000 32.7000 0.0000
      vertex 51.4000 29.7000 0.0000
    endloop
  endfacet
  facet normal 0 0 1
    outer loop
      vertex 31.4000 29.7000 3.0000
      vertex 51.4000 29.7000 3.0000
      vertex 31.4000 32.7000 3.0000
    endloop
  endfacet
  facet normal 0 1 0
    outer loop
      vertex 31.4000 32.7000 0.0000
      vertex 31.4000 32.7000 3.0000
      vertex 51.4000 32.7000 0.0000
    endloop
  endfacet
  facet normal 1 0 0
    outer loop
      vertex 31.4000 32.7000 0.0000
      vertex 31.4000 35.7000 0.0000
      vertex 31.4000 32.7000 3.0000
    endloop
  endfacet
  facet normal 1 0 0
    outer loop
      vertex 31.4000 32.7000 3.0000
      vertex 31.4000 35.7000 0.0000
      vertex 31.4000 35.7000 3.0000
    endloop
  endfacet
  facet normal 0 0 1
    outer loop
      vertex 31.4000 32.7000 3.0000
      vertex 51.4000 29.7000 3.0000
      vertex 51.4000 32.7000 3.0000
    endloop
  endfacet
  facet normal 0 1 0
    outer loop
      vertex 31.4000 32.7000 3.0000
      vertex 51.4000 32.7000 3.0000
      vertex 51.4000 32.7000 0.0000
    endloop
  endfacet
  facet normal 0 0 -1
    outer loop
      vertex 31.4000 35.7000 0.0000
      vertex 31.4000 38.7000 0.0000
      vertex 51.4000 38.7000 0.0000
    endloop
  endfacet
  facet normal 0 -1 0
    outer loop
      vertex 31.4000 35.7000 0.0000
      vertex 51.4000 35.7000 0.0000
      vertex 51.4000 35.7000 3.0000
    endloop
  endfacet
  facet normal 0 -1 0
    outer loop
      vertex 31.4000 35.7000 0.0000
      vertex 51.4000 35.7000 3.0000
      vertex 31.4000 35.7000 3.0000
    endloop
  endfacet
  facet normal 0 0 -1
    outer loop
      vertex 31.4000 35.7000 0.0000
      vertex 51.4000 38.7000 0.0000
      vertex 51.4000 35.7000 0.0000
    endloop
  endfacet
  facet normal 0 0 1
    outer loop
      vertex 31.4000 35.7000 3.0000
      vertex 51.4000 35.7000 3.0000
      vertex 31.4000 38.7000 3.0000
    endloop
  endfacet
  facet normal 0 1 0
    outer loop
      vertex 31.4000 38.7000 0.0000
      vertex 31.4000 38.7000 3.0000
      vertex 51.4000 38.7000 0.0000
    endloop
  endfacet
  facet normal 1 0 0
    outer loop
      vertex 31.4000 38.7000 0.0000
      vertex 31.4000 41.7000 0.0000
      vertex 31.4000 38.7000 3.0000
    endloop
  endfacet
  facet normal 1 0 0
    outer loop
      vertex 31.4000 38.7000 3.0000
      vertex 31.4000 41.7000 0.0000
      vertex 31.4000 41.7000 3.0000
    endloop
  endfacet
  facet normal 0 0 1
    outer loop
      vertex 31.4000 38.7000 3.0000
      vertex 51.4000 35.7000 3.0000
      vertex 51.4000 38.7000 3.0000
    endloop
  endfacet
  facet normal 0 1 0
    outer loop
      vertex 31.4000 38.7000 3.0000
      vertex 51.4000 38.7000 3.0000
      vertex 51.4000 38.7000 0.0000
    endloop
  endfacet
  facet normal 0 0 -1
    outer loop
      vertex 31.4000 41.7000 0.0000
      vertex 31.4000 44.7000 0.0000
      vertex 51.4000 44.7000 0.0000
    endloop
  endfacet
  facet normal 0 -1 0
    outer loop
      vertex 31.4000 41.7000 0.0000
      vertex 51.4000 41.7000 0.0000
      vertex 51.4000 41.7000 3.0000
    endloop
  endfacet
  facet normal 0 -1 0
    outer loop
      vertex 31.4000 41.7000 0.0000
      vertex 51.4000 41.7000 3.0000
      vertex 31.4000 41.7000 3.0000
    endloop
  endfacet
  facet normal 0 0 -1
    outer loop
      vertex 31.4000 41.7000 0.0000
      vertex 51.4000 44.7000 0.0000
      vertex 51.4000 41.7000 0.0000
    endloop
  endfacet
  facet normal 0 0 1
    outer loop
      vertex 31.4000 41.7000 3.0000
      vertex 51.4000 41.7000 3.0000
      vertex 31.4000 44.7000 3.0000
    endloop
  endfacet
  facet normal 0 1 0
    outer loop
      vertex 31.4000 44.7000 0.0000
      vertex 31.4000 44.7000 3.0000
      vertex 51.4000 44.7000 0.0000
    endloop
  endfacet
  facet normal 1 0 0
    outer loop
      vertex 31.4000 44.7000 0.0000
      vertex 31.4000 47.7000 0.0000
      vertex 31.4000 44.7000 3.0000
    endloop
  endfacet
  facet normal 1 0 0
    outer loop
      vertex 31.4000 44.7000 3.0000
      vertex 31.4000 47.7000 0.0000
      vertex 31.4000 47.7000 3.0000
    endloop
  endfacet
  facet normal 0 0 1
    outer loop
      vertex 31.4000 44.7000 3.0000
      vertex 51.4000 41.7000 3.0000
      vertex 51.4000 44.7000 3.0000
    endloop
  endfacet
  facet normal 0 1 0
    outer loop
      vertex 31.4000 44.7000 3.0000
      vertex 51.4000 44.7000 3.0000
      vertex 51.4000 44.7000 0.0000
    endloop
  endfacet
  facet normal 0 0 -1
    outer loop
      vertex 31.4000 47.7000 0.0000
      vertex 37.8000 50.7000 0.0000
      vertex 41.8000 50.7000 0.0000
    endloop
  endfacet
  facet normal 0 0 -1
    outer loop
      vertex 31.4000 47.7000 0.0000
      vertex 41.8000 50.7000 0.0000
      vertex 51.4000 47.7000 0.0000
    endloop
  endfacet
  facet normal 0 -1 0
    outer loop
      vertex 31.4000 47.7000 0.0000
      vertex 51.4000 47.7000 0.0000
      vertex 51.4000 47.7000 3.0000
    endloop
  endfacet
  facet normal 0 -1 0
    outer loop
      vertex 31.4000 47.7000 0.0000
      vertex 51.4000 47.7000 3.0000
      vertex 31.4000 47.7000 3.0000
    endloop
  endfacet
  facet normal 0 0 1
    outer loop
      vertex 31.4000 47.7000 3.0000
      vertex 41.8000 50.7000 3.0000
      vertex 37.8000 50.7000 3.0000
    endloop
  endfacet
  facet normal 0 0 1
    outer loop
      vertex 31.4000 47.7000 3.0000
      vertex 51.4000 47.7000 3.0000
      vertex 41.8000 50.7000 3.0000
    endloop
  endfacet
  facet normal 0 1 0
    outer loop
      vertex 31.4000 94.7000 0.0000
      vertex 31.4000 94.7000 3.0000
      vertex 51.4000 94.7000 0.0000
    endloop
  endfacet
  facet normal 1 0 0
    outer loop
      vertex 31.4000 94.7000 0.0000
      vertex 31.4000 97.7000 0.0000
      vertex 31.4000 94.7000 3.0000
    endloop
  endfacet
  facet normal 0 0 -1
    outer loop
      vertex 31.4000 94.7000 0.0000
      vertex 41.8000 83.7000 0.0000
      vertex 37.8000 83.7000 0.0000
    endloop
  endfacet
  facet normal 0 0 -1
    outer loop
      vertex 31.4000 94.7000 0.0000
      vertex 51.4000 94.7000 0.0000
      vertex 41.8000 83.7000 0.0000
    endloop
  endfacet
  facet normal 1 0 0
    outer loop
      vertex 31.4000 94.7000 3.0000
      vertex 31.4000 97.7000 0.0000
      vertex 31.4000 97.7000 3.0000
    endloop
  endfacet
  facet normal 0 0 1
    outer loop
      vertex 31.4000 94.7000 3.0000
      vertex 37.8000 83.7000 3.0000
      vertex 41.8000 83.7000 3.0000
    endloop
  endfacet
  facet normal 0 0 1
    outer loop
      vertex 31.4000 94.7000 3.0000
      vertex 41.8000 83.7000 3.0000
      vertex 51.4000 94.7000 3.0000
    endloop
  endfacet
  facet normal 0 1 0
    outer loop
      vertex 31.4000 94.7000 3.0000
      vertex 51.4000 94.7000 3.0000
      vertex 51.4000 94.7000 0.0000
    endloop
  endfacet
  facet normal 0 0 -1
    outer loop
      vertex 31.4000 97.7000 0.0000
      vertex 31.4000 100.7000 0.0000
      vertex 51.4000 100.7000 0.0000
    endloop
  endfacet
  facet normal 0 -1 0
    outer loop
      vertex 31.4000 97.7000 0.0000
      vertex 51.4000 97.7000 0.0000
      vertex 51.4000 97.7000 3.0000
    endloop
  endfacet
  facet normal 0 -1 0
    outer loop
      vertex 31.4000 97.7000 0.0000
      vertex 51.4000 97.7000 3.0000
      vertex 31.4000 97.7000 3.0000
    endloop
  endfacet
  facet normal 0 0 -1
    outer loop
      vertex 31.4000 97.7000 0.0000
      vertex 51.4000 100.7000 0.0000
      vertex 51.4000 97.7000 0.0000
    endloop
  endfacet
  facet normal 0 0 1
    outer loop
      vertex 31.4000 97.7000 3.0000
      vertex 51.4000 97.7000 3.0000
      vertex 31.4000 100.7000 3.0000
    endloop
  endfacet
  facet normal 0 1 0
    outer loop
      vertex 31.4000 100.7000 0.0000
      vertex 31.4000 100.7000 3.0000
      vertex 51.4000 100.7000 0.0000
    endloop
  endfacet
  facet normal 1 0 0
    outer loop
      vertex 31.4000 100.7000 0.0000
      vertex 31.4000 103.7000 0.0000
      vertex 31.4000 100.7000 3.0000
    endloop
  endfacet
  facet normal 1 0 0
    outer loop
      vertex 31.4000 100.7000 3.0000
      vertex 31.4000 103.7000 0.0000
      vertex 31.4000 103.7000 3.0000
    endloop
  endfacet
  facet normal 0 0 1
    outer loop
      vertex 31.4000 100.7000 3.0000
      vertex 51.4000 97.7000 3.0000
      vertex 51.4000 100.7000 3.0000
    endloop
  endfacet
  facet normal 0 1 0
    outer loop
      vertex 31.4000 100.7000 3.0000
      vertex 51.4000 100.7000 3.0000
      vertex 51.4000 100.7000 0.0000
    endloop
  endfacet
  facet normal 0 0 -1
    outer loop
      vertex 31.4000 103.7000 0.0000
      vertex 31.4000 106.7000 0.0000
      vertex 51.4000 106.7000 0.0000
    endloop
  endfacet
  facet normal 0 -1 0
    outer loop
      vertex 31.4000 103.7000 0.0000
      vertex 51.4000 103.7000 0.0000
      vertex 51.4000 103.7000 3.0000
    endloop
  endfacet
  facet normal 0 -1 0
    outer loop
      vertex 31.4000 103.7000 0.0000
      vertex 51.4000 103.7000 3.0000
      vertex 31.4000 103.7000 3.0000
    endloop
  endfacet
  facet normal 0 0 -1
    outer loop
      vertex 31.4000 103.7000 0.0000
      vertex 51.4000 106.7000 0.0000
      vertex 51.4000 103.7000 0.0000
    endloop
  endfacet
  facet normal 0 0 1
    outer loop
      vertex 31.4000 103.7000 3.0000
      vertex 51.4000 103.7000 3.0000
      vertex 31.4000 106.7000 3.0000
    endloop
  endfacet
  facet normal 0 1 0
    outer loop
      vertex 31.4000 106.7000 0.0000
      vertex 31.4000 106.7000 3.0000
      vertex 51.4000 106.7000 0.0000
    endloop
  endfacet
  facet normal 1 0 0
    outer loop
      vertex 31.4000 106.7000 0.0000
      vertex 31.4000 109.7000 0.0000
      vertex 31.4000 106.7000 3.0000
    endloop
  endfacet
  facet normal 1 0 0
    outer loop
      vertex 31.4000 106.7000 3.0000
      vertex 31.4000 109.7000 0.0000
      vertex 31.4000 109.7000 3.0000
    endloop
  endfacet
  facet normal 0 0 1
    outer loop
      vertex 31.4000 106.7000 3.0000
      vertex 51.4000 103.7000 3.0000
      vertex 51.4000 106.7000 3.0000
    endloop
  endfacet
  facet normal 0 1 0
    outer loop
      vertex 31.4000 106.7000 3.0000
      vertex 51.4000 106.7000 3.0000
      vertex 51.4000 106.7000 0.0000
    endloop
  endfacet
  facet normal 0 0 -1
    outer loop
      vertex 31.4000 109.7000 0.0000
      vertex 31.4000 112.7000 0.0000
      vertex 51.4000 112.7000 0.0000
    endloop
  endfacet
  facet normal 0 -1 0
    outer loop
      vertex 31.4000 109.7000 0.0000
      vertex 51.4000 109.7000 0.0000
      vertex 51.4000 109.7000 3.0000
    endloop
  endfacet
  facet normal 0 -1 0
    outer loop
      vertex 31.4000 109.7000 0.0000
      vertex 51.4000 109.7000 3.0000
      vertex 31.4000 109.7000 3.0000
    endloop
  endfacet
  facet normal 0 0 -1
    outer loop
      vertex 31.4000 109.7000 0.0000
      vertex 51.4000 112.7000 0.0000
      vertex 51.4000 109.7000 0.0000
    endloop
  endfacet
  facet normal 0 0 1
    outer loop
      vertex 31.4000 109.7000 3.0000
      vertex 51.4000 109.7000 3.0000
      vertex 31.4000 112.7000 3.0000
    endloop
  endfacet
  facet normal 0 1 0
    outer loop
      vertex 31.4000 112.7000 0.0000
      vertex 31.4000 112.7000 3.0000
      vertex 51.4000 112.7000 0.0000
    endloop
  endfacet
  facet normal 1 0 0
    outer loop
      vertex 31.4000 112.7000 0.0000
      vertex 31.4000 115.7000 0.0000
      vertex 31.4000 112.7000 3.0000
    endloop
  endfacet
  facet normal 1 0 0
    outer loop
      vertex 31.4000 112.7000 3.0000
      vertex 31.4000 115.7000 0.0000
      vertex 31.4000 115.7000 3.0000
    endloop
  endfacet
  facet normal 0 0 1
    outer loop
      vertex 31.4000 112.7000 3.0000
      vertex 51.4000 109.7000 3.0000
      vertex 51.4000 112.7000 3.0000
    endloop
  endfacet
  facet normal 0 1 0
    outer loop
      vertex 31.4000 112.7000 3.0000
      vertex 51.4000 112.7000 3.0000
      vertex 51.4000 112.7000 0.0000
    endloop
  endfacet
  facet normal 0 -1 0
    outer loop
      vertex 31.4000 115.7000 0.0000
      vertex 51.4000 115.7000 0.0000
      vertex 51.4000 115.7000 3.0000
    endloop
  endfacet
  facet normal 0 -1 0
    outer loop
      vertex 31.4000 115.7000 0.0000
      vertex 51.4000 115.7000 3.0000
      vertex 31.4000 115.7000 3.0000
    endloop
  endfacet
  facet normal -1 0 0
    outer loop
      vertex 37.8000 50.7000 0.0000
      vertex 37.8000 50.7000 3.0000
      vertex 37.8000 53.7000 3.0000
    endloop
  endfacet
  facet normal 0 0 -1
    outer loop
      vertex 37.8000 50.7000 0.0000
      vertex 37.8000 53.7000 0.0000
      vertex 41.8000 53.7000 0.0000
    endloop
  endfacet
  facet normal -1 0 0
    outer loop
      vertex 37.8000 50.7000 0.0000
      vertex 37.8000 53.7000 3.0000
      vertex 37.8000 53.7000 0.0000
    endloop
  endfacet
  facet normal 0 0 -1
    outer loop
      vertex 37.8000 50.7000 0.0000
      vertex 41.8000 53.7000 0.0000
      vertex 41.8000 50.7000 0.0000
    endloop
  endfacet
  facet normal 0 0 1
    outer loop
      vertex 37.8000 50.7000 3.0000
      vertex 41.8000 50.7000 3.0000
      vertex 37.8000 53.7000 3.0000
    endloop
  endfacet
  facet normal 0 0 -1
    outer loop
      vertex 37.8000 53.7000 0.0000
      vertex 37.8000 56.7000 0.0000
      vertex 41.8000 56.7000 0.0000
    endloop
  endfacet
  facet normal 0 0 -1
    outer loop
      vertex 37.8000 53.7000 0.0000
      vertex 41.8000 56.7000 0.0000
      vertex 41.8000 53.7000 0.0000
    endloop
  endfacet
  facet normal 0 0 1
    outer loop
      vertex 37.8000 53.7000 3.0000
      vertex 41.8000 50.7000 3.0000
      vertex 41.8000 53.7000 3.0000
    endloop
  endfacet
  facet normal 0 0 1
    outer loop
      vertex 37.8000 53.7000 3.0000
      vertex 41.8000 53.7000 3.0000
      vertex 37.8000 56.7000 3.0000
    endloop
  endfacet
  facet normal -1 0 0
    outer loop
      vertex 37.8000 56.7000 0.0000
      vertex 37.8000 56.7000 3.0000
      vertex 37.8000 59.7000 3.0000
    endloop
  endfacet
  facet normal 0 0 -1
    outer loop
      vertex 37.8000 56.7000 0.0000
      vertex 37.8000 59.7000 0.0000
      vertex 41.8000 59.7000 0.0000
    endloop
  endfacet
  facet normal -1 0 0
    outer loop
      vertex 37.8000 56.7000 0.0000
      vertex 37.8000 59.7000 3.0000
      vertex 37.8000 59.7000 0.0000
    endloop
  endfacet
  facet normal 0 0 -1
    outer loop
      vertex 37.8000 56.7000 0.0000
      vertex 41.8000 59.7000 0.0000
      vertex 41.8000 56.7000 0.0000
    endloop
  endfacet
  facet normal 0 0 1
    outer loop
      vertex 37.8000 56.7000 3.0000
      vertex 41.8000 53.7000 3.0000
      vertex 41.8000 56.7000 3.0000
    endloop
  endfacet
  facet normal 0 0 1
    outer loop
      vertex 37.8000 56.7000 3.0000
      vertex 41.8000 56.7000 3.0000
      vertex 37.8000 59.7000 3.0000
    endloop
  endfacet
  facet normal 0 0 -1
    outer loop
      vertex 37.8000 59.7000 0.0000
      vertex 37.8000 62.7000 0.0000
      vertex 41.8000 62.7000 0.0000
    endloop
  endfacet
  facet normal 0 0 -1
    outer loop
      vertex 37.8000 59.7000 0.0000
      vertex 41.8000 62.7000 0.0000
      vertex 41.8000 59.7000 0.0000
    endloop
  endfacet
  facet normal 0 0 1
    outer loop
      vertex 37.8000 59.7000 3.0000
      vertex 41.8000 56.7000 3.0000
      vertex 41.8000 59.7000 3.0000
    endloop
  endfacet
  facet normal 0 0 1
    outer loop
      vertex 37.8000 59.7000 3.0000
      vertex 41.8000 59.7000 3.0000
      vertex 37.8000 62.7000 3.0000
    endloop
  endfacet
  facet normal -1 0 0
    outer loop
      vertex 37.8000 62.7000 0.0000
      vertex 37.8000 62.7000 3.0000
      vertex 37.8000 65.7000 3.0000
    endloop
  endfacet
  facet normal 0 0 -1
    outer loop
      vertex 37.8000 62.7000 0.0000
      vertex 37.8000 65.7000 0.0000
      vertex 41.8000 65.7000 0.0000
    endloop
  endfacet
  facet normal -1 0 0
    outer loop
      vertex 37.8000 62.7000 0.0000
      vertex 37.8000 65.7000 3.0000
      vertex 37.8000 65.7000 0.0000
    endloop
  endfacet
  facet normal 0 0 -1
    outer loop
      vertex 37.8000 62.7000 0.0000
      vertex 41.8000 65.7000 0.0000
      vertex 41.8000 62.7000 0.0000
    endloop
  endfacet
  facet normal 0 0 1
    outer loop
      vertex 37.8000 62.7000 3.0000
      vertex 41.8000 59.7000 3.0000
      vertex 41.8000 62.7000 3.0000
    endloop
  endfacet
  facet normal 0 0 1
    outer loop
      vertex 37.8000 62.7000 3.0000
      vertex 41.8000 62.7000 3.0000
      vertex 37.8000 65.7000 3.0000
    endloop
  endfacet
  facet normal 0 0 -1
    outer loop
      vertex 37.8000 65.7000 0.0000
      vertex 37.8000 68.7000 0.0000
      vertex 41.8000 68.7000 0.0000
    endloop
  endfacet
  facet normal 0 0 -1
    outer loop
      vertex 37.8000 65.7000 0.0000
      vertex 41.8000 68.7000 0.0000
      vertex 41.8000 65.7000 0.0000
    endloop
  endfacet
  facet normal 0 0 1
    outer loop
      vertex 37.8000 65.7000 3.0000
      vertex 41.8000 62.7000 3.0000
      vertex 41.8000 65.7000 3.0000
    endloop
  endfacet
  facet normal 0 0 1
    outer loop
      vertex 37.8000 65.7000 3.0000
      vertex 41.8000 65.7000 3.0000
      vertex 37.8000 68.7000 3.0000
    endloop
  endfacet
  facet normal -1 0 0
    outer loop
      vertex 37.8000 68.7000 0.0000
      vertex 37.8000 68.7000 3.0000
      vertex 37.8000 71.7000 3.0000
    endloop
  endfacet
  facet normal 0 0 -1
    outer loop
      vertex 37.8000 68.7000 0.0000
      vertex 37.8000 71.7000 0.0000
      vertex 41.8000 71.7000 0.0000
    endloop
  endfacet
  facet normal -1 0 0
    outer loop
      vertex 37.8000 68.7000 0.0000
      vertex 37.8000 71.7000 3.0000
      vertex 37.8000 71.7000 0.0000
    endloop
  endfacet
  facet normal 0 0 -1
    outer loop
      vertex 37.8000 68.7000 0.0000
      vertex 41.8000 71.7000 0.0000
      vertex 41.8000 68.7000 0.0000
    endloop
  endfacet
  facet normal 0 0 1
    outer loop
      vertex 37.8000 68.7000 3.0000
      vertex 41.8000 65.7000 3.0000
      vertex 41.8000 68.7000 3.0000
    endloop
  endfacet
  facet normal 0 0 1
    outer loop
      vertex 37.8000 68.7000 3.0000
      vertex 41.8000 68.7000 3.0000
      vertex 37.8000 71.7000 3.0000
    endloop
  endfacet
  facet normal 0 0 -1
    outer loop
      vertex 37.8000 71.7000 0.0000
      vertex 37.8000 74.7000 0.0000
      vertex 41.8000 74.7000 0.0000
    endloop
  endfacet
  facet normal 0 0 -1
    outer loop
      vertex 37.8000 71.7000 0.0000
      vertex 41.8000 74.7000 0.0000
      vertex 41.8000 71.7000 0.0000
    endloop
  endfacet
  facet normal 0 0 1
    outer loop
      vertex 37.8000 71.7000 3.0000
      vertex 41.8000 68.7000 3.0000
      vertex 41.8000 71.7000 3.0000
    endloop
  endfacet
  facet normal 0 0 1
    outer loop
      vertex 37.8000 71.7000 3.0000
      vertex 41.8000 71.7000 3.0000
      vertex 37.8000 74.7000 3.0000
    endloop
  endfacet
  facet normal -1 0 0
    outer loop
      vertex 37.8000 74.7000 0.0000
      vertex 37.8000 74.7000 3.0000
      vertex 37.8000 77.7000 3.0000
    endloop
  endfacet
  facet normal 0 0 -1
    outer loop
      vertex 37.8000 74.7000 0.0000
      vertex 37.8000 77.7000 0.0000
      vertex 41.8000 77.7000 0.0000
    endloop
  endfacet
  facet normal -1 0 0
    outer loop
      vertex 37.8000 74.7000 0.0000
      vertex 37.8000 77.7000 3.0000
      vertex 37.8000 77.7000 0.0000
    endloop
  endfacet
  facet normal 0 0 -1
    outer loop
      vertex 37.8000 74.7000 0.0000
      vertex 41.8000 77.7000 0.0000
      vertex 41.8000 74.7000 0.0000
    endloop
  endfacet
  facet normal 0 0 1
    outer loop
      vertex 37.8000 74.7000 3.0000
      vertex 41.8000 71.7000 3.0000
      vertex 41.8000 74.7000 3.0000
    endloop
  endfacet
  facet normal 0 0 1
    outer loop
      vertex 37.8000 74.7000 3.0000
      vertex 41.8000 74.7000 3.0000
      vertex 37.8000 77.7000 3.0000
    endloop
  endfacet
  facet normal 0 0 -1
    outer loop
      vertex 37.8000 77.7000 0.0000
      vertex 37.8000 80.7000 0.0000
      vertex 41.8000 80.7000 0.0000
    endloop
  endfacet
  facet normal 0 0 -1
    outer loop
      vertex 37.8000 77.7000 0.0000
      vertex 41.8000 80.7000 0.0000
      vertex 41.8000 77.7000 0.0000
    endloop
  endfacet
  facet normal 0 0 1
    outer loop
      vertex 37.8000 77.7000 3.0000
      vertex 41.8000 74.7000 3.0000
      vertex 41.8000 77.7000 3.0000
    endloop
  endfacet
  facet normal 0 0 1
    outer loop
      vertex 37.8000 77.7000 3.0000
      vertex 41.8000 77.7000 3.0000
      vertex 37.8000 80.7000 3.0000
    endloop
  endfacet
  facet normal -1 0 0
    outer loop
      vertex 37.8000 80.7000 0.0000
      vertex 37.8000 80.7000 3.0000
      vertex 37.8000 83.7000 3.0000
    endloop
  endfacet
  facet normal 0 0 -1
    outer loop
      vertex 37.8000 80.7000 0.0000
      vertex 37.8000 83.7000 0.0000
      vertex 41.8000 83.7000 0.0000
    endloop
  endfacet
  facet normal -1 0 0
    outer loop
      vertex 37.8000 80.7000 0.0000
      vertex 37.8000 83.7000 3.0000
      vertex 37.8000 83.7000 0.0000
    endloop
  endfacet
  facet normal 0 0 -1
    outer loop
      vertex 37.8000 80.7000 0.0000
      vertex 41.8000 83.7000 0.0000
      vertex 41.8000 80.7000 0.0000
    endloop
  endfacet
  facet normal 0 0 1
    outer loop
      vertex 37.8000 80.7000 3.0000
      vertex 41.8000 77.7000 3.0000
      vertex 41.8000 80.7000 3.0000
    endloop
  endfacet
  facet normal 0 0 1
    outer loop
      vertex 37.8000 80.7000 3.0000
      vertex 41.8000 80.7000 3.0000
      vertex 37.8000 83.7000 3.0000
    endloop
  endfacet
  facet normal 0 0 1
    outer loop
      vertex 37.8000 83.7000 3.0000
      vertex 41.8000 80.7000 3.0000
      vertex 41.8000 83.7000 3.0000
    endloop
  endfacet
  facet normal 0 1 0
    outer loop
      vertex 41.8000 50.7000 0.0000
      vertex 41.8000 50.7000 3.0000
      vertex 61.8000 50.7000 0.0000
    endloop
  endfacet
  facet normal 1 0 0
    outer loop
      vertex 41.8000 50.7000 0.0000
      vertex 41.8000 53.7000 0.0000
      vertex 41.8000 50.7000 3.0000
    endloop
  endfacet
  facet normal 0 0 -1
    outer loop
      vertex 41.8000 50.7000 0.0000
      vertex 61.8000 50.7000 0.0000
      vertex 51.4000 47.7000 0.0000
    endloop
  endfacet
  facet normal 1 0 0
    outer loop
      vertex 41.8000 50.7000 3.0000
      vertex 41.8000 53.7000 0.0000
      vertex 41.8000 53.7000 3.0000
    endloop
  endfacet
  facet normal 0 0 1
    outer loop
      vertex 41.8000 50.7000 3.0000
      vertex 51.4000 47.7000 3.0000
      vertex 61.8000 50.7000 3.0000
    endloop
  endfacet
  facet normal 0 1 0
    outer loop
      vertex 41.8000 50.7000 3.0000
      vertex 61.8000 50.7000 3.0000
      vertex 61.8000 50.7000 0.0000
    endloop
  endfacet
  facet normal 0 0 -1
    outer loop
      vertex 41.8000 53.7000 0.0000
      vertex 41.8000 56.7000 0.0000
      vertex 61.8000 56.7000 0.0000
    endloop
  endfacet
  facet normal 0 -1 0
    outer loop
      vertex 41.8000 53.7000 0.0000
      vertex 61.8000 53.7000 0.0000
      vertex 61.8000 53.7000 3.0000
    endloop
  endfacet
  facet normal 0 -1 0
    outer loop
      vertex 41.8000 53.7000 0.0000
      vertex 61.8000 53.7000 3.0000
      vertex 41.8000 53.7000 3.0000
    endloop
  endfacet
  facet normal 0 0 -1
    outer loop
      vertex 41.8000 53.7000 0.0000
      vertex 61.8000 56.7000 0.0000
      vertex 61.8000 53.7000 0.0000
    endloop
  endfacet
  facet normal 0 0 1
    outer loop
      vertex 41.8000 53.7000 3.0000
      vertex 61.8000 53.7000 3.0000
      vertex 41.8000 56.7000 3.0000
    endloop
  endfacet
  facet normal 0 1 0
    outer loop
      vertex 41.8000 56.7000 0.0000
      vertex 41.8000 56.7000 3.0000
      vertex 61.8000 56.7000 0.0000
    endloop
  endfacet
  facet normal 1 0 0
    outer loop
      vertex 41.8000 56.7000 0.0000
      vertex 41.8000 59.7000 0.0000
      vertex 41.8000 56.7000 3.0000
    endloop
  endfacet
  facet normal 1 0 0
    outer loop
      vertex 41.8000 56.7000 3.0000
      vertex 41.8000 59.7000 0.0000
      vertex 41.8000 59.7000 3.0000
    endloop
  endfacet
  facet normal 0 0 1
    outer loop
      vertex 41.8000 56.7000 3.0000
      vertex 61.8000 53.7000 3.0000
      vertex 61.8000 56.7000 3.0000
    endloop
  endfacet
  facet normal 0 1 0
    outer loop
      vertex 41.8000 56.7000 3.0000
      vertex 61.8000 56.7000 3.0000
      vertex 61.8000 56.7000 0.0000
    endloop
  endfacet
  facet normal 0 0 -1
    outer loop
      vertex 41.8000 59.7000 0.0000
      vertex 41.8000 62.7000 0.0000
      vertex 61.8000 62.7000 0.0000
    endloop
  endfacet
  facet normal 0 -1 0
    outer loop
      vertex 41.8000 59.7000 0.0000
      vertex 61.8000 59.7000 0.0000
      vertex 61.8000 59.7000 3.0000
    endloop
  endfacet
  facet normal 0 -1 0
    outer loop
      vertex 41.8000 59.7000 0.0000
      vertex 61.8000 59.7000 3.0000
      vertex 41.8000 59.7000 3.0000
    endloop
  endfacet
  facet normal 0 0 -1
    outer loop
      vertex 41.8000 59.7000 0.0000
      vertex 61.8000 62.7000 0.0000
      vertex 61.8000 59.7000 0.0000
    endloop
  endfacet
  facet normal 0 0 1
    outer loop
      vertex 41.8000 59.7000 3.0000
      vertex 61.8000 59.7000 3.0000
      vertex 41.8000 62.7000 3.0000
    endloop
  endfacet
  facet normal 0 1 0
    outer loop
      vertex 41.8000 62.7000 0.0000
      vertex 41.8000 62.7000 3.0000
      vertex 61.8000 62.7000 0.0000
    endloop
  endfacet
  facet normal 1 0 0
    outer loop
      vertex 41.8000 62.7000 0.0000
      vertex 41.8000 65.7000 0.0000
      vertex 41.8000 62.7000 3.0000
    endloop
  endfacet
  facet normal 1 0 0
    outer loop
      vertex 41.8000 62.7000 3.0000
      vertex 41.8000 65.7000 0.0000
      vertex 41.8000 65.7000 3.0000
    endloop
  endfacet
  facet normal 0 0 1
    outer loop
      vertex 41.8000 62.7000 3.0000
      vertex 61.8000 59.7000 3.0000
      vertex 61.8000 62.7000 3.0000
    endloop
  endfacet
  facet normal 0 1 0
    outer loop
      vertex 41.8000 62.7000 3.0000
      vertex 61.8000 62.7000 3.0000
      vertex 61.8000 62.7000 0.0000
    endloop
  endfacet
  facet normal 0 0 -1
    outer loop
      vertex 41.8000 65.7000 0.0000
      vertex 41.8000 68.7000 0.0000
      vertex 61.8000 68.7000 0.0000
    endloop
  endfacet
  facet normal 0 -1 0
    outer loop
      vertex 41.8000 65.7000 0.0000
      vertex 61.8000 65.7000 0.0000
      vertex 61.8000 65.7000 3.0000
    endloop
  endfacet
  facet normal 0 -1 0
    outer loop
      vertex 41.8000 65.7000 0.0000
      vertex 61.8000 65.7000 3.0000
      vertex 41.8000 65.7000 3.0000
    endloop
  endfacet
  facet normal 0 0 -1
    outer loop
      vertex 41.8000 65.7000 0.0000
      vertex 61.8000 68.7000 0.0000
      vertex 61.8000 65.7000 0.0000
    endloop
  endfacet
  facet normal 0 0 1
    outer loop
      vertex 41.8000 65.7000 3.0000
      vertex 61.8000 65.7000 3.0000
      vertex 41.8000 68.7000 3.0000
    endloop
  endfacet
  facet normal 0 1 0
    outer loop
      vertex 41.8000 68.7000 0.0000
      vertex 41.8000 68.7000 3.0000
      vertex 61.8000 68.7000 0.0000
    endloop
  endfacet
  facet normal 1 0 0
    outer loop
      vertex 41.8000 68.7000 0.0000
      vertex 41.8000 71.7000 0.0000
      vertex 41.8000 68.7000 3.0000
    endloop
  endfacet
  facet normal 1 0 0
    outer loop
      vertex 41.8000 68.7000 3.0000
      vertex 41.8000 71.7000 0.0000
      vertex 41.8000 71.7000 3.0000
    endloop
  endfacet
  facet normal 0 0 1
    outer loop
      vertex 41.8000 68.7000 3.0000
      vertex 61.8000 65.7000 3.0000
      vertex 61.8000 68.7000 3.0000
    endloop
  endfacet
  facet normal 0 1 0
    outer loop
      vertex 41.8000 68.7000 3.0000
      vertex 61.8000 68.7000 3.0000
      vertex 61.8000 68.7000 0.0000
    endloop
  endfacet
  facet normal 0 0 -1
    outer loop
      vertex 41.8000 71.7000 0.0000
      vertex 41.8000 74.7000 0.0000
      vertex 61.8000 74.7000 0.0000
    endloop
  endfacet
  facet normal 0 -1 0
    outer loop
      vertex 41.8000 71.7000 0.0000
      vertex 61.8000 71.7000 0.0000
      vertex 61.8000 71.7000 3.0000
    endloop
  endfacet
  facet normal 0 -1 0
    outer loop
      vertex 41.8000 71.7000 0.0000
      vertex 61.8000 71.7000 3.0000
      vertex 41.8000 71.7000 3.0000
    endloop
  endfacet
  facet normal 0 0 -1
    outer loop
      vertex 41.8000 71.7000 0.0000
      vertex 61.8000 74.7000 0.0000
      vertex 61.8000 71.7000 0.0000
    endloop
  endfacet
  facet normal 0 0 1
    outer loop
      vertex 41.8000 71.7000 3.0000
      vertex 61.8000 71.7000 3.0000
      vertex 41.8000 74.7000 3.0000
    endloop
  endfacet
  facet normal 0 1 0
    outer loop
      vertex 41.8000 74.7000 0.0000
      vertex 41.8000 74.7000 3.0000
      vertex 61.8000 74.7000 0.0000
    endloop
  endfacet
  facet normal 1 0 0
    outer loop
      vertex 41.8000 74.7000 0.0000
      vertex 41.8000 77.7000 0.0000
      vertex 41.8000 74.7000 3.0000
    endloop
  endfacet
  facet normal 1 0 0
    outer loop
      vertex 41.8000 74.7000 3.0000
      vertex 41.8000 77.7000 0.0000
      vertex 41.8000 77.7000 3.0000
    endloop
  endfacet
  facet normal 0 0 1
    outer loop
      vertex 41.8000 74.7000 3.0000
      vertex 61.8000 71.7000 3.0000
      vertex 61.8000 74.7000 3.0000
    endloop
  endfacet
  facet normal 0 1 0
    outer loop
      vertex 41.8000 74.7000 3.0000
      vertex 61.8000 74.7000 3.0000
      vertex 61.8000 74.7000 0.0000
    endloop
  endfacet
  facet normal 0 0 -1
    outer loop
      vertex 41.8000 77.7000 0.0000
      vertex 41.8000 80.7000 0.0000
      vertex 61.8000 80.7000 0.0000
    endloop
  endfacet
  facet normal 0 -1 0
    outer loop
      vertex 41.8000 77.7000 0.0000
      vertex 61.8000 77.7000 0.0000
      vertex 61.8000 77.7000 3.0000
    endloop
  endfacet
  facet normal 0 -1 0
    outer loop
      vertex 41.8000 77.7000 0.0000
      vertex 61.8000 77.7000 3.0000
      vertex 41.8000 77.7000 3.0000
    endloop
  endfacet
  facet normal 0 0 -1
    outer loop
      vertex 41.8000 77.7000 0.0000
      vertex 61.8000 80.7000 0.0000
      vertex 61.8000 77.7000 0.0000
    endloop
  endfacet
  facet normal 0 0 1
    outer loop
      vertex 41.8000 77.7000 3.0000
      vertex 61.8000 77.7000 3.0000
      vertex 41.8000 80.7000 3.0000
    endloop
  endfacet
  facet normal 0 1 0
    outer loop
      vertex 41.8000 80.7000 0.0000
      vertex 41.8000 80.7000 3.0000
      vertex 61.8000 80.7000 0.0000
    endloop
  endfacet
  facet normal 1 0 0
    outer loop
      vertex 41.8000 80.7000 0.0000
      vertex 41.8000 83.7000 0.0000
      vertex 41.8000 80.7000 3.0000
    endloop
  endfacet
  facet normal 1 0 0
    outer loop
      vertex 41.8000 80.7000 3.0000
      vertex 41.8000 83.7000 0.0000
      vertex 41.8000 83.7000 3.0000
    endloop
  endfacet
  facet normal 0 0 1
    outer loop
      vertex 41.8000 80.7000 3.0000
      vertex 61.8000 77.7000 3.0000
      vertex 61.8000 80.7000 3.0000
    endloop
  endfacet
  facet normal 0 1 0
    outer loop
      vertex 41.8000 80.7000 3.0000
      vertex 61.8000 80.7000 3.0000
      vertex 61.8000 80.7000 0.0000
    endloop
  endfacet
  facet normal 0 0 -1
    outer loop
      vertex 41.8000 83.7000 0.0000
      vertex 51.4000 94.7000 0.0000
      vertex 61.8000 83.7000 0.0000
    endloop
  endfacet
  facet normal 0 -1 0
    outer loop
      vertex 41.8000 83.7000 0.0000
      vertex 61.8000 83.7000 0.0000
      vertex 61.8000 83.7000 3.0000
    endloop
  endfacet
  facet normal 0 -1 0
    outer loop
      vertex 41.8000 83.7000 0.0000
      vertex 61.8000 83.7000 3.0000
      vertex 41.8000 83.7000 3.0000
    endloop
  endfacet
  facet normal 0 0 1
    outer loop
      vertex 41.8000 83.7000 3.0000
      vertex 61.8000 83.7000 3.0000
      vertex 51.4000 94.7000 3.0000
    endloop
  endfacet
  facet normal -1 0 0
    outer loop
      vertex 51.4000 5.0000 0.0000
      vertex 51.4000 5.0000 3.0000
      vertex 51.4000 5.7000 3.0000
    endloop
  endfacet
  facet normal 0 0 -1
    outer loop
      vertex 51.4000 5.0000 0.0000
      vertex 51.4000 5.7000 0.0000
      vertex 55.4000 5.7000 0.0000
    endloop
  endfacet
  facet normal -1 0 0
    outer loop
      vertex 51.4000 5.0000 0.0000
      vertex 51.4000 5.7000 3.0000
      vertex 51.4000 5.7000 0.0000
    endloop
  endfacet
  facet normal 0 0 -1
    outer loop
      vertex 51.4000 5.0000 0.0000
      vertex 55.4000 5.7000 0.0000
      vertex 55.4000 5.0000 0.0000
    endloop
  endfacet
  facet normal 0 0 1
    outer loop
      vertex 51.4000 5.0000 3.0000
      vertex 55.4000 5.0000 3.0000
      vertex 51.4000 5.7000 3.0000
    endloop
  endfacet
  facet normal 0 0 -1
    outer loop
      vertex 51.4000 5.7000 0.0000
      vertex 51.4000 8.7000 0.0000
      vertex 55.4000 8.7000 0.0000
    endloop
  endfacet
  facet normal 0 0 -1
    outer loop
      vertex 51.4000 5.7000 0.0000
      vertex 55.4000 8.7000 0.0000
      vertex 55.4000 5.7000 0.0000
    endloop
  endfacet
  facet normal 0 0 1
    outer loop
      vertex 51.4000 5.7000 3.0000
      vertex 55.4000 5.0000 3.0000
      vertex 55.4000 5.7000 3.0000
    endloop
  endfacet
  facet normal 0 0 1
    outer loop
      vertex 51.4000 5.7000 3.0000
      vertex 55.4000 5.7000 3.0000
      vertex 51.4000 8.7000 3.0000
    endloop
  endfacet
  facet normal -1 0 0
    outer loop
      vertex 51.4000 8.7000 0.0000
      vertex 51.4000 8.7000 3.0000
      vertex 51.4000 11.7000 3.0000
    endloop
  endfacet
  facet normal 0 0 -1
    outer loop
      vertex 51.4000 8.7000 0.0000
      vertex 51.4000 11.7000 0.0000
      vertex 55.4000 11.7000 0.0000
    endloop
  endfacet
  facet normal -1 0 0
    outer loop
      vertex 51.4000 8.7000 0.0000
      vertex 51.4000 11.7000 3.0000
      vertex 51.4000 11.7000 0.0000
    endloop
  endfacet
  facet normal 0 0 -1
    outer loop
      vertex 51.4000 8.7000 0.0000
      vertex 55.4000 11.7000 0.0000
      vertex 55.4000 8.7000 0.0000
    endloop
  endfacet
  facet normal 0 0 1
    outer loop
      vertex 51.4000 8.7000 3.0000
      vertex 55.4000 5.7000 3.0000
      vertex 55.4000 8.7000 3.0000
    endloop
  endfacet
  facet normal 0 0 1
    outer loop
      vertex 51.4000 8.7000 3.0000
      vertex 55.4000 8.7000 3.0000
      vertex 51.4000 11.7000 3.0000
    endloop
  endfacet
  facet normal 0 0 -1
    outer loop
      vertex 51.4000 11.7000 0.0000
      vertex 51.4000 14.7000 0.0000
      vertex 55.4000 14.7000 0.0000
    endloop
  endfacet
  facet normal 0 0 -1
    outer loop
      vertex 51.4000 11.7000 0.0000
      vertex 55.4000 14.7000 0.0000
      vertex 55.4000 11.7000 0.0000
    endloop
  endfacet
  facet normal 0 0 1
    outer loop
      vertex 51.4000 11.7000 3.0000
      vertex 55.4000 8.7000 3.0000
      vertex 55.4000 11.7000 3.0000
    endloop
  endfacet
  facet normal 0 0 1
    outer loop
      vertex 51.4000 11.7000 3.0000
      vertex 55.4000 11.7000 3.0000
      vertex 51.4000 14.7000 3.0000
    endloop
  endfacet
  facet normal -1 0 0
    outer loop
      vertex 51.4000 14.7000 0.0000
      vertex 51.4000 14.7000 3.0000
      vertex 51.4000 17.7000 3.0000
    endloop
  endfacet
  facet normal 0 0 -1
    outer loop
      vertex 51.4000 14.7000 0.0000
      vertex 51.4000 17.7000 0.0000
      vertex 55.4000 17.7000 0.0000
    endloop
  endfacet
  facet normal -1 0 0
    outer loop
      vertex 51.4000 14.7000 0.0000
      vertex 51.4000 17.7000 3.0000
      vertex 51.4000 17.7000 0.0000
    endloop
  endfacet
  facet normal 0 0 -1
    outer loop
      vertex 51.4000 14.7000 0.0000
      vertex 55.4000 17.7000 0.0000
      vertex 55.4000 14.7000 0.0000
    endloop
  endfacet
  facet normal 0 0 1
    outer loop
      vertex 51.4000 14.7000 3.0000
      vertex 55.4000 11.7000 3.0000
      vertex 55.4000 14.7000 3.0000
    endloop
  endfacet
  facet normal 0 0 1
    outer loop
      vertex 51.4000 14.7000 3.0000
      vertex 55.4000 14.7000 3.0000
      vertex 51.4000 17.7000 3.0000
    endloop
  endfacet
  facet normal 0 0 -1
    outer loop
      vertex 51.4000 17.7000 0.0000
      vertex 51.4000 20.7000 0.0000
      vertex 55.4000 20.7000 0.0000
    endloop
  endfacet
  facet normal 0 0 -1
    outer loop
      vertex 51.4000 17.7000 0.0000
      vertex 55.4000 20.7000 0.0000
      vertex 55.4000 17.7000 0.0000
    endloop
  endfacet
  facet normal 0 0 1
    outer loop
      vertex 51.4000 17.7000 3.0000
      vertex 55.4000 14.7000 3.0000
      vertex 55.4000 17.7000 3.0000
    endloop
  endfacet
  facet normal 0 0 1
    outer loop
      vertex 51.4000 17.7000 3.0000
      vertex 55.4000 17.7000 3.0000
      vertex 51.4000 20.7000 3.0000
    endloop
  endfacet
  facet normal -1 0 0
    outer loop
      vertex 51.4000 20.7000 0.0000
      vertex 51.4000 20.7000 3.0000
      vertex 51.4000 23.7000 3.0000
    endloop
  endfacet
  facet normal 0 0 -1
    outer loop
      vertex 51.4000 20.7000 0.0000
      vertex 51.4000 23.7000 0.0000
      vertex 55.4000 23.7000 0.0000
    endloop
  endfacet
  facet normal -1 0 0
    outer loop
      vertex 51.4000 20.7000 0.0000
      vertex 51.4000 23.7000 3.0000
      vertex 51.4000 23.7000 0.0000
    endloop
  endfacet
  facet normal 0 0 -1
    outer loop
      vertex 51.4000 20.7000 0.0000
      vertex 55.4000 23.7000 0.0000
      vertex 55.4000 20.7000 0.0000
    endloop
  endfacet
  facet normal 0 0 1
    outer loop
      vertex 51.4000 20.7000 3.0000
      vertex 55.4000 17.7000 3.0000
      vertex 55.4000 20.7000 3.0000
    endloop
  endfacet
  facet normal 0 0 1
    outer loop
      vertex 51.4000 20.7000 3.0000
      vertex 55.4000 20.7000 3.0000
      vertex 51.4000 23.7000 3.0000
    endloop
  endfacet
  facet normal 0 0 -1
    outer loop
      vertex 51.4000 23.7000 0.0000
      vertex 51.4000 26.7000 0.0000
      vertex 55.4000 26.7000 0.0000
    endloop
  endfacet
  facet normal 0 0 -1
    outer loop
      vertex 51.4000 23.7000 0.0000
      vertex 55.4000 26.7000 0.0000
      vertex 55.4000 23.7000 0.0000
    endloop
  endfacet
  facet normal 0 0 1
    outer loop
      vertex 51.4000 23.7000 3.0000
      vertex 55.4000 20.7000 3.0000
      vertex 55.4000 23.7000 3.0000
    endloop
  endfacet
  facet normal 0 0 1
    outer loop
      vertex 51.4000 23.7000 3.0000
      vertex 55.4000 23.7000 3.0000
      vertex 51.4000 26.7000 3.0000
    endloop
  endfacet
  facet normal -1 0 0
    outer loop
      vertex 51.4000 26.7000 0.0000
      vertex 51.4000 26.7000 3.0000
      vertex 51.4000 29.7000 3.0000
    endloop
  endfacet
  facet normal 0 0 -1
    outer loop
      vertex 51.4000 26.7000 0.0000
      vertex 51.4000 29.7000 0.0000
      vertex 55.4000 29.7000 0.0000
    endloop
  endfacet
  facet normal -1 0 0
    outer loop
      vertex 51.4000 26.7000 0.0000
      vertex 51.4000 29.7000 3.0000
      vertex 51.4000 29.7000 0.0000
    endloop
  endfacet
  facet normal 0 0 -1
    outer loop
      vertex 51.4000 26.7000 0.0000
      vertex 55.4000 29.7000 0.0000
      vertex 55.4000 26.7000 0.0000
    endloop
  endfacet
  facet normal 0 0 1
    outer loop
      vertex 51.4000 26.7000 3.0000
      vertex 55.4000 23.7000 3.0000
      vertex 55.4000 26.7000 3.0000
    endloop
  endfacet
  facet normal 0 0 1
    outer loop
      vertex 51.4000 26.7000 3.0000
      vertex 55.4000 26.7000 3.0000
      vertex 51.4000 29.7000 3.0000
    endloop
  endfacet
  facet normal 0 0 -1
    outer loop
      vertex 51.4000 29.7000 0.0000
      vertex 51.4000 32.7000 0.0000
      vertex 55.4000 32.7000 0.0000
    endloop
  endfacet
  facet normal 0 0 -1
    outer loop
      vertex 51.4000 29.7000 0.0000
      vertex 55.4000 32.7000 0.0000
      vertex 55.4000 29.7000 0.0000
    endloop
  endfacet
  facet normal 0 0 1
    outer loop
      vertex 51.4000 29.7000 3.0000
      vertex 55.4000 26.7000 3.0000
      vertex 55.4000 29.7000 3.0000
    endloop
  endfacet
  facet normal 0 0 1
    outer loop
      vertex 51.4000 29.7000 3.0000
      vertex 55.4000 29.7000 3.0000
      vertex 51.4000 32.7000 3.0000
    endloop
  endfacet
  facet normal -1 0 0
    outer loop
      vertex 51.4000 32.7000 0.0000
      vertex 51.4000 32.7000 3.0000
      vertex 51.4000 35.7000 3.0000
    endloop
  endfacet
  facet normal 0 0 -1
    outer loop
      vertex 51.4000 32.7000 0.0000
      vertex 51.4000 35.7000 0.0000
      vertex 55.4000 35.7000 0.0000
    endloop
  endfacet
  facet normal -1 0 0
    outer loop
      vertex 51.4000 32.7000 0.0000
      vertex 51.4000 35.7000 3.0000
      vertex 51.4000 35.7000 0.0000
    endloop
  endfacet
  facet normal 0 0 -1
    outer loop
      vertex 51.4000 32.7000 0.0000
      vertex 55.4000 35.7000 0.0000
      vertex 55.4000 32.7000 0.0000
    endloop
  endfacet
  facet normal 0 0 1
    outer loop
      vertex 51.4000 32.7000 3.0000
      vertex 55.4000 29.7000 3.0000
      vertex 55.4000 32.7000 3.0000
    endloop
  endfacet
  facet normal 0 0 1
    outer loop
      vertex 51.4000 32.7000 3.0000
      vertex 55.4000 32.7000 3.0000
      vertex 51.4000 35.7000 3.0000
    endloop
  endfacet
  facet normal 0 0 -1
    outer loop
      vertex 51.4000 35.7000 0.0000
      vertex 51.4000 38.7000 0.0000
      vertex 55.4000 38.7000 0.0000
    endloop
  endfacet
  facet normal 0 0 -1
    outer loop
      vertex 51.4000 35.7000 0.0000
      vertex 55.4000 38.7000 0.0000
      vertex 55.4000 35.7000 0.0000
    endloop
  endfacet
  facet normal 0 0 1
    outer loop
      vertex 51.4000 35.7000 3.0000
      vertex 55.4000 32.7000 3.0000
      vertex 55.4000 35.7000 3.0000
    endloop
  endfacet
  facet normal 0 0 1
    outer loop
      vertex 51.4000 35.7000 3.0000
      vertex 55.4000 35.7000 3.0000
      vertex 51.4000 38.7000 3.0000
    endloop
  endfacet
  facet normal -1 0 0
    outer loop
      vertex 51.4000 38.7000 0.0000
      vertex 51.4000 38.7000 3.0000
      vertex 51.4000 41.7000 3.0000
    endloop
  endfacet
  facet normal 0 0 -1
    outer loop
      vertex 51.4000 38.7000 0.0000
      vertex 51.4000 41.7000 0.0000
      vertex 55.4000 41.7000 0.0000
    endloop
  endfacet
  facet normal -1 0 0
    outer loop
      vertex 51.4000 38.7000 0.0000
      vertex 51.4000 41.7000 3.0000
      vertex 51.4000 41.7000 0.0000
    endloop
  endfacet
  facet normal 0 0 -1
    outer loop
      vertex 51.4000 38.7000 0.0000
      vertex 55.4000 41.7000 0.0000
      vertex 55.4000 38.7000 0.0000
    endloop
  endfacet
  facet normal 0 0 1
    outer loop
      vertex 51.4000 38.7000 3.0000
      vertex 55.4000 35.7000 3.0000
      vertex 55.4000 38.7000 3.0000
    endloop
  endfacet
  facet normal 0 0 1
    outer loop
      vertex 51.4000 38.7000 3.0000
      vertex 55.4000 38.7000 3.0000
      vertex 51.4000 41.7000 3.0000
    endloop
  endfacet
  facet normal 0 0 -1
    outer loop
      vertex 51.4000 41.7000 0.0000
      vertex 51.4000 44.7000 0.0000
      vertex 55.4000 44.7000 0.0000
    endloop
  endfacet
  facet normal 0 0 -1
    outer loop
      vertex 51.4000 41.7000 0.0000
      vertex 55.4000 44.7000 0.0000
      vertex 55.4000 41.7000 0.0000
    endloop
  endfacet
  facet normal 0 0 1
    outer loop
      vertex 51.4000 41.7000 3.0000
      vertex 55.4000 38.7000 3.0000
      vertex 55.4000 41.7000 3.0000
    endloop
  endfacet
  facet normal 0 0 1
    outer loop
      vertex 51.4000 41.7000 3.0000
      vertex 55.4000 41.7000 3.0000
      vertex 51.4000 44.7000 3.0000
    endloop
  endfacet
  facet normal -1 0 0
    outer loop
      vertex 51.4000 44.7000 0.0000
      vertex 51.4000 44.7000 3.0000
      vertex 51.4000 47.7000 3.0000
    endloop
  endfacet
  facet normal 0 0 -1
    outer loop
      vertex 51.4000 44.7000 0.0000
      vertex 51.4000 47.7000 0.0000
      vertex 55.4000 47.7000 0.0000
    endloop
  endfacet
  facet normal -1 0 0
    outer loop
      vertex 51.4000 44.7000 0.0000
      vertex 51.4000 47.7000 3.0000
      vertex 51.4000 47.7000 0.0000
    endloop
  endfacet
  facet normal 0 0 -1
    outer loop
      vertex 51.4000 44.7000 0.0000
      vertex 55.4000 47.7000 0.0000
      vertex 55.4000 44.7000 0.0000
    endloop
  endfacet
  facet normal 0 0 1
    outer loop
      vertex 51.4000 44.7000 3.0000
      vertex 55.4000 41.7000 3.0000
      vertex 55.4000 44.7000 3.0000
    endloop
  endfacet
  facet normal 0 0 1
    outer loop
      vertex 51.4000 44.7000 3.0000
      vertex 55.4000 44.7000 3.0000
      vertex 55.4000 47.7000 3.0000
    endloop
  endfacet
  facet normal 0 0 1
    outer loop
      vertex 51.4000 44.7000 3.0000
      vertex 55.4000 47.7000 3.0000
      vertex 51.4000 47.7000 3.0000
    endloop
  endfacet
  facet normal 0 0 -1
    outer loop
      vertex 51.4000 47.7000 0.0000
      vertex 61.8000 50.7000 0.0000
      vertex 55.4000 47.7000 0.0000
    endloop
  endfacet
  facet normal 0 0 1
    outer loop
      vertex 51.4000 47.7000 3.0000
      vertex 55.4000 47.7000 3.0000
      vertex 61.8000 50.7000 3.0000
    endloop
  endfacet
  facet normal -1 0 0
    outer loop
      vertex 51.4000 94.7000 0.0000
      vertex 51.4000 94.7000 3.0000
      vertex 51.4000 97.7000 3.0000
    endloop
  endfacet
  facet normal 0 0 -1
    outer loop
      vertex 51.4000 94.7000 0.0000
      vertex 51.4000 97.7000 0.0000
      vertex 55.4000 94.7000 0.0000
    endloop
  endfacet
  facet normal -1 0 0
    outer loop
      vertex 51.4000 94.7000 0.0000
      vertex 51.4000 97.7000 3.0000
      vertex 51.4000 97.7000 0.0000
    endloop
  endfacet
  facet normal 0 0 -1
    outer loop
      vertex 51.4000 94.7000 0.0000
      vertex 55.4000 94.7000 0.0000
      vertex 61.8000 83.7000 0.0000
    endloop
  endfacet
  facet normal 0 0 1
    outer loop
      vertex 51.4000 94.7000 3.0000
      vertex 55.4000 94.7000 3.0000
      vertex 51.4000 97.7000 3.0000
    endloop
  endfacet
  facet normal 0 0 1
    outer loop
      vertex 51.4000 94.7000 3.0000
      vertex 61.8000 83.7000 3.0000
      vertex 55.4000 94.7000 3.0000
    endloop
  endfacet
  facet normal 0 0 -1
    outer loop
      vertex 51.4000 97.7000 0.0000
      vertex 51.4000 100.7000 0.0000
      vertex 55.4000 100.7000 0.0000
    endloop
  endfacet
  facet normal 0 0 -1
    outer loop
      vertex 51.4000 97.7000 0.0000
      vertex 55.4000 97.7000 0.0000
      vertex 55.4000 94.7000 0.0000
    endloop
  endfacet
  facet normal 0 0 -1
    outer loop
      vertex 51.4000 97.7000 0.0000
      vertex 55.4000 100.7000 0.0000
      vertex 55.4000 97.7000 0.0000
    endloop
  endfacet
  facet normal 0 0 1
    outer loop
      vertex 51.4000 97.7000 3.0000
      vertex 55.4000 94.7000 3.0000
      vertex 55.4000 97.7000 3.0000
    endloop
  endfacet
  facet normal 0 0 1
    outer loop
      vertex 51.4000 97.7000 3.0000
      vertex 55.4000 97.7000 3.0000
      vertex 51.4000 100.7000 3.0000
    endloop
  endfacet
  facet normal -1 0 0
    outer loop
      vertex 51.4000 100.7000 0.0000
      vertex 51.4000 100.7000 3.0000
      vertex 51.4000 103.7000 3.0000
    endloop
  endfacet
  facet normal 0 0 -1
    outer loop
      vertex 51.4000 100.7000 0.0000
      vertex 51.4000 103.7000 0.0000
      vertex 55.4000 103.7000 0.0000
    endloop
  endfacet
  facet normal -1 0 0
    outer loop
      vertex 51.4000 100.7000 0.0000
      vertex 51.4000 103.7000 3.0000
      vertex 51.4000 103.7000 0.0000
    endloop
  endfacet
  facet normal 0 0 -1
    outer loop
      vertex 51.4000 100.7000 0.0000
      vertex 55.4000 103.7000 0.0000
      vertex 55.4000 100.7000 0.0000
    endloop
  endfacet
  facet normal 0 0 1
    outer loop
      vertex 51.4000 100.7000 3.0000
      vertex 55.4000 97.7000 3.0000
      vertex 55.4000 100.7000 3.0000
    endloop
  endfacet
  facet normal 0 0 1
    outer loop
      vertex 51.4000 100.7000 3.0000
      vertex 55.4000 100.7000 3.0000
      vertex 51.4000 103.7000 3.0000
    endloop
  endfacet
  facet normal 0 0 -1
    outer loop
      vertex 51.4000 103.7000 0.0000
      vertex 51.4000 106.7000 0.0000
      vertex 55.4000 106.7000 0.0000
    endloop
  endfacet
  facet normal 0 0 -1
    outer loop
      vertex 51.4000 103.7000 0.0000
      vertex 55.4000 106.7000 0.0000
      vertex 55.4000 103.7000 0.0000
    endloop
  endfacet
  facet normal 0 0 1
    outer loop
      vertex 51.4000 103.7000 3.0000
      vertex 55.4000 100.7000 3.0000
      vertex 55.4000 103.7000 3.0000
    endloop
  endfacet
  facet normal 0 0 1
    outer loop
      vertex 51.4000 103.7000 3.0000
      vertex 55.4000 103.7000 3.0000
      vertex 51.4000 106.7000 3.0000
    endloop
  endfacet
  facet normal -1 0 0
    outer loop
      vertex 51.4000 106.7000 0.0000
      vertex 51.4000 106.7000 3.0000
      vertex 51.4000 109.7000 3.0000
    endloop
  endfacet
  facet normal 0 0 -1
    outer loop
      vertex 51.4000 106.7000 0.0000
      vertex 51.4000 109.7000 0.0000
      vertex 55.4000 109.7000 0.0000
    endloop
  endfacet
  facet normal -1 0 0
    outer loop
      vertex 51.4000 106.7000 0.0000
      vertex 51.4000 109.7000 3.0000
      vertex 51.4000 109.7000 0.0000
    endloop
  endfacet
  facet normal 0 0 -1
    outer loop
      vertex 51.4000 106.7000 0.0000
      vertex 55.4000 109.7000 0.0000
      vertex 55.4000 106.7000 0.0000
    endloop
  endfacet
  facet normal 0 0 1
    outer loop
      vertex 51.4000 106.7000 3.0000
      vertex 55.4000 103.7000 3.0000
      vertex 55.4000 106.7000 3.0000
    endloop
  endfacet
  facet normal 0 0 1
    outer loop
      vertex 51.4000 106.7000 3.0000
      vertex 55.4000 106.7000 3.0000
      vertex 51.4000 109.7000 3.0000
    endloop
  endfacet
  facet normal 0 0 -1
    outer loop
      vertex 51.4000 109.7000 0.0000
      vertex 51.4000 112.7000 0.0000
      vertex 55.4000 112.7000 0.0000
    endloop
  endfacet
  facet normal 0 0 -1
    outer loop
      vertex 51.4000 109.7000 0.0000
      vertex 55.4000 112.7000 0.0000
      vertex 55.4000 109.7000 0.0000
    endloop
  endfacet
  facet normal 0 0 1
    outer loop
      vertex 51.4000 109.7000 3.0000
      vertex 55.4000 106.7000 3.0000
      vertex 55.4000 109.7000 3.0000
    endloop
  endfacet
  facet normal 0 0 1
    outer loop
      vertex 51.4000 109.7000 3.0000
      vertex 55.4000 109.7000 3.0000
      vertex 51.4000 112.7000 3.0000
    endloop
  endfacet
  facet normal -1 0 0
    outer loop
      vertex 51.4000 112.7000 0.0000
      vertex 51.4000 112.7000 3.0000
      vertex 51.4000 115.7000 3.0000
    endloop
  endfacet
  facet normal 0 0 -1
    outer loop
      vertex 51.4000 112.7000 0.0000
      vertex 51.4000 115.7000 0.0000
      vertex 55.4000 115.7000 0.0000
    endloop
  endfacet
  facet normal -1 0 0
    outer loop
      vertex 51.4000 112.7000 0.0000
      vertex 51.4000 115.7000 3.0000
      vertex 51.4000 115.7000 0.0000
    endloop
  endfacet
  facet normal 0 0 -1
    outer loop
      vertex 51.4000 112.7000 0.0000
      vertex 55.4000 115.7000 0.0000
      vertex 55.4000 112.7000 0.0000
    endloop
  endfacet
  facet normal 0 0 1
    outer loop
      vertex 51.4000 112.7000 3.0000
      vertex 55.4000 109.7000 3.0000
      vertex 55.4000 112.7000 3.0000
    endloop
  endfacet
  facet normal 0 0 1
    outer loop
      vertex 51.4000 112.7000 3.0000
      vertex 55.4000 112.7000 3.0000
      vertex 55.4000 115.7000 3.0000
    endloop
  endfacet
  facet normal 0 0 1
    outer loop
      vertex 51.4000 112.7000 3.0000
      vertex 55.4000 115.7000 3.0000
      vertex 51.4000 115.7000 3.0000
    endloop
  endfacet
  facet normal 0 1 0
    outer loop
      vertex 55.4000 5.0000 0.0000
      vertex 55.4000 5.0000 3.0000
      vertex 75.4000 5.0000 0.0000
    endloop
  endfacet
  facet normal 1 0 0
    outer loop
      vertex 55.4000 5.0000 0.0000
      vertex 55.4000 5.7000 0.0000
      vertex 55.4000 5.0000 3.0000
    endloop
  endfacet
  facet normal 1 0 0
    outer loop
      vertex 55.4000 5.0000 3.0000
      vertex 55.4000 5.7000 0.0000
      vertex 55.4000 5.7000 3.0000
    endloop
  endfacet
  facet normal 0 1 0
    outer loop
      vertex 55.4000 5.0000 3.0000
      vertex 75.4000 5.0000 3.0000
      vertex 75.4000 5.0000 0.0000
    endloop
  endfacet
  facet normal 0 0 -1
    outer loop
      vertex 55.4000 5.7000 0.0000
      vertex 55.4000 8.7000 0.0000
      vertex 75.4000 8.7000 0.0000
    endloop
  endfacet
  facet normal 0 -1 0
    outer loop
      vertex 55.4000 5.7000 0.0000
      vertex 75.4000 5.7000 0.0000
      vertex 75.4000 5.7000 3.0000
    endloop
  endfacet
  facet normal 0 -1 0
    outer loop
      vertex 55.4000 5.7000 0.0000
      vertex 75.4000 5.7000 3.0000
      vertex 55.4000 5.7000 3.0000
    endloop
  endfacet
  facet normal 0 0 -1
    outer loop
      vertex 55.4000 5.7000 0.0000
      vertex 75.4000 8.7000 0.0000
      vertex 75.4000 5.7000 0.0000
    endloop
  endfacet
  facet normal 0 0 1
    outer loop
      vertex 55.4000 5.7000 3.0000
      vertex 75.4000 5.7000 3.0000
      vertex 55.4000 8.7000 3.0000
    endloop
  endfacet
  facet normal 0 1 0
    outer loop
      vertex 55.4000 8.7000 0.0000
      vertex 55.4000 8.7000 3.0000
      vertex 75.4000 8.7000 0.0000
    endloop
  endfacet
  facet normal 1 0 0
    outer loop
      vertex 55.4000 8.7000 0.0000
      vertex 55.4000 11.7000 0.0000
      vertex 55.4000 8.7000 3.0000
    endloop
  endfacet
  facet normal 1 0 0
    outer loop
      vertex 55.4000 8.7000 3.0000
      vertex 55.4000 11.7000 0.0000
      vertex 55.4000 11.7000 3.0000
    endloop
  endfacet
  facet normal 0 0 1
    outer loop
      vertex 55.4000 8.7000 3.0000
      vertex 75.4000 5.7000 3.0000
      vertex 75.4000 8.7000 3.0000
    endloop
  endfacet
  facet normal 0 1 0
    outer loop
      vertex 55.4000 8.7000 3.0000
      vertex 75.4000 8.7000 3.0000
      vertex 75.4000 8.7000 0.0000
    endloop
  endfacet
  facet normal 0 0 -1
    outer loop
      vertex 55.4000 11.7000 0.0000
      vertex 55.4000 14.7000 0.0000
      vertex 75.4000 14.7000 0.0000
    endloop
  endfacet
  facet normal 0 -1 0
    outer loop
      vertex 55.4000 11.7000 0.0000
      vertex 75.4000 11.7000 0.0000
      vertex 75.4000 11.7000 3.0000
    endloop
  endfacet
  facet normal 0 -1 0
    outer loop
      vertex 55.4000 11.7000 0.0000
      vertex 75.4000 11.7000 3.0000
      vertex 55.4000 11.7000 3.0000
    endloop
  endfacet
  facet normal 0 0 -1
    outer loop
      vertex 55.4000 11.7000 0.0000
      vertex 75.4000 14.7000 0.0000
      vertex 75.4000 11.7000 0.0000
    endloop
  endfacet
  facet normal 0 0 1
    outer loop
      vertex 55.4000 11.7000 3.0000
      vertex 75.4000 11.7000 3.0000
      vertex 55.4000 14.7000 3.0000
    endloop
  endfacet
  facet normal 0 1 0
    outer loop
      vertex 55.4000 14.7000 0.0000
      vertex 55.4000 14.7000 3.0000
      vertex 75.4000 14.7000 0.0000
    endloop
  endfacet
  facet normal 1 0 0
    outer loop
      vertex 55.4000 14.7000 0.0000
      vertex 55.4000 17.7000 0.0000
      vertex 55.4000 14.7000 3.0000
    endloop
  endfacet
  facet normal 1 0 0
    outer loop
      vertex 55.4000 14.7000 3.0000
      vertex 55.4000 17.7000 0.0000
      vertex 55.4000 17.7000 3.0000
    endloop
  endfacet
  facet normal 0 0 1
    outer loop
      vertex 55.4000 14.7000 3.0000
      vertex 75.4000 11.7000 3.0000
      vertex 75.4000 14.7000 3.0000
    endloop
  endfacet
  facet normal 0 1 0
    outer loop
      vertex 55.4000 14.7000 3.0000
      vertex 75.4000 14.7000 3.0000
      vertex 75.4000 14.7000 0.0000
    endloop
  endfacet
  facet normal 0 0 -1
    outer loop
      vertex 55.4000 17.7000 0.0000
      vertex 55.4000 20.7000 0.0000
      vertex 73.5830 20.7000 0.0000
    endloop
  endfacet
  facet normal 0 0 -1
    outer loop
      vertex 55.4000 17.7000 0.0000
      vertex 73.5830 20.7000 0.0000
      vertex 75.4000 17.7000 0.0000
    endloop
  endfacet
  facet normal 0 -1 0
    outer loop
      vertex 55.4000 17.7000 0.0000
      vertex 75.4000 17.7000 0.0000
      vertex 75.4000 17.7000 3.0000
    endloop
  endfacet
  facet normal 0 -1 0
    outer loop
      vertex 55.4000 17.7000 0.0000
      vertex 75.4000 17.7000 3.0000
      vertex 55.4000 17.7000 3.0000
    endloop
  endfacet
  facet normal 0 0 1
    outer loop
      vertex 55.4000 17.7000 3.0000
      vertex 73.5830 20.7000 3.0000
      vertex 55.4000 20.7000 3.0000
    endloop
  endfacet
  facet normal 0 0 1
    outer loop
      vertex 55.4000 17.7000 3.0000
      vertex 75.4000 17.7000 3.0000
      vertex 73.5830 20.7000 3.0000
    endloop
  endfacet
  facet normal 0 1 0
    outer loop
      vertex 55.4000 20.7000 0.0000
      vertex 55.4000 20.7000 3.0000
      vertex 73.5830 20.7000 0.0000
    endloop
  endfacet
  facet normal 1 0 0
    outer loop
      vertex 55.4000 20.7000 0.0000
      vertex 55.4000 23.7000 0.0000
      vertex 55.4000 20.7000 3.0000
    endloop
  endfacet
  facet normal 1 0 0
    outer loop
      vertex 55.4000 20.7000 3.0000
      vertex 55.4000 23.7000 0.0000
      vertex 55.4000 23.7000 3.0000
    endloop
  endfacet
  facet normal 0 1 0
    outer loop
      vertex 55.4000 20.7000 3.0000
      vertex 73.5830 20.7000 3.0000
      vertex 73.5830 20.7000 0.0000
    endloop
  endfacet
  facet normal 0 0 -1
    outer loop
      vertex 55.4000 23.7000 0.0000
      vertex 55.4000 26.7000 0.0000
      vertex 72.0390 23.7000 0.0000
    endloop
  endfacet
  facet normal 0 -1 0
    outer loop
      vertex 55.4000 23.7000 0.0000
      vertex 72.0390 23.7000 0.0000
      vertex 72.0390 23.7000 3.0000
    endloop
  endfacet
  facet normal 0 -1 0
    outer loop
      vertex 55.4000 23.7000 0.0000
      vertex 72.0390 23.7000 3.0000
      vertex 55.4000 23.7000 3.0000
    endloop
  endfacet
  facet normal 0 0 1
    outer loop
      vertex 55.4000 23.7000 3.0000
      vertex 72.0000 24.2000 3.0000
      vertex 55.4000 26.7000 3.0000
    endloop
  endfacet
  facet normal 0 0 1
    outer loop
      vertex 55.4000 23.7000 3.0000
      vertex 72.0390 23.7000 3.0000
      vertex 72.0000 24.2000 3.0000
    endloop
  endfacet
  facet normal 0 1 0
    outer loop
      vertex 55.4000 26.7000 0.0000
      vertex 55.4000 26.7000 3.0000
      vertex 72.7370 26.7000 0.0000
    endloop
  endfacet
  facet normal 1 0 0
    outer loop
      vertex 55.4000 26.7000 0.0000
      vertex 55.4000 29.7000 0.0000
      vertex 55.4000 26.7000 3.0000
    endloop
  endfacet
  facet normal 0 0 -1
    outer loop
      vertex 55.4000 26.7000 0.0000
      vertex 72.7370 26.7000 0.0000
      vertex 72.0390 23.7000 0.0000
    endloop
  endfacet
  facet normal 1 0 0
    outer loop
      vertex 55.4000 26.7000 3.0000
      vertex 55.4000 29.7000 0.0000
      vertex 55.4000 29.7000 3.0000
    endloop
  endfacet
  facet normal 0 0 1
    outer loop
      vertex 55.4000 26.7000 3.0000
      vertex 72.0000 24.2000 3.0000
      vertex 72.0580 24.9352 3.0000
    endloop
  endfacet
  facet normal 0 0 1
    outer loop
      vertex 55.4000 26.7000 3.0000
      vertex 72.0580 24.9352 3.0000
      vertex 72.2300 25.6524 3.0000
    endloop
  endfacet
  facet normal 0 0 1
    outer loop
      vertex 55.4000 26.7000 3.0000
      vertex 72.2300 25.6524 3.0000
      vertex 72.5120 26.3338 3.0000
    endloop
  endfacet
  facet normal 0 0 1
    outer loop
      vertex 55.4000 26.7000 3.0000
      vertex 72.5120 26.3338 3.0000
      vertex 72.7370 26.7000 3.0000
    endloop
  endfacet
  facet normal 0 1 0
    outer loop
      vertex 55.4000 26.7000 3.0000
      vertex 72.7370 26.7000 3.0000
      vertex 72.7370 26.7000 0.0000
    endloop
  endfacet
  facet normal 0 0 -1
    outer loop
      vertex 55.4000 29.7000 0.0000
      vertex 55.4000 32.7000 0.0000
      vertex 75.4000 32.7000 0.0000
    endloop
  endfacet
  facet normal 0 -1 0
    outer loop
      vertex 55.4000 29.7000 0.0000
      vertex 75.4000 29.7000 0.0000
      vertex 75.4000 29.7000 3.0000
    endloop
  endfacet
  facet normal 0 -1 0
    outer loop
      vertex 55.4000 29.7000 0.0000
      vertex 75.4000 29.7000 3.0000
      vertex 55.4000 29.7000 3.0000
    endloop
  endfacet
  facet normal 0 0 -1
    outer loop
      vertex 55.4000 29.7000 0.0000
      vertex 75.4000 32.7000 0.0000
      vertex 75.4000 29.7000 0.0000
    endloop
  endfacet
  facet normal 0 0 1
    outer loop
      vertex 55.4000 29.7000 3.0000
      vertex 75.4000 29.7000 3.0000
      vertex 55.4000 32.7000 3.0000
    endloop
  endfacet
  facet normal 0 1 0
    outer loop
      vertex 55.4000 32.7000 0.0000
      vertex 55.4000 32.7000 3.0000
      vertex 75.4000 32.7000 0.0000
    endloop
  endfacet
  facet normal 1 0 0
    outer loop
      vertex 55.4000 32.7000 0.0000
      vertex 55.4000 35.7000 0.0000
      vertex 55.4000 32.7000 3.0000
    endloop
  endfacet
  facet normal 1 0 0
    outer loop
      vertex 55.4000 32.7000 3.0000
      vertex 55.4000 35.7000 0.0000
      vertex 55.4000 35.7000 3.0000
    endloop
  endfacet
  facet normal 0 0 1
    outer loop
      vertex 55.4000 32.7000 3.0000
      vertex 75.4000 29.7000 3.0000
      vertex 75.4000 32.7000 3.0000
    endloop
  endfacet
  facet normal 0 1 0
    outer loop
      vertex 55.4000 32.7000 3.0000
      vertex 75.4000 32.7000 3.0000
      vertex 75.4000 32.7000 0.0000
    endloop
  endfacet
  facet normal 0 0 -1
    outer loop
      vertex 55.4000 35.7000 0.0000
      vertex 55.4000 38.7000 0.0000
      vertex 75.4000 38.7000 0.0000
    endloop
  endfacet
  facet normal 0 -1 0
    outer loop
      vertex 55.4000 35.7000 0.0000
      vertex 75.4000 35.7000 0.0000
      vertex 75.4000 35.7000 3.0000
    endloop
  endfacet
  facet normal 0 -1 0
    outer loop
      vertex 55.4000 35.7000 0.0000
      vertex 75.4000 35.7000 3.0000
      vertex 55.4000 35.7000 3.0000
    endloop
  endfacet
  facet normal 0 0 -1
    outer loop
      vertex 55.4000 35.7000 0.0000
      vertex 75.4000 38.7000 0.0000
      vertex 75.4000 35.7000 0.0000
    endloop
  endfacet
  facet normal 0 0 1
    outer loop
      vertex 55.4000 35.7000 3.0000
      vertex 75.4000 35.7000 3.0000
      vertex 55.4000 38.7000 3.0000
    endloop
  endfacet
  facet normal 0 1 0
    outer loop
      vertex 55.4000 38.7000 0.0000
      vertex 55.4000 38.7000 3.0000
      vertex 75.4000 38.7000 0.0000
    endloop
  endfacet
  facet normal 1 0 0
    outer loop
      vertex 55.4000 38.7000 0.0000
      vertex 55.4000 41.7000 0.0000
      vertex 55.4000 38.7000 3.0000
    endloop
  endfacet
  facet normal 1 0 0
    outer loop
      vertex 55.4000 38.7000 3.0000
      vertex 55.4000 41.7000 0.0000
      vertex 55.4000 41.7000 3.0000
    endloop
  endfacet
  facet normal 0 0 1
    outer loop
      vertex 55.4000 38.7000 3.0000
      vertex 75.4000 35.7000 3.0000
      vertex 75.4000 38.7000 3.0000
    endloop
  endfacet
  facet normal 0 1 0
    outer loop
      vertex 55.4000 38.7000 3.0000
      vertex 75.4000 38.7000 3.0000
      vertex 75.4000 38.7000 0.0000
    endloop
  endfacet
  facet normal 0 0 -1
    outer loop
      vertex 55.4000 41.7000 0.0000
      vertex 55.4000 44.7000 0.0000
      vertex 75.4000 44.7000 0.0000
    endloop
  endfacet
  facet normal 0 -1 0
    outer loop
      vertex 55.4000 41.7000 0.0000
      vertex 75.4000 41.7000 0.0000
      vertex 75.4000 41.7000 3.0000
    endloop
  endfacet
  facet normal 0 -1 0
    outer loop
      vertex 55.4000 41.7000 0.0000
      vertex 75.4000 41.7000 3.0000
      vertex 55.4000 41.7000 3.0000
    endloop
  endfacet
  facet normal 0 0 -1
    outer loop
      vertex 55.4000 41.7000 0.0000
      vertex 75.4000 44.7000 0.0000
      vertex 75.4000 41.7000 0.0000
    endloop
  endfacet
  facet normal 0 0 1
    outer loop
      vertex 55.4000 41.7000 3.0000
      vertex 75.4000 41.7000 3.0000
      vertex 55.4000 44.7000 3.0000
    endloop
  endfacet
  facet normal 0 1 0
    outer loop
      vertex 55.4000 44.7000 0.0000
      vertex 55.4000 44.7000 3.0000
      vertex 75.4000 44.7000 0.0000
    endloop
  endfacet
  facet normal 1 0 0
    outer loop
      vertex 55.4000 44.7000 0.0000
      vertex 55.4000 47.7000 0.0000
      vertex 55.4000 44.7000 3.0000
    endloop
  endfacet
  facet normal 1 0 0
    outer loop
      vertex 55.4000 44.7000 3.0000
      vertex 55.4000 47.7000 0.0000
      vertex 55.4000 47.7000 3.0000
    endloop
  endfacet
  facet normal 0 0 1
    outer loop
      vertex 55.4000 44.7000 3.0000
      vertex 75.4000 41.7000 3.0000
      vertex 75.4000 44.7000 3.0000
    endloop
  endfacet
  facet normal 0 1 0
    outer loop
      vertex 55.4000 44.7000 3.0000
      vertex 75.4000 44.7000 3.0000
      vertex 75.4000 44.7000 0.0000
    endloop
  endfacet
  facet normal 0 0 -1
    outer loop
      vertex 55.4000 47.7000 0.0000
      vertex 61.8000 50.7000 0.0000
      vertex 64.3000 50.3800 0.0000
    endloop
  endfacet
  facet normal 0 0 -1
    outer loop
      vertex 55.4000 47.7000 0.0000
      vertex 64.3000 50.3800 0.0000
      vertex 75.4000 47.7000 0.0000
    endloop
  endfacet
  facet normal 0 -1 0
    outer loop
      vertex 55.4000 47.7000 0.0000
      vertex 75.4000 47.7000 0.0000
      vertex 75.4000 47.7000 3.0000
    endloop
  endfacet
  facet normal 0 -1 0
    outer loop
      vertex 55.4000 47.7000 0.0000
      vertex 75.4000 47.7000 3.0000
      vertex 55.4000 47.7000 3.0000
    endloop
  endfacet
  facet normal 0 0 1
    outer loop
      vertex 55.4000 47.7000 3.0000
      vertex 64.3000 50.3800 3.0000
      vertex 61.8000 50.7000 3.0000
    endloop
  endfacet
  facet normal 0 0 1
    outer loop
      vertex 55.4000 47.7000 3.0000
      vertex 75.4000 47.7000 3.0000
      vertex 64.3000 50.3800 3.0000
    endloop
  endfacet
  facet normal 0 1 0
    outer loop
      vertex 55.4000 94.7000 0.0000
      vertex 55.4000 94.7000 3.0000
      vertex 75.4000 94.7000 0.0000
    endloop
  endfacet
  facet normal 1 0 0
    outer loop
      vertex 55.4000 94.7000 0.0000
      vertex 55.4000 97.7000 0.0000
      vertex 55.4000 94.7000 3.0000
    endloop
  endfacet
  facet normal 0 0 -1
    outer loop
      vertex 55.4000 94.7000 0.0000
      vertex 75.4000 94.7000 0.0000
      vertex 61.8000 83.7000 0.0000
    endloop
  endfacet
  facet normal 1 0 0
    outer loop
      vertex 55.4000 94.7000 3.0000
      vertex 55.4000 97.7000 0.0000
      vertex 55.4000 97.7000 3.0000
    endloop
  endfacet
  facet normal 0 0 1
    outer loop
      vertex 55.4000 94.7000 3.0000
      vertex 61.8000 83.7000 3.0000
      vertex 75.4000 94.7000 3.0000
    endloop
  endfacet
  facet normal 0 1 0
    outer loop
      vertex 55.4000 94.7000 3.0000
      vertex 75.4000 94.7000 3.0000
      vertex 75.4000 94.7000 0.0000
    endloop
  endfacet
  facet normal 0 0 -1
    outer loop
      vertex 55.4000 97.7000 0.0000
      vertex 55.4000 100.7000 0.0000
      vertex 75.4000 100.7000 0.0000
    endloop
  endfacet
  facet normal 0 -1 0
    outer loop
      vertex 55.4000 97.7000 0.0000
      vertex 75.4000 97.7000 0.0000
      vertex 75.4000 97.7000 3.0000
    endloop
  endfacet
  facet normal 0 -1 0
    outer loop
      vertex 55.4000 97.7000 0.0000
      vertex 75.4000 97.7000 3.0000
      vertex 55.4000 97.7000 3.0000
    endloop
  endfacet
  facet normal 0 0 -1
    outer loop
      vertex 55.4000 97.7000 0.0000
      vertex 75.4000 100.7000 0.0000
      vertex 75.4000 97.7000 0.0000
    endloop
  endfacet
  facet normal 0 0 1
    outer loop
      vertex 55.4000 97.7000 3.0000
      vertex 75.4000 97.7000 3.0000
      vertex 55.4000 100.7000 3.0000
    endloop
  endfacet
  facet normal 0 1 0
    outer loop
      vertex 55.4000 100.7000 0.0000
      vertex 55.4000 100.7000 3.0000
      vertex 75.4000 100.7000 0.0000
    endloop
  endfacet
  facet normal 1 0 0
    outer loop
      vertex 55.4000 100.7000 0.0000
      vertex 55.4000 103.7000 0.0000
      vertex 55.4000 100.7000 3.0000
    endloop
  endfacet
  facet normal 1 0 0
    outer loop
      vertex 55.4000 100.7000 3.0000
      vertex 55.4000 103.7000 0.0000
      vertex 55.4000 103.7000 3.0000
    endloop
  endfacet
  facet normal 0 0 1
    outer loop
      vertex 55.4000 100.7000 3.0000
      vertex 75.4000 97.7000 3.0000
      vertex 75.4000 100.7000 3.0000
    endloop
  endfacet
  facet normal 0 1 0
    outer loop
      vertex 55.4000 100.7000 3.0000
      vertex 75.4000 100.7000 3.0000
      vertex 75.4000 100.7000 0.0000
    endloop
  endfacet
  facet normal 0 0 -1
    outer loop
      vertex 55.4000 103.7000 0.0000
      vertex 55.4000 106.7000 0.0000
      vertex 75.4000 106.7000 0.0000
    endloop
  endfacet
  facet normal 0 -1 0
    outer loop
      vertex 55.4000 103.7000 0.0000
      vertex 75.4000 103.7000 0.0000
      vertex 75.4000 103.7000 3.0000
    endloop
  endfacet
  facet normal 0 -1 0
    outer loop
      vertex 55.4000 103.7000 0.0000
      vertex 75.4000 103.7000 3.0000
      vertex 55.4000 103.7000 3.0000
    endloop
  endfacet
  facet normal 0 0 -1
    outer loop
      vertex 55.4000 103.7000 0.0000
      vertex 75.4000 106.7000 0.0000
      vertex 75.4000 103.7000 0.0000
    endloop
  endfacet
  facet normal 0 0 1
    outer loop
      vertex 55.4000 103.7000 3.0000
      vertex 75.4000 103.7000 3.0000
      vertex 55.4000 106.7000 3.0000
    endloop
  endfacet
  facet normal 0 1 0
    outer loop
      vertex 55.4000 106.7000 0.0000
      vertex 55.4000 106.7000 3.0000
      vertex 75.4000 106.7000 0.0000
    endloop
  endfacet
  facet normal 1 0 0
    outer loop
      vertex 55.4000 106.7000 0.0000
      vertex 55.4000 109.7000 0.0000
      vertex 55.4000 106.7000 3.0000
    endloop
  endfacet
  facet normal 1 0 0
    outer loop
      vertex 55.4000 106.7000 3.0000
      vertex 55.4000 109.7000 0.0000
      vertex 55.4000 109.7000 3.0000
    endloop
  endfacet
  facet normal 0 0 1
    outer loop
      vertex 55.4000 106.7000 3.0000
      vertex 75.4000 103.7000 3.0000
      vertex 75.4000 106.7000 3.0000
    endloop
  endfacet
  facet normal 0 1 0
    outer loop
      vertex 55.4000 106.7000 3.0000
      vertex 75.4000 106.7000 3.0000
      vertex 75.4000 106.7000 0.0000
    endloop
  endfacet
  facet normal 0 0 -1
    outer loop
      vertex 55.4000 109.7000 0.0000
      vertex 55.4000 112.7000 0.0000
      vertex 75.4000 112.7000 0.0000
    endloop
  endfacet
  facet normal 0 -1 0
    outer loop
      vertex 55.4000 109.7000 0.0000
      vertex 75.4000 109.7000 0.0000
      vertex 75.4000 109.7000 3.0000
    endloop
  endfacet
  facet normal 0 -1 0
    outer loop
      vertex 55.4000 109.7000 0.0000
      vertex 75.4000 109.7000 3.0000
      vertex 55.4000 109.7000 3.0000
    endloop
  endfacet
  facet normal 0 0 -1
    outer loop
      vertex 55.4000 109.7000 0.0000
      vertex 75.4000 112.7000 0.0000
      vertex 75.4000 109.7000 0.0000
    endloop
  endfacet
  facet normal 0 0 1
    outer loop
      vertex 55.4000 109.7000 3.0000
      vertex 75.4000 109.7000 3.0000
      vertex 55.4000 112.7000 3.0000
    endloop
  endfacet
  facet normal 0 1 0
    outer loop
      vertex 55.4000 112.7000 0.0000
      vertex 55.4000 112.7000 3.0000
      vertex 75.4000 112.7000 0.0000
    endloop
  endfacet
  facet normal 1 0 0
    outer loop
      vertex 55.4000 112.7000 0.0000
      vertex 55.4000 115.7000 0.0000
      vertex 55.4000 112.7000 3.0000
    endloop
  endfacet
  facet normal 1 0 0
    outer loop
      vertex 55.4000 112.7000 3.0000
      vertex 55.4000 115.7000 0.0000
      vertex 55.4000 115.7000 3.0000
    endloop
  endfacet
  facet normal 0 0 1
    outer loop
      vertex 55.4000 112.7000 3.0000
      vertex 75.4000 109.7000 3.0000
      vertex 75.4000 112.7000 3.0000
    endloop
  endfacet
  facet normal 0 1 0
    outer loop
      vertex 55.4000 112.7000 3.0000
      vertex 75.4000 112.7000 3.0000
      vertex 75.4000 112.7000 0.0000
    endloop
  endfacet
  facet normal 0 -1 0
    outer loop
      vertex 55.4000 115.7000 0.0000
      vertex 75.4000 115.7000 0.0000
      vertex 75.4000 115.7000 3.0000
    endloop
  endfacet
  facet normal 0 -1 0
    outer loop
      vertex 55.4000 115.7000 0.0000
      vertex 75.4000 115.7000 3.0000
      vertex 55.4000 115.7000 3.0000
    endloop
  endfacet
  facet normal -1 0 0
    outer loop
      vertex 61.8000 50.7000 0.0000
      vertex 61.8000 50.7000 3.0000
      vertex 61.8000 53.7000 3.0000
    endloop
  endfacet
  facet normal 0 0 -1
    outer loop
      vertex 61.8000 50.7000 0.0000
      vertex 61.8000 53.7000 0.0000
      vertex 64.3000 50.3800 0.0000
    endloop
  endfacet
  facet normal -1 0 0
    outer loop
      vertex 61.8000 50.7000 0.0000
      vertex 61.8000 53.7000 3.0000
      vertex 61.8000 53.7000 0.0000
    endloop
  endfacet
  facet normal 0 0 1
    outer loop
      vertex 61.8000 50.7000 3.0000
      vertex 64.3000 50.3800 3.0000
      vertex 61.8000 53.7000 3.0000
    endloop
  endfacet
  facet normal 0 0 -1
    outer loop
      vertex 61.8000 53.7000 0.0000
      vertex 61.8000 56.7000 0.0000
      vertex 64.3000 50.3800 0.0000
    endloop
  endfacet
  facet normal 0 0 1
    outer loop
      vertex 61.8000 53.7000 3.0000
      vertex 64.3000 50.3800 3.0000
      vertex 61.8000 56.7000 3.0000
    endloop
  endfacet
  facet normal -1 0 0
    outer loop
      vertex 61.8000 56.7000 0.0000
      vertex 61.8000 56.7000 3.0000
      vertex 61.8000 59.7000 3.0000
    endloop
  endfacet
  facet normal 0 0 -1
    outer loop
      vertex 61.8000 56.7000 0.0000
      vertex 61.8000 59.7000 0.0000
      vertex 64.3000 50.3800 0.0000
    endloop
  endfacet
  facet normal -1 0 0
    outer loop
      vertex 61.8000 56.7000 0.0000
      vertex 61.8000 59.7000 3.0000
      vertex 61.8000 59.7000 0.0000
    endloop
  endfacet
  facet normal 0 0 1
    outer loop
      vertex 61.8000 56.7000 3.0000
      vertex 64.3000 50.3800 3.0000
      vertex 61.8000 59.7000 3.0000
    endloop
  endfacet
  facet normal 0 0 -1
    outer loop
      vertex 61.8000 59.7000 0.0000
      vertex 61.8000 62.7000 0.0000
      vertex 64.3000 71.8000 0.0000
    endloop
  endfacet
  facet normal 0 0 -1
    outer loop
      vertex 61.8000 59.7000 0.0000
      vertex 64.3000 71.8000 0.0000
      vertex 64.3000 50.3800 0.0000
    endloop
  endfacet
  facet normal 0 0 1
    outer loop
      vertex 61.8000 59.7000 3.0000
      vertex 64.3000 50.3800 3.0000
      vertex 61.8000 62.7000 3.0000
    endloop
  endfacet
  facet normal -1 0 0
    outer loop
      vertex 61.8000 62.7000 0.0000
      vertex 61.8000 62.7000 3.0000
      vertex 61.8000 65.7000 3.0000
    endloop
  endfacet
  facet normal 0 0 -1
    outer loop
      vertex 61.8000 62.7000 0.0000
      vertex 61.8000 65.7000 0.0000
      vertex 64.3000 71.8000 0.0000
    endloop
  endfacet
  facet normal -1 0 0
    outer loop
      vertex 61.8000 62.7000 0.0000
      vertex 61.8000 65.7000 3.0000
      vertex 61.8000 65.7000 0.0000
    endloop
  endfacet
  facet normal 0 0 1
    outer loop
      vertex 61.8000 62.7000 3.0000
      vertex 64.3000 50.3800 3.0000
      vertex 64.3000 71.8000 3.0000
    endloop
  endfacet
  facet normal 0 0 1
    outer loop
      vertex 61.8000 62.7000 3.0000
      vertex 64.3000 71.8000 3.0000
      vertex 61.8000 65.7000 3.0000
    endloop
  endfacet
  facet normal 0 0 -1
    outer loop
      vertex 61.8000 65.7000 0.0000
      vertex 61.8000 68.7000 0.0000
      vertex 64.3000 71.8000 0.0000
    endloop
  endfacet
  facet normal 0 0 1
    outer loop
      vertex 61.8000 65.7000 3.0000
      vertex 64.3000 71.8000 3.0000
      vertex 61.8000 68.7000 3.0000
    endloop
  endfacet
  facet normal -1 0 0
    outer loop
      vertex 61.8000 68.7000 0.0000
      vertex 61.8000 68.7000 3.0000
      vertex 61.8000 71.7000 3.0000
    endloop
  endfacet
  facet normal 0 0 -1
    outer loop
      vertex 61.8000 68.7000 0.0000
      vertex 61.8000 71.7000 0.0000
      vertex 64.3000 71.8000 0.0000
    endloop
  endfacet
  facet normal -1 0 0
    outer loop
      vertex 61.8000 68.7000 0.0000
      vertex 61.8000 71.7000 3.0000
      vertex 61.8000 71.7000 0.0000
    endloop
  endfacet
  facet normal 0 0 1
    outer loop
      vertex 61.8000 68.7000 3.0000
      vertex 64.3000 71.8000 3.0000
      vertex 61.8000 71.7000 3.0000
    endloop
  endfacet
  facet normal 0 0 -1
    outer loop
      vertex 61.8000 71.7000 0.0000
      vertex 61.8000 74.7000 0.0000
      vertex 64.3000 71.8000 0.0000
    endloop
  endfacet
  facet normal 0 0 1
    outer loop
      vertex 61.8000 71.7000 3.0000
      vertex 64.3000 71.8000 3.0000
      vertex 61.8000 74.7000 3.0000
    endloop
  endfacet
  facet normal -1 0 0
    outer loop
      vertex 61.8000 74.7000 0.0000
      vertex 61.8000 74.7000 3.0000
      vertex 61.8000 77.7000 3.0000
    endloop
  endfacet
  facet normal 0 0 -1
    outer loop
      vertex 61.8000 74.7000 0.0000
      vertex 61.8000 77.7000 0.0000
      vertex 64.3000 71.8000 0.0000
    endloop
  endfacet
  facet normal -1 0 0
    outer loop
      vertex 61.8000 74.7000 0.0000
      vertex 61.8000 77.7000 3.0000
      vertex 61.8000 77.7000 0.0000
    endloop
  endfacet
  facet normal 0 0 1
    outer loop
      vertex 61.8000 74.7000 3.0000
      vertex 64.3000 71.8000 3.0000
      vertex 61.8000 77.7000 3.0000
    endloop
  endfacet
  facet normal 0 0 -1
    outer loop
      vertex 61.8000 77.7000 0.0000
      vertex 61.8000 80.7000 0.0000
      vertex 64.3000 71.8000 0.0000
    endloop
  endfacet
  facet normal 0 0 1
    outer loop
      vertex 61.8000 77.7000 3.0000
      vertex 64.3000 71.8000 3.0000
      vertex 61.8000 80.7000 3.0000
    endloop
  endfacet
  facet normal -1 0 0
    outer loop
      vertex 61.8000 80.7000 0.0000
      vertex 61.8000 80.7000 3.0000
      vertex 61.8000 83.7000 3.0000
    endloop
  endfacet
  facet normal 0 0 -1
    outer loop
      vertex 61.8000 80.7000 0.0000
      vertex 61.8000 83.7000 0.0000
      vertex 75.4000 94.7000 0.0000
    endloop
  endfacet
  facet normal -1 0 0
    outer loop
      vertex 61.8000 80.7000 0.0000
      vertex 61.8000 83.7000 3.0000
      vertex 61.8000 83.7000 0.0000
    endloop
  endfacet
  facet normal 0 0 -1
    outer loop
      vertex 61.8000 80.7000 0.0000
      vertex 75.4000 94.7000 0.0000
      vertex 64.3000 71.8000 0.0000
    endloop
  endfacet
  facet normal 0 0 1
    outer loop
      vertex 61.8000 80.7000 3.0000
      vertex 64.3000 71.8000 3.0000
      vertex 75.4000 94.7000 3.0000
    endloop
  endfacet
  facet normal 0 0 1
    outer loop
      vertex 61.8000 80.7000 3.0000
      vertex 75.4000 94.7000 3.0000
      vertex 61.8000 83.7000 3.0000
    endloop
  endfacet
  facet normal 0 1 0
    outer loop
      vertex 64.3000 50.3800 0.0000
      vertex 64.3000 50.3800 3.0000
      vertex 162.8000 50.3800 0.0000
    endloop
  endfacet
  facet normal 1 0 0
    outer loop
      vertex 64.3000 50.3800 0.0000
      vertex 64.3000 71.8000 0.0000
      vertex 64.3000 50.3800 3.0000
    endloop
  endfacet
  facet normal 0 0 -1
    outer loop
      vertex 64.3000 50.3800 0.0000
      vertex 79.4000 47.7000 0.0000
      vertex 75.4000 47.7000 0.0000
    endloop
  endfacet
  facet normal 0 0 -1
    outer loop
      vertex 64.3000 50.3800 0.0000
      vertex 99.4000 47.7000 0.0000
      vertex 79.4000 47.7000 0.0000
    endloop
  endfacet
  facet normal 0 0 -1
    outer loop
      vertex 64.3000 50.3800 0.0000
      vertex 103.4000 47.7000 0.0000
      vertex 99.4000 47.7000 0.0000
    endloop
  endfacet
  facet normal 0 0 -1
    outer loop
      vertex 64.3000 50.3800 0.0000
      vertex 162.8000 50.3800 0.0000
      vertex 103.4000 47.7000 0.0000
    endloop
  endfacet
  facet normal 1 0 0
    outer loop
      vertex 64.3000 50.3800 3.0000
      vertex 64.3000 71.8000 0.0000
      vertex 64.3000 71.8000 3.0000
    endloop
  endfacet
  facet normal 0 0 1
    outer loop
      vertex 64.3000 50.3800 3.0000
      vertex 75.4000 47.7000 3.0000
      vertex 79.4000 47.7000 3.0000
    endloop
  endfacet
  facet normal 0 0 1
    outer loop
      vertex 64.3000 50.3800 3.0000
      vertex 79.4000 47.7000 3.0000
      vertex 99.4000 47.7000 3.0000
    endloop
  endfacet
  facet normal 0 0 1
    outer loop
      vertex 64.3000 50.3800 3.0000
      vertex 99.4000 47.7000 3.0000
      vertex 103.4000 47.7000 3.0000
    endloop
  endfacet
  facet normal 0 0 1
    outer loop
      vertex 64.3000 50.3800 3.0000
      vertex 103.4000 47.7000 3.0000
      vertex 162.8000 50.3800 3.0000
    endloop
  endfacet
  facet normal 0 1 0
    outer loop
      vertex 64.3000 50.3800 3.0000
      vertex 162.8000 50.3800 3.0000
      vertex 162.8000 50.3800 0.0000
    endloop
  endfacet
  facet normal 0 0 -1
    outer loop
      vertex 64.3000 71.8000 0.0000
      vertex 75.4000 94.7000 0.0000
      vertex 79.4000 94.7000 0.0000
    endloop
  endfacet
  facet normal 0 0 -1
    outer loop
      vertex 64.3000 71.8000 0.0000
      vertex 79.4000 94.7000 0.0000
      vertex 99.4000 94.7000 0.0000
    endloop
  endfacet
  facet normal 0 0 -1
    outer loop
      vertex 64.3000 71.8000 0.0000
      vertex 99.4000 94.7000 0.0000
      vertex 103.4000 94.7000 0.0000
    endloop
  endfacet
  facet normal 0 0 -1
    outer loop
      vertex 64.3000 71.8000 0.0000
      vertex 103.4000 94.7000 0.0000
      vertex 159.8000 71.8000 0.0000
    endloop
  endfacet
  facet normal 0 -1 0
    outer loop
      vertex 64.3000 71.8000 0.0000
      vertex 159.8000 71.8000 0.0000
      vertex 159.8000 71.8000 3.0000
    endloop
  endfacet
  facet normal 0 -1 0
    outer loop
      vertex 64.3000 71.8000 0.0000
      vertex 159.8000 71.8000 3.0000
      vertex 64.3000 71.8000 3.0000
    endloop
  endfacet
  facet normal 0 0 1
    outer loop
      vertex 64.3000 71.8000 3.0000
      vertex 79.4000 94.7000 3.0000
      vertex 75.4000 94.7000 3.0000
    endloop
  endfacet
  facet normal 0 0 1
    outer loop
      vertex 64.3000 71.8000 3.0000
      vertex 99.4000 94.7000 3.0000
      vertex 79.4000 94.7000 3.0000
    endloop
  endfacet
  facet normal 0 0 1
    outer loop
      vertex 64.3000 71.8000 3.0000
      vertex 103.4000 94.7000 3.0000
      vertex 99.4000 94.7000 3.0000
    endloop
  endfacet
  facet normal 0 0 1
    outer loop
      vertex 64.3000 71.8000 3.0000
      vertex 159.8000 71.8000 3.0000
      vertex 103.4000 94.7000 3.0000
    endloop
  endfacet
  facet normal -0.996903 0.078646 0
    outer loop
      vertex 72.0000 24.2000 3.0000
      vertex 72.0000 24.2000 12.3000
      vertex 72.0580 24.9352 12.3000
    endloop
  endfacet
  facet normal -0.996972 -0.077764 0
    outer loop
      vertex 72.0000 24.2000 3.0000
      vertex 72.0390 23.7000 3.0000
      vertex 72.0000 24.2000 12.3000
    endloop
  endfacet
  facet normal -0.996903 0.078646 0
    outer loop
      vertex 72.0000 24.2000 3.0000
      vertex 72.0580 24.9352 12.3000
      vertex 72.0580 24.9352 3.0000
    endloop
  endfacet
  facet normal -0.996903 -0.078646 0.000048
    outer loop
      vertex 72.0000 24.2000 12.3000
      vertex 72.0390 23.7000 3.0000
      vertex 72.0580 23.4648 12.3000
    endloop
  endfacet
  facet normal 0 0 1
    outer loop
      vertex 72.0000 24.2000 12.3000
      vertex 72.0580 23.4648 12.3000
      vertex 74.9000 24.2000 12.3000
    endloop
  endfacet
  facet normal 0 0 1
    outer loop
      vertex 72.0000 24.2000 12.3000
      vertex 74.9000 24.2000 12.3000
      vertex 72.0580 24.9352 12.3000
    endloop
  endfacet
  facet normal -0.996753 -0.08052 0
    outer loop
      vertex 72.0390 23.7000 0.0000
      vertex 72.0580 23.4648 0.0000
      vertex 72.0390 23.7000 3.0000
    endloop
  endfacet
  facet normal 0 0 -1
    outer loop
      vertex 72.0390 23.7000 0.0000
      vertex 72.7370 26.7000 0.0000
      vertex 73.6380 24.6849 0.0000
    endloop
  endfacet
  facet normal 0 0 -1
    outer loop
      vertex 72.0390 23.7000 0.0000
      vertex 73.6000 24.2000 0.0000
      vertex 73.6380 23.7151 0.0000
    endloop
  endfacet
  facet normal 0 0 -1
    outer loop
      vertex 72.0390 23.7000 0.0000
      vertex 73.6380 23.7151 0.0000
      vertex 72.0580 23.4648 0.0000
    endloop
  endfacet
  facet normal 0 0 -1
    outer loop
      vertex 72.0390 23.7000 0.0000
      vertex 73.6380 24.6849 0.0000
      vertex 73.6000 24.2000 0.0000
    endloop
  endfacet
  facet normal -0.996753 -0.08052 0
    outer loop
      vertex 72.0390 23.7000 3.0000
      vertex 72.0580 23.4648 0.0000
      vertex 72.0580 23.4648 12.3000
    endloop
  endfacet
  facet normal -0.972427 -0.233209 0
    outer loop
      vertex 72.0580 23.4648 0.0000
      vertex 72.2300 22.7476 0.0000
      vertex 72.0580 23.4648 12.3000
    endloop
  endfacet
  facet normal 0 0 -1
    outer loop
      vertex 72.0580 23.4648 0.0000
      vertex 73.6380 23.7151 0.0000
      vertex 72.2300 22.7476 0.0000
    endloop
  endfacet
  facet normal -0.972427 -0.233209 0
    outer loop
      vertex 72.0580 23.4648 12.3000
      vertex 72.2300 22.7476 0.0000
      vertex 72.2300 22.7476 12.3000
    endloop
  endfacet
  facet normal 0 0 1
    outer loop
      vertex 72.0580 23.4648 12.3000
      vertex 72.2300 22.7476 12.3000
      vertex 74.9390 23.8258 12.3000
    endloop
  endfacet
  facet normal 0 0 1
    outer loop
      vertex 72.0580 23.4648 12.3000
      vertex 74.9390 23.8258 12.3000
      vertex 74.9000 24.2000 12.3000
    endloop
  endfacet
  facet normal -0.972427 0.233209 0
    outer loop
      vertex 72.0580 24.9352 3.0000
      vertex 72.0580 24.9352 12.3000
      vertex 72.2300 25.6524 12.3000
    endloop
  endfacet
  facet normal -0.972427 0.233209 0
    outer loop
      vertex 72.0580 24.9352 3.0000
      vertex 72.2300 25.6524 12.3000
      vertex 72.2300 25.6524 3.0000
    endloop
  endfacet
  facet normal 0 0 1
    outer loop
      vertex 72.0580 24.9352 12.3000
      vertex 74.9000 24.2000 12.3000
      vertex 74.9390 24.5742 12.3000
    endloop
  endfacet
  facet normal 0 0 1
    outer loop
      vertex 72.0580 24.9352 12.3000
      vertex 74.9390 24.5742 12.3000
      vertex 72.2300 25.6524 12.3000
    endloop
  endfacet
  facet normal -0.923997 -0.3824 0
    outer loop
      vertex 72.2300 22.7476 0.0000
      vertex 72.5120 22.0662 0.0000
      vertex 72.2300 22.7476 12.3000
    endloop
  endfacet
  facet normal 0 0 -1
    outer loop
      vertex 72.2300 22.7476 0.0000
      vertex 73.6380 23.7151 0.0000
      vertex 73.7520 23.2420 0.0000
    endloop
  endfacet
  facet normal 0 0 -1
    outer loop
      vertex 72.2300 22.7476 0.0000
      vertex 73.7520 23.2420 0.0000
      vertex 72.5120 22.0662 0.0000
    endloop
  endfacet
  facet normal -0.923997 -0.3824 0
    outer loop
      vertex 72.2300 22.7476 12.3000
      vertex 72.5120 22.0662 0.0000
      vertex 72.5120 22.0662 12.3000
    endloop
  endfacet
  facet normal 0 0 1
    outer loop
      vertex 72.2300 22.7476 12.3000
      vertex 72.5120 22.0662 12.3000
      vertex 75.0560 23.4679 12.3000
    endloop
  endfacet
  facet normal 0 0 1
    outer loop
      vertex 72.2300 22.7476 12.3000
      vertex 75.0560 23.4679 12.3000
      vertex 74.9390 23.8258 12.3000
    endloop
  endfacet
  facet normal -0.923997 0.3824 0
    outer loop
      vertex 72.2300 25.6524 3.0000
      vertex 72.2300 25.6524 12.3000
      vertex 72.5120 26.3338 12.3000
    endloop
  endfacet
  facet normal -0.923997 0.3824 0
    outer loop
      vertex 72.2300 25.6524 3.0000
      vertex 72.5120 26.3338 12.3000
      vertex 72.5120 26.3338 3.0000
    endloop
  endfacet
  facet normal 0 0 1
    outer loop
      vertex 72.2300 25.6524 12.3000
      vertex 74.9390 24.5742 12.3000
      vertex 75.0560 24.9321 12.3000
    endloop
  endfacet
  facet normal 0 0 1
    outer loop
      vertex 72.2300 25.6524 12.3000
      vertex 75.0560 24.9321 12.3000
      vertex 72.5120 26.3338 12.3000
    endloop
  endfacet
  facet normal -0.852235 -0.523159 0
    outer loop
      vertex 72.5120 22.0662 0.0000
      vertex 72.8980 21.4374 0.0000
      vertex 72.5120 22.0662 12.3000
    endloop
  endfacet
  facet normal 0 0 -1
    outer loop
      vertex 72.5120 22.0662 0.0000
      vertex 73.7520 23.2420 0.0000
      vertex 73.9380 22.7926 0.0000
    endloop
  endfacet
  facet normal 0 0 -1
    outer loop
      vertex 72.5120 22.0662 0.0000
      vertex 73.9380 22.7926 0.0000
      vertex 72.8980 21.4374 0.0000
    endloop
  endfacet
  facet normal -0.852235 -0.523159 0
    outer loop
      vertex 72.5120 22.0662 12.3000
      vertex 72.8980 21.4374 0.0000
      vertex 72.8980 21.4374 12.3000
    endloop
  endfacet
  facet normal 0 0 1
    outer loop
      vertex 72.5120 22.0662 12.3000
      vertex 72.8980 21.4374 12.3000
      vertex 75.2440 23.1420 12.3000
    endloop
  endfacet
  facet normal 0 0 1
    outer loop
      vertex 72.5120 22.0662 12.3000
      vertex 75.2440 23.1420 12.3000
      vertex 75.0560 23.4679 12.3000
    endloop
  endfacet
  facet normal -0.852026 0.5235 0
    outer loop
      vertex 72.5120 26.3338 3.0000
      vertex 72.5120 26.3338 12.3000
      vertex 72.7370 26.7000 3.0000
    endloop
  endfacet
  facet normal -0.852235 0.523159 -0.000018
    outer loop
      vertex 72.5120 26.3338 12.3000
      vertex 72.8980 26.9626 12.3000
      vertex 72.7370 26.7000 3.0000
    endloop
  endfacet
  facet normal 0 0 1
    outer loop
      vertex 72.5120 26.3338 12.3000
      vertex 75.0560 24.9321 12.3000
      vertex 75.2440 25.2580 12.3000
    endloop
  endfacet
  facet normal 0 0 1
    outer loop
      vertex 72.5120 26.3338 12.3000
      vertex 75.2440 25.2580 12.3000
      vertex 72.8980 26.9626 12.3000
    endloop
  endfacet
  facet normal -0.852527 0.522684 0
    outer loop
      vertex 72.7370 26.7000 0.0000
      vertex 72.7370 26.7000 3.0000
      vertex 72.8980 26.9626 0.0000
    endloop
  endfacet
  facet normal 0 0 -1
    outer loop
      vertex 72.7370 26.7000 0.0000
      vertex 72.8980 26.9626 0.0000
      vertex 74.1920 26.0221 0.0000
    endloop
  endfacet
  facet normal 0 0 -1
    outer loop
      vertex 72.7370 26.7000 0.0000
      vertex 73.7520 25.1580 0.0000
      vertex 73.6380 24.6849 0.0000
    endloop
  endfacet
  facet normal 0 0 -1
    outer loop
      vertex 72.7370 26.7000 0.0000
      vertex 73.9380 25.6074 0.0000
      vertex 73.7520 25.1580 0.0000
    endloop
  endfacet
  facet normal 0 0 -1
    outer loop
      vertex 72.7370 26.7000 0.0000
      vertex 74.1920 26.0221 0.0000
      vertex 73.9380 25.6074 0.0000
    endloop
  endfacet
  facet normal -0.852527 0.522684 0
    outer loop
      vertex 72.7370 26.7000 3.0000
      vertex 72.8980 26.9626 12.3000
      vertex 72.8980 26.9626 0.0000
    endloop
  endfacet
  facet normal -0.760385 -0.649473 0
    outer loop
      vertex 72.8980 21.4374 0.0000
      vertex 73.3770 20.8766 0.0000
      vertex 72.8980 21.4374 12.3000
    endloop
  endfacet
  facet normal 0 0 -1
    outer loop
      vertex 72.8980 21.4374 0.0000
      vertex 73.9380 22.7926 0.0000
      vertex 74.1920 22.3779 0.0000
    endloop
  endfacet
  facet normal 0 0 -1
    outer loop
      vertex 72.8980 21.4374 0.0000
      vertex 74.1920 22.3779 0.0000
      vertex 73.3770 20.8766 0.0000
    endloop
  endfacet
  facet normal -0.760385 -0.649473 0
    outer loop
      vertex 72.8980 21.4374 12.3000
      vertex 73.3770 20.8766 0.0000
      vertex 73.3770 20.8766 12.3000
    endloop
  endfacet
  facet normal 0 0 1
    outer loop
      vertex 72.8980 21.4374 12.3000
      vertex 73.3770 20.8766 12.3000
      vertex 75.2440 23.1420 12.3000
    endloop
  endfacet
  facet normal -0.760385 0.649473 0
    outer loop
      vertex 72.8980 26.9626 0.0000
      vertex 72.8980 26.9626 12.3000
      vertex 73.3770 27.5234 12.3000
    endloop
  endfacet
  facet normal 0 0 -1
    outer loop
      vertex 72.8980 26.9626 0.0000
      vertex 73.3770 27.5234 0.0000
      vertex 74.1920 26.0221 0.0000
    endloop
  endfacet
  facet normal -0.760385 0.649473 0
    outer loop
      vertex 72.8980 26.9626 0.0000
      vertex 73.3770 27.5234 12.3000
      vertex 73.3770 27.5234 0.0000
    endloop
  endfacet
  facet normal 0 0 1
    outer loop
      vertex 72.8980 26.9626 12.3000
      vertex 75.2440 25.2580 12.3000
      vertex 73.3770 27.5234 12.3000
    endloop
  endfacet
  facet normal -0.650852 -0.759205 0
    outer loop
      vertex 73.3770 20.8766 0.0000
      vertex 73.5830 20.7000 0.0000
      vertex 73.5830 20.7000 3.0000
    endloop
  endfacet
  facet normal -0.650852 -0.759205 0
    outer loop
      vertex 73.3770 20.8766 0.0000
      vertex 73.5830 20.7000 3.0000
      vertex 73.3770 20.8766 12.3000
    endloop
  endfacet
  facet normal 0 0 -1
    outer loop
      vertex 73.3770 20.8766 0.0000
      vertex 74.1920 22.3779 0.0000
      vertex 74.5080 22.0080 0.0000
    endloop
  endfacet
  facet normal 0 0 -1
    outer loop
      vertex 73.3770 20.8766 0.0000
      vertex 74.5080 22.0080 0.0000
      vertex 73.5830 20.7000 0.0000
    endloop
  endfacet
  facet normal -0.650009 -0.759927 0.000032
    outer loop
      vertex 73.3770 20.8766 12.3000
      vertex 73.5830 20.7000 3.0000
      vertex 73.9370 20.3976 12.3000
    endloop
  endfacet
  facet normal 0 0 1
    outer loop
      vertex 73.3770 20.8766 12.3000
      vertex 73.9370 20.3976 12.3000
      vertex 75.4960 22.8623 12.3000
    endloop
  endfacet
  facet normal 0 0 1
    outer loop
      vertex 73.3770 20.8766 12.3000
      vertex 75.4960 22.8623 12.3000
      vertex 75.2440 23.1420 12.3000
    endloop
  endfacet
  facet normal -0.650009 0.759927 0
    outer loop
      vertex 73.3770 27.5234 0.0000
      vertex 73.3770 27.5234 12.3000
      vertex 73.9370 28.0024 0.0000
    endloop
  endfacet
  facet normal 0 0 -1
    outer loop
      vertex 73.3770 27.5234 0.0000
      vertex 73.9370 28.0024 0.0000
      vertex 74.5080 26.3920 0.0000
    endloop
  endfacet
  facet normal 0 0 -1
    outer loop
      vertex 73.3770 27.5234 0.0000
      vertex 74.5080 26.3920 0.0000
      vertex 74.1920 26.0221 0.0000
    endloop
  endfacet
  facet normal -0.650009 0.759927 0
    outer loop
      vertex 73.3770 27.5234 12.3000
      vertex 73.9370 28.0024 12.3000
      vertex 73.9370 28.0024 0.0000
    endloop
  endfacet
  facet normal 0 0 1
    outer loop
      vertex 73.3770 27.5234 12.3000
      vertex 75.2440 25.2580 12.3000
      vertex 75.4960 25.5377 12.3000
    endloop
  endfacet
  facet normal 0 0 1
    outer loop
      vertex 73.3770 27.5234 12.3000
      vertex 75.4960 25.5377 12.3000
      vertex 73.9370 28.0024 12.3000
    endloop
  endfacet
  facet normal 0 0 -1
    outer loop
      vertex 73.5830 20.7000 0.0000
      vertex 74.5080 22.0080 0.0000
      vertex 74.8780 21.6921 0.0000
    endloop
  endfacet
  facet normal 0 0 -1
    outer loop
      vertex 73.5830 20.7000 0.0000
      vertex 74.8780 21.6921 0.0000
      vertex 75.2930 21.4379 0.0000
    endloop
  endfacet
  facet normal 0 0 -1
    outer loop
      vertex 73.5830 20.7000 0.0000
      vertex 75.2930 21.4379 0.0000
      vertex 75.7420 21.2517 0.0000
    endloop
  endfacet
  facet normal 0 0 -1
    outer loop
      vertex 73.5830 20.7000 0.0000
      vertex 75.7420 21.2517 0.0000
      vertex 75.4000 17.7000 0.0000
    endloop
  endfacet
  facet normal -0.649517 -0.760347 0
    outer loop
      vertex 73.5830 20.7000 3.0000
      vertex 73.9370 20.3976 3.0000
      vertex 73.9370 20.3976 12.3000
    endloop
  endfacet
  facet normal 0 0 1
    outer loop
      vertex 73.5830 20.7000 3.0000
      vertex 75.4000 17.7000 3.0000
      vertex 73.9370 20.3976 3.0000
    endloop
  endfacet
  facet normal 0.996943 0.078127 0
    outer loop
      vertex 73.6000 24.2000 0.0000
      vertex 73.6000 24.2000 9.3000
      vertex 73.6380 23.7151 9.3000
    endloop
  endfacet
  facet normal 0.996943 0.078127 0
    outer loop
      vertex 73.6000 24.2000 0.0000
      vertex 73.6380 23.7151 9.3000
      vertex 73.6380 23.7151 0.0000
    endloop
  endfacet
  facet normal 0.996943 -0.078127 0
    outer loop
      vertex 73.6000 24.2000 0.0000
      vertex 73.6380 24.6849 0.0000
      vertex 73.6000 24.2000 9.3000
    endloop
  endfacet
  facet normal 0.996943 -0.078127 0
    outer loop
      vertex 73.6000 24.2000 9.3000
      vertex 73.6380 24.6849 0.0000
      vertex 73.6380 24.6849 9.3000
    endloop
  endfacet
  facet normal 0 0 -1
    outer loop
      vertex 73.6000 24.2000 9.3000
      vertex 73.6380 24.6849 9.3000
      vertex 74.9000 24.2000 9.3000
    endloop
  endfacet
  facet normal 0 0 -1
    outer loop
      vertex 73.6000 24.2000 9.3000
      vertex 74.9000 24.2000 9.3000
      vertex 73.6380 23.7151 9.3000
    endloop
  endfacet
  facet normal 0.972174 0.234259 0
    outer loop
      vertex 73.6380 23.7151 0.0000
      vertex 73.6380 23.7151 9.3000
      vertex 73.7520 23.2420 9.3000
    endloop
  endfacet
  facet normal 0.972174 0.234259 0
    outer loop
      vertex 73.6380 23.7151 0.0000
      vertex 73.7520 23.2420 9.3000
      vertex 73.7520 23.2420 0.0000
    endloop
  endfacet
  facet normal 0 0 -1
    outer loop
      vertex 73.6380 23.7151 9.3000
      vertex 74.9000 24.2000 9.3000
      vertex 74.9390 23.8258 9.3000
    endloop
  endfacet
  facet normal 0 0 -1
    outer loop
      vertex 73.6380 23.7151 9.3000
      vertex 74.9390 23.8258 9.3000
      vertex 73.7520 23.2420 9.3000
    endloop
  endfacet
  facet normal 0.972174 -0.234259 0
    outer loop
      vertex 73.6380 24.6849 0.0000
      vertex 73.7520 25.1580 0.0000
      vertex 73.6380 24.6849 9.3000
    endloop
  endfacet
  facet normal 0.972174 -0.234259 0
    outer loop
      vertex 73.6380 24.6849 9.3000
      vertex 73.7520 25.1580 0.0000
      vertex 73.7520 25.1580 9.3000
    endloop
  endfacet
  facet normal 0 0 -1
    outer loop
      vertex 73.6380 24.6849 9.3000
      vertex 73.7520 25.1580 9.3000
      vertex 74.9390 24.5742 9.3000
    endloop
  endfacet
  facet normal 0 0 -1
    outer loop
      vertex 73.6380 24.6849 9.3000
      vertex 74.9390 24.5742 9.3000
      vertex 74.9000 24.2000 9.3000
    endloop
  endfacet
  facet normal 0.923987 0.382424 0
    outer loop
      vertex 73.7520 23.2420 0.0000
      vertex 73.7520 23.2420 9.3000
      vertex 73.9380 22.7926 9.3000
    endloop
  endfacet
  facet normal 0.923987 0.382424 0
    outer loop
      vertex 73.7520 23.2420 0.0000
      vertex 73.9380 22.7926 9.3000
      vertex 73.9380 22.7926 0.0000
    endloop
  endfacet
  facet normal 0 0 -1
    outer loop
      vertex 73.7520 23.2420 9.3000
      vertex 74.9390 23.8258 9.3000
      vertex 75.0560 23.4679 9.3000
    endloop
  endfacet
  facet normal 0 0 -1
    outer loop
      vertex 73.7520 23.2420 9.3000
      vertex 75.0560 23.4679 9.3000
      vertex 73.9380 22.7926 9.3000
    endloop
  endfacet
  facet normal 0.923987 -0.382424 0
    outer loop
      vertex 73.7520 25.1580 0.0000
      vertex 73.9380 25.6074 0.0000
      vertex 73.7520 25.1580 9.3000
    endloop
  endfacet
  facet normal 0.923987 -0.382424 0
    outer loop
      vertex 73.7520 25.1580 9.3000
      vertex 73.9380 25.6074 0.0000
      vertex 73.9380 25.6074 9.3000
    endloop
  endfacet
  facet normal 0 0 -1
    outer loop
      vertex 73.7520 25.1580 9.3000
      vertex 73.9380 25.6074 9.3000
      vertex 75.0560 24.9321 9.3000
    endloop
  endfacet
  facet normal 0 0 -1
    outer loop
      vertex 73.7520 25.1580 9.3000
      vertex 75.0560 24.9321 9.3000
      vertex 74.9390 24.5742 9.3000
    endloop
  endfacet
  facet normal -0.522349 -0.852732 0
    outer loop
      vertex 73.9370 20.3976 3.0000
      vertex 74.5660 20.0123 3.0000
      vertex 74.5660 20.0123 12.3000
    endloop
  endfacet
  facet normal -0.522349 -0.852732 0
    outer loop
      vertex 73.9370 20.3976 3.0000
      vertex 74.5660 20.0123 12.3000
      vertex 73.9370 20.3976 12.3000
    endloop
  endfacet
  facet normal 0 0 1
    outer loop
      vertex 73.9370 20.3976 3.0000
      vertex 75.4000 17.7000 3.0000
      vertex 74.5660 20.0123 3.0000
    endloop
  endfacet
  facet normal 0 0 1
    outer loop
      vertex 73.9370 20.3976 12.3000
      vertex 74.5660 20.0123 12.3000
      vertex 75.8000 22.6412 12.3000
    endloop
  endfacet
  facet normal 0 0 1
    outer loop
      vertex 73.9370 20.3976 12.3000
      vertex 75.8000 22.6412 12.3000
      vertex 75.4960 22.8623 12.3000
    endloop
  endfacet
  facet normal -0.522349 0.852732 0
    outer loop
      vertex 73.9370 28.0024 0.0000
      vertex 73.9370 28.0024 12.3000
      vertex 74.5660 28.3877 0.0000
    endloop
  endfacet
  facet normal 0 0 -1
    outer loop
      vertex 73.9370 28.0024 0.0000
      vertex 74.5660 28.3877 0.0000
      vertex 74.8780 26.7080 0.0000
    endloop
  endfacet
  facet normal 0 0 -1
    outer loop
      vertex 73.9370 28.0024 0.0000
      vertex 74.8780 26.7080 0.0000
      vertex 74.5080 26.3920 0.0000
    endloop
  endfacet
  facet normal -0.522349 0.852732 0
    outer loop
      vertex 73.9370 28.0024 12.3000
      vertex 74.5660 28.3877 12.3000
      vertex 74.5660 28.3877 0.0000
    endloop
  endfacet
  facet normal 0 0 1
    outer loop
      vertex 73.9370 28.0024 12.3000
      vertex 75.4960 25.5377 12.3000
      vertex 75.8000 25.7588 12.3000
    endloop
  endfacet
  facet normal 0 0 1
    outer loop
      vertex 73.9370 28.0024 12.3000
      vertex 75.8000 25.7588 12.3000
      vertex 74.5660 28.3877 12.3000
    endloop
  endfacet
  facet normal 0.852758 0.522306 0
    outer loop
      vertex 73.9380 22.7926 0.0000
      vertex 73.9380 22.7926 9.3000
      vertex 74.1920 22.3779 9.3000
    endloop
  endfacet
  facet normal 0.852758 0.522306 0
    outer loop
      vertex 73.9380 22.7926 0.0000
      vertex 74.1920 22.3779 9.3000
      vertex 74.1920 22.3779 0.0000
    endloop
  endfacet
  facet normal 0 0 -1
    outer loop
      vertex 73.9380 22.7926 9.3000
      vertex 75.0560 23.4679 9.3000
      vertex 75.2440 23.1420 9.3000
    endloop
  endfacet
  facet normal 0 0 -1
    outer loop
      vertex 73.9380 22.7926 9.3000
      vertex 75.2440 23.1420 9.3000
      vertex 74.1920 22.3779 9.3000
    endloop
  endfacet
  facet normal 0.852758 -0.522306 0
    outer loop
      vertex 73.9380 25.6074 0.0000
      vertex 74.1920 26.0221 0.0000
      vertex 73.9380 25.6074 9.3000
    endloop
  endfacet
  facet normal 0.852758 -0.522306 0
    outer loop
      vertex 73.9380 25.6074 9.3000
      vertex 74.1920 26.0221 0.0000
      vertex 74.1920 26.0221 9.3000
    endloop
  endfacet
  facet normal 0 0 -1
    outer loop
      vertex 73.9380 25.6074 9.3000
      vertex 74.1920 26.0221 9.3000
      vertex 75.2440 25.2580 9.3000
    endloop
  endfacet
  facet normal 0 0 -1
    outer loop
      vertex 73.9380 25.6074 9.3000
      vertex 75.2440 25.2580 9.3000
      vertex 75.0560 24.9321 9.3000
    endloop
  endfacet
  facet normal 0.760329 0.649538 0
    outer loop
      vertex 74.1920 22.3779 0.0000
      vertex 74.1920 22.3779 9.3000
      vertex 74.5080 22.0080 9.3000
    endloop
  endfacet
  facet normal 0.760329 0.649538 0
    outer loop
      vertex 74.1920 22.3779 0.0000
      vertex 74.5080 22.0080 9.3000
      vertex 74.5080 22.0080 0.0000
    endloop
  endfacet
  facet normal 0 0 -1
    outer loop
      vertex 74.1920 22.3779 9.3000
      vertex 75.2440 23.1420 9.3000
      vertex 74.5080 22.0080 9.3000
    endloop
  endfacet
  facet normal 0.760329 -0.649538 0
    outer loop
      vertex 74.1920 26.0221 0.0000
      vertex 74.5080 26.3920 0.0000
      vertex 74.1920 26.0221 9.3000
    endloop
  endfacet
  facet normal 0.760329 -0.649538 0
    outer loop
      vertex 74.1920 26.0221 9.3000
      vertex 74.5080 26.3920 0.0000
      vertex 74.5080 26.3920 9.3000
    endloop
  endfacet
  facet normal 0 0 -1
    outer loop
      vertex 74.1920 26.0221 9.3000
      vertex 74.5080 26.3920 9.3000
      vertex 75.2440 25.2580 9.3000
    endloop
  endfacet
  facet normal 0.649317 0.760517 0
    outer loop
      vertex 74.5080 22.0080 0.0000
      vertex 74.5080 22.0080 9.3000
      vertex 74.8780 21.6921 0.0000
    endloop
  endfacet
  facet normal 0.649317 0.760517 0
    outer loop
      vertex 74.5080 22.0080 9.3000
      vertex 74.8780 21.6921 9.3000
      vertex 74.8780 21.6921 0.0000
    endloop
  endfacet
  facet normal 0 0 -1
    outer loop
      vertex 74.5080 22.0080 9.3000
      vertex 75.2440 23.1420 9.3000
      vertex 75.4960 22.8623 9.3000
    endloop
  endfacet
  facet normal 0 0 -1
    outer loop
      vertex 74.5080 22.0080 9.3000
      vertex 75.4960 22.8623 9.3000
      vertex 74.8780 21.6921 9.3000
    endloop
  endfacet
  facet normal 0.649436 -0.760416 0
    outer loop
      vertex 74.5080 26.3920 0.0000
      vertex 74.8780 26.7080 0.0000
      vertex 74.8780 26.7080 9.3000
    endloop
  endfacet
  facet normal 0.649436 -0.760416 0
    outer loop
      vertex 74.5080 26.3920 0.0000
      vertex 74.8780 26.7080 9.3000
      vertex 74.5080 26.3920 9.3000
    endloop
  endfacet
  facet normal 0 0 -1
    outer loop
      vertex 74.5080 26.3920 9.3000
      vertex 74.8780 26.7080 9.3000
      vertex 75.4960 25.5377 9.3000
    endloop
  endfacet
  facet normal 0 0 -1
    outer loop
      vertex 74.5080 26.3920 9.3000
      vertex 75.4960 25.5377 9.3000
      vertex 75.2440 25.2580 9.3000
    endloop
  endfacet
  facet normal -0.382459 -0.923972 0
    outer loop
      vertex 74.5660 20.0123 3.0000
      vertex 75.2480 19.7300 3.0000
      vertex 75.2480 19.7300 12.3000
    endloop
  endfacet
  facet normal -0.382459 -0.923972 0
    outer loop
      vertex 74.5660 20.0123 3.0000
      vertex 75.2480 19.7300 12.3000
      vertex 74.5660 20.0123 12.3000
    endloop
  endfacet
  facet normal 0 0 1
    outer loop
      vertex 74.5660 20.0123 3.0000
      vertex 75.4000 17.7000 3.0000
      vertex 75.2480 19.7300 3.0000
    endloop
  endfacet
  facet normal 0 0 1
    outer loop
      vertex 74.5660 20.0123 12.3000
      vertex 75.2480 19.7300 12.3000
      vertex 76.1440 22.4881 12.3000
    endloop
  endfacet
  facet normal 0 0 1
    outer loop
      vertex 74.5660 20.0123 12.3000
      vertex 76.1440 22.4881 12.3000
      vertex 75.8000 22.6412 12.3000
    endloop
  endfacet
  facet normal -0.382459 0.923972 0
    outer loop
      vertex 74.5660 28.3877 0.0000
      vertex 74.5660 28.3877 12.3000
      vertex 75.2480 28.6700 0.0000
    endloop
  endfacet
  facet normal 0 0 -1
    outer loop
      vertex 74.5660 28.3877 0.0000
      vertex 75.2480 28.6700 0.0000
      vertex 75.2930 26.9621 0.0000
    endloop
  endfacet
  facet normal 0 0 -1
    outer loop
      vertex 74.5660 28.3877 0.0000
      vertex 75.2930 26.9621 0.0000
      vertex 74.8780 26.7080 0.0000
    endloop
  endfacet
  facet normal -0.382459 0.923972 0
    outer loop
      vertex 74.5660 28.3877 12.3000
      vertex 75.2480 28.6700 12.3000
      vertex 75.2480 28.6700 0.0000
    endloop
  endfacet
  facet normal 0 0 1
    outer loop
      vertex 74.5660 28.3877 12.3000
      vertex 75.8000 25.7588 12.3000
      vertex 76.1440 25.9119 12.3000
    endloop
  endfacet
  facet normal 0 0 1
    outer loop
      vertex 74.5660 28.3877 12.3000
      vertex 76.1440 25.9119 12.3000
      vertex 75.2480 28.6700 12.3000
    endloop
  endfacet
  facet normal 0.522331 0.852743 0
    outer loop
      vertex 74.8780 21.6921 0.0000
      vertex 74.8780 21.6921 9.3000
      vertex 75.2930 21.4379 0.0000
    endloop
  endfacet
  facet normal 0.522331 0.852743 0
    outer loop
      vertex 74.8780 21.6921 9.3000
      vertex 75.2930 21.4379 9.3000
      vertex 75.2930 21.4379 0.0000
    endloop
  endfacet
  facet normal 0 0 -1
    outer loop
      vertex 74.8780 21.6921 9.3000
      vertex 75.4960 22.8623 9.3000
      vertex 75.8000 22.6412 9.3000
    endloop
  endfacet
  facet normal 0 0 -1
    outer loop
      vertex 74.8780 21.6921 9.3000
      vertex 75.8000 22.6412 9.3000
      vertex 75.2930 21.4379 9.3000
    endloop
  endfacet
  facet normal 0.522181 -0.852834 0
    outer loop
      vertex 74.8780 26.7080 0.0000
      vertex 75.2930 26.9621 0.0000
      vertex 75.2930 26.9621 9.3000
    endloop
  endfacet
  facet normal 0.522181 -0.852834 0
    outer loop
      vertex 74.8780 26.7080 0.0000
      vertex 75.2930 26.9621 9.3000
      vertex 74.8780 26.7080 9.3000
    endloop
  endfacet
  facet normal 0 0 -1
    outer loop
      vertex 74.8780 26.7080 9.3000
      vertex 75.2930 26.9621 9.3000
      vertex 75.8000 25.7588 9.3000
    endloop
  endfacet
  facet normal 0 0 -1
    outer loop
      vertex 74.8780 26.7080 9.3000
      vertex 75.8000 25.7588 9.3000
      vertex 75.4960 25.5377 9.3000
    endloop
  endfacet
  facet normal 0.994613 0.103661 0
    outer loop
      vertex 74.9000 24.2000 9.3000
      vertex 74.9000 24.2000 12.3000
      vertex 74.9390 23.8258 12.3000
    endloop
  endfacet
  facet normal 0.994613 0.103661 0
    outer loop
      vertex 74.9000 24.2000 9.3000
      vertex 74.9390 23.8258 12.3000
      vertex 74.9390 23.8258 9.3000
    endloop
  endfacet
  facet normal 0.994613 -0.103661 0
    outer loop
      vertex 74.9000 24.2000 9.3000
      vertex 74.9390 24.5742 9.3000
      vertex 74.9000 24.2000 12.3000
    endloop
  endfacet
  facet normal 0.994613 -0.103661 0
    outer loop
      vertex 74.9000 24.2000 12.3000
      vertex 74.9390 24.5742 9.3000
      vertex 74.9390 24.5742 12.3000
    endloop
  endfacet
  facet normal 0.9505 0.310725 0
    outer loop
      vertex 74.9390 23.8258 9.3000
      vertex 74.9390 23.8258 12.3000
      vertex 75.0560 23.4679 12.3000
    endloop
  endfacet
  facet normal 0.9505 0.310725 0
    outer loop
      vertex 74.9390 23.8258 9.3000
      vertex 75.0560 23.4679 12.3000
      vertex 75.0560 23.4679 9.3000
    endloop
  endfacet
  facet normal 0.9505 -0.310725 0
    outer loop
      vertex 74.9390 24.5742 9.3000
      vertex 75.0560 24.9321 9.3000
      vertex 74.9390 24.5742 12.3000
    endloop
  endfacet
  facet normal 0.9505 -0.310725 0
    outer loop
      vertex 74.9390 24.5742 12.3000
      vertex 75.0560 24.9321 9.3000
      vertex 75.0560 24.9321 12.3000
    endloop
  endfacet
  facet normal 0.866208 0.499684 0
    outer loop
      vertex 75.0560 23.4679 9.3000
      vertex 75.0560 23.4679 12.3000
      vertex 75.2440 23.1420 12.3000
    endloop
  endfacet
  facet normal 0.866208 0.499684 0
    outer loop
      vertex 75.0560 23.4679 9.3000
      vertex 75.2440 23.1420 12.3000
      vertex 75.2440 23.1420 9.3000
    endloop
  endfacet
  facet normal 0.866208 -0.499684 0
    outer loop
      vertex 75.0560 24.9321 9.3000
      vertex 75.2440 25.2580 9.3000
      vertex 75.0560 24.9321 12.3000
    endloop
  endfacet
  facet normal 0.866208 -0.499684 0
    outer loop
      vertex 75.0560 24.9321 12.3000
      vertex 75.2440 25.2580 9.3000
      vertex 75.2440 25.2580 12.3000
    endloop
  endfacet
  facet normal 0.742937 0.669361 0
    outer loop
      vertex 75.2440 23.1420 9.3000
      vertex 75.2440 23.1420 12.3000
      vertex 75.4960 22.8623 12.3000
    endloop
  endfacet
  facet normal 0.742937 0.669361 0
    outer loop
      vertex 75.2440 23.1420 9.3000
      vertex 75.4960 22.8623 12.3000
      vertex 75.4960 22.8623 9.3000
    endloop
  endfacet
  facet normal 0.742937 -0.669361 0
    outer loop
      vertex 75.2440 25.2580 9.3000
      vertex 75.4960 25.5377 9.3000
      vertex 75.2440 25.2580 12.3000
    endloop
  endfacet
  facet normal 0.742937 -0.669361 0
    outer loop
      vertex 75.2440 25.2580 12.3000
      vertex 75.4960 25.5377 9.3000
      vertex 75.4960 25.5377 12.3000
    endloop
  endfacet
  facet normal 0 0 1
    outer loop
      vertex 75.2480 19.7300 3.0000
      vertex 75.4000 17.7000 3.0000
      vertex 75.9650 19.5579 3.0000
    endloop
  endfacet
  facet normal -0.233399 -0.972381 0
    outer loop
      vertex 75.2480 19.7300 3.0000
      vertex 75.9650 19.5579 3.0000
      vertex 75.9650 19.5579 12.3000
    endloop
  endfacet
  facet normal -0.233399 -0.972381 0
    outer loop
      vertex 75.2480 19.7300 3.0000
      vertex 75.9650 19.5579 12.3000
      vertex 75.2480 19.7300 12.3000
    endloop
  endfacet
  facet normal 0 0 1
    outer loop
      vertex 75.2480 19.7300 12.3000
      vertex 75.9650 19.5579 12.3000
      vertex 76.1440 22.4881 12.3000
    endloop
  endfacet
  facet normal -0.233494 0.972358 0
    outer loop
      vertex 75.2480 28.6700 0.0000
      vertex 75.2480 28.6700 12.3000
      vertex 75.4000 28.7065 3.0000
    endloop
  endfacet
  facet normal 0 0 -1
    outer loop
      vertex 75.2480 28.6700 0.0000
      vertex 75.4000 28.7065 0.0000
      vertex 75.7420 27.1483 0.0000
    endloop
  endfacet
  facet normal -0.233494 0.972358 0
    outer loop
      vertex 75.2480 28.6700 0.0000
      vertex 75.4000 28.7065 3.0000
      vertex 75.4000 28.7065 0.0000
    endloop
  endfacet
  facet normal 0 0 -1
    outer loop
      vertex 75.2480 28.6700 0.0000
      vertex 75.7420 27.1483 0.0000
      vertex 75.2930 26.9621 0.0000
    endloop
  endfacet
  facet normal -0.233399 0.972381 0.000002
    outer loop
      vertex 75.2480 28.6700 12.3000
      vertex 75.9650 28.8421 12.3000
      vertex 75.4000 28.7065 3.0000
    endloop
  endfacet
  facet normal 0 0 1
    outer loop
      vertex 75.2480 28.6700 12.3000
      vertex 76.1440 25.9119 12.3000
      vertex 75.9650 28.8421 12.3000
    endloop
  endfacet
  facet normal 0.383066 0.923721 0
    outer loop
      vertex 75.2930 21.4379 0.0000
      vertex 75.2930 21.4379 9.3000
      vertex 75.7420 21.2517 0.0000
    endloop
  endfacet
  facet normal 0.383066 0.923721 0
    outer loop
      vertex 75.2930 21.4379 9.3000
      vertex 75.7420 21.2517 9.3000
      vertex 75.7420 21.2517 0.0000
    endloop
  endfacet
  facet normal 0 0 -1
    outer loop
      vertex 75.2930 21.4379 9.3000
      vertex 75.8000 22.6412 9.3000
      vertex 76.1440 22.4881 9.3000
    endloop
  endfacet
  facet normal 0 0 -1
    outer loop
      vertex 75.2930 21.4379 9.3000
      vertex 76.1440 22.4881 9.3000
      vertex 75.7420 21.2517 9.3000
    endloop
  endfacet
  facet normal 0.383066 -0.923721 0
    outer loop
      vertex 75.2930 26.9621 0.0000
      vertex 75.7420 27.1483 0.0000
      vertex 75.7420 27.1483 9.3000
    endloop
  endfacet
  facet normal 0.383066 -0.923721 0
    outer loop
      vertex 75.2930 26.9621 0.0000
      vertex 75.7420 27.1483 9.3000
      vertex 75.2930 26.9621 9.3000
    endloop
  endfacet
  facet normal 0 0 -1
    outer loop
      vertex 75.2930 26.9621 9.3000
      vertex 75.7420 27.1483 9.3000
      vertex 76.1440 25.9119 9.3000
    endloop
  endfacet
  facet normal 0 0 -1
    outer loop
      vertex 75.2930 26.9621 9.3000
      vertex 76.1440 25.9119 9.3000
      vertex 75.8000 25.7588 9.3000
    endloop
  endfacet
  facet normal -1 0 0
    outer loop
      vertex 75.4000 5.0000 0.0000
      vertex 75.4000 5.0000 3.0000
      vertex 75.4000 5.7000 3.0000
    endloop
  endfacet
  facet normal 0 0 -1
    outer loop
      vertex 75.4000 5.0000 0.0000
      vertex 75.4000 5.7000 0.0000
      vertex 79.4000 5.7000 0.0000
    endloop
  endfacet
  facet normal -1 0 0
    outer loop
      vertex 75.4000 5.0000 0.0000
      vertex 75.4000 5.7000 3.0000
      vertex 75.4000 5.7000 0.0000
    endloop
  endfacet
  facet normal 0 0 -1
    outer loop
      vertex 75.4000 5.0000 0.0000
      vertex 79.4000 5.7000 0.0000
      vertex 79.4000 5.0000 0.0000
    endloop
  endfacet
  facet normal 0 0 1
    outer loop
      vertex 75.4000 5.0000 3.0000
      vertex 79.4000 5.0000 3.0000
      vertex 75.4000 5.7000 3.0000
    endloop
  endfacet
  facet normal 0 0 -1
    outer loop
      vertex 75.4000 5.7000 0.0000
      vertex 75.4000 8.7000 0.0000
      vertex 79.4000 8.7000 0.0000
    endloop
  endfacet
  facet normal 0 0 -1
    outer loop
      vertex 75.4000 5.7000 0.0000
      vertex 79.4000 8.7000 0.0000
      vertex 79.4000 5.7000 0.0000
    endloop
  endfacet
  facet normal 0 0 1
    outer loop
      vertex 75.4000 5.7000 3.0000
      vertex 79.4000 5.0000 3.0000
      vertex 79.4000 5.7000 3.0000
    endloop
  endfacet
  facet normal 0 0 1
    outer loop
      vertex 75.4000 5.7000 3.0000
      vertex 79.4000 5.7000 3.0000
      vertex 75.4000 8.7000 3.0000
    endloop
  endfacet
  facet normal -1 0 0
    outer loop
      vertex 75.4000 8.7000 0.0000
      vertex 75.4000 8.7000 3.0000
      vertex 75.4000 11.7000 3.0000
    endloop
  endfacet
  facet normal 0 0 -1
    outer loop
      vertex 75.4000 8.7000 0.0000
      vertex 75.4000 11.7000 0.0000
      vertex 79.4000 11.7000 0.0000
    endloop
  endfacet
  facet normal -1 0 0
    outer loop
      vertex 75.4000 8.7000 0.0000
      vertex 75.4000 11.7000 3.0000
      vertex 75.4000 11.7000 0.0000
    endloop
  endfacet
  facet normal 0 0 -1
    outer loop
      vertex 75.4000 8.7000 0.0000
      vertex 79.4000 11.7000 0.0000
      vertex 79.4000 8.7000 0.0000
    endloop
  endfacet
  facet normal 0 0 1
    outer loop
      vertex 75.4000 8.7000 3.0000
      vertex 79.4000 5.7000 3.0000
      vertex 79.4000 8.7000 3.0000
    endloop
  endfacet
  facet normal 0 0 1
    outer loop
      vertex 75.4000 8.7000 3.0000
      vertex 79.4000 8.7000 3.0000
      vertex 75.4000 11.7000 3.0000
    endloop
  endfacet
  facet normal 0 0 -1
    outer loop
      vertex 75.4000 11.7000 0.0000
      vertex 75.4000 14.7000 0.0000
      vertex 79.4000 14.7000 0.0000
    endloop
  endfacet
  facet normal 0 0 -1
    outer loop
      vertex 75.4000 11.7000 0.0000
      vertex 79.4000 14.7000 0.0000
      vertex 79.4000 11.7000 0.0000
    endloop
  endfacet
  facet normal 0 0 1
    outer loop
      vertex 75.4000 11.7000 3.0000
      vertex 79.4000 8.7000 3.0000
      vertex 79.4000 11.7000 3.0000
    endloop
  endfacet
  facet normal 0 0 1
    outer loop
      vertex 75.4000 11.7000 3.0000
      vertex 79.4000 11.7000 3.0000
      vertex 75.4000 14.7000 3.0000
    endloop
  endfacet
  facet normal -1 0 0
    outer loop
      vertex 75.4000 14.7000 0.0000
      vertex 75.4000 14.7000 3.0000
      vertex 75.4000 17.7000 3.0000
    endloop
  endfacet
  facet normal 0 0 -1
    outer loop
      vertex 75.4000 14.7000 0.0000
      vertex 75.4000 17.7000 0.0000
      vertex 79.4000 14.7000 0.0000
    endloop
  endfacet
  facet normal -1 0 0
    outer loop
      vertex 75.4000 14.7000 0.0000
      vertex 75.4000 17.7000 3.0000
      vertex 75.4000 17.7000 0.0000
    endloop
  endfacet
  facet normal 0 0 1
    outer loop
      vertex 75.4000 14.7000 3.0000
      vertex 79.4000 11.7000 3.0000
      vertex 79.4000 14.7000 3.0000
    endloop
  endfacet
  facet normal 0 0 1
    outer loop
      vertex 75.4000 14.7000 3.0000
      vertex 79.4000 14.7000 3.0000
      vertex 79.4000 17.7000 3.0000
    endloop
  endfacet
  facet normal 0 0 1
    outer loop
      vertex 75.4000 14.7000 3.0000
      vertex 79.4000 17.7000 3.0000
      vertex 75.4000 17.7000 3.0000
    endloop
  endfacet
  facet normal 0 0 -1
    outer loop
      vertex 75.4000 17.7000 0.0000
      vertex 75.7420 21.2517 0.0000
      vertex 79.4000 14.7000 0.0000
    endloop
  endfacet
  facet normal 0 0 1
    outer loop
      vertex 75.4000 17.7000 3.0000
      vertex 76.7000 19.5000 3.0000
      vertex 75.9650 19.5579 3.0000
    endloop
  endfacet
  facet normal 0 0 1
    outer loop
      vertex 75.4000 17.7000 3.0000
      vertex 78.1000 19.5000 3.0000
      vertex 76.7000 19.5000 3.0000
    endloop
  endfacet
  facet normal 0 0 1
    outer loop
      vertex 75.4000 17.7000 3.0000
      vertex 79.4000 17.7000 3.0000
      vertex 78.1000 19.5000 3.0000
    endloop
  endfacet
  facet normal -1 0 0
    outer loop
      vertex 75.4000 28.7065 0.0000
      vertex 75.4000 28.7065 3.0000
      vertex 75.4000 29.7000 3.0000
    endloop
  endfacet
  facet normal 0 0 -1
    outer loop
      vertex 75.4000 28.7065 0.0000
      vertex 75.4000 29.7000 0.0000
      vertex 76.7000 27.3000 0.0000
    endloop
  endfacet
  facet normal -1 0 0
    outer loop
      vertex 75.4000 28.7065 0.0000
      vertex 75.4000 29.7000 3.0000
      vertex 75.4000 29.7000 0.0000
    endloop
  endfacet
  facet normal 0 0 -1
    outer loop
      vertex 75.4000 28.7065 0.0000
      vertex 76.2150 27.2618 0.0000
      vertex 75.7420 27.1483 0.0000
    endloop
  endfacet
  facet normal 0 0 -1
    outer loop
      vertex 75.4000 28.7065 0.0000
      vertex 76.7000 27.3000 0.0000
      vertex 76.2150 27.2618 0.0000
    endloop
  endfacet
  facet normal 0 0 1
    outer loop
      vertex 75.4000 28.7065 3.0000
      vertex 75.9650 28.8421 3.0000
      vertex 75.4000 29.7000 3.0000
    endloop
  endfacet
  facet normal -0.233373 0.972387 0
    outer loop
      vertex 75.4000 28.7065 3.0000
      vertex 75.9650 28.8421 12.3000
      vertex 75.9650 28.8421 3.0000
    endloop
  endfacet
  facet normal 0 0 -1
    outer loop
      vertex 75.4000 29.7000 0.0000
      vertex 75.4000 32.7000 0.0000
      vertex 78.5849 27.2618 0.0000
    endloop
  endfacet
  facet normal 0 0 -1
    outer loop
      vertex 75.4000 29.7000 0.0000
      vertex 78.1000 27.3000 0.0000
      vertex 76.7000 27.3000 0.0000
    endloop
  endfacet
  facet normal 0 0 -1
    outer loop
      vertex 75.4000 29.7000 0.0000
      vertex 78.5849 27.2618 0.0000
      vertex 78.1000 27.3000 0.0000
    endloop
  endfacet
  facet normal 0 0 1
    outer loop
      vertex 75.4000 29.7000 3.0000
      vertex 75.9650 28.8421 3.0000
      vertex 76.7000 28.9000 3.0000
    endloop
  endfacet
  facet normal 0 0 1
    outer loop
      vertex 75.4000 29.7000 3.0000
      vertex 76.7000 28.9000 3.0000
      vertex 75.4000 32.7000 3.0000
    endloop
  endfacet
  facet normal -1 0 0
    outer loop
      vertex 75.4000 32.7000 0.0000
      vertex 75.4000 32.7000 3.0000
      vertex 75.4000 35.7000 3.0000
    endloop
  endfacet
  facet normal 0 0 -1
    outer loop
      vertex 75.4000 32.7000 0.0000
      vertex 75.4000 35.7000 0.0000
      vertex 78.5849 27.2618 0.0000
    endloop
  endfacet
  facet normal -1 0 0
    outer loop
      vertex 75.4000 32.7000 0.0000
      vertex 75.4000 35.7000 3.0000
      vertex 75.4000 35.7000 0.0000
    endloop
  endfacet
  facet normal 0 0 1
    outer loop
      vertex 75.4000 32.7000 3.0000
      vertex 76.7000 28.9000 3.0000
      vertex 78.1000 28.9000 3.0000
    endloop
  endfacet
  facet normal 0 0 1
    outer loop
      vertex 75.4000 32.7000 3.0000
      vertex 78.1000 28.9000 3.0000
      vertex 79.4000 32.7000 3.0000
    endloop
  endfacet
  facet normal 0 0 1
    outer loop
      vertex 75.4000 32.7000 3.0000
      vertex 79.4000 32.7000 3.0000
      vertex 75.4000 35.7000 3.0000
    endloop
  endfacet
  facet normal 0 0 -1
    outer loop
      vertex 75.4000 35.7000 0.0000
      vertex 75.4000 38.7000 0.0000
      vertex 79.4000 38.7000 0.0000
    endloop
  endfacet
  facet normal 0 0 -1
    outer loop
      vertex 75.4000 35.7000 0.0000
      vertex 79.4000 29.7000 0.0000
      vertex 78.5849 27.2618 0.0000
    endloop
  endfacet
  facet normal 0 0 -1
    outer loop
      vertex 75.4000 35.7000 0.0000
      vertex 79.4000 32.7000 0.0000
      vertex 79.4000 29.7000 0.0000
    endloop
  endfacet
  facet normal 0 0 -1
    outer loop
      vertex 75.4000 35.7000 0.0000
      vertex 79.4000 35.7000 0.0000
      vertex 79.4000 32.7000 0.0000
    endloop
  endfacet
  facet normal 0 0 -1
    outer loop
      vertex 75.4000 35.7000 0.0000
      vertex 79.4000 38.7000 0.0000
      vertex 79.4000 35.7000 0.0000
    endloop
  endfacet
  facet normal 0 0 1
    outer loop
      vertex 75.4000 35.7000 3.0000
      vertex 79.4000 32.7000 3.0000
      vertex 79.4000 35.7000 3.0000
    endloop
  endfacet
  facet normal 0 0 1
    outer loop
      vertex 75.4000 35.7000 3.0000
      vertex 79.4000 35.7000 3.0000
      vertex 75.4000 38.7000 3.0000
    endloop
  endfacet
  facet normal -1 0 0
    outer loop
      vertex 75.4000 38.7000 0.0000
      vertex 75.4000 38.7000 3.0000
      vertex 75.4000 41.7000 3.0000
    endloop
  endfacet
  facet normal 0 0 -1
    outer loop
      vertex 75.4000 38.7000 0.0000
      vertex 75.4000 41.7000 0.0000
      vertex 79.4000 41.7000 0.0000
    endloop
  endfacet
  facet normal -1 0 0
    outer loop
      vertex 75.4000 38.7000 0.0000
      vertex 75.4000 41.7000 3.0000
      vertex 75.4000 41.7000 0.0000
    endloop
  endfacet
  facet normal 0 0 -1
    outer loop
      vertex 75.4000 38.7000 0.0000
      vertex 79.4000 41.7000 0.0000
      vertex 79.4000 38.7000 0.0000
    endloop
  endfacet
  facet normal 0 0 1
    outer loop
      vertex 75.4000 38.7000 3.0000
      vertex 79.4000 35.7000 3.0000
      vertex 79.4000 38.7000 3.0000
    endloop
  endfacet
  facet normal 0 0 1
    outer loop
      vertex 75.4000 38.7000 3.0000
      vertex 79.4000 38.7000 3.0000
      vertex 75.4000 41.7000 3.0000
    endloop
  endfacet
  facet normal 0 0 -1
    outer loop
      vertex 75.4000 41.7000 0.0000
      vertex 75.4000 44.7000 0.0000
      vertex 79.4000 44.7000 0.0000
    endloop
  endfacet
  facet normal 0 0 -1
    outer loop
      vertex 75.4000 41.7000 0.0000
      vertex 79.4000 44.7000 0.0000
      vertex 79.4000 41.7000 0.0000
    endloop
  endfacet
  facet normal 0 0 1
    outer loop
      vertex 75.4000 41.7000 3.0000
      vertex 79.4000 38.7000 3.0000
      vertex 79.4000 41.7000 3.0000
    endloop
  endfacet
  facet normal 0 0 1
    outer loop
      vertex 75.4000 41.7000 3.0000
      vertex 79.4000 41.7000 3.0000
      vertex 75.4000 44.7000 3.0000
    endloop
  endfacet
  facet normal -1 0 0
    outer loop
      vertex 75.4000 44.7000 0.0000
      vertex 75.4000 44.7000 3.0000
      vertex 75.4000 47.7000 3.0000
    endloop
  endfacet
  facet normal 0 0 -1
    outer loop
      vertex 75.4000 44.7000 0.0000
      vertex 75.4000 47.7000 0.0000
      vertex 79.4000 47.7000 0.0000
    endloop
  endfacet
  facet normal -1 0 0
    outer loop
      vertex 75.4000 44.7000 0.0000
      vertex 75.4000 47.7000 3.0000
      vertex 75.4000 47.7000 0.0000
    endloop
  endfacet
  facet normal 0 0 -1
    outer loop
      vertex 75.4000 44.7000 0.0000
      vertex 79.4000 47.7000 0.0000
      vertex 79.4000 44.7000 0.0000
    endloop
  endfacet
  facet normal 0 0 1
    outer loop
      vertex 75.4000 44.7000 3.0000
      vertex 79.4000 41.7000 3.0000
      vertex 79.4000 44.7000 3.0000
    endloop
  endfacet
  facet normal 0 0 1
    outer loop
      vertex 75.4000 44.7000 3.0000
      vertex 79.4000 44.7000 3.0000
      vertex 79.4000 47.7000 3.0000
    endloop
  endfacet
  facet normal 0 0 1
    outer loop
      vertex 75.4000 44.7000 3.0000
      vertex 79.4000 47.7000 3.0000
      vertex 75.4000 47.7000 3.0000
    endloop
  endfacet
  facet normal -1 0 0
    outer loop
      vertex 75.4000 94.7000 0.0000
      vertex 75.4000 94.7000 3.0000
      vertex 75.4000 97.7000 3.0000
    endloop
  endfacet
  facet normal 0 0 -1
    outer loop
      vertex 75.4000 94.7000 0.0000
      vertex 75.4000 97.7000 0.0000
      vertex 79.4000 94.7000 0.0000
    endloop
  endfacet
  facet normal -1 0 0
    outer loop
      vertex 75.4000 94.7000 0.0000
      vertex 75.4000 97.7000 3.0000
      vertex 75.4000 97.7000 0.0000
    endloop
  endfacet
  facet normal 0 0 1
    outer loop
      vertex 75.4000 94.7000 3.0000
      vertex 79.4000 94.7000 3.0000
      vertex 75.4000 97.7000 3.0000
    endloop
  endfacet
  facet normal 0 0 -1
    outer loop
      vertex 75.4000 97.7000 0.0000
      vertex 75.4000 100.7000 0.0000
      vertex 79.4000 100.7000 0.0000
    endloop
  endfacet
  facet normal 0 0 -1
    outer loop
      vertex 75.4000 97.7000 0.0000
      vertex 79.4000 97.7000 0.0000
      vertex 79.4000 94.7000 0.0000
    endloop
  endfacet
  facet normal 0 0 -1
    outer loop
      vertex 75.4000 97.7000 0.0000
      vertex 79.4000 100.7000 0.0000
      vertex 79.4000 97.7000 0.0000
    endloop
  endfacet
  facet normal 0 0 1
    outer loop
      vertex 75.4000 97.7000 3.0000
      vertex 79.4000 94.7000 3.0000
      vertex 79.4000 97.7000 3.0000
    endloop
  endfacet
  facet normal 0 0 1
    outer loop
      vertex 75.4000 97.7000 3.0000
      vertex 79.4000 97.7000 3.0000
      vertex 75.4000 100.7000 3.0000
    endloop
  endfacet
  facet normal -1 0 0
    outer loop
      vertex 75.4000 100.7000 0.0000
      vertex 75.4000 100.7000 3.0000
      vertex 75.4000 103.7000 3.0000
    endloop
  endfacet
  facet normal 0 0 -1
    outer loop
      vertex 75.4000 100.7000 0.0000
      vertex 75.4000 103.7000 0.0000
      vertex 79.4000 103.7000 0.0000
    endloop
  endfacet
  facet normal -1 0 0
    outer loop
      vertex 75.4000 100.7000 0.0000
      vertex 75.4000 103.7000 3.0000
      vertex 75.4000 103.7000 0.0000
    endloop
  endfacet
  facet normal 0 0 -1
    outer loop
      vertex 75.4000 100.7000 0.0000
      vertex 79.4000 103.7000 0.0000
      vertex 79.4000 100.7000 0.0000
    endloop
  endfacet
  facet normal 0 0 1
    outer loop
      vertex 75.4000 100.7000 3.0000
      vertex 79.4000 97.7000 3.0000
      vertex 79.4000 100.7000 3.0000
    endloop
  endfacet
  facet normal 0 0 1
    outer loop
      vertex 75.4000 100.7000 3.0000
      vertex 79.4000 100.7000 3.0000
      vertex 75.4000 103.7000 3.0000
    endloop
  endfacet
  facet normal 0 0 -1
    outer loop
      vertex 75.4000 103.7000 0.0000
      vertex 75.4000 106.7000 0.0000
      vertex 79.4000 106.7000 0.0000
    endloop
  endfacet
  facet normal 0 0 -1
    outer loop
      vertex 75.4000 103.7000 0.0000
      vertex 79.4000 106.7000 0.0000
      vertex 79.4000 103.7000 0.0000
    endloop
  endfacet
  facet normal 0 0 1
    outer loop
      vertex 75.4000 103.7000 3.0000
      vertex 79.4000 100.7000 3.0000
      vertex 79.4000 103.7000 3.0000
    endloop
  endfacet
  facet normal 0 0 1
    outer loop
      vertex 75.4000 103.7000 3.0000
      vertex 79.4000 103.7000 3.0000
      vertex 75.4000 106.7000 3.0000
    endloop
  endfacet
  facet normal -1 0 0
    outer loop
      vertex 75.4000 106.7000 0.0000
      vertex 75.4000 106.7000 3.0000
      vertex 75.4000 109.7000 3.0000
    endloop
  endfacet
  facet normal 0 0 -1
    outer loop
      vertex 75.4000 106.7000 0.0000
      vertex 75.4000 109.7000 0.0000
      vertex 79.4000 109.7000 0.0000
    endloop
  endfacet
  facet normal -1 0 0
    outer loop
      vertex 75.4000 106.7000 0.0000
      vertex 75.4000 109.7000 3.0000
      vertex 75.4000 109.7000 0.0000
    endloop
  endfacet
  facet normal 0 0 -1
    outer loop
      vertex 75.4000 106.7000 0.0000
      vertex 79.4000 109.7000 0.0000
      vertex 79.4000 106.7000 0.0000
    endloop
  endfacet
  facet normal 0 0 1
    outer loop
      vertex 75.4000 106.7000 3.0000
      vertex 79.4000 103.7000 3.0000
      vertex 79.4000 106.7000 3.0000
    endloop
  endfacet
  facet normal 0 0 1
    outer loop
      vertex 75.4000 106.7000 3.0000
      vertex 79.4000 106.7000 3.0000
      vertex 75.4000 109.7000 3.0000
    endloop
  endfacet
  facet normal 0 0 -1
    outer loop
      vertex 75.4000 109.7000 0.0000
      vertex 75.4000 112.7000 0.0000
      vertex 79.4000 112.7000 0.0000
    endloop
  endfacet
  facet normal 0 0 -1
    outer loop
      vertex 75.4000 109.7000 0.0000
      vertex 79.4000 112.7000 0.0000
      vertex 79.4000 109.7000 0.0000
    endloop
  endfacet
  facet normal 0 0 1
    outer loop
      vertex 75.4000 109.7000 3.0000
      vertex 79.4000 106.7000 3.0000
      vertex 79.4000 109.7000 3.0000
    endloop
  endfacet
  facet normal 0 0 1
    outer loop
      vertex 75.4000 109.7000 3.0000
      vertex 79.4000 109.7000 3.0000
      vertex 75.4000 112.7000 3.0000
    endloop
  endfacet
  facet normal -1 0 0
    outer loop
      vertex 75.4000 112.7000 0.0000
      vertex 75.4000 112.7000 3.0000
      vertex 75.4000 115.7000 3.0000
    endloop
  endfacet
  facet normal 0 0 -1
    outer loop
      vertex 75.4000 112.7000 0.0000
      vertex 75.4000 115.7000 0.0000
      vertex 79.4000 115.7000 0.0000
    endloop
  endfacet
  facet normal -1 0 0
    outer loop
      vertex 75.4000 112.7000 0.0000
      vertex 75.4000 115.7000 3.0000
      vertex 75.4000 115.7000 0.0000
    endloop
  endfacet
  facet normal 0 0 -1
    outer loop
      vertex 75.4000 112.7000 0.0000
      vertex 79.4000 115.7000 0.0000
      vertex 79.4000 112.7000 0.0000
    endloop
  endfacet
  facet normal 0 0 1
    outer loop
      vertex 75.4000 112.7000 3.0000
      vertex 79.4000 109.7000 3.0000
      vertex 79.4000 112.7000 3.0000
    endloop
  endfacet
  facet normal 0 0 1
    outer loop
      vertex 75.4000 112.7000 3.0000
      vertex 79.4000 112.7000 3.0000
      vertex 79.4000 115.7000 3.0000
    endloop
  endfacet
  facet normal 0 0 1
    outer loop
      vertex 75.4000 112.7000 3.0000
      vertex 79.4000 115.7000 3.0000
      vertex 75.4000 115.7000 3.0000
    endloop
  endfacet
  facet normal 0.588188 0.808725 0
    outer loop
      vertex 75.4960 22.8623 9.3000
      vertex 75.4960 22.8623 12.3000
      vertex 75.8000 22.6412 9.3000
    endloop
  endfacet
  facet normal 0.588188 0.808725 0
    outer loop
      vertex 75.4960 22.8623 12.3000
      vertex 75.8000 22.6412 12.3000
      vertex 75.8000 22.6412 9.3000
    endloop
  endfacet
  facet normal 0.588188 -0.808725 0
    outer loop
      vertex 75.4960 25.5377 9.3000
      vertex 75.8000 25.7588 9.3000
      vertex 75.8000 25.7588 12.3000
    endloop
  endfacet
  facet normal 0.588188 -0.808725 0
    outer loop
      vertex 75.4960 25.5377 9.3000
      vertex 75.8000 25.7588 12.3000
      vertex 75.4960 25.5377 12.3000
    endloop
  endfacet
  facet normal 0.233334 0.972397 0
    outer loop
      vertex 75.7420 21.2517 0.0000
      vertex 75.7420 21.2517 9.3000
      vertex 76.2150 21.1382 0.0000
    endloop
  endfacet
  facet normal 0 0 -1
    outer loop
      vertex 75.7420 21.2517 0.0000
      vertex 76.2150 21.1382 0.0000
      vertex 79.4000 17.7000 0.0000
    endloop
  endfacet
  facet normal 0 0 -1
    outer loop
      vertex 75.7420 21.2517 0.0000
      vertex 79.4000 17.7000 0.0000
      vertex 79.4000 14.7000 0.0000
    endloop
  endfacet
  facet normal 0 0 -1
    outer loop
      vertex 75.7420 21.2517 9.3000
      vertex 76.1440 22.4881 9.3000
      vertex 76.2150 21.1382 9.3000
    endloop
  endfacet
  facet normal 0.233334 0.972397 0
    outer loop
      vertex 75.7420 21.2517 9.3000
      vertex 76.2150 21.1382 9.3000
      vertex 76.2150 21.1382 0.0000
    endloop
  endfacet
  facet normal 0.233334 -0.972397 0
    outer loop
      vertex 75.7420 27.1483 0.0000
      vertex 76.2150 27.2618 0.0000
      vertex 76.2150 27.2618 9.3000
    endloop
  endfacet
  facet normal 0.233334 -0.972397 0
    outer loop
      vertex 75.7420 27.1483 0.0000
      vertex 76.2150 27.2618 9.3000
      vertex 75.7420 27.1483 9.3000
    endloop
  endfacet
  facet normal 0 0 -1
    outer loop
      vertex 75.7420 27.1483 9.3000
      vertex 76.2150 27.2618 9.3000
      vertex 76.1440 25.9119 9.3000
    endloop
  endfacet
  facet normal 0.406607 0.913603 0
    outer loop
      vertex 75.8000 22.6412 9.3000
      vertex 75.8000 22.6412 12.3000
      vertex 76.1440 22.4881 9.3000
    endloop
  endfacet
  facet normal 0.406607 0.913603 0
    outer loop
      vertex 75.8000 22.6412 12.3000
      vertex 76.1440 22.4881 12.3000
      vertex 76.1440 22.4881 9.3000
    endloop
  endfacet
  facet normal 0.406607 -0.913603 0
    outer loop
      vertex 75.8000 25.7588 9.3000
      vertex 76.1440 25.9119 9.3000
      vertex 76.1440 25.9119 12.3000
    endloop
  endfacet
  facet normal 0.406607 -0.913603 0
    outer loop
      vertex 75.8000 25.7588 9.3000
      vertex 76.1440 25.9119 12.3000
      vertex 75.8000 25.7588 12.3000
    endloop
  endfacet
  facet normal -0.078532 -0.996912 0
    outer loop
      vertex 75.9650 19.5579 3.0000
      vertex 76.7000 19.5000 3.0000
      vertex 76.7000 19.5000 12.3000
    endloop
  endfacet
  facet normal -0.078532 -0.996912 0
    outer loop
      vertex 75.9650 19.5579 3.0000
      vertex 76.7000 19.5000 12.3000
      vertex 75.9650 19.5579 12.3000
    endloop
  endfacet
  facet normal 0 0 1
    outer loop
      vertex 75.9650 19.5579 12.3000
      vertex 76.5120 22.4099 12.3000
      vertex 76.1440 22.4881 12.3000
    endloop
  endfacet
  facet normal 0 0 1
    outer loop
      vertex 75.9650 19.5579 12.3000
      vertex 76.7000 19.5000 12.3000
      vertex 76.5120 22.4099 12.3000
    endloop
  endfacet
  facet normal -0.078532 0.996912 0
    outer loop
      vertex 75.9650 28.8421 3.0000
      vertex 75.9650 28.8421 12.3000
      vertex 76.7000 28.9000 3.0000
    endloop
  endfacet
  facet normal 0 0 1
    outer loop
      vertex 75.9650 28.8421 12.3000
      vertex 76.1440 25.9119 12.3000
      vertex 76.5120 25.9901 12.3000
    endloop
  endfacet
  facet normal 0 0 1
    outer loop
      vertex 75.9650 28.8421 12.3000
      vertex 76.5120 25.9901 12.3000
      vertex 76.7000 28.9000 12.3000
    endloop
  endfacet
  facet normal -0.078532 0.996912 0
    outer loop
      vertex 75.9650 28.8421 12.3000
      vertex 76.7000 28.9000 12.3000
      vertex 76.7000 28.9000 3.0000
    endloop
  endfacet
  facet normal 0.207859 0.978159 0
    outer loop
      vertex 76.1440 22.4881 9.3000
      vertex 76.1440 22.4881 12.3000
      vertex 76.5120 22.4099 9.3000
    endloop
  endfacet
  facet normal 0 0 -1
    outer loop
      vertex 76.1440 22.4881 9.3000
      vertex 76.5120 22.4099 9.3000
      vertex 76.2150 21.1382 9.3000
    endloop
  endfacet
  facet normal 0.207859 0.978159 0
    outer loop
      vertex 76.1440 22.4881 12.3000
      vertex 76.5120 22.4099 12.3000
      vertex 76.5120 22.4099 9.3000
    endloop
  endfacet
  facet normal 0 0 -1
    outer loop
      vertex 76.1440 25.9119 9.3000
      vertex 76.2150 27.2618 9.3000
      vertex 76.5120 25.9901 9.3000
    endloop
  endfacet
  facet normal 0.207859 -0.978159 0
    outer loop
      vertex 76.1440 25.9119 9.3000
      vertex 76.5120 25.9901 9.3000
      vertex 76.5120 25.9901 12.3000
    endloop
  endfacet
  facet normal 0.207859 -0.978159 0
    outer loop
      vertex 76.1440 25.9119 9.3000
      vertex 76.5120 25.9901 12.3000
      vertex 76.1440 25.9119 12.3000
    endloop
  endfacet
  facet normal 0.07852 0.996913 0
    outer loop
      vertex 76.2150 21.1382 0.0000
      vertex 76.2150 21.1382 9.3000
      vertex 76.7000 21.1000 0.0000
    endloop
  endfacet
  facet normal 0 0 -1
    outer loop
      vertex 76.2150 21.1382 0.0000
      vertex 76.7000 21.1000 0.0000
      vertex 79.4000 17.7000 0.0000
    endloop
  endfacet
  facet normal 0 0 -1
    outer loop
      vertex 76.2150 21.1382 9.3000
      vertex 76.5120 22.4099 9.3000
      vertex 76.7000 21.1000 9.3000
    endloop
  endfacet
  facet normal 0.07852 0.996913 0
    outer loop
      vertex 76.2150 21.1382 9.3000
      vertex 76.7000 21.1000 9.3000
      vertex 76.7000 21.1000 0.0000
    endloop
  endfacet
  facet normal 0.07852 -0.996913 0
    outer loop
      vertex 76.2150 27.2618 0.0000
      vertex 76.7000 27.3000 0.0000
      vertex 76.7000 27.3000 9.3000
    endloop
  endfacet
  facet normal 0.07852 -0.996913 0
    outer loop
      vertex 76.2150 27.2618 0.0000
      vertex 76.7000 27.3000 9.3000
      vertex 76.2150 27.2618 9.3000
    endloop
  endfacet
  facet normal 0 0 -1
    outer loop
      vertex 76.2150 27.2618 9.3000
      vertex 76.7000 27.3000 9.3000
      vertex 76.5120 25.9901 9.3000
    endloop
  endfacet
  facet normal 0 1 0
    outer loop
      vertex 76.5120 22.4099 9.3000
      vertex 76.5120 22.4099 12.3000
      vertex 78.2882 22.4099 9.3000
    endloop
  endfacet
  facet normal 0 0 -1
    outer loop
      vertex 76.5120 22.4099 9.3000
      vertex 78.2882 22.4099 9.3000
      vertex 76.7000 21.1000 9.3000
    endloop
  endfacet
  facet normal 0 0 1
    outer loop
      vertex 76.5120 22.4099 12.3000
      vertex 76.7000 19.5000 12.3000
      vertex 78.2882 22.4099 12.3000
    endloop
  endfacet
  facet normal 0 1 0
    outer loop
      vertex 76.5120 22.4099 12.3000
      vertex 78.2882 22.4099 12.3000
      vertex 78.2882 22.4099 9.3000
    endloop
  endfacet
  facet normal 0 0 -1
    outer loop
      vertex 76.5120 25.9901 9.3000
      vertex 76.7000 27.3000 9.3000
      vertex 78.2882 25.9901 9.3000
    endloop
  endfacet
  facet normal 0 -1 0
    outer loop
      vertex 76.5120 25.9901 9.3000
      vertex 78.2882 25.9901 9.3000
      vertex 78.2882 25.9901 12.3000
    endloop
  endfacet
  facet normal 0 -1 0
    outer loop
      vertex 76.5120 25.9901 9.3000
      vertex 78.2882 25.9901 12.3000
      vertex 76.5120 25.9901 12.3000
    endloop
  endfacet
  facet normal 0 0 1
    outer loop
      vertex 76.5120 25.9901 12.3000
      vertex 78.2882 25.9901 12.3000
      vertex 76.7000 28.9000 12.3000
    endloop
  endfacet
  facet normal 0 -1 0
    outer loop
      vertex 76.7000 19.5000 3.0000
      vertex 78.1000 19.5000 3.0000
      vertex 78.1000 19.5000 12.3000
    endloop
  endfacet
  facet normal 0 -1 0
    outer loop
      vertex 76.7000 19.5000 3.0000
      vertex 78.1000 19.5000 12.3000
      vertex 76.7000 19.5000 12.3000
    endloop
  endfacet
  facet normal 0 0 1
    outer loop
      vertex 76.7000 19.5000 12.3000
      vertex 78.1000 19.5000 12.3000
      vertex 78.2882 22.4099 12.3000
    endloop
  endfacet
  facet normal 0 1 0
    outer loop
      vertex 76.7000 21.1000 0.0000
      vertex 76.7000 21.1000 9.3000
      vertex 78.1000 21.1000 0.0000
    endloop
  endfacet
  facet normal 0 0 -1
    outer loop
      vertex 76.7000 21.1000 0.0000
      vertex 78.1000 21.1000 0.0000
      vertex 79.4000 17.7000 0.0000
    endloop
  endfacet
  facet normal 0 1 0
    outer loop
      vertex 76.7000 21.1000 9.3000
      vertex 78.1000 21.1000 9.3000
      vertex 78.1000 21.1000 0.0000
    endloop
  endfacet
  facet normal 0 0 -1
    outer loop
      vertex 76.7000 21.1000 9.3000
      vertex 78.2882 22.4099 9.3000
      vertex 78.1000 21.1000 9.3000
    endloop
  endfacet
  facet normal 0 -1 0
    outer loop
      vertex 76.7000 27.3000 0.0000
      vertex 78.1000 27.3000 0.0000
      vertex 78.1000 27.3000 9.3000
    endloop
  endfacet
  facet normal 0 -1 0
    outer loop
      vertex 76.7000 27.3000 0.0000
      vertex 78.1000 27.3000 9.3000
      vertex 76.7000 27.3000 9.3000
    endloop
  endfacet
  facet normal 0 0 -1
    outer loop
      vertex 76.7000 27.3000 9.3000
      vertex 78.1000 27.3000 9.3000
      vertex 78.2882 25.9901 9.3000
    endloop
  endfacet
  facet normal 0 1 0
    outer loop
      vertex 76.7000 28.9000 3.0000
      vertex 76.7000 28.9000 12.3000
      vertex 78.1000 28.9000 3.0000
    endloop
  endfacet
  facet normal 0 1 0
    outer loop
      vertex 76.7000 28.9000 12.3000
      vertex 78.1000 28.9000 12.3000
      vertex 78.1000 28.9000 3.0000
    endloop
  endfacet
  facet normal 0 0 1
    outer loop
      vertex 76.7000 28.9000 12.3000
      vertex 78.2882 25.9901 12.3000
      vertex 78.1000 28.9000 12.3000
    endloop
  endfacet
  facet normal 0.078511 -0.996913 0
    outer loop
      vertex 78.1000 19.5000 3.0000
      vertex 78.8352 19.5579 3.0000
      vertex 78.8352 19.5579 12.3000
    endloop
  endfacet
  facet normal 0.078511 -0.996913 0
    outer loop
      vertex 78.1000 19.5000 3.0000
      vertex 78.8352 19.5579 12.3000
      vertex 78.1000 19.5000 12.3000
    endloop
  endfacet
  facet normal 0 0 1
    outer loop
      vertex 78.1000 19.5000 3.0000
      vertex 79.4000 17.7000 3.0000
      vertex 78.8352 19.5579 3.0000
    endloop
  endfacet
  facet normal 0 0 1
    outer loop
      vertex 78.1000 19.5000 12.3000
      vertex 78.8352 19.5579 12.3000
      vertex 78.2882 22.4099 12.3000
    endloop
  endfacet
  facet normal -0.078536 0.996911 0
    outer loop
      vertex 78.1000 21.1000 0.0000
      vertex 78.1000 21.1000 9.3000
      vertex 78.5849 21.1382 0.0000
    endloop
  endfacet
  facet normal 0 0 -1
    outer loop
      vertex 78.1000 21.1000 0.0000
      vertex 78.5849 21.1382 0.0000
      vertex 79.4000 17.7000 0.0000
    endloop
  endfacet
  facet normal 0 0 -1
    outer loop
      vertex 78.1000 21.1000 9.3000
      vertex 78.2882 22.4099 9.3000
      vertex 78.5849 21.1382 9.3000
    endloop
  endfacet
  facet normal -0.078536 0.996911 0
    outer loop
      vertex 78.1000 21.1000 9.3000
      vertex 78.5849 21.1382 9.3000
      vertex 78.5849 21.1382 0.0000
    endloop
  endfacet
  facet normal -0.078536 -0.996911 0
    outer loop
      vertex 78.1000 27.3000 0.0000
      vertex 78.5849 27.2618 0.0000
      vertex 78.5849 27.2618 9.3000
    endloop
  endfacet
  facet normal -0.078536 -0.996911 0
    outer loop
      vertex 78.1000 27.3000 0.0000
      vertex 78.5849 27.2618 9.3000
      vertex 78.1000 27.3000 9.3000
    endloop
  endfacet
  facet normal 0 0 -1
    outer loop
      vertex 78.1000 27.3000 9.3000
      vertex 78.5849 27.2618 9.3000
      vertex 78.2882 25.9901 9.3000
    endloop
  endfacet
  facet normal 0.078511 0.996913 0
    outer loop
      vertex 78.1000 28.9000 3.0000
      vertex 78.1000 28.9000 12.3000
      vertex 78.8352 28.8421 3.0000
    endloop
  endfacet
  facet normal 0 0 1
    outer loop
      vertex 78.1000 28.9000 3.0000
      vertex 78.8352 28.8421 3.0000
      vertex 79.4000 29.7000 3.0000
    endloop
  endfacet
  facet normal 0 0 1
    outer loop
      vertex 78.1000 28.9000 3.0000
      vertex 79.4000 29.7000 3.0000
      vertex 79.4000 32.7000 3.0000
    endloop
  endfacet
  facet normal 0 0 1
    outer loop
      vertex 78.1000 28.9000 12.3000
      vertex 78.2882 25.9901 12.3000
      vertex 78.8352 28.8421 12.3000
    endloop
  endfacet
  facet normal 0.078511 0.996913 0
    outer loop
      vertex 78.1000 28.9000 12.3000
      vertex 78.8352 28.8421 12.3000
      vertex 78.8352 28.8421 3.0000
    endloop
  endfacet
  facet normal -0.207859 0.978159 0
    outer loop
      vertex 78.2882 22.4099 9.3000
      vertex 78.2882 22.4099 12.3000
      vertex 78.6562 22.4881 9.3000
    endloop
  endfacet
  facet normal 0 0 -1
    outer loop
      vertex 78.2882 22.4099 9.3000
      vertex 78.6562 22.4881 9.3000
      vertex 78.5849 21.1382 9.3000
    endloop
  endfacet
  facet normal -0.207859 0.978159 0
    outer loop
      vertex 78.2882 22.4099 12.3000
      vertex 78.6562 22.4881 12.3000
      vertex 78.6562 22.4881 9.3000
    endloop
  endfacet
  facet normal 0 0 1
    outer loop
      vertex 78.2882 22.4099 12.3000
      vertex 78.8352 19.5579 12.3000
      vertex 78.6562 22.4881 12.3000
    endloop
  endfacet
  facet normal 0 0 -1
    outer loop
      vertex 78.2882 25.9901 9.3000
      vertex 78.5849 27.2618 9.3000
      vertex 78.6562 25.9119 9.3000
    endloop
  endfacet
  facet normal -0.207859 -0.978159 0
    outer loop
      vertex 78.2882 25.9901 9.3000
      vertex 78.6562 25.9119 9.3000
      vertex 78.6562 25.9119 12.3000
    endloop
  endfacet
  facet normal -0.207859 -0.978159 0
    outer loop
      vertex 78.2882 25.9901 9.3000
      vertex 78.6562 25.9119 12.3000
      vertex 78.2882 25.9901 12.3000
    endloop
  endfacet
  facet normal 0 0 1
    outer loop
      vertex 78.2882 25.9901 12.3000
      vertex 78.6562 25.9119 12.3000
      vertex 78.8352 28.8421 12.3000
    endloop
  endfacet
  facet normal -0.233287 0.972408 0
    outer loop
      vertex 78.5849 21.1382 0.0000
      vertex 78.5849 21.1382 9.3000
      vertex 79.0580 21.2517 0.0000
    endloop
  endfacet
  facet normal 0 0 -1
    outer loop
      vertex 78.5849 21.1382 0.0000
      vertex 79.0580 21.2517 0.0000
      vertex 79.4000 17.7000 0.0000
    endloop
  endfacet
  facet normal 0 0 -1
    outer loop
      vertex 78.5849 21.1382 9.3000
      vertex 78.6562 22.4881 9.3000
      vertex 79.0580 21.2517 9.3000
    endloop
  endfacet
  facet normal -0.233287 0.972408 0
    outer loop
      vertex 78.5849 21.1382 9.3000
      vertex 79.0580 21.2517 9.3000
      vertex 79.0580 21.2517 0.0000
    endloop
  endfacet
  facet normal -0.233287 -0.972408 0
    outer loop
      vertex 78.5849 27.2618 0.0000
      vertex 79.0580 27.1483 0.0000
      vertex 79.0580 27.1483 9.3000
    endloop
  endfacet
  facet normal -0.233287 -0.972408 0
    outer loop
      vertex 78.5849 27.2618 0.0000
      vertex 79.0580 27.1483 9.3000
      vertex 78.5849 27.2618 9.3000
    endloop
  endfacet
  facet normal 0 0 -1
    outer loop
      vertex 78.5849 27.2618 0.0000
      vertex 79.4000 28.7065 0.0000
      vertex 79.0580 27.1483 0.0000
    endloop
  endfacet
  facet normal 0 0 -1
    outer loop
      vertex 78.5849 27.2618 0.0000
      vertex 79.4000 29.7000 0.0000
      vertex 79.4000 28.7065 0.0000
    endloop
  endfacet
  facet normal 0 0 -1
    outer loop
      vertex 78.5849 27.2618 9.3000
      vertex 79.0580 27.1483 9.3000
      vertex 78.6562 25.9119 9.3000
    endloop
  endfacet
  facet normal -0.406804 0.913515 0
    outer loop
      vertex 78.6562 22.4881 9.3000
      vertex 78.6562 22.4881 12.3000
      vertex 79.0000 22.6412 9.3000
    endloop
  endfacet
  facet normal 0 0 -1
    outer loop
      vertex 78.6562 22.4881 9.3000
      vertex 79.0000 22.6412 9.3000
      vertex 79.5074 21.4379 9.3000
    endloop
  endfacet
  facet normal 0 0 -1
    outer loop
      vertex 78.6562 22.4881 9.3000
      vertex 79.5074 21.4379 9.3000
      vertex 79.0580 21.2517 9.3000
    endloop
  endfacet
  facet normal 0 0 1
    outer loop
      vertex 78.6562 22.4881 12.3000
      vertex 78.8352 19.5579 12.3000
      vertex 79.5524 19.7300 12.3000
    endloop
  endfacet
  facet normal -0.406804 0.913515 0
    outer loop
      vertex 78.6562 22.4881 12.3000
      vertex 79.0000 22.6412 12.3000
      vertex 79.0000 22.6412 9.3000
    endloop
  endfacet
  facet normal 0 0 1
    outer loop
      vertex 78.6562 22.4881 12.3000
      vertex 79.5524 19.7300 12.3000
      vertex 80.2338 20.0123 12.3000
    endloop
  endfacet
  facet normal 0 0 1
    outer loop
      vertex 78.6562 22.4881 12.3000
      vertex 80.2338 20.0123 12.3000
      vertex 79.0000 22.6412 12.3000
    endloop
  endfacet
  facet normal -0.406804 -0.913515 0
    outer loop
      vertex 78.6562 25.9119 9.3000
      vertex 79.0000 25.7588 9.3000
      vertex 79.0000 25.7588 12.3000
    endloop
  endfacet
  facet normal -0.406804 -0.913515 0
    outer loop
      vertex 78.6562 25.9119 9.3000
      vertex 79.0000 25.7588 12.3000
      vertex 78.6562 25.9119 12.3000
    endloop
  endfacet
  facet normal 0 0 -1
    outer loop
      vertex 78.6562 25.9119 9.3000
      vertex 79.0580 27.1483 9.3000
      vertex 79.5074 26.9621 9.3000
    endloop
  endfacet
  facet normal 0 0 -1
    outer loop
      vertex 78.6562 25.9119 9.3000
      vertex 79.5074 26.9621 9.3000
      vertex 79.0000 25.7588 9.3000
    endloop
  endfacet
  facet normal 0 0 1
    outer loop
      vertex 78.6562 25.9119 12.3000
      vertex 79.0000 25.7588 12.3000
      vertex 80.2338 28.3877 12.3000
    endloop
  endfacet
  facet normal 0 0 1
    outer loop
      vertex 78.6562 25.9119 12.3000
      vertex 79.5524 28.6700 12.3000
      vertex 78.8352 28.8421 12.3000
    endloop
  endfacet
  facet normal 0 0 1
    outer loop
      vertex 78.6562 25.9119 12.3000
      vertex 80.2338 28.3877 12.3000
      vertex 79.5524 28.6700 12.3000
    endloop
  endfacet
  facet normal 0 0 1
    outer loop
      vertex 78.8352 19.5579 3.0000
      vertex 79.4000 17.7000 3.0000
      vertex 79.5524 19.7300 3.0000
    endloop
  endfacet
  facet normal 0.233337 -0.972396 0
    outer loop
      vertex 78.8352 19.5579 3.0000
      vertex 79.5524 19.7300 3.0000
      vertex 79.5524 19.7300 12.3000
    endloop
  endfacet
  facet normal 0.233337 -0.972396 0
    outer loop
      vertex 78.8352 19.5579 3.0000
      vertex 79.5524 19.7300 12.3000
      vertex 78.8352 19.5579 12.3000
    endloop
  endfacet
  facet normal 0.233451 0.972369 0
    outer loop
      vertex 78.8352 28.8421 3.0000
      vertex 78.8352 28.8421 12.3000
      vertex 79.4000 28.7065 3.0000
    endloop
  endfacet
  facet normal 0 0 1
    outer loop
      vertex 78.8352 28.8421 3.0000
      vertex 79.4000 28.7065 3.0000
      vertex 79.4000 29.7000 3.0000
    endloop
  endfacet
  facet normal 0.233337 0.972396 -0.000007
    outer loop
      vertex 78.8352 28.8421 12.3000
      vertex 79.5524 28.6700 12.3000
      vertex 79.4000 28.7065 3.0000
    endloop
  endfacet
  facet normal -0.587682 0.809092 0
    outer loop
      vertex 79.0000 22.6412 9.3000
      vertex 79.0000 22.6412 12.3000
      vertex 79.3044 22.8623 9.3000
    endloop
  endfacet
  facet normal 0 0 -1
    outer loop
      vertex 79.0000 22.6412 9.3000
      vertex 79.3044 22.8623 9.3000
      vertex 79.9221 21.6921 9.3000
    endloop
  endfacet
  facet normal 0 0 -1
    outer loop
      vertex 79.0000 22.6412 9.3000
      vertex 79.9221 21.6921 9.3000
      vertex 79.5074 21.4379 9.3000
    endloop
  endfacet
  facet normal -0.587682 0.809092 0
    outer loop
      vertex 79.0000 22.6412 12.3000
      vertex 79.3044 22.8623 12.3000
      vertex 79.3044 22.8623 9.3000
    endloop
  endfacet
  facet normal 0 0 1
    outer loop
      vertex 79.0000 22.6412 12.3000
      vertex 80.2338 20.0123 12.3000
      vertex 80.8626 20.3976 12.3000
    endloop
  endfacet
  facet normal 0 0 1
    outer loop
      vertex 79.0000 22.6412 12.3000
      vertex 80.8626 20.3976 12.3000
      vertex 79.3044 22.8623 12.3000
    endloop
  endfacet
  facet normal -0.587682 -0.809092 0
    outer loop
      vertex 79.0000 25.7588 9.3000
      vertex 79.3044 25.5377 9.3000
      vertex 79.3044 25.5377 12.3000
    endloop
  endfacet
  facet normal -0.587682 -0.809092 0
    outer loop
      vertex 79.0000 25.7588 9.3000
      vertex 79.3044 25.5377 12.3000
      vertex 79.0000 25.7588 12.3000
    endloop
  endfacet
  facet normal 0 0 -1
    outer loop
      vertex 79.0000 25.7588 9.3000
      vertex 79.5074 26.9621 9.3000
      vertex 79.9221 26.7080 9.3000
    endloop
  endfacet
  facet normal 0 0 -1
    outer loop
      vertex 79.0000 25.7588 9.3000
      vertex 79.9221 26.7080 9.3000
      vertex 79.3044 25.5377 9.3000
    endloop
  endfacet
  facet normal 0 0 1
    outer loop
      vertex 79.0000 25.7588 12.3000
      vertex 79.3044 25.5377 12.3000
      vertex 80.8626 28.0024 12.3000
    endloop
  endfacet
  facet normal 0 0 1
    outer loop
      vertex 79.0000 25.7588 12.3000
      vertex 80.8626 28.0024 12.3000
      vertex 80.2338 28.3877 12.3000
    endloop
  endfacet
  facet normal -0.382775 0.923841 0
    outer loop
      vertex 79.0580 21.2517 0.0000
      vertex 79.0580 21.2517 9.3000
      vertex 79.5074 21.4379 0.0000
    endloop
  endfacet
  facet normal 0 0 -1
    outer loop
      vertex 79.0580 21.2517 0.0000
      vertex 79.5074 21.4379 0.0000
      vertex 81.2166 20.7000 0.0000
    endloop
  endfacet
  facet normal 0 0 -1
    outer loop
      vertex 79.0580 21.2517 0.0000
      vertex 81.2166 20.7000 0.0000
      vertex 79.4000 17.7000 0.0000
    endloop
  endfacet
  facet normal -0.382775 0.923841 0
    outer loop
      vertex 79.0580 21.2517 9.3000
      vertex 79.5074 21.4379 9.3000
      vertex 79.5074 21.4379 0.0000
    endloop
  endfacet
  facet normal 0 0 -1
    outer loop
      vertex 79.0580 27.1483 0.0000
      vertex 79.4000 28.7065 0.0000
      vertex 79.5524 28.6700 0.0000
    endloop
  endfacet
  facet normal -0.382775 -0.923841 0
    outer loop
      vertex 79.0580 27.1483 0.0000
      vertex 79.5074 26.9621 0.0000
      vertex 79.5074 26.9621 9.3000
    endloop
  endfacet
  facet normal -0.382775 -0.923841 0
    outer loop
      vertex 79.0580 27.1483 0.0000
      vertex 79.5074 26.9621 9.3000
      vertex 79.0580 27.1483 9.3000
    endloop
  endfacet
  facet normal 0 0 -1
    outer loop
      vertex 79.0580 27.1483 0.0000
      vertex 79.5524 28.6700 0.0000
      vertex 79.5074 26.9621 0.0000
    endloop
  endfacet
  facet normal -0.743202 0.669067 0
    outer loop
      vertex 79.3044 22.8623 9.3000
      vertex 79.3044 22.8623 12.3000
      vertex 79.5562 23.1420 12.3000
    endloop
  endfacet
  facet normal 0 0 -1
    outer loop
      vertex 79.3044 22.8623 9.3000
      vertex 79.5562 23.1420 9.3000
      vertex 80.2920 22.0080 9.3000
    endloop
  endfacet
  facet normal -0.743202 0.669067 0
    outer loop
      vertex 79.3044 22.8623 9.3000
      vertex 79.5562 23.1420 12.3000
      vertex 79.5562 23.1420 9.3000
    endloop
  endfacet
  facet normal 0 0 -1
    outer loop
      vertex 79.3044 22.8623 9.3000
      vertex 80.2920 22.0080 9.3000
      vertex 79.9221 21.6921 9.3000
    endloop
  endfacet
  facet normal 0 0 1
    outer loop
      vertex 79.3044 22.8623 12.3000
      vertex 80.8626 20.3976 12.3000
      vertex 81.4234 20.8766 12.3000
    endloop
  endfacet
  facet normal 0 0 1
    outer loop
      vertex 79.3044 22.8623 12.3000
      vertex 81.4234 20.8766 12.3000
      vertex 79.5562 23.1420 12.3000
    endloop
  endfacet
  facet normal -0.743202 -0.669067 0
    outer loop
      vertex 79.3044 25.5377 9.3000
      vertex 79.5562 25.2580 9.3000
      vertex 79.3044 25.5377 12.3000
    endloop
  endfacet
  facet normal 0 0 -1
    outer loop
      vertex 79.3044 25.5377 9.3000
      vertex 79.9221 26.7080 9.3000
      vertex 80.2920 26.3920 9.3000
    endloop
  endfacet
  facet normal 0 0 -1
    outer loop
      vertex 79.3044 25.5377 9.3000
      vertex 80.2920 26.3920 9.3000
      vertex 79.5562 25.2580 9.3000
    endloop
  endfacet
  facet normal -0.743202 -0.669067 0
    outer loop
      vertex 79.3044 25.5377 12.3000
      vertex 79.5562 25.2580 9.3000
      vertex 79.5562 25.2580 12.3000
    endloop
  endfacet
  facet normal 0 0 1
    outer loop
      vertex 79.3044 25.5377 12.3000
      vertex 79.5562 25.2580 12.3000
      vertex 81.4234 27.5234 12.3000
    endloop
  endfacet
  facet normal 0 0 1
    outer loop
      vertex 79.3044 25.5377 12.3000
      vertex 81.4234 27.5234 12.3000
      vertex 80.8626 28.0024 12.3000
    endloop
  endfacet
  facet normal 0 1 0
    outer loop
      vertex 79.4000 5.0000 0.0000
      vertex 79.4000 5.0000 3.0000
      vertex 99.4000 5.0000 0.0000
    endloop
  endfacet
  facet normal 1 0 0
    outer loop
      vertex 79.4000 5.0000 0.0000
      vertex 79.4000 5.7000 0.0000
      vertex 79.4000 5.0000 3.0000
    endloop
  endfacet
  facet normal 0 0 -1
    outer loop
      vertex 79.4000 5.0000 0.0000
      vertex 99.4000 5.0000 0.0000
      vertex 177.4000 0.0000 0.0000
    endloop
  endfacet
  facet normal 1 0 0
    outer loop
      vertex 79.4000 5.0000 3.0000
      vertex 79.4000 5.7000 0.0000
      vertex 79.4000 5.7000 3.0000
    endloop
  endfacet
  facet normal 0 1 0
    outer loop
      vertex 79.4000 5.0000 3.0000
      vertex 99.4000 5.0000 3.0000
      vertex 99.4000 5.0000 0.0000
    endloop
  endfacet
  facet normal 0 0 1
    outer loop
      vertex 79.4000 5.0000 3.0000
      vertex 177.4000 0.0000 3.0000
      vertex 99.4000 5.0000 3.0000
    endloop
  endfacet
  facet normal 0 0 -1
    outer loop
      vertex 79.4000 5.7000 0.0000
      vertex 79.4000 8.7000 0.0000
      vertex 99.4000 8.7000 0.0000
    endloop
  endfacet
  facet normal 0 -1 0
    outer loop
      vertex 79.4000 5.7000 0.0000
      vertex 99.4000 5.7000 0.0000
      vertex 99.4000 5.7000 3.0000
    endloop
  endfacet
  facet normal 0 -1 0
    outer loop
      vertex 79.4000 5.7000 0.0000
      vertex 99.4000 5.7000 3.0000
      vertex 79.4000 5.7000 3.0000
    endloop
  endfacet
  facet normal 0 0 -1
    outer loop
      vertex 79.4000 5.7000 0.0000
      vertex 99.4000 8.7000 0.0000
      vertex 99.4000 5.7000 0.0000
    endloop
  endfacet
  facet normal 0 0 1
    outer loop
      vertex 79.4000 5.7000 3.0000
      vertex 99.4000 5.7000 3.0000
      vertex 79.4000 8.7000 3.0000
    endloop
  endfacet
  facet normal 0 1 0
    outer loop
      vertex 79.4000 8.7000 0.0000
      vertex 79.4000 8.7000 3.0000
      vertex 99.4000 8.7000 0.0000
    endloop
  endfacet
  facet normal 1 0 0
    outer loop
      vertex 79.4000 8.7000 0.0000
      vertex 79.4000 11.7000 0.0000
      vertex 79.4000 8.7000 3.0000
    endloop
  endfacet
  facet normal 1 0 0
    outer loop
      vertex 79.4000 8.7000 3.0000
      vertex 79.4000 11.7000 0.0000
      vertex 79.4000 11.7000 3.0000
    endloop
  endfacet
  facet normal 0 0 1
    outer loop
      vertex 79.4000 8.7000 3.0000
      vertex 99.4000 5.7000 3.0000
      vertex 99.4000 8.7000 3.0000
    endloop
  endfacet
  facet normal 0 1 0
    outer loop
      vertex 79.4000 8.7000 3.0000
      vertex 99.4000 8.7000 3.0000
      vertex 99.4000 8.7000 0.0000
    endloop
  endfacet
  facet normal 0 0 -1
    outer loop
      vertex 79.4000 11.7000 0.0000
      vertex 79.4000 14.7000 0.0000
      vertex 99.4000 14.7000 0.0000
    endloop
  endfacet
  facet normal 0 -1 0
    outer loop
      vertex 79.4000 11.7000 0.0000
      vertex 99.4000 11.7000 0.0000
      vertex 99.4000 11.7000 3.0000
    endloop
  endfacet
  facet normal 0 -1 0
    outer loop
      vertex 79.4000 11.7000 0.0000
      vertex 99.4000 11.7000 3.0000
      vertex 79.4000 11.7000 3.0000
    endloop
  endfacet
  facet normal 0 0 -1
    outer loop
      vertex 79.4000 11.7000 0.0000
      vertex 99.4000 14.7000 0.0000
      vertex 99.4000 11.7000 0.0000
    endloop
  endfacet
  facet normal 0 0 1
    outer loop
      vertex 79.4000 11.7000 3.0000
      vertex 99.4000 11.7000 3.0000
      vertex 79.4000 14.7000 3.0000
    endloop
  endfacet
  facet normal 0 1 0
    outer loop
      vertex 79.4000 14.7000 0.0000
      vertex 79.4000 14.7000 3.0000
      vertex 99.4000 14.7000 0.0000
    endloop
  endfacet
  facet normal 1 0 0
    outer loop
      vertex 79.4000 14.7000 0.0000
      vertex 79.4000 17.7000 0.0000
      vertex 79.4000 14.7000 3.0000
    endloop
  endfacet
  facet normal 1 0 0
    outer loop
      vertex 79.4000 14.7000 3.0000
      vertex 79.4000 17.7000 0.0000
      vertex 79.4000 17.7000 3.0000
    endloop
  endfacet
  facet normal 0 0 1
    outer loop
      vertex 79.4000 14.7000 3.0000
      vertex 99.4000 11.7000 3.0000
      vertex 99.4000 14.7000 3.0000
    endloop
  endfacet
  facet normal 0 1 0
    outer loop
      vertex 79.4000 14.7000 3.0000
      vertex 99.4000 14.7000 3.0000
      vertex 99.4000 14.7000 0.0000
    endloop
  endfacet
  facet normal 0 0 -1
    outer loop
      vertex 79.4000 17.7000 0.0000
      vertex 81.2166 20.7000 0.0000
      vertex 99.4000 17.7000 0.0000
    endloop
  endfacet
  facet normal 0 -1 0
    outer loop
      vertex 79.4000 17.7000 0.0000
      vertex 99.4000 17.7000 0.0000
      vertex 99.4000 17.7000 3.0000
    endloop
  endfacet
  facet normal 0 -1 0
    outer loop
      vertex 79.4000 17.7000 0.0000
      vertex 99.4000 17.7000 3.0000
      vertex 79.4000 17.7000 3.0000
    endloop
  endfacet
  facet normal 0 0 1
    outer loop
      vertex 79.4000 17.7000 3.0000
      vertex 80.2338 20.0123 3.0000
      vertex 79.5524 19.7300 3.0000
    endloop
  endfacet
  facet normal 0 0 1
    outer loop
      vertex 79.4000 17.7000 3.0000
      vertex 80.8626 20.3976 3.0000
      vertex 80.2338 20.0123 3.0000
    endloop
  endfacet
  facet normal 0 0 1
    outer loop
      vertex 79.4000 17.7000 3.0000
      vertex 81.2166 20.7000 3.0000
      vertex 80.8626 20.3976 3.0000
    endloop
  endfacet
  facet normal 0 0 1
    outer loop
      vertex 79.4000 17.7000 3.0000
      vertex 99.4000 17.7000 3.0000
      vertex 81.2166 20.7000 3.0000
    endloop
  endfacet
  facet normal 0.232914 0.972497 0
    outer loop
      vertex 79.4000 28.7065 0.0000
      vertex 79.4000 28.7065 3.0000
      vertex 79.5524 28.6700 0.0000
    endloop
  endfacet
  facet normal 1 0 0
    outer loop
      vertex 79.4000 28.7065 0.0000
      vertex 79.4000 29.7000 0.0000
      vertex 79.4000 28.7065 3.0000
    endloop
  endfacet
  facet normal 1 0 0
    outer loop
      vertex 79.4000 28.7065 3.0000
      vertex 79.4000 29.7000 0.0000
      vertex 79.4000 29.7000 3.0000
    endloop
  endfacet
  facet normal 0.232914 0.972497 0
    outer loop
      vertex 79.4000 28.7065 3.0000
      vertex 79.5524 28.6700 12.3000
      vertex 79.5524 28.6700 0.0000
    endloop
  endfacet
  facet normal 0 0 -1
    outer loop
      vertex 79.4000 29.7000 0.0000
      vertex 79.4000 32.7000 0.0000
      vertex 99.4000 32.7000 0.0000
    endloop
  endfacet
  facet normal 0 -1 0
    outer loop
      vertex 79.4000 29.7000 0.0000
      vertex 99.4000 29.7000 0.0000
      vertex 99.4000 29.7000 3.0000
    endloop
  endfacet
  facet normal 0 -1 0
    outer loop
      vertex 79.4000 29.7000 0.0000
      vertex 99.4000 29.7000 3.0000
      vertex 79.4000 29.7000 3.0000
    endloop
  endfacet
  facet normal 0 0 -1
    outer loop
      vertex 79.4000 29.7000 0.0000
      vertex 99.4000 32.7000 0.0000
      vertex 99.4000 29.7000 0.0000
    endloop
  endfacet
  facet normal 0 0 1
    outer loop
      vertex 79.4000 29.7000 3.0000
      vertex 99.4000 29.7000 3.0000
      vertex 79.4000 32.7000 3.0000
    endloop
  endfacet
  facet normal 0 1 0
    outer loop
      vertex 79.4000 32.7000 0.0000
      vertex 79.4000 32.7000 3.0000
      vertex 99.4000 32.7000 0.0000
    endloop
  endfacet
  facet normal 1 0 0
    outer loop
      vertex 79.4000 32.7000 0.0000
      vertex 79.4000 35.7000 0.0000
      vertex 79.4000 32.7000 3.0000
    endloop
  endfacet
  facet normal 1 0 0
    outer loop
      vertex 79.4000 32.7000 3.0000
      vertex 79.4000 35.7000 0.0000
      vertex 79.4000 35.7000 3.0000
    endloop
  endfacet
  facet normal 0 0 1
    outer loop
      vertex 79.4000 32.7000 3.0000
      vertex 99.4000 29.7000 3.0000
      vertex 99.4000 32.7000 3.0000
    endloop
  endfacet
  facet normal 0 1 0
    outer loop
      vertex 79.4000 32.7000 3.0000
      vertex 99.4000 32.7000 3.0000
      vertex 99.4000 32.7000 0.0000
    endloop
  endfacet
  facet normal 0 0 -1
    outer loop
      vertex 79.4000 35.7000 0.0000
      vertex 79.4000 38.7000 0.0000
      vertex 99.4000 38.7000 0.0000
    endloop
  endfacet
  facet normal 0 -1 0
    outer loop
      vertex 79.4000 35.7000 0.0000
      vertex 99.4000 35.7000 0.0000
      vertex 99.4000 35.7000 3.0000
    endloop
  endfacet
  facet normal 0 -1 0
    outer loop
      vertex 79.4000 35.7000 0.0000
      vertex 99.4000 35.7000 3.0000
      vertex 79.4000 35.7000 3.0000
    endloop
  endfacet
  facet normal 0 0 -1
    outer loop
      vertex 79.4000 35.7000 0.0000
      vertex 99.4000 38.7000 0.0000
      vertex 99.4000 35.7000 0.0000
    endloop
  endfacet
  facet normal 0 0 1
    outer loop
      vertex 79.4000 35.7000 3.0000
      vertex 99.4000 35.7000 3.0000
      vertex 79.4000 38.7000 3.0000
    endloop
  endfacet
  facet normal 0 1 0
    outer loop
      vertex 79.4000 38.7000 0.0000
      vertex 79.4000 38.7000 3.0000
      vertex 99.4000 38.7000 0.0000
    endloop
  endfacet
  facet normal 1 0 0
    outer loop
      vertex 79.4000 38.7000 0.0000
      vertex 79.4000 41.7000 0.0000
      vertex 79.4000 38.7000 3.0000
    endloop
  endfacet
  facet normal 1 0 0
    outer loop
      vertex 79.4000 38.7000 3.0000
      vertex 79.4000 41.7000 0.0000
      vertex 79.4000 41.7000 3.0000
    endloop
  endfacet
  facet normal 0 0 1
    outer loop
      vertex 79.4000 38.7000 3.0000
      vertex 99.4000 35.7000 3.0000
      vertex 99.4000 38.7000 3.0000
    endloop
  endfacet
  facet normal 0 1 0
    outer loop
      vertex 79.4000 38.7000 3.0000
      vertex 99.4000 38.7000 3.0000
      vertex 99.4000 38.7000 0.0000
    endloop
  endfacet
  facet normal 0 0 -1
    outer loop
      vertex 79.4000 41.7000 0.0000
      vertex 79.4000 44.7000 0.0000
      vertex 99.4000 44.7000 0.0000
    endloop
  endfacet
  facet normal 0 -1 0
    outer loop
      vertex 79.4000 41.7000 0.0000
      vertex 99.4000 41.7000 0.0000
      vertex 99.4000 41.7000 3.0000
    endloop
  endfacet
  facet normal 0 -1 0
    outer loop
      vertex 79.4000 41.7000 0.0000
      vertex 99.4000 41.7000 3.0000
      vertex 79.4000 41.7000 3.0000
    endloop
  endfacet
  facet normal 0 0 -1
    outer loop
      vertex 79.4000 41.7000 0.0000
      vertex 99.4000 44.7000 0.0000
      vertex 99.4000 41.7000 0.0000
    endloop
  endfacet
  facet normal 0 0 1
    outer loop
      vertex 79.4000 41.7000 3.0000
      vertex 99.4000 41.7000 3.0000
      vertex 79.4000 44.7000 3.0000
    endloop
  endfacet
  facet normal 0 1 0
    outer loop
      vertex 79.4000 44.7000 0.0000
      vertex 79.4000 44.7000 3.0000
      vertex 99.4000 44.7000 0.0000
    endloop
  endfacet
  facet normal 1 0 0
    outer loop
      vertex 79.4000 44.7000 0.0000
      vertex 79.4000 47.7000 0.0000
      vertex 79.4000 44.7000 3.0000
    endloop
  endfacet
  facet normal 1 0 0
    outer loop
      vertex 79.4000 44.7000 3.0000
      vertex 79.4000 47.7000 0.0000
      vertex 79.4000 47.7000 3.0000
    endloop
  endfacet
  facet normal 0 0 1
    outer loop
      vertex 79.4000 44.7000 3.0000
      vertex 99.4000 41.7000 3.0000
      vertex 99.4000 44.7000 3.0000
    endloop
  endfacet
  facet normal 0 1 0
    outer loop
      vertex 79.4000 44.7000 3.0000
      vertex 99.4000 44.7000 3.0000
      vertex 99.4000 44.7000 0.0000
    endloop
  endfacet
  facet normal 0 -1 0
    outer loop
      vertex 79.4000 47.7000 0.0000
      vertex 99.4000 47.7000 0.0000
      vertex 99.4000 47.7000 3.0000
    endloop
  endfacet
  facet normal 0 -1 0
    outer loop
      vertex 79.4000 47.7000 0.0000
      vertex 99.4000 47.7000 3.0000
      vertex 79.4000 47.7000 3.0000
    endloop
  endfacet
  facet normal 0 1 0
    outer loop
      vertex 79.4000 94.7000 0.0000
      vertex 79.4000 94.7000 3.0000
      vertex 99.4000 94.7000 0.0000
    endloop
  endfacet
  facet normal 1 0 0
    outer loop
      vertex 79.4000 94.7000 0.0000
      vertex 79.4000 97.7000 0.0000
      vertex 79.4000 94.7000 3.0000
    endloop
  endfacet
  facet normal 1 0 0
    outer loop
      vertex 79.4000 94.7000 3.0000
      vertex 79.4000 97.7000 0.0000
      vertex 79.4000 97.7000 3.0000
    endloop
  endfacet
  facet normal 0 1 0
    outer loop
      vertex 79.4000 94.7000 3.0000
      vertex 99.4000 94.7000 3.0000
      vertex 99.4000 94.7000 0.0000
    endloop
  endfacet
  facet normal 0 0 -1
    outer loop
      vertex 79.4000 97.7000 0.0000
      vertex 79.4000 100.7000 0.0000
      vertex 99.4000 100.7000 0.0000
    endloop
  endfacet
  facet normal 0 -1 0
    outer loop
      vertex 79.4000 97.7000 0.0000
      vertex 99.4000 97.7000 0.0000
      vertex 99.4000 97.7000 3.0000
    endloop
  endfacet
  facet normal 0 -1 0
    outer loop
      vertex 79.4000 97.7000 0.0000
      vertex 99.4000 97.7000 3.0000
      vertex 79.4000 97.7000 3.0000
    endloop
  endfacet
  facet normal 0 0 -1
    outer loop
      vertex 79.4000 97.7000 0.0000
      vertex 99.4000 100.7000 0.0000
      vertex 99.4000 97.7000 0.0000
    endloop
  endfacet
  facet normal 0 0 1
    outer loop
      vertex 79.4000 97.7000 3.0000
      vertex 99.4000 97.7000 3.0000
      vertex 79.4000 100.7000 3.0000
    endloop
  endfacet
  facet normal 0 1 0
    outer loop
      vertex 79.4000 100.7000 0.0000
      vertex 79.4000 100.7000 3.0000
      vertex 99.4000 100.7000 0.0000
    endloop
  endfacet
  facet normal 1 0 0
    outer loop
      vertex 79.4000 100.7000 0.0000
      vertex 79.4000 103.7000 0.0000
      vertex 79.4000 100.7000 3.0000
    endloop
  endfacet
  facet normal 1 0 0
    outer loop
      vertex 79.4000 100.7000 3.0000
      vertex 79.4000 103.7000 0.0000
      vertex 79.4000 103.7000 3.0000
    endloop
  endfacet
  facet normal 0 0 1
    outer loop
      vertex 79.4000 100.7000 3.0000
      vertex 99.4000 97.7000 3.0000
      vertex 99.4000 100.7000 3.0000
    endloop
  endfacet
  facet normal 0 1 0
    outer loop
      vertex 79.4000 100.7000 3.0000
      vertex 99.4000 100.7000 3.0000
      vertex 99.4000 100.7000 0.0000
    endloop
  endfacet
  facet normal 0 0 -1
    outer loop
      vertex 79.4000 103.7000 0.0000
      vertex 79.4000 106.7000 0.0000
      vertex 99.4000 106.7000 0.0000
    endloop
  endfacet
  facet normal 0 -1 0
    outer loop
      vertex 79.4000 103.7000 0.0000
      vertex 99.4000 103.7000 0.0000
      vertex 99.4000 103.7000 3.0000
    endloop
  endfacet
  facet normal 0 -1 0
    outer loop
      vertex 79.4000 103.7000 0.0000
      vertex 99.4000 103.7000 3.0000
      vertex 79.4000 103.7000 3.0000
    endloop
  endfacet
  facet normal 0 0 -1
    outer loop
      vertex 79.4000 103.7000 0.0000
      vertex 99.4000 106.7000 0.0000
      vertex 99.4000 103.7000 0.0000
    endloop
  endfacet
  facet normal 0 0 1
    outer loop
      vertex 79.4000 103.7000 3.0000
      vertex 99.4000 103.7000 3.0000
      vertex 79.4000 106.7000 3.0000
    endloop
  endfacet
  facet normal 0 1 0
    outer loop
      vertex 79.4000 106.7000 0.0000
      vertex 79.4000 106.7000 3.0000
      vertex 99.4000 106.7000 0.0000
    endloop
  endfacet
  facet normal 1 0 0
    outer loop
      vertex 79.4000 106.7000 0.0000
      vertex 79.4000 109.7000 0.0000
      vertex 79.4000 106.7000 3.0000
    endloop
  endfacet
  facet normal 1 0 0
    outer loop
      vertex 79.4000 106.7000 3.0000
      vertex 79.4000 109.7000 0.0000
      vertex 79.4000 109.7000 3.0000
    endloop
  endfacet
  facet normal 0 0 1
    outer loop
      vertex 79.4000 106.7000 3.0000
      vertex 99.4000 103.7000 3.0000
      vertex 99.4000 106.7000 3.0000
    endloop
  endfacet
  facet normal 0 1 0
    outer loop
      vertex 79.4000 106.7000 3.0000
      vertex 99.4000 106.7000 3.0000
      vertex 99.4000 106.7000 0.0000
    endloop
  endfacet
  facet normal 0 0 -1
    outer loop
      vertex 79.4000 109.7000 0.0000
      vertex 79.4000 112.7000 0.0000
      vertex 99.4000 112.7000 0.0000
    endloop
  endfacet
  facet normal 0 -1 0
    outer loop
      vertex 79.4000 109.7000 0.0000
      vertex 99.4000 109.7000 0.0000
      vertex 99.4000 109.7000 3.0000
    endloop
  endfacet
  facet normal 0 -1 0
    outer loop
      vertex 79.4000 109.7000 0.0000
      vertex 99.4000 109.7000 3.0000
      vertex 79.4000 109.7000 3.0000
    endloop
  endfacet
  facet normal 0 0 -1
    outer loop
      vertex 79.4000 109.7000 0.0000
      vertex 99.4000 112.7000 0.0000
      vertex 99.4000 109.7000 0.0000
    endloop
  endfacet
  facet normal 0 0 1
    outer loop
      vertex 79.4000 109.7000 3.0000
      vertex 99.4000 109.7000 3.0000
      vertex 79.4000 112.7000 3.0000
    endloop
  endfacet
  facet normal 0 1 0
    outer loop
      vertex 79.4000 112.7000 0.0000
      vertex 79.4000 112.7000 3.0000
      vertex 99.4000 112.7000 0.0000
    endloop
  endfacet
  facet normal 1 0 0
    outer loop
      vertex 79.4000 112.7000 0.0000
      vertex 79.4000 115.7000 0.0000
      vertex 79.4000 112.7000 3.0000
    endloop
  endfacet
  facet normal 1 0 0
    outer loop
      vertex 79.4000 112.7000 3.0000
      vertex 79.4000 115.7000 0.0000
      vertex 79.4000 115.7000 3.0000
    endloop
  endfacet
  facet normal 0 0 1
    outer loop
      vertex 79.4000 112.7000 3.0000
      vertex 99.4000 109.7000 3.0000
      vertex 99.4000 112.7000 3.0000
    endloop
  endfacet
  facet normal 0 1 0
    outer loop
      vertex 79.4000 112.7000 3.0000
      vertex 99.4000 112.7000 3.0000
      vertex 99.4000 112.7000 0.0000
    endloop
  endfacet
  facet normal 0 -1 0
    outer loop
      vertex 79.4000 115.7000 0.0000
      vertex 99.4000 115.7000 0.0000
      vertex 99.4000 115.7000 3.0000
    endloop
  endfacet
  facet normal 0 -1 0
    outer loop
      vertex 79.4000 115.7000 0.0000
      vertex 99.4000 115.7000 3.0000
      vertex 79.4000 115.7000 3.0000
    endloop
  endfacet
  facet normal 0 0 -1
    outer loop
      vertex 79.4000 115.7000 0.0000
      vertex 177.4000 123.4000 0.0000
      vertex 99.4000 115.7000 0.0000
    endloop
  endfacet
  facet normal 0 0 1
    outer loop
      vertex 79.4000 115.7000 3.0000
      vertex 99.4000 115.7000 3.0000
      vertex 177.4000 123.4000 3.0000
    endloop
  endfacet
  facet normal -0.522605 0.852575 0
    outer loop
      vertex 79.5074 21.4379 0.0000
      vertex 79.5074 21.4379 9.3000
      vertex 79.9221 21.6921 0.0000
    endloop
  endfacet
  facet normal 0 0 -1
    outer loop
      vertex 79.5074 21.4379 0.0000
      vertex 79.9221 21.6921 0.0000
      vertex 81.2166 20.7000 0.0000
    endloop
  endfacet
  facet normal -0.522605 0.852575 0
    outer loop
      vertex 79.5074 21.4379 9.3000
      vertex 79.9221 21.6921 9.3000
      vertex 79.9221 21.6921 0.0000
    endloop
  endfacet
  facet normal 0 0 -1
    outer loop
      vertex 79.5074 26.9621 0.0000
      vertex 79.5524 28.6700 0.0000
      vertex 80.2338 28.3877 0.0000
    endloop
  endfacet
  facet normal -0.522456 -0.852666 0
    outer loop
      vertex 79.5074 26.9621 0.0000
      vertex 79.9221 26.7080 0.0000
      vertex 79.9221 26.7080 9.3000
    endloop
  endfacet
  facet normal -0.522456 -0.852666 0
    outer loop
      vertex 79.5074 26.9621 0.0000
      vertex 79.9221 26.7080 9.3000
      vertex 79.5074 26.9621 9.3000
    endloop
  endfacet
  facet normal 0 0 -1
    outer loop
      vertex 79.5074 26.9621 0.0000
      vertex 80.2338 28.3877 0.0000
      vertex 79.9221 26.7080 0.0000
    endloop
  endfacet
  facet normal 0.382747 -0.923853 0
    outer loop
      vertex 79.5524 19.7300 3.0000
      vertex 80.2338 20.0123 3.0000
      vertex 80.2338 20.0123 12.3000
    endloop
  endfacet
  facet normal 0.382747 -0.923853 0
    outer loop
      vertex 79.5524 19.7300 3.0000
      vertex 80.2338 20.0123 12.3000
      vertex 79.5524 19.7300 12.3000
    endloop
  endfacet
  facet normal 0.382747 0.923853 0
    outer loop
      vertex 79.5524 28.6700 0.0000
      vertex 79.5524 28.6700 12.3000
      vertex 80.2338 28.3877 0.0000
    endloop
  endfacet
  facet normal 0.382747 0.923853 0
    outer loop
      vertex 79.5524 28.6700 12.3000
      vertex 80.2338 28.3877 12.3000
      vertex 80.2338 28.3877 0.0000
    endloop
  endfacet
  facet normal -0.865978 0.500083 0
    outer loop
      vertex 79.5562 23.1420 9.3000
      vertex 79.5562 23.1420 12.3000
      vertex 79.7444 23.4679 12.3000
    endloop
  endfacet
  facet normal 0 0 -1
    outer loop
      vertex 79.5562 23.1420 9.3000
      vertex 79.7444 23.4679 9.3000
      vertex 80.8621 22.7926 9.3000
    endloop
  endfacet
  facet normal -0.865978 0.500083 0
    outer loop
      vertex 79.5562 23.1420 9.3000
      vertex 79.7444 23.4679 12.3000
      vertex 79.7444 23.4679 9.3000
    endloop
  endfacet
  facet normal 0 0 -1
    outer loop
      vertex 79.5562 23.1420 9.3000
      vertex 80.6080 22.3779 9.3000
      vertex 80.2920 22.0080 9.3000
    endloop
  endfacet
  facet normal 0 0 -1
    outer loop
      vertex 79.5562 23.1420 9.3000
      vertex 80.8621 22.7926 9.3000
      vertex 80.6080 22.3779 9.3000
    endloop
  endfacet
  facet normal 0 0 1
    outer loop
      vertex 79.5562 23.1420 12.3000
      vertex 81.4234 20.8766 12.3000
      vertex 81.9024 21.4374 12.3000
    endloop
  endfacet
  facet normal 0 0 1
    outer loop
      vertex 79.5562 23.1420 12.3000
      vertex 81.9024 21.4374 12.3000
      vertex 82.2877 22.0662 12.3000
    endloop
  endfacet
  facet normal 0 0 1
    outer loop
      vertex 79.5562 23.1420 12.3000
      vertex 82.2877 22.0662 12.3000
      vertex 79.7444 23.4679 12.3000
    endloop
  endfacet
  facet normal -0.865978 -0.500083 0
    outer loop
      vertex 79.5562 25.2580 9.3000
      vertex 79.7444 24.9321 9.3000
      vertex 79.5562 25.2580 12.3000
    endloop
  endfacet
  facet normal 0 0 -1
    outer loop
      vertex 79.5562 25.2580 9.3000
      vertex 80.2920 26.3920 9.3000
      vertex 80.6080 26.0221 9.3000
    endloop
  endfacet
  facet normal 0 0 -1
    outer loop
      vertex 79.5562 25.2580 9.3000
      vertex 80.6080 26.0221 9.3000
      vertex 80.8621 25.6074 9.3000
    endloop
  endfacet
  facet normal 0 0 -1
    outer loop
      vertex 79.5562 25.2580 9.3000
      vertex 80.8621 25.6074 9.3000
      vertex 79.7444 24.9321 9.3000
    endloop
  endfacet
  facet normal -0.865978 -0.500083 0
    outer loop
      vertex 79.5562 25.2580 12.3000
      vertex 79.7444 24.9321 9.3000
      vertex 79.7444 24.9321 12.3000
    endloop
  endfacet
  facet normal 0 0 1
    outer loop
      vertex 79.5562 25.2580 12.3000
      vertex 79.7444 24.9321 12.3000
      vertex 82.2877 26.3338 12.3000
    endloop
  endfacet
  facet normal 0 0 1
    outer loop
      vertex 79.5562 25.2580 12.3000
      vertex 81.9024 26.9626 12.3000
      vertex 81.4234 27.5234 12.3000
    endloop
  endfacet
  facet normal 0 0 1
    outer loop
      vertex 79.5562 25.2580 12.3000
      vertex 82.2877 26.3338 12.3000
      vertex 81.9024 26.9626 12.3000
    endloop
  endfacet
  facet normal -0.951048 0.309044 0
    outer loop
      vertex 79.7444 23.4679 9.3000
      vertex 79.7444 23.4679 12.3000
      vertex 79.8607 23.8258 12.3000
    endloop
  endfacet
  facet normal 0 0 -1
    outer loop
      vertex 79.7444 23.4679 9.3000
      vertex 79.8607 23.8258 9.3000
      vertex 81.0483 23.2420 9.3000
    endloop
  endfacet
  facet normal -0.951048 0.309044 0
    outer loop
      vertex 79.7444 23.4679 9.3000
      vertex 79.8607 23.8258 12.3000
      vertex 79.8607 23.8258 9.3000
    endloop
  endfacet
  facet normal 0 0 -1
    outer loop
      vertex 79.7444 23.4679 9.3000
      vertex 81.0483 23.2420 9.3000
      vertex 80.8621 22.7926 9.3000
    endloop
  endfacet
  facet normal 0 0 1
    outer loop
      vertex 79.7444 23.4679 12.3000
      vertex 82.2877 22.0662 12.3000
      vertex 82.5700 22.7476 12.3000
    endloop
  endfacet
  facet normal 0 0 1
    outer loop
      vertex 79.7444 23.4679 12.3000
      vertex 82.5700 22.7476 12.3000
      vertex 79.8607 23.8258 12.3000
    endloop
  endfacet
  facet normal -0.951048 -0.309044 0
    outer loop
      vertex 79.7444 24.9321 9.3000
      vertex 79.8607 24.5742 9.3000
      vertex 79.7444 24.9321 12.3000
    endloop
  endfacet
  facet normal 0 0 -1
    outer loop
      vertex 79.7444 24.9321 9.3000
      vertex 80.8621 25.6074 9.3000
      vertex 81.0483 25.1580 9.3000
    endloop
  endfacet
  facet normal 0 0 -1
    outer loop
      vertex 79.7444 24.9321 9.3000
      vertex 81.0483 25.1580 9.3000
      vertex 79.8607 24.5742 9.3000
    endloop
  endfacet
  facet normal -0.951048 -0.309044 0
    outer loop
      vertex 79.7444 24.9321 12.3000
      vertex 79.8607 24.5742 9.3000
      vertex 79.8607 24.5742 12.3000
    endloop
  endfacet
  facet normal 0 0 1
    outer loop
      vertex 79.7444 24.9321 12.3000
      vertex 79.8607 24.5742 12.3000
      vertex 82.5700 25.6524 12.3000
    endloop
  endfacet
  facet normal 0 0 1
    outer loop
      vertex 79.7444 24.9321 12.3000
      vertex 82.5700 25.6524 12.3000
      vertex 82.2877 26.3338 12.3000
    endloop
  endfacet
  facet normal -0.99453 0.10445 0
    outer loop
      vertex 79.8607 23.8258 9.3000
      vertex 79.8607 23.8258 12.3000
      vertex 79.9000 24.2000 12.3000
    endloop
  endfacet
  facet normal 0 0 -1
    outer loop
      vertex 79.8607 23.8258 9.3000
      vertex 79.9000 24.2000 9.3000
      vertex 81.1618 23.7151 9.3000
    endloop
  endfacet
  facet normal -0.99453 0.10445 0
    outer loop
      vertex 79.8607 23.8258 9.3000
      vertex 79.9000 24.2000 12.3000
      vertex 79.9000 24.2000 9.3000
    endloop
  endfacet
  facet normal 0 0 -1
    outer loop
      vertex 79.8607 23.8258 9.3000
      vertex 81.1618 23.7151 9.3000
      vertex 81.0483 23.2420 9.3000
    endloop
  endfacet
  facet normal 0 0 1
    outer loop
      vertex 79.8607 23.8258 12.3000
      vertex 82.5700 22.7476 12.3000
      vertex 82.7421 23.4648 12.3000
    endloop
  endfacet
  facet normal 0 0 1
    outer loop
      vertex 79.8607 23.8258 12.3000
      vertex 82.7421 23.4648 12.3000
      vertex 79.9000 24.2000 12.3000
    endloop
  endfacet
  facet normal -0.99453 -0.10445 0
    outer loop
      vertex 79.8607 24.5742 9.3000
      vertex 79.9000 24.2000 9.3000
      vertex 79.8607 24.5742 12.3000
    endloop
  endfacet
  facet normal 0 0 -1
    outer loop
      vertex 79.8607 24.5742 9.3000
      vertex 81.0483 25.1580 9.3000
      vertex 81.1618 24.6849 9.3000
    endloop
  endfacet
  facet normal 0 0 -1
    outer loop
      vertex 79.8607 24.5742 9.3000
      vertex 81.1618 24.6849 9.3000
      vertex 79.9000 24.2000 9.3000
    endloop
  endfacet
  facet normal -0.99453 -0.10445 0
    outer loop
      vertex 79.8607 24.5742 12.3000
      vertex 79.9000 24.2000 9.3000
      vertex 79.9000 24.2000 12.3000
    endloop
  endfacet
  facet normal 0 0 1
    outer loop
      vertex 79.8607 24.5742 12.3000
      vertex 79.9000 24.2000 12.3000
      vertex 82.7421 24.9352 12.3000
    endloop
  endfacet
  facet normal 0 0 1
    outer loop
      vertex 79.8607 24.5742 12.3000
      vertex 82.7421 24.9352 12.3000
      vertex 82.5700 25.6524 12.3000
    endloop
  endfacet
  facet normal 0 0 -1
    outer loop
      vertex 79.9000 24.2000 9.3000
      vertex 81.1618 24.6849 9.3000
      vertex 81.2000 24.2000 9.3000
    endloop
  endfacet
  facet normal 0 0 -1
    outer loop
      vertex 79.9000 24.2000 9.3000
      vertex 81.2000 24.2000 9.3000
      vertex 81.1618 23.7151 9.3000
    endloop
  endfacet
  facet normal 0 0 1
    outer loop
      vertex 79.9000 24.2000 12.3000
      vertex 82.7421 23.4648 12.3000
      vertex 82.8000 24.2000 12.3000
    endloop
  endfacet
  facet normal 0 0 1
    outer loop
      vertex 79.9000 24.2000 12.3000
      vertex 82.8000 24.2000 12.3000
      vertex 82.7421 24.9352 12.3000
    endloop
  endfacet
  facet normal -0.649419 0.760431 0
    outer loop
      vertex 79.9221 21.6921 0.0000
      vertex 79.9221 21.6921 9.3000
      vertex 80.2920 22.0080 0.0000
    endloop
  endfacet
  facet normal 0 0 -1
    outer loop
      vertex 79.9221 21.6921 0.0000
      vertex 80.2920 22.0080 0.0000
      vertex 81.2166 20.7000 0.0000
    endloop
  endfacet
  facet normal -0.649419 0.760431 0
    outer loop
      vertex 79.9221 21.6921 9.3000
      vertex 80.2920 22.0080 9.3000
      vertex 80.2920 22.0080 0.0000
    endloop
  endfacet
  facet normal 0 0 -1
    outer loop
      vertex 79.9221 26.7080 0.0000
      vertex 80.2338 28.3877 0.0000
      vertex 80.8626 28.0024 0.0000
    endloop
  endfacet
  facet normal -0.649538 -0.760329 0
    outer loop
      vertex 79.9221 26.7080 0.0000
      vertex 80.2920 26.3920 0.0000
      vertex 80.2920 26.3920 9.3000
    endloop
  endfacet
  facet normal -0.649538 -0.760329 0
    outer loop
      vertex 79.9221 26.7080 0.0000
      vertex 80.2920 26.3920 9.3000
      vertex 79.9221 26.7080 9.3000
    endloop
  endfacet
  facet normal 0 0 -1
    outer loop
      vertex 79.9221 26.7080 0.0000
      vertex 80.8626 28.0024 0.0000
      vertex 80.2920 26.3920 0.0000
    endloop
  endfacet
  facet normal 0.52247 -0.852658 0
    outer loop
      vertex 80.2338 20.0123 3.0000
      vertex 80.8626 20.3976 3.0000
      vertex 80.8626 20.3976 12.3000
    endloop
  endfacet
  facet normal 0.52247 -0.852658 0
    outer loop
      vertex 80.2338 20.0123 3.0000
      vertex 80.8626 20.3976 12.3000
      vertex 80.2338 20.0123 12.3000
    endloop
  endfacet
  facet normal 0.52247 0.852658 0
    outer loop
      vertex 80.2338 28.3877 0.0000
      vertex 80.2338 28.3877 12.3000
      vertex 80.8626 28.0024 0.0000
    endloop
  endfacet
  facet normal 0.52247 0.852658 0
    outer loop
      vertex 80.2338 28.3877 12.3000
      vertex 80.8626 28.0024 12.3000
      vertex 80.8626 28.0024 0.0000
    endloop
  endfacet
  facet normal -0.760329 0.649538 0
    outer loop
      vertex 80.2920 22.0080 0.0000
      vertex 80.2920 22.0080 9.3000
      vertex 80.6080 22.3779 9.3000
    endloop
  endfacet
  facet normal 0 0 -1
    outer loop
      vertex 80.2920 22.0080 0.0000
      vertex 80.6080 22.3779 0.0000
      vertex 81.4234 20.8766 0.0000
    endloop
  endfacet
  facet normal -0.760329 0.649538 0
    outer loop
      vertex 80.2920 22.0080 0.0000
      vertex 80.6080 22.3779 9.3000
      vertex 80.6080 22.3779 0.0000
    endloop
  endfacet
  facet normal 0 0 -1
    outer loop
      vertex 80.2920 22.0080 0.0000
      vertex 81.4234 20.8766 0.0000
      vertex 81.2166 20.7000 0.0000
    endloop
  endfacet
  facet normal -0.760329 -0.649538 0
    outer loop
      vertex 80.2920 26.3920 0.0000
      vertex 80.6080 26.0221 0.0000
      vertex 80.2920 26.3920 9.3000
    endloop
  endfacet
  facet normal 0 0 -1
    outer loop
      vertex 80.2920 26.3920 0.0000
      vertex 80.8626 28.0024 0.0000
      vertex 81.4234 27.5234 0.0000
    endloop
  endfacet
  facet normal 0 0 -1
    outer loop
      vertex 80.2920 26.3920 0.0000
      vertex 81.4234 27.5234 0.0000
      vertex 80.6080 26.0221 0.0000
    endloop
  endfacet
  facet normal -0.760329 -0.649538 0
    outer loop
      vertex 80.2920 26.3920 9.3000
      vertex 80.6080 26.0221 0.0000
      vertex 80.6080 26.0221 9.3000
    endloop
  endfacet
  facet normal -0.852666 0.522456 0
    outer loop
      vertex 80.6080 22.3779 0.0000
      vertex 80.6080 22.3779 9.3000
      vertex 80.8621 22.7926 9.3000
    endloop
  endfacet
  facet normal 0 0 -1
    outer loop
      vertex 80.6080 22.3779 0.0000
      vertex 80.8621 22.7926 0.0000
      vertex 81.9024 21.4374 0.0000
    endloop
  endfacet
  facet normal -0.852666 0.522456 0
    outer loop
      vertex 80.6080 22.3779 0.0000
      vertex 80.8621 22.7926 9.3000
      vertex 80.8621 22.7926 0.0000
    endloop
  endfacet
  facet normal 0 0 -1
    outer loop
      vertex 80.6080 22.3779 0.0000
      vertex 81.9024 21.4374 0.0000
      vertex 81.4234 20.8766 0.0000
    endloop
  endfacet
  facet normal -0.852666 -0.522456 0
    outer loop
      vertex 80.6080 26.0221 0.0000
      vertex 80.8621 25.6074 0.0000
      vertex 80.6080 26.0221 9.3000
    endloop
  endfacet
  facet normal 0 0 -1
    outer loop
      vertex 80.6080 26.0221 0.0000
      vertex 81.4234 27.5234 0.0000
      vertex 81.9024 26.9626 0.0000
    endloop
  endfacet
  facet normal 0 0 -1
    outer loop
      vertex 80.6080 26.0221 0.0000
      vertex 81.9024 26.9626 0.0000
      vertex 82.0633 26.7000 0.0000
    endloop
  endfacet
  facet normal 0 0 -1
    outer loop
      vertex 80.6080 26.0221 0.0000
      vertex 82.0633 26.7000 0.0000
      vertex 80.8621 25.6074 0.0000
    endloop
  endfacet
  facet normal -0.852666 -0.522456 0
    outer loop
      vertex 80.6080 26.0221 9.3000
      vertex 80.8621 25.6074 0.0000
      vertex 80.8621 25.6074 9.3000
    endloop
  endfacet
  facet normal -0.923841 0.382775 0
    outer loop
      vertex 80.8621 22.7926 0.0000
      vertex 80.8621 22.7926 9.3000
      vertex 81.0483 23.2420 9.3000
    endloop
  endfacet
  facet normal 0 0 -1
    outer loop
      vertex 80.8621 22.7926 0.0000
      vertex 81.0483 23.2420 0.0000
      vertex 82.2877 22.0662 0.0000
    endloop
  endfacet
  facet normal -0.923841 0.382775 0
    outer loop
      vertex 80.8621 22.7926 0.0000
      vertex 81.0483 23.2420 9.3000
      vertex 81.0483 23.2420 0.0000
    endloop
  endfacet
  facet normal 0 0 -1
    outer loop
      vertex 80.8621 22.7926 0.0000
      vertex 82.2877 22.0662 0.0000
      vertex 81.9024 21.4374 0.0000
    endloop
  endfacet
  facet normal -0.923841 -0.382775 0
    outer loop
      vertex 80.8621 25.6074 0.0000
      vertex 81.0483 25.1580 0.0000
      vertex 80.8621 25.6074 9.3000
    endloop
  endfacet
  facet normal 0 0 -1
    outer loop
      vertex 80.8621 25.6074 0.0000
      vertex 82.0633 26.7000 0.0000
      vertex 81.0483 25.1580 0.0000
    endloop
  endfacet
  facet normal -0.923841 -0.382775 0
    outer loop
      vertex 80.8621 25.6074 9.3000
      vertex 81.0483 25.1580 0.0000
      vertex 81.0483 25.1580 9.3000
    endloop
  endfacet
  facet normal 0.649517 -0.760347 0
    outer loop
      vertex 80.8626 20.3976 3.0000
      vertex 81.2166 20.7000 3.0000
      vertex 80.8626 20.3976 12.3000
    endloop
  endfacet
  facet normal 0.649473 -0.760385 -0.000003
    outer loop
      vertex 80.8626 20.3976 12.3000
      vertex 81.2166 20.7000 3.0000
      vertex 81.4234 20.8766 12.3000
    endloop
  endfacet
  facet normal 0.649473 0.760385 0
    outer loop
      vertex 80.8626 28.0024 0.0000
      vertex 80.8626 28.0024 12.3000
      vertex 81.4234 27.5234 0.0000
    endloop
  endfacet
  facet normal 0.649473 0.760385 0
    outer loop
      vertex 80.8626 28.0024 12.3000
      vertex 81.4234 27.5234 12.3000
      vertex 81.4234 27.5234 0.0000
    endloop
  endfacet
  facet normal -0.972408 0.233287 0
    outer loop
      vertex 81.0483 23.2420 0.0000
      vertex 81.0483 23.2420 9.3000
      vertex 81.1618 23.7151 9.3000
    endloop
  endfacet
  facet normal 0 0 -1
    outer loop
      vertex 81.0483 23.2420 0.0000
      vertex 81.1618 23.7151 0.0000
      vertex 82.5700 22.7476 0.0000
    endloop
  endfacet
  facet normal -0.972408 0.233287 0
    outer loop
      vertex 81.0483 23.2420 0.0000
      vertex 81.1618 23.7151 9.3000
      vertex 81.1618 23.7151 0.0000
    endloop
  endfacet
  facet normal 0 0 -1
    outer loop
      vertex 81.0483 23.2420 0.0000
      vertex 82.5700 22.7476 0.0000
      vertex 82.2877 22.0662 0.0000
    endloop
  endfacet
  facet normal -0.972408 -0.233287 0
    outer loop
      vertex 81.0483 25.1580 0.0000
      vertex 81.1618 24.6849 0.0000
      vertex 81.0483 25.1580 9.3000
    endloop
  endfacet
  facet normal 0 0 -1
    outer loop
      vertex 81.0483 25.1580 0.0000
      vertex 82.0633 26.7000 0.0000
      vertex 81.1618 24.6849 0.0000
    endloop
  endfacet
  facet normal -0.972408 -0.233287 0
    outer loop
      vertex 81.0483 25.1580 9.3000
      vertex 81.1618 24.6849 0.0000
      vertex 81.1618 24.6849 9.3000
    endloop
  endfacet
  facet normal -0.996911 0.078536 0
    outer loop
      vertex 81.1618 23.7151 0.0000
      vertex 81.1618 23.7151 9.3000
      vertex 81.2000 24.2000 9.3000
    endloop
  endfacet
  facet normal 0 0 -1
    outer loop
      vertex 81.1618 23.7151 0.0000
      vertex 81.2000 24.2000 0.0000
      vertex 82.7606 23.7000 0.0000
    endloop
  endfacet
  facet normal -0.996911 0.078536 0
    outer loop
      vertex 81.1618 23.7151 0.0000
      vertex 81.2000 24.2000 9.3000
      vertex 81.2000 24.2000 0.0000
    endloop
  endfacet
  facet normal 0 0 -1
    outer loop
      vertex 81.1618 23.7151 0.0000
      vertex 82.7421 23.4648 0.0000
      vertex 82.5700 22.7476 0.0000
    endloop
  endfacet
  facet normal 0 0 -1
    outer loop
      vertex 81.1618 23.7151 0.0000
      vertex 82.7606 23.7000 0.0000
      vertex 82.7421 23.4648 0.0000
    endloop
  endfacet
  facet normal -0.996911 -0.078536 0
    outer loop
      vertex 81.1618 24.6849 0.0000
      vertex 81.2000 24.2000 0.0000
      vertex 81.1618 24.6849 9.3000
    endloop
  endfacet
  facet normal 0 0 -1
    outer loop
      vertex 81.1618 24.6849 0.0000
      vertex 82.0633 26.7000 0.0000
      vertex 82.7606 23.7000 0.0000
    endloop
  endfacet
  facet normal 0 0 -1
    outer loop
      vertex 81.1618 24.6849 0.0000
      vertex 82.7606 23.7000 0.0000
      vertex 81.2000 24.2000 0.0000
    endloop
  endfacet
  facet normal -0.996911 -0.078536 0
    outer loop
      vertex 81.1618 24.6849 9.3000
      vertex 81.2000 24.2000 0.0000
      vertex 81.2000 24.2000 9.3000
    endloop
  endfacet
  facet normal 0 1 0
    outer loop
      vertex 81.2166 20.7000 0.0000
      vertex 81.2166 20.7000 3.0000
      vertex 99.4000 20.7000 0.0000
    endloop
  endfacet
  facet normal 0.649397 -0.760449 0
    outer loop
      vertex 81.2166 20.7000 0.0000
      vertex 81.4234 20.8766 0.0000
      vertex 81.2166 20.7000 3.0000
    endloop
  endfacet
  facet normal 0 0 -1
    outer loop
      vertex 81.2166 20.7000 0.0000
      vertex 99.4000 20.7000 0.0000
      vertex 99.4000 17.7000 0.0000
    endloop
  endfacet
  facet normal 0.649397 -0.760449 0
    outer loop
      vertex 81.2166 20.7000 3.0000
      vertex 81.4234 20.8766 0.0000
      vertex 81.4234 20.8766 12.3000
    endloop
  endfacet
  facet normal 0 0 1
    outer loop
      vertex 81.2166 20.7000 3.0000
      vertex 99.4000 17.7000 3.0000
      vertex 99.4000 20.7000 3.0000
    endloop
  endfacet
  facet normal 0 1 0
    outer loop
      vertex 81.2166 20.7000 3.0000
      vertex 99.4000 20.7000 3.0000
      vertex 99.4000 20.7000 0.0000
    endloop
  endfacet
  facet normal 0.760385 -0.649473 0
    outer loop
      vertex 81.4234 20.8766 0.0000
      vertex 81.9024 21.4374 0.0000
      vertex 81.4234 20.8766 12.3000
    endloop
  endfacet
  facet normal 0.760385 -0.649473 0
    outer loop
      vertex 81.4234 20.8766 12.3000
      vertex 81.9024 21.4374 0.0000
      vertex 81.9024 21.4374 12.3000
    endloop
  endfacet
  facet normal 0.760385 0.649473 0
    outer loop
      vertex 81.4234 27.5234 0.0000
      vertex 81.4234 27.5234 12.3000
      vertex 81.9024 26.9626 12.3000
    endloop
  endfacet
  facet normal 0.760385 0.649473 0
    outer loop
      vertex 81.4234 27.5234 0.0000
      vertex 81.9024 26.9626 12.3000
      vertex 81.9024 26.9626 0.0000
    endloop
  endfacet
  facet normal 0.852658 -0.52247 0
    outer loop
      vertex 81.9024 21.4374 0.0000
      vertex 82.2877 22.0662 0.0000
      vertex 81.9024 21.4374 12.3000
    endloop
  endfacet
  facet normal 0.852658 -0.52247 0
    outer loop
      vertex 81.9024 21.4374 12.3000
      vertex 82.2877 22.0662 0.0000
      vertex 82.2877 22.0662 12.3000
    endloop
  endfacet
  facet normal 0.852671 0.522448 0
    outer loop
      vertex 81.9024 26.9626 0.0000
      vertex 81.9024 26.9626 12.3000
      vertex 82.0633 26.7000 3.0000
    endloop
  endfacet
  facet normal 0.852671 0.522448 0
    outer loop
      vertex 81.9024 26.9626 0.0000
      vertex 82.0633 26.7000 3.0000
      vertex 82.0633 26.7000 0.0000
    endloop
  endfacet
  facet normal 0.852658 0.52247 -0.000001
    outer loop
      vertex 81.9024 26.9626 12.3000
      vertex 82.2877 26.3338 12.3000
      vertex 82.0633 26.7000 3.0000
    endloop
  endfacet
  facet normal 0 1 0
    outer loop
      vertex 82.0633 26.7000 0.0000
      vertex 82.0633 26.7000 3.0000
      vertex 99.4000 26.7000 0.0000
    endloop
  endfacet
  facet normal 0 0 -1
    outer loop
      vertex 82.0633 26.7000 0.0000
      vertex 99.4000 26.7000 0.0000
      vertex 82.7606 23.7000 0.0000
    endloop
  endfacet
  facet normal 0 0 1
    outer loop
      vertex 82.0633 26.7000 3.0000
      vertex 82.2877 26.3338 3.0000
      vertex 99.4000 26.7000 3.0000
    endloop
  endfacet
  facet normal 0.852648 0.522486 0
    outer loop
      vertex 82.0633 26.7000 3.0000
      vertex 82.2877 26.3338 12.3000
      vertex 82.2877 26.3338 3.0000
    endloop
  endfacet
  facet normal 0 1 0
    outer loop
      vertex 82.0633 26.7000 3.0000
      vertex 99.4000 26.7000 3.0000
      vertex 99.4000 26.7000 0.0000
    endloop
  endfacet
  facet normal 0.923853 -0.382747 0
    outer loop
      vertex 82.2877 22.0662 0.0000
      vertex 82.5700 22.7476 0.0000
      vertex 82.2877 22.0662 12.3000
    endloop
  endfacet
  facet normal 0.923853 -0.382747 0
    outer loop
      vertex 82.2877 22.0662 12.3000
      vertex 82.5700 22.7476 0.0000
      vertex 82.5700 22.7476 12.3000
    endloop
  endfacet
  facet normal 0.923853 0.382747 0
    outer loop
      vertex 82.2877 26.3338 3.0000
      vertex 82.2877 26.3338 12.3000
      vertex 82.5700 25.6524 12.3000
    endloop
  endfacet
  facet normal 0 0 1
    outer loop
      vertex 82.2877 26.3338 3.0000
      vertex 82.5700 25.6524 3.0000
      vertex 99.4000 26.7000 3.0000
    endloop
  endfacet
  facet normal 0.923853 0.382747 0
    outer loop
      vertex 82.2877 26.3338 3.0000
      vertex 82.5700 25.6524 12.3000
      vertex 82.5700 25.6524 3.0000
    endloop
  endfacet
  facet normal 0.972396 -0.233337 0
    outer loop
      vertex 82.5700 22.7476 0.0000
      vertex 82.7421 23.4648 0.0000
      vertex 82.5700 22.7476 12.3000
    endloop
  endfacet
  facet normal 0.972396 -0.233337 0
    outer loop
      vertex 82.5700 22.7476 12.3000
      vertex 82.7421 23.4648 0.0000
      vertex 82.7421 23.4648 12.3000
    endloop
  endfacet
  facet normal 0.972396 0.233337 0
    outer loop
      vertex 82.5700 25.6524 3.0000
      vertex 82.5700 25.6524 12.3000
      vertex 82.7421 24.9352 12.3000
    endloop
  endfacet
  facet normal 0 0 1
    outer loop
      vertex 82.5700 25.6524 3.0000
      vertex 82.7421 24.9352 3.0000
      vertex 99.4000 26.7000 3.0000
    endloop
  endfacet
  facet normal 0.972396 0.233337 0
    outer loop
      vertex 82.5700 25.6524 3.0000
      vertex 82.7421 24.9352 12.3000
      vertex 82.7421 24.9352 3.0000
    endloop
  endfacet
  facet normal 0.996921 -0.078414 0
    outer loop
      vertex 82.7421 23.4648 0.0000
      vertex 82.7606 23.7000 0.0000
      vertex 82.7606 23.7000 3.0000
    endloop
  endfacet
  facet normal 0.996921 -0.078414 0
    outer loop
      vertex 82.7421 23.4648 0.0000
      vertex 82.7606 23.7000 3.0000
      vertex 82.7421 23.4648 12.3000
    endloop
  endfacet
  facet normal 0.996913 -0.078511 -0.000002
    outer loop
      vertex 82.7421 23.4648 12.3000
      vertex 82.7606 23.7000 3.0000
      vertex 82.8000 24.2000 12.3000
    endloop
  endfacet
  facet normal 0.996913 0.078511 0
    outer loop
      vertex 82.7421 24.9352 3.0000
      vertex 82.7421 24.9352 12.3000
      vertex 82.8000 24.2000 12.3000
    endloop
  endfacet
  facet normal 0 0 1
    outer loop
      vertex 82.7421 24.9352 3.0000
      vertex 82.8000 24.2000 3.0000
      vertex 99.4000 26.7000 3.0000
    endloop
  endfacet
  facet normal 0.996913 0.078511 0
    outer loop
      vertex 82.7421 24.9352 3.0000
      vertex 82.8000 24.2000 12.3000
      vertex 82.8000 24.2000 3.0000
    endloop
  endfacet
  facet normal 0 -1 0
    outer loop
      vertex 82.7606 23.7000 0.0000
      vertex 99.4000 23.7000 0.0000
      vertex 99.4000 23.7000 3.0000
    endloop
  endfacet
  facet normal 0 -1 0
    outer loop
      vertex 82.7606 23.7000 0.0000
      vertex 99.4000 23.7000 3.0000
      vertex 82.7606 23.7000 3.0000
    endloop
  endfacet
  facet normal 0 0 -1
    outer loop
      vertex 82.7606 23.7000 0.0000
      vertex 99.4000 26.7000 0.0000
      vertex 99.4000 23.7000 0.0000
    endloop
  endfacet
  facet normal 0.99691 -0.078556 0
    outer loop
      vertex 82.7606 23.7000 3.0000
      vertex 82.8000 24.2000 3.0000
      vertex 82.8000 24.2000 12.3000
    endloop
  endfacet
  facet normal 0 0 1
    outer loop
      vertex 82.7606 23.7000 3.0000
      vertex 99.4000 23.7000 3.0000
      vertex 82.8000 24.2000 3.0000
    endloop
  endfacet
  facet normal 0 0 1
    outer loop
      vertex 82.8000 24.2000 3.0000
      vertex 99.4000 23.7000 3.0000
      vertex 99.4000 26.7000 3.0000
    endloop
  endfacet
  facet normal -1 0 0
    outer loop
      vertex 99.4000 5.0000 0.0000
      vertex 99.4000 5.0000 3.0000
      vertex 99.4000 5.7000 3.0000
    endloop
  endfacet
  facet normal 0 0 -1
    outer loop
      vertex 99.4000 5.0000 0.0000
      vertex 99.4000 5.7000 0.0000
      vertex 103.4000 5.7000 0.0000
    endloop
  endfacet
  facet normal -1 0 0
    outer loop
      vertex 99.4000 5.0000 0.0000
      vertex 99.4000 5.7000 3.0000
      vertex 99.4000 5.7000 0.0000
    endloop
  endfacet
  facet normal 0 0 -1
    outer loop
      vertex 99.4000 5.0000 0.0000
      vertex 103.4000 5.0000 0.0000
      vertex 177.4000 0.0000 0.0000
    endloop
  endfacet
  facet normal 0 0 -1
    outer loop
      vertex 99.4000 5.0000 0.0000
      vertex 103.4000 5.7000 0.0000
      vertex 103.4000 5.0000 0.0000
    endloop
  endfacet
  facet normal 0 0 1
    outer loop
      vertex 99.4000 5.0000 3.0000
      vertex 103.4000 5.0000 3.0000
      vertex 99.4000 5.7000 3.0000
    endloop
  endfacet
  facet normal 0 0 1
    outer loop
      vertex 99.4000 5.0000 3.0000
      vertex 177.4000 0.0000 3.0000
      vertex 103.4000 5.0000 3.0000
    endloop
  endfacet
  facet normal 0 0 -1
    outer loop
      vertex 99.4000 5.7000 0.0000
      vertex 99.4000 8.7000 0.0000
      vertex 103.4000 8.7000 0.0000
    endloop
  endfacet
  facet normal 0 0 -1
    outer loop
      vertex 99.4000 5.7000 0.0000
      vertex 103.4000 8.7000 0.0000
      vertex 103.4000 5.7000 0.0000
    endloop
  endfacet
  facet normal 0 0 1
    outer loop
      vertex 99.4000 5.7000 3.0000
      vertex 103.4000 5.0000 3.0000
      vertex 103.4000 5.7000 3.0000
    endloop
  endfacet
  facet normal 0 0 1
    outer loop
      vertex 99.4000 5.7000 3.0000
      vertex 103.4000 5.7000 3.0000
      vertex 99.4000 8.7000 3.0000
    endloop
  endfacet
  facet normal -1 0 0
    outer loop
      vertex 99.4000 8.7000 0.0000
      vertex 99.4000 8.7000 3.0000
      vertex 99.4000 11.7000 3.0000
    endloop
  endfacet
  facet normal 0 0 -1
    outer loop
      vertex 99.4000 8.7000 0.0000
      vertex 99.4000 11.7000 0.0000
      vertex 103.4000 11.7000 0.0000
    endloop
  endfacet
  facet normal -1 0 0
    outer loop
      vertex 99.4000 8.7000 0.0000
      vertex 99.4000 11.7000 3.0000
      vertex 99.4000 11.7000 0.0000
    endloop
  endfacet
  facet normal 0 0 -1
    outer loop
      vertex 99.4000 8.7000 0.0000
      vertex 103.4000 11.7000 0.0000
      vertex 103.4000 8.7000 0.0000
    endloop
  endfacet
  facet normal 0 0 1
    outer loop
      vertex 99.4000 8.7000 3.0000
      vertex 103.4000 5.7000 3.0000
      vertex 103.4000 8.7000 3.0000
    endloop
  endfacet
  facet normal 0 0 1
    outer loop
      vertex 99.4000 8.7000 3.0000
      vertex 103.4000 8.7000 3.0000
      vertex 99.4000 11.7000 3.0000
    endloop
  endfacet
  facet normal 0 0 -1
    outer loop
      vertex 99.4000 11.7000 0.0000
      vertex 99.4000 14.7000 0.0000
      vertex 103.4000 14.7000 0.0000
    endloop
  endfacet
  facet normal 0 0 -1
    outer loop
      vertex 99.4000 11.7000 0.0000
      vertex 103.4000 14.7000 0.0000
      vertex 103.4000 11.7000 0.0000
    endloop
  endfacet
  facet normal 0 0 1
    outer loop
      vertex 99.4000 11.7000 3.0000
      vertex 103.4000 8.7000 3.0000
      vertex 103.4000 11.7000 3.0000
    endloop
  endfacet
  facet normal 0 0 1
    outer loop
      vertex 99.4000 11.7000 3.0000
      vertex 103.4000 11.7000 3.0000
      vertex 99.4000 14.7000 3.0000
    endloop
  endfacet
  facet normal -1 0 0
    outer loop
      vertex 99.4000 14.7000 0.0000
      vertex 99.4000 14.7000 3.0000
      vertex 99.4000 17.7000 3.0000
    endloop
  endfacet
  facet normal 0 0 -1
    outer loop
      vertex 99.4000 14.7000 0.0000
      vertex 99.4000 17.7000 0.0000
      vertex 103.4000 17.7000 0.0000
    endloop
  endfacet
  facet normal -1 0 0
    outer loop
      vertex 99.4000 14.7000 0.0000
      vertex 99.4000 17.7000 3.0000
      vertex 99.4000 17.7000 0.0000
    endloop
  endfacet
  facet normal 0 0 -1
    outer loop
      vertex 99.4000 14.7000 0.0000
      vertex 103.4000 17.7000 0.0000
      vertex 103.4000 14.7000 0.0000
    endloop
  endfacet
  facet normal 0 0 1
    outer loop
      vertex 99.4000 14.7000 3.0000
      vertex 103.4000 11.7000 3.0000
      vertex 103.4000 14.7000 3.0000
    endloop
  endfacet
  facet normal 0 0 1
    outer loop
      vertex 99.4000 14.7000 3.0000
      vertex 103.4000 14.7000 3.0000
      vertex 99.4000 17.7000 3.0000
    endloop
  endfacet
  facet normal 0 0 -1
    outer loop
      vertex 99.4000 17.7000 0.0000
      vertex 99.4000 20.7000 0.0000
      vertex 103.4000 20.7000 0.0000
    endloop
  endfacet
  facet normal 0 0 -1
    outer loop
      vertex 99.4000 17.7000 0.0000
      vertex 103.4000 20.7000 0.0000
      vertex 103.4000 17.7000 0.0000
    endloop
  endfacet
  facet normal 0 0 1
    outer loop
      vertex 99.4000 17.7000 3.0000
      vertex 103.4000 14.7000 3.0000
      vertex 103.4000 17.7000 3.0000
    endloop
  endfacet
  facet normal 0 0 1
    outer loop
      vertex 99.4000 17.7000 3.0000
      vertex 103.4000 17.7000 3.0000
      vertex 99.4000 20.7000 3.0000
    endloop
  endfacet
  facet normal -1 0 0
    outer loop
      vertex 99.4000 20.7000 0.0000
      vertex 99.4000 20.7000 3.0000
      vertex 99.4000 23.7000 3.0000
    endloop
  endfacet
  facet normal 0 0 -1
    outer loop
      vertex 99.4000 20.7000 0.0000
      vertex 99.4000 23.7000 0.0000
      vertex 103.4000 23.7000 0.0000
    endloop
  endfacet
  facet normal -1 0 0
    outer loop
      vertex 99.4000 20.7000 0.0000
      vertex 99.4000 23.7000 3.0000
      vertex 99.4000 23.7000 0.0000
    endloop
  endfacet
  facet normal 0 0 -1
    outer loop
      vertex 99.4000 20.7000 0.0000
      vertex 103.4000 23.7000 0.0000
      vertex 103.4000 20.7000 0.0000
    endloop
  endfacet
  facet normal 0 0 1
    outer loop
      vertex 99.4000 20.7000 3.0000
      vertex 103.4000 17.7000 3.0000
      vertex 103.4000 20.7000 3.0000
    endloop
  endfacet
  facet normal 0 0 1
    outer loop
      vertex 99.4000 20.7000 3.0000
      vertex 103.4000 20.7000 3.0000
      vertex 99.4000 23.7000 3.0000
    endloop
  endfacet
  facet normal 0 0 -1
    outer loop
      vertex 99.4000 23.7000 0.0000
      vertex 99.4000 26.7000 0.0000
      vertex 103.4000 26.7000 0.0000
    endloop
  endfacet
  facet normal 0 0 -1
    outer loop
      vertex 99.4000 23.7000 0.0000
      vertex 103.4000 26.7000 0.0000
      vertex 103.4000 23.7000 0.0000
    endloop
  endfacet
  facet normal 0 0 1
    outer loop
      vertex 99.4000 23.7000 3.0000
      vertex 103.4000 20.7000 3.0000
      vertex 103.4000 23.7000 3.0000
    endloop
  endfacet
  facet normal 0 0 1
    outer loop
      vertex 99.4000 23.7000 3.0000
      vertex 103.4000 23.7000 3.0000
      vertex 99.4000 26.7000 3.0000
    endloop
  endfacet
  facet normal -1 0 0
    outer loop
      vertex 99.4000 26.7000 0.0000
      vertex 99.4000 26.7000 3.0000
      vertex 99.4000 29.7000 3.0000
    endloop
  endfacet
  facet normal 0 0 -1
    outer loop
      vertex 99.4000 26.7000 0.0000
      vertex 99.4000 29.7000 0.0000
      vertex 103.4000 29.7000 0.0000
    endloop
  endfacet
  facet normal -1 0 0
    outer loop
      vertex 99.4000 26.7000 0.0000
      vertex 99.4000 29.7000 3.0000
      vertex 99.4000 29.7000 0.0000
    endloop
  endfacet
  facet normal 0 0 -1
    outer loop
      vertex 99.4000 26.7000 0.0000
      vertex 103.4000 29.7000 0.0000
      vertex 103.4000 26.7000 0.0000
    endloop
  endfacet
  facet normal 0 0 1
    outer loop
      vertex 99.4000 26.7000 3.0000
      vertex 103.4000 23.7000 3.0000
      vertex 103.4000 26.7000 3.0000
    endloop
  endfacet
  facet normal 0 0 1
    outer loop
      vertex 99.4000 26.7000 3.0000
      vertex 103.4000 26.7000 3.0000
      vertex 99.4000 29.7000 3.0000
    endloop
  endfacet
  facet normal 0 0 -1
    outer loop
      vertex 99.4000 29.7000 0.0000
      vertex 99.4000 32.7000 0.0000
      vertex 103.4000 32.7000 0.0000
    endloop
  endfacet
  facet normal 0 0 -1
    outer loop
      vertex 99.4000 29.7000 0.0000
      vertex 103.4000 32.7000 0.0000
      vertex 103.4000 29.7000 0.0000
    endloop
  endfacet
  facet normal 0 0 1
    outer loop
      vertex 99.4000 29.7000 3.0000
      vertex 103.4000 26.7000 3.0000
      vertex 103.4000 29.7000 3.0000
    endloop
  endfacet
  facet normal 0 0 1
    outer loop
      vertex 99.4000 29.7000 3.0000
      vertex 103.4000 29.7000 3.0000
      vertex 99.4000 32.7000 3.0000
    endloop
  endfacet
  facet normal -1 0 0
    outer loop
      vertex 99.4000 32.7000 0.0000
      vertex 99.4000 32.7000 3.0000
      vertex 99.4000 35.7000 3.0000
    endloop
  endfacet
  facet normal 0 0 -1
    outer loop
      vertex 99.4000 32.7000 0.0000
      vertex 99.4000 35.7000 0.0000
      vertex 103.4000 35.7000 0.0000
    endloop
  endfacet
  facet normal -1 0 0
    outer loop
      vertex 99.4000 32.7000 0.0000
      vertex 99.4000 35.7000 3.0000
      vertex 99.4000 35.7000 0.0000
    endloop
  endfacet
  facet normal 0 0 -1
    outer loop
      vertex 99.4000 32.7000 0.0000
      vertex 103.4000 35.7000 0.0000
      vertex 103.4000 32.7000 0.0000
    endloop
  endfacet
  facet normal 0 0 1
    outer loop
      vertex 99.4000 32.7000 3.0000
      vertex 103.4000 29.7000 3.0000
      vertex 103.4000 32.7000 3.0000
    endloop
  endfacet
  facet normal 0 0 1
    outer loop
      vertex 99.4000 32.7000 3.0000
      vertex 103.4000 32.7000 3.0000
      vertex 99.4000 35.7000 3.0000
    endloop
  endfacet
  facet normal 0 0 -1
    outer loop
      vertex 99.4000 35.7000 0.0000
      vertex 99.4000 38.7000 0.0000
      vertex 103.4000 38.7000 0.0000
    endloop
  endfacet
  facet normal 0 0 -1
    outer loop
      vertex 99.4000 35.7000 0.0000
      vertex 103.4000 38.7000 0.0000
      vertex 103.4000 35.7000 0.0000
    endloop
  endfacet
  facet normal 0 0 1
    outer loop
      vertex 99.4000 35.7000 3.0000
      vertex 103.4000 32.7000 3.0000
      vertex 103.4000 35.7000 3.0000
    endloop
  endfacet
  facet normal 0 0 1
    outer loop
      vertex 99.4000 35.7000 3.0000
      vertex 103.4000 35.7000 3.0000
      vertex 99.4000 38.7000 3.0000
    endloop
  endfacet
  facet normal -1 0 0
    outer loop
      vertex 99.4000 38.7000 0.0000
      vertex 99.4000 38.7000 3.0000
      vertex 99.4000 41.7000 3.0000
    endloop
  endfacet
  facet normal 0 0 -1
    outer loop
      vertex 99.4000 38.7000 0.0000
      vertex 99.4000 41.7000 0.0000
      vertex 103.4000 41.7000 0.0000
    endloop
  endfacet
  facet normal -1 0 0
    outer loop
      vertex 99.4000 38.7000 0.0000
      vertex 99.4000 41.7000 3.0000
      vertex 99.4000 41.7000 0.0000
    endloop
  endfacet
  facet normal 0 0 -1
    outer loop
      vertex 99.4000 38.7000 0.0000
      vertex 103.4000 41.7000 0.0000
      vertex 103.4000 38.7000 0.0000
    endloop
  endfacet
  facet normal 0 0 1
    outer loop
      vertex 99.4000 38.7000 3.0000
      vertex 103.4000 35.7000 3.0000
      vertex 103.4000 38.7000 3.0000
    endloop
  endfacet
  facet normal 0 0 1
    outer loop
      vertex 99.4000 38.7000 3.0000
      vertex 103.4000 38.7000 3.0000
      vertex 99.4000 41.7000 3.0000
    endloop
  endfacet
  facet normal 0 0 -1
    outer loop
      vertex 99.4000 41.7000 0.0000
      vertex 99.4000 44.7000 0.0000
      vertex 103.4000 44.7000 0.0000
    endloop
  endfacet
  facet normal 0 0 -1
    outer loop
      vertex 99.4000 41.7000 0.0000
      vertex 103.4000 44.7000 0.0000
      vertex 103.4000 41.7000 0.0000
    endloop
  endfacet
  facet normal 0 0 1
    outer loop
      vertex 99.4000 41.7000 3.0000
      vertex 103.4000 38.7000 3.0000
      vertex 103.4000 41.7000 3.0000
    endloop
  endfacet
  facet normal 0 0 1
    outer loop
      vertex 99.4000 41.7000 3.0000
      vertex 103.4000 41.7000 3.0000
      vertex 99.4000 44.7000 3.0000
    endloop
  endfacet
  facet normal -1 0 0
    outer loop
      vertex 99.4000 44.7000 0.0000
      vertex 99.4000 44.7000 3.0000
      vertex 99.4000 47.7000 3.0000
    endloop
  endfacet
  facet normal 0 0 -1
    outer loop
      vertex 99.4000 44.7000 0.0000
      vertex 99.4000 47.7000 0.0000
      vertex 103.4000 47.7000 0.0000
    endloop
  endfacet
  facet normal -1 0 0
    outer loop
      vertex 99.4000 44.7000 0.0000
      vertex 99.4000 47.7000 3.0000
      vertex 99.4000 47.7000 0.0000
    endloop
  endfacet
  facet normal 0 0 -1
    outer loop
      vertex 99.4000 44.7000 0.0000
      vertex 103.4000 47.7000 0.0000
      vertex 103.4000 44.7000 0.0000
    endloop
  endfacet
  facet normal 0 0 1
    outer loop
      vertex 99.4000 44.7000 3.0000
      vertex 103.4000 41.7000 3.0000
      vertex 103.4000 44.7000 3.0000
    endloop
  endfacet
  facet normal 0 0 1
    outer loop
      vertex 99.4000 44.7000 3.0000
      vertex 103.4000 44.7000 3.0000
      vertex 103.4000 47.7000 3.0000
    endloop
  endfacet
  facet normal 0 0 1
    outer loop
      vertex 99.4000 44.7000 3.0000
      vertex 103.4000 47.7000 3.0000
      vertex 99.4000 47.7000 3.0000
    endloop
  endfacet
  facet normal -1 0 0
    outer loop
      vertex 99.4000 94.7000 0.0000
      vertex 99.4000 94.7000 3.0000
      vertex 99.4000 97.7000 3.0000
    endloop
  endfacet
  facet normal 0 0 -1
    outer loop
      vertex 99.4000 94.7000 0.0000
      vertex 99.4000 97.7000 0.0000
      vertex 103.4000 94.7000 0.0000
    endloop
  endfacet
  facet normal -1 0 0
    outer loop
      vertex 99.4000 94.7000 0.0000
      vertex 99.4000 97.7000 3.0000
      vertex 99.4000 97.7000 0.0000
    endloop
  endfacet
  facet normal 0 0 1
    outer loop
      vertex 99.4000 94.7000 3.0000
      vertex 103.4000 94.7000 3.0000
      vertex 99.4000 97.7000 3.0000
    endloop
  endfacet
  facet normal 0 0 -1
    outer loop
      vertex 99.4000 97.7000 0.0000
      vertex 99.4000 100.7000 0.0000
      vertex 103.4000 100.7000 0.0000
    endloop
  endfacet
  facet normal 0 0 -1
    outer loop
      vertex 99.4000 97.7000 0.0000
      vertex 103.4000 97.7000 0.0000
      vertex 103.4000 94.7000 0.0000
    endloop
  endfacet
  facet normal 0 0 -1
    outer loop
      vertex 99.4000 97.7000 0.0000
      vertex 103.4000 100.7000 0.0000
      vertex 103.4000 97.7000 0.0000
    endloop
  endfacet
  facet normal 0 0 1
    outer loop
      vertex 99.4000 97.7000 3.0000
      vertex 103.4000 94.7000 3.0000
      vertex 103.4000 97.7000 3.0000
    endloop
  endfacet
  facet normal 0 0 1
    outer loop
      vertex 99.4000 97.7000 3.0000
      vertex 103.4000 97.7000 3.0000
      vertex 99.4000 100.7000 3.0000
    endloop
  endfacet
  facet normal -1 0 0
    outer loop
      vertex 99.4000 100.7000 0.0000
      vertex 99.4000 100.7000 3.0000
      vertex 99.4000 103.7000 3.0000
    endloop
  endfacet
  facet normal 0 0 -1
    outer loop
      vertex 99.4000 100.7000 0.0000
      vertex 99.4000 103.7000 0.0000
      vertex 103.4000 103.7000 0.0000
    endloop
  endfacet
  facet normal -1 0 0
    outer loop
      vertex 99.4000 100.7000 0.0000
      vertex 99.4000 103.7000 3.0000
      vertex 99.4000 103.7000 0.0000
    endloop
  endfacet
  facet normal 0 0 -1
    outer loop
      vertex 99.4000 100.7000 0.0000
      vertex 103.4000 103.7000 0.0000
      vertex 103.4000 100.7000 0.0000
    endloop
  endfacet
  facet normal 0 0 1
    outer loop
      vertex 99.4000 100.7000 3.0000
      vertex 103.4000 97.7000 3.0000
      vertex 103.4000 100.7000 3.0000
    endloop
  endfacet
  facet normal 0 0 1
    outer loop
      vertex 99.4000 100.7000 3.0000
      vertex 103.4000 100.7000 3.0000
      vertex 99.4000 103.7000 3.0000
    endloop
  endfacet
  facet normal 0 0 -1
    outer loop
      vertex 99.4000 103.7000 0.0000
      vertex 99.4000 106.7000 0.0000
      vertex 103.4000 106.7000 0.0000
    endloop
  endfacet
  facet normal 0 0 -1
    outer loop
      vertex 99.4000 103.7000 0.0000
      vertex 103.4000 106.7000 0.0000
      vertex 103.4000 103.7000 0.0000
    endloop
  endfacet
  facet normal 0 0 1
    outer loop
      vertex 99.4000 103.7000 3.0000
      vertex 103.4000 100.7000 3.0000
      vertex 103.4000 103.7000 3.0000
    endloop
  endfacet
  facet normal 0 0 1
    outer loop
      vertex 99.4000 103.7000 3.0000
      vertex 103.4000 103.7000 3.0000
      vertex 99.4000 106.7000 3.0000
    endloop
  endfacet
  facet normal -1 0 0
    outer loop
      vertex 99.4000 106.7000 0.0000
      vertex 99.4000 106.7000 3.0000
      vertex 99.4000 109.7000 3.0000
    endloop
  endfacet
  facet normal 0 0 -1
    outer loop
      vertex 99.4000 106.7000 0.0000
      vertex 99.4000 109.7000 0.0000
      vertex 103.4000 109.7000 0.0000
    endloop
  endfacet
  facet normal -1 0 0
    outer loop
      vertex 99.4000 106.7000 0.0000
      vertex 99.4000 109.7000 3.0000
      vertex 99.4000 109.7000 0.0000
    endloop
  endfacet
  facet normal 0 0 -1
    outer loop
      vertex 99.4000 106.7000 0.0000
      vertex 103.4000 109.7000 0.0000
      vertex 103.4000 106.7000 0.0000
    endloop
  endfacet
  facet normal 0 0 1
    outer loop
      vertex 99.4000 106.7000 3.0000
      vertex 103.4000 103.7000 3.0000
      vertex 103.4000 106.7000 3.0000
    endloop
  endfacet
  facet normal 0 0 1
    outer loop
      vertex 99.4000 106.7000 3.0000
      vertex 103.4000 106.7000 3.0000
      vertex 99.4000 109.7000 3.0000
    endloop
  endfacet
  facet normal 0 0 -1
    outer loop
      vertex 99.4000 109.7000 0.0000
      vertex 99.4000 112.7000 0.0000
      vertex 103.4000 112.7000 0.0000
    endloop
  endfacet
  facet normal 0 0 -1
    outer loop
      vertex 99.4000 109.7000 0.0000
      vertex 103.4000 112.7000 0.0000
      vertex 103.4000 109.7000 0.0000
    endloop
  endfacet
  facet normal 0 0 1
    outer loop
      vertex 99.4000 109.7000 3.0000
      vertex 103.4000 106.7000 3.0000
      vertex 103.4000 109.7000 3.0000
    endloop
  endfacet
  facet normal 0 0 1
    outer loop
      vertex 99.4000 109.7000 3.0000
      vertex 103.4000 109.7000 3.0000
      vertex 99.4000 112.7000 3.0000
    endloop
  endfacet
  facet normal -1 0 0
    outer loop
      vertex 99.4000 112.7000 0.0000
      vertex 99.4000 112.7000 3.0000
      vertex 99.4000 115.7000 3.0000
    endloop
  endfacet
  facet normal 0 0 -1
    outer loop
      vertex 99.4000 112.7000 0.0000
      vertex 99.4000 115.7000 0.0000
      vertex 103.4000 115.7000 0.0000
    endloop
  endfacet
  facet normal -1 0 0
    outer loop
      vertex 99.4000 112.7000 0.0000
      vertex 99.4000 115.7000 3.0000
      vertex 99.4000 115.7000 0.0000
    endloop
  endfacet
  facet normal 0 0 -1
    outer loop
      vertex 99.4000 112.7000 0.0000
      vertex 103.4000 115.7000 0.0000
      vertex 103.4000 112.7000 0.0000
    endloop
  endfacet
  facet normal 0 0 1
    outer loop
      vertex 99.4000 112.7000 3.0000
      vertex 103.4000 109.7000 3.0000
      vertex 103.4000 112.7000 3.0000
    endloop
  endfacet
  facet normal 0 0 1
    outer loop
      vertex 99.4000 112.7000 3.0000
      vertex 103.4000 112.7000 3.0000
      vertex 103.4000 115.7000 3.0000
    endloop
  endfacet
  facet normal 0 0 1
    outer loop
      vertex 99.4000 112.7000 3.0000
      vertex 103.4000 115.7000 3.0000
      vertex 99.4000 115.7000 3.0000
    endloop
  endfacet
  facet normal 0 0 -1
    outer loop
      vertex 99.4000 115.7000 0.0000
      vertex 177.4000 123.4000 0.0000
      vertex 103.4000 115.7000 0.0000
    endloop
  endfacet
  facet normal 0 0 1
    outer loop
      vertex 99.4000 115.7000 3.0000
      vertex 103.4000 115.7000 3.0000
      vertex 177.4000 123.4000 3.0000
    endloop
  endfacet
  facet normal 0 1 0
    outer loop
      vertex 103.4000 5.0000 0.0000
      vertex 103.4000 5.0000 3.0000
      vertex 123.4000 5.0000 0.0000
    endloop
  endfacet
  facet normal 1 0 0
    outer loop
      vertex 103.4000 5.0000 0.0000
      vertex 103.4000 5.7000 0.0000
      vertex 103.4000 5.0000 3.0000
    endloop
  endfacet
  facet normal 0 0 -1
    outer loop
      vertex 103.4000 5.0000 0.0000
      vertex 123.4000 5.0000 0.0000
      vertex 177.4000 0.0000 0.0000
    endloop
  endfacet
  facet normal 1 0 0
    outer loop
      vertex 103.4000 5.0000 3.0000
      vertex 103.4000 5.7000 0.0000
      vertex 103.4000 5.7000 3.0000
    endloop
  endfacet
  facet normal 0 1 0
    outer loop
      vertex 103.4000 5.0000 3.0000
      vertex 123.4000 5.0000 3.0000
      vertex 123.4000 5.0000 0.0000
    endloop
  endfacet
  facet normal 0 0 1
    outer loop
      vertex 103.4000 5.0000 3.0000
      vertex 177.4000 0.0000 3.0000
      vertex 123.4000 5.0000 3.0000
    endloop
  endfacet
  facet normal 0 0 -1
    outer loop
      vertex 103.4000 5.7000 0.0000
      vertex 103.4000 8.7000 0.0000
      vertex 123.4000 8.7000 0.0000
    endloop
  endfacet
  facet normal 0 -1 0
    outer loop
      vertex 103.4000 5.7000 0.0000
      vertex 123.4000 5.7000 0.0000
      vertex 123.4000 5.7000 3.0000
    endloop
  endfacet
  facet normal 0 -1 0
    outer loop
      vertex 103.4000 5.7000 0.0000
      vertex 123.4000 5.7000 3.0000
      vertex 103.4000 5.7000 3.0000
    endloop
  endfacet
  facet normal 0 0 -1
    outer loop
      vertex 103.4000 5.7000 0.0000
      vertex 123.4000 8.7000 0.0000
      vertex 123.4000 5.7000 0.0000
    endloop
  endfacet
  facet normal 0 0 1
    outer loop
      vertex 103.4000 5.7000 3.0000
      vertex 123.4000 5.7000 3.0000
      vertex 103.4000 8.7000 3.0000
    endloop
  endfacet
  facet normal 0 1 0
    outer loop
      vertex 103.4000 8.7000 0.0000
      vertex 103.4000 8.7000 3.0000
      vertex 123.4000 8.7000 0.0000
    endloop
  endfacet
  facet normal 1 0 0
    outer loop
      vertex 103.4000 8.7000 0.0000
      vertex 103.4000 11.7000 0.0000
      vertex 103.4000 8.7000 3.0000
    endloop
  endfacet
  facet normal 1 0 0
    outer loop
      vertex 103.4000 8.7000 3.0000
      vertex 103.4000 11.7000 0.0000
      vertex 103.4000 11.7000 3.0000
    endloop
  endfacet
  facet normal 0 0 1
    outer loop
      vertex 103.4000 8.7000 3.0000
      vertex 123.4000 5.7000 3.0000
      vertex 123.4000 8.7000 3.0000
    endloop
  endfacet
  facet normal 0 1 0
    outer loop
      vertex 103.4000 8.7000 3.0000
      vertex 123.4000 8.7000 3.0000
      vertex 123.4000 8.7000 0.0000
    endloop
  endfacet
  facet normal 0 0 -1
    outer loop
      vertex 103.4000 11.7000 0.0000
      vertex 103.4000 14.7000 0.0000
      vertex 123.4000 14.7000 0.0000
    endloop
  endfacet
  facet normal 0 -1 0
    outer loop
      vertex 103.4000 11.7000 0.0000
      vertex 123.4000 11.7000 0.0000
      vertex 123.4000 11.7000 3.0000
    endloop
  endfacet
  facet normal 0 -1 0
    outer loop
      vertex 103.4000 11.7000 0.0000
      vertex 123.4000 11.7000 3.0000
      vertex 103.4000 11.7000 3.0000
    endloop
  endfacet
  facet normal 0 0 -1
    outer loop
      vertex 103.4000 11.7000 0.0000
      vertex 123.4000 14.7000 0.0000
      vertex 123.4000 11.7000 0.0000
    endloop
  endfacet
  facet normal 0 0 1
    outer loop
      vertex 103.4000 11.7000 3.0000
      vertex 123.4000 11.7000 3.0000
      vertex 103.4000 14.7000 3.0000
    endloop
  endfacet
  facet normal 0 1 0
    outer loop
      vertex 103.4000 14.7000 0.0000
      vertex 103.4000 14.7000 3.0000
      vertex 123.4000 14.7000 0.0000
    endloop
  endfacet
  facet normal 1 0 0
    outer loop
      vertex 103.4000 14.7000 0.0000
      vertex 103.4000 17.7000 0.0000
      vertex 103.4000 14.7000 3.0000
    endloop
  endfacet
  facet normal 1 0 0
    outer loop
      vertex 103.4000 14.7000 3.0000
      vertex 103.4000 17.7000 0.0000
      vertex 103.4000 17.7000 3.0000
    endloop
  endfacet
  facet normal 0 0 1
    outer loop
      vertex 103.4000 14.7000 3.0000
      vertex 123.4000 11.7000 3.0000
      vertex 123.4000 14.7000 3.0000
    endloop
  endfacet
  facet normal 0 1 0
    outer loop
      vertex 103.4000 14.7000 3.0000
      vertex 123.4000 14.7000 3.0000
      vertex 123.4000 14.7000 0.0000
    endloop
  endfacet
  facet normal 0 0 -1
    outer loop
      vertex 103.4000 17.7000 0.0000
      vertex 103.4000 20.7000 0.0000
      vertex 123.4000 20.7000 0.0000
    endloop
  endfacet
  facet normal 0 -1 0
    outer loop
      vertex 103.4000 17.7000 0.0000
      vertex 123.4000 17.7000 0.0000
      vertex 123.4000 17.7000 3.0000
    endloop
  endfacet
  facet normal 0 -1 0
    outer loop
      vertex 103.4000 17.7000 0.0000
      vertex 123.4000 17.7000 3.0000
      vertex 103.4000 17.7000 3.0000
    endloop
  endfacet
  facet normal 0 0 -1
    outer loop
      vertex 103.4000 17.7000 0.0000
      vertex 123.4000 20.7000 0.0000
      vertex 123.4000 17.7000 0.0000
    endloop
  endfacet
  facet normal 0 0 1
    outer loop
      vertex 103.4000 17.7000 3.0000
      vertex 123.4000 17.7000 3.0000
      vertex 103.4000 20.7000 3.0000
    endloop
  endfacet
  facet normal 0 1 0
    outer loop
      vertex 103.4000 20.7000 0.0000
      vertex 103.4000 20.7000 3.0000
      vertex 123.4000 20.7000 0.0000
    endloop
  endfacet
  facet normal 1 0 0
    outer loop
      vertex 103.4000 20.7000 0.0000
      vertex 103.4000 23.7000 0.0000
      vertex 103.4000 20.7000 3.0000
    endloop
  endfacet
  facet normal 1 0 0
    outer loop
      vertex 103.4000 20.7000 3.0000
      vertex 103.4000 23.7000 0.0000
      vertex 103.4000 23.7000 3.0000
    endloop
  endfacet
  facet normal 0 0 1
    outer loop
      vertex 103.4000 20.7000 3.0000
      vertex 123.4000 17.7000 3.0000
      vertex 123.4000 20.7000 3.0000
    endloop
  endfacet
  facet normal 0 1 0
    outer loop
      vertex 103.4000 20.7000 3.0000
      vertex 123.4000 20.7000 3.0000
      vertex 123.4000 20.7000 0.0000
    endloop
  endfacet
  facet normal 0 0 -1
    outer loop
      vertex 103.4000 23.7000 0.0000
      vertex 103.4000 26.7000 0.0000
      vertex 123.4000 26.7000 0.0000
    endloop
  endfacet
  facet normal 0 -1 0
    outer loop
      vertex 103.4000 23.7000 0.0000
      vertex 123.4000 23.7000 0.0000
      vertex 123.4000 23.7000 3.0000
    endloop
  endfacet
  facet normal 0 -1 0
    outer loop
      vertex 103.4000 23.7000 0.0000
      vertex 123.4000 23.7000 3.0000
      vertex 103.4000 23.7000 3.0000
    endloop
  endfacet
  facet normal 0 0 -1
    outer loop
      vertex 103.4000 23.7000 0.0000
      vertex 123.4000 26.7000 0.0000
      vertex 123.4000 23.7000 0.0000
    endloop
  endfacet
  facet normal 0 0 1
    outer loop
      vertex 103.4000 23.7000 3.0000
      vertex 123.4000 23.7000 3.0000
      vertex 103.4000 26.7000 3.0000
    endloop
  endfacet
  facet normal 0 1 0
    outer loop
      vertex 103.4000 26.7000 0.0000
      vertex 103.4000 26.7000 3.0000
      vertex 123.4000 26.7000 0.0000
    endloop
  endfacet
  facet normal 1 0 0
    outer loop
      vertex 103.4000 26.7000 0.0000
      vertex 103.4000 29.7000 0.0000
      vertex 103.4000 26.7000 3.0000
    endloop
  endfacet
  facet normal 1 0 0
    outer loop
      vertex 103.4000 26.7000 3.0000
      vertex 103.4000 29.7000 0.0000
      vertex 103.4000 29.7000 3.0000
    endloop
  endfacet
  facet normal 0 0 1
    outer loop
      vertex 103.4000 26.7000 3.0000
      vertex 123.4000 23.7000 3.0000
      vertex 123.4000 26.7000 3.0000
    endloop
  endfacet
  facet normal 0 1 0
    outer loop
      vertex 103.4000 26.7000 3.0000
      vertex 123.4000 26.7000 3.0000
      vertex 123.4000 26.7000 0.0000
    endloop
  endfacet
  facet normal 0 0 -1
    outer loop
      vertex 103.4000 29.7000 0.0000
      vertex 103.4000 32.7000 0.0000
      vertex 123.4000 32.7000 0.0000
    endloop
  endfacet
  facet normal 0 -1 0
    outer loop
      vertex 103.4000 29.7000 0.0000
      vertex 123.4000 29.7000 0.0000
      vertex 123.4000 29.7000 3.0000
    endloop
  endfacet
  facet normal 0 -1 0
    outer loop
      vertex 103.4000 29.7000 0.0000
      vertex 123.4000 29.7000 3.0000
      vertex 103.4000 29.7000 3.0000
    endloop
  endfacet
  facet normal 0 0 -1
    outer loop
      vertex 103.4000 29.7000 0.0000
      vertex 123.4000 32.7000 0.0000
      vertex 123.4000 29.7000 0.0000
    endloop
  endfacet
  facet normal 0 0 1
    outer loop
      vertex 103.4000 29.7000 3.0000
      vertex 123.4000 29.7000 3.0000
      vertex 103.4000 32.7000 3.0000
    endloop
  endfacet
  facet normal 0 1 0
    outer loop
      vertex 103.4000 32.7000 0.0000
      vertex 103.4000 32.7000 3.0000
      vertex 123.4000 32.7000 0.0000
    endloop
  endfacet
  facet normal 1 0 0
    outer loop
      vertex 103.4000 32.7000 0.0000
      vertex 103.4000 35.7000 0.0000
      vertex 103.4000 32.7000 3.0000
    endloop
  endfacet
  facet normal 1 0 0
    outer loop
      vertex 103.4000 32.7000 3.0000
      vertex 103.4000 35.7000 0.0000
      vertex 103.4000 35.7000 3.0000
    endloop
  endfacet
  facet normal 0 0 1
    outer loop
      vertex 103.4000 32.7000 3.0000
      vertex 123.4000 29.7000 3.0000
      vertex 123.4000 32.7000 3.0000
    endloop
  endfacet
  facet normal 0 1 0
    outer loop
      vertex 103.4000 32.7000 3.0000
      vertex 123.4000 32.7000 3.0000
      vertex 123.4000 32.7000 0.0000
    endloop
  endfacet
  facet normal 0 0 -1
    outer loop
      vertex 103.4000 35.7000 0.0000
      vertex 103.4000 38.7000 0.0000
      vertex 123.4000 38.7000 0.0000
    endloop
  endfacet
  facet normal 0 -1 0
    outer loop
      vertex 103.4000 35.7000 0.0000
      vertex 123.4000 35.7000 0.0000
      vertex 123.4000 35.7000 3.0000
    endloop
  endfacet
  facet normal 0 -1 0
    outer loop
      vertex 103.4000 35.7000 0.0000
      vertex 123.4000 35.7000 3.0000
      vertex 103.4000 35.7000 3.0000
    endloop
  endfacet
  facet normal 0 0 -1
    outer loop
      vertex 103.4000 35.7000 0.0000
      vertex 123.4000 38.7000 0.0000
      vertex 123.4000 35.7000 0.0000
    endloop
  endfacet
  facet normal 0 0 1
    outer loop
      vertex 103.4000 35.7000 3.0000
      vertex 123.4000 35.7000 3.0000
      vertex 103.4000 38.7000 3.0000
    endloop
  endfacet
  facet normal 0 1 0
    outer loop
      vertex 103.4000 38.7000 0.0000
      vertex 103.4000 38.7000 3.0000
      vertex 123.4000 38.7000 0.0000
    endloop
  endfacet
  facet normal 1 0 0
    outer loop
      vertex 103.4000 38.7000 0.0000
      vertex 103.4000 41.7000 0.0000
      vertex 103.4000 38.7000 3.0000
    endloop
  endfacet
  facet normal 1 0 0
    outer loop
      vertex 103.4000 38.7000 3.0000
      vertex 103.4000 41.7000 0.0000
      vertex 103.4000 41.7000 3.0000
    endloop
  endfacet
  facet normal 0 0 1
    outer loop
      vertex 103.4000 38.7000 3.0000
      vertex 123.4000 35.7000 3.0000
      vertex 123.4000 38.7000 3.0000
    endloop
  endfacet
  facet normal 0 1 0
    outer loop
      vertex 103.4000 38.7000 3.0000
      vertex 123.4000 38.7000 3.0000
      vertex 123.4000 38.7000 0.0000
    endloop
  endfacet
  facet normal 0 0 -1
    outer loop
      vertex 103.4000 41.7000 0.0000
      vertex 103.4000 44.7000 0.0000
      vertex 123.4000 44.7000 0.0000
    endloop
  endfacet
  facet normal 0 -1 0
    outer loop
      vertex 103.4000 41.7000 0.0000
      vertex 123.4000 41.7000 0.0000
      vertex 123.4000 41.7000 3.0000
    endloop
  endfacet
  facet normal 0 -1 0
    outer loop
      vertex 103.4000 41.7000 0.0000
      vertex 123.4000 41.7000 3.0000
      vertex 103.4000 41.7000 3.0000
    endloop
  endfacet
  facet normal 0 0 -1
    outer loop
      vertex 103.4000 41.7000 0.0000
      vertex 123.4000 44.7000 0.0000
      vertex 123.4000 41.7000 0.0000
    endloop
  endfacet
  facet normal 0 0 1
    outer loop
      vertex 103.4000 41.7000 3.0000
      vertex 123.4000 41.7000 3.0000
      vertex 103.4000 44.7000 3.0000
    endloop
  endfacet
  facet normal 0 1 0
    outer loop
      vertex 103.4000 44.7000 0.0000
      vertex 103.4000 44.7000 3.0000
      vertex 123.4000 44.7000 0.0000
    endloop
  endfacet
  facet normal 1 0 0
    outer loop
      vertex 103.4000 44.7000 0.0000
      vertex 103.4000 47.7000 0.0000
      vertex 103.4000 44.7000 3.0000
    endloop
  endfacet
  facet normal 1 0 0
    outer loop
      vertex 103.4000 44.7000 3.0000
      vertex 103.4000 47.7000 0.0000
      vertex 103.4000 47.7000 3.0000
    endloop
  endfacet
  facet normal 0 0 1
    outer loop
      vertex 103.4000 44.7000 3.0000
      vertex 123.4000 41.7000 3.0000
      vertex 123.4000 44.7000 3.0000
    endloop
  endfacet
  facet normal 0 1 0
    outer loop
      vertex 103.4000 44.7000 3.0000
      vertex 123.4000 44.7000 3.0000
      vertex 123.4000 44.7000 0.0000
    endloop
  endfacet
  facet normal 0 -1 0
    outer loop
      vertex 103.4000 47.7000 0.0000
      vertex 123.4000 47.7000 0.0000
      vertex 123.4000 47.7000 3.0000
    endloop
  endfacet
  facet normal 0 -1 0
    outer loop
      vertex 103.4000 47.7000 0.0000
      vertex 123.4000 47.7000 3.0000
      vertex 103.4000 47.7000 3.0000
    endloop
  endfacet
  facet normal 0 0 -1
    outer loop
      vertex 103.4000 47.7000 0.0000
      vertex 162.8000 50.3800 0.0000
      vertex 123.4000 47.7000 0.0000
    endloop
  endfacet
  facet normal 0 0 1
    outer loop
      vertex 103.4000 47.7000 3.0000
      vertex 123.4000 47.7000 3.0000
      vertex 162.8000 50.3800 3.0000
    endloop
  endfacet
  facet normal 0 1 0
    outer loop
      vertex 103.4000 94.7000 0.0000
      vertex 103.4000 94.7000 3.0000
      vertex 123.4000 94.7000 0.0000
    endloop
  endfacet
  facet normal 1 0 0
    outer loop
      vertex 103.4000 94.7000 0.0000
      vertex 103.4000 97.7000 0.0000
      vertex 103.4000 94.7000 3.0000
    endloop
  endfacet
  facet normal 0 0 -1
    outer loop
      vertex 103.4000 94.7000 0.0000
      vertex 123.4000 94.7000 0.0000
      vertex 159.8000 71.8000 0.0000
    endloop
  endfacet
  facet normal 1 0 0
    outer loop
      vertex 103.4000 94.7000 3.0000
      vertex 103.4000 97.7000 0.0000
      vertex 103.4000 97.7000 3.0000
    endloop
  endfacet
  facet normal 0 1 0
    outer loop
      vertex 103.4000 94.7000 3.0000
      vertex 123.4000 94.7000 3.0000
      vertex 123.4000 94.7000 0.0000
    endloop
  endfacet
  facet normal 0 0 1
    outer loop
      vertex 103.4000 94.7000 3.0000
      vertex 159.8000 71.8000 3.0000
      vertex 123.4000 94.7000 3.0000
    endloop
  endfacet
  facet normal 0 0 -1
    outer loop
      vertex 103.4000 97.7000 0.0000
      vertex 103.4000 100.7000 0.0000
      vertex 123.4000 100.7000 0.0000
    endloop
  endfacet
  facet normal 0 -1 0
    outer loop
      vertex 103.4000 97.7000 0.0000
      vertex 123.4000 97.7000 0.0000
      vertex 123.4000 97.7000 3.0000
    endloop
  endfacet
  facet normal 0 -1 0
    outer loop
      vertex 103.4000 97.7000 0.0000
      vertex 123.4000 97.7000 3.0000
      vertex 103.4000 97.7000 3.0000
    endloop
  endfacet
  facet normal 0 0 -1
    outer loop
      vertex 103.4000 97.7000 0.0000
      vertex 123.4000 100.7000 0.0000
      vertex 123.4000 97.7000 0.0000
    endloop
  endfacet
  facet normal 0 0 1
    outer loop
      vertex 103.4000 97.7000 3.0000
      vertex 123.4000 97.7000 3.0000
      vertex 103.4000 100.7000 3.0000
    endloop
  endfacet
  facet normal 0 1 0
    outer loop
      vertex 103.4000 100.7000 0.0000
      vertex 103.4000 100.7000 3.0000
      vertex 123.4000 100.7000 0.0000
    endloop
  endfacet
  facet normal 1 0 0
    outer loop
      vertex 103.4000 100.7000 0.0000
      vertex 103.4000 103.7000 0.0000
      vertex 103.4000 100.7000 3.0000
    endloop
  endfacet
  facet normal 1 0 0
    outer loop
      vertex 103.4000 100.7000 3.0000
      vertex 103.4000 103.7000 0.0000
      vertex 103.4000 103.7000 3.0000
    endloop
  endfacet
  facet normal 0 0 1
    outer loop
      vertex 103.4000 100.7000 3.0000
      vertex 123.4000 97.7000 3.0000
      vertex 123.4000 100.7000 3.0000
    endloop
  endfacet
  facet normal 0 1 0
    outer loop
      vertex 103.4000 100.7000 3.0000
      vertex 123.4000 100.7000 3.0000
      vertex 123.4000 100.7000 0.0000
    endloop
  endfacet
  facet normal 0 0 -1
    outer loop
      vertex 103.4000 103.7000 0.0000
      vertex 103.4000 106.7000 0.0000
      vertex 123.4000 106.7000 0.0000
    endloop
  endfacet
  facet normal 0 -1 0
    outer loop
      vertex 103.4000 103.7000 0.0000
      vertex 123.4000 103.7000 0.0000
      vertex 123.4000 103.7000 3.0000
    endloop
  endfacet
  facet normal 0 -1 0
    outer loop
      vertex 103.4000 103.7000 0.0000
      vertex 123.4000 103.7000 3.0000
      vertex 103.4000 103.7000 3.0000
    endloop
  endfacet
  facet normal 0 0 -1
    outer loop
      vertex 103.4000 103.7000 0.0000
      vertex 123.4000 106.7000 0.0000
      vertex 123.4000 103.7000 0.0000
    endloop
  endfacet
  facet normal 0 0 1
    outer loop
      vertex 103.4000 103.7000 3.0000
      vertex 123.4000 103.7000 3.0000
      vertex 103.4000 106.7000 3.0000
    endloop
  endfacet
  facet normal 0 1 0
    outer loop
      vertex 103.4000 106.7000 0.0000
      vertex 103.4000 106.7000 3.0000
      vertex 123.4000 106.7000 0.0000
    endloop
  endfacet
  facet normal 1 0 0
    outer loop
      vertex 103.4000 106.7000 0.0000
      vertex 103.4000 109.7000 0.0000
      vertex 103.4000 106.7000 3.0000
    endloop
  endfacet
  facet normal 1 0 0
    outer loop
      vertex 103.4000 106.7000 3.0000
      vertex 103.4000 109.7000 0.0000
      vertex 103.4000 109.7000 3.0000
    endloop
  endfacet
  facet normal 0 0 1
    outer loop
      vertex 103.4000 106.7000 3.0000
      vertex 123.4000 103.7000 3.0000
      vertex 123.4000 106.7000 3.0000
    endloop
  endfacet
  facet normal 0 1 0
    outer loop
      vertex 103.4000 106.7000 3.0000
      vertex 123.4000 106.7000 3.0000
      vertex 123.4000 106.7000 0.0000
    endloop
  endfacet
  facet normal 0 0 -1
    outer loop
      vertex 103.4000 109.7000 0.0000
      vertex 103.4000 112.7000 0.0000
      vertex 123.4000 112.7000 0.0000
    endloop
  endfacet
  facet normal 0 -1 0
    outer loop
      vertex 103.4000 109.7000 0.0000
      vertex 123.4000 109.7000 0.0000
      vertex 123.4000 109.7000 3.0000
    endloop
  endfacet
  facet normal 0 -1 0
    outer loop
      vertex 103.4000 109.7000 0.0000
      vertex 123.4000 109.7000 3.0000
      vertex 103.4000 109.7000 3.0000
    endloop
  endfacet
  facet normal 0 0 -1
    outer loop
      vertex 103.4000 109.7000 0.0000
      vertex 123.4000 112.7000 0.0000
      vertex 123.4000 109.7000 0.0000
    endloop
  endfacet
  facet normal 0 0 1
    outer loop
      vertex 103.4000 109.7000 3.0000
      vertex 123.4000 109.7000 3.0000
      vertex 103.4000 112.7000 3.0000
    endloop
  endfacet
  facet normal 0 1 0
    outer loop
      vertex 103.4000 112.7000 0.0000
      vertex 103.4000 112.7000 3.0000
      vertex 123.4000 112.7000 0.0000
    endloop
  endfacet
  facet normal 1 0 0
    outer loop
      vertex 103.4000 112.7000 0.0000
      vertex 103.4000 115.7000 0.0000
      vertex 103.4000 112.7000 3.0000
    endloop
  endfacet
  facet normal 1 0 0
    outer loop
      vertex 103.4000 112.7000 3.0000
      vertex 103.4000 115.7000 0.0000
      vertex 103.4000 115.7000 3.0000
    endloop
  endfacet
  facet normal 0 0 1
    outer loop
      vertex 103.4000 112.7000 3.0000
      vertex 123.4000 109.7000 3.0000
      vertex 123.4000 112.7000 3.0000
    endloop
  endfacet
  facet normal 0 1 0
    outer loop
      vertex 103.4000 112.7000 3.0000
      vertex 123.4000 112.7000 3.0000
      vertex 123.4000 112.7000 0.0000
    endloop
  endfacet
  facet normal 0 -1 0
    outer loop
      vertex 103.4000 115.7000 0.0000
      vertex 123.4000 115.7000 0.0000
      vertex 123.4000 115.7000 3.0000
    endloop
  endfacet
  facet normal 0 -1 0
    outer loop
      vertex 103.4000 115.7000 0.0000
      vertex 123.4000 115.7000 3.0000
      vertex 103.4000 115.7000 3.0000
    endloop
  endfacet
  facet normal 0 0 -1
    outer loop
      vertex 103.4000 115.7000 0.0000
      vertex 177.4000 123.4000 0.0000
      vertex 123.4000 115.7000 0.0000
    endloop
  endfacet
  facet normal 0 0 1
    outer loop
      vertex 103.4000 115.7000 3.0000
      vertex 123.4000 115.7000 3.0000
      vertex 177.4000 123.4000 3.0000
    endloop
  endfacet
  facet normal -1 0 0
    outer loop
      vertex 123.4000 5.0000 0.0000
      vertex 123.4000 5.0000 3.0000
      vertex 123.4000 5.7000 3.0000
    endloop
  endfacet
  facet normal 0 0 -1
    outer loop
      vertex 123.4000 5.0000 0.0000
      vertex 123.4000 5.7000 0.0000
      vertex 127.4000 5.7000 0.0000
    endloop
  endfacet
  facet normal -1 0 0
    outer loop
      vertex 123.4000 5.0000 0.0000
      vertex 123.4000 5.7000 3.0000
      vertex 123.4000 5.7000 0.0000
    endloop
  endfacet
  facet normal 0 0 -1
    outer loop
      vertex 123.4000 5.0000 0.0000
      vertex 127.4000 5.0000 0.0000
      vertex 177.4000 0.0000 0.0000
    endloop
  endfacet
  facet normal 0 0 -1
    outer loop
      vertex 123.4000 5.0000 0.0000
      vertex 127.4000 5.7000 0.0000
      vertex 127.4000 5.0000 0.0000
    endloop
  endfacet
  facet normal 0 0 1
    outer loop
      vertex 123.4000 5.0000 3.0000
      vertex 127.4000 5.0000 3.0000
      vertex 123.4000 5.7000 3.0000
    endloop
  endfacet
  facet normal 0 0 1
    outer loop
      vertex 123.4000 5.0000 3.0000
      vertex 177.4000 0.0000 3.0000
      vertex 127.4000 5.0000 3.0000
    endloop
  endfacet
  facet normal 0 0 -1
    outer loop
      vertex 123.4000 5.7000 0.0000
      vertex 123.4000 8.7000 0.0000
      vertex 127.4000 8.7000 0.0000
    endloop
  endfacet
  facet normal 0 0 -1
    outer loop
      vertex 123.4000 5.7000 0.0000
      vertex 127.4000 8.7000 0.0000
      vertex 127.4000 5.7000 0.0000
    endloop
  endfacet
  facet normal 0 0 1
    outer loop
      vertex 123.4000 5.7000 3.0000
      vertex 127.4000 5.0000 3.0000
      vertex 127.4000 5.7000 3.0000
    endloop
  endfacet
  facet normal 0 0 1
    outer loop
      vertex 123.4000 5.7000 3.0000
      vertex 127.4000 5.7000 3.0000
      vertex 123.4000 8.7000 3.0000
    endloop
  endfacet
  facet normal -1 0 0
    outer loop
      vertex 123.4000 8.7000 0.0000
      vertex 123.4000 8.7000 3.0000
      vertex 123.4000 11.7000 3.0000
    endloop
  endfacet
  facet normal 0 0 -1
    outer loop
      vertex 123.4000 8.7000 0.0000
      vertex 123.4000 11.7000 0.0000
      vertex 127.4000 11.7000 0.0000
    endloop
  endfacet
  facet normal -1 0 0
    outer loop
      vertex 123.4000 8.7000 0.0000
      vertex 123.4000 11.7000 3.0000
      vertex 123.4000 11.7000 0.0000
    endloop
  endfacet
  facet normal 0 0 -1
    outer loop
      vertex 123.4000 8.7000 0.0000
      vertex 127.4000 11.7000 0.0000
      vertex 127.4000 8.7000 0.0000
    endloop
  endfacet
  facet normal 0 0 1
    outer loop
      vertex 123.4000 8.7000 3.0000
      vertex 127.4000 5.7000 3.0000
      vertex 127.4000 8.7000 3.0000
    endloop
  endfacet
  facet normal 0 0 1
    outer loop
      vertex 123.4000 8.7000 3.0000
      vertex 127.4000 8.7000 3.0000
      vertex 123.4000 11.7000 3.0000
    endloop
  endfacet
  facet normal 0 0 -1
    outer loop
      vertex 123.4000 11.7000 0.0000
      vertex 123.4000 14.7000 0.0000
      vertex 127.4000 14.7000 0.0000
    endloop
  endfacet
  facet normal 0 0 -1
    outer loop
      vertex 123.4000 11.7000 0.0000
      vertex 127.4000 14.7000 0.0000
      vertex 127.4000 11.7000 0.0000
    endloop
  endfacet
  facet normal 0 0 1
    outer loop
      vertex 123.4000 11.7000 3.0000
      vertex 127.4000 8.7000 3.0000
      vertex 127.4000 11.7000 3.0000
    endloop
  endfacet
  facet normal 0 0 1
    outer loop
      vertex 123.4000 11.7000 3.0000
      vertex 127.4000 11.7000 3.0000
      vertex 123.4000 14.7000 3.0000
    endloop
  endfacet
  facet normal -1 0 0
    outer loop
      vertex 123.4000 14.7000 0.0000
      vertex 123.4000 14.7000 3.0000
      vertex 123.4000 17.7000 3.0000
    endloop
  endfacet
  facet normal 0 0 -1
    outer loop
      vertex 123.4000 14.7000 0.0000
      vertex 123.4000 17.7000 0.0000
      vertex 127.4000 17.7000 0.0000
    endloop
  endfacet
  facet normal -1 0 0
    outer loop
      vertex 123.4000 14.7000 0.0000
      vertex 123.4000 17.7000 3.0000
      vertex 123.4000 17.7000 0.0000
    endloop
  endfacet
  facet normal 0 0 -1
    outer loop
      vertex 123.4000 14.7000 0.0000
      vertex 127.4000 17.7000 0.0000
      vertex 127.4000 14.7000 0.0000
    endloop
  endfacet
  facet normal 0 0 1
    outer loop
      vertex 123.4000 14.7000 3.0000
      vertex 127.4000 11.7000 3.0000
      vertex 127.4000 14.7000 3.0000
    endloop
  endfacet
  facet normal 0 0 1
    outer loop
      vertex 123.4000 14.7000 3.0000
      vertex 127.4000 14.7000 3.0000
      vertex 123.4000 17.7000 3.0000
    endloop
  endfacet
  facet normal 0 0 -1
    outer loop
      vertex 123.4000 17.7000 0.0000
      vertex 123.4000 20.7000 0.0000
      vertex 127.4000 20.7000 0.0000
    endloop
  endfacet
  facet normal 0 0 -1
    outer loop
      vertex 123.4000 17.7000 0.0000
      vertex 127.4000 20.7000 0.0000
      vertex 127.4000 17.7000 0.0000
    endloop
  endfacet
  facet normal 0 0 1
    outer loop
      vertex 123.4000 17.7000 3.0000
      vertex 127.4000 14.7000 3.0000
      vertex 127.4000 17.7000 3.0000
    endloop
  endfacet
  facet normal 0 0 1
    outer loop
      vertex 123.4000 17.7000 3.0000
      vertex 127.4000 17.7000 3.0000
      vertex 123.4000 20.7000 3.0000
    endloop
  endfacet
  facet normal -1 0 0
    outer loop
      vertex 123.4000 20.7000 0.0000
      vertex 123.4000 20.7000 3.0000
      vertex 123.4000 23.7000 3.0000
    endloop
  endfacet
  facet normal 0 0 -1
    outer loop
      vertex 123.4000 20.7000 0.0000
      vertex 123.4000 23.7000 0.0000
      vertex 127.4000 23.7000 0.0000
    endloop
  endfacet
  facet normal -1 0 0
    outer loop
      vertex 123.4000 20.7000 0.0000
      vertex 123.4000 23.7000 3.0000
      vertex 123.4000 23.7000 0.0000
    endloop
  endfacet
  facet normal 0 0 -1
    outer loop
      vertex 123.4000 20.7000 0.0000
      vertex 127.4000 23.7000 0.0000
      vertex 127.4000 20.7000 0.0000
    endloop
  endfacet
  facet normal 0 0 1
    outer loop
      vertex 123.4000 20.7000 3.0000
      vertex 127.4000 17.7000 3.0000
      vertex 127.4000 20.7000 3.0000
    endloop
  endfacet
  facet normal 0 0 1
    outer loop
      vertex 123.4000 20.7000 3.0000
      vertex 127.4000 20.7000 3.0000
      vertex 123.4000 23.7000 3.0000
    endloop
  endfacet
  facet normal 0 0 -1
    outer loop
      vertex 123.4000 23.7000 0.0000
      vertex 123.4000 26.7000 0.0000
      vertex 127.4000 26.7000 0.0000
    endloop
  endfacet
  facet normal 0 0 -1
    outer loop
      vertex 123.4000 23.7000 0.0000
      vertex 127.4000 26.7000 0.0000
      vertex 127.4000 23.7000 0.0000
    endloop
  endfacet
  facet normal 0 0 1
    outer loop
      vertex 123.4000 23.7000 3.0000
      vertex 127.4000 20.7000 3.0000
      vertex 127.4000 23.7000 3.0000
    endloop
  endfacet
  facet normal 0 0 1
    outer loop
      vertex 123.4000 23.7000 3.0000
      vertex 127.4000 23.7000 3.0000
      vertex 123.4000 26.7000 3.0000
    endloop
  endfacet
  facet normal -1 0 0
    outer loop
      vertex 123.4000 26.7000 0.0000
      vertex 123.4000 26.7000 3.0000
      vertex 123.4000 29.7000 3.0000
    endloop
  endfacet
  facet normal 0 0 -1
    outer loop
      vertex 123.4000 26.7000 0.0000
      vertex 123.4000 29.7000 0.0000
      vertex 127.4000 29.7000 0.0000
    endloop
  endfacet
  facet normal -1 0 0
    outer loop
      vertex 123.4000 26.7000 0.0000
      vertex 123.4000 29.7000 3.0000
      vertex 123.4000 29.7000 0.0000
    endloop
  endfacet
  facet normal 0 0 -1
    outer loop
      vertex 123.4000 26.7000 0.0000
      vertex 127.4000 29.7000 0.0000
      vertex 127.4000 26.7000 0.0000
    endloop
  endfacet
  facet normal 0 0 1
    outer loop
      vertex 123.4000 26.7000 3.0000
      vertex 127.4000 23.7000 3.0000
      vertex 127.4000 26.7000 3.0000
    endloop
  endfacet
  facet normal 0 0 1
    outer loop
      vertex 123.4000 26.7000 3.0000
      vertex 127.4000 26.7000 3.0000
      vertex 123.4000 29.7000 3.0000
    endloop
  endfacet
  facet normal 0 0 -1
    outer loop
      vertex 123.4000 29.7000 0.0000
      vertex 123.4000 32.7000 0.0000
      vertex 127.4000 32.7000 0.0000
    endloop
  endfacet
  facet normal 0 0 -1
    outer loop
      vertex 123.4000 29.7000 0.0000
      vertex 127.4000 32.7000 0.0000
      vertex 127.4000 29.7000 0.0000
    endloop
  endfacet
  facet normal 0 0 1
    outer loop
      vertex 123.4000 29.7000 3.0000
      vertex 127.4000 26.7000 3.0000
      vertex 127.4000 29.7000 3.0000
    endloop
  endfacet
  facet normal 0 0 1
    outer loop
      vertex 123.4000 29.7000 3.0000
      vertex 127.4000 29.7000 3.0000
      vertex 123.4000 32.7000 3.0000
    endloop
  endfacet
  facet normal -1 0 0
    outer loop
      vertex 123.4000 32.7000 0.0000
      vertex 123.4000 32.7000 3.0000
      vertex 123.4000 35.7000 3.0000
    endloop
  endfacet
  facet normal 0 0 -1
    outer loop
      vertex 123.4000 32.7000 0.0000
      vertex 123.4000 35.7000 0.0000
      vertex 127.4000 35.7000 0.0000
    endloop
  endfacet
  facet normal -1 0 0
    outer loop
      vertex 123.4000 32.7000 0.0000
      vertex 123.4000 35.7000 3.0000
      vertex 123.4000 35.7000 0.0000
    endloop
  endfacet
  facet normal 0 0 -1
    outer loop
      vertex 123.4000 32.7000 0.0000
      vertex 127.4000 35.7000 0.0000
      vertex 127.4000 32.7000 0.0000
    endloop
  endfacet
  facet normal 0 0 1
    outer loop
      vertex 123.4000 32.7000 3.0000
      vertex 127.4000 29.7000 3.0000
      vertex 127.4000 32.7000 3.0000
    endloop
  endfacet
  facet normal 0 0 1
    outer loop
      vertex 123.4000 32.7000 3.0000
      vertex 127.4000 32.7000 3.0000
      vertex 123.4000 35.7000 3.0000
    endloop
  endfacet
  facet normal 0 0 -1
    outer loop
      vertex 123.4000 35.7000 0.0000
      vertex 123.4000 38.7000 0.0000
      vertex 127.4000 38.7000 0.0000
    endloop
  endfacet
  facet normal 0 0 -1
    outer loop
      vertex 123.4000 35.7000 0.0000
      vertex 127.4000 38.7000 0.0000
      vertex 127.4000 35.7000 0.0000
    endloop
  endfacet
  facet normal 0 0 1
    outer loop
      vertex 123.4000 35.7000 3.0000
      vertex 127.4000 32.7000 3.0000
      vertex 127.4000 35.7000 3.0000
    endloop
  endfacet
  facet normal 0 0 1
    outer loop
      vertex 123.4000 35.7000 3.0000
      vertex 127.4000 35.7000 3.0000
      vertex 123.4000 38.7000 3.0000
    endloop
  endfacet
  facet normal -1 0 0
    outer loop
      vertex 123.4000 38.7000 0.0000
      vertex 123.4000 38.7000 3.0000
      vertex 123.4000 41.7000 3.0000
    endloop
  endfacet
  facet normal 0 0 -1
    outer loop
      vertex 123.4000 38.7000 0.0000
      vertex 123.4000 41.7000 0.0000
      vertex 127.4000 41.7000 0.0000
    endloop
  endfacet
  facet normal -1 0 0
    outer loop
      vertex 123.4000 38.7000 0.0000
      vertex 123.4000 41.7000 3.0000
      vertex 123.4000 41.7000 0.0000
    endloop
  endfacet
  facet normal 0 0 -1
    outer loop
      vertex 123.4000 38.7000 0.0000
      vertex 127.4000 41.7000 0.0000
      vertex 127.4000 38.7000 0.0000
    endloop
  endfacet
  facet normal 0 0 1
    outer loop
      vertex 123.4000 38.7000 3.0000
      vertex 127.4000 35.7000 3.0000
      vertex 127.4000 38.7000 3.0000
    endloop
  endfacet
  facet normal 0 0 1
    outer loop
      vertex 123.4000 38.7000 3.0000
      vertex 127.4000 38.7000 3.0000
      vertex 123.4000 41.7000 3.0000
    endloop
  endfacet
  facet normal 0 0 -1
    outer loop
      vertex 123.4000 41.7000 0.0000
      vertex 123.4000 44.7000 0.0000
      vertex 127.4000 44.7000 0.0000
    endloop
  endfacet
  facet normal 0 0 -1
    outer loop
      vertex 123.4000 41.7000 0.0000
      vertex 127.4000 44.7000 0.0000
      vertex 127.4000 41.7000 0.0000
    endloop
  endfacet
  facet normal 0 0 1
    outer loop
      vertex 123.4000 41.7000 3.0000
      vertex 127.4000 38.7000 3.0000
      vertex 127.4000 41.7000 3.0000
    endloop
  endfacet
  facet normal 0 0 1
    outer loop
      vertex 123.4000 41.7000 3.0000
      vertex 127.4000 41.7000 3.0000
      vertex 123.4000 44.7000 3.0000
    endloop
  endfacet
  facet normal -1 0 0
    outer loop
      vertex 123.4000 44.7000 0.0000
      vertex 123.4000 44.7000 3.0000
      vertex 123.4000 47.7000 3.0000
    endloop
  endfacet
  facet normal 0 0 -1
    outer loop
      vertex 123.4000 44.7000 0.0000
      vertex 123.4000 47.7000 0.0000
      vertex 127.4000 47.7000 0.0000
    endloop
  endfacet
  facet normal -1 0 0
    outer loop
      vertex 123.4000 44.7000 0.0000
      vertex 123.4000 47.7000 3.0000
      vertex 123.4000 47.7000 0.0000
    endloop
  endfacet
  facet normal 0 0 -1
    outer loop
      vertex 123.4000 44.7000 0.0000
      vertex 127.4000 47.7000 0.0000
      vertex 127.4000 44.7000 0.0000
    endloop
  endfacet
  facet normal 0 0 1
    outer loop
      vertex 123.4000 44.7000 3.0000
      vertex 127.4000 41.7000 3.0000
      vertex 127.4000 44.7000 3.0000
    endloop
  endfacet
  facet normal 0 0 1
    outer loop
      vertex 123.4000 44.7000 3.0000
      vertex 127.4000 44.7000 3.0000
      vertex 127.4000 47.7000 3.0000
    endloop
  endfacet
  facet normal 0 0 1
    outer loop
      vertex 123.4000 44.7000 3.0000
      vertex 127.4000 47.7000 3.0000
      vertex 123.4000 47.7000 3.0000
    endloop
  endfacet
  facet normal 0 0 -1
    outer loop
      vertex 123.4000 47.7000 0.0000
      vertex 162.8000 50.3800 0.0000
      vertex 127.4000 47.7000 0.0000
    endloop
  endfacet
  facet normal 0 0 1
    outer loop
      vertex 123.4000 47.7000 3.0000
      vertex 127.4000 47.7000 3.0000
      vertex 162.8000 50.3800 3.0000
    endloop
  endfacet
  facet normal -1 0 0
    outer loop
      vertex 123.4000 94.7000 0.0000
      vertex 123.4000 94.7000 3.0000
      vertex 123.4000 97.7000 3.0000
    endloop
  endfacet
  facet normal 0 0 -1
    outer loop
      vertex 123.4000 94.7000 0.0000
      vertex 123.4000 97.7000 0.0000
      vertex 127.4000 94.7000 0.0000
    endloop
  endfacet
  facet normal -1 0 0
    outer loop
      vertex 123.4000 94.7000 0.0000
      vertex 123.4000 97.7000 3.0000
      vertex 123.4000 97.7000 0.0000
    endloop
  endfacet
  facet normal 0 0 -1
    outer loop
      vertex 123.4000 94.7000 0.0000
      vertex 127.4000 94.7000 0.0000
      vertex 159.8000 71.8000 0.0000
    endloop
  endfacet
  facet normal 0 0 1
    outer loop
      vertex 123.4000 94.7000 3.0000
      vertex 127.4000 94.7000 3.0000
      vertex 123.4000 97.7000 3.0000
    endloop
  endfacet
  facet normal 0 0 1
    outer loop
      vertex 123.4000 94.7000 3.0000
      vertex 159.8000 71.8000 3.0000
      vertex 127.4000 94.7000 3.0000
    endloop
  endfacet
  facet normal 0 0 -1
    outer loop
      vertex 123.4000 97.7000 0.0000
      vertex 123.4000 100.7000 0.0000
      vertex 127.4000 100.7000 0.0000
    endloop
  endfacet
  facet normal 0 0 -1
    outer loop
      vertex 123.4000 97.7000 0.0000
      vertex 127.4000 97.7000 0.0000
      vertex 127.4000 94.7000 0.0000
    endloop
  endfacet
  facet normal 0 0 -1
    outer loop
      vertex 123.4000 97.7000 0.0000
      vertex 127.4000 100.7000 0.0000
      vertex 127.4000 97.7000 0.0000
    endloop
  endfacet
  facet normal 0 0 1
    outer loop
      vertex 123.4000 97.7000 3.0000
      vertex 127.4000 94.7000 3.0000
      vertex 127.4000 97.7000 3.0000
    endloop
  endfacet
  facet normal 0 0 1
    outer loop
      vertex 123.4000 97.7000 3.0000
      vertex 127.4000 97.7000 3.0000
      vertex 123.4000 100.7000 3.0000
    endloop
  endfacet
  facet normal -1 0 0
    outer loop
      vertex 123.4000 100.7000 0.0000
      vertex 123.4000 100.7000 3.0000
      vertex 123.4000 103.7000 3.0000
    endloop
  endfacet
  facet normal 0 0 -1
    outer loop
      vertex 123.4000 100.7000 0.0000
      vertex 123.4000 103.7000 0.0000
      vertex 127.4000 103.7000 0.0000
    endloop
  endfacet
  facet normal -1 0 0
    outer loop
      vertex 123.4000 100.7000 0.0000
      vertex 123.4000 103.7000 3.0000
      vertex 123.4000 103.7000 0.0000
    endloop
  endfacet
  facet normal 0 0 -1
    outer loop
      vertex 123.4000 100.7000 0.0000
      vertex 127.4000 103.7000 0.0000
      vertex 127.4000 100.7000 0.0000
    endloop
  endfacet
  facet normal 0 0 1
    outer loop
      vertex 123.4000 100.7000 3.0000
      vertex 127.4000 97.7000 3.0000
      vertex 127.4000 100.7000 3.0000
    endloop
  endfacet
  facet normal 0 0 1
    outer loop
      vertex 123.4000 100.7000 3.0000
      vertex 127.4000 100.7000 3.0000
      vertex 123.4000 103.7000 3.0000
    endloop
  endfacet
  facet normal 0 0 -1
    outer loop
      vertex 123.4000 103.7000 0.0000
      vertex 123.4000 106.7000 0.0000
      vertex 127.4000 106.7000 0.0000
    endloop
  endfacet
  facet normal 0 0 -1
    outer loop
      vertex 123.4000 103.7000 0.0000
      vertex 127.4000 106.7000 0.0000
      vertex 127.4000 103.7000 0.0000
    endloop
  endfacet
  facet normal 0 0 1
    outer loop
      vertex 123.4000 103.7000 3.0000
      vertex 127.4000 100.7000 3.0000
      vertex 127.4000 103.7000 3.0000
    endloop
  endfacet
  facet normal 0 0 1
    outer loop
      vertex 123.4000 103.7000 3.0000
      vertex 127.4000 103.7000 3.0000
      vertex 123.4000 106.7000 3.0000
    endloop
  endfacet
  facet normal -1 0 0
    outer loop
      vertex 123.4000 106.7000 0.0000
      vertex 123.4000 106.7000 3.0000
      vertex 123.4000 109.7000 3.0000
    endloop
  endfacet
  facet normal 0 0 -1
    outer loop
      vertex 123.4000 106.7000 0.0000
      vertex 123.4000 109.7000 0.0000
      vertex 127.4000 109.7000 0.0000
    endloop
  endfacet
  facet normal -1 0 0
    outer loop
      vertex 123.4000 106.7000 0.0000
      vertex 123.4000 109.7000 3.0000
      vertex 123.4000 109.7000 0.0000
    endloop
  endfacet
  facet normal 0 0 -1
    outer loop
      vertex 123.4000 106.7000 0.0000
      vertex 127.4000 109.7000 0.0000
      vertex 127.4000 106.7000 0.0000
    endloop
  endfacet
  facet normal 0 0 1
    outer loop
      vertex 123.4000 106.7000 3.0000
      vertex 127.4000 103.7000 3.0000
      vertex 127.4000 106.7000 3.0000
    endloop
  endfacet
  facet normal 0 0 1
    outer loop
      vertex 123.4000 106.7000 3.0000
      vertex 127.4000 106.7000 3.0000
      vertex 123.4000 109.7000 3.0000
    endloop
  endfacet
  facet normal 0 0 -1
    outer loop
      vertex 123.4000 109.7000 0.0000
      vertex 123.4000 112.7000 0.0000
      vertex 127.4000 112.7000 0.0000
    endloop
  endfacet
  facet normal 0 0 -1
    outer loop
      vertex 123.4000 109.7000 0.0000
      vertex 127.4000 112.7000 0.0000
      vertex 127.4000 109.7000 0.0000
    endloop
  endfacet
  facet normal 0 0 1
    outer loop
      vertex 123.4000 109.7000 3.0000
      vertex 127.4000 106.7000 3.0000
      vertex 127.4000 109.7000 3.0000
    endloop
  endfacet
  facet normal 0 0 1
    outer loop
      vertex 123.4000 109.7000 3.0000
      vertex 127.4000 109.7000 3.0000
      vertex 123.4000 112.7000 3.0000
    endloop
  endfacet
  facet normal -1 0 0
    outer loop
      vertex 123.4000 112.7000 0.0000
      vertex 123.4000 112.7000 3.0000
      vertex 123.4000 115.7000 3.0000
    endloop
  endfacet
  facet normal 0 0 -1
    outer loop
      vertex 123.4000 112.7000 0.0000
      vertex 123.4000 115.7000 0.0000
      vertex 127.4000 115.7000 0.0000
    endloop
  endfacet
  facet normal -1 0 0
    outer loop
      vertex 123.4000 112.7000 0.0000
      vertex 123.4000 115.7000 3.0000
      vertex 123.4000 115.7000 0.0000
    endloop
  endfacet
  facet normal 0 0 -1
    outer loop
      vertex 123.4000 112.7000 0.0000
      vertex 127.4000 115.7000 0.0000
      vertex 127.4000 112.7000 0.0000
    endloop
  endfacet
  facet normal 0 0 1
    outer loop
      vertex 123.4000 112.7000 3.0000
      vertex 127.4000 109.7000 3.0000
      vertex 127.4000 112.7000 3.0000
    endloop
  endfacet
  facet normal 0 0 1
    outer loop
      vertex 123.4000 112.7000 3.0000
      vertex 127.4000 112.7000 3.0000
      vertex 127.4000 115.7000 3.0000
    endloop
  endfacet
  facet normal 0 0 1
    outer loop
      vertex 123.4000 112.7000 3.0000
      vertex 127.4000 115.7000 3.0000
      vertex 123.4000 115.7000 3.0000
    endloop
  endfacet
  facet normal 0 0 -1
    outer loop
      vertex 123.4000 115.7000 0.0000
      vertex 177.4000 123.4000 0.0000
      vertex 127.4000 115.7000 0.0000
    endloop
  endfacet
  facet normal 0 0 1
    outer loop
      vertex 123.4000 115.7000 3.0000
      vertex 127.4000 115.7000 3.0000
      vertex 177.4000 123.4000 3.0000
    endloop
  endfacet
  facet normal 0 1 0
    outer loop
      vertex 127.4000 5.0000 0.0000
      vertex 127.4000 5.0000 3.0000
      vertex 147.4000 5.0000 0.0000
    endloop
  endfacet
  facet normal 1 0 0
    outer loop
      vertex 127.4000 5.0000 0.0000
      vertex 127.4000 5.7000 0.0000
      vertex 127.4000 5.0000 3.0000
    endloop
  endfacet
  facet normal 0 0 -1
    outer loop
      vertex 127.4000 5.0000 0.0000
      vertex 147.4000 5.0000 0.0000
      vertex 177.4000 0.0000 0.0000
    endloop
  endfacet
  facet normal 1 0 0
    outer loop
      vertex 127.4000 5.0000 3.0000
      vertex 127.4000 5.7000 0.0000
      vertex 127.4000 5.7000 3.0000
    endloop
  endfacet
  facet normal 0 1 0
    outer loop
      vertex 127.4000 5.0000 3.0000
      vertex 147.4000 5.0000 3.0000
      vertex 147.4000 5.0000 0.0000
    endloop
  endfacet
  facet normal 0 0 1
    outer loop
      vertex 127.4000 5.0000 3.0000
      vertex 177.4000 0.0000 3.0000
      vertex 147.4000 5.0000 3.0000
    endloop
  endfacet
  facet normal 0 0 -1
    outer loop
      vertex 127.4000 5.7000 0.0000
      vertex 127.4000 8.7000 0.0000
      vertex 147.4000 8.7000 0.0000
    endloop
  endfacet
  facet normal 0 -1 0
    outer loop
      vertex 127.4000 5.7000 0.0000
      vertex 147.4000 5.7000 0.0000
      vertex 147.4000 5.7000 3.0000
    endloop
  endfacet
  facet normal 0 -1 0
    outer loop
      vertex 127.4000 5.7000 0.0000
      vertex 147.4000 5.7000 3.0000
      vertex 127.4000 5.7000 3.0000
    endloop
  endfacet
  facet normal 0 0 -1
    outer loop
      vertex 127.4000 5.7000 0.0000
      vertex 147.4000 8.7000 0.0000
      vertex 147.4000 5.7000 0.0000
    endloop
  endfacet
  facet normal 0 0 1
    outer loop
      vertex 127.4000 5.7000 3.0000
      vertex 147.4000 5.7000 3.0000
      vertex 127.4000 8.7000 3.0000
    endloop
  endfacet
  facet normal 0 1 0
    outer loop
      vertex 127.4000 8.7000 0.0000
      vertex 127.4000 8.7000 3.0000
      vertex 147.4000 8.7000 0.0000
    endloop
  endfacet
  facet normal 1 0 0
    outer loop
      vertex 127.4000 8.7000 0.0000
      vertex 127.4000 11.7000 0.0000
      vertex 127.4000 8.7000 3.0000
    endloop
  endfacet
  facet normal 1 0 0
    outer loop
      vertex 127.4000 8.7000 3.0000
      vertex 127.4000 11.7000 0.0000
      vertex 127.4000 11.7000 3.0000
    endloop
  endfacet
  facet normal 0 0 1
    outer loop
      vertex 127.4000 8.7000 3.0000
      vertex 147.4000 5.7000 3.0000
      vertex 147.4000 8.7000 3.0000
    endloop
  endfacet
  facet normal 0 1 0
    outer loop
      vertex 127.4000 8.7000 3.0000
      vertex 147.4000 8.7000 3.0000
      vertex 147.4000 8.7000 0.0000
    endloop
  endfacet
  facet normal 0 0 -1
    outer loop
      vertex 127.4000 11.7000 0.0000
      vertex 127.4000 14.7000 0.0000
      vertex 147.4000 14.7000 0.0000
    endloop
  endfacet
  facet normal 0 -1 0
    outer loop
      vertex 127.4000 11.7000 0.0000
      vertex 147.4000 11.7000 0.0000
      vertex 147.4000 11.7000 3.0000
    endloop
  endfacet
  facet normal 0 -1 0
    outer loop
      vertex 127.4000 11.7000 0.0000
      vertex 147.4000 11.7000 3.0000
      vertex 127.4000 11.7000 3.0000
    endloop
  endfacet
  facet normal 0 0 -1
    outer loop
      vertex 127.4000 11.7000 0.0000
      vertex 147.4000 14.7000 0.0000
      vertex 147.4000 11.7000 0.0000
    endloop
  endfacet
  facet normal 0 0 1
    outer loop
      vertex 127.4000 11.7000 3.0000
      vertex 147.4000 11.7000 3.0000
      vertex 127.4000 14.7000 3.0000
    endloop
  endfacet
  facet normal 0 1 0
    outer loop
      vertex 127.4000 14.7000 0.0000
      vertex 127.4000 14.7000 3.0000
      vertex 147.4000 14.7000 0.0000
    endloop
  endfacet
  facet normal 1 0 0
    outer loop
      vertex 127.4000 14.7000 0.0000
      vertex 127.4000 17.7000 0.0000
      vertex 127.4000 14.7000 3.0000
    endloop
  endfacet
  facet normal 1 0 0
    outer loop
      vertex 127.4000 14.7000 3.0000
      vertex 127.4000 17.7000 0.0000
      vertex 127.4000 17.7000 3.0000
    endloop
  endfacet
  facet normal 0 0 1
    outer loop
      vertex 127.4000 14.7000 3.0000
      vertex 147.4000 11.7000 3.0000
      vertex 147.4000 14.7000 3.0000
    endloop
  endfacet
  facet normal 0 1 0
    outer loop
      vertex 127.4000 14.7000 3.0000
      vertex 147.4000 14.7000 3.0000
      vertex 147.4000 14.7000 0.0000
    endloop
  endfacet
  facet normal 0 0 -1
    outer loop
      vertex 127.4000 17.7000 0.0000
      vertex 127.4000 20.7000 0.0000
      vertex 147.4000 20.7000 0.0000
    endloop
  endfacet
  facet normal 0 -1 0
    outer loop
      vertex 127.4000 17.7000 0.0000
      vertex 147.4000 17.7000 0.0000
      vertex 147.4000 17.7000 3.0000
    endloop
  endfacet
  facet normal 0 -1 0
    outer loop
      vertex 127.4000 17.7000 0.0000
      vertex 147.4000 17.7000 3.0000
      vertex 127.4000 17.7000 3.0000
    endloop
  endfacet
  facet normal 0 0 -1
    outer loop
      vertex 127.4000 17.7000 0.0000
      vertex 147.4000 20.7000 0.0000
      vertex 147.4000 17.7000 0.0000
    endloop
  endfacet
  facet normal 0 0 1
    outer loop
      vertex 127.4000 17.7000 3.0000
      vertex 147.4000 17.7000 3.0000
      vertex 127.4000 20.7000 3.0000
    endloop
  endfacet
  facet normal 0 1 0
    outer loop
      vertex 127.4000 20.7000 0.0000
      vertex 127.4000 20.7000 3.0000
      vertex 147.4000 20.7000 0.0000
    endloop
  endfacet
  facet normal 1 0 0
    outer loop
      vertex 127.4000 20.7000 0.0000
      vertex 127.4000 23.7000 0.0000
      vertex 127.4000 20.7000 3.0000
    endloop
  endfacet
  facet normal 1 0 0
    outer loop
      vertex 127.4000 20.7000 3.0000
      vertex 127.4000 23.7000 0.0000
      vertex 127.4000 23.7000 3.0000
    endloop
  endfacet
  facet normal 0 0 1
    outer loop
      vertex 127.4000 20.7000 3.0000
      vertex 147.4000 17.7000 3.0000
      vertex 147.4000 20.7000 3.0000
    endloop
  endfacet
  facet normal 0 1 0
    outer loop
      vertex 127.4000 20.7000 3.0000
      vertex 147.4000 20.7000 3.0000
      vertex 147.4000 20.7000 0.0000
    endloop
  endfacet
  facet normal 0 0 -1
    outer loop
      vertex 127.4000 23.7000 0.0000
      vertex 127.4000 26.7000 0.0000
      vertex 147.4000 26.7000 0.0000
    endloop
  endfacet
  facet normal 0 -1 0
    outer loop
      vertex 127.4000 23.7000 0.0000
      vertex 147.4000 23.7000 0.0000
      vertex 147.4000 23.7000 3.0000
    endloop
  endfacet
  facet normal 0 -1 0
    outer loop
      vertex 127.4000 23.7000 0.0000
      vertex 147.4000 23.7000 3.0000
      vertex 127.4000 23.7000 3.0000
    endloop
  endfacet
  facet normal 0 0 -1
    outer loop
      vertex 127.4000 23.7000 0.0000
      vertex 147.4000 26.7000 0.0000
      vertex 147.4000 23.7000 0.0000
    endloop
  endfacet
  facet normal 0 0 1
    outer loop
      vertex 127.4000 23.7000 3.0000
      vertex 147.4000 23.7000 3.0000
      vertex 127.4000 26.7000 3.0000
    endloop
  endfacet
  facet normal 0 1 0
    outer loop
      vertex 127.4000 26.7000 0.0000
      vertex 127.4000 26.7000 3.0000
      vertex 147.4000 26.7000 0.0000
    endloop
  endfacet
  facet normal 1 0 0
    outer loop
      vertex 127.4000 26.7000 0.0000
      vertex 127.4000 29.7000 0.0000
      vertex 127.4000 26.7000 3.0000
    endloop
  endfacet
  facet normal 1 0 0
    outer loop
      vertex 127.4000 26.7000 3.0000
      vertex 127.4000 29.7000 0.0000
      vertex 127.4000 29.7000 3.0000
    endloop
  endfacet
  facet normal 0 0 1
    outer loop
      vertex 127.4000 26.7000 3.0000
      vertex 147.4000 23.7000 3.0000
      vertex 147.4000 26.7000 3.0000
    endloop
  endfacet
  facet normal 0 1 0
    outer loop
      vertex 127.4000 26.7000 3.0000
      vertex 147.4000 26.7000 3.0000
      vertex 147.4000 26.7000 0.0000
    endloop
  endfacet
  facet normal 0 0 -1
    outer loop
      vertex 127.4000 29.7000 0.0000
      vertex 127.4000 32.7000 0.0000
      vertex 147.4000 32.7000 0.0000
    endloop
  endfacet
  facet normal 0 -1 0
    outer loop
      vertex 127.4000 29.7000 0.0000
      vertex 147.4000 29.7000 0.0000
      vertex 147.4000 29.7000 3.0000
    endloop
  endfacet
  facet normal 0 -1 0
    outer loop
      vertex 127.4000 29.7000 0.0000
      vertex 147.4000 29.7000 3.0000
      vertex 127.4000 29.7000 3.0000
    endloop
  endfacet
  facet normal 0 0 -1
    outer loop
      vertex 127.4000 29.7000 0.0000
      vertex 147.4000 32.7000 0.0000
      vertex 147.4000 29.7000 0.0000
    endloop
  endfacet
  facet normal 0 0 1
    outer loop
      vertex 127.4000 29.7000 3.0000
      vertex 147.4000 29.7000 3.0000
      vertex 127.4000 32.7000 3.0000
    endloop
  endfacet
  facet normal 0 1 0
    outer loop
      vertex 127.4000 32.7000 0.0000
      vertex 127.4000 32.7000 3.0000
      vertex 147.4000 32.7000 0.0000
    endloop
  endfacet
  facet normal 1 0 0
    outer loop
      vertex 127.4000 32.7000 0.0000
      vertex 127.4000 35.7000 0.0000
      vertex 127.4000 32.7000 3.0000
    endloop
  endfacet
  facet normal 1 0 0
    outer loop
      vertex 127.4000 32.7000 3.0000
      vertex 127.4000 35.7000 0.0000
      vertex 127.4000 35.7000 3.0000
    endloop
  endfacet
  facet normal 0 0 1
    outer loop
      vertex 127.4000 32.7000 3.0000
      vertex 147.4000 29.7000 3.0000
      vertex 147.4000 32.7000 3.0000
    endloop
  endfacet
  facet normal 0 1 0
    outer loop
      vertex 127.4000 32.7000 3.0000
      vertex 147.4000 32.7000 3.0000
      vertex 147.4000 32.7000 0.0000
    endloop
  endfacet
  facet normal 0 0 -1
    outer loop
      vertex 127.4000 35.7000 0.0000
      vertex 127.4000 38.7000 0.0000
      vertex 147.4000 38.7000 0.0000
    endloop
  endfacet
  facet normal 0 -1 0
    outer loop
      vertex 127.4000 35.7000 0.0000
      vertex 147.4000 35.7000 0.0000
      vertex 147.4000 35.7000 3.0000
    endloop
  endfacet
  facet normal 0 -1 0
    outer loop
      vertex 127.4000 35.7000 0.0000
      vertex 147.4000 35.7000 3.0000
      vertex 127.4000 35.7000 3.0000
    endloop
  endfacet
  facet normal 0 0 -1
    outer loop
      vertex 127.4000 35.7000 0.0000
      vertex 147.4000 38.7000 0.0000
      vertex 147.4000 35.7000 0.0000
    endloop
  endfacet
  facet normal 0 0 1
    outer loop
      vertex 127.4000 35.7000 3.0000
      vertex 147.4000 35.7000 3.0000
      vertex 127.4000 38.7000 3.0000
    endloop
  endfacet
  facet normal 0 1 0
    outer loop
      vertex 127.4000 38.7000 0.0000
      vertex 127.4000 38.7000 3.0000
      vertex 147.4000 38.7000 0.0000
    endloop
  endfacet
  facet normal 1 0 0
    outer loop
      vertex 127.4000 38.7000 0.0000
      vertex 127.4000 41.7000 0.0000
      vertex 127.4000 38.7000 3.0000
    endloop
  endfacet
  facet normal 1 0 0
    outer loop
      vertex 127.4000 38.7000 3.0000
      vertex 127.4000 41.7000 0.0000
      vertex 127.4000 41.7000 3.0000
    endloop
  endfacet
  facet normal 0 0 1
    outer loop
      vertex 127.4000 38.7000 3.0000
      vertex 147.4000 35.7000 3.0000
      vertex 147.4000 38.7000 3.0000
    endloop
  endfacet
  facet normal 0 1 0
    outer loop
      vertex 127.4000 38.7000 3.0000
      vertex 147.4000 38.7000 3.0000
      vertex 147.4000 38.7000 0.0000
    endloop
  endfacet
  facet normal 0 0 -1
    outer loop
      vertex 127.4000 41.7000 0.0000
      vertex 127.4000 44.7000 0.0000
      vertex 147.4000 44.7000 0.0000
    endloop
  endfacet
  facet normal 0 -1 0
    outer loop
      vertex 127.4000 41.7000 0.0000
      vertex 147.4000 41.7000 0.0000
      vertex 147.4000 41.7000 3.0000
    endloop
  endfacet
  facet normal 0 -1 0
    outer loop
      vertex 127.4000 41.7000 0.0000
      vertex 147.4000 41.7000 3.0000
      vertex 127.4000 41.7000 3.0000
    endloop
  endfacet
  facet normal 0 0 -1
    outer loop
      vertex 127.4000 41.7000 0.0000
      vertex 147.4000 44.7000 0.0000
      vertex 147.4000 41.7000 0.0000
    endloop
  endfacet
  facet normal 0 0 1
    outer loop
      vertex 127.4000 41.7000 3.0000
      vertex 147.4000 41.7000 3.0000
      vertex 127.4000 44.7000 3.0000
    endloop
  endfacet
  facet normal 0 1 0
    outer loop
      vertex 127.4000 44.7000 0.0000
      vertex 127.4000 44.7000 3.0000
      vertex 147.4000 44.7000 0.0000
    endloop
  endfacet
  facet normal 1 0 0
    outer loop
      vertex 127.4000 44.7000 0.0000
      vertex 127.4000 47.7000 0.0000
      vertex 127.4000 44.7000 3.0000
    endloop
  endfacet
  facet normal 1 0 0
    outer loop
      vertex 127.4000 44.7000 3.0000
      vertex 127.4000 47.7000 0.0000
      vertex 127.4000 47.7000 3.0000
    endloop
  endfacet
  facet normal 0 0 1
    outer loop
      vertex 127.4000 44.7000 3.0000
      vertex 147.4000 41.7000 3.0000
      vertex 147.4000 44.7000 3.0000
    endloop
  endfacet
  facet normal 0 1 0
    outer loop
      vertex 127.4000 44.7000 3.0000
      vertex 147.4000 44.7000 3.0000
      vertex 147.4000 44.7000 0.0000
    endloop
  endfacet
  facet normal 0 -1 0
    outer loop
      vertex 127.4000 47.7000 0.0000
      vertex 147.4000 47.7000 0.0000
      vertex 147.4000 47.7000 3.0000
    endloop
  endfacet
  facet normal 0 -1 0
    outer loop
      vertex 127.4000 47.7000 0.0000
      vertex 147.4000 47.7000 3.0000
      vertex 127.4000 47.7000 3.0000
    endloop
  endfacet
  facet normal 0 0 -1
    outer loop
      vertex 127.4000 47.7000 0.0000
      vertex 162.8000 50.3800 0.0000
      vertex 147.4000 47.7000 0.0000
    endloop
  endfacet
  facet normal 0 0 1
    outer loop
      vertex 127.4000 47.7000 3.0000
      vertex 147.4000 47.7000 3.0000
      vertex 162.8000 50.3800 3.0000
    endloop
  endfacet
  facet normal 0 1 0
    outer loop
      vertex 127.4000 94.7000 0.0000
      vertex 127.4000 94.7000 3.0000
      vertex 147.4000 94.7000 0.0000
    endloop
  endfacet
  facet normal 1 0 0
    outer loop
      vertex 127.4000 94.7000 0.0000
      vertex 127.4000 97.7000 0.0000
      vertex 127.4000 94.7000 3.0000
    endloop
  endfacet
  facet normal 0 0 -1
    outer loop
      vertex 127.4000 94.7000 0.0000
      vertex 147.4000 94.7000 0.0000
      vertex 159.8000 71.8000 0.0000
    endloop
  endfacet
  facet normal 1 0 0
    outer loop
      vertex 127.4000 94.7000 3.0000
      vertex 127.4000 97.7000 0.0000
      vertex 127.4000 97.7000 3.0000
    endloop
  endfacet
  facet normal 0 1 0
    outer loop
      vertex 127.4000 94.7000 3.0000
      vertex 147.4000 94.7000 3.0000
      vertex 147.4000 94.7000 0.0000
    endloop
  endfacet
  facet normal 0 0 1
    outer loop
      vertex 127.4000 94.7000 3.0000
      vertex 159.8000 71.8000 3.0000
      vertex 147.4000 94.7000 3.0000
    endloop
  endfacet
  facet normal 0 0 -1
    outer loop
      vertex 127.4000 97.7000 0.0000
      vertex 127.4000 100.7000 0.0000
      vertex 147.4000 100.7000 0.0000
    endloop
  endfacet
  facet normal 0 -1 0
    outer loop
      vertex 127.4000 97.7000 0.0000
      vertex 147.4000 97.7000 0.0000
      vertex 147.4000 97.7000 3.0000
    endloop
  endfacet
  facet normal 0 -1 0
    outer loop
      vertex 127.4000 97.7000 0.0000
      vertex 147.4000 97.7000 3.0000
      vertex 127.4000 97.7000 3.0000
    endloop
  endfacet
  facet normal 0 0 -1
    outer loop
      vertex 127.4000 97.7000 0.0000
      vertex 147.4000 100.7000 0.0000
      vertex 147.4000 97.7000 0.0000
    endloop
  endfacet
  facet normal 0 0 1
    outer loop
      vertex 127.4000 97.7000 3.0000
      vertex 147.4000 97.7000 3.0000
      vertex 127.4000 100.7000 3.0000
    endloop
  endfacet
  facet normal 0 1 0
    outer loop
      vertex 127.4000 100.7000 0.0000
      vertex 127.4000 100.7000 3.0000
      vertex 147.4000 100.7000 0.0000
    endloop
  endfacet
  facet normal 1 0 0
    outer loop
      vertex 127.4000 100.7000 0.0000
      vertex 127.4000 103.7000 0.0000
      vertex 127.4000 100.7000 3.0000
    endloop
  endfacet
  facet normal 1 0 0
    outer loop
      vertex 127.4000 100.7000 3.0000
      vertex 127.4000 103.7000 0.0000
      vertex 127.4000 103.7000 3.0000
    endloop
  endfacet
  facet normal 0 0 1
    outer loop
      vertex 127.4000 100.7000 3.0000
      vertex 147.4000 97.7000 3.0000
      vertex 147.4000 100.7000 3.0000
    endloop
  endfacet
  facet normal 0 1 0
    outer loop
      vertex 127.4000 100.7000 3.0000
      vertex 147.4000 100.7000 3.0000
      vertex 147.4000 100.7000 0.0000
    endloop
  endfacet
  facet normal 0 0 -1
    outer loop
      vertex 127.4000 103.7000 0.0000
      vertex 127.4000 106.7000 0.0000
      vertex 147.4000 106.7000 0.0000
    endloop
  endfacet
  facet normal 0 -1 0
    outer loop
      vertex 127.4000 103.7000 0.0000
      vertex 147.4000 103.7000 0.0000
      vertex 147.4000 103.7000 3.0000
    endloop
  endfacet
  facet normal 0 -1 0
    outer loop
      vertex 127.4000 103.7000 0.0000
      vertex 147.4000 103.7000 3.0000
      vertex 127.4000 103.7000 3.0000
    endloop
  endfacet
  facet normal 0 0 -1
    outer loop
      vertex 127.4000 103.7000 0.0000
      vertex 147.4000 106.7000 0.0000
      vertex 147.4000 103.7000 0.0000
    endloop
  endfacet
  facet normal 0 0 1
    outer loop
      vertex 127.4000 103.7000 3.0000
      vertex 147.4000 103.7000 3.0000
      vertex 127.4000 106.7000 3.0000
    endloop
  endfacet
  facet normal 0 1 0
    outer loop
      vertex 127.4000 106.7000 0.0000
      vertex 127.4000 106.7000 3.0000
      vertex 147.4000 106.7000 0.0000
    endloop
  endfacet
  facet normal 1 0 0
    outer loop
      vertex 127.4000 106.7000 0.0000
      vertex 127.4000 109.7000 0.0000
      vertex 127.4000 106.7000 3.0000
    endloop
  endfacet
  facet normal 1 0 0
    outer loop
      vertex 127.4000 106.7000 3.0000
      vertex 127.4000 109.7000 0.0000
      vertex 127.4000 109.7000 3.0000
    endloop
  endfacet
  facet normal 0 0 1
    outer loop
      vertex 127.4000 106.7000 3.0000
      vertex 147.4000 103.7000 3.0000
      vertex 147.4000 106.7000 3.0000
    endloop
  endfacet
  facet normal 0 1 0
    outer loop
      vertex 127.4000 106.7000 3.0000
      vertex 147.4000 106.7000 3.0000
      vertex 147.4000 106.7000 0.0000
    endloop
  endfacet
  facet normal 0 0 -1
    outer loop
      vertex 127.4000 109.7000 0.0000
      vertex 127.4000 112.7000 0.0000
      vertex 147.4000 112.7000 0.0000
    endloop
  endfacet
  facet normal 0 -1 0
    outer loop
      vertex 127.4000 109.7000 0.0000
      vertex 147.4000 109.7000 0.0000
      vertex 147.4000 109.7000 3.0000
    endloop
  endfacet
  facet normal 0 -1 0
    outer loop
      vertex 127.4000 109.7000 0.0000
      vertex 147.4000 109.7000 3.0000
      vertex 127.4000 109.7000 3.0000
    endloop
  endfacet
  facet normal 0 0 -1
    outer loop
      vertex 127.4000 109.7000 0.0000
      vertex 147.4000 112.7000 0.0000
      vertex 147.4000 109.7000 0.0000
    endloop
  endfacet
  facet normal 0 0 1
    outer loop
      vertex 127.4000 109.7000 3.0000
      vertex 147.4000 109.7000 3.0000
      vertex 127.4000 112.7000 3.0000
    endloop
  endfacet
  facet normal 0 1 0
    outer loop
      vertex 127.4000 112.7000 0.0000
      vertex 127.4000 112.7000 3.0000
      vertex 147.4000 112.7000 0.0000
    endloop
  endfacet
  facet normal 1 0 0
    outer loop
      vertex 127.4000 112.7000 0.0000
      vertex 127.4000 115.7000 0.0000
      vertex 127.4000 112.7000 3.0000
    endloop
  endfacet
  facet normal 1 0 0
    outer loop
      vertex 127.4000 112.7000 3.0000
      vertex 127.4000 115.7000 0.0000
      vertex 127.4000 115.7000 3.0000
    endloop
  endfacet
  facet normal 0 0 1
    outer loop
      vertex 127.4000 112.7000 3.0000
      vertex 147.4000 109.7000 3.0000
      vertex 147.4000 112.7000 3.0000
    endloop
  endfacet
  facet normal 0 1 0
    outer loop
      vertex 127.4000 112.7000 3.0000
      vertex 147.4000 112.7000 3.0000
      vertex 147.4000 112.7000 0.0000
    endloop
  endfacet
  facet normal 0 -1 0
    outer loop
      vertex 127.4000 115.7000 0.0000
      vertex 147.4000 115.7000 0.0000
      vertex 147.4000 115.7000 3.0000
    endloop
  endfacet
  facet normal 0 -1 0
    outer loop
      vertex 127.4000 115.7000 0.0000
      vertex 147.4000 115.7000 3.0000
      vertex 127.4000 115.7000 3.0000
    endloop
  endfacet
  facet normal 0 0 -1
    outer loop
      vertex 127.4000 115.7000 0.0000
      vertex 177.4000 123.4000 0.0000
      vertex 147.4000 115.7000 0.0000
    endloop
  endfacet
  facet normal 0 0 1
    outer loop
      vertex 127.4000 115.7000 3.0000
      vertex 147.4000 115.7000 3.0000
      vertex 177.4000 123.4000 3.0000
    endloop
  endfacet
  facet normal -1 0 0
    outer loop
      vertex 147.4000 5.0000 0.0000
      vertex 147.4000 5.0000 3.0000
      vertex 147.4000 5.7000 3.0000
    endloop
  endfacet
  facet normal 0 0 -1
    outer loop
      vertex 147.4000 5.0000 0.0000
      vertex 147.4000 5.7000 0.0000
      vertex 150.4000 5.7000 0.0000
    endloop
  endfacet
  facet normal -1 0 0
    outer loop
      vertex 147.4000 5.0000 0.0000
      vertex 147.4000 5.7000 3.0000
      vertex 147.4000 5.7000 0.0000
    endloop
  endfacet
  facet normal 0 0 -1
    outer loop
      vertex 147.4000 5.0000 0.0000
      vertex 150.4000 5.7000 0.0000
      vertex 177.4000 0.0000 0.0000
    endloop
  endfacet
  facet normal 0 0 1
    outer loop
      vertex 147.4000 5.0000 3.0000
      vertex 150.4000 5.7000 3.0000
      vertex 147.4000 5.7000 3.0000
    endloop
  endfacet
  facet normal 0 0 1
    outer loop
      vertex 147.4000 5.0000 3.0000
      vertex 177.4000 0.0000 3.0000
      vertex 150.4000 5.7000 3.0000
    endloop
  endfacet
  facet normal 0 0 -1
    outer loop
      vertex 147.4000 5.7000 0.0000
      vertex 147.4000 8.7000 0.0000
      vertex 150.4000 5.7000 0.0000
    endloop
  endfacet
  facet normal 0 0 1
    outer loop
      vertex 147.4000 5.7000 3.0000
      vertex 150.4000 5.7000 3.0000
      vertex 147.4000 8.7000 3.0000
    endloop
  endfacet
  facet normal -1 0 0
    outer loop
      vertex 147.4000 8.7000 0.0000
      vertex 147.4000 8.7000 3.0000
      vertex 147.4000 11.7000 3.0000
    endloop
  endfacet
  facet normal 0 0 -1
    outer loop
      vertex 147.4000 8.7000 0.0000
      vertex 147.4000 11.7000 0.0000
      vertex 150.4000 5.7000 0.0000
    endloop
  endfacet
  facet normal -1 0 0
    outer loop
      vertex 147.4000 8.7000 0.0000
      vertex 147.4000 11.7000 3.0000
      vertex 147.4000 11.7000 0.0000
    endloop
  endfacet
  facet normal 0 0 1
    outer loop
      vertex 147.4000 8.7000 3.0000
      vertex 150.4000 5.7000 3.0000
      vertex 147.4000 11.7000 3.0000
    endloop
  endfacet
  facet normal 0 0 -1
    outer loop
      vertex 147.4000 11.7000 0.0000
      vertex 147.4000 14.7000 0.0000
      vertex 150.4000 5.7000 0.0000
    endloop
  endfacet
  facet normal 0 0 1
    outer loop
      vertex 147.4000 11.7000 3.0000
      vertex 150.4000 5.7000 3.0000
      vertex 147.4000 14.7000 3.0000
    endloop
  endfacet
  facet normal -1 0 0
    outer loop
      vertex 147.4000 14.7000 0.0000
      vertex 147.4000 14.7000 3.0000
      vertex 147.4000 17.7000 3.0000
    endloop
  endfacet
  facet normal 0 0 -1
    outer loop
      vertex 147.4000 14.7000 0.0000
      vertex 147.4000 17.7000 0.0000
      vertex 150.4000 25.7000 0.0000
    endloop
  endfacet
  facet normal -1 0 0
    outer loop
      vertex 147.4000 14.7000 0.0000
      vertex 147.4000 17.7000 3.0000
      vertex 147.4000 17.7000 0.0000
    endloop
  endfacet
  facet normal 0 0 -1
    outer loop
      vertex 147.4000 14.7000 0.0000
      vertex 150.4000 25.7000 0.0000
      vertex 150.4000 5.7000 0.0000
    endloop
  endfacet
  facet normal 0 0 1
    outer loop
      vertex 147.4000 14.7000 3.0000
      vertex 150.4000 5.7000 3.0000
      vertex 150.4000 25.7000 3.0000
    endloop
  endfacet
  facet normal 0 0 1
    outer loop
      vertex 147.4000 14.7000 3.0000
      vertex 150.4000 25.7000 3.0000
      vertex 147.4000 17.7000 3.0000
    endloop
  endfacet
  facet normal 0 0 -1
    outer loop
      vertex 147.4000 17.7000 0.0000
      vertex 147.4000 20.7000 0.0000
      vertex 150.4000 25.7000 0.0000
    endloop
  endfacet
  facet normal 0 0 1
    outer loop
      vertex 147.4000 17.7000 3.0000
      vertex 150.4000 25.7000 3.0000
      vertex 147.4000 20.7000 3.0000
    endloop
  endfacet
  facet normal -1 0 0
    outer loop
      vertex 147.4000 20.7000 0.0000
      vertex 147.4000 20.7000 3.0000
      vertex 147.4000 23.7000 3.0000
    endloop
  endfacet
  facet normal 0 0 -1
    outer loop
      vertex 147.4000 20.7000 0.0000
      vertex 147.4000 23.7000 0.0000
      vertex 150.4000 25.7000 0.0000
    endloop
  endfacet
  facet normal -1 0 0
    outer loop
      vertex 147.4000 20.7000 0.0000
      vertex 147.4000 23.7000 3.0000
      vertex 147.4000 23.7000 0.0000
    endloop
  endfacet
  facet normal 0 0 1
    outer loop
      vertex 147.4000 20.7000 3.0000
      vertex 150.4000 25.7000 3.0000
      vertex 147.4000 23.7000 3.0000
    endloop
  endfacet
  facet normal 0 0 -1
    outer loop
      vertex 147.4000 23.7000 0.0000
      vertex 147.4000 26.7000 0.0000
      vertex 150.4000 25.7000 0.0000
    endloop
  endfacet
  facet normal 0 0 1
    outer loop
      vertex 147.4000 23.7000 3.0000
      vertex 150.4000 25.7000 3.0000
      vertex 147.4000 26.7000 3.0000
    endloop
  endfacet
  facet normal -1 0 0
    outer loop
      vertex 147.4000 26.7000 0.0000
      vertex 147.4000 26.7000 3.0000
      vertex 147.4000 29.7000 3.0000
    endloop
  endfacet
  facet normal 0 0 -1
    outer loop
      vertex 147.4000 26.7000 0.0000
      vertex 147.4000 29.7000 0.0000
      vertex 150.4000 25.7000 0.0000
    endloop
  endfacet
  facet normal -1 0 0
    outer loop
      vertex 147.4000 26.7000 0.0000
      vertex 147.4000 29.7000 3.0000
      vertex 147.4000 29.7000 0.0000
    endloop
  endfacet
  facet normal 0 0 1
    outer loop
      vertex 147.4000 26.7000 3.0000
      vertex 150.4000 25.7000 3.0000
      vertex 147.4000 29.7000 3.0000
    endloop
  endfacet
  facet normal 0 0 -1
    outer loop
      vertex 147.4000 29.7000 0.0000
      vertex 147.4000 32.7000 0.0000
      vertex 150.4000 25.7000 0.0000
    endloop
  endfacet
  facet normal 0 0 1
    outer loop
      vertex 147.4000 29.7000 3.0000
      vertex 150.4000 25.7000 3.0000
      vertex 147.4000 32.7000 3.0000
    endloop
  endfacet
  facet normal -1 0 0
    outer loop
      vertex 147.4000 32.7000 0.0000
      vertex 147.4000 32.7000 3.0000
      vertex 147.4000 35.7000 3.0000
    endloop
  endfacet
  facet normal 0 0 -1
    outer loop
      vertex 147.4000 32.7000 0.0000
      vertex 147.4000 35.7000 0.0000
      vertex 150.4000 25.7000 0.0000
    endloop
  endfacet
  facet normal -1 0 0
    outer loop
      vertex 147.4000 32.7000 0.0000
      vertex 147.4000 35.7000 3.0000
      vertex 147.4000 35.7000 0.0000
    endloop
  endfacet
  facet normal 0 0 1
    outer loop
      vertex 147.4000 32.7000 3.0000
      vertex 150.4000 25.7000 3.0000
      vertex 147.4000 35.7000 3.0000
    endloop
  endfacet
  facet normal 0 0 -1
    outer loop
      vertex 147.4000 35.7000 0.0000
      vertex 147.4000 38.7000 0.0000
      vertex 162.8000 50.3800 0.0000
    endloop
  endfacet
  facet normal 0 0 -1
    outer loop
      vertex 147.4000 35.7000 0.0000
      vertex 162.8000 50.3800 0.0000
      vertex 150.4000 25.7000 0.0000
    endloop
  endfacet
  facet normal 0 0 1
    outer loop
      vertex 147.4000 35.7000 3.0000
      vertex 150.4000 25.7000 3.0000
      vertex 162.8000 50.3800 3.0000
    endloop
  endfacet
  facet normal 0 0 1
    outer loop
      vertex 147.4000 35.7000 3.0000
      vertex 162.8000 50.3800 3.0000
      vertex 147.4000 38.7000 3.0000
    endloop
  endfacet
  facet normal -1 0 0
    outer loop
      vertex 147.4000 38.7000 0.0000
      vertex 147.4000 38.7000 3.0000
      vertex 147.4000 41.7000 3.0000
    endloop
  endfacet
  facet normal 0 0 -1
    outer loop
      vertex 147.4000 38.7000 0.0000
      vertex 147.4000 41.7000 0.0000
      vertex 162.8000 50.3800 0.0000
    endloop
  endfacet
  facet normal -1 0 0
    outer loop
      vertex 147.4000 38.7000 0.0000
      vertex 147.4000 41.7000 3.0000
      vertex 147.4000 41.7000 0.0000
    endloop
  endfacet
  facet normal 0 0 1
    outer loop
      vertex 147.4000 38.7000 3.0000
      vertex 162.8000 50.3800 3.0000
      vertex 147.4000 41.7000 3.0000
    endloop
  endfacet
  facet normal 0 0 -1
    outer loop
      vertex 147.4000 41.7000 0.0000
      vertex 147.4000 44.7000 0.0000
      vertex 162.8000 50.3800 0.0000
    endloop
  endfacet
  facet normal 0 0 1
    outer loop
      vertex 147.4000 41.7000 3.0000
      vertex 162.8000 50.3800 3.0000
      vertex 147.4000 44.7000 3.0000
    endloop
  endfacet
  facet normal -1 0 0
    outer loop
      vertex 147.4000 44.7000 0.0000
      vertex 147.4000 44.7000 3.0000
      vertex 147.4000 47.7000 3.0000
    endloop
  endfacet
  facet normal 0 0 -1
    outer loop
      vertex 147.4000 44.7000 0.0000
      vertex 147.4000 47.7000 0.0000
      vertex 162.8000 50.3800 0.0000
    endloop
  endfacet
  facet normal -1 0 0
    outer loop
      vertex 147.4000 44.7000 0.0000
      vertex 147.4000 47.7000 3.0000
      vertex 147.4000 47.7000 0.0000
    endloop
  endfacet
  facet normal 0 0 1
    outer loop
      vertex 147.4000 44.7000 3.0000
      vertex 162.8000 50.3800 3.0000
      vertex 147.4000 47.7000 3.0000
    endloop
  endfacet
  facet normal -1 0 0
    outer loop
      vertex 147.4000 94.7000 0.0000
      vertex 147.4000 94.7000 3.0000
      vertex 147.4000 97.7000 3.0000
    endloop
  endfacet
  facet normal 0 0 -1
    outer loop
      vertex 147.4000 94.7000 0.0000
      vertex 147.4000 97.7000 0.0000
      vertex 159.8000 83.7000 0.0000
    endloop
  endfacet
  facet normal -1 0 0
    outer loop
      vertex 147.4000 94.7000 0.0000
      vertex 147.4000 97.7000 3.0000
      vertex 147.4000 97.7000 0.0000
    endloop
  endfacet
  facet normal 0 0 -1
    outer loop
      vertex 147.4000 94.7000 0.0000
      vertex 159.8000 83.7000 0.0000
      vertex 159.8000 71.8000 0.0000
    endloop
  endfacet
  facet normal 0 0 1
    outer loop
      vertex 147.4000 94.7000 3.0000
      vertex 159.8000 71.8000 3.0000
      vertex 159.8000 83.7000 3.0000
    endloop
  endfacet
  facet normal 0 0 1
    outer loop
      vertex 147.4000 94.7000 3.0000
      vertex 159.8000 83.7000 3.0000
      vertex 147.4000 97.7000 3.0000
    endloop
  endfacet
  facet normal 0 0 -1
    outer loop
      vertex 147.4000 97.7000 0.0000
      vertex 147.4000 100.7000 0.0000
      vertex 159.8000 83.7000 0.0000
    endloop
  endfacet
  facet normal 0 0 1
    outer loop
      vertex 147.4000 97.7000 3.0000
      vertex 159.8000 83.7000 3.0000
      vertex 147.4000 100.7000 3.0000
    endloop
  endfacet
  facet normal -1 0 0
    outer loop
      vertex 147.4000 100.7000 0.0000
      vertex 147.4000 100.7000 3.0000
      vertex 147.4000 103.7000 3.0000
    endloop
  endfacet
  facet normal 0 0 -1
    outer loop
      vertex 147.4000 100.7000 0.0000
      vertex 147.4000 103.7000 0.0000
      vertex 171.8000 83.7000 0.0000
    endloop
  endfacet
  facet normal -1 0 0
    outer loop
      vertex 147.4000 100.7000 0.0000
      vertex 147.4000 103.7000 3.0000
      vertex 147.4000 103.7000 0.0000
    endloop
  endfacet
  facet normal 0 0 -1
    outer loop
      vertex 147.4000 100.7000 0.0000
      vertex 171.8000 83.7000 0.0000
      vertex 159.8000 83.7000 0.0000
    endloop
  endfacet
  facet normal 0 0 1
    outer loop
      vertex 147.4000 100.7000 3.0000
      vertex 159.8000 83.7000 3.0000
      vertex 171.8000 83.7000 3.0000
    endloop
  endfacet
  facet normal 0 0 1
    outer loop
      vertex 147.4000 100.7000 3.0000
      vertex 171.8000 83.7000 3.0000
      vertex 147.4000 103.7000 3.0000
    endloop
  endfacet
  facet normal 0 0 -1
    outer loop
      vertex 147.4000 103.7000 0.0000
      vertex 147.4000 106.7000 0.0000
      vertex 177.4000 123.4000 0.0000
    endloop
  endfacet
  facet normal 0 0 -1
    outer loop
      vertex 147.4000 103.7000 0.0000
      vertex 177.4000 123.4000 0.0000
      vertex 171.8000 83.7000 0.0000
    endloop
  endfacet
  facet normal 0 0 1
    outer loop
      vertex 147.4000 103.7000 3.0000
      vertex 171.8000 83.7000 3.0000
      vertex 177.4000 123.4000 3.0000
    endloop
  endfacet
  facet normal 0 0 1
    outer loop
      vertex 147.4000 103.7000 3.0000
      vertex 177.4000 123.4000 3.0000
      vertex 147.4000 106.7000 3.0000
    endloop
  endfacet
  facet normal -1 0 0
    outer loop
      vertex 147.4000 106.7000 0.0000
      vertex 147.4000 106.7000 3.0000
      vertex 147.4000 109.7000 3.0000
    endloop
  endfacet
  facet normal 0 0 -1
    outer loop
      vertex 147.4000 106.7000 0.0000
      vertex 147.4000 109.7000 0.0000
      vertex 177.4000 123.4000 0.0000
    endloop
  endfacet
  facet normal -1 0 0
    outer loop
      vertex 147.4000 106.7000 0.0000
      vertex 147.4000 109.7000 3.0000
      vertex 147.4000 109.7000 0.0000
    endloop
  endfacet
  facet normal 0 0 1
    outer loop
      vertex 147.4000 106.7000 3.0000
      vertex 177.4000 123.4000 3.0000
      vertex 147.4000 109.7000 3.0000
    endloop
  endfacet
  facet normal 0 0 -1
    outer loop
      vertex 147.4000 109.7000 0.0000
      vertex 147.4000 112.7000 0.0000
      vertex 177.4000 123.4000 0.0000
    endloop
  endfacet
  facet normal 0 0 1
    outer loop
      vertex 147.4000 109.7000 3.0000
      vertex 177.4000 123.4000 3.0000
      vertex 147.4000 112.7000 3.0000
    endloop
  endfacet
  facet normal -1 0 0
    outer loop
      vertex 147.4000 112.7000 0.0000
      vertex 147.4000 112.7000 3.0000
      vertex 147.4000 115.7000 3.0000
    endloop
  endfacet
  facet normal 0 0 -1
    outer loop
      vertex 147.4000 112.7000 0.0000
      vertex 147.4000 115.7000 0.0000
      vertex 177.4000 123.4000 0.0000
    endloop
  endfacet
  facet normal -1 0 0
    outer loop
      vertex 147.4000 112.7000 0.0000
      vertex 147.4000 115.7000 3.0000
      vertex 147.4000 115.7000 0.0000
    endloop
  endfacet
  facet normal 0 0 1
    outer loop
      vertex 147.4000 112.7000 3.0000
      vertex 177.4000 123.4000 3.0000
      vertex 147.4000 115.7000 3.0000
    endloop
  endfacet
  facet normal 0 1 0
    outer loop
      vertex 150.4000 5.7000 0.0000
      vertex 150.4000 5.7000 3.0000
      vertex 177.4000 5.7000 0.0000
    endloop
  endfacet
  facet normal 1 0 0
    outer loop
      vertex 150.4000 5.7000 0.0000
      vertex 150.4000 25.7000 0.0000
      vertex 150.4000 5.7000 3.0000
    endloop
  endfacet
  facet normal 0 0 -1
    outer loop
      vertex 150.4000 5.7000 0.0000
      vertex 177.4000 5.7000 0.0000
      vertex 177.4000 0.0000 0.0000
    endloop
  endfacet
  facet normal 1 0 0
    outer loop
      vertex 150.4000 5.7000 3.0000
      vertex 150.4000 25.7000 0.0000
      vertex 150.4000 25.7000 3.0000
    endloop
  endfacet
  facet normal 0 0 1
    outer loop
      vertex 150.4000 5.7000 3.0000
      vertex 177.4000 0.0000 3.0000
      vertex 177.4000 5.7000 3.0000
    endloop
  endfacet
  facet normal 0 1 0
    outer loop
      vertex 150.4000 5.7000 3.0000
      vertex 177.4000 5.7000 3.0000
      vertex 177.4000 5.7000 0.0000
    endloop
  endfacet
  facet normal 0 0 -1
    outer loop
      vertex 150.4000 25.7000 0.0000
      vertex 162.8000 50.3800 0.0000
      vertex 177.4000 25.7000 0.0000
    endloop
  endfacet
  facet normal 0 -1 0
    outer loop
      vertex 150.4000 25.7000 0.0000
      vertex 177.4000 25.7000 0.0000
      vertex 177.4000 25.7000 3.0000
    endloop
  endfacet
  facet normal 0 -1 0
    outer loop
      vertex 150.4000 25.7000 0.0000
      vertex 177.4000 25.7000 3.0000
      vertex 150.4000 25.7000 3.0000
    endloop
  endfacet
  facet normal 0 0 1
    outer loop
      vertex 150.4000 25.7000 3.0000
      vertex 177.4000 25.7000 3.0000
      vertex 162.8000 50.3800 3.0000
    endloop
  endfacet
  facet normal 1 0 0
    outer loop
      vertex 159.8000 71.8000 0.0000
      vertex 159.8000 83.7000 0.0000
      vertex 159.8000 71.8000 3.0000
    endloop
  endfacet
  facet normal 1 0 0
    outer loop
      vertex 159.8000 71.8000 3.0000
      vertex 159.8000 83.7000 0.0000
      vertex 159.8000 83.7000 3.0000
    endloop
  endfacet
  facet normal 0 -1 0
    outer loop
      vertex 159.8000 83.7000 0.0000
      vertex 171.8000 83.7000 0.0000
      vertex 171.8000 83.7000 3.0000
    endloop
  endfacet
  facet normal 0 -1 0
    outer loop
      vertex 159.8000 83.7000 0.0000
      vertex 171.8000 83.7000 3.0000
      vertex 159.8000 83.7000 3.0000
    endloop
  endfacet
  facet normal -1 0 0
    outer loop
      vertex 162.8000 50.3800 0.0000
      vertex 162.8000 50.3800 3.0000
      vertex 162.8000 67.8000 3.0000
    endloop
  endfacet
  facet normal 0 0 -1
    outer loop
      vertex 162.8000 50.3800 0.0000
      vertex 162.8000 67.8000 0.0000
      vertex 171.8000 67.8000 0.0000
    endloop
  endfacet
  facet normal -1 0 0
    outer loop
      vertex 162.8000 50.3800 0.0000
      vertex 162.8000 67.8000 3.0000
      vertex 162.8000 67.8000 0.0000
    endloop
  endfacet
  facet normal 0 0 -1
    outer loop
      vertex 162.8000 50.3800 0.0000
      vertex 171.8000 67.8000 0.0000
      vertex 177.4000 25.7000 0.0000
    endloop
  endfacet
  facet normal 0 0 1
    outer loop
      vertex 162.8000 50.3800 3.0000
      vertex 171.8000 67.8000 3.0000
      vertex 162.8000 67.8000 3.0000
    endloop
  endfacet
  facet normal 0 0 1
    outer loop
      vertex 162.8000 50.3800 3.0000
      vertex 177.4000 25.7000 3.0000
      vertex 171.8000 67.8000 3.0000
    endloop
  endfacet
  facet normal 0 1 0
    outer loop
      vertex 162.8000 67.8000 0.0000
      vertex 162.8000 67.8000 3.0000
      vertex 171.8000 67.8000 0.0000
    endloop
  endfacet
  facet normal 0 1 0
    outer loop
      vertex 162.8000 67.8000 3.0000
      vertex 171.8000 67.8000 3.0000
      vertex 171.8000 67.8000 0.0000
    endloop
  endfacet
  facet normal -1 0 0
    outer loop
      vertex 171.8000 67.8000 0.0000
      vertex 171.8000 67.8000 3.0000
      vertex 171.8000 83.7000 3.0000
    endloop
  endfacet
  facet normal 0 0 -1
    outer loop
      vertex 171.8000 67.8000 0.0000
      vertex 171.8000 83.7000 0.0000
      vertex 177.4000 123.4000 0.0000
    endloop
  endfacet
  facet normal -1 0 0
    outer loop
      vertex 171.8000 67.8000 0.0000
      vertex 171.8000 83.7000 3.0000
      vertex 171.8000 83.7000 0.0000
    endloop
  endfacet
  facet normal 0 0 -1
    outer loop
      vertex 171.8000 67.8000 0.0000
      vertex 177.4000 123.4000 0.0000
      vertex 177.4000 25.7000 0.0000
    endloop
  endfacet
  facet normal 0 0 1
    outer loop
      vertex 171.8000 67.8000 3.0000
      vertex 177.4000 25.7000 3.0000
      vertex 171.8000 83.7000 3.0000
    endloop
  endfacet
  facet normal 0 0 1
    outer loop
      vertex 171.8000 83.7000 3.0000
      vertex 177.4000 25.7000 3.0000
      vertex 177.4000 123.4000 3.0000
    endloop
  endfacet
  facet normal 1 0 0
    outer loop
      vertex 177.4000 0.0000 0.0000
      vertex 177.4000 5.7000 0.0000
      vertex 177.4000 0.0000 3.0000
    endloop
  endfacet
  facet normal 1 0 0
    outer loop
      vertex 177.4000 0.0000 3.0000
      vertex 177.4000 5.7000 0.0000
      vertex 177.4000 5.7000 3.0000
    endloop
  endfacet
  facet normal 1 0 0
    outer loop
      vertex 177.4000 25.7000 0.0000
      vertex 177.4000 123.4000 0.0000
      vertex 177.4000 25.7000 3.0000
    endloop
  endfacet
  facet normal 1 0 0
    outer loop
      vertex 177.4000 25.7000 3.0000
      vertex 177.4000 123.4000 0.0000
      vertex 177.4000 123.4000 3.0000
    endloop
  endfacet
endsolid OpenSCAD_Model
