solid OpenSCAD_Model
  facet normal -1 0 0
    outer loop
      vertex 150.7 13.4 3.8147e-07
      vertex 150.7 33.4 3
      vertex 150.7 33.4 3.8147e-07
    endloop
  endfacet
  facet normal -1 -0 0
    outer loop
      vertex 150.7 33.4 3
      vertex 150.7 13.4 3.8147e-07
      vertex 150.7 13.4 3
    endloop
  endfacet
  facet normal 1 -0 0
    outer loop
      vertex 147.7 13.4 3
      vertex 147.7 33.4 3.8147e-07
      vertex 147.7 33.4 3
    endloop
  endfacet
  facet normal 1 0 0
    outer loop
      vertex 147.7 33.4 3.8147e-07
      vertex 147.7 13.4 3
      vertex 147.7 13.4 3.8147e-07
    endloop
  endfacet
  facet normal 0 -1 0
    outer loop
      vertex 147.7 33.4 3.8147e-07
      vertex 150.7 33.4 3
      vertex 147.7 33.4 3
    endloop
  endfacet
  facet normal 0 -1 -0
    outer loop
      vertex 150.7 33.4 3
      vertex 147.7 33.4 3.8147e-07
      vertex 150.7 33.4 3.8147e-07
    endloop
  endfacet
  facet normal 0 1 -0
    outer loop
      vertex 150.7 13.4 3.8147e-07
      vertex 147.7 13.4 3
      vertex 150.7 13.4 3
    endloop
  endfacet
  facet normal 0 1 0
    outer loop
      vertex 147.7 13.4 3
      vertex 150.7 13.4 3.8147e-07
      vertex 147.7 13.4 3.8147e-07
    endloop
  endfacet
  facet normal -1 0 0
    outer loop
      vertex 150.7 37.4 3.8147e-07
      vertex 150.7 57.4 3
      vertex 150.7 57.4 3.8147e-07
    endloop
  endfacet
  facet normal -1 -0 0
    outer loop
      vertex 150.7 57.4 3
      vertex 150.7 37.4 3.8147e-07
      vertex 150.7 37.4 3
    endloop
  endfacet
  facet normal 1 -0 0
    outer loop
      vertex 147.7 37.4 3
      vertex 147.7 57.4 3.8147e-07
      vertex 147.7 57.4 3
    endloop
  endfacet
  facet normal 1 0 0
    outer loop
      vertex 147.7 57.4 3.8147e-07
      vertex 147.7 37.4 3
      vertex 147.7 37.4 3.8147e-07
    endloop
  endfacet
  facet normal 0 -1 0
    outer loop
      vertex 147.7 57.4 3.8147e-07
      vertex 150.7 57.4 3
      vertex 147.7 57.4 3
    endloop
  endfacet
  facet normal 0 -1 -0
    outer loop
      vertex 150.7 57.4 3
      vertex 147.7 57.4 3.8147e-07
      vertex 150.7 57.4 3.8147e-07
    endloop
  endfacet
  facet normal 0 1 -0
    outer loop
      vertex 150.7 37.4 3.8147e-07
      vertex 147.7 37.4 3
      vertex 150.7 37.4 3
    endloop
  endfacet
  facet normal 0 1 0
    outer loop
      vertex 147.7 37.4 3
      vertex 150.7 37.4 3.8147e-07
      vertex 147.7 37.4 3.8147e-07
    endloop
  endfacet
  facet normal -1 0 0
    outer loop
      vertex 150.7 61.4 3.8147e-07
      vertex 150.7 81.4 3
      vertex 150.7 81.4 3.8147e-07
    endloop
  endfacet
  facet normal -1 -0 0
    outer loop
      vertex 150.7 81.4 3
      vertex 150.7 61.4 3.8147e-07
      vertex 150.7 61.4 3
    endloop
  endfacet
  facet normal 1 0 0
    outer loop
      vertex 147.7 81 3
      vertex 147.7 61.4 3
      vertex 147.7 81 2.99
    endloop
  endfacet
  facet normal 1 -0 0
    outer loop
      vertex 147.7 81 2.99
      vertex 147.7 81.4 3.8147e-07
      vertex 147.7 81.4 2.99
    endloop
  endfacet
  facet normal 1 0 0
    outer loop
      vertex 147.7 61.4 3.8147e-07
      vertex 147.7 81 2.99
      vertex 147.7 61.4 3
    endloop
  endfacet
  facet normal 1 0 0
    outer loop
      vertex 147.7 81 2.99
      vertex 147.7 61.4 3.8147e-07
      vertex 147.7 81.4 3.8147e-07
    endloop
  endfacet
  facet normal 0 -1 0
    outer loop
      vertex 147.7 81.4 2.99
      vertex 147.7 81.4 3.8147e-07
      vertex 148 81.4 2.99
    endloop
  endfacet
  facet normal 0 -1 0
    outer loop
      vertex 148 81.4 2.99
      vertex 150.7 81.4 3
      vertex 148 81.4 3
    endloop
  endfacet
  facet normal 0 -1 0
    outer loop
      vertex 150.7 81.4 3.8147e-07
      vertex 148 81.4 2.99
      vertex 147.7 81.4 3.8147e-07
    endloop
  endfacet
  facet normal 0 -1 0
    outer loop
      vertex 148 81.4 2.99
      vertex 150.7 81.4 3.8147e-07
      vertex 150.7 81.4 3
    endloop
  endfacet
  facet normal 0 1 -0
    outer loop
      vertex 150.7 61.4 3.8147e-07
      vertex 147.7 61.4 3
      vertex 150.7 61.4 3
    endloop
  endfacet
  facet normal 0 1 0
    outer loop
      vertex 147.7 61.4 3
      vertex 150.7 61.4 3.8147e-07
      vertex 147.7 61.4 3.8147e-07
    endloop
  endfacet
  facet normal -1 0 0
    outer loop
      vertex 156.7 13.4 3.8147e-07
      vertex 156.7 33.4 3
      vertex 156.7 33.4 3.8147e-07
    endloop
  endfacet
  facet normal -1 -0 0
    outer loop
      vertex 156.7 33.4 3
      vertex 156.7 13.4 3.8147e-07
      vertex 156.7 13.4 3
    endloop
  endfacet
  facet normal 1 -0 0
    outer loop
      vertex 153.7 13.4 3
      vertex 153.7 33.4 3.8147e-07
      vertex 153.7 33.4 3
    endloop
  endfacet
  facet normal 1 0 0
    outer loop
      vertex 153.7 33.4 3.8147e-07
      vertex 153.7 13.4 3
      vertex 153.7 13.4 3.8147e-07
    endloop
  endfacet
  facet normal 0 -1 0
    outer loop
      vertex 153.7 33.4 3.8147e-07
      vertex 156.7 33.4 3
      vertex 153.7 33.4 3
    endloop
  endfacet
  facet normal 0 -1 -0
    outer loop
      vertex 156.7 33.4 3
      vertex 153.7 33.4 3.8147e-07
      vertex 156.7 33.4 3.8147e-07
    endloop
  endfacet
  facet normal 0 1 -0
    outer loop
      vertex 156.7 13.4 3.8147e-07
      vertex 153.7 13.4 3
      vertex 156.7 13.4 3
    endloop
  endfacet
  facet normal 0 1 0
    outer loop
      vertex 153.7 13.4 3
      vertex 156.7 13.4 3.8147e-07
      vertex 153.7 13.4 3.8147e-07
    endloop
  endfacet
  facet normal -1 0 0
    outer loop
      vertex 156.7 37.4 3.8147e-07
      vertex 156.7 57.4 3
      vertex 156.7 57.4 3.8147e-07
    endloop
  endfacet
  facet normal -1 -0 0
    outer loop
      vertex 156.7 57.4 3
      vertex 156.7 37.4 3.8147e-07
      vertex 156.7 37.4 3
    endloop
  endfacet
  facet normal 1 -0 0
    outer loop
      vertex 153.7 37.4 3
      vertex 153.7 57.4 3.8147e-07
      vertex 153.7 57.4 3
    endloop
  endfacet
  facet normal 1 0 0
    outer loop
      vertex 153.7 57.4 3.8147e-07
      vertex 153.7 37.4 3
      vertex 153.7 37.4 3.8147e-07
    endloop
  endfacet
  facet normal 0 -1 0
    outer loop
      vertex 153.7 57.4 3.8147e-07
      vertex 156.7 57.4 3
      vertex 153.7 57.4 3
    endloop
  endfacet
  facet normal 0 -1 -0
    outer loop
      vertex 156.7 57.4 3
      vertex 153.7 57.4 3.8147e-07
      vertex 156.7 57.4 3.8147e-07
    endloop
  endfacet
  facet normal 0 1 -0
    outer loop
      vertex 156.7 37.4 3.8147e-07
      vertex 153.7 37.4 3
      vertex 156.7 37.4 3
    endloop
  endfacet
  facet normal 0 1 0
    outer loop
      vertex 153.7 37.4 3
      vertex 156.7 37.4 3.8147e-07
      vertex 153.7 37.4 3.8147e-07
    endloop
  endfacet
  facet normal -1 0 0
    outer loop
      vertex 156.7 61.4 3.8147e-07
      vertex 156.7 81.4 3
      vertex 156.7 81.4 3.8147e-07
    endloop
  endfacet
  facet normal -1 -0 0
    outer loop
      vertex 156.7 81.4 3
      vertex 156.7 61.4 3.8147e-07
      vertex 156.7 61.4 3
    endloop
  endfacet
  facet normal 1 -0 0
    outer loop
      vertex 153.7 61.4 3
      vertex 153.7 81.4 3.8147e-07
      vertex 153.7 81.4 3
    endloop
  endfacet
  facet normal 1 0 0
    outer loop
      vertex 153.7 81.4 3.8147e-07
      vertex 153.7 61.4 3
      vertex 153.7 61.4 3.8147e-07
    endloop
  endfacet
  facet normal 0 -1 0
    outer loop
      vertex 153.7 81.4 3.8147e-07
      vertex 156.7 81.4 3
      vertex 153.7 81.4 3
    endloop
  endfacet
  facet normal 0 -1 -0
    outer loop
      vertex 156.7 81.4 3
      vertex 153.7 81.4 3.8147e-07
      vertex 156.7 81.4 3.8147e-07
    endloop
  endfacet
  facet normal 0 1 -0
    outer loop
      vertex 156.7 61.4 3.8147e-07
      vertex 153.7 61.4 3
      vertex 156.7 61.4 3
    endloop
  endfacet
  facet normal 0 1 0
    outer loop
      vertex 153.7 61.4 3
      vertex 156.7 61.4 3.8147e-07
      vertex 153.7 61.4 3.8147e-07
    endloop
  endfacet
  facet normal -1 0 0
    outer loop
      vertex 162.7 13.4 3.8147e-07
      vertex 162.7 33.4 3
      vertex 162.7 33.4 3.8147e-07
    endloop
  endfacet
  facet normal -1 -0 0
    outer loop
      vertex 162.7 33.4 3
      vertex 162.7 13.4 3.8147e-07
      vertex 162.7 13.4 3
    endloop
  endfacet
  facet normal 1 -0 0
    outer loop
      vertex 159.7 13.4 3
      vertex 159.7 33.4 3.8147e-07
      vertex 159.7 33.4 3
    endloop
  endfacet
  facet normal 1 0 0
    outer loop
      vertex 159.7 33.4 3.8147e-07
      vertex 159.7 13.4 3
      vertex 159.7 13.4 3.8147e-07
    endloop
  endfacet
  facet normal 0 -1 0
    outer loop
      vertex 159.7 33.4 3.8147e-07
      vertex 162.7 33.4 3
      vertex 159.7 33.4 3
    endloop
  endfacet
  facet normal 0 -1 -0
    outer loop
      vertex 162.7 33.4 3
      vertex 159.7 33.4 3.8147e-07
      vertex 162.7 33.4 3.8147e-07
    endloop
  endfacet
  facet normal 0 1 -0
    outer loop
      vertex 162.7 13.4 3.8147e-07
      vertex 159.7 13.4 3
      vertex 162.7 13.4 3
    endloop
  endfacet
  facet normal 0 1 0
    outer loop
      vertex 159.7 13.4 3
      vertex 162.7 13.4 3.8147e-07
      vertex 159.7 13.4 3.8147e-07
    endloop
  endfacet
  facet normal -1 0 0
    outer loop
      vertex 162.7 37.4 3.8147e-07
      vertex 162.7 57.4 3
      vertex 162.7 57.4 3.8147e-07
    endloop
  endfacet
  facet normal -1 -0 0
    outer loop
      vertex 162.7 57.4 3
      vertex 162.7 37.4 3.8147e-07
      vertex 162.7 37.4 3
    endloop
  endfacet
  facet normal 1 -0 0
    outer loop
      vertex 159.7 37.4 3
      vertex 159.7 57.4 3.8147e-07
      vertex 159.7 57.4 3
    endloop
  endfacet
  facet normal 1 0 0
    outer loop
      vertex 159.7 57.4 3.8147e-07
      vertex 159.7 37.4 3
      vertex 159.7 37.4 3.8147e-07
    endloop
  endfacet
  facet normal 0 -1 0
    outer loop
      vertex 159.7 57.4 3.8147e-07
      vertex 162.7 57.4 3
      vertex 159.7 57.4 3
    endloop
  endfacet
  facet normal 0 -1 -0
    outer loop
      vertex 162.7 57.4 3
      vertex 159.7 57.4 3.8147e-07
      vertex 162.7 57.4 3.8147e-07
    endloop
  endfacet
  facet normal 0 1 -0
    outer loop
      vertex 162.7 37.4 3.8147e-07
      vertex 159.7 37.4 3
      vertex 162.7 37.4 3
    endloop
  endfacet
  facet normal 0 1 0
    outer loop
      vertex 159.7 37.4 3
      vertex 162.7 37.4 3.8147e-07
      vertex 159.7 37.4 3.8147e-07
    endloop
  endfacet
  facet normal -1 0 0
    outer loop
      vertex 162.7 61.4 3.8147e-07
      vertex 162.7 81.4 3
      vertex 162.7 81.4 3.8147e-07
    endloop
  endfacet
  facet normal -1 -0 0
    outer loop
      vertex 162.7 81.4 3
      vertex 162.7 61.4 3.8147e-07
      vertex 162.7 61.4 3
    endloop
  endfacet
  facet normal 1 -0 0
    outer loop
      vertex 159.7 61.4 3
      vertex 159.7 81.4 3.8147e-07
      vertex 159.7 81.4 3
    endloop
  endfacet
  facet normal 1 0 0
    outer loop
      vertex 159.7 81.4 3.8147e-07
      vertex 159.7 61.4 3
      vertex 159.7 61.4 3.8147e-07
    endloop
  endfacet
  facet normal 0 -1 0
    outer loop
      vertex 159.7 81.4 3.8147e-07
      vertex 162.7 81.4 3
      vertex 159.7 81.4 3
    endloop
  endfacet
  facet normal 0 -1 -0
    outer loop
      vertex 162.7 81.4 3
      vertex 159.7 81.4 3.8147e-07
      vertex 162.7 81.4 3.8147e-07
    endloop
  endfacet
  facet normal 0 1 -0
    outer loop
      vertex 162.7 61.4 3.8147e-07
      vertex 159.7 61.4 3
      vertex 162.7 61.4 3
    endloop
  endfacet
  facet normal 0 1 0
    outer loop
      vertex 159.7 61.4 3
      vertex 162.7 61.4 3.8147e-07
      vertex 159.7 61.4 3.8147e-07
    endloop
  endfacet
  facet normal -1 0 0
    outer loop
      vertex 168.7 13.4 3.8147e-07
      vertex 168.7 33.4 3
      vertex 168.7 33.4 3.8147e-07
    endloop
  endfacet
  facet normal -1 -0 0
    outer loop
      vertex 168.7 33.4 3
      vertex 168.7 13.4 3.8147e-07
      vertex 168.7 13.4 3
    endloop
  endfacet
  facet normal 1 -0 0
    outer loop
      vertex 165.7 13.4 3
      vertex 165.7 33.4 3.8147e-07
      vertex 165.7 33.4 3
    endloop
  endfacet
  facet normal 1 0 0
    outer loop
      vertex 165.7 33.4 3.8147e-07
      vertex 165.7 13.4 3
      vertex 165.7 13.4 3.8147e-07
    endloop
  endfacet
  facet normal 0 -1 0
    outer loop
      vertex 165.7 33.4 3.8147e-07
      vertex 168.7 33.4 3
      vertex 165.7 33.4 3
    endloop
  endfacet
  facet normal 0 -1 -0
    outer loop
      vertex 168.7 33.4 3
      vertex 165.7 33.4 3.8147e-07
      vertex 168.7 33.4 3.8147e-07
    endloop
  endfacet
  facet normal 0 1 -0
    outer loop
      vertex 168.7 13.4 3.8147e-07
      vertex 165.7 13.4 3
      vertex 168.7 13.4 3
    endloop
  endfacet
  facet normal 0 1 0
    outer loop
      vertex 165.7 13.4 3
      vertex 168.7 13.4 3.8147e-07
      vertex 165.7 13.4 3.8147e-07
    endloop
  endfacet
  facet normal -1 0 0
    outer loop
      vertex 168.7 37.4 3.8147e-07
      vertex 168.7 57.4 3
      vertex 168.7 57.4 3.8147e-07
    endloop
  endfacet
  facet normal -1 -0 0
    outer loop
      vertex 168.7 57.4 3
      vertex 168.7 37.4 3.8147e-07
      vertex 168.7 37.4 3
    endloop
  endfacet
  facet normal 1 -0 0
    outer loop
      vertex 165.7 37.4 3
      vertex 165.7 57.4 3.8147e-07
      vertex 165.7 57.4 3
    endloop
  endfacet
  facet normal 1 0 0
    outer loop
      vertex 165.7 57.4 3.8147e-07
      vertex 165.7 37.4 3
      vertex 165.7 37.4 3.8147e-07
    endloop
  endfacet
  facet normal 0 -1 0
    outer loop
      vertex 165.7 57.4 3.8147e-07
      vertex 168.7 57.4 3
      vertex 165.7 57.4 3
    endloop
  endfacet
  facet normal 0 -1 -0
    outer loop
      vertex 168.7 57.4 3
      vertex 165.7 57.4 3.8147e-07
      vertex 168.7 57.4 3.8147e-07
    endloop
  endfacet
  facet normal 0 1 -0
    outer loop
      vertex 168.7 37.4 3.8147e-07
      vertex 165.7 37.4 3
      vertex 168.7 37.4 3
    endloop
  endfacet
  facet normal 0 1 0
    outer loop
      vertex 165.7 37.4 3
      vertex 168.7 37.4 3.8147e-07
      vertex 165.7 37.4 3.8147e-07
    endloop
  endfacet
  facet normal -1 0 0
    outer loop
      vertex 168.7 61.4 3.8147e-07
      vertex 168.7 81.4 3
      vertex 168.7 81.4 3.8147e-07
    endloop
  endfacet
  facet normal -1 -0 0
    outer loop
      vertex 168.7 81.4 3
      vertex 168.7 61.4 3.8147e-07
      vertex 168.7 61.4 3
    endloop
  endfacet
  facet normal 1 -0 0
    outer loop
      vertex 165.7 61.4 3
      vertex 165.7 81.4 3.8147e-07
      vertex 165.7 81.4 3
    endloop
  endfacet
  facet normal 1 0 0
    outer loop
      vertex 165.7 81.4 3.8147e-07
      vertex 165.7 61.4 3
      vertex 165.7 61.4 3.8147e-07
    endloop
  endfacet
  facet normal 0 -1 0
    outer loop
      vertex 165.7 81.4 3.8147e-07
      vertex 168.7 81.4 3
      vertex 165.7 81.4 3
    endloop
  endfacet
  facet normal 0 -1 -0
    outer loop
      vertex 168.7 81.4 3
      vertex 165.7 81.4 3.8147e-07
      vertex 168.7 81.4 3.8147e-07
    endloop
  endfacet
  facet normal 0 1 -0
    outer loop
      vertex 168.7 61.4 3.8147e-07
      vertex 165.7 61.4 3
      vertex 168.7 61.4 3
    endloop
  endfacet
  facet normal 0 1 0
    outer loop
      vertex 165.7 61.4 3
      vertex 168.7 61.4 3.8147e-07
      vertex 165.7 61.4 3.8147e-07
    endloop
  endfacet
  facet normal -1 0 0
    outer loop
      vertex 174.7 13.4 3.8147e-07
      vertex 174.7 33.4 3
      vertex 174.7 33.4 3.8147e-07
    endloop
  endfacet
  facet normal -1 -0 0
    outer loop
      vertex 174.7 33.4 3
      vertex 174.7 13.4 3.8147e-07
      vertex 174.7 13.4 3
    endloop
  endfacet
  facet normal 1 -0 0
    outer loop
      vertex 171.7 13.4 3
      vertex 171.7 33.4 3.8147e-07
      vertex 171.7 33.4 3
    endloop
  endfacet
  facet normal 1 0 0
    outer loop
      vertex 171.7 33.4 3.8147e-07
      vertex 171.7 13.4 3
      vertex 171.7 13.4 3.8147e-07
    endloop
  endfacet
  facet normal 0 -1 0
    outer loop
      vertex 171.7 33.4 3.8147e-07
      vertex 174.7 33.4 3
      vertex 171.7 33.4 3
    endloop
  endfacet
  facet normal 0 -1 -0
    outer loop
      vertex 174.7 33.4 3
      vertex 171.7 33.4 3.8147e-07
      vertex 174.7 33.4 3.8147e-07
    endloop
  endfacet
  facet normal 0 1 -0
    outer loop
      vertex 174.7 13.4 3.8147e-07
      vertex 171.7 13.4 3
      vertex 174.7 13.4 3
    endloop
  endfacet
  facet normal 0 1 0
    outer loop
      vertex 171.7 13.4 3
      vertex 174.7 13.4 3.8147e-07
      vertex 171.7 13.4 3.8147e-07
    endloop
  endfacet
  facet normal -1 0 0
    outer loop
      vertex 174.7 37.4 3.8147e-07
      vertex 174.7 57.4 3
      vertex 174.7 57.4 3.8147e-07
    endloop
  endfacet
  facet normal -1 -0 0
    outer loop
      vertex 174.7 57.4 3
      vertex 174.7 37.4 3.8147e-07
      vertex 174.7 37.4 3
    endloop
  endfacet
  facet normal 1 -0 0
    outer loop
      vertex 171.7 37.4 3
      vertex 171.7 57.4 3.8147e-07
      vertex 171.7 57.4 3
    endloop
  endfacet
  facet normal 1 0 0
    outer loop
      vertex 171.7 57.4 3.8147e-07
      vertex 171.7 37.4 3
      vertex 171.7 37.4 3.8147e-07
    endloop
  endfacet
  facet normal 0 -1 0
    outer loop
      vertex 171.7 57.4 3.8147e-07
      vertex 174.7 57.4 3
      vertex 171.7 57.4 3
    endloop
  endfacet
  facet normal 0 -1 -0
    outer loop
      vertex 174.7 57.4 3
      vertex 171.7 57.4 3.8147e-07
      vertex 174.7 57.4 3.8147e-07
    endloop
  endfacet
  facet normal 0 1 -0
    outer loop
      vertex 174.7 37.4 3.8147e-07
      vertex 171.7 37.4 3
      vertex 174.7 37.4 3
    endloop
  endfacet
  facet normal 0 1 0
    outer loop
      vertex 171.7 37.4 3
      vertex 174.7 37.4 3.8147e-07
      vertex 171.7 37.4 3.8147e-07
    endloop
  endfacet
  facet normal -1 0 0
    outer loop
      vertex 174.7 61.4 3.8147e-07
      vertex 174.7 81.4 3
      vertex 174.7 81.4 3.8147e-07
    endloop
  endfacet
  facet normal -1 -0 0
    outer loop
      vertex 174.7 81.4 3
      vertex 174.7 61.4 3.8147e-07
      vertex 174.7 61.4 3
    endloop
  endfacet
  facet normal 1 -0 0
    outer loop
      vertex 171.7 61.4 3
      vertex 171.7 81.4 3.8147e-07
      vertex 171.7 81.4 3
    endloop
  endfacet
  facet normal 1 0 0
    outer loop
      vertex 171.7 81.4 3.8147e-07
      vertex 171.7 61.4 3
      vertex 171.7 61.4 3.8147e-07
    endloop
  endfacet
  facet normal 0 -1 0
    outer loop
      vertex 171.7 81.4 3.8147e-07
      vertex 174.7 81.4 3
      vertex 171.7 81.4 3
    endloop
  endfacet
  facet normal 0 -1 -0
    outer loop
      vertex 174.7 81.4 3
      vertex 171.7 81.4 3.8147e-07
      vertex 174.7 81.4 3.8147e-07
    endloop
  endfacet
  facet normal 0 1 -0
    outer loop
      vertex 174.7 61.4 3.8147e-07
      vertex 171.7 61.4 3
      vertex 174.7 61.4 3
    endloop
  endfacet
  facet normal 0 1 0
    outer loop
      vertex 171.7 61.4 3
      vertex 174.7 61.4 3.8147e-07
      vertex 171.7 61.4 3.8147e-07
    endloop
  endfacet
  facet normal -1 0 0
    outer loop
      vertex 180.7 13.4 3.8147e-07
      vertex 180.7 33.4 3
      vertex 180.7 33.4 3.8147e-07
    endloop
  endfacet
  facet normal -1 -0 0
    outer loop
      vertex 180.7 33.4 3
      vertex 180.7 13.4 3.8147e-07
      vertex 180.7 13.4 3
    endloop
  endfacet
  facet normal 1 -0 0
    outer loop
      vertex 177.7 13.4 3
      vertex 177.7 33.4 3.8147e-07
      vertex 177.7 33.4 3
    endloop
  endfacet
  facet normal 1 0 0
    outer loop
      vertex 177.7 33.4 3.8147e-07
      vertex 177.7 13.4 3
      vertex 177.7 13.4 3.8147e-07
    endloop
  endfacet
  facet normal 0 -1 0
    outer loop
      vertex 177.7 33.4 3.8147e-07
      vertex 180.7 33.4 3
      vertex 177.7 33.4 3
    endloop
  endfacet
  facet normal 0 -1 -0
    outer loop
      vertex 180.7 33.4 3
      vertex 177.7 33.4 3.8147e-07
      vertex 180.7 33.4 3.8147e-07
    endloop
  endfacet
  facet normal 0 1 -0
    outer loop
      vertex 180.7 13.4 3.8147e-07
      vertex 177.7 13.4 3
      vertex 180.7 13.4 3
    endloop
  endfacet
  facet normal 0 1 0
    outer loop
      vertex 177.7 13.4 3
      vertex 180.7 13.4 3.8147e-07
      vertex 177.7 13.4 3.8147e-07
    endloop
  endfacet
  facet normal -1 0 0
    outer loop
      vertex 180.7 37.4 3.8147e-07
      vertex 180.7 57.4 3
      vertex 180.7 57.4 3.8147e-07
    endloop
  endfacet
  facet normal -1 -0 0
    outer loop
      vertex 180.7 57.4 3
      vertex 180.7 37.4 3.8147e-07
      vertex 180.7 37.4 3
    endloop
  endfacet
  facet normal 1 -0 0
    outer loop
      vertex 177.7 37.4 3
      vertex 177.7 57.4 3.8147e-07
      vertex 177.7 57.4 3
    endloop
  endfacet
  facet normal 1 0 0
    outer loop
      vertex 177.7 57.4 3.8147e-07
      vertex 177.7 37.4 3
      vertex 177.7 37.4 3.8147e-07
    endloop
  endfacet
  facet normal 0 -1 0
    outer loop
      vertex 177.7 57.4 3.8147e-07
      vertex 180.7 57.4 3
      vertex 177.7 57.4 3
    endloop
  endfacet
  facet normal 0 -1 -0
    outer loop
      vertex 180.7 57.4 3
      vertex 177.7 57.4 3.8147e-07
      vertex 180.7 57.4 3.8147e-07
    endloop
  endfacet
  facet normal 0 1 -0
    outer loop
      vertex 180.7 37.4 3.8147e-07
      vertex 177.7 37.4 3
      vertex 180.7 37.4 3
    endloop
  endfacet
  facet normal 0 1 0
    outer loop
      vertex 177.7 37.4 3
      vertex 180.7 37.4 3.8147e-07
      vertex 177.7 37.4 3.8147e-07
    endloop
  endfacet
  facet normal -1 0 0
    outer loop
      vertex 180.7 61.4 3.8147e-07
      vertex 180.7 81.4 3
      vertex 180.7 81.4 3.8147e-07
    endloop
  endfacet
  facet normal -1 -0 0
    outer loop
      vertex 180.7 81.4 3
      vertex 180.7 61.4 3.8147e-07
      vertex 180.7 61.4 3
    endloop
  endfacet
  facet normal 1 -0 0
    outer loop
      vertex 177.7 61.4 3
      vertex 177.7 81.4 3.8147e-07
      vertex 177.7 81.4 3
    endloop
  endfacet
  facet normal 1 0 0
    outer loop
      vertex 177.7 81.4 3.8147e-07
      vertex 177.7 61.4 3
      vertex 177.7 61.4 3.8147e-07
    endloop
  endfacet
  facet normal 0 -1 0
    outer loop
      vertex 177.7 81.4 3.8147e-07
      vertex 180.7 81.4 3
      vertex 177.7 81.4 3
    endloop
  endfacet
  facet normal 0 -1 -0
    outer loop
      vertex 180.7 81.4 3
      vertex 177.7 81.4 3.8147e-07
      vertex 180.7 81.4 3.8147e-07
    endloop
  endfacet
  facet normal 0 1 -0
    outer loop
      vertex 180.7 61.4 3.8147e-07
      vertex 177.7 61.4 3
      vertex 180.7 61.4 3
    endloop
  endfacet
  facet normal 0 1 0
    outer loop
      vertex 177.7 61.4 3
      vertex 180.7 61.4 3.8147e-07
      vertex 177.7 61.4 3.8147e-07
    endloop
  endfacet
  facet normal -1 0 0
    outer loop
      vertex 186.7 13.4 3.8147e-07
      vertex 186.7 33.4 3
      vertex 186.7 33.4 3.8147e-07
    endloop
  endfacet
  facet normal -1 -0 0
    outer loop
      vertex 186.7 33.4 3
      vertex 186.7 13.4 3.8147e-07
      vertex 186.7 13.4 3
    endloop
  endfacet
  facet normal 1 -0 0
    outer loop
      vertex 183.7 13.4 3
      vertex 183.7 33.4 3.8147e-07
      vertex 183.7 33.4 3
    endloop
  endfacet
  facet normal 1 0 0
    outer loop
      vertex 183.7 33.4 3.8147e-07
      vertex 183.7 13.4 3
      vertex 183.7 13.4 3.8147e-07
    endloop
  endfacet
  facet normal 0 -1 0
    outer loop
      vertex 183.7 33.4 3.8147e-07
      vertex 186.7 33.4 3
      vertex 183.7 33.4 3
    endloop
  endfacet
  facet normal 0 -1 -0
    outer loop
      vertex 186.7 33.4 3
      vertex 183.7 33.4 3.8147e-07
      vertex 186.7 33.4 3.8147e-07
    endloop
  endfacet
  facet normal 0 1 -0
    outer loop
      vertex 186.7 13.4 3.8147e-07
      vertex 183.7 13.4 3
      vertex 186.7 13.4 3
    endloop
  endfacet
  facet normal 0 1 0
    outer loop
      vertex 183.7 13.4 3
      vertex 186.7 13.4 3.8147e-07
      vertex 183.7 13.4 3.8147e-07
    endloop
  endfacet
  facet normal -1 0 0
    outer loop
      vertex 186.7 37.4 3.8147e-07
      vertex 186.7 57.4 3
      vertex 186.7 57.4 3.8147e-07
    endloop
  endfacet
  facet normal -1 -0 0
    outer loop
      vertex 186.7 57.4 3
      vertex 186.7 37.4 3.8147e-07
      vertex 186.7 37.4 3
    endloop
  endfacet
  facet normal 1 -0 0
    outer loop
      vertex 183.7 37.4 3
      vertex 183.7 57.4 3.8147e-07
      vertex 183.7 57.4 3
    endloop
  endfacet
  facet normal 1 0 0
    outer loop
      vertex 183.7 57.4 3.8147e-07
      vertex 183.7 37.4 3
      vertex 183.7 37.4 3.8147e-07
    endloop
  endfacet
  facet normal 0 -1 0
    outer loop
      vertex 183.7 57.4 3.8147e-07
      vertex 186.7 57.4 3
      vertex 183.7 57.4 3
    endloop
  endfacet
  facet normal 0 -1 -0
    outer loop
      vertex 186.7 57.4 3
      vertex 183.7 57.4 3.8147e-07
      vertex 186.7 57.4 3.8147e-07
    endloop
  endfacet
  facet normal 0 1 -0
    outer loop
      vertex 186.7 37.4 3.8147e-07
      vertex 183.7 37.4 3
      vertex 186.7 37.4 3
    endloop
  endfacet
  facet normal 0 1 0
    outer loop
      vertex 183.7 37.4 3
      vertex 186.7 37.4 3.8147e-07
      vertex 183.7 37.4 3.8147e-07
    endloop
  endfacet
  facet normal -1 0 0
    outer loop
      vertex 186.7 61.4 3.8147e-07
      vertex 186.7 81.4 3
      vertex 186.7 81.4 3.8147e-07
    endloop
  endfacet
  facet normal -1 -0 0
    outer loop
      vertex 186.7 81.4 3
      vertex 186.7 61.4 3.8147e-07
      vertex 186.7 61.4 3
    endloop
  endfacet
  facet normal 1 -0 0
    outer loop
      vertex 183.7 61.4 3
      vertex 183.7 81.4 3.8147e-07
      vertex 183.7 81.4 3
    endloop
  endfacet
  facet normal 1 0 0
    outer loop
      vertex 183.7 81.4 3.8147e-07
      vertex 183.7 61.4 3
      vertex 183.7 61.4 3.8147e-07
    endloop
  endfacet
  facet normal 0 -1 0
    outer loop
      vertex 183.7 81.4 3.8147e-07
      vertex 186.7 81.4 3
      vertex 183.7 81.4 3
    endloop
  endfacet
  facet normal 0 -1 -0
    outer loop
      vertex 186.7 81.4 3
      vertex 183.7 81.4 3.8147e-07
      vertex 186.7 81.4 3.8147e-07
    endloop
  endfacet
  facet normal 0 1 -0
    outer loop
      vertex 186.7 61.4 3.8147e-07
      vertex 183.7 61.4 3
      vertex 186.7 61.4 3
    endloop
  endfacet
  facet normal 0 1 0
    outer loop
      vertex 183.7 61.4 3
      vertex 186.7 61.4 3.8147e-07
      vertex 183.7 61.4 3.8147e-07
    endloop
  endfacet
  facet normal -1 0 0
    outer loop
      vertex 192.7 13.4 3.8147e-07
      vertex 192.7 33.4 3
      vertex 192.7 33.4 3.8147e-07
    endloop
  endfacet
  facet normal -1 -0 0
    outer loop
      vertex 192.7 33.4 3
      vertex 192.7 13.4 3.8147e-07
      vertex 192.7 13.4 3
    endloop
  endfacet
  facet normal 1 -0 0
    outer loop
      vertex 189.7 13.4 3
      vertex 189.7 33.4 3.8147e-07
      vertex 189.7 33.4 3
    endloop
  endfacet
  facet normal 1 0 0
    outer loop
      vertex 189.7 33.4 3.8147e-07
      vertex 189.7 13.4 3
      vertex 189.7 13.4 3.8147e-07
    endloop
  endfacet
  facet normal 0 -1 0
    outer loop
      vertex 189.7 33.4 3.8147e-07
      vertex 192.7 33.4 3
      vertex 189.7 33.4 3
    endloop
  endfacet
  facet normal 0 -1 -0
    outer loop
      vertex 192.7 33.4 3
      vertex 189.7 33.4 3.8147e-07
      vertex 192.7 33.4 3.8147e-07
    endloop
  endfacet
  facet normal 0 1 -0
    outer loop
      vertex 192.7 13.4 3.8147e-07
      vertex 189.7 13.4 3
      vertex 192.7 13.4 3
    endloop
  endfacet
  facet normal 0 1 0
    outer loop
      vertex 189.7 13.4 3
      vertex 192.7 13.4 3.8147e-07
      vertex 189.7 13.4 3.8147e-07
    endloop
  endfacet
  facet normal -1 0 0
    outer loop
      vertex 192.7 37.4 3.8147e-07
      vertex 192.7 57.4 3
      vertex 192.7 57.4 3.8147e-07
    endloop
  endfacet
  facet normal -1 -0 0
    outer loop
      vertex 192.7 57.4 3
      vertex 192.7 37.4 3.8147e-07
      vertex 192.7 37.4 3
    endloop
  endfacet
  facet normal 1 -0 0
    outer loop
      vertex 189.7 37.4 3
      vertex 189.7 57.4 3.8147e-07
      vertex 189.7 57.4 3
    endloop
  endfacet
  facet normal 1 0 0
    outer loop
      vertex 189.7 57.4 3.8147e-07
      vertex 189.7 37.4 3
      vertex 189.7 37.4 3.8147e-07
    endloop
  endfacet
  facet normal 0 -1 0
    outer loop
      vertex 189.7 57.4 3.8147e-07
      vertex 192.7 57.4 3
      vertex 189.7 57.4 3
    endloop
  endfacet
  facet normal 0 -1 -0
    outer loop
      vertex 192.7 57.4 3
      vertex 189.7 57.4 3.8147e-07
      vertex 192.7 57.4 3.8147e-07
    endloop
  endfacet
  facet normal 0 1 -0
    outer loop
      vertex 192.7 37.4 3.8147e-07
      vertex 189.7 37.4 3
      vertex 192.7 37.4 3
    endloop
  endfacet
  facet normal 0 1 0
    outer loop
      vertex 189.7 37.4 3
      vertex 192.7 37.4 3.8147e-07
      vertex 189.7 37.4 3.8147e-07
    endloop
  endfacet
  facet normal -1 0 0
    outer loop
      vertex 192.7 61.4 3.8147e-07
      vertex 192.7 81.4 3
      vertex 192.7 81.4 3.8147e-07
    endloop
  endfacet
  facet normal -1 -0 0
    outer loop
      vertex 192.7 81.4 3
      vertex 192.7 61.4 3.8147e-07
      vertex 192.7 61.4 3
    endloop
  endfacet
  facet normal 1 -0 0
    outer loop
      vertex 189.7 61.4 3
      vertex 189.7 81.4 3.8147e-07
      vertex 189.7 81.4 3
    endloop
  endfacet
  facet normal 1 0 0
    outer loop
      vertex 189.7 81.4 3.8147e-07
      vertex 189.7 61.4 3
      vertex 189.7 61.4 3.8147e-07
    endloop
  endfacet
  facet normal 0 -1 0
    outer loop
      vertex 189.7 81.4 3.8147e-07
      vertex 192.7 81.4 3
      vertex 189.7 81.4 3
    endloop
  endfacet
  facet normal 0 -1 -0
    outer loop
      vertex 192.7 81.4 3
      vertex 189.7 81.4 3.8147e-07
      vertex 192.7 81.4 3.8147e-07
    endloop
  endfacet
  facet normal 0 1 -0
    outer loop
      vertex 192.7 61.4 3.8147e-07
      vertex 189.7 61.4 3
      vertex 192.7 61.4 3
    endloop
  endfacet
  facet normal 0 1 0
    outer loop
      vertex 189.7 61.4 3
      vertex 192.7 61.4 3.8147e-07
      vertex 189.7 61.4 3.8147e-07
    endloop
  endfacet
  facet normal -1 0 0
    outer loop
      vertex 198.7 13.4 3.8147e-07
      vertex 198.7 33.4 3
      vertex 198.7 33.4 3.8147e-07
    endloop
  endfacet
  facet normal -1 -0 0
    outer loop
      vertex 198.7 33.4 3
      vertex 198.7 13.4 3.8147e-07
      vertex 198.7 13.4 3
    endloop
  endfacet
  facet normal 1 -0 0
    outer loop
      vertex 195.7 13.4 3
      vertex 195.7 33.4 3.8147e-07
      vertex 195.7 33.4 3
    endloop
  endfacet
  facet normal 1 0 0
    outer loop
      vertex 195.7 33.4 3.8147e-07
      vertex 195.7 13.4 3
      vertex 195.7 13.4 3.8147e-07
    endloop
  endfacet
  facet normal 0 -1 0
    outer loop
      vertex 195.7 33.4 3.8147e-07
      vertex 198.7 33.4 3
      vertex 195.7 33.4 3
    endloop
  endfacet
  facet normal 0 -1 -0
    outer loop
      vertex 198.7 33.4 3
      vertex 195.7 33.4 3.8147e-07
      vertex 198.7 33.4 3.8147e-07
    endloop
  endfacet
  facet normal 0 1 -0
    outer loop
      vertex 198.7 13.4 3.8147e-07
      vertex 195.7 13.4 3
      vertex 198.7 13.4 3
    endloop
  endfacet
  facet normal 0 1 0
    outer loop
      vertex 195.7 13.4 3
      vertex 198.7 13.4 3.8147e-07
      vertex 195.7 13.4 3.8147e-07
    endloop
  endfacet
  facet normal -1 0 0
    outer loop
      vertex 198.7 37.4 3.8147e-07
      vertex 198.7 57.4 3
      vertex 198.7 57.4 3.8147e-07
    endloop
  endfacet
  facet normal -1 -0 0
    outer loop
      vertex 198.7 57.4 3
      vertex 198.7 37.4 3.8147e-07
      vertex 198.7 37.4 3
    endloop
  endfacet
  facet normal 1 -0 0
    outer loop
      vertex 195.7 37.4 3
      vertex 195.7 57.4 3.8147e-07
      vertex 195.7 57.4 3
    endloop
  endfacet
  facet normal 1 0 0
    outer loop
      vertex 195.7 57.4 3.8147e-07
      vertex 195.7 37.4 3
      vertex 195.7 37.4 3.8147e-07
    endloop
  endfacet
  facet normal 0 -1 0
    outer loop
      vertex 195.7 57.4 3.8147e-07
      vertex 198.7 57.4 3
      vertex 195.7 57.4 3
    endloop
  endfacet
  facet normal 0 -1 -0
    outer loop
      vertex 198.7 57.4 3
      vertex 195.7 57.4 3.8147e-07
      vertex 198.7 57.4 3.8147e-07
    endloop
  endfacet
  facet normal 0 1 -0
    outer loop
      vertex 198.7 37.4 3.8147e-07
      vertex 195.7 37.4 3
      vertex 198.7 37.4 3
    endloop
  endfacet
  facet normal 0 1 0
    outer loop
      vertex 195.7 37.4 3
      vertex 198.7 37.4 3.8147e-07
      vertex 195.7 37.4 3.8147e-07
    endloop
  endfacet
  facet normal -1 0 0
    outer loop
      vertex 198.7 61.4 3.8147e-07
      vertex 198.7 81.4 3
      vertex 198.7 81.4 3.8147e-07
    endloop
  endfacet
  facet normal -1 -0 0
    outer loop
      vertex 198.7 81.4 3
      vertex 198.7 61.4 3.8147e-07
      vertex 198.7 61.4 3
    endloop
  endfacet
  facet normal 1 -0 0
    outer loop
      vertex 195.7 61.4 3
      vertex 195.7 81.4 3.8147e-07
      vertex 195.7 81.4 3
    endloop
  endfacet
  facet normal 1 0 0
    outer loop
      vertex 195.7 81.4 3.8147e-07
      vertex 195.7 61.4 3
      vertex 195.7 61.4 3.8147e-07
    endloop
  endfacet
  facet normal 0 -1 0
    outer loop
      vertex 195.7 81.4 3.8147e-07
      vertex 198.7 81.4 3
      vertex 195.7 81.4 3
    endloop
  endfacet
  facet normal 0 -1 -0
    outer loop
      vertex 198.7 81.4 3
      vertex 195.7 81.4 3.8147e-07
      vertex 198.7 81.4 3.8147e-07
    endloop
  endfacet
  facet normal 0 1 -0
    outer loop
      vertex 198.7 61.4 3.8147e-07
      vertex 195.7 61.4 3
      vertex 198.7 61.4 3
    endloop
  endfacet
  facet normal 0 1 0
    outer loop
      vertex 195.7 61.4 3
      vertex 198.7 61.4 3.8147e-07
      vertex 195.7 61.4 3.8147e-07
    endloop
  endfacet
  facet normal -1 0 0
    outer loop
      vertex 204.7 13.4 3.8147e-07
      vertex 204.7 33.4 3
      vertex 204.7 33.4 3.8147e-07
    endloop
  endfacet
  facet normal -1 -0 0
    outer loop
      vertex 204.7 33.4 3
      vertex 204.7 13.4 3.8147e-07
      vertex 204.7 13.4 3
    endloop
  endfacet
  facet normal 1 -0 0
    outer loop
      vertex 201.7 13.4 3
      vertex 201.7 33.4 3.8147e-07
      vertex 201.7 33.4 3
    endloop
  endfacet
  facet normal 1 0 0
    outer loop
      vertex 201.7 33.4 3.8147e-07
      vertex 201.7 13.4 3
      vertex 201.7 13.4 3.8147e-07
    endloop
  endfacet
  facet normal 0 -1 0
    outer loop
      vertex 201.7 33.4 3.8147e-07
      vertex 204.7 33.4 3
      vertex 201.7 33.4 3
    endloop
  endfacet
  facet normal 0 -1 -0
    outer loop
      vertex 204.7 33.4 3
      vertex 201.7 33.4 3.8147e-07
      vertex 204.7 33.4 3.8147e-07
    endloop
  endfacet
  facet normal 0 1 -0
    outer loop
      vertex 204.7 13.4 3.8147e-07
      vertex 201.7 13.4 3
      vertex 204.7 13.4 3
    endloop
  endfacet
  facet normal 0 1 0
    outer loop
      vertex 201.7 13.4 3
      vertex 204.7 13.4 3.8147e-07
      vertex 201.7 13.4 3.8147e-07
    endloop
  endfacet
  facet normal -1 0 0
    outer loop
      vertex 204.7 37.4 3.8147e-07
      vertex 204.7 57.4 3
      vertex 204.7 57.4 3.8147e-07
    endloop
  endfacet
  facet normal -1 -0 0
    outer loop
      vertex 204.7 57.4 3
      vertex 204.7 37.4 3.8147e-07
      vertex 204.7 37.4 3
    endloop
  endfacet
  facet normal 1 -0 0
    outer loop
      vertex 201.7 37.4 3
      vertex 201.7 57.4 3.8147e-07
      vertex 201.7 57.4 3
    endloop
  endfacet
  facet normal 1 0 0
    outer loop
      vertex 201.7 57.4 3.8147e-07
      vertex 201.7 37.4 3
      vertex 201.7 37.4 3.8147e-07
    endloop
  endfacet
  facet normal 0 -1 0
    outer loop
      vertex 201.7 57.4 3.8147e-07
      vertex 204.7 57.4 3
      vertex 201.7 57.4 3
    endloop
  endfacet
  facet normal 0 -1 -0
    outer loop
      vertex 204.7 57.4 3
      vertex 201.7 57.4 3.8147e-07
      vertex 204.7 57.4 3.8147e-07
    endloop
  endfacet
  facet normal 0 1 -0
    outer loop
      vertex 204.7 37.4 3.8147e-07
      vertex 201.7 37.4 3
      vertex 204.7 37.4 3
    endloop
  endfacet
  facet normal 0 1 0
    outer loop
      vertex 201.7 37.4 3
      vertex 204.7 37.4 3.8147e-07
      vertex 201.7 37.4 3.8147e-07
    endloop
  endfacet
  facet normal -1 0 0
    outer loop
      vertex 204.7 61.4 3.8147e-07
      vertex 204.7 81.4 3
      vertex 204.7 81.4 3.8147e-07
    endloop
  endfacet
  facet normal -1 -0 0
    outer loop
      vertex 204.7 81.4 3
      vertex 204.7 61.4 3.8147e-07
      vertex 204.7 61.4 3
    endloop
  endfacet
  facet normal 1 -0 0
    outer loop
      vertex 201.7 61.4 3
      vertex 201.7 81.4 3.8147e-07
      vertex 201.7 81.4 3
    endloop
  endfacet
  facet normal 1 0 0
    outer loop
      vertex 201.7 81.4 3.8147e-07
      vertex 201.7 61.4 3
      vertex 201.7 61.4 3.8147e-07
    endloop
  endfacet
  facet normal 0 -1 0
    outer loop
      vertex 201.7 81.4 3.8147e-07
      vertex 204.7 81.4 3
      vertex 201.7 81.4 3
    endloop
  endfacet
  facet normal 0 -1 -0
    outer loop
      vertex 204.7 81.4 3
      vertex 201.7 81.4 3.8147e-07
      vertex 204.7 81.4 3.8147e-07
    endloop
  endfacet
  facet normal 0 1 -0
    outer loop
      vertex 204.7 61.4 3.8147e-07
      vertex 201.7 61.4 3
      vertex 204.7 61.4 3
    endloop
  endfacet
  facet normal 0 1 0
    outer loop
      vertex 201.7 61.4 3
      vertex 204.7 61.4 3.8147e-07
      vertex 201.7 61.4 3.8147e-07
    endloop
  endfacet
  facet normal -1 0 0
    outer loop
      vertex 210.7 13.4 3.8147e-07
      vertex 210.7 33.4 3
      vertex 210.7 33.4 3.8147e-07
    endloop
  endfacet
  facet normal -1 -0 0
    outer loop
      vertex 210.7 33.4 3
      vertex 210.7 13.4 3.8147e-07
      vertex 210.7 13.4 3
    endloop
  endfacet
  facet normal 1 -0 0
    outer loop
      vertex 207.7 13.4 3
      vertex 207.7 33.4 3.8147e-07
      vertex 207.7 33.4 3
    endloop
  endfacet
  facet normal 1 0 0
    outer loop
      vertex 207.7 33.4 3.8147e-07
      vertex 207.7 13.4 3
      vertex 207.7 13.4 3.8147e-07
    endloop
  endfacet
  facet normal 0 -1 0
    outer loop
      vertex 207.7 33.4 3.8147e-07
      vertex 210.7 33.4 3
      vertex 207.7 33.4 3
    endloop
  endfacet
  facet normal 0 -1 -0
    outer loop
      vertex 210.7 33.4 3
      vertex 207.7 33.4 3.8147e-07
      vertex 210.7 33.4 3.8147e-07
    endloop
  endfacet
  facet normal 0 1 -0
    outer loop
      vertex 210.7 13.4 3.8147e-07
      vertex 207.7 13.4 3
      vertex 210.7 13.4 3
    endloop
  endfacet
  facet normal 0 1 0
    outer loop
      vertex 207.7 13.4 3
      vertex 210.7 13.4 3.8147e-07
      vertex 207.7 13.4 3.8147e-07
    endloop
  endfacet
  facet normal -1 0 0
    outer loop
      vertex 210.7 37.4 3.8147e-07
      vertex 210.7 57.4 3
      vertex 210.7 57.4 3.8147e-07
    endloop
  endfacet
  facet normal -1 -0 0
    outer loop
      vertex 210.7 57.4 3
      vertex 210.7 37.4 3.8147e-07
      vertex 210.7 37.4 3
    endloop
  endfacet
  facet normal 1 -0 0
    outer loop
      vertex 207.7 37.4 3
      vertex 207.7 57.4 3.8147e-07
      vertex 207.7 57.4 3
    endloop
  endfacet
  facet normal 1 0 0
    outer loop
      vertex 207.7 57.4 3.8147e-07
      vertex 207.7 37.4 3
      vertex 207.7 37.4 3.8147e-07
    endloop
  endfacet
  facet normal 0 -1 0
    outer loop
      vertex 207.7 57.4 3.8147e-07
      vertex 210.7 57.4 3
      vertex 207.7 57.4 3
    endloop
  endfacet
  facet normal 0 -1 -0
    outer loop
      vertex 210.7 57.4 3
      vertex 207.7 57.4 3.8147e-07
      vertex 210.7 57.4 3.8147e-07
    endloop
  endfacet
  facet normal 0 1 -0
    outer loop
      vertex 210.7 37.4 3.8147e-07
      vertex 207.7 37.4 3
      vertex 210.7 37.4 3
    endloop
  endfacet
  facet normal 0 1 0
    outer loop
      vertex 207.7 37.4 3
      vertex 210.7 37.4 3.8147e-07
      vertex 207.7 37.4 3.8147e-07
    endloop
  endfacet
  facet normal -1 0 0
    outer loop
      vertex 210.7 61.4 3.8147e-07
      vertex 210.7 81.4 3
      vertex 210.7 81.4 3.8147e-07
    endloop
  endfacet
  facet normal -1 -0 0
    outer loop
      vertex 210.7 81.4 3
      vertex 210.7 61.4 3.8147e-07
      vertex 210.7 61.4 3
    endloop
  endfacet
  facet normal 1 -0 0
    outer loop
      vertex 207.7 61.4 3
      vertex 207.7 81.4 3.8147e-07
      vertex 207.7 81.4 3
    endloop
  endfacet
  facet normal 1 0 0
    outer loop
      vertex 207.7 81.4 3.8147e-07
      vertex 207.7 61.4 3
      vertex 207.7 61.4 3.8147e-07
    endloop
  endfacet
  facet normal 0 -1 0
    outer loop
      vertex 207.7 81.4 3.8147e-07
      vertex 210.7 81.4 3
      vertex 207.7 81.4 3
    endloop
  endfacet
  facet normal 0 -1 -0
    outer loop
      vertex 210.7 81.4 3
      vertex 207.7 81.4 3.8147e-07
      vertex 210.7 81.4 3.8147e-07
    endloop
  endfacet
  facet normal 0 1 -0
    outer loop
      vertex 210.7 61.4 3.8147e-07
      vertex 207.7 61.4 3
      vertex 210.7 61.4 3
    endloop
  endfacet
  facet normal 0 1 0
    outer loop
      vertex 207.7 61.4 3
      vertex 210.7 61.4 3.8147e-07
      vertex 207.7 61.4 3.8147e-07
    endloop
  endfacet
  facet normal -1 0 0
    outer loop
      vertex 216.7 13.4 3.8147e-07
      vertex 216.7 33.4 3
      vertex 216.7 33.4 3.8147e-07
    endloop
  endfacet
  facet normal -1 -0 0
    outer loop
      vertex 216.7 33.4 3
      vertex 216.7 13.4 3.8147e-07
      vertex 216.7 13.4 3
    endloop
  endfacet
  facet normal 1 -0 0
    outer loop
      vertex 213.7 13.4 3
      vertex 213.7 33.4 3.8147e-07
      vertex 213.7 33.4 3
    endloop
  endfacet
  facet normal 1 0 0
    outer loop
      vertex 213.7 33.4 3.8147e-07
      vertex 213.7 13.4 3
      vertex 213.7 13.4 3.8147e-07
    endloop
  endfacet
  facet normal 0 -1 0
    outer loop
      vertex 213.7 33.4 3.8147e-07
      vertex 216.7 33.4 3
      vertex 213.7 33.4 3
    endloop
  endfacet
  facet normal 0 -1 -0
    outer loop
      vertex 216.7 33.4 3
      vertex 213.7 33.4 3.8147e-07
      vertex 216.7 33.4 3.8147e-07
    endloop
  endfacet
  facet normal 0 1 -0
    outer loop
      vertex 216.7 13.4 3.8147e-07
      vertex 213.7 13.4 3
      vertex 216.7 13.4 3
    endloop
  endfacet
  facet normal 0 1 0
    outer loop
      vertex 213.7 13.4 3
      vertex 216.7 13.4 3.8147e-07
      vertex 213.7 13.4 3.8147e-07
    endloop
  endfacet
  facet normal -1 0 0
    outer loop
      vertex 216.7 37.4 3.8147e-07
      vertex 216.7 57.4 3
      vertex 216.7 57.4 3.8147e-07
    endloop
  endfacet
  facet normal -1 -0 0
    outer loop
      vertex 216.7 57.4 3
      vertex 216.7 37.4 3.8147e-07
      vertex 216.7 37.4 3
    endloop
  endfacet
  facet normal 1 -0 0
    outer loop
      vertex 213.7 37.4 3
      vertex 213.7 57.4 3.8147e-07
      vertex 213.7 57.4 3
    endloop
  endfacet
  facet normal 1 0 0
    outer loop
      vertex 213.7 57.4 3.8147e-07
      vertex 213.7 37.4 3
      vertex 213.7 37.4 3.8147e-07
    endloop
  endfacet
  facet normal 0 -1 0
    outer loop
      vertex 213.7 57.4 3.8147e-07
      vertex 216.7 57.4 3
      vertex 213.7 57.4 3
    endloop
  endfacet
  facet normal 0 -1 -0
    outer loop
      vertex 216.7 57.4 3
      vertex 213.7 57.4 3.8147e-07
      vertex 216.7 57.4 3.8147e-07
    endloop
  endfacet
  facet normal 0 1 -0
    outer loop
      vertex 216.7 37.4 3.8147e-07
      vertex 213.7 37.4 3
      vertex 216.7 37.4 3
    endloop
  endfacet
  facet normal 0 1 0
    outer loop
      vertex 213.7 37.4 3
      vertex 216.7 37.4 3.8147e-07
      vertex 213.7 37.4 3.8147e-07
    endloop
  endfacet
  facet normal -1 0 0
    outer loop
      vertex 216.7 61.4 3.8147e-07
      vertex 216.7 81.4 3
      vertex 216.7 81.4 3.8147e-07
    endloop
  endfacet
  facet normal -1 -0 0
    outer loop
      vertex 216.7 81.4 3
      vertex 216.7 61.4 3.8147e-07
      vertex 216.7 61.4 3
    endloop
  endfacet
  facet normal 1 -0 0
    outer loop
      vertex 213.7 61.4 3
      vertex 213.7 81.4 3.8147e-07
      vertex 213.7 81.4 3
    endloop
  endfacet
  facet normal 1 0 0
    outer loop
      vertex 213.7 81.4 3.8147e-07
      vertex 213.7 61.4 3
      vertex 213.7 61.4 3.8147e-07
    endloop
  endfacet
  facet normal 0 -1 0
    outer loop
      vertex 213.7 81.4 3.8147e-07
      vertex 216.7 81.4 3
      vertex 213.7 81.4 3
    endloop
  endfacet
  facet normal 0 -1 -0
    outer loop
      vertex 216.7 81.4 3
      vertex 213.7 81.4 3.8147e-07
      vertex 216.7 81.4 3.8147e-07
    endloop
  endfacet
  facet normal 0 1 -0
    outer loop
      vertex 216.7 61.4 3.8147e-07
      vertex 213.7 61.4 3
      vertex 216.7 61.4 3
    endloop
  endfacet
  facet normal 0 1 0
    outer loop
      vertex 213.7 61.4 3
      vertex 216.7 61.4 3.8147e-07
      vertex 213.7 61.4 3.8147e-07
    endloop
  endfacet
  facet normal -1 0 0
    outer loop
      vertex 222.7 13.4 3.8147e-07
      vertex 222.7 33.4 3
      vertex 222.7 33.4 3.8147e-07
    endloop
  endfacet
  facet normal -1 -0 0
    outer loop
      vertex 222.7 33.4 3
      vertex 222.7 13.4 3.8147e-07
      vertex 222.7 13.4 3
    endloop
  endfacet
  facet normal 1 -0 0
    outer loop
      vertex 219.7 13.4 3
      vertex 219.7 33.4 3.8147e-07
      vertex 219.7 33.4 3
    endloop
  endfacet
  facet normal 1 0 0
    outer loop
      vertex 219.7 33.4 3.8147e-07
      vertex 219.7 13.4 3
      vertex 219.7 13.4 3.8147e-07
    endloop
  endfacet
  facet normal 0 -1 0
    outer loop
      vertex 219.7 33.4 3.8147e-07
      vertex 222.7 33.4 3
      vertex 219.7 33.4 3
    endloop
  endfacet
  facet normal 0 -1 -0
    outer loop
      vertex 222.7 33.4 3
      vertex 219.7 33.4 3.8147e-07
      vertex 222.7 33.4 3.8147e-07
    endloop
  endfacet
  facet normal 0 1 -0
    outer loop
      vertex 222.7 13.4 3.8147e-07
      vertex 219.7 13.4 3
      vertex 222.7 13.4 3
    endloop
  endfacet
  facet normal 0 1 0
    outer loop
      vertex 219.7 13.4 3
      vertex 222.7 13.4 3.8147e-07
      vertex 219.7 13.4 3.8147e-07
    endloop
  endfacet
  facet normal -1 0 0
    outer loop
      vertex 222.7 37.4 3.8147e-07
      vertex 222.7 57.4 3
      vertex 222.7 57.4 3.8147e-07
    endloop
  endfacet
  facet normal -1 -0 0
    outer loop
      vertex 222.7 57.4 3
      vertex 222.7 37.4 3.8147e-07
      vertex 222.7 37.4 3
    endloop
  endfacet
  facet normal 1 -0 0
    outer loop
      vertex 219.7 37.4 3
      vertex 219.7 57.4 3.8147e-07
      vertex 219.7 57.4 3
    endloop
  endfacet
  facet normal 1 0 0
    outer loop
      vertex 219.7 57.4 3.8147e-07
      vertex 219.7 37.4 3
      vertex 219.7 37.4 3.8147e-07
    endloop
  endfacet
  facet normal 0 -1 0
    outer loop
      vertex 219.7 57.4 3.8147e-07
      vertex 222.7 57.4 3
      vertex 219.7 57.4 3
    endloop
  endfacet
  facet normal 0 -1 -0
    outer loop
      vertex 222.7 57.4 3
      vertex 219.7 57.4 3.8147e-07
      vertex 222.7 57.4 3.8147e-07
    endloop
  endfacet
  facet normal 0 1 -0
    outer loop
      vertex 222.7 37.4 3.8147e-07
      vertex 219.7 37.4 3
      vertex 222.7 37.4 3
    endloop
  endfacet
  facet normal 0 1 0
    outer loop
      vertex 219.7 37.4 3
      vertex 222.7 37.4 3.8147e-07
      vertex 219.7 37.4 3.8147e-07
    endloop
  endfacet
  facet normal -1 0 0
    outer loop
      vertex 222.7 61.4 3.8147e-07
      vertex 222.7 81.4 3
      vertex 222.7 81.4 3.8147e-07
    endloop
  endfacet
  facet normal -1 -0 0
    outer loop
      vertex 222.7 81.4 3
      vertex 222.7 61.4 3.8147e-07
      vertex 222.7 61.4 3
    endloop
  endfacet
  facet normal 1 -0 0
    outer loop
      vertex 219.7 61.4 3
      vertex 219.7 81.4 3.8147e-07
      vertex 219.7 81.4 3
    endloop
  endfacet
  facet normal 1 0 0
    outer loop
      vertex 219.7 81.4 3.8147e-07
      vertex 219.7 61.4 3
      vertex 219.7 61.4 3.8147e-07
    endloop
  endfacet
  facet normal 0 -1 0
    outer loop
      vertex 219.7 81.4 3.8147e-07
      vertex 222.7 81.4 3
      vertex 219.7 81.4 3
    endloop
  endfacet
  facet normal 0 -1 -0
    outer loop
      vertex 222.7 81.4 3
      vertex 219.7 81.4 3.8147e-07
      vertex 222.7 81.4 3.8147e-07
    endloop
  endfacet
  facet normal 0 1 -0
    outer loop
      vertex 222.7 61.4 3.8147e-07
      vertex 219.7 61.4 3
      vertex 222.7 61.4 3
    endloop
  endfacet
  facet normal 0 1 0
    outer loop
      vertex 219.7 61.4 3
      vertex 222.7 61.4 3.8147e-07
      vertex 219.7 61.4 3.8147e-07
    endloop
  endfacet
  facet normal -1 0 0
    outer loop
      vertex 228.7 13.4 3.8147e-07
      vertex 228.7 33.4 3
      vertex 228.7 33.4 3.8147e-07
    endloop
  endfacet
  facet normal -1 -0 0
    outer loop
      vertex 228.7 33.4 3
      vertex 228.7 13.4 3.8147e-07
      vertex 228.7 13.4 3
    endloop
  endfacet
  facet normal 1 -0 0
    outer loop
      vertex 225.7 13.4 3
      vertex 225.7 33.4 3.8147e-07
      vertex 225.7 33.4 3
    endloop
  endfacet
  facet normal 1 0 0
    outer loop
      vertex 225.7 33.4 3.8147e-07
      vertex 225.7 13.4 3
      vertex 225.7 13.4 3.8147e-07
    endloop
  endfacet
  facet normal 0 -1 0
    outer loop
      vertex 225.7 33.4 3.8147e-07
      vertex 228.7 33.4 3
      vertex 225.7 33.4 3
    endloop
  endfacet
  facet normal 0 -1 -0
    outer loop
      vertex 228.7 33.4 3
      vertex 225.7 33.4 3.8147e-07
      vertex 228.7 33.4 3.8147e-07
    endloop
  endfacet
  facet normal 0 1 -0
    outer loop
      vertex 228.7 13.4 3.8147e-07
      vertex 225.7 13.4 3
      vertex 228.7 13.4 3
    endloop
  endfacet
  facet normal 0 1 0
    outer loop
      vertex 225.7 13.4 3
      vertex 228.7 13.4 3.8147e-07
      vertex 225.7 13.4 3.8147e-07
    endloop
  endfacet
  facet normal -1 0 0
    outer loop
      vertex 228.7 37.4 3.8147e-07
      vertex 228.7 57.4 3
      vertex 228.7 57.4 3.8147e-07
    endloop
  endfacet
  facet normal -1 -0 0
    outer loop
      vertex 228.7 57.4 3
      vertex 228.7 37.4 3.8147e-07
      vertex 228.7 37.4 3
    endloop
  endfacet
  facet normal 1 -0 0
    outer loop
      vertex 225.7 37.4 3
      vertex 225.7 57.4 3.8147e-07
      vertex 225.7 57.4 3
    endloop
  endfacet
  facet normal 1 0 0
    outer loop
      vertex 225.7 57.4 3.8147e-07
      vertex 225.7 37.4 3
      vertex 225.7 37.4 3.8147e-07
    endloop
  endfacet
  facet normal 0 -1 0
    outer loop
      vertex 225.7 57.4 3.8147e-07
      vertex 228.7 57.4 3
      vertex 225.7 57.4 3
    endloop
  endfacet
  facet normal 0 -1 -0
    outer loop
      vertex 228.7 57.4 3
      vertex 225.7 57.4 3.8147e-07
      vertex 228.7 57.4 3.8147e-07
    endloop
  endfacet
  facet normal 0 1 -0
    outer loop
      vertex 228.7 37.4 3.8147e-07
      vertex 225.7 37.4 3
      vertex 228.7 37.4 3
    endloop
  endfacet
  facet normal 0 1 0
    outer loop
      vertex 225.7 37.4 3
      vertex 228.7 37.4 3.8147e-07
      vertex 225.7 37.4 3.8147e-07
    endloop
  endfacet
  facet normal -1 0 0
    outer loop
      vertex 228.7 61.4 3.8147e-07
      vertex 228.7 81.4 3
      vertex 228.7 81.4 3.8147e-07
    endloop
  endfacet
  facet normal -1 -0 0
    outer loop
      vertex 228.7 81.4 3
      vertex 228.7 61.4 3.8147e-07
      vertex 228.7 61.4 3
    endloop
  endfacet
  facet normal 1 -0 0
    outer loop
      vertex 225.7 61.4 3
      vertex 225.7 81.4 3.8147e-07
      vertex 225.7 81.4 3
    endloop
  endfacet
  facet normal 1 0 0
    outer loop
      vertex 225.7 81.4 3.8147e-07
      vertex 225.7 61.4 3
      vertex 225.7 61.4 3.8147e-07
    endloop
  endfacet
  facet normal 0 -1 0
    outer loop
      vertex 225.7 81.4 3.8147e-07
      vertex 228.7 81.4 3
      vertex 225.7 81.4 3
    endloop
  endfacet
  facet normal 0 -1 -0
    outer loop
      vertex 228.7 81.4 3
      vertex 225.7 81.4 3.8147e-07
      vertex 228.7 81.4 3.8147e-07
    endloop
  endfacet
  facet normal 0 1 -0
    outer loop
      vertex 228.7 61.4 3.8147e-07
      vertex 225.7 61.4 3
      vertex 228.7 61.4 3
    endloop
  endfacet
  facet normal 0 1 0
    outer loop
      vertex 225.7 61.4 3
      vertex 228.7 61.4 3.8147e-07
      vertex 225.7 61.4 3.8147e-07
    endloop
  endfacet
  facet normal -1 0 0
    outer loop
      vertex 234.7 13.4 3.8147e-07
      vertex 234.7 33.4 3
      vertex 234.7 33.4 3.8147e-07
    endloop
  endfacet
  facet normal -1 -0 0
    outer loop
      vertex 234.7 33.4 3
      vertex 234.7 13.4 3.8147e-07
      vertex 234.7 13.4 3
    endloop
  endfacet
  facet normal 1 -0 0
    outer loop
      vertex 231.7 13.4 3
      vertex 231.7 33.4 3.8147e-07
      vertex 231.7 33.4 3
    endloop
  endfacet
  facet normal 1 0 0
    outer loop
      vertex 231.7 33.4 3.8147e-07
      vertex 231.7 13.4 3
      vertex 231.7 13.4 3.8147e-07
    endloop
  endfacet
  facet normal 0 -1 0
    outer loop
      vertex 231.7 33.4 3.8147e-07
      vertex 234.7 33.4 3
      vertex 231.7 33.4 3
    endloop
  endfacet
  facet normal 0 -1 -0
    outer loop
      vertex 234.7 33.4 3
      vertex 231.7 33.4 3.8147e-07
      vertex 234.7 33.4 3.8147e-07
    endloop
  endfacet
  facet normal 0 1 -0
    outer loop
      vertex 234.7 13.4 3.8147e-07
      vertex 231.7 13.4 3
      vertex 234.7 13.4 3
    endloop
  endfacet
  facet normal 0 1 0
    outer loop
      vertex 231.7 13.4 3
      vertex 234.7 13.4 3.8147e-07
      vertex 231.7 13.4 3.8147e-07
    endloop
  endfacet
  facet normal -1 0 0
    outer loop
      vertex 234.7 37.4 3.8147e-07
      vertex 234.7 57.4 3
      vertex 234.7 57.4 3.8147e-07
    endloop
  endfacet
  facet normal -1 -0 0
    outer loop
      vertex 234.7 57.4 3
      vertex 234.7 37.4 3.8147e-07
      vertex 234.7 37.4 3
    endloop
  endfacet
  facet normal 1 -0 0
    outer loop
      vertex 231.7 37.4 3
      vertex 231.7 57.4 3.8147e-07
      vertex 231.7 57.4 3
    endloop
  endfacet
  facet normal 1 0 0
    outer loop
      vertex 231.7 57.4 3.8147e-07
      vertex 231.7 37.4 3
      vertex 231.7 37.4 3.8147e-07
    endloop
  endfacet
  facet normal 0 -1 0
    outer loop
      vertex 231.7 57.4 3.8147e-07
      vertex 234.7 57.4 3
      vertex 231.7 57.4 3
    endloop
  endfacet
  facet normal 0 -1 -0
    outer loop
      vertex 234.7 57.4 3
      vertex 231.7 57.4 3.8147e-07
      vertex 234.7 57.4 3.8147e-07
    endloop
  endfacet
  facet normal 0 1 -0
    outer loop
      vertex 234.7 37.4 3.8147e-07
      vertex 231.7 37.4 3
      vertex 234.7 37.4 3
    endloop
  endfacet
  facet normal 0 1 0
    outer loop
      vertex 231.7 37.4 3
      vertex 234.7 37.4 3.8147e-07
      vertex 231.7 37.4 3.8147e-07
    endloop
  endfacet
  facet normal -1 0 0
    outer loop
      vertex 234.7 61.4 3.8147e-07
      vertex 234.7 81.4 3
      vertex 234.7 81.4 3.8147e-07
    endloop
  endfacet
  facet normal -1 -0 0
    outer loop
      vertex 234.7 81.4 3
      vertex 234.7 61.4 3.8147e-07
      vertex 234.7 61.4 3
    endloop
  endfacet
  facet normal 1 -0 0
    outer loop
      vertex 231.7 61.4 3
      vertex 231.7 81.4 3.8147e-07
      vertex 231.7 81.4 3
    endloop
  endfacet
  facet normal 1 0 0
    outer loop
      vertex 231.7 81.4 3.8147e-07
      vertex 231.7 61.4 3
      vertex 231.7 61.4 3.8147e-07
    endloop
  endfacet
  facet normal 0 -1 0
    outer loop
      vertex 231.7 81.4 3.8147e-07
      vertex 234.7 81.4 3
      vertex 231.7 81.4 3
    endloop
  endfacet
  facet normal 0 -1 -0
    outer loop
      vertex 234.7 81.4 3
      vertex 231.7 81.4 3.8147e-07
      vertex 234.7 81.4 3.8147e-07
    endloop
  endfacet
  facet normal 0 1 -0
    outer loop
      vertex 234.7 61.4 3.8147e-07
      vertex 231.7 61.4 3
      vertex 234.7 61.4 3
    endloop
  endfacet
  facet normal 0 1 0
    outer loop
      vertex 231.7 61.4 3
      vertex 234.7 61.4 3.8147e-07
      vertex 231.7 61.4 3.8147e-07
    endloop
  endfacet
  facet normal -1 0 0
    outer loop
      vertex 240.7 13.4 3.8147e-07
      vertex 240.7 33.4 3
      vertex 240.7 33.4 3.8147e-07
    endloop
  endfacet
  facet normal -1 -0 0
    outer loop
      vertex 240.7 33.4 3
      vertex 240.7 13.4 3.8147e-07
      vertex 240.7 13.4 3
    endloop
  endfacet
  facet normal 1 -0 0
    outer loop
      vertex 237.7 13.4 3
      vertex 237.7 33.4 3.8147e-07
      vertex 237.7 33.4 3
    endloop
  endfacet
  facet normal 1 0 0
    outer loop
      vertex 237.7 33.4 3.8147e-07
      vertex 237.7 13.4 3
      vertex 237.7 13.4 3.8147e-07
    endloop
  endfacet
  facet normal 0 -1 0
    outer loop
      vertex 237.7 33.4 3.8147e-07
      vertex 240.7 33.4 3
      vertex 237.7 33.4 3
    endloop
  endfacet
  facet normal 0 -1 -0
    outer loop
      vertex 240.7 33.4 3
      vertex 237.7 33.4 3.8147e-07
      vertex 240.7 33.4 3.8147e-07
    endloop
  endfacet
  facet normal 0 1 -0
    outer loop
      vertex 240.7 13.4 3.8147e-07
      vertex 237.7 13.4 3
      vertex 240.7 13.4 3
    endloop
  endfacet
  facet normal 0 1 0
    outer loop
      vertex 237.7 13.4 3
      vertex 240.7 13.4 3.8147e-07
      vertex 237.7 13.4 3.8147e-07
    endloop
  endfacet
  facet normal -1 0 0
    outer loop
      vertex 240.7 37.4 3.8147e-07
      vertex 240.7 57.4 3
      vertex 240.7 57.4 3.8147e-07
    endloop
  endfacet
  facet normal -1 -0 0
    outer loop
      vertex 240.7 57.4 3
      vertex 240.7 37.4 3.8147e-07
      vertex 240.7 37.4 3
    endloop
  endfacet
  facet normal 1 -0 0
    outer loop
      vertex 237.7 37.4 3
      vertex 237.7 57.4 3.8147e-07
      vertex 237.7 57.4 3
    endloop
  endfacet
  facet normal 1 0 0
    outer loop
      vertex 237.7 57.4 3.8147e-07
      vertex 237.7 37.4 3
      vertex 237.7 37.4 3.8147e-07
    endloop
  endfacet
  facet normal 0 -1 0
    outer loop
      vertex 237.7 57.4 3.8147e-07
      vertex 240.7 57.4 3
      vertex 237.7 57.4 3
    endloop
  endfacet
  facet normal 0 -1 -0
    outer loop
      vertex 240.7 57.4 3
      vertex 237.7 57.4 3.8147e-07
      vertex 240.7 57.4 3.8147e-07
    endloop
  endfacet
  facet normal 0 1 -0
    outer loop
      vertex 240.7 37.4 3.8147e-07
      vertex 237.7 37.4 3
      vertex 240.7 37.4 3
    endloop
  endfacet
  facet normal 0 1 0
    outer loop
      vertex 237.7 37.4 3
      vertex 240.7 37.4 3.8147e-07
      vertex 237.7 37.4 3.8147e-07
    endloop
  endfacet
  facet normal -1 0 0
    outer loop
      vertex 240.7 61.4 3.8147e-07
      vertex 240.7 81.4 3
      vertex 240.7 81.4 3.8147e-07
    endloop
  endfacet
  facet normal -1 -0 0
    outer loop
      vertex 240.7 81.4 3
      vertex 240.7 61.4 3.8147e-07
      vertex 240.7 61.4 3
    endloop
  endfacet
  facet normal 1 -0 0
    outer loop
      vertex 237.7 61.4 3
      vertex 237.7 81.4 3.8147e-07
      vertex 237.7 81.4 3
    endloop
  endfacet
  facet normal 1 0 0
    outer loop
      vertex 237.7 81.4 3.8147e-07
      vertex 237.7 61.4 3
      vertex 237.7 61.4 3.8147e-07
    endloop
  endfacet
  facet normal 0 -1 0
    outer loop
      vertex 237.7 81.4 3.8147e-07
      vertex 240.7 81.4 3
      vertex 237.7 81.4 3
    endloop
  endfacet
  facet normal 0 -1 -0
    outer loop
      vertex 240.7 81.4 3
      vertex 237.7 81.4 3.8147e-07
      vertex 240.7 81.4 3.8147e-07
    endloop
  endfacet
  facet normal 0 1 -0
    outer loop
      vertex 240.7 61.4 3.8147e-07
      vertex 237.7 61.4 3
      vertex 240.7 61.4 3
    endloop
  endfacet
  facet normal 0 1 0
    outer loop
      vertex 237.7 61.4 3
      vertex 240.7 61.4 3.8147e-07
      vertex 237.7 61.4 3.8147e-07
    endloop
  endfacet
  facet normal -1 0 0
    outer loop
      vertex 246.7 13.4 3.8147e-07
      vertex 246.7 33.4 3
      vertex 246.7 33.4 3.8147e-07
    endloop
  endfacet
  facet normal -1 -0 0
    outer loop
      vertex 246.7 33.4 3
      vertex 246.7 13.4 3.8147e-07
      vertex 246.7 13.4 3
    endloop
  endfacet
  facet normal 1 -0 0
    outer loop
      vertex 243.7 13.4 3
      vertex 243.7 33.4 3.8147e-07
      vertex 243.7 33.4 3
    endloop
  endfacet
  facet normal 1 0 0
    outer loop
      vertex 243.7 33.4 3.8147e-07
      vertex 243.7 13.4 3
      vertex 243.7 13.4 3.8147e-07
    endloop
  endfacet
  facet normal 0 -1 0
    outer loop
      vertex 243.7 33.4 3.8147e-07
      vertex 246.7 33.4 3
      vertex 243.7 33.4 3
    endloop
  endfacet
  facet normal 0 -1 -0
    outer loop
      vertex 246.7 33.4 3
      vertex 243.7 33.4 3.8147e-07
      vertex 246.7 33.4 3.8147e-07
    endloop
  endfacet
  facet normal 0 1 -0
    outer loop
      vertex 246.7 13.4 3.8147e-07
      vertex 243.7 13.4 3
      vertex 246.7 13.4 3
    endloop
  endfacet
  facet normal 0 1 0
    outer loop
      vertex 243.7 13.4 3
      vertex 246.7 13.4 3.8147e-07
      vertex 243.7 13.4 3.8147e-07
    endloop
  endfacet
  facet normal -1 0 0
    outer loop
      vertex 246.7 37.4 3.8147e-07
      vertex 246.7 57.4 3
      vertex 246.7 57.4 3.8147e-07
    endloop
  endfacet
  facet normal -1 -0 0
    outer loop
      vertex 246.7 57.4 3
      vertex 246.7 37.4 3.8147e-07
      vertex 246.7 37.4 3
    endloop
  endfacet
  facet normal 1 -0 0
    outer loop
      vertex 243.7 37.4 3
      vertex 243.7 57.4 3.8147e-07
      vertex 243.7 57.4 3
    endloop
  endfacet
  facet normal 1 0 0
    outer loop
      vertex 243.7 57.4 3.8147e-07
      vertex 243.7 37.4 3
      vertex 243.7 37.4 3.8147e-07
    endloop
  endfacet
  facet normal 0 -1 0
    outer loop
      vertex 243.7 57.4 3.8147e-07
      vertex 246.7 57.4 3
      vertex 243.7 57.4 3
    endloop
  endfacet
  facet normal 0 -1 -0
    outer loop
      vertex 246.7 57.4 3
      vertex 243.7 57.4 3.8147e-07
      vertex 246.7 57.4 3.8147e-07
    endloop
  endfacet
  facet normal 0 1 -0
    outer loop
      vertex 246.7 37.4 3.8147e-07
      vertex 243.7 37.4 3
      vertex 246.7 37.4 3
    endloop
  endfacet
  facet normal 0 1 0
    outer loop
      vertex 243.7 37.4 3
      vertex 246.7 37.4 3.8147e-07
      vertex 243.7 37.4 3.8147e-07
    endloop
  endfacet
  facet normal -1 0 0
    outer loop
      vertex 246.7 61.4 3.8147e-07
      vertex 246.7 81.4 3
      vertex 246.7 81.4 3.8147e-07
    endloop
  endfacet
  facet normal -1 -0 0
    outer loop
      vertex 246.7 81.4 3
      vertex 246.7 61.4 3.8147e-07
      vertex 246.7 61.4 3
    endloop
  endfacet
  facet normal 1 -0 0
    outer loop
      vertex 243.7 61.4 3
      vertex 243.7 81.4 3.8147e-07
      vertex 243.7 81.4 3
    endloop
  endfacet
  facet normal 1 0 0
    outer loop
      vertex 243.7 81.4 3.8147e-07
      vertex 243.7 61.4 3
      vertex 243.7 61.4 3.8147e-07
    endloop
  endfacet
  facet normal 0 -1 0
    outer loop
      vertex 243.7 81.4 3.8147e-07
      vertex 246.7 81.4 3
      vertex 243.7 81.4 3
    endloop
  endfacet
  facet normal 0 -1 -0
    outer loop
      vertex 246.7 81.4 3
      vertex 243.7 81.4 3.8147e-07
      vertex 246.7 81.4 3.8147e-07
    endloop
  endfacet
  facet normal 0 1 -0
    outer loop
      vertex 246.7 61.4 3.8147e-07
      vertex 243.7 61.4 3
      vertex 246.7 61.4 3
    endloop
  endfacet
  facet normal 0 1 0
    outer loop
      vertex 243.7 61.4 3
      vertex 246.7 61.4 3.8147e-07
      vertex 243.7 61.4 3.8147e-07
    endloop
  endfacet
  facet normal -1 0 0
    outer loop
      vertex 252.7 13.4 3.8147e-07
      vertex 252.7 33.4 3
      vertex 252.7 33.4 3.8147e-07
    endloop
  endfacet
  facet normal -1 -0 0
    outer loop
      vertex 252.7 33.4 3
      vertex 252.7 13.4 3.8147e-07
      vertex 252.7 13.4 3
    endloop
  endfacet
  facet normal 1 -0 0
    outer loop
      vertex 249.7 13.4 3
      vertex 249.7 33.4 3.8147e-07
      vertex 249.7 33.4 3
    endloop
  endfacet
  facet normal 1 0 0
    outer loop
      vertex 249.7 33.4 3.8147e-07
      vertex 249.7 13.4 3
      vertex 249.7 13.4 3.8147e-07
    endloop
  endfacet
  facet normal 0 -1 0
    outer loop
      vertex 249.7 33.4 3.8147e-07
      vertex 252.7 33.4 3
      vertex 249.7 33.4 3
    endloop
  endfacet
  facet normal 0 -1 -0
    outer loop
      vertex 252.7 33.4 3
      vertex 249.7 33.4 3.8147e-07
      vertex 252.7 33.4 3.8147e-07
    endloop
  endfacet
  facet normal 0 1 -0
    outer loop
      vertex 252.7 13.4 3.8147e-07
      vertex 249.7 13.4 3
      vertex 252.7 13.4 3
    endloop
  endfacet
  facet normal 0 1 0
    outer loop
      vertex 249.7 13.4 3
      vertex 252.7 13.4 3.8147e-07
      vertex 249.7 13.4 3.8147e-07
    endloop
  endfacet
  facet normal -1 0 0
    outer loop
      vertex 252.7 37.4 3.8147e-07
      vertex 252.7 57.4 3
      vertex 252.7 57.4 3.8147e-07
    endloop
  endfacet
  facet normal -1 -0 0
    outer loop
      vertex 252.7 57.4 3
      vertex 252.7 37.4 3.8147e-07
      vertex 252.7 37.4 3
    endloop
  endfacet
  facet normal 1 -0 0
    outer loop
      vertex 249.7 37.4 3
      vertex 249.7 57.4 3.8147e-07
      vertex 249.7 57.4 3
    endloop
  endfacet
  facet normal 1 0 0
    outer loop
      vertex 249.7 57.4 3.8147e-07
      vertex 249.7 37.4 3
      vertex 249.7 37.4 3.8147e-07
    endloop
  endfacet
  facet normal 0 -1 0
    outer loop
      vertex 249.7 57.4 3.8147e-07
      vertex 252.7 57.4 3
      vertex 249.7 57.4 3
    endloop
  endfacet
  facet normal 0 -1 -0
    outer loop
      vertex 252.7 57.4 3
      vertex 249.7 57.4 3.8147e-07
      vertex 252.7 57.4 3.8147e-07
    endloop
  endfacet
  facet normal 0 1 -0
    outer loop
      vertex 252.7 37.4 3.8147e-07
      vertex 249.7 37.4 3
      vertex 252.7 37.4 3
    endloop
  endfacet
  facet normal 0 1 0
    outer loop
      vertex 249.7 37.4 3
      vertex 252.7 37.4 3.8147e-07
      vertex 249.7 37.4 3.8147e-07
    endloop
  endfacet
  facet normal -1 0 0
    outer loop
      vertex 252.7 81.4 3.8147e-07
      vertex 252.7 81 2.99
      vertex 252.7 81.4 2.99
    endloop
  endfacet
  facet normal -1 0 0
    outer loop
      vertex 252.7 61.4 3.8147e-07
      vertex 252.7 81 2.99
      vertex 252.7 81.4 3.8147e-07
    endloop
  endfacet
  facet normal -1 0 0
    outer loop
      vertex 252.7 61.4 3
      vertex 252.7 81 2.99
      vertex 252.7 61.4 3.8147e-07
    endloop
  endfacet
  facet normal -1 0 0
    outer loop
      vertex 252.7 81 2.99
      vertex 252.7 61.4 3
      vertex 252.7 81 3
    endloop
  endfacet
  facet normal 1 0 0
    outer loop
      vertex 249.7 81 3
      vertex 249.7 61.4 3
      vertex 249.7 81 2.99
    endloop
  endfacet
  facet normal 1 -0 0
    outer loop
      vertex 249.7 81 2.99
      vertex 249.7 81.4 3.8147e-07
      vertex 249.7 81.4 2.99
    endloop
  endfacet
  facet normal 1 0 0
    outer loop
      vertex 249.7 61.4 3.8147e-07
      vertex 249.7 81 2.99
      vertex 249.7 61.4 3
    endloop
  endfacet
  facet normal 1 0 0
    outer loop
      vertex 249.7 81 2.99
      vertex 249.7 61.4 3.8147e-07
      vertex 249.7 81.4 3.8147e-07
    endloop
  endfacet
  facet normal 0 -1 0
    outer loop
      vertex 249.7 81.4 3.8147e-07
      vertex 252.7 81.4 2.99
      vertex 249.7 81.4 2.99
    endloop
  endfacet
  facet normal 0 -1 -0
    outer loop
      vertex 252.7 81.4 2.99
      vertex 249.7 81.4 3.8147e-07
      vertex 252.7 81.4 3.8147e-07
    endloop
  endfacet
  facet normal 0 1 -0
    outer loop
      vertex 252.7 61.4 3.8147e-07
      vertex 249.7 61.4 3
      vertex 252.7 61.4 3
    endloop
  endfacet
  facet normal 0 1 0
    outer loop
      vertex 249.7 61.4 3
      vertex 252.7 61.4 3.8147e-07
      vertex 249.7 61.4 3.8147e-07
    endloop
  endfacet
  facet normal 1 -0 0
    outer loop
      vertex 261.7 -150 3
      vertex 261.7 94 3.8147e-07
      vertex 261.7 94 3
    endloop
  endfacet
  facet normal 1 0 0
    outer loop
      vertex 261.7 94 3.8147e-07
      vertex 261.7 -150 3
      vertex 261.7 -150 3.8147e-07
    endloop
  endfacet
  facet normal 0 0 -1
    outer loop
      vertex 137.081 39.8 3.8147e-07
      vertex 147.7 13.4 3.8147e-07
      vertex 137.081 1.79999 3.8147e-07
    endloop
  endfacet
  facet normal 0 0 -1
    outer loop
      vertex 147.7 13.4 3.8147e-07
      vertex 137.081 39.8 3.8147e-07
      vertex 141.7 39.8 3.8147e-07
    endloop
  endfacet
  facet normal 0 0 -1
    outer loop
      vertex 135 -0.400002 3.8147e-07
      vertex 137.081 1.79999 3.8147e-07
      vertex 135.881 -0.400002 3.8147e-07
    endloop
  endfacet
  facet normal -0 0 -1
    outer loop
      vertex 137.081 1.79999 3.8147e-07
      vertex 135 -0.400002 3.8147e-07
      vertex 137.081 39.8 3.8147e-07
    endloop
  endfacet
  facet normal 0 0 -1
    outer loop
      vertex 135 42 3.8147e-07
      vertex 137.081 39.8 3.8147e-07
      vertex 135 -0.400002 3.8147e-07
    endloop
  endfacet
  facet normal 0 0 -1
    outer loop
      vertex 137.081 39.8 3.8147e-07
      vertex 135 42 3.8147e-07
      vertex 135.881 42 3.8147e-07
    endloop
  endfacet
  facet normal 0 0 -1
    outer loop
      vertex 137.081 -47 3.8147e-07
      vertex 141.7 -8.99999 3.8147e-07
      vertex 141.7 -47 3.8147e-07
    endloop
  endfacet
  facet normal 0 0 -1
    outer loop
      vertex 137.081 -47 3.8147e-07
      vertex 137.081 -8.99999 3.8147e-07
      vertex 141.7 -8.99999 3.8147e-07
    endloop
  endfacet
  facet normal 0 0 -1
    outer loop
      vertex 135 -49.2 3.8147e-07
      vertex 137.081 -47 3.8147e-07
      vertex 135.881 -49.2 3.8147e-07
    endloop
  endfacet
  facet normal -0 0 -1
    outer loop
      vertex 137.081 -47 3.8147e-07
      vertex 135 -49.2 3.8147e-07
      vertex 137.081 -8.99999 3.8147e-07
    endloop
  endfacet
  facet normal 0 0 -1
    outer loop
      vertex 135 -6.8 3.8147e-07
      vertex 137.081 -8.99999 3.8147e-07
      vertex 135 -49.2 3.8147e-07
    endloop
  endfacet
  facet normal 0 0 -1
    outer loop
      vertex 137.081 -8.99999 3.8147e-07
      vertex 135 -6.8 3.8147e-07
      vertex 135.881 -6.8 3.8147e-07
    endloop
  endfacet
  facet normal 0 0 -1
    outer loop
      vertex 137.081 -95.8 3.8147e-07
      vertex 141.7 -57.8 3.8147e-07
      vertex 141.7 -95.8 3.8147e-07
    endloop
  endfacet
  facet normal 0 0 -1
    outer loop
      vertex 137.081 -95.8 3.8147e-07
      vertex 137.081 -57.8 3.8147e-07
      vertex 141.7 -57.8 3.8147e-07
    endloop
  endfacet
  facet normal 0 0 -1
    outer loop
      vertex 135 -98 3.8147e-07
      vertex 137.081 -95.8 3.8147e-07
      vertex 135.881 -98 3.8147e-07
    endloop
  endfacet
  facet normal -0 0 -1
    outer loop
      vertex 137.081 -95.8 3.8147e-07
      vertex 135 -98 3.8147e-07
      vertex 137.081 -57.8 3.8147e-07
    endloop
  endfacet
  facet normal 0 0 -1
    outer loop
      vertex 135 -55.6 3.8147e-07
      vertex 137.081 -57.8 3.8147e-07
      vertex 135 -98 3.8147e-07
    endloop
  endfacet
  facet normal 0 0 -1
    outer loop
      vertex 137.081 -57.8 3.8147e-07
      vertex 135 -55.6 3.8147e-07
      vertex 135.881 -55.6 3.8147e-07
    endloop
  endfacet
  facet normal 0 0 -1
    outer loop
      vertex 147.7 57.4 3.8147e-07
      vertex 150.7 61.4 3.8147e-07
      vertex 150.7 57.4 3.8147e-07
    endloop
  endfacet
  facet normal -0 0 -1
    outer loop
      vertex 150.7 61.4 3.8147e-07
      vertex 147.7 57.4 3.8147e-07
      vertex 147.7 61.4 3.8147e-07
    endloop
  endfacet
  facet normal 0 0 -1
    outer loop
      vertex 147.7 33.4 3.8147e-07
      vertex 150.7 37.4 3.8147e-07
      vertex 150.7 33.4 3.8147e-07
    endloop
  endfacet
  facet normal -0 0 -1
    outer loop
      vertex 150.7 37.4 3.8147e-07
      vertex 147.7 33.4 3.8147e-07
      vertex 147.7 37.4 3.8147e-07
    endloop
  endfacet
  facet normal 0 0 -1
    outer loop
      vertex 153.7 57.4 3.8147e-07
      vertex 156.7 61.4 3.8147e-07
      vertex 156.7 57.4 3.8147e-07
    endloop
  endfacet
  facet normal -0 0 -1
    outer loop
      vertex 156.7 61.4 3.8147e-07
      vertex 153.7 57.4 3.8147e-07
      vertex 153.7 61.4 3.8147e-07
    endloop
  endfacet
  facet normal 0 0 -1
    outer loop
      vertex 153.7 33.4 3.8147e-07
      vertex 156.7 37.4 3.8147e-07
      vertex 156.7 33.4 3.8147e-07
    endloop
  endfacet
  facet normal -0 0 -1
    outer loop
      vertex 156.7 37.4 3.8147e-07
      vertex 153.7 33.4 3.8147e-07
      vertex 153.7 37.4 3.8147e-07
    endloop
  endfacet
  facet normal 0 0 -1
    outer loop
      vertex 159.7 57.4 3.8147e-07
      vertex 162.7 61.4 3.8147e-07
      vertex 162.7 57.4 3.8147e-07
    endloop
  endfacet
  facet normal -0 0 -1
    outer loop
      vertex 162.7 61.4 3.8147e-07
      vertex 159.7 57.4 3.8147e-07
      vertex 159.7 61.4 3.8147e-07
    endloop
  endfacet
  facet normal 0 0 -1
    outer loop
      vertex 159.7 33.4 3.8147e-07
      vertex 162.7 37.4 3.8147e-07
      vertex 162.7 33.4 3.8147e-07
    endloop
  endfacet
  facet normal -0 0 -1
    outer loop
      vertex 162.7 37.4 3.8147e-07
      vertex 159.7 33.4 3.8147e-07
      vertex 159.7 37.4 3.8147e-07
    endloop
  endfacet
  facet normal 0 0 -1
    outer loop
      vertex 165.7 57.4 3.8147e-07
      vertex 168.7 61.4 3.8147e-07
      vertex 168.7 57.4 3.8147e-07
    endloop
  endfacet
  facet normal -0 0 -1
    outer loop
      vertex 168.7 61.4 3.8147e-07
      vertex 165.7 57.4 3.8147e-07
      vertex 165.7 61.4 3.8147e-07
    endloop
  endfacet
  facet normal 0 0 -1
    outer loop
      vertex 165.7 33.4 3.8147e-07
      vertex 168.7 37.4 3.8147e-07
      vertex 168.7 33.4 3.8147e-07
    endloop
  endfacet
  facet normal -0 0 -1
    outer loop
      vertex 168.7 37.4 3.8147e-07
      vertex 165.7 33.4 3.8147e-07
      vertex 165.7 37.4 3.8147e-07
    endloop
  endfacet
  facet normal 0 0 -1
    outer loop
      vertex 171.7 57.4 3.8147e-07
      vertex 174.7 61.4 3.8147e-07
      vertex 174.7 57.4 3.8147e-07
    endloop
  endfacet
  facet normal -0 0 -1
    outer loop
      vertex 174.7 61.4 3.8147e-07
      vertex 171.7 57.4 3.8147e-07
      vertex 171.7 61.4 3.8147e-07
    endloop
  endfacet
  facet normal 0 0 -1
    outer loop
      vertex 171.7 33.4 3.8147e-07
      vertex 174.7 37.4 3.8147e-07
      vertex 174.7 33.4 3.8147e-07
    endloop
  endfacet
  facet normal -0 0 -1
    outer loop
      vertex 174.7 37.4 3.8147e-07
      vertex 171.7 33.4 3.8147e-07
      vertex 171.7 37.4 3.8147e-07
    endloop
  endfacet
  facet normal 0 0 -1
    outer loop
      vertex 177.7 57.4 3.8147e-07
      vertex 180.7 61.4 3.8147e-07
      vertex 180.7 57.4 3.8147e-07
    endloop
  endfacet
  facet normal -0 0 -1
    outer loop
      vertex 180.7 61.4 3.8147e-07
      vertex 177.7 57.4 3.8147e-07
      vertex 177.7 61.4 3.8147e-07
    endloop
  endfacet
  facet normal 0 0 -1
    outer loop
      vertex 177.7 33.4 3.8147e-07
      vertex 180.7 37.4 3.8147e-07
      vertex 180.7 33.4 3.8147e-07
    endloop
  endfacet
  facet normal -0 0 -1
    outer loop
      vertex 180.7 37.4 3.8147e-07
      vertex 177.7 33.4 3.8147e-07
      vertex 177.7 37.4 3.8147e-07
    endloop
  endfacet
  facet normal 0 0 -1
    outer loop
      vertex 183.7 57.4 3.8147e-07
      vertex 186.7 61.4 3.8147e-07
      vertex 186.7 57.4 3.8147e-07
    endloop
  endfacet
  facet normal -0 0 -1
    outer loop
      vertex 186.7 61.4 3.8147e-07
      vertex 183.7 57.4 3.8147e-07
      vertex 183.7 61.4 3.8147e-07
    endloop
  endfacet
  facet normal 0 0 -1
    outer loop
      vertex 183.7 33.4 3.8147e-07
      vertex 186.7 37.4 3.8147e-07
      vertex 186.7 33.4 3.8147e-07
    endloop
  endfacet
  facet normal -0 0 -1
    outer loop
      vertex 186.7 37.4 3.8147e-07
      vertex 183.7 33.4 3.8147e-07
      vertex 183.7 37.4 3.8147e-07
    endloop
  endfacet
  facet normal 0 0 -1
    outer loop
      vertex 189.7 57.4 3.8147e-07
      vertex 192.7 61.4 3.8147e-07
      vertex 192.7 57.4 3.8147e-07
    endloop
  endfacet
  facet normal -0 0 -1
    outer loop
      vertex 192.7 61.4 3.8147e-07
      vertex 189.7 57.4 3.8147e-07
      vertex 189.7 61.4 3.8147e-07
    endloop
  endfacet
  facet normal 0 0 -1
    outer loop
      vertex 189.7 33.4 3.8147e-07
      vertex 192.7 37.4 3.8147e-07
      vertex 192.7 33.4 3.8147e-07
    endloop
  endfacet
  facet normal -0 0 -1
    outer loop
      vertex 192.7 37.4 3.8147e-07
      vertex 189.7 33.4 3.8147e-07
      vertex 189.7 37.4 3.8147e-07
    endloop
  endfacet
  facet normal 0 0 -1
    outer loop
      vertex 195.7 57.4 3.8147e-07
      vertex 198.7 61.4 3.8147e-07
      vertex 198.7 57.4 3.8147e-07
    endloop
  endfacet
  facet normal -0 0 -1
    outer loop
      vertex 198.7 61.4 3.8147e-07
      vertex 195.7 57.4 3.8147e-07
      vertex 195.7 61.4 3.8147e-07
    endloop
  endfacet
  facet normal 0 0 -1
    outer loop
      vertex 195.7 33.4 3.8147e-07
      vertex 198.7 37.4 3.8147e-07
      vertex 198.7 33.4 3.8147e-07
    endloop
  endfacet
  facet normal -0 0 -1
    outer loop
      vertex 198.7 37.4 3.8147e-07
      vertex 195.7 33.4 3.8147e-07
      vertex 195.7 37.4 3.8147e-07
    endloop
  endfacet
  facet normal 0 0 -1
    outer loop
      vertex 201.7 57.4 3.8147e-07
      vertex 204.7 61.4 3.8147e-07
      vertex 204.7 57.4 3.8147e-07
    endloop
  endfacet
  facet normal -0 0 -1
    outer loop
      vertex 204.7 61.4 3.8147e-07
      vertex 201.7 57.4 3.8147e-07
      vertex 201.7 61.4 3.8147e-07
    endloop
  endfacet
  facet normal 0 0 -1
    outer loop
      vertex 201.7 33.4 3.8147e-07
      vertex 204.7 37.4 3.8147e-07
      vertex 204.7 33.4 3.8147e-07
    endloop
  endfacet
  facet normal -0 0 -1
    outer loop
      vertex 204.7 37.4 3.8147e-07
      vertex 201.7 33.4 3.8147e-07
      vertex 201.7 37.4 3.8147e-07
    endloop
  endfacet
  facet normal 0 0 -1
    outer loop
      vertex 207.7 57.4 3.8147e-07
      vertex 210.7 61.4 3.8147e-07
      vertex 210.7 57.4 3.8147e-07
    endloop
  endfacet
  facet normal -0 0 -1
    outer loop
      vertex 210.7 61.4 3.8147e-07
      vertex 207.7 57.4 3.8147e-07
      vertex 207.7 61.4 3.8147e-07
    endloop
  endfacet
  facet normal 0 0 -1
    outer loop
      vertex 207.7 33.4 3.8147e-07
      vertex 210.7 37.4 3.8147e-07
      vertex 210.7 33.4 3.8147e-07
    endloop
  endfacet
  facet normal -0 0 -1
    outer loop
      vertex 210.7 37.4 3.8147e-07
      vertex 207.7 33.4 3.8147e-07
      vertex 207.7 37.4 3.8147e-07
    endloop
  endfacet
  facet normal 0 0 -1
    outer loop
      vertex 213.7 57.4 3.8147e-07
      vertex 216.7 61.4 3.8147e-07
      vertex 216.7 57.4 3.8147e-07
    endloop
  endfacet
  facet normal -0 0 -1
    outer loop
      vertex 216.7 61.4 3.8147e-07
      vertex 213.7 57.4 3.8147e-07
      vertex 213.7 61.4 3.8147e-07
    endloop
  endfacet
  facet normal 0 0 -1
    outer loop
      vertex 213.7 33.4 3.8147e-07
      vertex 216.7 37.4 3.8147e-07
      vertex 216.7 33.4 3.8147e-07
    endloop
  endfacet
  facet normal -0 0 -1
    outer loop
      vertex 216.7 37.4 3.8147e-07
      vertex 213.7 33.4 3.8147e-07
      vertex 213.7 37.4 3.8147e-07
    endloop
  endfacet
  facet normal 0 0 -1
    outer loop
      vertex 219.7 57.4 3.8147e-07
      vertex 222.7 61.4 3.8147e-07
      vertex 222.7 57.4 3.8147e-07
    endloop
  endfacet
  facet normal -0 0 -1
    outer loop
      vertex 222.7 61.4 3.8147e-07
      vertex 219.7 57.4 3.8147e-07
      vertex 219.7 61.4 3.8147e-07
    endloop
  endfacet
  facet normal 0 0 -1
    outer loop
      vertex 219.7 33.4 3.8147e-07
      vertex 222.7 37.4 3.8147e-07
      vertex 222.7 33.4 3.8147e-07
    endloop
  endfacet
  facet normal -0 0 -1
    outer loop
      vertex 222.7 37.4 3.8147e-07
      vertex 219.7 33.4 3.8147e-07
      vertex 219.7 37.4 3.8147e-07
    endloop
  endfacet
  facet normal 0 0 -1
    outer loop
      vertex 225.7 57.4 3.8147e-07
      vertex 228.7 61.4 3.8147e-07
      vertex 228.7 57.4 3.8147e-07
    endloop
  endfacet
  facet normal -0 0 -1
    outer loop
      vertex 228.7 61.4 3.8147e-07
      vertex 225.7 57.4 3.8147e-07
      vertex 225.7 61.4 3.8147e-07
    endloop
  endfacet
  facet normal 0 0 -1
    outer loop
      vertex 225.7 33.4 3.8147e-07
      vertex 228.7 37.4 3.8147e-07
      vertex 228.7 33.4 3.8147e-07
    endloop
  endfacet
  facet normal -0 0 -1
    outer loop
      vertex 228.7 37.4 3.8147e-07
      vertex 225.7 33.4 3.8147e-07
      vertex 225.7 37.4 3.8147e-07
    endloop
  endfacet
  facet normal 0 0 -1
    outer loop
      vertex 231.7 57.4 3.8147e-07
      vertex 234.7 61.4 3.8147e-07
      vertex 234.7 57.4 3.8147e-07
    endloop
  endfacet
  facet normal -0 0 -1
    outer loop
      vertex 234.7 61.4 3.8147e-07
      vertex 231.7 57.4 3.8147e-07
      vertex 231.7 61.4 3.8147e-07
    endloop
  endfacet
  facet normal 0 0 -1
    outer loop
      vertex 231.7 33.4 3.8147e-07
      vertex 234.7 37.4 3.8147e-07
      vertex 234.7 33.4 3.8147e-07
    endloop
  endfacet
  facet normal -0 0 -1
    outer loop
      vertex 234.7 37.4 3.8147e-07
      vertex 231.7 33.4 3.8147e-07
      vertex 231.7 37.4 3.8147e-07
    endloop
  endfacet
  facet normal 0 0 -1
    outer loop
      vertex 237.7 57.4 3.8147e-07
      vertex 240.7 61.4 3.8147e-07
      vertex 240.7 57.4 3.8147e-07
    endloop
  endfacet
  facet normal -0 0 -1
    outer loop
      vertex 240.7 61.4 3.8147e-07
      vertex 237.7 57.4 3.8147e-07
      vertex 237.7 61.4 3.8147e-07
    endloop
  endfacet
  facet normal 0 0 -1
    outer loop
      vertex 237.7 33.4 3.8147e-07
      vertex 240.7 37.4 3.8147e-07
      vertex 240.7 33.4 3.8147e-07
    endloop
  endfacet
  facet normal -0 0 -1
    outer loop
      vertex 240.7 37.4 3.8147e-07
      vertex 237.7 33.4 3.8147e-07
      vertex 237.7 37.4 3.8147e-07
    endloop
  endfacet
  facet normal 0 0 -1
    outer loop
      vertex 243.7 57.4 3.8147e-07
      vertex 246.7 61.4 3.8147e-07
      vertex 246.7 57.4 3.8147e-07
    endloop
  endfacet
  facet normal -0 0 -1
    outer loop
      vertex 246.7 61.4 3.8147e-07
      vertex 243.7 57.4 3.8147e-07
      vertex 243.7 61.4 3.8147e-07
    endloop
  endfacet
  facet normal 0 0 -1
    outer loop
      vertex 243.7 33.4 3.8147e-07
      vertex 246.7 37.4 3.8147e-07
      vertex 246.7 33.4 3.8147e-07
    endloop
  endfacet
  facet normal -0 0 -1
    outer loop
      vertex 246.7 37.4 3.8147e-07
      vertex 243.7 33.4 3.8147e-07
      vertex 243.7 37.4 3.8147e-07
    endloop
  endfacet
  facet normal 0 0 -1
    outer loop
      vertex 249.7 57.4 3.8147e-07
      vertex 252.7 61.4 3.8147e-07
      vertex 252.7 57.4 3.8147e-07
    endloop
  endfacet
  facet normal -0 0 -1
    outer loop
      vertex 252.7 61.4 3.8147e-07
      vertex 249.7 57.4 3.8147e-07
      vertex 249.7 61.4 3.8147e-07
    endloop
  endfacet
  facet normal 0 0 -1
    outer loop
      vertex 249.7 33.4 3.8147e-07
      vertex 252.7 37.4 3.8147e-07
      vertex 252.7 33.4 3.8147e-07
    endloop
  endfacet
  facet normal -0 0 -1
    outer loop
      vertex 252.7 37.4 3.8147e-07
      vertex 249.7 33.4 3.8147e-07
      vertex 249.7 37.4 3.8147e-07
    endloop
  endfacet
  facet normal 0 0 -1
    outer loop
      vertex 261.7 -150 3.8147e-07
      vertex 252.7 13.4 3.8147e-07
      vertex 261.7 94 3.8147e-07
    endloop
  endfacet
  facet normal 0 0 -1
    outer loop
      vertex 261.7 -150 3.8147e-07
      vertex 249.7 13.4 3.8147e-07
      vertex 252.7 13.4 3.8147e-07
    endloop
  endfacet
  facet normal 0 0 -1
    outer loop
      vertex 246.7 33.4 3.8147e-07
      vertex 249.7 33.4 3.8147e-07
      vertex 249.7 13.4 3.8147e-07
    endloop
  endfacet
  facet normal 0 0 -1
    outer loop
      vertex 249.7 33.4 3.8147e-07
      vertex 246.7 33.4 3.8147e-07
      vertex 249.7 37.4 3.8147e-07
    endloop
  endfacet
  facet normal 0 0 -1
    outer loop
      vertex 249.7 37.4 3.8147e-07
      vertex 246.7 37.4 3.8147e-07
      vertex 249.7 57.4 3.8147e-07
    endloop
  endfacet
  facet normal 0 0 -1
    outer loop
      vertex 246.7 57.4 3.8147e-07
      vertex 249.7 57.4 3.8147e-07
      vertex 246.7 37.4 3.8147e-07
    endloop
  endfacet
  facet normal 0 0 -1
    outer loop
      vertex 246.7 33.4 3.8147e-07
      vertex 249.7 13.4 3.8147e-07
      vertex 246.7 13.4 3.8147e-07
    endloop
  endfacet
  facet normal 0 0 -1
    outer loop
      vertex 261.7 -150 3.8147e-07
      vertex 246.7 13.4 3.8147e-07
      vertex 249.7 13.4 3.8147e-07
    endloop
  endfacet
  facet normal 0 0 -1
    outer loop
      vertex 261.7 -150 3.8147e-07
      vertex 243.7 13.4 3.8147e-07
      vertex 246.7 13.4 3.8147e-07
    endloop
  endfacet
  facet normal 0 0 -1
    outer loop
      vertex 240.7 33.4 3.8147e-07
      vertex 243.7 33.4 3.8147e-07
      vertex 243.7 13.4 3.8147e-07
    endloop
  endfacet
  facet normal 0 0 -1
    outer loop
      vertex 243.7 33.4 3.8147e-07
      vertex 240.7 33.4 3.8147e-07
      vertex 243.7 37.4 3.8147e-07
    endloop
  endfacet
  facet normal 0 0 -1
    outer loop
      vertex 243.7 37.4 3.8147e-07
      vertex 240.7 37.4 3.8147e-07
      vertex 243.7 57.4 3.8147e-07
    endloop
  endfacet
  facet normal 0 0 -1
    outer loop
      vertex 240.7 57.4 3.8147e-07
      vertex 243.7 57.4 3.8147e-07
      vertex 240.7 37.4 3.8147e-07
    endloop
  endfacet
  facet normal 0 0 -1
    outer loop
      vertex 240.7 33.4 3.8147e-07
      vertex 243.7 13.4 3.8147e-07
      vertex 240.7 13.4 3.8147e-07
    endloop
  endfacet
  facet normal 0 0 -1
    outer loop
      vertex 261.7 -150 3.8147e-07
      vertex 240.7 13.4 3.8147e-07
      vertex 243.7 13.4 3.8147e-07
    endloop
  endfacet
  facet normal 0 0 -1
    outer loop
      vertex 261.7 -150 3.8147e-07
      vertex 237.7 13.4 3.8147e-07
      vertex 240.7 13.4 3.8147e-07
    endloop
  endfacet
  facet normal 0 0 -1
    outer loop
      vertex 234.7 33.4 3.8147e-07
      vertex 237.7 33.4 3.8147e-07
      vertex 237.7 13.4 3.8147e-07
    endloop
  endfacet
  facet normal 0 0 -1
    outer loop
      vertex 237.7 33.4 3.8147e-07
      vertex 234.7 33.4 3.8147e-07
      vertex 237.7 37.4 3.8147e-07
    endloop
  endfacet
  facet normal 0 0 -1
    outer loop
      vertex 237.7 37.4 3.8147e-07
      vertex 234.7 37.4 3.8147e-07
      vertex 237.7 57.4 3.8147e-07
    endloop
  endfacet
  facet normal 0 0 -1
    outer loop
      vertex 234.7 57.4 3.8147e-07
      vertex 237.7 57.4 3.8147e-07
      vertex 234.7 37.4 3.8147e-07
    endloop
  endfacet
  facet normal 0 0 -1
    outer loop
      vertex 234.7 33.4 3.8147e-07
      vertex 237.7 13.4 3.8147e-07
      vertex 234.7 13.4 3.8147e-07
    endloop
  endfacet
  facet normal 0 0 -1
    outer loop
      vertex 261.7 -150 3.8147e-07
      vertex 234.7 13.4 3.8147e-07
      vertex 237.7 13.4 3.8147e-07
    endloop
  endfacet
  facet normal 0 0 -1
    outer loop
      vertex 261.7 -150 3.8147e-07
      vertex 231.7 13.4 3.8147e-07
      vertex 234.7 13.4 3.8147e-07
    endloop
  endfacet
  facet normal 0 0 -1
    outer loop
      vertex 228.7 33.4 3.8147e-07
      vertex 231.7 33.4 3.8147e-07
      vertex 231.7 13.4 3.8147e-07
    endloop
  endfacet
  facet normal 0 0 -1
    outer loop
      vertex 231.7 33.4 3.8147e-07
      vertex 228.7 33.4 3.8147e-07
      vertex 231.7 37.4 3.8147e-07
    endloop
  endfacet
  facet normal 0 0 -1
    outer loop
      vertex 231.7 37.4 3.8147e-07
      vertex 228.7 37.4 3.8147e-07
      vertex 231.7 57.4 3.8147e-07
    endloop
  endfacet
  facet normal 0 0 -1
    outer loop
      vertex 228.7 57.4 3.8147e-07
      vertex 231.7 57.4 3.8147e-07
      vertex 228.7 37.4 3.8147e-07
    endloop
  endfacet
  facet normal 0 0 -1
    outer loop
      vertex 228.7 33.4 3.8147e-07
      vertex 231.7 13.4 3.8147e-07
      vertex 228.7 13.4 3.8147e-07
    endloop
  endfacet
  facet normal 0 0 -1
    outer loop
      vertex 261.7 -150 3.8147e-07
      vertex 228.7 13.4 3.8147e-07
      vertex 231.7 13.4 3.8147e-07
    endloop
  endfacet
  facet normal 0 0 -1
    outer loop
      vertex 261.7 -150 3.8147e-07
      vertex 225.7 13.4 3.8147e-07
      vertex 228.7 13.4 3.8147e-07
    endloop
  endfacet
  facet normal 0 0 -1
    outer loop
      vertex 222.7 33.4 3.8147e-07
      vertex 225.7 33.4 3.8147e-07
      vertex 225.7 13.4 3.8147e-07
    endloop
  endfacet
  facet normal 0 0 -1
    outer loop
      vertex 225.7 33.4 3.8147e-07
      vertex 222.7 33.4 3.8147e-07
      vertex 225.7 37.4 3.8147e-07
    endloop
  endfacet
  facet normal 0 0 -1
    outer loop
      vertex 225.7 37.4 3.8147e-07
      vertex 222.7 37.4 3.8147e-07
      vertex 225.7 57.4 3.8147e-07
    endloop
  endfacet
  facet normal 0 0 -1
    outer loop
      vertex 222.7 57.4 3.8147e-07
      vertex 225.7 57.4 3.8147e-07
      vertex 222.7 37.4 3.8147e-07
    endloop
  endfacet
  facet normal 0 0 -1
    outer loop
      vertex 222.7 33.4 3.8147e-07
      vertex 225.7 13.4 3.8147e-07
      vertex 222.7 13.4 3.8147e-07
    endloop
  endfacet
  facet normal 0 0 -1
    outer loop
      vertex 141.7 -57.8 3.8147e-07
      vertex 225.7 13.4 3.8147e-07
      vertex 261.7 -150 3.8147e-07
    endloop
  endfacet
  facet normal -0 0 -1
    outer loop
      vertex 225.7 13.4 3.8147e-07
      vertex 141.7 -57.8 3.8147e-07
      vertex 222.7 13.4 3.8147e-07
    endloop
  endfacet
  facet normal 0 0 -1
    outer loop
      vertex 216.7 33.4 3.8147e-07
      vertex 219.7 33.4 3.8147e-07
      vertex 219.7 13.4 3.8147e-07
    endloop
  endfacet
  facet normal 0 0 -1
    outer loop
      vertex 219.7 33.4 3.8147e-07
      vertex 216.7 33.4 3.8147e-07
      vertex 219.7 37.4 3.8147e-07
    endloop
  endfacet
  facet normal 0 0 -1
    outer loop
      vertex 219.7 37.4 3.8147e-07
      vertex 216.7 37.4 3.8147e-07
      vertex 219.7 57.4 3.8147e-07
    endloop
  endfacet
  facet normal 0 0 -1
    outer loop
      vertex 216.7 57.4 3.8147e-07
      vertex 219.7 57.4 3.8147e-07
      vertex 216.7 37.4 3.8147e-07
    endloop
  endfacet
  facet normal 0 0 -1
    outer loop
      vertex 216.7 33.4 3.8147e-07
      vertex 219.7 13.4 3.8147e-07
      vertex 216.7 13.4 3.8147e-07
    endloop
  endfacet
  facet normal -0 0 -1
    outer loop
      vertex 222.7 13.4 3.8147e-07
      vertex 141.7 -57.8 3.8147e-07
      vertex 219.7 13.4 3.8147e-07
    endloop
  endfacet
  facet normal -0 0 -1
    outer loop
      vertex 219.7 13.4 3.8147e-07
      vertex 141.7 -57.8 3.8147e-07
      vertex 216.7 13.4 3.8147e-07
    endloop
  endfacet
  facet normal 0 0 -1
    outer loop
      vertex 210.7 33.4 3.8147e-07
      vertex 213.7 33.4 3.8147e-07
      vertex 213.7 13.4 3.8147e-07
    endloop
  endfacet
  facet normal 0 0 -1
    outer loop
      vertex 213.7 33.4 3.8147e-07
      vertex 210.7 33.4 3.8147e-07
      vertex 213.7 37.4 3.8147e-07
    endloop
  endfacet
  facet normal 0 0 -1
    outer loop
      vertex 213.7 37.4 3.8147e-07
      vertex 210.7 37.4 3.8147e-07
      vertex 213.7 57.4 3.8147e-07
    endloop
  endfacet
  facet normal 0 0 -1
    outer loop
      vertex 210.7 57.4 3.8147e-07
      vertex 213.7 57.4 3.8147e-07
      vertex 210.7 37.4 3.8147e-07
    endloop
  endfacet
  facet normal 0 0 -1
    outer loop
      vertex 210.7 33.4 3.8147e-07
      vertex 213.7 13.4 3.8147e-07
      vertex 210.7 13.4 3.8147e-07
    endloop
  endfacet
  facet normal -0 0 -1
    outer loop
      vertex 216.7 13.4 3.8147e-07
      vertex 141.7 -57.8 3.8147e-07
      vertex 213.7 13.4 3.8147e-07
    endloop
  endfacet
  facet normal -0 0 -1
    outer loop
      vertex 213.7 13.4 3.8147e-07
      vertex 141.7 -57.8 3.8147e-07
      vertex 210.7 13.4 3.8147e-07
    endloop
  endfacet
  facet normal 0 0 -1
    outer loop
      vertex 204.7 33.4 3.8147e-07
      vertex 207.7 33.4 3.8147e-07
      vertex 207.7 13.4 3.8147e-07
    endloop
  endfacet
  facet normal 0 0 -1
    outer loop
      vertex 207.7 33.4 3.8147e-07
      vertex 204.7 33.4 3.8147e-07
      vertex 207.7 37.4 3.8147e-07
    endloop
  endfacet
  facet normal 0 0 -1
    outer loop
      vertex 207.7 37.4 3.8147e-07
      vertex 204.7 37.4 3.8147e-07
      vertex 207.7 57.4 3.8147e-07
    endloop
  endfacet
  facet normal 0 0 -1
    outer loop
      vertex 204.7 57.4 3.8147e-07
      vertex 207.7 57.4 3.8147e-07
      vertex 204.7 37.4 3.8147e-07
    endloop
  endfacet
  facet normal 0 0 -1
    outer loop
      vertex 204.7 33.4 3.8147e-07
      vertex 207.7 13.4 3.8147e-07
      vertex 204.7 13.4 3.8147e-07
    endloop
  endfacet
  facet normal -0 0 -1
    outer loop
      vertex 210.7 13.4 3.8147e-07
      vertex 141.7 -57.8 3.8147e-07
      vertex 207.7 13.4 3.8147e-07
    endloop
  endfacet
  facet normal 0 0 -1
    outer loop
      vertex 141.7 -47 3.8147e-07
      vertex 207.7 13.4 3.8147e-07
      vertex 141.7 -57.8 3.8147e-07
    endloop
  endfacet
  facet normal 0 0 -1
    outer loop
      vertex 198.7 33.4 3.8147e-07
      vertex 201.7 33.4 3.8147e-07
      vertex 201.7 13.4 3.8147e-07
    endloop
  endfacet
  facet normal 0 0 -1
    outer loop
      vertex 201.7 33.4 3.8147e-07
      vertex 198.7 33.4 3.8147e-07
      vertex 201.7 37.4 3.8147e-07
    endloop
  endfacet
  facet normal 0 0 -1
    outer loop
      vertex 201.7 37.4 3.8147e-07
      vertex 198.7 37.4 3.8147e-07
      vertex 201.7 57.4 3.8147e-07
    endloop
  endfacet
  facet normal 0 0 -1
    outer loop
      vertex 198.7 57.4 3.8147e-07
      vertex 201.7 57.4 3.8147e-07
      vertex 198.7 37.4 3.8147e-07
    endloop
  endfacet
  facet normal 0 0 -1
    outer loop
      vertex 198.7 33.4 3.8147e-07
      vertex 201.7 13.4 3.8147e-07
      vertex 198.7 13.4 3.8147e-07
    endloop
  endfacet
  facet normal -0 0 -1
    outer loop
      vertex 207.7 13.4 3.8147e-07
      vertex 141.7 -47 3.8147e-07
      vertex 204.7 13.4 3.8147e-07
    endloop
  endfacet
  facet normal -0 0 -1
    outer loop
      vertex 204.7 13.4 3.8147e-07
      vertex 141.7 -47 3.8147e-07
      vertex 201.7 13.4 3.8147e-07
    endloop
  endfacet
  facet normal 0 0 -1
    outer loop
      vertex 192.7 33.4 3.8147e-07
      vertex 195.7 33.4 3.8147e-07
      vertex 195.7 13.4 3.8147e-07
    endloop
  endfacet
  facet normal 0 0 -1
    outer loop
      vertex 195.7 33.4 3.8147e-07
      vertex 192.7 33.4 3.8147e-07
      vertex 195.7 37.4 3.8147e-07
    endloop
  endfacet
  facet normal 0 0 -1
    outer loop
      vertex 195.7 37.4 3.8147e-07
      vertex 192.7 37.4 3.8147e-07
      vertex 195.7 57.4 3.8147e-07
    endloop
  endfacet
  facet normal 0 0 -1
    outer loop
      vertex 192.7 57.4 3.8147e-07
      vertex 195.7 57.4 3.8147e-07
      vertex 192.7 37.4 3.8147e-07
    endloop
  endfacet
  facet normal 0 0 -1
    outer loop
      vertex 192.7 33.4 3.8147e-07
      vertex 195.7 13.4 3.8147e-07
      vertex 192.7 13.4 3.8147e-07
    endloop
  endfacet
  facet normal -0 0 -1
    outer loop
      vertex 201.7 13.4 3.8147e-07
      vertex 141.7 -47 3.8147e-07
      vertex 198.7 13.4 3.8147e-07
    endloop
  endfacet
  facet normal -0 0 -1
    outer loop
      vertex 198.7 13.4 3.8147e-07
      vertex 141.7 -47 3.8147e-07
      vertex 195.7 13.4 3.8147e-07
    endloop
  endfacet
  facet normal 0 0 -1
    outer loop
      vertex 186.7 33.4 3.8147e-07
      vertex 189.7 33.4 3.8147e-07
      vertex 189.7 13.4 3.8147e-07
    endloop
  endfacet
  facet normal 0 0 -1
    outer loop
      vertex 189.7 33.4 3.8147e-07
      vertex 186.7 33.4 3.8147e-07
      vertex 189.7 37.4 3.8147e-07
    endloop
  endfacet
  facet normal 0 0 -1
    outer loop
      vertex 189.7 37.4 3.8147e-07
      vertex 186.7 37.4 3.8147e-07
      vertex 189.7 57.4 3.8147e-07
    endloop
  endfacet
  facet normal 0 0 -1
    outer loop
      vertex 186.7 57.4 3.8147e-07
      vertex 189.7 57.4 3.8147e-07
      vertex 186.7 37.4 3.8147e-07
    endloop
  endfacet
  facet normal 0 0 -1
    outer loop
      vertex 186.7 33.4 3.8147e-07
      vertex 189.7 13.4 3.8147e-07
      vertex 186.7 13.4 3.8147e-07
    endloop
  endfacet
  facet normal -0 0 -1
    outer loop
      vertex 195.7 13.4 3.8147e-07
      vertex 141.7 -47 3.8147e-07
      vertex 192.7 13.4 3.8147e-07
    endloop
  endfacet
  facet normal -0 0 -1
    outer loop
      vertex 192.7 13.4 3.8147e-07
      vertex 141.7 -47 3.8147e-07
      vertex 189.7 13.4 3.8147e-07
    endloop
  endfacet
  facet normal 0 0 -1
    outer loop
      vertex 180.7 33.4 3.8147e-07
      vertex 183.7 33.4 3.8147e-07
      vertex 183.7 13.4 3.8147e-07
    endloop
  endfacet
  facet normal 0 0 -1
    outer loop
      vertex 183.7 33.4 3.8147e-07
      vertex 180.7 33.4 3.8147e-07
      vertex 183.7 37.4 3.8147e-07
    endloop
  endfacet
  facet normal 0 0 -1
    outer loop
      vertex 183.7 37.4 3.8147e-07
      vertex 180.7 37.4 3.8147e-07
      vertex 183.7 57.4 3.8147e-07
    endloop
  endfacet
  facet normal 0 0 -1
    outer loop
      vertex 180.7 57.4 3.8147e-07
      vertex 183.7 57.4 3.8147e-07
      vertex 180.7 37.4 3.8147e-07
    endloop
  endfacet
  facet normal 0 0 -1
    outer loop
      vertex 180.7 33.4 3.8147e-07
      vertex 183.7 13.4 3.8147e-07
      vertex 180.7 13.4 3.8147e-07
    endloop
  endfacet
  facet normal -0 0 -1
    outer loop
      vertex 189.7 13.4 3.8147e-07
      vertex 141.7 -47 3.8147e-07
      vertex 186.7 13.4 3.8147e-07
    endloop
  endfacet
  facet normal -0 0 -1
    outer loop
      vertex 186.7 13.4 3.8147e-07
      vertex 141.7 -47 3.8147e-07
      vertex 183.7 13.4 3.8147e-07
    endloop
  endfacet
  facet normal 0 0 -1
    outer loop
      vertex 174.7 33.4 3.8147e-07
      vertex 177.7 33.4 3.8147e-07
      vertex 177.7 13.4 3.8147e-07
    endloop
  endfacet
  facet normal 0 0 -1
    outer loop
      vertex 177.7 33.4 3.8147e-07
      vertex 174.7 33.4 3.8147e-07
      vertex 177.7 37.4 3.8147e-07
    endloop
  endfacet
  facet normal 0 0 -1
    outer loop
      vertex 177.7 37.4 3.8147e-07
      vertex 174.7 37.4 3.8147e-07
      vertex 177.7 57.4 3.8147e-07
    endloop
  endfacet
  facet normal 0 0 -1
    outer loop
      vertex 174.7 57.4 3.8147e-07
      vertex 177.7 57.4 3.8147e-07
      vertex 174.7 37.4 3.8147e-07
    endloop
  endfacet
  facet normal 0 0 -1
    outer loop
      vertex 174.7 33.4 3.8147e-07
      vertex 177.7 13.4 3.8147e-07
      vertex 174.7 13.4 3.8147e-07
    endloop
  endfacet
  facet normal -0 0 -1
    outer loop
      vertex 183.7 13.4 3.8147e-07
      vertex 141.7 -47 3.8147e-07
      vertex 180.7 13.4 3.8147e-07
    endloop
  endfacet
  facet normal -0 0 -1
    outer loop
      vertex 180.7 13.4 3.8147e-07
      vertex 141.7 -47 3.8147e-07
      vertex 177.7 13.4 3.8147e-07
    endloop
  endfacet
  facet normal 0 0 -1
    outer loop
      vertex 168.7 33.4 3.8147e-07
      vertex 171.7 33.4 3.8147e-07
      vertex 171.7 13.4 3.8147e-07
    endloop
  endfacet
  facet normal 0 0 -1
    outer loop
      vertex 171.7 33.4 3.8147e-07
      vertex 168.7 33.4 3.8147e-07
      vertex 171.7 37.4 3.8147e-07
    endloop
  endfacet
  facet normal 0 0 -1
    outer loop
      vertex 171.7 37.4 3.8147e-07
      vertex 168.7 37.4 3.8147e-07
      vertex 171.7 57.4 3.8147e-07
    endloop
  endfacet
  facet normal 0 0 -1
    outer loop
      vertex 168.7 57.4 3.8147e-07
      vertex 171.7 57.4 3.8147e-07
      vertex 168.7 37.4 3.8147e-07
    endloop
  endfacet
  facet normal 0 0 -1
    outer loop
      vertex 168.7 33.4 3.8147e-07
      vertex 171.7 13.4 3.8147e-07
      vertex 168.7 13.4 3.8147e-07
    endloop
  endfacet
  facet normal 0 0 -1
    outer loop
      vertex 141.7 -8.99999 3.8147e-07
      vertex 177.7 13.4 3.8147e-07
      vertex 141.7 -47 3.8147e-07
    endloop
  endfacet
  facet normal -0 0 -1
    outer loop
      vertex 177.7 13.4 3.8147e-07
      vertex 141.7 -8.99999 3.8147e-07
      vertex 174.7 13.4 3.8147e-07
    endloop
  endfacet
  facet normal 0 0 -1
    outer loop
      vertex 162.7 33.4 3.8147e-07
      vertex 165.7 33.4 3.8147e-07
      vertex 165.7 13.4 3.8147e-07
    endloop
  endfacet
  facet normal 0 0 -1
    outer loop
      vertex 165.7 33.4 3.8147e-07
      vertex 162.7 33.4 3.8147e-07
      vertex 165.7 37.4 3.8147e-07
    endloop
  endfacet
  facet normal 0 0 -1
    outer loop
      vertex 165.7 37.4 3.8147e-07
      vertex 162.7 37.4 3.8147e-07
      vertex 165.7 57.4 3.8147e-07
    endloop
  endfacet
  facet normal 0 0 -1
    outer loop
      vertex 162.7 57.4 3.8147e-07
      vertex 165.7 57.4 3.8147e-07
      vertex 162.7 37.4 3.8147e-07
    endloop
  endfacet
  facet normal 0 0 -1
    outer loop
      vertex 162.7 33.4 3.8147e-07
      vertex 165.7 13.4 3.8147e-07
      vertex 162.7 13.4 3.8147e-07
    endloop
  endfacet
  facet normal -0 0 -1
    outer loop
      vertex 171.7 13.4 3.8147e-07
      vertex 141.7 -8.99999 3.8147e-07
      vertex 168.7 13.4 3.8147e-07
    endloop
  endfacet
  facet normal -0 0 -1
    outer loop
      vertex 168.7 13.4 3.8147e-07
      vertex 141.7 -8.99999 3.8147e-07
      vertex 165.7 13.4 3.8147e-07
    endloop
  endfacet
  facet normal 0 0 -1
    outer loop
      vertex 156.7 33.4 3.8147e-07
      vertex 159.7 33.4 3.8147e-07
      vertex 159.7 13.4 3.8147e-07
    endloop
  endfacet
  facet normal 0 0 -1
    outer loop
      vertex 159.7 33.4 3.8147e-07
      vertex 156.7 33.4 3.8147e-07
      vertex 159.7 37.4 3.8147e-07
    endloop
  endfacet
  facet normal 0 0 -1
    outer loop
      vertex 159.7 37.4 3.8147e-07
      vertex 156.7 37.4 3.8147e-07
      vertex 159.7 57.4 3.8147e-07
    endloop
  endfacet
  facet normal 0 0 -1
    outer loop
      vertex 156.7 57.4 3.8147e-07
      vertex 159.7 57.4 3.8147e-07
      vertex 156.7 37.4 3.8147e-07
    endloop
  endfacet
  facet normal 0 0 -1
    outer loop
      vertex 156.7 33.4 3.8147e-07
      vertex 159.7 13.4 3.8147e-07
      vertex 156.7 13.4 3.8147e-07
    endloop
  endfacet
  facet normal -0 0 -1
    outer loop
      vertex 165.7 13.4 3.8147e-07
      vertex 141.7 -8.99999 3.8147e-07
      vertex 162.7 13.4 3.8147e-07
    endloop
  endfacet
  facet normal -0 0 -1
    outer loop
      vertex 162.7 13.4 3.8147e-07
      vertex 141.7 -8.99999 3.8147e-07
      vertex 159.7 13.4 3.8147e-07
    endloop
  endfacet
  facet normal 0 0 -1
    outer loop
      vertex 150.7 33.4 3.8147e-07
      vertex 153.7 33.4 3.8147e-07
      vertex 153.7 13.4 3.8147e-07
    endloop
  endfacet
  facet normal 0 0 -1
    outer loop
      vertex 153.7 33.4 3.8147e-07
      vertex 150.7 33.4 3.8147e-07
      vertex 153.7 37.4 3.8147e-07
    endloop
  endfacet
  facet normal 0 0 -1
    outer loop
      vertex 153.7 37.4 3.8147e-07
      vertex 150.7 37.4 3.8147e-07
      vertex 153.7 57.4 3.8147e-07
    endloop
  endfacet
  facet normal 0 0 -1
    outer loop
      vertex 150.7 57.4 3.8147e-07
      vertex 153.7 57.4 3.8147e-07
      vertex 150.7 37.4 3.8147e-07
    endloop
  endfacet
  facet normal 0 0 -1
    outer loop
      vertex 150.7 33.4 3.8147e-07
      vertex 153.7 13.4 3.8147e-07
      vertex 150.7 13.4 3.8147e-07
    endloop
  endfacet
  facet normal -0 0 -1
    outer loop
      vertex 159.7 13.4 3.8147e-07
      vertex 141.7 -8.99999 3.8147e-07
      vertex 156.7 13.4 3.8147e-07
    endloop
  endfacet
  facet normal 0 0 -1
    outer loop
      vertex 141.7 1.79999 3.8147e-07
      vertex 156.7 13.4 3.8147e-07
      vertex 141.7 -8.99999 3.8147e-07
    endloop
  endfacet
  facet normal 0 0 -1
    outer loop
      vertex 141.7 39.8 3.8147e-07
      vertex 147.7 33.4 3.8147e-07
      vertex 147.7 13.4 3.8147e-07
    endloop
  endfacet
  facet normal 0 0 -1
    outer loop
      vertex 147.7 33.4 3.8147e-07
      vertex 141.7 39.8 3.8147e-07
      vertex 147.7 37.4 3.8147e-07
    endloop
  endfacet
  facet normal 0 0 -1
    outer loop
      vertex 141.7 50.6 3.8147e-07
      vertex 147.7 37.4 3.8147e-07
      vertex 141.7 39.8 3.8147e-07
    endloop
  endfacet
  facet normal 0 0 -1
    outer loop
      vertex 147.7 37.4 3.8147e-07
      vertex 141.7 50.6 3.8147e-07
      vertex 147.7 57.4 3.8147e-07
    endloop
  endfacet
  facet normal 0 0 -1
    outer loop
      vertex 141.7 -57.8 3.8147e-07
      vertex 261.7 -150 3.8147e-07
      vertex 141.7 -95.8 3.8147e-07
    endloop
  endfacet
  facet normal 0 0 -1
    outer loop
      vertex 141.7 -95.8 3.8147e-07
      vertex 261.7 -150 3.8147e-07
      vertex 141.7 -106.6 3.8147e-07
    endloop
  endfacet
  facet normal 0 0 -1
    outer loop
      vertex 135 -150 3.8147e-07
      vertex 141.7 -106.6 3.8147e-07
      vertex 261.7 -150 3.8147e-07
    endloop
  endfacet
  facet normal -0 0 -1
    outer loop
      vertex 141.7 -106.6 3.8147e-07
      vertex 135 -150 3.8147e-07
      vertex 137.081 -106.6 3.8147e-07
    endloop
  endfacet
  facet normal 0 0 -1
    outer loop
      vertex 135 -104.4 3.8147e-07
      vertex 137.081 -106.6 3.8147e-07
      vertex 135 -150 3.8147e-07
    endloop
  endfacet
  facet normal 0 0 -1
    outer loop
      vertex 137.081 -106.6 3.8147e-07
      vertex 135 -104.4 3.8147e-07
      vertex 135.881 -104.4 3.8147e-07
    endloop
  endfacet
  facet normal 0 0 -1
    outer loop
      vertex 252.7 33.4 3.8147e-07
      vertex 261.7 94 3.8147e-07
      vertex 252.7 13.4 3.8147e-07
    endloop
  endfacet
  facet normal 0 0 -1
    outer loop
      vertex 252.7 37.4 3.8147e-07
      vertex 261.7 94 3.8147e-07
      vertex 252.7 33.4 3.8147e-07
    endloop
  endfacet
  facet normal 0 0 -1
    outer loop
      vertex 252.7 57.4 3.8147e-07
      vertex 261.7 94 3.8147e-07
      vertex 252.7 37.4 3.8147e-07
    endloop
  endfacet
  facet normal 0 0 -1
    outer loop
      vertex 252.7 61.4 3.8147e-07
      vertex 261.7 94 3.8147e-07
      vertex 252.7 57.4 3.8147e-07
    endloop
  endfacet
  facet normal 0 0 -1
    outer loop
      vertex 252.7 81.4 3.8147e-07
      vertex 261.7 94 3.8147e-07
      vertex 252.7 61.4 3.8147e-07
    endloop
  endfacet
  facet normal 0 0 -1
    outer loop
      vertex 249.7 81.4 3.8147e-07
      vertex 261.7 94 3.8147e-07
      vertex 252.7 81.4 3.8147e-07
    endloop
  endfacet
  facet normal -0 0 -1
    outer loop
      vertex 249.7 37.4 3.8147e-07
      vertex 246.7 33.4 3.8147e-07
      vertex 246.7 37.4 3.8147e-07
    endloop
  endfacet
  facet normal 0 0 -1
    outer loop
      vertex 249.7 57.4 3.8147e-07
      vertex 246.7 57.4 3.8147e-07
      vertex 249.7 61.4 3.8147e-07
    endloop
  endfacet
  facet normal 0 0 -1
    outer loop
      vertex 246.7 61.4 3.8147e-07
      vertex 249.7 61.4 3.8147e-07
      vertex 246.7 57.4 3.8147e-07
    endloop
  endfacet
  facet normal 0 0 -1
    outer loop
      vertex 249.7 61.4 3.8147e-07
      vertex 246.7 61.4 3.8147e-07
      vertex 249.7 81.4 3.8147e-07
    endloop
  endfacet
  facet normal 0 0 -1
    outer loop
      vertex 246.7 81.4 3.8147e-07
      vertex 249.7 81.4 3.8147e-07
      vertex 246.7 61.4 3.8147e-07
    endloop
  endfacet
  facet normal 0 0 -1
    outer loop
      vertex 246.7 81.4 3.8147e-07
      vertex 261.7 94 3.8147e-07
      vertex 249.7 81.4 3.8147e-07
    endloop
  endfacet
  facet normal 0 0 -1
    outer loop
      vertex 243.7 81.4 3.8147e-07
      vertex 261.7 94 3.8147e-07
      vertex 246.7 81.4 3.8147e-07
    endloop
  endfacet
  facet normal -0 0 -1
    outer loop
      vertex 243.7 37.4 3.8147e-07
      vertex 240.7 33.4 3.8147e-07
      vertex 240.7 37.4 3.8147e-07
    endloop
  endfacet
  facet normal 0 0 -1
    outer loop
      vertex 243.7 57.4 3.8147e-07
      vertex 240.7 57.4 3.8147e-07
      vertex 243.7 61.4 3.8147e-07
    endloop
  endfacet
  facet normal 0 0 -1
    outer loop
      vertex 240.7 61.4 3.8147e-07
      vertex 243.7 61.4 3.8147e-07
      vertex 240.7 57.4 3.8147e-07
    endloop
  endfacet
  facet normal 0 0 -1
    outer loop
      vertex 243.7 61.4 3.8147e-07
      vertex 240.7 61.4 3.8147e-07
      vertex 243.7 81.4 3.8147e-07
    endloop
  endfacet
  facet normal 0 0 -1
    outer loop
      vertex 240.7 81.4 3.8147e-07
      vertex 243.7 81.4 3.8147e-07
      vertex 240.7 61.4 3.8147e-07
    endloop
  endfacet
  facet normal 0 0 -1
    outer loop
      vertex 240.7 81.4 3.8147e-07
      vertex 261.7 94 3.8147e-07
      vertex 243.7 81.4 3.8147e-07
    endloop
  endfacet
  facet normal 0 0 -1
    outer loop
      vertex 237.7 81.4 3.8147e-07
      vertex 261.7 94 3.8147e-07
      vertex 240.7 81.4 3.8147e-07
    endloop
  endfacet
  facet normal -0 0 -1
    outer loop
      vertex 237.7 37.4 3.8147e-07
      vertex 234.7 33.4 3.8147e-07
      vertex 234.7 37.4 3.8147e-07
    endloop
  endfacet
  facet normal 0 0 -1
    outer loop
      vertex 237.7 57.4 3.8147e-07
      vertex 234.7 57.4 3.8147e-07
      vertex 237.7 61.4 3.8147e-07
    endloop
  endfacet
  facet normal 0 0 -1
    outer loop
      vertex 234.7 61.4 3.8147e-07
      vertex 237.7 61.4 3.8147e-07
      vertex 234.7 57.4 3.8147e-07
    endloop
  endfacet
  facet normal 0 0 -1
    outer loop
      vertex 237.7 61.4 3.8147e-07
      vertex 234.7 61.4 3.8147e-07
      vertex 237.7 81.4 3.8147e-07
    endloop
  endfacet
  facet normal 0 0 -1
    outer loop
      vertex 234.7 81.4 3.8147e-07
      vertex 237.7 81.4 3.8147e-07
      vertex 234.7 61.4 3.8147e-07
    endloop
  endfacet
  facet normal 0 0 -1
    outer loop
      vertex 234.7 81.4 3.8147e-07
      vertex 261.7 94 3.8147e-07
      vertex 237.7 81.4 3.8147e-07
    endloop
  endfacet
  facet normal 0 0 -1
    outer loop
      vertex 231.7 81.4 3.8147e-07
      vertex 261.7 94 3.8147e-07
      vertex 234.7 81.4 3.8147e-07
    endloop
  endfacet
  facet normal -0 0 -1
    outer loop
      vertex 231.7 37.4 3.8147e-07
      vertex 228.7 33.4 3.8147e-07
      vertex 228.7 37.4 3.8147e-07
    endloop
  endfacet
  facet normal 0 0 -1
    outer loop
      vertex 231.7 57.4 3.8147e-07
      vertex 228.7 57.4 3.8147e-07
      vertex 231.7 61.4 3.8147e-07
    endloop
  endfacet
  facet normal 0 0 -1
    outer loop
      vertex 228.7 61.4 3.8147e-07
      vertex 231.7 61.4 3.8147e-07
      vertex 228.7 57.4 3.8147e-07
    endloop
  endfacet
  facet normal 0 0 -1
    outer loop
      vertex 231.7 61.4 3.8147e-07
      vertex 228.7 61.4 3.8147e-07
      vertex 231.7 81.4 3.8147e-07
    endloop
  endfacet
  facet normal 0 0 -1
    outer loop
      vertex 228.7 81.4 3.8147e-07
      vertex 231.7 81.4 3.8147e-07
      vertex 228.7 61.4 3.8147e-07
    endloop
  endfacet
  facet normal 0 0 -1
    outer loop
      vertex 228.7 81.4 3.8147e-07
      vertex 261.7 94 3.8147e-07
      vertex 231.7 81.4 3.8147e-07
    endloop
  endfacet
  facet normal 0 0 -1
    outer loop
      vertex 225.7 81.4 3.8147e-07
      vertex 261.7 94 3.8147e-07
      vertex 228.7 81.4 3.8147e-07
    endloop
  endfacet
  facet normal -0 0 -1
    outer loop
      vertex 225.7 37.4 3.8147e-07
      vertex 222.7 33.4 3.8147e-07
      vertex 222.7 37.4 3.8147e-07
    endloop
  endfacet
  facet normal 0 0 -1
    outer loop
      vertex 225.7 57.4 3.8147e-07
      vertex 222.7 57.4 3.8147e-07
      vertex 225.7 61.4 3.8147e-07
    endloop
  endfacet
  facet normal 0 0 -1
    outer loop
      vertex 222.7 61.4 3.8147e-07
      vertex 225.7 61.4 3.8147e-07
      vertex 222.7 57.4 3.8147e-07
    endloop
  endfacet
  facet normal 0 0 -1
    outer loop
      vertex 225.7 61.4 3.8147e-07
      vertex 222.7 61.4 3.8147e-07
      vertex 225.7 81.4 3.8147e-07
    endloop
  endfacet
  facet normal 0 0 -1
    outer loop
      vertex 222.7 81.4 3.8147e-07
      vertex 225.7 81.4 3.8147e-07
      vertex 222.7 61.4 3.8147e-07
    endloop
  endfacet
  facet normal 0 0 -1
    outer loop
      vertex 222.7 81.4 3.8147e-07
      vertex 261.7 94 3.8147e-07
      vertex 225.7 81.4 3.8147e-07
    endloop
  endfacet
  facet normal 0 0 -1
    outer loop
      vertex 219.7 81.4 3.8147e-07
      vertex 261.7 94 3.8147e-07
      vertex 222.7 81.4 3.8147e-07
    endloop
  endfacet
  facet normal -0 0 -1
    outer loop
      vertex 219.7 37.4 3.8147e-07
      vertex 216.7 33.4 3.8147e-07
      vertex 216.7 37.4 3.8147e-07
    endloop
  endfacet
  facet normal 0 0 -1
    outer loop
      vertex 219.7 57.4 3.8147e-07
      vertex 216.7 57.4 3.8147e-07
      vertex 219.7 61.4 3.8147e-07
    endloop
  endfacet
  facet normal 0 0 -1
    outer loop
      vertex 216.7 61.4 3.8147e-07
      vertex 219.7 61.4 3.8147e-07
      vertex 216.7 57.4 3.8147e-07
    endloop
  endfacet
  facet normal 0 0 -1
    outer loop
      vertex 219.7 61.4 3.8147e-07
      vertex 216.7 61.4 3.8147e-07
      vertex 219.7 81.4 3.8147e-07
    endloop
  endfacet
  facet normal 0 0 -1
    outer loop
      vertex 216.7 81.4 3.8147e-07
      vertex 219.7 81.4 3.8147e-07
      vertex 216.7 61.4 3.8147e-07
    endloop
  endfacet
  facet normal 0 0 -1
    outer loop
      vertex 216.7 81.4 3.8147e-07
      vertex 261.7 94 3.8147e-07
      vertex 219.7 81.4 3.8147e-07
    endloop
  endfacet
  facet normal 0 0 -1
    outer loop
      vertex 213.7 81.4 3.8147e-07
      vertex 261.7 94 3.8147e-07
      vertex 216.7 81.4 3.8147e-07
    endloop
  endfacet
  facet normal -0 0 -1
    outer loop
      vertex 213.7 37.4 3.8147e-07
      vertex 210.7 33.4 3.8147e-07
      vertex 210.7 37.4 3.8147e-07
    endloop
  endfacet
  facet normal 0 0 -1
    outer loop
      vertex 213.7 57.4 3.8147e-07
      vertex 210.7 57.4 3.8147e-07
      vertex 213.7 61.4 3.8147e-07
    endloop
  endfacet
  facet normal 0 0 -1
    outer loop
      vertex 210.7 61.4 3.8147e-07
      vertex 213.7 61.4 3.8147e-07
      vertex 210.7 57.4 3.8147e-07
    endloop
  endfacet
  facet normal 0 0 -1
    outer loop
      vertex 213.7 61.4 3.8147e-07
      vertex 210.7 61.4 3.8147e-07
      vertex 213.7 81.4 3.8147e-07
    endloop
  endfacet
  facet normal 0 0 -1
    outer loop
      vertex 210.7 81.4 3.8147e-07
      vertex 213.7 81.4 3.8147e-07
      vertex 210.7 61.4 3.8147e-07
    endloop
  endfacet
  facet normal 0 0 -1
    outer loop
      vertex 210.7 81.4 3.8147e-07
      vertex 261.7 94 3.8147e-07
      vertex 213.7 81.4 3.8147e-07
    endloop
  endfacet
  facet normal 0 0 -1
    outer loop
      vertex 207.7 81.4 3.8147e-07
      vertex 261.7 94 3.8147e-07
      vertex 210.7 81.4 3.8147e-07
    endloop
  endfacet
  facet normal -0 0 -1
    outer loop
      vertex 207.7 37.4 3.8147e-07
      vertex 204.7 33.4 3.8147e-07
      vertex 204.7 37.4 3.8147e-07
    endloop
  endfacet
  facet normal 0 0 -1
    outer loop
      vertex 207.7 57.4 3.8147e-07
      vertex 204.7 57.4 3.8147e-07
      vertex 207.7 61.4 3.8147e-07
    endloop
  endfacet
  facet normal 0 0 -1
    outer loop
      vertex 204.7 61.4 3.8147e-07
      vertex 207.7 61.4 3.8147e-07
      vertex 204.7 57.4 3.8147e-07
    endloop
  endfacet
  facet normal 0 0 -1
    outer loop
      vertex 207.7 61.4 3.8147e-07
      vertex 204.7 61.4 3.8147e-07
      vertex 207.7 81.4 3.8147e-07
    endloop
  endfacet
  facet normal 0 0 -1
    outer loop
      vertex 204.7 81.4 3.8147e-07
      vertex 207.7 81.4 3.8147e-07
      vertex 204.7 61.4 3.8147e-07
    endloop
  endfacet
  facet normal 0 0 -1
    outer loop
      vertex 204.7 81.4 3.8147e-07
      vertex 261.7 94 3.8147e-07
      vertex 207.7 81.4 3.8147e-07
    endloop
  endfacet
  facet normal 0 0 -1
    outer loop
      vertex 201.7 81.4 3.8147e-07
      vertex 261.7 94 3.8147e-07
      vertex 204.7 81.4 3.8147e-07
    endloop
  endfacet
  facet normal -0 0 -1
    outer loop
      vertex 201.7 37.4 3.8147e-07
      vertex 198.7 33.4 3.8147e-07
      vertex 198.7 37.4 3.8147e-07
    endloop
  endfacet
  facet normal 0 0 -1
    outer loop
      vertex 201.7 57.4 3.8147e-07
      vertex 198.7 57.4 3.8147e-07
      vertex 201.7 61.4 3.8147e-07
    endloop
  endfacet
  facet normal 0 0 -1
    outer loop
      vertex 198.7 61.4 3.8147e-07
      vertex 201.7 61.4 3.8147e-07
      vertex 198.7 57.4 3.8147e-07
    endloop
  endfacet
  facet normal 0 0 -1
    outer loop
      vertex 201.7 61.4 3.8147e-07
      vertex 198.7 61.4 3.8147e-07
      vertex 201.7 81.4 3.8147e-07
    endloop
  endfacet
  facet normal 0 0 -1
    outer loop
      vertex 198.7 81.4 3.8147e-07
      vertex 201.7 81.4 3.8147e-07
      vertex 198.7 61.4 3.8147e-07
    endloop
  endfacet
  facet normal 0 0 -1
    outer loop
      vertex 198.7 81.4 3.8147e-07
      vertex 261.7 94 3.8147e-07
      vertex 201.7 81.4 3.8147e-07
    endloop
  endfacet
  facet normal 0 0 -1
    outer loop
      vertex 195.7 81.4 3.8147e-07
      vertex 261.7 94 3.8147e-07
      vertex 198.7 81.4 3.8147e-07
    endloop
  endfacet
  facet normal -0 0 -1
    outer loop
      vertex 195.7 37.4 3.8147e-07
      vertex 192.7 33.4 3.8147e-07
      vertex 192.7 37.4 3.8147e-07
    endloop
  endfacet
  facet normal 0 0 -1
    outer loop
      vertex 195.7 57.4 3.8147e-07
      vertex 192.7 57.4 3.8147e-07
      vertex 195.7 61.4 3.8147e-07
    endloop
  endfacet
  facet normal 0 0 -1
    outer loop
      vertex 192.7 61.4 3.8147e-07
      vertex 195.7 61.4 3.8147e-07
      vertex 192.7 57.4 3.8147e-07
    endloop
  endfacet
  facet normal 0 0 -1
    outer loop
      vertex 195.7 61.4 3.8147e-07
      vertex 192.7 61.4 3.8147e-07
      vertex 195.7 81.4 3.8147e-07
    endloop
  endfacet
  facet normal 0 0 -1
    outer loop
      vertex 192.7 81.4 3.8147e-07
      vertex 195.7 81.4 3.8147e-07
      vertex 192.7 61.4 3.8147e-07
    endloop
  endfacet
  facet normal 0 0 -1
    outer loop
      vertex 135 94 3.8147e-07
      vertex 195.7 81.4 3.8147e-07
      vertex 192.7 81.4 3.8147e-07
    endloop
  endfacet
  facet normal 0 0 -1
    outer loop
      vertex 135 94 3.8147e-07
      vertex 192.7 81.4 3.8147e-07
      vertex 189.7 81.4 3.8147e-07
    endloop
  endfacet
  facet normal -0 0 -1
    outer loop
      vertex 189.7 37.4 3.8147e-07
      vertex 186.7 33.4 3.8147e-07
      vertex 186.7 37.4 3.8147e-07
    endloop
  endfacet
  facet normal 0 0 -1
    outer loop
      vertex 189.7 57.4 3.8147e-07
      vertex 186.7 57.4 3.8147e-07
      vertex 189.7 61.4 3.8147e-07
    endloop
  endfacet
  facet normal 0 0 -1
    outer loop
      vertex 186.7 61.4 3.8147e-07
      vertex 189.7 61.4 3.8147e-07
      vertex 186.7 57.4 3.8147e-07
    endloop
  endfacet
  facet normal 0 0 -1
    outer loop
      vertex 189.7 61.4 3.8147e-07
      vertex 186.7 61.4 3.8147e-07
      vertex 189.7 81.4 3.8147e-07
    endloop
  endfacet
  facet normal 0 0 -1
    outer loop
      vertex 186.7 81.4 3.8147e-07
      vertex 189.7 81.4 3.8147e-07
      vertex 186.7 61.4 3.8147e-07
    endloop
  endfacet
  facet normal 0 0 -1
    outer loop
      vertex 135 94 3.8147e-07
      vertex 189.7 81.4 3.8147e-07
      vertex 186.7 81.4 3.8147e-07
    endloop
  endfacet
  facet normal 0 0 -1
    outer loop
      vertex 135 94 3.8147e-07
      vertex 186.7 81.4 3.8147e-07
      vertex 183.7 81.4 3.8147e-07
    endloop
  endfacet
  facet normal -0 0 -1
    outer loop
      vertex 183.7 37.4 3.8147e-07
      vertex 180.7 33.4 3.8147e-07
      vertex 180.7 37.4 3.8147e-07
    endloop
  endfacet
  facet normal 0 0 -1
    outer loop
      vertex 183.7 57.4 3.8147e-07
      vertex 180.7 57.4 3.8147e-07
      vertex 183.7 61.4 3.8147e-07
    endloop
  endfacet
  facet normal 0 0 -1
    outer loop
      vertex 180.7 61.4 3.8147e-07
      vertex 183.7 61.4 3.8147e-07
      vertex 180.7 57.4 3.8147e-07
    endloop
  endfacet
  facet normal 0 0 -1
    outer loop
      vertex 183.7 61.4 3.8147e-07
      vertex 180.7 61.4 3.8147e-07
      vertex 183.7 81.4 3.8147e-07
    endloop
  endfacet
  facet normal 0 0 -1
    outer loop
      vertex 180.7 81.4 3.8147e-07
      vertex 183.7 81.4 3.8147e-07
      vertex 180.7 61.4 3.8147e-07
    endloop
  endfacet
  facet normal 0 0 -1
    outer loop
      vertex 135 94 3.8147e-07
      vertex 183.7 81.4 3.8147e-07
      vertex 180.7 81.4 3.8147e-07
    endloop
  endfacet
  facet normal 0 0 -1
    outer loop
      vertex 135 94 3.8147e-07
      vertex 180.7 81.4 3.8147e-07
      vertex 177.7 81.4 3.8147e-07
    endloop
  endfacet
  facet normal -0 0 -1
    outer loop
      vertex 177.7 37.4 3.8147e-07
      vertex 174.7 33.4 3.8147e-07
      vertex 174.7 37.4 3.8147e-07
    endloop
  endfacet
  facet normal 0 0 -1
    outer loop
      vertex 177.7 57.4 3.8147e-07
      vertex 174.7 57.4 3.8147e-07
      vertex 177.7 61.4 3.8147e-07
    endloop
  endfacet
  facet normal 0 0 -1
    outer loop
      vertex 174.7 61.4 3.8147e-07
      vertex 177.7 61.4 3.8147e-07
      vertex 174.7 57.4 3.8147e-07
    endloop
  endfacet
  facet normal 0 0 -1
    outer loop
      vertex 177.7 61.4 3.8147e-07
      vertex 174.7 61.4 3.8147e-07
      vertex 177.7 81.4 3.8147e-07
    endloop
  endfacet
  facet normal 0 0 -1
    outer loop
      vertex 174.7 81.4 3.8147e-07
      vertex 177.7 81.4 3.8147e-07
      vertex 174.7 61.4 3.8147e-07
    endloop
  endfacet
  facet normal 0 0 -1
    outer loop
      vertex 135 94 3.8147e-07
      vertex 177.7 81.4 3.8147e-07
      vertex 174.7 81.4 3.8147e-07
    endloop
  endfacet
  facet normal 0 0 -1
    outer loop
      vertex 135 94 3.8147e-07
      vertex 174.7 81.4 3.8147e-07
      vertex 171.7 81.4 3.8147e-07
    endloop
  endfacet
  facet normal -0 0 -1
    outer loop
      vertex 171.7 37.4 3.8147e-07
      vertex 168.7 33.4 3.8147e-07
      vertex 168.7 37.4 3.8147e-07
    endloop
  endfacet
  facet normal 0 0 -1
    outer loop
      vertex 171.7 57.4 3.8147e-07
      vertex 168.7 57.4 3.8147e-07
      vertex 171.7 61.4 3.8147e-07
    endloop
  endfacet
  facet normal 0 0 -1
    outer loop
      vertex 168.7 61.4 3.8147e-07
      vertex 171.7 61.4 3.8147e-07
      vertex 168.7 57.4 3.8147e-07
    endloop
  endfacet
  facet normal 0 0 -1
    outer loop
      vertex 171.7 61.4 3.8147e-07
      vertex 168.7 61.4 3.8147e-07
      vertex 171.7 81.4 3.8147e-07
    endloop
  endfacet
  facet normal 0 0 -1
    outer loop
      vertex 168.7 81.4 3.8147e-07
      vertex 171.7 81.4 3.8147e-07
      vertex 168.7 61.4 3.8147e-07
    endloop
  endfacet
  facet normal 0 0 -1
    outer loop
      vertex 135 94 3.8147e-07
      vertex 171.7 81.4 3.8147e-07
      vertex 168.7 81.4 3.8147e-07
    endloop
  endfacet
  facet normal 0 0 -1
    outer loop
      vertex 135 94 3.8147e-07
      vertex 168.7 81.4 3.8147e-07
      vertex 165.7 81.4 3.8147e-07
    endloop
  endfacet
  facet normal -0 0 -1
    outer loop
      vertex 165.7 37.4 3.8147e-07
      vertex 162.7 33.4 3.8147e-07
      vertex 162.7 37.4 3.8147e-07
    endloop
  endfacet
  facet normal 0 0 -1
    outer loop
      vertex 165.7 57.4 3.8147e-07
      vertex 162.7 57.4 3.8147e-07
      vertex 165.7 61.4 3.8147e-07
    endloop
  endfacet
  facet normal 0 0 -1
    outer loop
      vertex 162.7 61.4 3.8147e-07
      vertex 165.7 61.4 3.8147e-07
      vertex 162.7 57.4 3.8147e-07
    endloop
  endfacet
  facet normal 0 0 -1
    outer loop
      vertex 165.7 61.4 3.8147e-07
      vertex 162.7 61.4 3.8147e-07
      vertex 165.7 81.4 3.8147e-07
    endloop
  endfacet
  facet normal 0 0 -1
    outer loop
      vertex 162.7 81.4 3.8147e-07
      vertex 165.7 81.4 3.8147e-07
      vertex 162.7 61.4 3.8147e-07
    endloop
  endfacet
  facet normal 0 0 -1
    outer loop
      vertex 135 94 3.8147e-07
      vertex 165.7 81.4 3.8147e-07
      vertex 162.7 81.4 3.8147e-07
    endloop
  endfacet
  facet normal 0 0 -1
    outer loop
      vertex 135 94 3.8147e-07
      vertex 162.7 81.4 3.8147e-07
      vertex 159.7 81.4 3.8147e-07
    endloop
  endfacet
  facet normal -0 0 -1
    outer loop
      vertex 159.7 37.4 3.8147e-07
      vertex 156.7 33.4 3.8147e-07
      vertex 156.7 37.4 3.8147e-07
    endloop
  endfacet
  facet normal 0 0 -1
    outer loop
      vertex 159.7 57.4 3.8147e-07
      vertex 156.7 57.4 3.8147e-07
      vertex 159.7 61.4 3.8147e-07
    endloop
  endfacet
  facet normal 0 0 -1
    outer loop
      vertex 156.7 61.4 3.8147e-07
      vertex 159.7 61.4 3.8147e-07
      vertex 156.7 57.4 3.8147e-07
    endloop
  endfacet
  facet normal 0 0 -1
    outer loop
      vertex 159.7 61.4 3.8147e-07
      vertex 156.7 61.4 3.8147e-07
      vertex 159.7 81.4 3.8147e-07
    endloop
  endfacet
  facet normal 0 0 -1
    outer loop
      vertex 156.7 81.4 3.8147e-07
      vertex 159.7 81.4 3.8147e-07
      vertex 156.7 61.4 3.8147e-07
    endloop
  endfacet
  facet normal 0 0 -1
    outer loop
      vertex 135 94 3.8147e-07
      vertex 159.7 81.4 3.8147e-07
      vertex 156.7 81.4 3.8147e-07
    endloop
  endfacet
  facet normal 0 0 -1
    outer loop
      vertex 135 94 3.8147e-07
      vertex 156.7 81.4 3.8147e-07
      vertex 153.7 81.4 3.8147e-07
    endloop
  endfacet
  facet normal -0 0 -1
    outer loop
      vertex 153.7 37.4 3.8147e-07
      vertex 150.7 33.4 3.8147e-07
      vertex 150.7 37.4 3.8147e-07
    endloop
  endfacet
  facet normal 0 0 -1
    outer loop
      vertex 153.7 57.4 3.8147e-07
      vertex 150.7 57.4 3.8147e-07
      vertex 153.7 61.4 3.8147e-07
    endloop
  endfacet
  facet normal 0 0 -1
    outer loop
      vertex 150.7 61.4 3.8147e-07
      vertex 153.7 61.4 3.8147e-07
      vertex 150.7 57.4 3.8147e-07
    endloop
  endfacet
  facet normal 0 0 -1
    outer loop
      vertex 153.7 61.4 3.8147e-07
      vertex 150.7 61.4 3.8147e-07
      vertex 153.7 81.4 3.8147e-07
    endloop
  endfacet
  facet normal 0 0 -1
    outer loop
      vertex 150.7 81.4 3.8147e-07
      vertex 153.7 81.4 3.8147e-07
      vertex 150.7 61.4 3.8147e-07
    endloop
  endfacet
  facet normal 0 0 -1
    outer loop
      vertex 135 94 3.8147e-07
      vertex 153.7 81.4 3.8147e-07
      vertex 150.7 81.4 3.8147e-07
    endloop
  endfacet
  facet normal 0 0 -1
    outer loop
      vertex 135 94 3.8147e-07
      vertex 150.7 81.4 3.8147e-07
      vertex 147.7 81.4 3.8147e-07
    endloop
  endfacet
  facet normal -0 0 -1
    outer loop
      vertex 174.7 13.4 3.8147e-07
      vertex 141.7 -8.99999 3.8147e-07
      vertex 171.7 13.4 3.8147e-07
    endloop
  endfacet
  facet normal -0 0 -1
    outer loop
      vertex 156.7 13.4 3.8147e-07
      vertex 141.7 1.79999 3.8147e-07
      vertex 153.7 13.4 3.8147e-07
    endloop
  endfacet
  facet normal -0 0 -1
    outer loop
      vertex 153.7 13.4 3.8147e-07
      vertex 141.7 1.79999 3.8147e-07
      vertex 150.7 13.4 3.8147e-07
    endloop
  endfacet
  facet normal -0 0 -1
    outer loop
      vertex 150.7 13.4 3.8147e-07
      vertex 141.7 1.79999 3.8147e-07
      vertex 147.7 13.4 3.8147e-07
    endloop
  endfacet
  facet normal 0 0 -1
    outer loop
      vertex 137.081 1.79999 3.8147e-07
      vertex 147.7 13.4 3.8147e-07
      vertex 141.7 1.79999 3.8147e-07
    endloop
  endfacet
  facet normal 0 0 -1
    outer loop
      vertex 137.081 50.6 3.8147e-07
      vertex 147.7 57.4 3.8147e-07
      vertex 141.7 50.6 3.8147e-07
    endloop
  endfacet
  facet normal -0 0 -1
    outer loop
      vertex 147.7 57.4 3.8147e-07
      vertex 137.081 50.6 3.8147e-07
      vertex 147.7 61.4 3.8147e-07
    endloop
  endfacet
  facet normal -0 0 -1
    outer loop
      vertex 147.7 61.4 3.8147e-07
      vertex 137.081 50.6 3.8147e-07
      vertex 147.7 81.4 3.8147e-07
    endloop
  endfacet
  facet normal 0 0 -1
    outer loop
      vertex 135 48.4 3.8147e-07
      vertex 137.081 50.6 3.8147e-07
      vertex 135.881 48.4 3.8147e-07
    endloop
  endfacet
  facet normal 0 0 -1
    outer loop
      vertex 135 94 3.8147e-07
      vertex 137.081 50.6 3.8147e-07
      vertex 135 48.4 3.8147e-07
    endloop
  endfacet
  facet normal 0 0 -1
    outer loop
      vertex 195.7 81.4 3.8147e-07
      vertex 135 94 3.8147e-07
      vertex 261.7 94 3.8147e-07
    endloop
  endfacet
  facet normal 0 0 -1
    outer loop
      vertex 137.081 50.6 3.8147e-07
      vertex 135 94 3.8147e-07
      vertex 147.7 81.4 3.8147e-07
    endloop
  endfacet
  facet normal 0 0 1
    outer loop
      vertex 135 -143.5 3
      vertex 142 -137 3
      vertex 137.081 -106.6 3
    endloop
  endfacet
  facet normal -0 0 1
    outer loop
      vertex 135 -104.4 3
      vertex 137.081 -106.6 3
      vertex 135.881 -104.4 3
    endloop
  endfacet
  facet normal 0 0 1
    outer loop
      vertex 137.081 -106.6 3
      vertex 135 -104.4 3
      vertex 135 -143.5 3
    endloop
  endfacet
  facet normal 0 0 1
    outer loop
      vertex 142 -137 3
      vertex 135 -143.5 3
      vertex 137.5 -143.5 3
    endloop
  endfacet
  facet normal -0 0 1
    outer loop
      vertex 137.081 -57.8 3
      vertex 141.7 -95.8 3
      vertex 141.7 -57.8 3
    endloop
  endfacet
  facet normal 0 0 1
    outer loop
      vertex 137.081 -57.8 3
      vertex 137.081 -95.8 3
      vertex 141.7 -95.8 3
    endloop
  endfacet
  facet normal -0 0 1
    outer loop
      vertex 135 -55.6 3
      vertex 137.081 -57.8 3
      vertex 135.881 -55.6 3
    endloop
  endfacet
  facet normal 0 0 1
    outer loop
      vertex 137.081 -57.8 3
      vertex 135 -55.6 3
      vertex 137.081 -95.8 3
    endloop
  endfacet
  facet normal 0 0 1
    outer loop
      vertex 135 -98 3
      vertex 137.081 -95.8 3
      vertex 135 -55.6 3
    endloop
  endfacet
  facet normal 0 0 1
    outer loop
      vertex 137.081 -95.8 3
      vertex 135 -98 3
      vertex 135.881 -98 3
    endloop
  endfacet
  facet normal -0 0 1
    outer loop
      vertex 137.081 -8.99999 3
      vertex 141.7 -47 3
      vertex 141.7 -8.99999 3
    endloop
  endfacet
  facet normal 0 0 1
    outer loop
      vertex 137.081 -8.99999 3
      vertex 137.081 -47 3
      vertex 141.7 -47 3
    endloop
  endfacet
  facet normal -0 0 1
    outer loop
      vertex 135 -6.8 3
      vertex 137.081 -8.99999 3
      vertex 135.881 -6.8 3
    endloop
  endfacet
  facet normal 0 0 1
    outer loop
      vertex 137.081 -8.99999 3
      vertex 135 -6.8 3
      vertex 137.081 -47 3
    endloop
  endfacet
  facet normal 0 0 1
    outer loop
      vertex 135 -49.2 3
      vertex 137.081 -47 3
      vertex 135 -6.8 3
    endloop
  endfacet
  facet normal 0 0 1
    outer loop
      vertex 137.081 -47 3
      vertex 135 -49.2 3
      vertex 135.881 -49.2 3
    endloop
  endfacet
  facet normal 0 0 1
    outer loop
      vertex 137.081 1.79999 3
      vertex 147.7 13.4 3
      vertex 137.081 39.8 3
    endloop
  endfacet
  facet normal 0 0 1
    outer loop
      vertex 147.7 13.4 3
      vertex 137.081 1.79999 3
      vertex 141.7 1.79999 3
    endloop
  endfacet
  facet normal -0 0 1
    outer loop
      vertex 135 42 3
      vertex 137.081 39.8 3
      vertex 135.881 42 3
    endloop
  endfacet
  facet normal 0 0 1
    outer loop
      vertex 137.081 39.8 3
      vertex 135 42 3
      vertex 137.081 1.79999 3
    endloop
  endfacet
  facet normal 0 0 1
    outer loop
      vertex 135 -0.400002 3
      vertex 137.081 1.79999 3
      vertex 135 42 3
    endloop
  endfacet
  facet normal 0 0 1
    outer loop
      vertex 137.081 1.79999 3
      vertex 135 -0.400002 3
      vertex 135.881 -0.400002 3
    endloop
  endfacet
  facet normal -0 0 1
    outer loop
      vertex 135 87.5 3
      vertex 142 81 3
      vertex 137.5 87.5 3
    endloop
  endfacet
  facet normal 0 0 1
    outer loop
      vertex 142 81 3
      vertex 137.081 50.6 3
      vertex 141.7 50.6 3
    endloop
  endfacet
  facet normal 0 0 1
    outer loop
      vertex 142 81 3
      vertex 135 87.5 3
      vertex 137.081 50.6 3
    endloop
  endfacet
  facet normal 0 0 1
    outer loop
      vertex 135 48.4 3
      vertex 137.081 50.6 3
      vertex 135 87.5 3
    endloop
  endfacet
  facet normal 0 0 1
    outer loop
      vertex 137.081 50.6 3
      vertex 135 48.4 3
      vertex 135.881 48.4 3
    endloop
  endfacet
  facet normal -0 0 1
    outer loop
      vertex 142 81 3
      vertex 147.7 61.4 3
      vertex 147.7 81 3
    endloop
  endfacet
  facet normal 0 0 1
    outer loop
      vertex 141.7 50.6 3
      vertex 147.7 61.4 3
      vertex 142 81 3
    endloop
  endfacet
  facet normal 0 0 1
    outer loop
      vertex 147.7 57.4 3
      vertex 141.7 50.6 3
      vertex 147.7 37.4 3
    endloop
  endfacet
  facet normal -0 0 1
    outer loop
      vertex 141.7 39.8 3
      vertex 147.7 37.4 3
      vertex 141.7 50.6 3
    endloop
  endfacet
  facet normal 0 0 1
    outer loop
      vertex 147.7 61.4 3
      vertex 141.7 50.6 3
      vertex 147.7 57.4 3
    endloop
  endfacet
  facet normal 0 0 1
    outer loop
      vertex 141.7 1.79999 3
      vertex 150.7 13.4 3
      vertex 147.7 13.4 3
    endloop
  endfacet
  facet normal 0 0 1
    outer loop
      vertex 147.7 37.4 3
      vertex 141.7 39.8 3
      vertex 147.7 33.4 3
    endloop
  endfacet
  facet normal -0 0 1
    outer loop
      vertex 137.081 39.8 3
      vertex 147.7 33.4 3
      vertex 141.7 39.8 3
    endloop
  endfacet
  facet normal -0 0 1
    outer loop
      vertex 147.7 37.4 3
      vertex 150.7 33.4 3
      vertex 150.7 37.4 3
    endloop
  endfacet
  facet normal 0 0 1
    outer loop
      vertex 150.7 33.4 3
      vertex 147.7 37.4 3
      vertex 147.7 33.4 3
    endloop
  endfacet
  facet normal -0 0 1
    outer loop
      vertex 147.7 61.4 3
      vertex 150.7 57.4 3
      vertex 150.7 61.4 3
    endloop
  endfacet
  facet normal 0 0 1
    outer loop
      vertex 150.7 57.4 3
      vertex 147.7 61.4 3
      vertex 147.7 57.4 3
    endloop
  endfacet
  facet normal 0 0 1
    outer loop
      vertex 150.7 81.4 3
      vertex 148 87 3
      vertex 148 81.4 3
    endloop
  endfacet
  facet normal -0 0 1
    outer loop
      vertex 153.7 37.4 3
      vertex 156.7 33.4 3
      vertex 156.7 37.4 3
    endloop
  endfacet
  facet normal 0 0 1
    outer loop
      vertex 156.7 33.4 3
      vertex 153.7 37.4 3
      vertex 153.7 33.4 3
    endloop
  endfacet
  facet normal -0 0 1
    outer loop
      vertex 153.7 61.4 3
      vertex 156.7 57.4 3
      vertex 156.7 61.4 3
    endloop
  endfacet
  facet normal 0 0 1
    outer loop
      vertex 156.7 57.4 3
      vertex 153.7 61.4 3
      vertex 153.7 57.4 3
    endloop
  endfacet
  facet normal -0 0 1
    outer loop
      vertex 159.7 37.4 3
      vertex 162.7 33.4 3
      vertex 162.7 37.4 3
    endloop
  endfacet
  facet normal 0 0 1
    outer loop
      vertex 162.7 33.4 3
      vertex 159.7 37.4 3
      vertex 159.7 33.4 3
    endloop
  endfacet
  facet normal -0 0 1
    outer loop
      vertex 159.7 61.4 3
      vertex 162.7 57.4 3
      vertex 162.7 61.4 3
    endloop
  endfacet
  facet normal 0 0 1
    outer loop
      vertex 162.7 57.4 3
      vertex 159.7 61.4 3
      vertex 159.7 57.4 3
    endloop
  endfacet
  facet normal -0 0 1
    outer loop
      vertex 165.7 37.4 3
      vertex 168.7 33.4 3
      vertex 168.7 37.4 3
    endloop
  endfacet
  facet normal 0 0 1
    outer loop
      vertex 168.7 33.4 3
      vertex 165.7 37.4 3
      vertex 165.7 33.4 3
    endloop
  endfacet
  facet normal -0 0 1
    outer loop
      vertex 165.7 61.4 3
      vertex 168.7 57.4 3
      vertex 168.7 61.4 3
    endloop
  endfacet
  facet normal 0 0 1
    outer loop
      vertex 168.7 57.4 3
      vertex 165.7 61.4 3
      vertex 165.7 57.4 3
    endloop
  endfacet
  facet normal -0 0 1
    outer loop
      vertex 171.7 37.4 3
      vertex 174.7 33.4 3
      vertex 174.7 37.4 3
    endloop
  endfacet
  facet normal 0 0 1
    outer loop
      vertex 174.7 33.4 3
      vertex 171.7 37.4 3
      vertex 171.7 33.4 3
    endloop
  endfacet
  facet normal -0 0 1
    outer loop
      vertex 171.7 61.4 3
      vertex 174.7 57.4 3
      vertex 174.7 61.4 3
    endloop
  endfacet
  facet normal 0 0 1
    outer loop
      vertex 174.7 57.4 3
      vertex 171.7 61.4 3
      vertex 171.7 57.4 3
    endloop
  endfacet
  facet normal -0 0 1
    outer loop
      vertex 177.7 37.4 3
      vertex 180.7 33.4 3
      vertex 180.7 37.4 3
    endloop
  endfacet
  facet normal 0 0 1
    outer loop
      vertex 180.7 33.4 3
      vertex 177.7 37.4 3
      vertex 177.7 33.4 3
    endloop
  endfacet
  facet normal -0 0 1
    outer loop
      vertex 177.7 61.4 3
      vertex 180.7 57.4 3
      vertex 180.7 61.4 3
    endloop
  endfacet
  facet normal 0 0 1
    outer loop
      vertex 180.7 57.4 3
      vertex 177.7 61.4 3
      vertex 177.7 57.4 3
    endloop
  endfacet
  facet normal -0 0 1
    outer loop
      vertex 183.7 37.4 3
      vertex 186.7 33.4 3
      vertex 186.7 37.4 3
    endloop
  endfacet
  facet normal 0 0 1
    outer loop
      vertex 186.7 33.4 3
      vertex 183.7 37.4 3
      vertex 183.7 33.4 3
    endloop
  endfacet
  facet normal -0 0 1
    outer loop
      vertex 183.7 61.4 3
      vertex 186.7 57.4 3
      vertex 186.7 61.4 3
    endloop
  endfacet
  facet normal 0 0 1
    outer loop
      vertex 186.7 57.4 3
      vertex 183.7 61.4 3
      vertex 183.7 57.4 3
    endloop
  endfacet
  facet normal -0 0 1
    outer loop
      vertex 189.7 37.4 3
      vertex 192.7 33.4 3
      vertex 192.7 37.4 3
    endloop
  endfacet
  facet normal 0 0 1
    outer loop
      vertex 192.7 33.4 3
      vertex 189.7 37.4 3
      vertex 189.7 33.4 3
    endloop
  endfacet
  facet normal -0 0 1
    outer loop
      vertex 189.7 61.4 3
      vertex 192.7 57.4 3
      vertex 192.7 61.4 3
    endloop
  endfacet
  facet normal 0 0 1
    outer loop
      vertex 192.7 57.4 3
      vertex 189.7 61.4 3
      vertex 189.7 57.4 3
    endloop
  endfacet
  facet normal -0 0 1
    outer loop
      vertex 195.7 37.4 3
      vertex 198.7 33.4 3
      vertex 198.7 37.4 3
    endloop
  endfacet
  facet normal 0 0 1
    outer loop
      vertex 198.7 33.4 3
      vertex 195.7 37.4 3
      vertex 195.7 33.4 3
    endloop
  endfacet
  facet normal -0 0 1
    outer loop
      vertex 195.7 61.4 3
      vertex 198.7 57.4 3
      vertex 198.7 61.4 3
    endloop
  endfacet
  facet normal 0 0 1
    outer loop
      vertex 198.7 57.4 3
      vertex 195.7 61.4 3
      vertex 195.7 57.4 3
    endloop
  endfacet
  facet normal -0 0 1
    outer loop
      vertex 201.7 37.4 3
      vertex 204.7 33.4 3
      vertex 204.7 37.4 3
    endloop
  endfacet
  facet normal 0 0 1
    outer loop
      vertex 204.7 33.4 3
      vertex 201.7 37.4 3
      vertex 201.7 33.4 3
    endloop
  endfacet
  facet normal -0 0 1
    outer loop
      vertex 201.7 61.4 3
      vertex 204.7 57.4 3
      vertex 204.7 61.4 3
    endloop
  endfacet
  facet normal 0 0 1
    outer loop
      vertex 204.7 57.4 3
      vertex 201.7 61.4 3
      vertex 201.7 57.4 3
    endloop
  endfacet
  facet normal -0 0 1
    outer loop
      vertex 207.7 37.4 3
      vertex 210.7 33.4 3
      vertex 210.7 37.4 3
    endloop
  endfacet
  facet normal 0 0 1
    outer loop
      vertex 210.7 33.4 3
      vertex 207.7 37.4 3
      vertex 207.7 33.4 3
    endloop
  endfacet
  facet normal -0 0 1
    outer loop
      vertex 207.7 61.4 3
      vertex 210.7 57.4 3
      vertex 210.7 61.4 3
    endloop
  endfacet
  facet normal 0 0 1
    outer loop
      vertex 210.7 57.4 3
      vertex 207.7 61.4 3
      vertex 207.7 57.4 3
    endloop
  endfacet
  facet normal -0 0 1
    outer loop
      vertex 213.7 37.4 3
      vertex 216.7 33.4 3
      vertex 216.7 37.4 3
    endloop
  endfacet
  facet normal 0 0 1
    outer loop
      vertex 216.7 33.4 3
      vertex 213.7 37.4 3
      vertex 213.7 33.4 3
    endloop
  endfacet
  facet normal -0 0 1
    outer loop
      vertex 213.7 61.4 3
      vertex 216.7 57.4 3
      vertex 216.7 61.4 3
    endloop
  endfacet
  facet normal 0 0 1
    outer loop
      vertex 216.7 57.4 3
      vertex 213.7 61.4 3
      vertex 213.7 57.4 3
    endloop
  endfacet
  facet normal -0 0 1
    outer loop
      vertex 219.7 37.4 3
      vertex 222.7 33.4 3
      vertex 222.7 37.4 3
    endloop
  endfacet
  facet normal 0 0 1
    outer loop
      vertex 222.7 33.4 3
      vertex 219.7 37.4 3
      vertex 219.7 33.4 3
    endloop
  endfacet
  facet normal -0 0 1
    outer loop
      vertex 219.7 61.4 3
      vertex 222.7 57.4 3
      vertex 222.7 61.4 3
    endloop
  endfacet
  facet normal 0 0 1
    outer loop
      vertex 222.7 57.4 3
      vertex 219.7 61.4 3
      vertex 219.7 57.4 3
    endloop
  endfacet
  facet normal -0 0 1
    outer loop
      vertex 225.7 37.4 3
      vertex 228.7 33.4 3
      vertex 228.7 37.4 3
    endloop
  endfacet
  facet normal 0 0 1
    outer loop
      vertex 228.7 33.4 3
      vertex 225.7 37.4 3
      vertex 225.7 33.4 3
    endloop
  endfacet
  facet normal -0 0 1
    outer loop
      vertex 225.7 61.4 3
      vertex 228.7 57.4 3
      vertex 228.7 61.4 3
    endloop
  endfacet
  facet normal 0 0 1
    outer loop
      vertex 228.7 57.4 3
      vertex 225.7 61.4 3
      vertex 225.7 57.4 3
    endloop
  endfacet
  facet normal -0 0 1
    outer loop
      vertex 231.7 37.4 3
      vertex 234.7 33.4 3
      vertex 234.7 37.4 3
    endloop
  endfacet
  facet normal 0 0 1
    outer loop
      vertex 234.7 33.4 3
      vertex 231.7 37.4 3
      vertex 231.7 33.4 3
    endloop
  endfacet
  facet normal -0 0 1
    outer loop
      vertex 231.7 61.4 3
      vertex 234.7 57.4 3
      vertex 234.7 61.4 3
    endloop
  endfacet
  facet normal 0 0 1
    outer loop
      vertex 234.7 57.4 3
      vertex 231.7 61.4 3
      vertex 231.7 57.4 3
    endloop
  endfacet
  facet normal -0 0 1
    outer loop
      vertex 237.7 37.4 3
      vertex 240.7 33.4 3
      vertex 240.7 37.4 3
    endloop
  endfacet
  facet normal 0 0 1
    outer loop
      vertex 240.7 33.4 3
      vertex 237.7 37.4 3
      vertex 237.7 33.4 3
    endloop
  endfacet
  facet normal -0 0 1
    outer loop
      vertex 237.7 61.4 3
      vertex 240.7 57.4 3
      vertex 240.7 61.4 3
    endloop
  endfacet
  facet normal 0 0 1
    outer loop
      vertex 240.7 57.4 3
      vertex 237.7 61.4 3
      vertex 237.7 57.4 3
    endloop
  endfacet
  facet normal 0 0 1
    outer loop
      vertex 255.2 -32.5 3
      vertex 237.7 13.4 3
      vertex 248.7 -37 3
    endloop
  endfacet
  facet normal 0 0 1
    outer loop
      vertex 240.7 37.4 3
      vertex 243.7 37.4 3
      vertex 240.7 57.4 3
    endloop
  endfacet
  facet normal 0 0 1
    outer loop
      vertex 243.7 37.4 3
      vertex 240.7 37.4 3
      vertex 243.7 33.4 3
    endloop
  endfacet
  facet normal 0 0 1
    outer loop
      vertex 240.7 33.4 3
      vertex 243.7 33.4 3
      vertex 240.7 37.4 3
    endloop
  endfacet
  facet normal 0 0 1
    outer loop
      vertex 243.7 33.4 3
      vertex 240.7 33.4 3
      vertex 243.7 13.4 3
    endloop
  endfacet
  facet normal 0 0 1
    outer loop
      vertex 240.7 13.4 3
      vertex 243.7 13.4 3
      vertex 240.7 33.4 3
    endloop
  endfacet
  facet normal -0 0 1
    outer loop
      vertex 234.7 13.4 3
      vertex 248.7 -37 3
      vertex 237.7 13.4 3
    endloop
  endfacet
  facet normal -0 0 1
    outer loop
      vertex 231.7 13.4 3
      vertex 248.7 -37 3
      vertex 234.7 13.4 3
    endloop
  endfacet
  facet normal 0 0 1
    outer loop
      vertex 234.7 37.4 3
      vertex 237.7 37.4 3
      vertex 234.7 57.4 3
    endloop
  endfacet
  facet normal 0 0 1
    outer loop
      vertex 237.7 37.4 3
      vertex 234.7 37.4 3
      vertex 237.7 33.4 3
    endloop
  endfacet
  facet normal 0 0 1
    outer loop
      vertex 234.7 33.4 3
      vertex 237.7 33.4 3
      vertex 234.7 37.4 3
    endloop
  endfacet
  facet normal 0 0 1
    outer loop
      vertex 237.7 33.4 3
      vertex 234.7 33.4 3
      vertex 237.7 13.4 3
    endloop
  endfacet
  facet normal 0 0 1
    outer loop
      vertex 234.7 13.4 3
      vertex 237.7 13.4 3
      vertex 234.7 33.4 3
    endloop
  endfacet
  facet normal -0 0 1
    outer loop
      vertex 228.7 13.4 3
      vertex 248.7 -37 3
      vertex 231.7 13.4 3
    endloop
  endfacet
  facet normal -0 0 1
    outer loop
      vertex 225.7 13.4 3
      vertex 248.7 -37 3
      vertex 228.7 13.4 3
    endloop
  endfacet
  facet normal 0 0 1
    outer loop
      vertex 228.7 37.4 3
      vertex 231.7 37.4 3
      vertex 228.7 57.4 3
    endloop
  endfacet
  facet normal 0 0 1
    outer loop
      vertex 231.7 37.4 3
      vertex 228.7 37.4 3
      vertex 231.7 33.4 3
    endloop
  endfacet
  facet normal 0 0 1
    outer loop
      vertex 228.7 33.4 3
      vertex 231.7 33.4 3
      vertex 228.7 37.4 3
    endloop
  endfacet
  facet normal 0 0 1
    outer loop
      vertex 231.7 33.4 3
      vertex 228.7 33.4 3
      vertex 231.7 13.4 3
    endloop
  endfacet
  facet normal 0 0 1
    outer loop
      vertex 228.7 13.4 3
      vertex 231.7 13.4 3
      vertex 228.7 33.4 3
    endloop
  endfacet
  facet normal -0 0 1
    outer loop
      vertex 222.7 13.4 3
      vertex 248.7 -37 3
      vertex 225.7 13.4 3
    endloop
  endfacet
  facet normal -0 0 1
    outer loop
      vertex 219.7 13.4 3
      vertex 248.7 -37 3
      vertex 222.7 13.4 3
    endloop
  endfacet
  facet normal 0 0 1
    outer loop
      vertex 222.7 37.4 3
      vertex 225.7 37.4 3
      vertex 222.7 57.4 3
    endloop
  endfacet
  facet normal 0 0 1
    outer loop
      vertex 225.7 37.4 3
      vertex 222.7 37.4 3
      vertex 225.7 33.4 3
    endloop
  endfacet
  facet normal 0 0 1
    outer loop
      vertex 222.7 33.4 3
      vertex 225.7 33.4 3
      vertex 222.7 37.4 3
    endloop
  endfacet
  facet normal 0 0 1
    outer loop
      vertex 225.7 33.4 3
      vertex 222.7 33.4 3
      vertex 225.7 13.4 3
    endloop
  endfacet
  facet normal 0 0 1
    outer loop
      vertex 222.7 13.4 3
      vertex 225.7 13.4 3
      vertex 222.7 33.4 3
    endloop
  endfacet
  facet normal -0 0 1
    outer loop
      vertex 216.7 13.4 3
      vertex 248.7 -37 3
      vertex 219.7 13.4 3
    endloop
  endfacet
  facet normal -0 0 1
    outer loop
      vertex 213.7 13.4 3
      vertex 248.7 -37 3
      vertex 216.7 13.4 3
    endloop
  endfacet
  facet normal 0 0 1
    outer loop
      vertex 216.7 37.4 3
      vertex 219.7 37.4 3
      vertex 216.7 57.4 3
    endloop
  endfacet
  facet normal 0 0 1
    outer loop
      vertex 219.7 37.4 3
      vertex 216.7 37.4 3
      vertex 219.7 33.4 3
    endloop
  endfacet
  facet normal 0 0 1
    outer loop
      vertex 216.7 33.4 3
      vertex 219.7 33.4 3
      vertex 216.7 37.4 3
    endloop
  endfacet
  facet normal 0 0 1
    outer loop
      vertex 219.7 33.4 3
      vertex 216.7 33.4 3
      vertex 219.7 13.4 3
    endloop
  endfacet
  facet normal 0 0 1
    outer loop
      vertex 216.7 13.4 3
      vertex 219.7 13.4 3
      vertex 216.7 33.4 3
    endloop
  endfacet
  facet normal -0 0 1
    outer loop
      vertex 210.7 13.4 3
      vertex 248.7 -37 3
      vertex 213.7 13.4 3
    endloop
  endfacet
  facet normal -0 0 1
    outer loop
      vertex 207.7 13.4 3
      vertex 248.7 -37 3
      vertex 210.7 13.4 3
    endloop
  endfacet
  facet normal 0 0 1
    outer loop
      vertex 210.7 37.4 3
      vertex 213.7 37.4 3
      vertex 210.7 57.4 3
    endloop
  endfacet
  facet normal 0 0 1
    outer loop
      vertex 213.7 37.4 3
      vertex 210.7 37.4 3
      vertex 213.7 33.4 3
    endloop
  endfacet
  facet normal 0 0 1
    outer loop
      vertex 210.7 33.4 3
      vertex 213.7 33.4 3
      vertex 210.7 37.4 3
    endloop
  endfacet
  facet normal 0 0 1
    outer loop
      vertex 213.7 33.4 3
      vertex 210.7 33.4 3
      vertex 213.7 13.4 3
    endloop
  endfacet
  facet normal 0 0 1
    outer loop
      vertex 210.7 13.4 3
      vertex 213.7 13.4 3
      vertex 210.7 33.4 3
    endloop
  endfacet
  facet normal -0 0 1
    outer loop
      vertex 204.7 13.4 3
      vertex 248.7 -37 3
      vertex 207.7 13.4 3
    endloop
  endfacet
  facet normal -0 0 1
    outer loop
      vertex 201.7 13.4 3
      vertex 248.7 -37 3
      vertex 204.7 13.4 3
    endloop
  endfacet
  facet normal 0 0 1
    outer loop
      vertex 204.7 37.4 3
      vertex 207.7 37.4 3
      vertex 204.7 57.4 3
    endloop
  endfacet
  facet normal 0 0 1
    outer loop
      vertex 207.7 37.4 3
      vertex 204.7 37.4 3
      vertex 207.7 33.4 3
    endloop
  endfacet
  facet normal 0 0 1
    outer loop
      vertex 204.7 33.4 3
      vertex 207.7 33.4 3
      vertex 204.7 37.4 3
    endloop
  endfacet
  facet normal 0 0 1
    outer loop
      vertex 207.7 33.4 3
      vertex 204.7 33.4 3
      vertex 207.7 13.4 3
    endloop
  endfacet
  facet normal 0 0 1
    outer loop
      vertex 204.7 13.4 3
      vertex 207.7 13.4 3
      vertex 204.7 33.4 3
    endloop
  endfacet
  facet normal -0 0 1
    outer loop
      vertex 198.7 13.4 3
      vertex 248.7 -37 3
      vertex 201.7 13.4 3
    endloop
  endfacet
  facet normal -0 0 1
    outer loop
      vertex 195.7 13.4 3
      vertex 248.7 -37 3
      vertex 198.7 13.4 3
    endloop
  endfacet
  facet normal 0 0 1
    outer loop
      vertex 198.7 37.4 3
      vertex 201.7 37.4 3
      vertex 198.7 57.4 3
    endloop
  endfacet
  facet normal 0 0 1
    outer loop
      vertex 201.7 37.4 3
      vertex 198.7 37.4 3
      vertex 201.7 33.4 3
    endloop
  endfacet
  facet normal 0 0 1
    outer loop
      vertex 198.7 33.4 3
      vertex 201.7 33.4 3
      vertex 198.7 37.4 3
    endloop
  endfacet
  facet normal 0 0 1
    outer loop
      vertex 201.7 33.4 3
      vertex 198.7 33.4 3
      vertex 201.7 13.4 3
    endloop
  endfacet
  facet normal 0 0 1
    outer loop
      vertex 198.7 13.4 3
      vertex 201.7 13.4 3
      vertex 198.7 33.4 3
    endloop
  endfacet
  facet normal 0 0 1
    outer loop
      vertex 248.7 -37 3
      vertex 195.7 13.4 3
      vertex 248.7 -43 3
    endloop
  endfacet
  facet normal -0 0 1
    outer loop
      vertex 192.7 13.4 3
      vertex 248.7 -43 3
      vertex 195.7 13.4 3
    endloop
  endfacet
  facet normal 0 0 1
    outer loop
      vertex 192.7 37.4 3
      vertex 195.7 37.4 3
      vertex 192.7 57.4 3
    endloop
  endfacet
  facet normal 0 0 1
    outer loop
      vertex 195.7 37.4 3
      vertex 192.7 37.4 3
      vertex 195.7 33.4 3
    endloop
  endfacet
  facet normal 0 0 1
    outer loop
      vertex 192.7 33.4 3
      vertex 195.7 33.4 3
      vertex 192.7 37.4 3
    endloop
  endfacet
  facet normal 0 0 1
    outer loop
      vertex 195.7 33.4 3
      vertex 192.7 33.4 3
      vertex 195.7 13.4 3
    endloop
  endfacet
  facet normal 0 0 1
    outer loop
      vertex 192.7 13.4 3
      vertex 195.7 13.4 3
      vertex 192.7 33.4 3
    endloop
  endfacet
  facet normal -0 0 1
    outer loop
      vertex 189.7 13.4 3
      vertex 248.7 -43 3
      vertex 192.7 13.4 3
    endloop
  endfacet
  facet normal -0 0 1
    outer loop
      vertex 186.7 13.4 3
      vertex 248.7 -43 3
      vertex 189.7 13.4 3
    endloop
  endfacet
  facet normal 0 0 1
    outer loop
      vertex 186.7 37.4 3
      vertex 189.7 37.4 3
      vertex 186.7 57.4 3
    endloop
  endfacet
  facet normal 0 0 1
    outer loop
      vertex 189.7 37.4 3
      vertex 186.7 37.4 3
      vertex 189.7 33.4 3
    endloop
  endfacet
  facet normal 0 0 1
    outer loop
      vertex 186.7 33.4 3
      vertex 189.7 33.4 3
      vertex 186.7 37.4 3
    endloop
  endfacet
  facet normal 0 0 1
    outer loop
      vertex 189.7 33.4 3
      vertex 186.7 33.4 3
      vertex 189.7 13.4 3
    endloop
  endfacet
  facet normal 0 0 1
    outer loop
      vertex 186.7 13.4 3
      vertex 189.7 13.4 3
      vertex 186.7 33.4 3
    endloop
  endfacet
  facet normal -0 0 1
    outer loop
      vertex 183.7 13.4 3
      vertex 248.7 -43 3
      vertex 186.7 13.4 3
    endloop
  endfacet
  facet normal -0 0 1
    outer loop
      vertex 180.7 13.4 3
      vertex 248.7 -43 3
      vertex 183.7 13.4 3
    endloop
  endfacet
  facet normal 0 0 1
    outer loop
      vertex 180.7 37.4 3
      vertex 183.7 37.4 3
      vertex 180.7 57.4 3
    endloop
  endfacet
  facet normal 0 0 1
    outer loop
      vertex 183.7 37.4 3
      vertex 180.7 37.4 3
      vertex 183.7 33.4 3
    endloop
  endfacet
  facet normal 0 0 1
    outer loop
      vertex 180.7 33.4 3
      vertex 183.7 33.4 3
      vertex 180.7 37.4 3
    endloop
  endfacet
  facet normal 0 0 1
    outer loop
      vertex 183.7 33.4 3
      vertex 180.7 33.4 3
      vertex 183.7 13.4 3
    endloop
  endfacet
  facet normal 0 0 1
    outer loop
      vertex 180.7 13.4 3
      vertex 183.7 13.4 3
      vertex 180.7 33.4 3
    endloop
  endfacet
  facet normal -0 0 1
    outer loop
      vertex 177.7 13.4 3
      vertex 248.7 -43 3
      vertex 180.7 13.4 3
    endloop
  endfacet
  facet normal -0 0 1
    outer loop
      vertex 174.7 13.4 3
      vertex 248.7 -43 3
      vertex 177.7 13.4 3
    endloop
  endfacet
  facet normal 0 0 1
    outer loop
      vertex 174.7 37.4 3
      vertex 177.7 37.4 3
      vertex 174.7 57.4 3
    endloop
  endfacet
  facet normal 0 0 1
    outer loop
      vertex 177.7 37.4 3
      vertex 174.7 37.4 3
      vertex 177.7 33.4 3
    endloop
  endfacet
  facet normal 0 0 1
    outer loop
      vertex 174.7 33.4 3
      vertex 177.7 33.4 3
      vertex 174.7 37.4 3
    endloop
  endfacet
  facet normal 0 0 1
    outer loop
      vertex 177.7 33.4 3
      vertex 174.7 33.4 3
      vertex 177.7 13.4 3
    endloop
  endfacet
  facet normal 0 0 1
    outer loop
      vertex 174.7 13.4 3
      vertex 177.7 13.4 3
      vertex 174.7 33.4 3
    endloop
  endfacet
  facet normal 0 0 1
    outer loop
      vertex 248.7 -43 3
      vertex 174.7 13.4 3
      vertex 148 -137 3
    endloop
  endfacet
  facet normal 0 0 1
    outer loop
      vertex 148 -137 3
      vertex 174.7 13.4 3
      vertex 171.7 13.4 3
    endloop
  endfacet
  facet normal 0 0 1
    outer loop
      vertex 168.7 37.4 3
      vertex 171.7 37.4 3
      vertex 168.7 57.4 3
    endloop
  endfacet
  facet normal 0 0 1
    outer loop
      vertex 171.7 37.4 3
      vertex 168.7 37.4 3
      vertex 171.7 33.4 3
    endloop
  endfacet
  facet normal 0 0 1
    outer loop
      vertex 168.7 33.4 3
      vertex 171.7 33.4 3
      vertex 168.7 37.4 3
    endloop
  endfacet
  facet normal 0 0 1
    outer loop
      vertex 171.7 33.4 3
      vertex 168.7 33.4 3
      vertex 171.7 13.4 3
    endloop
  endfacet
  facet normal 0 0 1
    outer loop
      vertex 168.7 13.4 3
      vertex 171.7 13.4 3
      vertex 168.7 33.4 3
    endloop
  endfacet
  facet normal 0 0 1
    outer loop
      vertex 148 -137 3
      vertex 171.7 13.4 3
      vertex 168.7 13.4 3
    endloop
  endfacet
  facet normal 0 0 1
    outer loop
      vertex 148 -137 3
      vertex 168.7 13.4 3
      vertex 165.7 13.4 3
    endloop
  endfacet
  facet normal 0 0 1
    outer loop
      vertex 162.7 37.4 3
      vertex 165.7 37.4 3
      vertex 162.7 57.4 3
    endloop
  endfacet
  facet normal 0 0 1
    outer loop
      vertex 165.7 37.4 3
      vertex 162.7 37.4 3
      vertex 165.7 33.4 3
    endloop
  endfacet
  facet normal 0 0 1
    outer loop
      vertex 162.7 33.4 3
      vertex 165.7 33.4 3
      vertex 162.7 37.4 3
    endloop
  endfacet
  facet normal 0 0 1
    outer loop
      vertex 165.7 33.4 3
      vertex 162.7 33.4 3
      vertex 165.7 13.4 3
    endloop
  endfacet
  facet normal 0 0 1
    outer loop
      vertex 162.7 13.4 3
      vertex 165.7 13.4 3
      vertex 162.7 33.4 3
    endloop
  endfacet
  facet normal 0 0 1
    outer loop
      vertex 148 -137 3
      vertex 165.7 13.4 3
      vertex 162.7 13.4 3
    endloop
  endfacet
  facet normal 0 0 1
    outer loop
      vertex 148 -137 3
      vertex 162.7 13.4 3
      vertex 159.7 13.4 3
    endloop
  endfacet
  facet normal 0 0 1
    outer loop
      vertex 156.7 37.4 3
      vertex 159.7 37.4 3
      vertex 156.7 57.4 3
    endloop
  endfacet
  facet normal 0 0 1
    outer loop
      vertex 159.7 37.4 3
      vertex 156.7 37.4 3
      vertex 159.7 33.4 3
    endloop
  endfacet
  facet normal 0 0 1
    outer loop
      vertex 156.7 33.4 3
      vertex 159.7 33.4 3
      vertex 156.7 37.4 3
    endloop
  endfacet
  facet normal 0 0 1
    outer loop
      vertex 159.7 33.4 3
      vertex 156.7 33.4 3
      vertex 159.7 13.4 3
    endloop
  endfacet
  facet normal 0 0 1
    outer loop
      vertex 156.7 13.4 3
      vertex 159.7 13.4 3
      vertex 156.7 33.4 3
    endloop
  endfacet
  facet normal 0 0 1
    outer loop
      vertex 148 -137 3
      vertex 159.7 13.4 3
      vertex 156.7 13.4 3
    endloop
  endfacet
  facet normal 0 0 1
    outer loop
      vertex 148 -137 3
      vertex 156.7 13.4 3
      vertex 153.7 13.4 3
    endloop
  endfacet
  facet normal 0 0 1
    outer loop
      vertex 248.7 -43 3
      vertex 148 -137 3
      vertex 246.2 -143.5 3
    endloop
  endfacet
  facet normal 0 0 1
    outer loop
      vertex 153.7 37.4 3
      vertex 150.7 37.4 3
      vertex 153.7 33.4 3
    endloop
  endfacet
  facet normal -0 0 1
    outer loop
      vertex 243.7 37.4 3
      vertex 246.7 33.4 3
      vertex 246.7 37.4 3
    endloop
  endfacet
  facet normal 0 0 1
    outer loop
      vertex 246.7 33.4 3
      vertex 243.7 37.4 3
      vertex 243.7 33.4 3
    endloop
  endfacet
  facet normal -0 0 1
    outer loop
      vertex 243.7 61.4 3
      vertex 246.7 57.4 3
      vertex 246.7 61.4 3
    endloop
  endfacet
  facet normal 0 0 1
    outer loop
      vertex 246.7 57.4 3
      vertex 243.7 61.4 3
      vertex 243.7 57.4 3
    endloop
  endfacet
  facet normal 0 0 1
    outer loop
      vertex 248.7 87 3
      vertex 246.2 87.5 3
      vertex 246.7 81.4 3
    endloop
  endfacet
  facet normal 0 0 1
    outer loop
      vertex 246.2 87.5 3
      vertex 243.7 81.4 3
      vertex 246.7 81.4 3
    endloop
  endfacet
  facet normal -0 0 1
    outer loop
      vertex 240.7 81.4 3
      vertex 243.7 61.4 3
      vertex 243.7 81.4 3
    endloop
  endfacet
  facet normal 0 0 1
    outer loop
      vertex 240.7 61.4 3
      vertex 243.7 61.4 3
      vertex 240.7 81.4 3
    endloop
  endfacet
  facet normal 0 0 1
    outer loop
      vertex 243.7 61.4 3
      vertex 240.7 61.4 3
      vertex 243.7 57.4 3
    endloop
  endfacet
  facet normal 0 0 1
    outer loop
      vertex 240.7 57.4 3
      vertex 243.7 57.4 3
      vertex 240.7 61.4 3
    endloop
  endfacet
  facet normal 0 0 1
    outer loop
      vertex 243.7 57.4 3
      vertex 240.7 57.4 3
      vertex 243.7 37.4 3
    endloop
  endfacet
  facet normal 0 0 1
    outer loop
      vertex 246.2 87.5 3
      vertex 240.7 81.4 3
      vertex 243.7 81.4 3
    endloop
  endfacet
  facet normal 0 0 1
    outer loop
      vertex 246.2 87.5 3
      vertex 237.7 81.4 3
      vertex 240.7 81.4 3
    endloop
  endfacet
  facet normal -0 0 1
    outer loop
      vertex 234.7 81.4 3
      vertex 237.7 61.4 3
      vertex 237.7 81.4 3
    endloop
  endfacet
  facet normal 0 0 1
    outer loop
      vertex 234.7 61.4 3
      vertex 237.7 61.4 3
      vertex 234.7 81.4 3
    endloop
  endfacet
  facet normal 0 0 1
    outer loop
      vertex 237.7 61.4 3
      vertex 234.7 61.4 3
      vertex 237.7 57.4 3
    endloop
  endfacet
  facet normal 0 0 1
    outer loop
      vertex 234.7 57.4 3
      vertex 237.7 57.4 3
      vertex 234.7 61.4 3
    endloop
  endfacet
  facet normal 0 0 1
    outer loop
      vertex 237.7 57.4 3
      vertex 234.7 57.4 3
      vertex 237.7 37.4 3
    endloop
  endfacet
  facet normal 0 0 1
    outer loop
      vertex 246.2 87.5 3
      vertex 234.7 81.4 3
      vertex 237.7 81.4 3
    endloop
  endfacet
  facet normal 0 0 1
    outer loop
      vertex 246.2 87.5 3
      vertex 231.7 81.4 3
      vertex 234.7 81.4 3
    endloop
  endfacet
  facet normal -0 0 1
    outer loop
      vertex 228.7 81.4 3
      vertex 231.7 61.4 3
      vertex 231.7 81.4 3
    endloop
  endfacet
  facet normal 0 0 1
    outer loop
      vertex 228.7 61.4 3
      vertex 231.7 61.4 3
      vertex 228.7 81.4 3
    endloop
  endfacet
  facet normal 0 0 1
    outer loop
      vertex 231.7 61.4 3
      vertex 228.7 61.4 3
      vertex 231.7 57.4 3
    endloop
  endfacet
  facet normal 0 0 1
    outer loop
      vertex 228.7 57.4 3
      vertex 231.7 57.4 3
      vertex 228.7 61.4 3
    endloop
  endfacet
  facet normal 0 0 1
    outer loop
      vertex 231.7 57.4 3
      vertex 228.7 57.4 3
      vertex 231.7 37.4 3
    endloop
  endfacet
  facet normal 0 0 1
    outer loop
      vertex 246.2 87.5 3
      vertex 228.7 81.4 3
      vertex 231.7 81.4 3
    endloop
  endfacet
  facet normal 0 0 1
    outer loop
      vertex 246.2 87.5 3
      vertex 225.7 81.4 3
      vertex 228.7 81.4 3
    endloop
  endfacet
  facet normal -0 0 1
    outer loop
      vertex 222.7 81.4 3
      vertex 225.7 61.4 3
      vertex 225.7 81.4 3
    endloop
  endfacet
  facet normal 0 0 1
    outer loop
      vertex 222.7 61.4 3
      vertex 225.7 61.4 3
      vertex 222.7 81.4 3
    endloop
  endfacet
  facet normal 0 0 1
    outer loop
      vertex 225.7 61.4 3
      vertex 222.7 61.4 3
      vertex 225.7 57.4 3
    endloop
  endfacet
  facet normal 0 0 1
    outer loop
      vertex 222.7 57.4 3
      vertex 225.7 57.4 3
      vertex 222.7 61.4 3
    endloop
  endfacet
  facet normal 0 0 1
    outer loop
      vertex 225.7 57.4 3
      vertex 222.7 57.4 3
      vertex 225.7 37.4 3
    endloop
  endfacet
  facet normal 0 0 1
    outer loop
      vertex 246.2 87.5 3
      vertex 222.7 81.4 3
      vertex 225.7 81.4 3
    endloop
  endfacet
  facet normal 0 0 1
    outer loop
      vertex 246.2 87.5 3
      vertex 219.7 81.4 3
      vertex 222.7 81.4 3
    endloop
  endfacet
  facet normal -0 0 1
    outer loop
      vertex 216.7 81.4 3
      vertex 219.7 61.4 3
      vertex 219.7 81.4 3
    endloop
  endfacet
  facet normal 0 0 1
    outer loop
      vertex 216.7 61.4 3
      vertex 219.7 61.4 3
      vertex 216.7 81.4 3
    endloop
  endfacet
  facet normal 0 0 1
    outer loop
      vertex 219.7 61.4 3
      vertex 216.7 61.4 3
      vertex 219.7 57.4 3
    endloop
  endfacet
  facet normal 0 0 1
    outer loop
      vertex 216.7 57.4 3
      vertex 219.7 57.4 3
      vertex 216.7 61.4 3
    endloop
  endfacet
  facet normal 0 0 1
    outer loop
      vertex 219.7 57.4 3
      vertex 216.7 57.4 3
      vertex 219.7 37.4 3
    endloop
  endfacet
  facet normal 0 0 1
    outer loop
      vertex 246.2 87.5 3
      vertex 216.7 81.4 3
      vertex 219.7 81.4 3
    endloop
  endfacet
  facet normal 0 0 1
    outer loop
      vertex 246.2 87.5 3
      vertex 213.7 81.4 3
      vertex 216.7 81.4 3
    endloop
  endfacet
  facet normal -0 0 1
    outer loop
      vertex 210.7 81.4 3
      vertex 213.7 61.4 3
      vertex 213.7 81.4 3
    endloop
  endfacet
  facet normal 0 0 1
    outer loop
      vertex 210.7 61.4 3
      vertex 213.7 61.4 3
      vertex 210.7 81.4 3
    endloop
  endfacet
  facet normal 0 0 1
    outer loop
      vertex 213.7 61.4 3
      vertex 210.7 61.4 3
      vertex 213.7 57.4 3
    endloop
  endfacet
  facet normal 0 0 1
    outer loop
      vertex 210.7 57.4 3
      vertex 213.7 57.4 3
      vertex 210.7 61.4 3
    endloop
  endfacet
  facet normal 0 0 1
    outer loop
      vertex 213.7 57.4 3
      vertex 210.7 57.4 3
      vertex 213.7 37.4 3
    endloop
  endfacet
  facet normal 0 0 1
    outer loop
      vertex 246.2 87.5 3
      vertex 210.7 81.4 3
      vertex 213.7 81.4 3
    endloop
  endfacet
  facet normal 0 0 1
    outer loop
      vertex 246.2 87.5 3
      vertex 207.7 81.4 3
      vertex 210.7 81.4 3
    endloop
  endfacet
  facet normal -0 0 1
    outer loop
      vertex 204.7 81.4 3
      vertex 207.7 61.4 3
      vertex 207.7 81.4 3
    endloop
  endfacet
  facet normal 0 0 1
    outer loop
      vertex 204.7 61.4 3
      vertex 207.7 61.4 3
      vertex 204.7 81.4 3
    endloop
  endfacet
  facet normal 0 0 1
    outer loop
      vertex 207.7 61.4 3
      vertex 204.7 61.4 3
      vertex 207.7 57.4 3
    endloop
  endfacet
  facet normal 0 0 1
    outer loop
      vertex 204.7 57.4 3
      vertex 207.7 57.4 3
      vertex 204.7 61.4 3
    endloop
  endfacet
  facet normal 0 0 1
    outer loop
      vertex 207.7 57.4 3
      vertex 204.7 57.4 3
      vertex 207.7 37.4 3
    endloop
  endfacet
  facet normal 0 0 1
    outer loop
      vertex 246.2 87.5 3
      vertex 204.7 81.4 3
      vertex 207.7 81.4 3
    endloop
  endfacet
  facet normal 0 0 1
    outer loop
      vertex 246.2 87.5 3
      vertex 201.7 81.4 3
      vertex 204.7 81.4 3
    endloop
  endfacet
  facet normal -0 0 1
    outer loop
      vertex 198.7 81.4 3
      vertex 201.7 61.4 3
      vertex 201.7 81.4 3
    endloop
  endfacet
  facet normal 0 0 1
    outer loop
      vertex 198.7 61.4 3
      vertex 201.7 61.4 3
      vertex 198.7 81.4 3
    endloop
  endfacet
  facet normal 0 0 1
    outer loop
      vertex 201.7 61.4 3
      vertex 198.7 61.4 3
      vertex 201.7 57.4 3
    endloop
  endfacet
  facet normal 0 0 1
    outer loop
      vertex 198.7 57.4 3
      vertex 201.7 57.4 3
      vertex 198.7 61.4 3
    endloop
  endfacet
  facet normal 0 0 1
    outer loop
      vertex 201.7 57.4 3
      vertex 198.7 57.4 3
      vertex 201.7 37.4 3
    endloop
  endfacet
  facet normal 0 0 1
    outer loop
      vertex 246.2 87.5 3
      vertex 198.7 81.4 3
      vertex 201.7 81.4 3
    endloop
  endfacet
  facet normal -0 0 1
    outer loop
      vertex 152.5 87.5 3
      vertex 198.7 81.4 3
      vertex 246.2 87.5 3
    endloop
  endfacet
  facet normal -0 0 1
    outer loop
      vertex 192.7 81.4 3
      vertex 195.7 61.4 3
      vertex 195.7 81.4 3
    endloop
  endfacet
  facet normal 0 0 1
    outer loop
      vertex 192.7 61.4 3
      vertex 195.7 61.4 3
      vertex 192.7 81.4 3
    endloop
  endfacet
  facet normal 0 0 1
    outer loop
      vertex 195.7 61.4 3
      vertex 192.7 61.4 3
      vertex 195.7 57.4 3
    endloop
  endfacet
  facet normal 0 0 1
    outer loop
      vertex 192.7 57.4 3
      vertex 195.7 57.4 3
      vertex 192.7 61.4 3
    endloop
  endfacet
  facet normal 0 0 1
    outer loop
      vertex 195.7 57.4 3
      vertex 192.7 57.4 3
      vertex 195.7 37.4 3
    endloop
  endfacet
  facet normal 0 0 1
    outer loop
      vertex 198.7 81.4 3
      vertex 152.5 87.5 3
      vertex 195.7 81.4 3
    endloop
  endfacet
  facet normal 0 0 1
    outer loop
      vertex 195.7 81.4 3
      vertex 152.5 87.5 3
      vertex 192.7 81.4 3
    endloop
  endfacet
  facet normal -0 0 1
    outer loop
      vertex 186.7 81.4 3
      vertex 189.7 61.4 3
      vertex 189.7 81.4 3
    endloop
  endfacet
  facet normal 0 0 1
    outer loop
      vertex 186.7 61.4 3
      vertex 189.7 61.4 3
      vertex 186.7 81.4 3
    endloop
  endfacet
  facet normal 0 0 1
    outer loop
      vertex 189.7 61.4 3
      vertex 186.7 61.4 3
      vertex 189.7 57.4 3
    endloop
  endfacet
  facet normal 0 0 1
    outer loop
      vertex 186.7 57.4 3
      vertex 189.7 57.4 3
      vertex 186.7 61.4 3
    endloop
  endfacet
  facet normal 0 0 1
    outer loop
      vertex 189.7 57.4 3
      vertex 186.7 57.4 3
      vertex 189.7 37.4 3
    endloop
  endfacet
  facet normal 0 0 1
    outer loop
      vertex 192.7 81.4 3
      vertex 152.5 87.5 3
      vertex 189.7 81.4 3
    endloop
  endfacet
  facet normal 0 0 1
    outer loop
      vertex 189.7 81.4 3
      vertex 152.5 87.5 3
      vertex 186.7 81.4 3
    endloop
  endfacet
  facet normal -0 0 1
    outer loop
      vertex 180.7 81.4 3
      vertex 183.7 61.4 3
      vertex 183.7 81.4 3
    endloop
  endfacet
  facet normal 0 0 1
    outer loop
      vertex 180.7 61.4 3
      vertex 183.7 61.4 3
      vertex 180.7 81.4 3
    endloop
  endfacet
  facet normal 0 0 1
    outer loop
      vertex 183.7 61.4 3
      vertex 180.7 61.4 3
      vertex 183.7 57.4 3
    endloop
  endfacet
  facet normal 0 0 1
    outer loop
      vertex 180.7 57.4 3
      vertex 183.7 57.4 3
      vertex 180.7 61.4 3
    endloop
  endfacet
  facet normal 0 0 1
    outer loop
      vertex 183.7 57.4 3
      vertex 180.7 57.4 3
      vertex 183.7 37.4 3
    endloop
  endfacet
  facet normal 0 0 1
    outer loop
      vertex 186.7 81.4 3
      vertex 152.5 87.5 3
      vertex 183.7 81.4 3
    endloop
  endfacet
  facet normal 0 0 1
    outer loop
      vertex 183.7 81.4 3
      vertex 152.5 87.5 3
      vertex 180.7 81.4 3
    endloop
  endfacet
  facet normal -0 0 1
    outer loop
      vertex 174.7 81.4 3
      vertex 177.7 61.4 3
      vertex 177.7 81.4 3
    endloop
  endfacet
  facet normal 0 0 1
    outer loop
      vertex 174.7 61.4 3
      vertex 177.7 61.4 3
      vertex 174.7 81.4 3
    endloop
  endfacet
  facet normal 0 0 1
    outer loop
      vertex 177.7 61.4 3
      vertex 174.7 61.4 3
      vertex 177.7 57.4 3
    endloop
  endfacet
  facet normal 0 0 1
    outer loop
      vertex 174.7 57.4 3
      vertex 177.7 57.4 3
      vertex 174.7 61.4 3
    endloop
  endfacet
  facet normal 0 0 1
    outer loop
      vertex 177.7 57.4 3
      vertex 174.7 57.4 3
      vertex 177.7 37.4 3
    endloop
  endfacet
  facet normal 0 0 1
    outer loop
      vertex 180.7 81.4 3
      vertex 152.5 87.5 3
      vertex 177.7 81.4 3
    endloop
  endfacet
  facet normal 0 0 1
    outer loop
      vertex 177.7 81.4 3
      vertex 152.5 87.5 3
      vertex 174.7 81.4 3
    endloop
  endfacet
  facet normal -0 0 1
    outer loop
      vertex 168.7 81.4 3
      vertex 171.7 61.4 3
      vertex 171.7 81.4 3
    endloop
  endfacet
  facet normal 0 0 1
    outer loop
      vertex 168.7 61.4 3
      vertex 171.7 61.4 3
      vertex 168.7 81.4 3
    endloop
  endfacet
  facet normal 0 0 1
    outer loop
      vertex 171.7 61.4 3
      vertex 168.7 61.4 3
      vertex 171.7 57.4 3
    endloop
  endfacet
  facet normal 0 0 1
    outer loop
      vertex 168.7 57.4 3
      vertex 171.7 57.4 3
      vertex 168.7 61.4 3
    endloop
  endfacet
  facet normal 0 0 1
    outer loop
      vertex 171.7 57.4 3
      vertex 168.7 57.4 3
      vertex 171.7 37.4 3
    endloop
  endfacet
  facet normal 0 0 1
    outer loop
      vertex 174.7 81.4 3
      vertex 152.5 87.5 3
      vertex 171.7 81.4 3
    endloop
  endfacet
  facet normal 0 0 1
    outer loop
      vertex 171.7 81.4 3
      vertex 152.5 87.5 3
      vertex 168.7 81.4 3
    endloop
  endfacet
  facet normal -0 0 1
    outer loop
      vertex 162.7 81.4 3
      vertex 165.7 61.4 3
      vertex 165.7 81.4 3
    endloop
  endfacet
  facet normal 0 0 1
    outer loop
      vertex 162.7 61.4 3
      vertex 165.7 61.4 3
      vertex 162.7 81.4 3
    endloop
  endfacet
  facet normal 0 0 1
    outer loop
      vertex 165.7 61.4 3
      vertex 162.7 61.4 3
      vertex 165.7 57.4 3
    endloop
  endfacet
  facet normal 0 0 1
    outer loop
      vertex 162.7 57.4 3
      vertex 165.7 57.4 3
      vertex 162.7 61.4 3
    endloop
  endfacet
  facet normal 0 0 1
    outer loop
      vertex 165.7 57.4 3
      vertex 162.7 57.4 3
      vertex 165.7 37.4 3
    endloop
  endfacet
  facet normal 0 0 1
    outer loop
      vertex 168.7 81.4 3
      vertex 152.5 87.5 3
      vertex 165.7 81.4 3
    endloop
  endfacet
  facet normal 0 0 1
    outer loop
      vertex 165.7 81.4 3
      vertex 152.5 87.5 3
      vertex 162.7 81.4 3
    endloop
  endfacet
  facet normal -0 0 1
    outer loop
      vertex 156.7 81.4 3
      vertex 159.7 61.4 3
      vertex 159.7 81.4 3
    endloop
  endfacet
  facet normal 0 0 1
    outer loop
      vertex 156.7 61.4 3
      vertex 159.7 61.4 3
      vertex 156.7 81.4 3
    endloop
  endfacet
  facet normal 0 0 1
    outer loop
      vertex 159.7 61.4 3
      vertex 156.7 61.4 3
      vertex 159.7 57.4 3
    endloop
  endfacet
  facet normal 0 0 1
    outer loop
      vertex 156.7 57.4 3
      vertex 159.7 57.4 3
      vertex 156.7 61.4 3
    endloop
  endfacet
  facet normal 0 0 1
    outer loop
      vertex 159.7 57.4 3
      vertex 156.7 57.4 3
      vertex 159.7 37.4 3
    endloop
  endfacet
  facet normal 0 0 1
    outer loop
      vertex 162.7 81.4 3
      vertex 152.5 87.5 3
      vertex 159.7 81.4 3
    endloop
  endfacet
  facet normal 0 0 1
    outer loop
      vertex 159.7 81.4 3
      vertex 152.5 87.5 3
      vertex 156.7 81.4 3
    endloop
  endfacet
  facet normal 0 0 1
    outer loop
      vertex 150.7 57.4 3
      vertex 153.7 81.4 3
      vertex 152.5 87.5 3
    endloop
  endfacet
  facet normal 0 0 1
    outer loop
      vertex 153.7 81.4 3
      vertex 150.7 57.4 3
      vertex 153.7 61.4 3
    endloop
  endfacet
  facet normal 0 0 1
    outer loop
      vertex 153.7 61.4 3
      vertex 150.7 57.4 3
      vertex 153.7 57.4 3
    endloop
  endfacet
  facet normal 0 0 1
    outer loop
      vertex 153.7 57.4 3
      vertex 150.7 57.4 3
      vertex 153.7 37.4 3
    endloop
  endfacet
  facet normal 0 0 1
    outer loop
      vertex 150.7 37.4 3
      vertex 153.7 37.4 3
      vertex 150.7 57.4 3
    endloop
  endfacet
  facet normal 0 0 1
    outer loop
      vertex 156.7 81.4 3
      vertex 152.5 87.5 3
      vertex 153.7 81.4 3
    endloop
  endfacet
  facet normal -0 0 1
    outer loop
      vertex 248.7 81 3
      vertex 249.7 61.4 3
      vertex 249.7 81 3
    endloop
  endfacet
  facet normal 0 0 1
    outer loop
      vertex 249.7 61.4 3
      vertex 246.7 61.4 3
      vertex 249.7 57.4 3
    endloop
  endfacet
  facet normal 0 0 1
    outer loop
      vertex 249.7 57.4 3
      vertex 246.7 57.4 3
      vertex 249.7 37.4 3
    endloop
  endfacet
  facet normal 0 0 1
    outer loop
      vertex 246.7 37.4 3
      vertex 249.7 37.4 3
      vertex 246.7 57.4 3
    endloop
  endfacet
  facet normal 0 0 1
    outer loop
      vertex 249.7 61.4 3
      vertex 248.7 81 3
      vertex 246.7 61.4 3
    endloop
  endfacet
  facet normal -0 0 1
    outer loop
      vertex 249.7 37.4 3
      vertex 252.7 33.4 3
      vertex 252.7 37.4 3
    endloop
  endfacet
  facet normal 0 0 1
    outer loop
      vertex 252.7 33.4 3
      vertex 249.7 37.4 3
      vertex 249.7 33.4 3
    endloop
  endfacet
  facet normal -0 0 1
    outer loop
      vertex 249.7 61.4 3
      vertex 252.7 57.4 3
      vertex 252.7 61.4 3
    endloop
  endfacet
  facet normal 0 0 1
    outer loop
      vertex 252.7 57.4 3
      vertex 249.7 61.4 3
      vertex 249.7 57.4 3
    endloop
  endfacet
  facet normal 0 0 1
    outer loop
      vertex 255.2 -47.5 3
      vertex 248.7 -137 3
      vertex 255.2 -134.5 3
    endloop
  endfacet
  facet normal 0 0 1
    outer loop
      vertex 255.2 -134.5 3
      vertex 248.7 -137 3
      vertex 254.7 -137 3
    endloop
  endfacet
  facet normal 0 0 1
    outer loop
      vertex 252.7 57.4 3
      vertex 255.2 78.5 3
      vertex 252.7 61.4 3
    endloop
  endfacet
  facet normal 0 0 1
    outer loop
      vertex 252.7 37.4 3
      vertex 255.2 78.5 3
      vertex 252.7 57.4 3
    endloop
  endfacet
  facet normal 0 0 1
    outer loop
      vertex 252.7 33.4 3
      vertex 255.2 78.5 3
      vertex 252.7 37.4 3
    endloop
  endfacet
  facet normal 0 0 1
    outer loop
      vertex 255.2 78.5 3
      vertex 252.7 33.4 3
      vertex 255.2 -32.5 3
    endloop
  endfacet
  facet normal -0 0 1
    outer loop
      vertex 252.7 13.4 3
      vertex 255.2 -32.5 3
      vertex 252.7 33.4 3
    endloop
  endfacet
  facet normal -0 0 1
    outer loop
      vertex 249.7 13.4 3
      vertex 255.2 -32.5 3
      vertex 252.7 13.4 3
    endloop
  endfacet
  facet normal -0 0 1
    outer loop
      vertex 246.7 13.4 3
      vertex 255.2 -32.5 3
      vertex 249.7 13.4 3
    endloop
  endfacet
  facet normal 0 0 1
    outer loop
      vertex 255.2 -32.5 3
      vertex 248.7 -37 3
      vertex 254.7 -37 3
    endloop
  endfacet
  facet normal 0 0 1
    outer loop
      vertex 249.7 37.4 3
      vertex 246.7 37.4 3
      vertex 249.7 33.4 3
    endloop
  endfacet
  facet normal 0 0 1
    outer loop
      vertex 254.7 -37 3
      vertex 256.7 -32.5 3
      vertex 255.2 -32.5 3
    endloop
  endfacet
  facet normal 0 0 1
    outer loop
      vertex 256.7 -32.5 3
      vertex 254.7 -37 3
      vertex 256.7 -47.5 3
    endloop
  endfacet
  facet normal 0 0 1
    outer loop
      vertex 256.7 -32.5 3
      vertex 261.7 94 3
      vertex 256.7 78.5 3
    endloop
  endfacet
  facet normal -0 0 1
    outer loop
      vertex 254.7 87 3
      vertex 256.7 78.5 3
      vertex 261.7 94 3
    endloop
  endfacet
  facet normal -0 0 1
    outer loop
      vertex 252.7 81 3
      vertex 255.2 78.5 3
      vertex 254.7 81 3
    endloop
  endfacet
  facet normal -0 0 1
    outer loop
      vertex 254.7 -43 3
      vertex 256.7 -47.5 3
      vertex 254.7 -37 3
    endloop
  endfacet
  facet normal 0 0 1
    outer loop
      vertex 256.7 78.5 3
      vertex 254.7 81 3
      vertex 255.2 78.5 3
    endloop
  endfacet
  facet normal 0 0 1
    outer loop
      vertex 256.7 78.5 3
      vertex 254.7 87 3
      vertex 254.7 81 3
    endloop
  endfacet
  facet normal -0 0 1
    outer loop
      vertex 246.2 89 3
      vertex 254.7 87 3
      vertex 261.7 94 3
    endloop
  endfacet
  facet normal -0 0 1
    outer loop
      vertex 246.7 81.4 3
      vertex 248.7 81 3
      vertex 248.7 87 3
    endloop
  endfacet
  facet normal -0 0 1
    outer loop
      vertex 243.7 13.4 3
      vertex 255.2 -32.5 3
      vertex 246.7 13.4 3
    endloop
  endfacet
  facet normal -0 0 1
    outer loop
      vertex 240.7 13.4 3
      vertex 255.2 -32.5 3
      vertex 243.7 13.4 3
    endloop
  endfacet
  facet normal -0 0 1
    outer loop
      vertex 237.7 13.4 3
      vertex 255.2 -32.5 3
      vertex 240.7 13.4 3
    endloop
  endfacet
  facet normal 0 0 1
    outer loop
      vertex 248.7 81 3
      vertex 246.7 81.4 3
      vertex 246.7 61.4 3
    endloop
  endfacet
  facet normal -0 0 1
    outer loop
      vertex 246.2 87.5 3
      vertex 248.7 87 3
      vertex 246.2 89 3
    endloop
  endfacet
  facet normal 0 0 1
    outer loop
      vertex 254.7 87 3
      vertex 246.2 89 3
      vertex 248.7 87 3
    endloop
  endfacet
  facet normal 0 0 1
    outer loop
      vertex 261.7 94 3
      vertex 152.5 89 3
      vertex 246.2 89 3
    endloop
  endfacet
  facet normal 0 0 1
    outer loop
      vertex 148 87 3
      vertex 152.5 87.5 3
      vertex 152.5 89 3
    endloop
  endfacet
  facet normal 0 0 1
    outer loop
      vertex 148 -137 3
      vertex 153.7 13.4 3
      vertex 150.7 13.4 3
    endloop
  endfacet
  facet normal 0 0 1
    outer loop
      vertex 152.5 87.5 3
      vertex 150.7 81.4 3
      vertex 150.7 61.4 3
    endloop
  endfacet
  facet normal 0 0 1
    outer loop
      vertex 152.5 87.5 3
      vertex 148 87 3
      vertex 150.7 81.4 3
    endloop
  endfacet
  facet normal 0 0 1
    outer loop
      vertex 135 94 3
      vertex 148 87 3
      vertex 152.5 89 3
    endloop
  endfacet
  facet normal -0 0 1
    outer loop
      vertex 137.5 87.5 3
      vertex 142 87 3
      vertex 137.5 89 3
    endloop
  endfacet
  facet normal 0 0 1
    outer loop
      vertex 147.7 33.4 3
      vertex 137.081 39.8 3
      vertex 147.7 13.4 3
    endloop
  endfacet
  facet normal 0 0 1
    outer loop
      vertex 150.7 13.4 3
      vertex 141.7 1.79999 3
      vertex 141.7 -8.99999 3
    endloop
  endfacet
  facet normal 0 0 1
    outer loop
      vertex 142 87 3
      vertex 137.5 87.5 3
      vertex 142 81 3
    endloop
  endfacet
  facet normal 0 0 1
    outer loop
      vertex 148 87 3
      vertex 135 94 3
      vertex 142 87 3
    endloop
  endfacet
  facet normal -0 0 1
    outer loop
      vertex 135 94 3
      vertex 152.5 89 3
      vertex 261.7 94 3
    endloop
  endfacet
  facet normal 0 0 1
    outer loop
      vertex 142 87 3
      vertex 135 94 3
      vertex 137.5 89 3
    endloop
  endfacet
  facet normal 0 0 1
    outer loop
      vertex 137.5 89 3
      vertex 135 94 3
      vertex 135 89 3
    endloop
  endfacet
  facet normal 0 0 1
    outer loop
      vertex 261.7 94 3
      vertex 256.7 -32.5 3
      vertex 261.7 -150 3
    endloop
  endfacet
  facet normal -0 0 1
    outer loop
      vertex 256.7 -47.5 3
      vertex 261.7 -150 3
      vertex 256.7 -32.5 3
    endloop
  endfacet
  facet normal -0 0 1
    outer loop
      vertex 256.7 -134.5 3
      vertex 261.7 -150 3
      vertex 256.7 -47.5 3
    endloop
  endfacet
  facet normal 0 0 1
    outer loop
      vertex 254.7 -137 3
      vertex 256.7 -134.5 3
      vertex 255.2 -134.5 3
    endloop
  endfacet
  facet normal 0 0 1
    outer loop
      vertex 252.7 61.4 3
      vertex 255.2 78.5 3
      vertex 252.7 81 3
    endloop
  endfacet
  facet normal 0 0 1
    outer loop
      vertex 256.7 -47.5 3
      vertex 254.7 -43 3
      vertex 255.2 -47.5 3
    endloop
  endfacet
  facet normal -0 0 1
    outer loop
      vertex 248.7 -43 3
      vertex 255.2 -47.5 3
      vertex 254.7 -43 3
    endloop
  endfacet
  facet normal 0 0 1
    outer loop
      vertex 248.7 -137 3
      vertex 255.2 -47.5 3
      vertex 248.7 -43 3
    endloop
  endfacet
  facet normal 0 0 1
    outer loop
      vertex 254.7 -143 3
      vertex 256.7 -134.5 3
      vertex 254.7 -137 3
    endloop
  endfacet
  facet normal 0 0 1
    outer loop
      vertex 256.7 -134.5 3
      vertex 254.7 -143 3
      vertex 261.7 -150 3
    endloop
  endfacet
  facet normal 0 0 1
    outer loop
      vertex 246.2 -145 3
      vertex 254.7 -143 3
      vertex 248.7 -143 3
    endloop
  endfacet
  facet normal 0 0 1
    outer loop
      vertex 249.7 57.4 3
      vertex 246.7 61.4 3
      vertex 246.7 57.4 3
    endloop
  endfacet
  facet normal 0 0 1
    outer loop
      vertex 246.7 33.4 3
      vertex 249.7 33.4 3
      vertex 246.7 37.4 3
    endloop
  endfacet
  facet normal 0 0 1
    outer loop
      vertex 249.7 33.4 3
      vertex 246.7 33.4 3
      vertex 249.7 13.4 3
    endloop
  endfacet
  facet normal 0 0 1
    outer loop
      vertex 249.7 13.4 3
      vertex 246.7 33.4 3
      vertex 246.7 13.4 3
    endloop
  endfacet
  facet normal 0 0 1
    outer loop
      vertex 248.7 -43 3
      vertex 246.2 -143.5 3
      vertex 248.7 -137 3
    endloop
  endfacet
  facet normal 0 0 1
    outer loop
      vertex 248.7 -137 3
      vertex 246.2 -143.5 3
      vertex 248.7 -143 3
    endloop
  endfacet
  facet normal 0 0 1
    outer loop
      vertex 246.2 -145 3
      vertex 248.7 -143 3
      vertex 246.2 -143.5 3
    endloop
  endfacet
  facet normal 0 0 1
    outer loop
      vertex 254.7 -143 3
      vertex 246.2 -145 3
      vertex 261.7 -150 3
    endloop
  endfacet
  facet normal -0 0 1
    outer loop
      vertex 152.5 -145 3
      vertex 261.7 -150 3
      vertex 246.2 -145 3
    endloop
  endfacet
  facet normal 0 0 1
    outer loop
      vertex 152.5 87.5 3
      vertex 150.7 61.4 3
      vertex 150.7 57.4 3
    endloop
  endfacet
  facet normal 0 0 1
    outer loop
      vertex 150.7 33.4 3
      vertex 153.7 33.4 3
      vertex 150.7 37.4 3
    endloop
  endfacet
  facet normal 0 0 1
    outer loop
      vertex 153.7 33.4 3
      vertex 150.7 33.4 3
      vertex 153.7 13.4 3
    endloop
  endfacet
  facet normal 0 0 1
    outer loop
      vertex 153.7 13.4 3
      vertex 150.7 33.4 3
      vertex 150.7 13.4 3
    endloop
  endfacet
  facet normal 0 0 1
    outer loop
      vertex 246.2 -143.5 3
      vertex 148 -137 3
      vertex 152.5 -143.5 3
    endloop
  endfacet
  facet normal -0 0 1
    outer loop
      vertex 148 -143 3
      vertex 152.5 -143.5 3
      vertex 148 -137 3
    endloop
  endfacet
  facet normal 0 0 1
    outer loop
      vertex 152.5 -143.5 3
      vertex 148 -143 3
      vertex 152.5 -145 3
    endloop
  endfacet
  facet normal 0 0 1
    outer loop
      vertex 135 -150 3
      vertex 148 -143 3
      vertex 142 -143 3
    endloop
  endfacet
  facet normal 0 0 1
    outer loop
      vertex 150.7 13.4 3
      vertex 141.7 -8.99999 3
      vertex 141.7 -47 3
    endloop
  endfacet
  facet normal 0 0 1
    outer loop
      vertex 150.7 13.4 3
      vertex 141.7 -47 3
      vertex 141.7 -57.8 3
    endloop
  endfacet
  facet normal 0 0 1
    outer loop
      vertex 150.7 13.4 3
      vertex 141.7 -57.8 3
      vertex 148 -137 3
    endloop
  endfacet
  facet normal -0 0 1
    outer loop
      vertex 141.7 -95.8 3
      vertex 148 -137 3
      vertex 141.7 -57.8 3
    endloop
  endfacet
  facet normal -0 0 1
    outer loop
      vertex 141.7 -106.6 3
      vertex 148 -137 3
      vertex 141.7 -95.8 3
    endloop
  endfacet
  facet normal 0 0 1
    outer loop
      vertex 148 -137 3
      vertex 141.7 -106.6 3
      vertex 142 -137 3
    endloop
  endfacet
  facet normal -0 0 1
    outer loop
      vertex 137.081 -106.6 3
      vertex 142 -137 3
      vertex 141.7 -106.6 3
    endloop
  endfacet
  facet normal 0 0 1
    outer loop
      vertex 142 -137 3
      vertex 137.5 -143.5 3
      vertex 142 -143 3
    endloop
  endfacet
  facet normal 0 0 1
    outer loop
      vertex 137.5 -145 3
      vertex 142 -143 3
      vertex 137.5 -143.5 3
    endloop
  endfacet
  facet normal 0 0 1
    outer loop
      vertex 135 -150 3
      vertex 142 -143 3
      vertex 137.5 -145 3
    endloop
  endfacet
  facet normal 0 0 1
    outer loop
      vertex 148 -143 3
      vertex 135 -150 3
      vertex 152.5 -145 3
    endloop
  endfacet
  facet normal 0 0 1
    outer loop
      vertex 135 -150 3
      vertex 137.5 -145 3
      vertex 135 -145 3
    endloop
  endfacet
  facet normal 0 0 1
    outer loop
      vertex 152.5 -145 3
      vertex 135 -150 3
      vertex 261.7 -150 3
    endloop
  endfacet
  facet normal 0 1 -0
    outer loop
      vertex 261.7 94 3.8147e-07
      vertex 135 94 3
      vertex 261.7 94 3
    endloop
  endfacet
  facet normal 0 1 0
    outer loop
      vertex 135 94 3
      vertex 261.7 94 3.8147e-07
      vertex 135 94 3.8147e-07
    endloop
  endfacet
  facet normal 0 -1 0
    outer loop
      vertex 135 -150 3.8147e-07
      vertex 261.7 -150 3
      vertex 135 -150 3
    endloop
  endfacet
  facet normal 0 -1 -0
    outer loop
      vertex 261.7 -150 3
      vertex 135 -150 3.8147e-07
      vertex 261.7 -150 3.8147e-07
    endloop
  endfacet
  facet normal 1 -0 0
    outer loop
      vertex 256.7 -134.5 7
      vertex 256.7 -47.5 3
      vertex 256.7 -47.5 7
    endloop
  endfacet
  facet normal 1 0 0
    outer loop
      vertex 256.7 -47.5 3
      vertex 256.7 -134.5 7
      vertex 256.7 -134.5 3
    endloop
  endfacet
  facet normal -0 0 1
    outer loop
      vertex 255.2 -47.5 7
      vertex 256.7 -134.5 7
      vertex 256.7 -47.5 7
    endloop
  endfacet
  facet normal 0 0 1
    outer loop
      vertex 256.7 -134.5 7
      vertex 255.2 -47.5 7
      vertex 255.2 -134.5 7
    endloop
  endfacet
  facet normal -1 0 0
    outer loop
      vertex 255.2 -134.5 3
      vertex 255.2 -47.5 7
      vertex 255.2 -47.5 3
    endloop
  endfacet
  facet normal -1 -0 0
    outer loop
      vertex 255.2 -47.5 7
      vertex 255.2 -134.5 3
      vertex 255.2 -134.5 7
    endloop
  endfacet
  facet normal 0 1 -0
    outer loop
      vertex 256.7 -47.5 3
      vertex 255.2 -47.5 7
      vertex 256.7 -47.5 7
    endloop
  endfacet
  facet normal 0 1 0
    outer loop
      vertex 255.2 -47.5 7
      vertex 256.7 -47.5 3
      vertex 255.2 -47.5 3
    endloop
  endfacet
  facet normal 0 -1 0
    outer loop
      vertex 255.2 -134.5 3
      vertex 256.7 -134.5 7
      vertex 255.2 -134.5 7
    endloop
  endfacet
  facet normal 0 -1 -0
    outer loop
      vertex 256.7 -134.5 7
      vertex 255.2 -134.5 3
      vertex 256.7 -134.5 3
    endloop
  endfacet
  facet normal 1 -0 0
    outer loop
      vertex 256.7 -32.5 7
      vertex 256.7 78.5 3
      vertex 256.7 78.5 7
    endloop
  endfacet
  facet normal 1 0 0
    outer loop
      vertex 256.7 78.5 3
      vertex 256.7 -32.5 7
      vertex 256.7 -32.5 3
    endloop
  endfacet
  facet normal -0 0 1
    outer loop
      vertex 255.2 78.5 7
      vertex 256.7 -32.5 7
      vertex 256.7 78.5 7
    endloop
  endfacet
  facet normal 0 0 1
    outer loop
      vertex 256.7 -32.5 7
      vertex 255.2 78.5 7
      vertex 255.2 -32.5 7
    endloop
  endfacet
  facet normal -1 0 0
    outer loop
      vertex 255.2 -32.5 3
      vertex 255.2 78.5 7
      vertex 255.2 78.5 3
    endloop
  endfacet
  facet normal -1 -0 0
    outer loop
      vertex 255.2 78.5 7
      vertex 255.2 -32.5 3
      vertex 255.2 -32.5 7
    endloop
  endfacet
  facet normal 0 1 -0
    outer loop
      vertex 256.7 78.5 3
      vertex 255.2 78.5 7
      vertex 256.7 78.5 7
    endloop
  endfacet
  facet normal 0 1 0
    outer loop
      vertex 255.2 78.5 7
      vertex 256.7 78.5 3
      vertex 255.2 78.5 3
    endloop
  endfacet
  facet normal 0 -1 0
    outer loop
      vertex 255.2 -32.5 3
      vertex 256.7 -32.5 7
      vertex 255.2 -32.5 7
    endloop
  endfacet
  facet normal 0 -1 -0
    outer loop
      vertex 256.7 -32.5 7
      vertex 255.2 -32.5 3
      vertex 256.7 -32.5 3
    endloop
  endfacet
  facet normal 1 -0 0
    outer loop
      vertex 137.5 -145 7
      vertex 137.5 -143.5 3
      vertex 137.5 -143.5 7
    endloop
  endfacet
  facet normal 1 0 0
    outer loop
      vertex 137.5 -143.5 3
      vertex 137.5 -145 7
      vertex 137.5 -145 3
    endloop
  endfacet
  facet normal -0 0 1
    outer loop
      vertex 135 -143.5 7
      vertex 137.5 -145 7
      vertex 137.5 -143.5 7
    endloop
  endfacet
  facet normal 0 0 1
    outer loop
      vertex 137.5 -145 7
      vertex 135 -143.5 7
      vertex 135 -145 7
    endloop
  endfacet
  facet normal 0 1 -0
    outer loop
      vertex 137.5 -143.5 3
      vertex 135 -143.5 7
      vertex 137.5 -143.5 7
    endloop
  endfacet
  facet normal 0 1 0
    outer loop
      vertex 135 -143.5 7
      vertex 137.5 -143.5 3
      vertex 135 -143.5 3
    endloop
  endfacet
  facet normal 0 -1 0
    outer loop
      vertex 135 -145 3
      vertex 137.5 -145 7
      vertex 135 -145 7
    endloop
  endfacet
  facet normal 0 -1 -0
    outer loop
      vertex 137.5 -145 7
      vertex 135 -145 3
      vertex 137.5 -145 3
    endloop
  endfacet
  facet normal 1 -0 0
    outer loop
      vertex 137.5 87.5 7
      vertex 137.5 89 3
      vertex 137.5 89 7
    endloop
  endfacet
  facet normal 1 0 0
    outer loop
      vertex 137.5 89 3
      vertex 137.5 87.5 7
      vertex 137.5 87.5 3
    endloop
  endfacet
  facet normal -0 0 1
    outer loop
      vertex 135 89 7
      vertex 137.5 87.5 7
      vertex 137.5 89 7
    endloop
  endfacet
  facet normal 0 0 1
    outer loop
      vertex 137.5 87.5 7
      vertex 135 89 7
      vertex 135 87.5 7
    endloop
  endfacet
  facet normal 0 1 -0
    outer loop
      vertex 137.5 89 3
      vertex 135 89 7
      vertex 137.5 89 7
    endloop
  endfacet
  facet normal 0 1 0
    outer loop
      vertex 135 89 7
      vertex 137.5 89 3
      vertex 135 89 3
    endloop
  endfacet
  facet normal 0 -1 0
    outer loop
      vertex 135 87.5 3
      vertex 137.5 87.5 7
      vertex 135 87.5 7
    endloop
  endfacet
  facet normal 0 -1 -0
    outer loop
      vertex 137.5 87.5 7
      vertex 135 87.5 3
      vertex 137.5 87.5 3
    endloop
  endfacet
  facet normal 1 -0 0
    outer loop
      vertex 246.2 -145 7
      vertex 246.2 -143.5 3
      vertex 246.2 -143.5 7
    endloop
  endfacet
  facet normal 1 0 0
    outer loop
      vertex 246.2 -143.5 3
      vertex 246.2 -145 7
      vertex 246.2 -145 3
    endloop
  endfacet
  facet normal -0 0 1
    outer loop
      vertex 152.5 -143.5 7
      vertex 246.2 -145 7
      vertex 246.2 -143.5 7
    endloop
  endfacet
  facet normal 0 0 1
    outer loop
      vertex 246.2 -145 7
      vertex 152.5 -143.5 7
      vertex 152.5 -145 7
    endloop
  endfacet
  facet normal -1 0 0
    outer loop
      vertex 152.5 -145 3
      vertex 152.5 -143.5 7
      vertex 152.5 -143.5 3
    endloop
  endfacet
  facet normal -1 -0 0
    outer loop
      vertex 152.5 -143.5 7
      vertex 152.5 -145 3
      vertex 152.5 -145 7
    endloop
  endfacet
  facet normal 0 1 -0
    outer loop
      vertex 246.2 -143.5 3
      vertex 152.5 -143.5 7
      vertex 246.2 -143.5 7
    endloop
  endfacet
  facet normal 0 1 0
    outer loop
      vertex 152.5 -143.5 7
      vertex 246.2 -143.5 3
      vertex 152.5 -143.5 3
    endloop
  endfacet
  facet normal 0 -1 0
    outer loop
      vertex 152.5 -145 3
      vertex 246.2 -145 7
      vertex 152.5 -145 7
    endloop
  endfacet
  facet normal 0 -1 -0
    outer loop
      vertex 246.2 -145 7
      vertex 152.5 -145 3
      vertex 246.2 -145 3
    endloop
  endfacet
  facet normal 1 -0 0
    outer loop
      vertex 246.2 87.5 7
      vertex 246.2 89 3
      vertex 246.2 89 7
    endloop
  endfacet
  facet normal 1 0 0
    outer loop
      vertex 246.2 89 3
      vertex 246.2 87.5 7
      vertex 246.2 87.5 3
    endloop
  endfacet
  facet normal -0 0 1
    outer loop
      vertex 152.5 89 7
      vertex 246.2 87.5 7
      vertex 246.2 89 7
    endloop
  endfacet
  facet normal 0 0 1
    outer loop
      vertex 246.2 87.5 7
      vertex 152.5 89 7
      vertex 152.5 87.5 7
    endloop
  endfacet
  facet normal -1 0 0
    outer loop
      vertex 152.5 87.5 3
      vertex 152.5 89 7
      vertex 152.5 89 3
    endloop
  endfacet
  facet normal -1 -0 0
    outer loop
      vertex 152.5 89 7
      vertex 152.5 87.5 3
      vertex 152.5 87.5 7
    endloop
  endfacet
  facet normal 0 1 -0
    outer loop
      vertex 246.2 89 3
      vertex 152.5 89 7
      vertex 246.2 89 7
    endloop
  endfacet
  facet normal 0 1 0
    outer loop
      vertex 152.5 89 7
      vertex 246.2 89 3
      vertex 152.5 89 3
    endloop
  endfacet
  facet normal 0 -1 0
    outer loop
      vertex 152.5 87.5 3
      vertex 246.2 87.5 7
      vertex 152.5 87.5 7
    endloop
  endfacet
  facet normal 0 -1 -0
    outer loop
      vertex 246.2 87.5 7
      vertex 152.5 87.5 3
      vertex 246.2 87.5 3
    endloop
  endfacet
  facet normal 1 -0 0
    outer loop
      vertex 254.7 -143 6.6
      vertex 254.7 -137 3
      vertex 254.7 -137 6.6
    endloop
  endfacet
  facet normal 1 0 0
    outer loop
      vertex 254.7 -137 3
      vertex 254.7 -143 6.6
      vertex 254.7 -143 3
    endloop
  endfacet
  facet normal -0 0 1
    outer loop
      vertex 248.7 -137 6.6
      vertex 254.7 -143 6.6
      vertex 254.7 -137 6.6
    endloop
  endfacet
  facet normal 0 0 1
    outer loop
      vertex 254.7 -143 6.6
      vertex 248.7 -137 6.6
      vertex 248.7 -143 6.6
    endloop
  endfacet
  facet normal -1 0 0
    outer loop
      vertex 248.7 -143 3
      vertex 248.7 -137 6.6
      vertex 248.7 -137 3
    endloop
  endfacet
  facet normal -1 -0 0
    outer loop
      vertex 248.7 -137 6.6
      vertex 248.7 -143 3
      vertex 248.7 -143 6.6
    endloop
  endfacet
  facet normal 0 1 -0
    outer loop
      vertex 254.7 -137 3
      vertex 248.7 -137 6.6
      vertex 254.7 -137 6.6
    endloop
  endfacet
  facet normal 0 1 0
    outer loop
      vertex 248.7 -137 6.6
      vertex 254.7 -137 3
      vertex 248.7 -137 3
    endloop
  endfacet
  facet normal 0 -1 0
    outer loop
      vertex 248.7 -143 3
      vertex 254.7 -143 6.6
      vertex 248.7 -143 6.6
    endloop
  endfacet
  facet normal 0 -1 -0
    outer loop
      vertex 254.7 -143 6.6
      vertex 248.7 -143 3
      vertex 254.7 -143 3
    endloop
  endfacet
  facet normal 1 -0 0
    outer loop
      vertex 254.7 81 6.6
      vertex 254.7 87 3
      vertex 254.7 87 6.6
    endloop
  endfacet
  facet normal 1 0 0
    outer loop
      vertex 254.7 87 3
      vertex 254.7 81 6.6
      vertex 254.7 81 3
    endloop
  endfacet
  facet normal 0 0 -1
    outer loop
      vertex 249.7 81 2.99
      vertex 252.7 81.4 2.99
      vertex 252.7 81 2.99
    endloop
  endfacet
  facet normal -0 0 -1
    outer loop
      vertex 252.7 81.4 2.99
      vertex 249.7 81 2.99
      vertex 249.7 81.4 2.99
    endloop
  endfacet
  facet normal -0 0 1
    outer loop
      vertex 248.7 87 6.6
      vertex 254.7 81 6.6
      vertex 254.7 87 6.6
    endloop
  endfacet
  facet normal 0 0 1
    outer loop
      vertex 254.7 81 6.6
      vertex 248.7 87 6.6
      vertex 248.7 81 6.6
    endloop
  endfacet
  facet normal -1 0 0
    outer loop
      vertex 248.7 81 3
      vertex 248.7 87 6.6
      vertex 248.7 87 3
    endloop
  endfacet
  facet normal -1 -0 0
    outer loop
      vertex 248.7 87 6.6
      vertex 248.7 81 3
      vertex 248.7 81 6.6
    endloop
  endfacet
  facet normal 0 1 -0
    outer loop
      vertex 254.7 87 3
      vertex 248.7 87 6.6
      vertex 254.7 87 6.6
    endloop
  endfacet
  facet normal 0 1 0
    outer loop
      vertex 248.7 87 6.6
      vertex 254.7 87 3
      vertex 248.7 87 3
    endloop
  endfacet
  facet normal 0 -1 0
    outer loop
      vertex 249.7 81 2.99
      vertex 252.7 81 3
      vertex 249.7 81 3
    endloop
  endfacet
  facet normal 0 -1 -0
    outer loop
      vertex 252.7 81 3
      vertex 249.7 81 2.99
      vertex 252.7 81 2.99
    endloop
  endfacet
  facet normal 0 -1 0
    outer loop
      vertex 249.7 81 3
      vertex 248.7 81 6.6
      vertex 248.7 81 3
    endloop
  endfacet
  facet normal 0 -1 0
    outer loop
      vertex 252.7 81 3
      vertex 248.7 81 6.6
      vertex 249.7 81 3
    endloop
  endfacet
  facet normal 0 -1 0
    outer loop
      vertex 248.7 81 6.6
      vertex 252.7 81 3
      vertex 254.7 81 6.6
    endloop
  endfacet
  facet normal 0 -1 -0
    outer loop
      vertex 254.7 81 6.6
      vertex 252.7 81 3
      vertex 254.7 81 3
    endloop
  endfacet
  facet normal 1 -0 0
    outer loop
      vertex 254.7 -43 6.6
      vertex 254.7 -37 3
      vertex 254.7 -37 6.6
    endloop
  endfacet
  facet normal 1 0 0
    outer loop
      vertex 254.7 -37 3
      vertex 254.7 -43 6.6
      vertex 254.7 -43 3
    endloop
  endfacet
  facet normal -0 0 1
    outer loop
      vertex 248.7 -37 6.6
      vertex 254.7 -43 6.6
      vertex 254.7 -37 6.6
    endloop
  endfacet
  facet normal 0 0 1
    outer loop
      vertex 254.7 -43 6.6
      vertex 248.7 -37 6.6
      vertex 248.7 -43 6.6
    endloop
  endfacet
  facet normal -1 0 0
    outer loop
      vertex 248.7 -43 3
      vertex 248.7 -37 6.6
      vertex 248.7 -37 3
    endloop
  endfacet
  facet normal -1 -0 0
    outer loop
      vertex 248.7 -37 6.6
      vertex 248.7 -43 3
      vertex 248.7 -43 6.6
    endloop
  endfacet
  facet normal 0 1 -0
    outer loop
      vertex 254.7 -37 3
      vertex 248.7 -37 6.6
      vertex 254.7 -37 6.6
    endloop
  endfacet
  facet normal 0 1 0
    outer loop
      vertex 248.7 -37 6.6
      vertex 254.7 -37 3
      vertex 248.7 -37 3
    endloop
  endfacet
  facet normal 0 -1 0
    outer loop
      vertex 248.7 -43 3
      vertex 254.7 -43 6.6
      vertex 248.7 -43 6.6
    endloop
  endfacet
  facet normal 0 -1 -0
    outer loop
      vertex 254.7 -43 6.6
      vertex 248.7 -43 3
      vertex 254.7 -43 3
    endloop
  endfacet
  facet normal 1 -0 0
    outer loop
      vertex 148 -143 6.6
      vertex 148 -137 3
      vertex 148 -137 6.6
    endloop
  endfacet
  facet normal 1 0 0
    outer loop
      vertex 148 -137 3
      vertex 148 -143 6.6
      vertex 148 -143 3
    endloop
  endfacet
  facet normal -0 0 1
    outer loop
      vertex 142 -137 6.6
      vertex 148 -143 6.6
      vertex 148 -137 6.6
    endloop
  endfacet
  facet normal 0 0 1
    outer loop
      vertex 148 -143 6.6
      vertex 142 -137 6.6
      vertex 142 -143 6.6
    endloop
  endfacet
  facet normal -1 0 0
    outer loop
      vertex 142 -143 3
      vertex 142 -137 6.6
      vertex 142 -137 3
    endloop
  endfacet
  facet normal -1 -0 0
    outer loop
      vertex 142 -137 6.6
      vertex 142 -143 3
      vertex 142 -143 6.6
    endloop
  endfacet
  facet normal 0 1 -0
    outer loop
      vertex 148 -137 3
      vertex 142 -137 6.6
      vertex 148 -137 6.6
    endloop
  endfacet
  facet normal 0 1 0
    outer loop
      vertex 142 -137 6.6
      vertex 148 -137 3
      vertex 142 -137 3
    endloop
  endfacet
  facet normal 0 -1 0
    outer loop
      vertex 142 -143 3
      vertex 148 -143 6.6
      vertex 142 -143 6.6
    endloop
  endfacet
  facet normal 0 -1 -0
    outer loop
      vertex 148 -143 6.6
      vertex 142 -143 3
      vertex 148 -143 3
    endloop
  endfacet
  facet normal 1 0 0
    outer loop
      vertex 148 87 6.6
      vertex 148 81.4 3
      vertex 148 87 3
    endloop
  endfacet
  facet normal 1 -0 0
    outer loop
      vertex 148 81 6.6
      vertex 148 81.4 3
      vertex 148 87 6.6
    endloop
  endfacet
  facet normal 1 0 0
    outer loop
      vertex 148 81 2.99
      vertex 148 81.4 3
      vertex 148 81 6.6
    endloop
  endfacet
  facet normal 1 0 0
    outer loop
      vertex 148 81.4 3
      vertex 148 81 2.99
      vertex 148 81.4 2.99
    endloop
  endfacet
  facet normal 0 0 -1
    outer loop
      vertex 147.7 81 2.99
      vertex 148 81.4 2.99
      vertex 148 81 2.99
    endloop
  endfacet
  facet normal -0 0 -1
    outer loop
      vertex 148 81.4 2.99
      vertex 147.7 81 2.99
      vertex 147.7 81.4 2.99
    endloop
  endfacet
  facet normal -0 0 1
    outer loop
      vertex 142 87 6.6
      vertex 148 81 6.6
      vertex 148 87 6.6
    endloop
  endfacet
  facet normal 0 0 1
    outer loop
      vertex 148 81 6.6
      vertex 142 87 6.6
      vertex 142 81 6.6
    endloop
  endfacet
  facet normal -1 0 0
    outer loop
      vertex 142 81 3
      vertex 142 87 6.6
      vertex 142 87 3
    endloop
  endfacet
  facet normal -1 -0 0
    outer loop
      vertex 142 87 6.6
      vertex 142 81 3
      vertex 142 81 6.6
    endloop
  endfacet
  facet normal 0 1 -0
    outer loop
      vertex 148 87 3
      vertex 142 87 6.6
      vertex 148 87 6.6
    endloop
  endfacet
  facet normal 0 1 0
    outer loop
      vertex 142 87 6.6
      vertex 148 87 3
      vertex 142 87 3
    endloop
  endfacet
  facet normal 0 -1 0
    outer loop
      vertex 147.7 81 3
      vertex 142 81 6.6
      vertex 142 81 3
    endloop
  endfacet
  facet normal 0 -1 0
    outer loop
      vertex 142 81 6.6
      vertex 147.7 81 3
      vertex 148 81 6.6
    endloop
  endfacet
  facet normal 0 -1 0
    outer loop
      vertex 148 81 2.99
      vertex 147.7 81 3
      vertex 147.7 81 2.99
    endloop
  endfacet
  facet normal 0 -1 0
    outer loop
      vertex 147.7 81 3
      vertex 148 81 2.99
      vertex 148 81 6.6
    endloop
  endfacet
  facet normal -1 0 0
    outer loop
      vertex 135 94 3.8147e-07
      vertex 135 89 3
      vertex 135 94 3
    endloop
  endfacet
  facet normal -1 0 0
    outer loop
      vertex 135 89 3
      vertex 135 87.5 3
      vertex 135 89 7
    endloop
  endfacet
  facet normal -1 0 0
    outer loop
      vertex 135 94 3.8147e-07
      vertex 135 87.5 3
      vertex 135 89 3
    endloop
  endfacet
  facet normal -1 0 0
    outer loop
      vertex 135 48.4 3.8147e-07
      vertex 135 87.5 3
      vertex 135 94 3.8147e-07
    endloop
  endfacet
  facet normal -1 -0 0
    outer loop
      vertex 135 87.5 3
      vertex 135 48.4 3.8147e-07
      vertex 135 48.4 3
    endloop
  endfacet
  facet normal -1 -0 0
    outer loop
      vertex 135 89 7
      vertex 135 87.5 3
      vertex 135 87.5 7
    endloop
  endfacet
  facet normal -1 0 0
    outer loop
      vertex 135 -104.4 3.8147e-07
      vertex 135 -143.5 3
      vertex 135 -104.4 3
    endloop
  endfacet
  facet normal -1 0 0
    outer loop
      vertex 135 -143.5 3
      vertex 135 -145 3
      vertex 135 -143.5 7
    endloop
  endfacet
  facet normal -1 0 0
    outer loop
      vertex 135 -150 3.8147e-07
      vertex 135 -143.5 3
      vertex 135 -104.4 3.8147e-07
    endloop
  endfacet
  facet normal -1 -0 0
    outer loop
      vertex 135 -143.5 3
      vertex 135 -150 3.8147e-07
      vertex 135 -145 3
    endloop
  endfacet
  facet normal -1 -0 0
    outer loop
      vertex 135 -145 3
      vertex 135 -150 3.8147e-07
      vertex 135 -150 3
    endloop
  endfacet
  facet normal -1 -0 0
    outer loop
      vertex 135 -143.5 7
      vertex 135 -145 3
      vertex 135 -145 7
    endloop
  endfacet
  facet normal -1 0 0
    outer loop
      vertex 135 -98 3.8147e-07
      vertex 135 -55.6 3
      vertex 135 -55.6 3.8147e-07
    endloop
  endfacet
  facet normal -1 -0 0
    outer loop
      vertex 135 -55.6 3
      vertex 135 -98 3.8147e-07
      vertex 135 -98 3
    endloop
  endfacet
  facet normal -1 0 0
    outer loop
      vertex 135 -49.2 3.8147e-07
      vertex 135 -6.8 3
      vertex 135 -6.8 3.8147e-07
    endloop
  endfacet
  facet normal -1 -0 0
    outer loop
      vertex 135 -6.8 3
      vertex 135 -49.2 3.8147e-07
      vertex 135 -49.2 3
    endloop
  endfacet
  facet normal -1 0 0
    outer loop
      vertex 135 -0.400002 3.8147e-07
      vertex 135 42 3
      vertex 135 42 3.8147e-07
    endloop
  endfacet
  facet normal -1 -0 0
    outer loop
      vertex 135 42 3
      vertex 135 -0.400002 3.8147e-07
      vertex 135 -0.400002 3
    endloop
  endfacet
  facet normal 0.877896 0.478852 1.89025e-17
    outer loop
      vertex 137.081 -106.6 3
      vertex 135.881 -104.4 3.8147e-07
      vertex 135.881 -104.4 3
    endloop
  endfacet
  facet normal 0.877896 0.478852 1.89025e-17
    outer loop
      vertex 135.881 -104.4 3.8147e-07
      vertex 137.081 -106.6 3
      vertex 137.081 -106.6 3.8147e-07
    endloop
  endfacet
  facet normal 0 1 -0
    outer loop
      vertex 141.7 -106.6 3.8147e-07
      vertex 137.081 -106.6 3
      vertex 141.7 -106.6 3
    endloop
  endfacet
  facet normal 0 1 0
    outer loop
      vertex 137.081 -106.6 3
      vertex 141.7 -106.6 3.8147e-07
      vertex 137.081 -106.6 3.8147e-07
    endloop
  endfacet
  facet normal -1 0 0
    outer loop
      vertex 141.7 -106.6 3.8147e-07
      vertex 141.7 -95.8 3
      vertex 141.7 -95.8 3.8147e-07
    endloop
  endfacet
  facet normal -1 -0 0
    outer loop
      vertex 141.7 -95.8 3
      vertex 141.7 -106.6 3.8147e-07
      vertex 141.7 -106.6 3
    endloop
  endfacet
  facet normal 0 -1 0
    outer loop
      vertex 137.081 -95.8 3.8147e-07
      vertex 141.7 -95.8 3
      vertex 137.081 -95.8 3
    endloop
  endfacet
  facet normal 0 -1 -0
    outer loop
      vertex 141.7 -95.8 3
      vertex 137.081 -95.8 3.8147e-07
      vertex 141.7 -95.8 3.8147e-07
    endloop
  endfacet
  facet normal 0.877896 -0.478852 4.72562e-18
    outer loop
      vertex 135.881 -98 3
      vertex 137.081 -95.8 3.8147e-07
      vertex 137.081 -95.8 3
    endloop
  endfacet
  facet normal 0.877896 -0.478852 4.72562e-18
    outer loop
      vertex 137.081 -95.8 3.8147e-07
      vertex 135.881 -98 3
      vertex 135.881 -98 3.8147e-07
    endloop
  endfacet
  facet normal 0 -1 0
    outer loop
      vertex 135 -98 3.8147e-07
      vertex 135.881 -98 3
      vertex 135 -98 3
    endloop
  endfacet
  facet normal 0 -1 -0
    outer loop
      vertex 135.881 -98 3
      vertex 135 -98 3.8147e-07
      vertex 135.881 -98 3.8147e-07
    endloop
  endfacet
  facet normal 0 1 -0
    outer loop
      vertex 135.881 -104.4 3.8147e-07
      vertex 135 -104.4 3
      vertex 135.881 -104.4 3
    endloop
  endfacet
  facet normal 0 1 0
    outer loop
      vertex 135 -104.4 3
      vertex 135.881 -104.4 3.8147e-07
      vertex 135 -104.4 3.8147e-07
    endloop
  endfacet
  facet normal 0.877896 0.478852 7.08844e-18
    outer loop
      vertex 137.081 -57.8 3
      vertex 135.881 -55.6 3.8147e-07
      vertex 135.881 -55.6 3
    endloop
  endfacet
  facet normal 0.877896 0.478852 7.08844e-18
    outer loop
      vertex 135.881 -55.6 3.8147e-07
      vertex 137.081 -57.8 3
      vertex 137.081 -57.8 3.8147e-07
    endloop
  endfacet
  facet normal 0 1 -0
    outer loop
      vertex 141.7 -57.8 3.8147e-07
      vertex 137.081 -57.8 3
      vertex 141.7 -57.8 3
    endloop
  endfacet
  facet normal 0 1 0
    outer loop
      vertex 137.081 -57.8 3
      vertex 141.7 -57.8 3.8147e-07
      vertex 137.081 -57.8 3.8147e-07
    endloop
  endfacet
  facet normal -1 0 0
    outer loop
      vertex 141.7 -57.8 3.8147e-07
      vertex 141.7 -47 3
      vertex 141.7 -47 3.8147e-07
    endloop
  endfacet
  facet normal -1 -0 0
    outer loop
      vertex 141.7 -47 3
      vertex 141.7 -57.8 3.8147e-07
      vertex 141.7 -57.8 3
    endloop
  endfacet
  facet normal 0 -1 0
    outer loop
      vertex 137.081 -47 3.8147e-07
      vertex 141.7 -47 3
      vertex 137.081 -47 3
    endloop
  endfacet
  facet normal 0 -1 -0
    outer loop
      vertex 141.7 -47 3
      vertex 137.081 -47 3.8147e-07
      vertex 141.7 -47 3.8147e-07
    endloop
  endfacet
  facet normal 0.877896 -0.478852 4.72562e-18
    outer loop
      vertex 135.881 -49.2 3
      vertex 137.081 -47 3.8147e-07
      vertex 137.081 -47 3
    endloop
  endfacet
  facet normal 0.877896 -0.478852 4.72562e-18
    outer loop
      vertex 137.081 -47 3.8147e-07
      vertex 135.881 -49.2 3
      vertex 135.881 -49.2 3.8147e-07
    endloop
  endfacet
  facet normal 0 -1 0
    outer loop
      vertex 135 -49.2 3.8147e-07
      vertex 135.881 -49.2 3
      vertex 135 -49.2 3
    endloop
  endfacet
  facet normal 0 -1 -0
    outer loop
      vertex 135.881 -49.2 3
      vertex 135 -49.2 3.8147e-07
      vertex 135.881 -49.2 3.8147e-07
    endloop
  endfacet
  facet normal 0 1 -0
    outer loop
      vertex 135.881 -55.6 3.8147e-07
      vertex 135 -55.6 3
      vertex 135.881 -55.6 3
    endloop
  endfacet
  facet normal 0 1 0
    outer loop
      vertex 135 -55.6 3
      vertex 135.881 -55.6 3.8147e-07
      vertex 135 -55.6 3.8147e-07
    endloop
  endfacet
  facet normal 0.877895 0.478854 1.88874e-17
    outer loop
      vertex 137.081 -8.99999 3
      vertex 135.881 -6.8 3.8147e-07
      vertex 135.881 -6.8 3
    endloop
  endfacet
  facet normal 0.877895 0.478854 1.88874e-17
    outer loop
      vertex 135.881 -6.8 3.8147e-07
      vertex 137.081 -8.99999 3
      vertex 137.081 -8.99999 3.8147e-07
    endloop
  endfacet
  facet normal 0 1 -0
    outer loop
      vertex 141.7 -8.99999 3.8147e-07
      vertex 137.081 -8.99999 3
      vertex 141.7 -8.99999 3
    endloop
  endfacet
  facet normal 0 1 0
    outer loop
      vertex 137.081 -8.99999 3
      vertex 141.7 -8.99999 3.8147e-07
      vertex 137.081 -8.99999 3.8147e-07
    endloop
  endfacet
  facet normal -1 0 0
    outer loop
      vertex 141.7 -8.99999 3.8147e-07
      vertex 141.7 1.79999 3
      vertex 141.7 1.79999 3.8147e-07
    endloop
  endfacet
  facet normal -1 -0 0
    outer loop
      vertex 141.7 1.79999 3
      vertex 141.7 -8.99999 3.8147e-07
      vertex 141.7 -8.99999 3
    endloop
  endfacet
  facet normal 0 -1 0
    outer loop
      vertex 137.081 1.79999 3.8147e-07
      vertex 141.7 1.79999 3
      vertex 137.081 1.79999 3
    endloop
  endfacet
  facet normal 0 -1 -0
    outer loop
      vertex 141.7 1.79999 3
      vertex 137.081 1.79999 3.8147e-07
      vertex 141.7 1.79999 3.8147e-07
    endloop
  endfacet
  facet normal 0.877895 -0.478853 -7.07636e-18
    outer loop
      vertex 135.881 -0.400002 3
      vertex 137.081 1.79999 3.8147e-07
      vertex 137.081 1.79999 3
    endloop
  endfacet
  facet normal 0.877895 -0.478853 -7.07636e-18
    outer loop
      vertex 137.081 1.79999 3.8147e-07
      vertex 135.881 -0.400002 3
      vertex 135.881 -0.400002 3.8147e-07
    endloop
  endfacet
  facet normal 0 -1 0
    outer loop
      vertex 135 -0.400002 3.8147e-07
      vertex 135.881 -0.400002 3
      vertex 135 -0.400002 3
    endloop
  endfacet
  facet normal 0 -1 -0
    outer loop
      vertex 135.881 -0.400002 3
      vertex 135 -0.400002 3.8147e-07
      vertex 135.881 -0.400002 3.8147e-07
    endloop
  endfacet
  facet normal 0 1 -0
    outer loop
      vertex 135.881 -6.8 3.8147e-07
      vertex 135 -6.8 3
      vertex 135.881 -6.8 3
    endloop
  endfacet
  facet normal 0 1 0
    outer loop
      vertex 135 -6.8 3
      vertex 135.881 -6.8 3.8147e-07
      vertex 135 -6.8 3.8147e-07
    endloop
  endfacet
  facet normal 0.877896 0.478852 -4.72562e-18
    outer loop
      vertex 137.081 39.8 3
      vertex 135.881 42 3.8147e-07
      vertex 135.881 42 3
    endloop
  endfacet
  facet normal 0.877896 0.478852 -4.72562e-18
    outer loop
      vertex 135.881 42 3.8147e-07
      vertex 137.081 39.8 3
      vertex 137.081 39.8 3.8147e-07
    endloop
  endfacet
  facet normal 0 1 -0
    outer loop
      vertex 141.7 39.8 3.8147e-07
      vertex 137.081 39.8 3
      vertex 141.7 39.8 3
    endloop
  endfacet
  facet normal 0 1 0
    outer loop
      vertex 137.081 39.8 3
      vertex 141.7 39.8 3.8147e-07
      vertex 137.081 39.8 3.8147e-07
    endloop
  endfacet
  facet normal -1 0 0
    outer loop
      vertex 141.7 39.8 3.8147e-07
      vertex 141.7 50.6 3
      vertex 141.7 50.6 3.8147e-07
    endloop
  endfacet
  facet normal -1 -0 0
    outer loop
      vertex 141.7 50.6 3
      vertex 141.7 39.8 3.8147e-07
      vertex 141.7 39.8 3
    endloop
  endfacet
  facet normal 0 -1 0
    outer loop
      vertex 137.081 50.6 3.8147e-07
      vertex 141.7 50.6 3
      vertex 137.081 50.6 3
    endloop
  endfacet
  facet normal 0 -1 -0
    outer loop
      vertex 141.7 50.6 3
      vertex 137.081 50.6 3.8147e-07
      vertex 141.7 50.6 3.8147e-07
    endloop
  endfacet
  facet normal 0.877896 -0.478852 4.72562e-18
    outer loop
      vertex 135.881 48.4 3
      vertex 137.081 50.6 3.8147e-07
      vertex 137.081 50.6 3
    endloop
  endfacet
  facet normal 0.877896 -0.478852 4.72562e-18
    outer loop
      vertex 137.081 50.6 3.8147e-07
      vertex 135.881 48.4 3
      vertex 135.881 48.4 3.8147e-07
    endloop
  endfacet
  facet normal 0 -1 0
    outer loop
      vertex 135 48.4 3.8147e-07
      vertex 135.881 48.4 3
      vertex 135 48.4 3
    endloop
  endfacet
  facet normal 0 -1 -0
    outer loop
      vertex 135.881 48.4 3
      vertex 135 48.4 3.8147e-07
      vertex 135.881 48.4 3.8147e-07
    endloop
  endfacet
  facet normal 0 1 -0
    outer loop
      vertex 135.881 42 3.8147e-07
      vertex 135 42 3
      vertex 135.881 42 3
    endloop
  endfacet
  facet normal 0 1 0
    outer loop
      vertex 135 42 3
      vertex 135.881 42 3.8147e-07
      vertex 135 42 3.8147e-07
    endloop
  endfacet
endsolid OpenSCAD_Model
