solid OpenSCAD_Model
  facet normal -1 0 0
    outer loop
      vertex 21.7000 183.4000 0.0000
      vertex 21.7000 164.6000 2.9900
      vertex 21.7000 183.4000 3.0000
    endloop
  endfacet
  facet normal -1 0 0
    outer loop
      vertex 21.7000 163.4000 0.0000
      vertex 21.7000 164.6000 2.9900
      vertex 21.7000 183.4000 0.0000
    endloop
  endfacet
  facet normal -1 -0 0
    outer loop
      vertex 21.7000 164.6000 2.9900
      vertex 21.7000 163.4000 0.0000
      vertex 21.7000 163.4000 2.9900
    endloop
  endfacet
  facet normal -1 -0 0
    outer loop
      vertex 21.7000 183.4000 3.0000
      vertex 21.7000 164.6000 2.9900
      vertex 21.7000 164.6000 3.0000
    endloop
  endfacet
  facet normal 1 0 0
    outer loop
      vertex 18.7000 164.6000 2.9900
      vertex 18.7000 183.4000 3.0000
      vertex 18.7000 164.6000 3.0000
    endloop
  endfacet
  facet normal 1 0 0
    outer loop
      vertex 18.7000 183.4000 3.0000
      vertex 18.7000 164.6000 2.9900
      vertex 18.7000 183.4000 0.0000
    endloop
  endfacet
  facet normal 1 0 0
    outer loop
      vertex 18.7000 163.4000 0.0000
      vertex 18.7000 164.6000 2.9900
      vertex 18.7000 163.4000 2.9900
    endloop
  endfacet
  facet normal 1 0 0
    outer loop
      vertex 18.7000 164.6000 2.9900
      vertex 18.7000 163.4000 0.0000
      vertex 18.7000 183.4000 0.0000
    endloop
  endfacet
  facet normal 0 -1 0
    outer loop
      vertex 18.7000 183.4000 0.0000
      vertex 21.7000 183.4000 3.0000
      vertex 18.7000 183.4000 3.0000
    endloop
  endfacet
  facet normal 0 -1 -0
    outer loop
      vertex 21.7000 183.4000 3.0000
      vertex 18.7000 183.4000 0.0000
      vertex 21.7000 183.4000 0.0000
    endloop
  endfacet
  facet normal 0 1 -0
    outer loop
      vertex 21.7000 163.4000 0.0000
      vertex 18.7000 163.4000 2.9900
      vertex 21.7000 163.4000 2.9900
    endloop
  endfacet
  facet normal 0 1 0
    outer loop
      vertex 18.7000 163.4000 2.9900
      vertex 21.7000 163.4000 0.0000
      vertex 18.7000 163.4000 0.0000
    endloop
  endfacet
  facet normal -1 0 0
    outer loop
      vertex 21.7000 207.4000 0.0000
      vertex 21.7000 188.6200 2.9900
      vertex 21.7000 207.4000 3.0000
    endloop
  endfacet
  facet normal -1 0 0
    outer loop
      vertex 21.7000 187.4000 0.0000
      vertex 21.7000 188.6200 2.9900
      vertex 21.7000 207.4000 0.0000
    endloop
  endfacet
  facet normal -1 -0 0
    outer loop
      vertex 21.7000 188.6200 2.9900
      vertex 21.7000 187.4000 0.0000
      vertex 21.7000 187.4000 2.9900
    endloop
  endfacet
  facet normal -1 -0 0
    outer loop
      vertex 21.7000 207.4000 3.0000
      vertex 21.7000 188.6200 2.9900
      vertex 21.7000 188.6200 3.0000
    endloop
  endfacet
  facet normal 1 0 0
    outer loop
      vertex 18.7000 188.6200 2.9900
      vertex 18.7000 207.4000 3.0000
      vertex 18.7000 188.6200 3.0000
    endloop
  endfacet
  facet normal 1 0 0
    outer loop
      vertex 18.7000 207.4000 3.0000
      vertex 18.7000 188.6200 2.9900
      vertex 18.7000 207.4000 0.0000
    endloop
  endfacet
  facet normal 1 0 0
    outer loop
      vertex 18.7000 187.4000 0.0000
      vertex 18.7000 188.6200 2.9900
      vertex 18.7000 187.4000 2.9900
    endloop
  endfacet
  facet normal 1 0 0
    outer loop
      vertex 18.7000 188.6200 2.9900
      vertex 18.7000 187.4000 0.0000
      vertex 18.7000 207.4000 0.0000
    endloop
  endfacet
  facet normal 0 -1 0
    outer loop
      vertex 18.7000 207.4000 0.0000
      vertex 21.7000 207.4000 3.0000
      vertex 18.7000 207.4000 3.0000
    endloop
  endfacet
  facet normal 0 -1 -0
    outer loop
      vertex 21.7000 207.4000 3.0000
      vertex 18.7000 207.4000 0.0000
      vertex 21.7000 207.4000 0.0000
    endloop
  endfacet
  facet normal 0 1 -0
    outer loop
      vertex 21.7000 187.4000 0.0000
      vertex 18.7000 187.4000 2.9900
      vertex 21.7000 187.4000 2.9900
    endloop
  endfacet
  facet normal 0 1 0
    outer loop
      vertex 18.7000 187.4000 2.9900
      vertex 21.7000 187.4000 0.0000
      vertex 18.7000 187.4000 0.0000
    endloop
  endfacet
  facet normal -1 0 0
    outer loop
      vertex 21.7000 211.4000 0.0000
      vertex 21.7000 231.4000 3.0000
      vertex 21.7000 231.4000 0.0000
    endloop
  endfacet
  facet normal -1 -0 0
    outer loop
      vertex 21.7000 231.4000 3.0000
      vertex 21.7000 211.4000 0.0000
      vertex 21.7000 211.4000 3.0000
    endloop
  endfacet
  facet normal 1 -0 0
    outer loop
      vertex 18.7000 211.4000 3.0000
      vertex 18.7000 231.4000 0.0000
      vertex 18.7000 231.4000 3.0000
    endloop
  endfacet
  facet normal 1 0 0
    outer loop
      vertex 18.7000 231.4000 0.0000
      vertex 18.7000 211.4000 3.0000
      vertex 18.7000 211.4000 0.0000
    endloop
  endfacet
  facet normal 0 -1 0
    outer loop
      vertex 18.7000 231.4000 0.0000
      vertex 21.7000 231.4000 3.0000
      vertex 18.7000 231.4000 3.0000
    endloop
  endfacet
  facet normal 0 -1 -0
    outer loop
      vertex 21.7000 231.4000 3.0000
      vertex 18.7000 231.4000 0.0000
      vertex 21.7000 231.4000 0.0000
    endloop
  endfacet
  facet normal 0 1 -0
    outer loop
      vertex 21.7000 211.4000 0.0000
      vertex 18.7000 211.4000 3.0000
      vertex 21.7000 211.4000 3.0000
    endloop
  endfacet
  facet normal 0 1 0
    outer loop
      vertex 18.7000 211.4000 3.0000
      vertex 21.7000 211.4000 0.0000
      vertex 18.7000 211.4000 0.0000
    endloop
  endfacet
  facet normal -1 0 0
    outer loop
      vertex 27.7000 163.4000 0.0000
      vertex 27.7000 183.4000 3.0000
      vertex 27.7000 183.4000 0.0000
    endloop
  endfacet
  facet normal -1 -0 0
    outer loop
      vertex 27.7000 183.4000 3.0000
      vertex 27.7000 163.4000 0.0000
      vertex 27.7000 163.4000 3.0000
    endloop
  endfacet
  facet normal 1 0 0
    outer loop
      vertex 24.7000 164.6000 2.9900
      vertex 24.7000 183.4000 3.0000
      vertex 24.7000 164.6000 3.0000
    endloop
  endfacet
  facet normal 1 0 0
    outer loop
      vertex 24.7000 183.4000 3.0000
      vertex 24.7000 164.6000 2.9900
      vertex 24.7000 183.4000 0.0000
    endloop
  endfacet
  facet normal 1 0 0
    outer loop
      vertex 24.7000 163.4000 0.0000
      vertex 24.7000 164.6000 2.9900
      vertex 24.7000 163.4000 2.9900
    endloop
  endfacet
  facet normal 1 0 0
    outer loop
      vertex 24.7000 164.6000 2.9900
      vertex 24.7000 163.4000 0.0000
      vertex 24.7000 183.4000 0.0000
    endloop
  endfacet
  facet normal 0 -1 0
    outer loop
      vertex 24.7000 183.4000 0.0000
      vertex 27.7000 183.4000 3.0000
      vertex 24.7000 183.4000 3.0000
    endloop
  endfacet
  facet normal 0 -1 -0
    outer loop
      vertex 27.7000 183.4000 3.0000
      vertex 24.7000 183.4000 0.0000
      vertex 27.7000 183.4000 0.0000
    endloop
  endfacet
  facet normal 0 1 0
    outer loop
      vertex 27.7000 163.4000 3.0000
      vertex 25.7000 163.4000 2.9900
      vertex 25.7000 163.4000 3.0000
    endloop
  endfacet
  facet normal 0 1 -0
    outer loop
      vertex 27.7000 163.4000 0.0000
      vertex 25.7000 163.4000 2.9900
      vertex 27.7000 163.4000 3.0000
    endloop
  endfacet
  facet normal 0 1 0
    outer loop
      vertex 24.7000 163.4000 0.0000
      vertex 25.7000 163.4000 2.9900
      vertex 27.7000 163.4000 0.0000
    endloop
  endfacet
  facet normal 0 1 0
    outer loop
      vertex 25.7000 163.4000 2.9900
      vertex 24.7000 163.4000 0.0000
      vertex 24.7000 163.4000 2.9900
    endloop
  endfacet
  facet normal -1 0 0
    outer loop
      vertex 27.7000 187.4000 0.0000
      vertex 27.7000 207.4000 3.0000
      vertex 27.7000 207.4000 0.0000
    endloop
  endfacet
  facet normal -1 -0 0
    outer loop
      vertex 27.7000 207.4000 3.0000
      vertex 27.7000 187.4000 0.0000
      vertex 27.7000 187.4000 3.0000
    endloop
  endfacet
  facet normal 1 -0 0
    outer loop
      vertex 24.7000 187.4000 3.0000
      vertex 24.7000 207.4000 0.0000
      vertex 24.7000 207.4000 3.0000
    endloop
  endfacet
  facet normal 1 0 0
    outer loop
      vertex 24.7000 207.4000 0.0000
      vertex 24.7000 187.4000 3.0000
      vertex 24.7000 187.4000 0.0000
    endloop
  endfacet
  facet normal 0 -1 0
    outer loop
      vertex 24.7000 207.4000 0.0000
      vertex 27.7000 207.4000 3.0000
      vertex 24.7000 207.4000 3.0000
    endloop
  endfacet
  facet normal 0 -1 -0
    outer loop
      vertex 27.7000 207.4000 3.0000
      vertex 24.7000 207.4000 0.0000
      vertex 27.7000 207.4000 0.0000
    endloop
  endfacet
  facet normal 0 1 -0
    outer loop
      vertex 27.7000 187.4000 0.0000
      vertex 24.7000 187.4000 3.0000
      vertex 27.7000 187.4000 3.0000
    endloop
  endfacet
  facet normal 0 1 0
    outer loop
      vertex 24.7000 187.4000 3.0000
      vertex 27.7000 187.4000 0.0000
      vertex 24.7000 187.4000 0.0000
    endloop
  endfacet
  facet normal -1 0 0
    outer loop
      vertex 27.7000 211.4000 0.0000
      vertex 27.7000 231.4000 3.0000
      vertex 27.7000 231.4000 0.0000
    endloop
  endfacet
  facet normal -1 -0 0
    outer loop
      vertex 27.7000 231.4000 3.0000
      vertex 27.7000 211.4000 0.0000
      vertex 27.7000 211.4000 3.0000
    endloop
  endfacet
  facet normal 1 -0 0
    outer loop
      vertex 24.7000 211.4000 3.0000
      vertex 24.7000 231.4000 0.0000
      vertex 24.7000 231.4000 3.0000
    endloop
  endfacet
  facet normal 1 0 0
    outer loop
      vertex 24.7000 231.4000 0.0000
      vertex 24.7000 211.4000 3.0000
      vertex 24.7000 211.4000 0.0000
    endloop
  endfacet
  facet normal 0 -1 0
    outer loop
      vertex 24.7000 231.4000 0.0000
      vertex 27.7000 231.4000 3.0000
      vertex 24.7000 231.4000 3.0000
    endloop
  endfacet
  facet normal 0 -1 -0
    outer loop
      vertex 27.7000 231.4000 3.0000
      vertex 24.7000 231.4000 0.0000
      vertex 27.7000 231.4000 0.0000
    endloop
  endfacet
  facet normal 0 1 -0
    outer loop
      vertex 27.7000 211.4000 0.0000
      vertex 24.7000 211.4000 3.0000
      vertex 27.7000 211.4000 3.0000
    endloop
  endfacet
  facet normal 0 1 0
    outer loop
      vertex 24.7000 211.4000 3.0000
      vertex 27.7000 211.4000 0.0000
      vertex 24.7000 211.4000 0.0000
    endloop
  endfacet
  facet normal -1 0 0
    outer loop
      vertex 33.7000 163.4000 0.0000
      vertex 33.7000 183.4000 3.0000
      vertex 33.7000 183.4000 0.0000
    endloop
  endfacet
  facet normal -1 -0 0
    outer loop
      vertex 33.7000 183.4000 3.0000
      vertex 33.7000 163.4000 0.0000
      vertex 33.7000 163.4000 3.0000
    endloop
  endfacet
  facet normal 1 -0 0
    outer loop
      vertex 30.7000 163.4000 3.0000
      vertex 30.7000 183.4000 0.0000
      vertex 30.7000 183.4000 3.0000
    endloop
  endfacet
  facet normal 1 0 0
    outer loop
      vertex 30.7000 183.4000 0.0000
      vertex 30.7000 163.4000 3.0000
      vertex 30.7000 163.4000 0.0000
    endloop
  endfacet
  facet normal 0 -1 0
    outer loop
      vertex 30.7000 183.4000 0.0000
      vertex 33.7000 183.4000 3.0000
      vertex 30.7000 183.4000 3.0000
    endloop
  endfacet
  facet normal 0 -1 -0
    outer loop
      vertex 33.7000 183.4000 3.0000
      vertex 30.7000 183.4000 0.0000
      vertex 33.7000 183.4000 0.0000
    endloop
  endfacet
  facet normal 0 1 -0
    outer loop
      vertex 33.7000 163.4000 0.0000
      vertex 30.7000 163.4000 3.0000
      vertex 33.7000 163.4000 3.0000
    endloop
  endfacet
  facet normal 0 1 0
    outer loop
      vertex 30.7000 163.4000 3.0000
      vertex 33.7000 163.4000 0.0000
      vertex 30.7000 163.4000 0.0000
    endloop
  endfacet
  facet normal -1 0 0
    outer loop
      vertex 33.7000 187.4000 0.0000
      vertex 33.7000 207.4000 3.0000
      vertex 33.7000 207.4000 0.0000
    endloop
  endfacet
  facet normal -1 -0 0
    outer loop
      vertex 33.7000 207.4000 3.0000
      vertex 33.7000 187.4000 0.0000
      vertex 33.7000 187.4000 3.0000
    endloop
  endfacet
  facet normal 1 -0 0
    outer loop
      vertex 30.7000 187.4000 3.0000
      vertex 30.7000 207.4000 0.0000
      vertex 30.7000 207.4000 3.0000
    endloop
  endfacet
  facet normal 1 0 0
    outer loop
      vertex 30.7000 207.4000 0.0000
      vertex 30.7000 187.4000 3.0000
      vertex 30.7000 187.4000 0.0000
    endloop
  endfacet
  facet normal 0 -1 0
    outer loop
      vertex 30.7000 207.4000 0.0000
      vertex 33.7000 207.4000 3.0000
      vertex 30.7000 207.4000 3.0000
    endloop
  endfacet
  facet normal 0 -1 -0
    outer loop
      vertex 33.7000 207.4000 3.0000
      vertex 30.7000 207.4000 0.0000
      vertex 33.7000 207.4000 0.0000
    endloop
  endfacet
  facet normal 0 1 -0
    outer loop
      vertex 33.7000 187.4000 0.0000
      vertex 30.7000 187.4000 3.0000
      vertex 33.7000 187.4000 3.0000
    endloop
  endfacet
  facet normal 0 1 0
    outer loop
      vertex 30.7000 187.4000 3.0000
      vertex 33.7000 187.4000 0.0000
      vertex 30.7000 187.4000 0.0000
    endloop
  endfacet
  facet normal -1 0 0
    outer loop
      vertex 33.7000 211.4000 0.0000
      vertex 33.7000 231.4000 3.0000
      vertex 33.7000 231.4000 0.0000
    endloop
  endfacet
  facet normal -1 -0 0
    outer loop
      vertex 33.7000 231.4000 3.0000
      vertex 33.7000 211.4000 0.0000
      vertex 33.7000 211.4000 3.0000
    endloop
  endfacet
  facet normal 1 -0 0
    outer loop
      vertex 30.7000 211.4000 3.0000
      vertex 30.7000 231.4000 0.0000
      vertex 30.7000 231.4000 3.0000
    endloop
  endfacet
  facet normal 1 0 0
    outer loop
      vertex 30.7000 231.4000 0.0000
      vertex 30.7000 211.4000 3.0000
      vertex 30.7000 211.4000 0.0000
    endloop
  endfacet
  facet normal 0 -1 0
    outer loop
      vertex 30.7000 231.4000 0.0000
      vertex 33.7000 231.4000 3.0000
      vertex 30.7000 231.4000 3.0000
    endloop
  endfacet
  facet normal 0 -1 -0
    outer loop
      vertex 33.7000 231.4000 3.0000
      vertex 30.7000 231.4000 0.0000
      vertex 33.7000 231.4000 0.0000
    endloop
  endfacet
  facet normal 0 1 -0
    outer loop
      vertex 33.7000 211.4000 0.0000
      vertex 30.7000 211.4000 3.0000
      vertex 33.7000 211.4000 3.0000
    endloop
  endfacet
  facet normal 0 1 0
    outer loop
      vertex 30.7000 211.4000 3.0000
      vertex 33.7000 211.4000 0.0000
      vertex 30.7000 211.4000 0.0000
    endloop
  endfacet
  facet normal -1 0 0
    outer loop
      vertex 39.7000 183.4000 0.0000
      vertex 39.7000 166.9000 2.9900
      vertex 39.7000 183.4000 3.0000
    endloop
  endfacet
  facet normal -1 0 0
    outer loop
      vertex 39.7000 163.4000 0.0000
      vertex 39.7000 166.9000 2.9900
      vertex 39.7000 183.4000 0.0000
    endloop
  endfacet
  facet normal -1 -0 0
    outer loop
      vertex 39.7000 166.9000 2.9900
      vertex 39.7000 163.4000 0.0000
      vertex 39.7000 163.9000 2.9900
    endloop
  endfacet
  facet normal -1 0 0
    outer loop
      vertex 39.7000 163.4000 3.0000
      vertex 39.7000 163.9000 2.9900
      vertex 39.7000 163.4000 0.0000
    endloop
  endfacet
  facet normal -1 0 0
    outer loop
      vertex 39.7000 163.9000 2.9900
      vertex 39.7000 163.4000 3.0000
      vertex 39.7000 163.9000 3.0000
    endloop
  endfacet
  facet normal -1 -0 0
    outer loop
      vertex 39.7000 183.4000 3.0000
      vertex 39.7000 166.9000 2.9900
      vertex 39.7000 166.9000 3.0000
    endloop
  endfacet
  facet normal 1 0 0
    outer loop
      vertex 36.7000 163.9000 3.0000
      vertex 36.7000 163.4000 3.0000
      vertex 36.7000 163.9000 2.9900
    endloop
  endfacet
  facet normal 1 0 0
    outer loop
      vertex 36.7000 166.9000 2.9900
      vertex 36.7000 183.4000 3.0000
      vertex 36.7000 166.9000 3.0000
    endloop
  endfacet
  facet normal 1 0 0
    outer loop
      vertex 36.7000 183.4000 3.0000
      vertex 36.7000 166.9000 2.9900
      vertex 36.7000 183.4000 0.0000
    endloop
  endfacet
  facet normal 1 0 0
    outer loop
      vertex 36.7000 163.4000 0.0000
      vertex 36.7000 166.9000 2.9900
      vertex 36.7000 163.9000 2.9900
    endloop
  endfacet
  facet normal 1 0 0
    outer loop
      vertex 36.7000 163.4000 0.0000
      vertex 36.7000 163.9000 2.9900
      vertex 36.7000 163.4000 3.0000
    endloop
  endfacet
  facet normal 1 0 0
    outer loop
      vertex 36.7000 166.9000 2.9900
      vertex 36.7000 163.4000 0.0000
      vertex 36.7000 183.4000 0.0000
    endloop
  endfacet
  facet normal -1 0 0
    outer loop
      vertex 36.7000 163.9000 3.0000
      vertex 36.7000 166.9000 44.0000
      vertex 36.7000 166.9000 3.0000
    endloop
  endfacet
  facet normal -1 -0 0
    outer loop
      vertex 36.7000 166.9000 44.0000
      vertex 36.7000 163.9000 3.0000
      vertex 36.7000 163.9000 44.0000
    endloop
  endfacet
  facet normal 0 -1 0
    outer loop
      vertex 36.7000 183.4000 0.0000
      vertex 39.7000 183.4000 3.0000
      vertex 36.7000 183.4000 3.0000
    endloop
  endfacet
  facet normal 0 -1 -0
    outer loop
      vertex 39.7000 183.4000 3.0000
      vertex 36.7000 183.4000 0.0000
      vertex 39.7000 183.4000 0.0000
    endloop
  endfacet
  facet normal 0 1 -0
    outer loop
      vertex 39.7000 163.4000 0.0000
      vertex 36.7000 163.4000 3.0000
      vertex 39.7000 163.4000 3.0000
    endloop
  endfacet
  facet normal 0 1 0
    outer loop
      vertex 36.7000 163.4000 3.0000
      vertex 39.7000 163.4000 0.0000
      vertex 36.7000 163.4000 0.0000
    endloop
  endfacet
  facet normal -1 0 0
    outer loop
      vertex 39.7000 187.4000 0.0000
      vertex 39.7000 207.4000 3.0000
      vertex 39.7000 207.4000 0.0000
    endloop
  endfacet
  facet normal -1 -0 0
    outer loop
      vertex 39.7000 207.4000 3.0000
      vertex 39.7000 187.4000 0.0000
      vertex 39.7000 187.4000 3.0000
    endloop
  endfacet
  facet normal 1 -0 0
    outer loop
      vertex 36.7000 187.4000 3.0000
      vertex 36.7000 207.4000 0.0000
      vertex 36.7000 207.4000 3.0000
    endloop
  endfacet
  facet normal 1 0 0
    outer loop
      vertex 36.7000 207.4000 0.0000
      vertex 36.7000 187.4000 3.0000
      vertex 36.7000 187.4000 0.0000
    endloop
  endfacet
  facet normal 0 -1 0
    outer loop
      vertex 36.7000 207.4000 0.0000
      vertex 39.7000 207.4000 3.0000
      vertex 36.7000 207.4000 3.0000
    endloop
  endfacet
  facet normal 0 -1 -0
    outer loop
      vertex 39.7000 207.4000 3.0000
      vertex 36.7000 207.4000 0.0000
      vertex 39.7000 207.4000 0.0000
    endloop
  endfacet
  facet normal 0 1 -0
    outer loop
      vertex 39.7000 187.4000 0.0000
      vertex 36.7000 187.4000 3.0000
      vertex 39.7000 187.4000 3.0000
    endloop
  endfacet
  facet normal 0 1 0
    outer loop
      vertex 36.7000 187.4000 3.0000
      vertex 39.7000 187.4000 0.0000
      vertex 36.7000 187.4000 0.0000
    endloop
  endfacet
  facet normal -1 0 0
    outer loop
      vertex 39.7000 231.4000 0.0000
      vertex 39.7000 213.1000 2.9900
      vertex 39.7000 231.4000 3.0000
    endloop
  endfacet
  facet normal -1 0 0
    outer loop
      vertex 39.7000 211.4000 0.0000
      vertex 39.7000 213.1000 2.9900
      vertex 39.7000 231.4000 0.0000
    endloop
  endfacet
  facet normal -1 -0 0
    outer loop
      vertex 39.7000 213.1000 2.9900
      vertex 39.7000 211.4000 0.0000
      vertex 39.7000 211.4000 2.9900
    endloop
  endfacet
  facet normal -1 -0 0
    outer loop
      vertex 39.7000 231.4000 3.0000
      vertex 39.7000 213.1000 2.9900
      vertex 39.7000 213.1000 3.0000
    endloop
  endfacet
  facet normal 1 0 0
    outer loop
      vertex 36.7000 213.1000 2.9900
      vertex 36.7000 231.4000 3.0000
      vertex 36.7000 213.1000 3.0000
    endloop
  endfacet
  facet normal 1 0 0
    outer loop
      vertex 36.7000 231.4000 3.0000
      vertex 36.7000 213.1000 2.9900
      vertex 36.7000 231.4000 0.0000
    endloop
  endfacet
  facet normal 1 0 0
    outer loop
      vertex 36.7000 211.4000 0.0000
      vertex 36.7000 213.1000 2.9900
      vertex 36.7000 211.4000 2.9900
    endloop
  endfacet
  facet normal 1 0 0
    outer loop
      vertex 36.7000 213.1000 2.9900
      vertex 36.7000 211.4000 0.0000
      vertex 36.7000 231.4000 0.0000
    endloop
  endfacet
  facet normal -1 0 0
    outer loop
      vertex 36.7000 210.1000 3.0000
      vertex 36.7000 213.1000 44.0000
      vertex 36.7000 213.1000 3.0000
    endloop
  endfacet
  facet normal -1 -0 0
    outer loop
      vertex 36.7000 213.1000 44.0000
      vertex 36.7000 210.1000 3.0000
      vertex 36.7000 210.1000 44.0000
    endloop
  endfacet
  facet normal 0 -1 0
    outer loop
      vertex 36.7000 231.4000 0.0000
      vertex 39.7000 231.4000 3.0000
      vertex 36.7000 231.4000 3.0000
    endloop
  endfacet
  facet normal 0 -1 -0
    outer loop
      vertex 39.7000 231.4000 3.0000
      vertex 36.7000 231.4000 0.0000
      vertex 39.7000 231.4000 0.0000
    endloop
  endfacet
  facet normal 0 1 -0
    outer loop
      vertex 39.7000 211.4000 0.0000
      vertex 36.7000 211.4000 2.9900
      vertex 39.7000 211.4000 2.9900
    endloop
  endfacet
  facet normal 0 1 0
    outer loop
      vertex 36.7000 211.4000 2.9900
      vertex 39.7000 211.4000 0.0000
      vertex 36.7000 211.4000 0.0000
    endloop
  endfacet
  facet normal -1 0 0
    outer loop
      vertex 45.7000 183.4000 0.0000
      vertex 45.7000 166.9000 2.9900
      vertex 45.7000 183.4000 3.0000
    endloop
  endfacet
  facet normal -1 0 0
    outer loop
      vertex 45.7000 163.4000 0.0000
      vertex 45.7000 166.9000 2.9900
      vertex 45.7000 183.4000 0.0000
    endloop
  endfacet
  facet normal -1 -0 0
    outer loop
      vertex 45.7000 166.9000 2.9900
      vertex 45.7000 163.4000 0.0000
      vertex 45.7000 163.9000 2.9900
    endloop
  endfacet
  facet normal -1 0 0
    outer loop
      vertex 45.7000 163.4000 3.0000
      vertex 45.7000 163.9000 2.9900
      vertex 45.7000 163.4000 0.0000
    endloop
  endfacet
  facet normal -1 0 0
    outer loop
      vertex 45.7000 163.9000 2.9900
      vertex 45.7000 163.4000 3.0000
      vertex 45.7000 163.9000 3.0000
    endloop
  endfacet
  facet normal -1 -0 0
    outer loop
      vertex 45.7000 183.4000 3.0000
      vertex 45.7000 166.9000 2.9900
      vertex 45.7000 166.9000 3.0000
    endloop
  endfacet
  facet normal 1 0 0
    outer loop
      vertex 42.7000 163.9000 3.0000
      vertex 42.7000 163.4000 3.0000
      vertex 42.7000 163.9000 2.9900
    endloop
  endfacet
  facet normal 1 0 0
    outer loop
      vertex 42.7000 166.9000 2.9900
      vertex 42.7000 183.4000 3.0000
      vertex 42.7000 166.9000 3.0000
    endloop
  endfacet
  facet normal 1 0 0
    outer loop
      vertex 42.7000 183.4000 3.0000
      vertex 42.7000 166.9000 2.9900
      vertex 42.7000 183.4000 0.0000
    endloop
  endfacet
  facet normal 1 0 0
    outer loop
      vertex 42.7000 163.4000 0.0000
      vertex 42.7000 166.9000 2.9900
      vertex 42.7000 163.9000 2.9900
    endloop
  endfacet
  facet normal 1 0 0
    outer loop
      vertex 42.7000 163.4000 0.0000
      vertex 42.7000 163.9000 2.9900
      vertex 42.7000 163.4000 3.0000
    endloop
  endfacet
  facet normal 1 0 0
    outer loop
      vertex 42.7000 166.9000 2.9900
      vertex 42.7000 163.4000 0.0000
      vertex 42.7000 183.4000 0.0000
    endloop
  endfacet
  facet normal 0 -1 0
    outer loop
      vertex 42.7000 183.4000 0.0000
      vertex 45.7000 183.4000 3.0000
      vertex 42.7000 183.4000 3.0000
    endloop
  endfacet
  facet normal 0 -1 -0
    outer loop
      vertex 45.7000 183.4000 3.0000
      vertex 42.7000 183.4000 0.0000
      vertex 45.7000 183.4000 0.0000
    endloop
  endfacet
  facet normal 0 1 -0
    outer loop
      vertex 45.7000 163.4000 0.0000
      vertex 42.7000 163.4000 3.0000
      vertex 45.7000 163.4000 3.0000
    endloop
  endfacet
  facet normal 0 1 0
    outer loop
      vertex 42.7000 163.4000 3.0000
      vertex 45.7000 163.4000 0.0000
      vertex 42.7000 163.4000 0.0000
    endloop
  endfacet
  facet normal -1 0 0
    outer loop
      vertex 45.7000 187.4000 0.0000
      vertex 45.7000 207.4000 3.0000
      vertex 45.7000 207.4000 0.0000
    endloop
  endfacet
  facet normal -1 -0 0
    outer loop
      vertex 45.7000 207.4000 3.0000
      vertex 45.7000 187.4000 0.0000
      vertex 45.7000 187.4000 3.0000
    endloop
  endfacet
  facet normal 1 -0 0
    outer loop
      vertex 42.7000 187.4000 3.0000
      vertex 42.7000 207.4000 0.0000
      vertex 42.7000 207.4000 3.0000
    endloop
  endfacet
  facet normal 1 0 0
    outer loop
      vertex 42.7000 207.4000 0.0000
      vertex 42.7000 187.4000 3.0000
      vertex 42.7000 187.4000 0.0000
    endloop
  endfacet
  facet normal 0 -1 0
    outer loop
      vertex 42.7000 207.4000 0.0000
      vertex 45.7000 207.4000 3.0000
      vertex 42.7000 207.4000 3.0000
    endloop
  endfacet
  facet normal 0 -1 -0
    outer loop
      vertex 45.7000 207.4000 3.0000
      vertex 42.7000 207.4000 0.0000
      vertex 45.7000 207.4000 0.0000
    endloop
  endfacet
  facet normal 0 1 -0
    outer loop
      vertex 45.7000 187.4000 0.0000
      vertex 42.7000 187.4000 3.0000
      vertex 45.7000 187.4000 3.0000
    endloop
  endfacet
  facet normal 0 1 0
    outer loop
      vertex 42.7000 187.4000 3.0000
      vertex 45.7000 187.4000 0.0000
      vertex 42.7000 187.4000 0.0000
    endloop
  endfacet
  facet normal -1 0 0
    outer loop
      vertex 45.7000 231.4000 0.0000
      vertex 45.7000 213.1000 2.9900
      vertex 45.7000 231.4000 3.0000
    endloop
  endfacet
  facet normal -1 0 0
    outer loop
      vertex 45.7000 211.4000 0.0000
      vertex 45.7000 213.1000 2.9900
      vertex 45.7000 231.4000 0.0000
    endloop
  endfacet
  facet normal -1 -0 0
    outer loop
      vertex 45.7000 213.1000 2.9900
      vertex 45.7000 211.4000 0.0000
      vertex 45.7000 211.4000 2.9900
    endloop
  endfacet
  facet normal -1 -0 0
    outer loop
      vertex 45.7000 231.4000 3.0000
      vertex 45.7000 213.1000 2.9900
      vertex 45.7000 213.1000 3.0000
    endloop
  endfacet
  facet normal 1 0 0
    outer loop
      vertex 42.7000 213.1000 2.9900
      vertex 42.7000 231.4000 3.0000
      vertex 42.7000 213.1000 3.0000
    endloop
  endfacet
  facet normal 1 0 0
    outer loop
      vertex 42.7000 231.4000 3.0000
      vertex 42.7000 213.1000 2.9900
      vertex 42.7000 231.4000 0.0000
    endloop
  endfacet
  facet normal 1 0 0
    outer loop
      vertex 42.7000 211.4000 0.0000
      vertex 42.7000 213.1000 2.9900
      vertex 42.7000 211.4000 2.9900
    endloop
  endfacet
  facet normal 1 0 0
    outer loop
      vertex 42.7000 213.1000 2.9900
      vertex 42.7000 211.4000 0.0000
      vertex 42.7000 231.4000 0.0000
    endloop
  endfacet
  facet normal 0 -1 0
    outer loop
      vertex 42.7000 231.4000 0.0000
      vertex 45.7000 231.4000 3.0000
      vertex 42.7000 231.4000 3.0000
    endloop
  endfacet
  facet normal 0 -1 -0
    outer loop
      vertex 45.7000 231.4000 3.0000
      vertex 42.7000 231.4000 0.0000
      vertex 45.7000 231.4000 0.0000
    endloop
  endfacet
  facet normal 0 1 -0
    outer loop
      vertex 45.7000 211.4000 0.0000
      vertex 42.7000 211.4000 2.9900
      vertex 45.7000 211.4000 2.9900
    endloop
  endfacet
  facet normal 0 1 0
    outer loop
      vertex 42.7000 211.4000 2.9900
      vertex 45.7000 211.4000 0.0000
      vertex 42.7000 211.4000 0.0000
    endloop
  endfacet
  facet normal -1 0 0
    outer loop
      vertex 51.7000 183.4000 0.0000
      vertex 51.7000 166.9000 2.9900
      vertex 51.7000 183.4000 3.0000
    endloop
  endfacet
  facet normal -1 0 0
    outer loop
      vertex 51.7000 163.4000 0.0000
      vertex 51.7000 166.9000 2.9900
      vertex 51.7000 183.4000 0.0000
    endloop
  endfacet
  facet normal -1 -0 0
    outer loop
      vertex 51.7000 166.9000 2.9900
      vertex 51.7000 163.4000 0.0000
      vertex 51.7000 163.9000 2.9900
    endloop
  endfacet
  facet normal -1 0 0
    outer loop
      vertex 51.7000 163.4000 3.0000
      vertex 51.7000 163.9000 2.9900
      vertex 51.7000 163.4000 0.0000
    endloop
  endfacet
  facet normal -1 0 0
    outer loop
      vertex 51.7000 163.9000 2.9900
      vertex 51.7000 163.4000 3.0000
      vertex 51.7000 163.9000 3.0000
    endloop
  endfacet
  facet normal -1 -0 0
    outer loop
      vertex 51.7000 183.4000 3.0000
      vertex 51.7000 166.9000 2.9900
      vertex 51.7000 166.9000 3.0000
    endloop
  endfacet
  facet normal 1 0 0
    outer loop
      vertex 48.7000 163.9000 3.0000
      vertex 48.7000 163.4000 3.0000
      vertex 48.7000 163.9000 2.9900
    endloop
  endfacet
  facet normal 1 0 0
    outer loop
      vertex 48.7000 166.9000 2.9900
      vertex 48.7000 183.4000 3.0000
      vertex 48.7000 166.9000 3.0000
    endloop
  endfacet
  facet normal 1 0 0
    outer loop
      vertex 48.7000 183.4000 3.0000
      vertex 48.7000 166.9000 2.9900
      vertex 48.7000 183.4000 0.0000
    endloop
  endfacet
  facet normal 1 0 0
    outer loop
      vertex 48.7000 163.4000 0.0000
      vertex 48.7000 166.9000 2.9900
      vertex 48.7000 163.9000 2.9900
    endloop
  endfacet
  facet normal 1 0 0
    outer loop
      vertex 48.7000 163.4000 0.0000
      vertex 48.7000 163.9000 2.9900
      vertex 48.7000 163.4000 3.0000
    endloop
  endfacet
  facet normal 1 0 0
    outer loop
      vertex 48.7000 166.9000 2.9900
      vertex 48.7000 163.4000 0.0000
      vertex 48.7000 183.4000 0.0000
    endloop
  endfacet
  facet normal 0 -1 0
    outer loop
      vertex 48.7000 183.4000 0.0000
      vertex 51.7000 183.4000 3.0000
      vertex 48.7000 183.4000 3.0000
    endloop
  endfacet
  facet normal 0 -1 -0
    outer loop
      vertex 51.7000 183.4000 3.0000
      vertex 48.7000 183.4000 0.0000
      vertex 51.7000 183.4000 0.0000
    endloop
  endfacet
  facet normal 0 1 -0
    outer loop
      vertex 51.7000 163.4000 0.0000
      vertex 48.7000 163.4000 3.0000
      vertex 51.7000 163.4000 3.0000
    endloop
  endfacet
  facet normal 0 1 0
    outer loop
      vertex 48.7000 163.4000 3.0000
      vertex 51.7000 163.4000 0.0000
      vertex 48.7000 163.4000 0.0000
    endloop
  endfacet
  facet normal -1 0 0
    outer loop
      vertex 51.7000 187.4000 0.0000
      vertex 51.7000 207.4000 3.0000
      vertex 51.7000 207.4000 0.0000
    endloop
  endfacet
  facet normal -1 -0 0
    outer loop
      vertex 51.7000 207.4000 3.0000
      vertex 51.7000 187.4000 0.0000
      vertex 51.7000 187.4000 3.0000
    endloop
  endfacet
  facet normal 1 -0 0
    outer loop
      vertex 48.7000 187.4000 3.0000
      vertex 48.7000 207.4000 0.0000
      vertex 48.7000 207.4000 3.0000
    endloop
  endfacet
  facet normal 1 0 0
    outer loop
      vertex 48.7000 207.4000 0.0000
      vertex 48.7000 187.4000 3.0000
      vertex 48.7000 187.4000 0.0000
    endloop
  endfacet
  facet normal 0 -1 0
    outer loop
      vertex 48.7000 207.4000 0.0000
      vertex 51.7000 207.4000 3.0000
      vertex 48.7000 207.4000 3.0000
    endloop
  endfacet
  facet normal 0 -1 -0
    outer loop
      vertex 51.7000 207.4000 3.0000
      vertex 48.7000 207.4000 0.0000
      vertex 51.7000 207.4000 0.0000
    endloop
  endfacet
  facet normal 0 1 -0
    outer loop
      vertex 51.7000 187.4000 0.0000
      vertex 48.7000 187.4000 3.0000
      vertex 51.7000 187.4000 3.0000
    endloop
  endfacet
  facet normal 0 1 0
    outer loop
      vertex 48.7000 187.4000 3.0000
      vertex 51.7000 187.4000 0.0000
      vertex 48.7000 187.4000 0.0000
    endloop
  endfacet
  facet normal -1 0 0
    outer loop
      vertex 51.7000 231.4000 0.0000
      vertex 51.7000 213.1000 2.9900
      vertex 51.7000 231.4000 3.0000
    endloop
  endfacet
  facet normal -1 0 0
    outer loop
      vertex 51.7000 211.4000 0.0000
      vertex 51.7000 213.1000 2.9900
      vertex 51.7000 231.4000 0.0000
    endloop
  endfacet
  facet normal -1 -0 0
    outer loop
      vertex 51.7000 213.1000 2.9900
      vertex 51.7000 211.4000 0.0000
      vertex 51.7000 211.4000 2.9900
    endloop
  endfacet
  facet normal -1 -0 0
    outer loop
      vertex 51.7000 231.4000 3.0000
      vertex 51.7000 213.1000 2.9900
      vertex 51.7000 213.1000 3.0000
    endloop
  endfacet
  facet normal 1 0 0
    outer loop
      vertex 48.7000 213.1000 2.9900
      vertex 48.7000 231.4000 3.0000
      vertex 48.7000 213.1000 3.0000
    endloop
  endfacet
  facet normal 1 0 0
    outer loop
      vertex 48.7000 231.4000 3.0000
      vertex 48.7000 213.1000 2.9900
      vertex 48.7000 231.4000 0.0000
    endloop
  endfacet
  facet normal 1 0 0
    outer loop
      vertex 48.7000 211.4000 0.0000
      vertex 48.7000 213.1000 2.9900
      vertex 48.7000 211.4000 2.9900
    endloop
  endfacet
  facet normal 1 0 0
    outer loop
      vertex 48.7000 213.1000 2.9900
      vertex 48.7000 211.4000 0.0000
      vertex 48.7000 231.4000 0.0000
    endloop
  endfacet
  facet normal 0 -1 0
    outer loop
      vertex 48.7000 231.4000 0.0000
      vertex 51.7000 231.4000 3.0000
      vertex 48.7000 231.4000 3.0000
    endloop
  endfacet
  facet normal 0 -1 -0
    outer loop
      vertex 51.7000 231.4000 3.0000
      vertex 48.7000 231.4000 0.0000
      vertex 51.7000 231.4000 0.0000
    endloop
  endfacet
  facet normal 0 1 -0
    outer loop
      vertex 51.7000 211.4000 0.0000
      vertex 48.7000 211.4000 2.9900
      vertex 51.7000 211.4000 2.9900
    endloop
  endfacet
  facet normal 0 1 0
    outer loop
      vertex 48.7000 211.4000 2.9900
      vertex 51.7000 211.4000 0.0000
      vertex 48.7000 211.4000 0.0000
    endloop
  endfacet
  facet normal -1 0 0
    outer loop
      vertex 57.7000 183.4000 0.0000
      vertex 57.7000 166.9000 2.9900
      vertex 57.7000 183.4000 3.0000
    endloop
  endfacet
  facet normal -1 0 0
    outer loop
      vertex 57.7000 163.4000 0.0000
      vertex 57.7000 166.9000 2.9900
      vertex 57.7000 183.4000 0.0000
    endloop
  endfacet
  facet normal -1 -0 0
    outer loop
      vertex 57.7000 166.9000 2.9900
      vertex 57.7000 163.4000 0.0000
      vertex 57.7000 163.9000 2.9900
    endloop
  endfacet
  facet normal -1 0 0
    outer loop
      vertex 57.7000 163.4000 3.0000
      vertex 57.7000 163.9000 2.9900
      vertex 57.7000 163.4000 0.0000
    endloop
  endfacet
  facet normal -1 0 0
    outer loop
      vertex 57.7000 163.9000 2.9900
      vertex 57.7000 163.4000 3.0000
      vertex 57.7000 163.9000 3.0000
    endloop
  endfacet
  facet normal -1 -0 0
    outer loop
      vertex 57.7000 183.4000 3.0000
      vertex 57.7000 166.9000 2.9900
      vertex 57.7000 166.9000 3.0000
    endloop
  endfacet
  facet normal 1 0 0
    outer loop
      vertex 54.7000 163.9000 3.0000
      vertex 54.7000 163.4000 3.0000
      vertex 54.7000 163.9000 2.9900
    endloop
  endfacet
  facet normal 1 0 0
    outer loop
      vertex 54.7000 166.9000 2.9900
      vertex 54.7000 183.4000 3.0000
      vertex 54.7000 166.9000 3.0000
    endloop
  endfacet
  facet normal 1 0 0
    outer loop
      vertex 54.7000 183.4000 3.0000
      vertex 54.7000 166.9000 2.9900
      vertex 54.7000 183.4000 0.0000
    endloop
  endfacet
  facet normal 1 0 0
    outer loop
      vertex 54.7000 163.4000 0.0000
      vertex 54.7000 166.9000 2.9900
      vertex 54.7000 163.9000 2.9900
    endloop
  endfacet
  facet normal 1 0 0
    outer loop
      vertex 54.7000 163.4000 0.0000
      vertex 54.7000 163.9000 2.9900
      vertex 54.7000 163.4000 3.0000
    endloop
  endfacet
  facet normal 1 0 0
    outer loop
      vertex 54.7000 166.9000 2.9900
      vertex 54.7000 163.4000 0.0000
      vertex 54.7000 183.4000 0.0000
    endloop
  endfacet
  facet normal 0 -1 0
    outer loop
      vertex 54.7000 183.4000 0.0000
      vertex 57.7000 183.4000 3.0000
      vertex 54.7000 183.4000 3.0000
    endloop
  endfacet
  facet normal 0 -1 -0
    outer loop
      vertex 57.7000 183.4000 3.0000
      vertex 54.7000 183.4000 0.0000
      vertex 57.7000 183.4000 0.0000
    endloop
  endfacet
  facet normal 0 1 -0
    outer loop
      vertex 57.7000 163.4000 0.0000
      vertex 54.7000 163.4000 3.0000
      vertex 57.7000 163.4000 3.0000
    endloop
  endfacet
  facet normal 0 1 0
    outer loop
      vertex 54.7000 163.4000 3.0000
      vertex 57.7000 163.4000 0.0000
      vertex 54.7000 163.4000 0.0000
    endloop
  endfacet
  facet normal -1 0 0
    outer loop
      vertex 57.7000 187.4000 0.0000
      vertex 57.7000 207.4000 3.0000
      vertex 57.7000 207.4000 0.0000
    endloop
  endfacet
  facet normal -1 -0 0
    outer loop
      vertex 57.7000 207.4000 3.0000
      vertex 57.7000 187.4000 0.0000
      vertex 57.7000 187.4000 3.0000
    endloop
  endfacet
  facet normal 1 -0 0
    outer loop
      vertex 54.7000 187.4000 3.0000
      vertex 54.7000 207.4000 0.0000
      vertex 54.7000 207.4000 3.0000
    endloop
  endfacet
  facet normal 1 0 0
    outer loop
      vertex 54.7000 207.4000 0.0000
      vertex 54.7000 187.4000 3.0000
      vertex 54.7000 187.4000 0.0000
    endloop
  endfacet
  facet normal 0 -1 0
    outer loop
      vertex 54.7000 207.4000 0.0000
      vertex 57.7000 207.4000 3.0000
      vertex 54.7000 207.4000 3.0000
    endloop
  endfacet
  facet normal 0 -1 -0
    outer loop
      vertex 57.7000 207.4000 3.0000
      vertex 54.7000 207.4000 0.0000
      vertex 57.7000 207.4000 0.0000
    endloop
  endfacet
  facet normal 0 1 -0
    outer loop
      vertex 57.7000 187.4000 0.0000
      vertex 54.7000 187.4000 3.0000
      vertex 57.7000 187.4000 3.0000
    endloop
  endfacet
  facet normal 0 1 0
    outer loop
      vertex 54.7000 187.4000 3.0000
      vertex 57.7000 187.4000 0.0000
      vertex 54.7000 187.4000 0.0000
    endloop
  endfacet
  facet normal -1 0 0
    outer loop
      vertex 57.7000 231.4000 0.0000
      vertex 57.7000 213.1000 2.9900
      vertex 57.7000 231.4000 3.0000
    endloop
  endfacet
  facet normal -1 0 0
    outer loop
      vertex 57.7000 211.4000 0.0000
      vertex 57.7000 213.1000 2.9900
      vertex 57.7000 231.4000 0.0000
    endloop
  endfacet
  facet normal -1 -0 0
    outer loop
      vertex 57.7000 213.1000 2.9900
      vertex 57.7000 211.4000 0.0000
      vertex 57.7000 211.4000 2.9900
    endloop
  endfacet
  facet normal -1 -0 0
    outer loop
      vertex 57.7000 231.4000 3.0000
      vertex 57.7000 213.1000 2.9900
      vertex 57.7000 213.1000 3.0000
    endloop
  endfacet
  facet normal 1 0 0
    outer loop
      vertex 54.7000 213.1000 2.9900
      vertex 54.7000 231.4000 3.0000
      vertex 54.7000 213.1000 3.0000
    endloop
  endfacet
  facet normal 1 0 0
    outer loop
      vertex 54.7000 231.4000 3.0000
      vertex 54.7000 213.1000 2.9900
      vertex 54.7000 231.4000 0.0000
    endloop
  endfacet
  facet normal 1 0 0
    outer loop
      vertex 54.7000 211.4000 0.0000
      vertex 54.7000 213.1000 2.9900
      vertex 54.7000 211.4000 2.9900
    endloop
  endfacet
  facet normal 1 0 0
    outer loop
      vertex 54.7000 213.1000 2.9900
      vertex 54.7000 211.4000 0.0000
      vertex 54.7000 231.4000 0.0000
    endloop
  endfacet
  facet normal 0 -1 0
    outer loop
      vertex 54.7000 231.4000 0.0000
      vertex 57.7000 231.4000 3.0000
      vertex 54.7000 231.4000 3.0000
    endloop
  endfacet
  facet normal 0 -1 -0
    outer loop
      vertex 57.7000 231.4000 3.0000
      vertex 54.7000 231.4000 0.0000
      vertex 57.7000 231.4000 0.0000
    endloop
  endfacet
  facet normal 0 1 -0
    outer loop
      vertex 57.7000 211.4000 0.0000
      vertex 54.7000 211.4000 2.9900
      vertex 57.7000 211.4000 2.9900
    endloop
  endfacet
  facet normal 0 1 0
    outer loop
      vertex 54.7000 211.4000 2.9900
      vertex 57.7000 211.4000 0.0000
      vertex 54.7000 211.4000 0.0000
    endloop
  endfacet
  facet normal -1 0 0
    outer loop
      vertex 63.7000 183.4000 0.0000
      vertex 63.7000 166.9000 2.9900
      vertex 63.7000 183.4000 3.0000
    endloop
  endfacet
  facet normal -1 0 0
    outer loop
      vertex 63.7000 163.4000 0.0000
      vertex 63.7000 166.9000 2.9900
      vertex 63.7000 183.4000 0.0000
    endloop
  endfacet
  facet normal -1 -0 0
    outer loop
      vertex 63.7000 166.9000 2.9900
      vertex 63.7000 163.4000 0.0000
      vertex 63.7000 163.9000 2.9900
    endloop
  endfacet
  facet normal -1 0 0
    outer loop
      vertex 63.7000 163.4000 3.0000
      vertex 63.7000 163.9000 2.9900
      vertex 63.7000 163.4000 0.0000
    endloop
  endfacet
  facet normal -1 0 0
    outer loop
      vertex 63.7000 163.9000 2.9900
      vertex 63.7000 163.4000 3.0000
      vertex 63.7000 163.9000 3.0000
    endloop
  endfacet
  facet normal -1 -0 0
    outer loop
      vertex 63.7000 183.4000 3.0000
      vertex 63.7000 166.9000 2.9900
      vertex 63.7000 166.9000 3.0000
    endloop
  endfacet
  facet normal 1 0 0
    outer loop
      vertex 60.7000 163.9000 3.0000
      vertex 60.7000 163.4000 3.0000
      vertex 60.7000 163.9000 2.9900
    endloop
  endfacet
  facet normal 1 0 0
    outer loop
      vertex 60.7000 166.9000 2.9900
      vertex 60.7000 183.4000 3.0000
      vertex 60.7000 166.9000 3.0000
    endloop
  endfacet
  facet normal 1 0 0
    outer loop
      vertex 60.7000 183.4000 3.0000
      vertex 60.7000 166.9000 2.9900
      vertex 60.7000 183.4000 0.0000
    endloop
  endfacet
  facet normal 1 0 0
    outer loop
      vertex 60.7000 163.4000 0.0000
      vertex 60.7000 166.9000 2.9900
      vertex 60.7000 163.9000 2.9900
    endloop
  endfacet
  facet normal 1 0 0
    outer loop
      vertex 60.7000 163.4000 0.0000
      vertex 60.7000 163.9000 2.9900
      vertex 60.7000 163.4000 3.0000
    endloop
  endfacet
  facet normal 1 0 0
    outer loop
      vertex 60.7000 166.9000 2.9900
      vertex 60.7000 163.4000 0.0000
      vertex 60.7000 183.4000 0.0000
    endloop
  endfacet
  facet normal 0 -1 0
    outer loop
      vertex 60.7000 183.4000 0.0000
      vertex 63.7000 183.4000 3.0000
      vertex 60.7000 183.4000 3.0000
    endloop
  endfacet
  facet normal 0 -1 -0
    outer loop
      vertex 63.7000 183.4000 3.0000
      vertex 60.7000 183.4000 0.0000
      vertex 63.7000 183.4000 0.0000
    endloop
  endfacet
  facet normal 0 1 -0
    outer loop
      vertex 63.7000 163.4000 0.0000
      vertex 60.7000 163.4000 3.0000
      vertex 63.7000 163.4000 3.0000
    endloop
  endfacet
  facet normal 0 1 0
    outer loop
      vertex 60.7000 163.4000 3.0000
      vertex 63.7000 163.4000 0.0000
      vertex 60.7000 163.4000 0.0000
    endloop
  endfacet
  facet normal -1 0 0
    outer loop
      vertex 63.7000 187.4000 0.0000
      vertex 63.7000 207.4000 3.0000
      vertex 63.7000 207.4000 0.0000
    endloop
  endfacet
  facet normal -1 -0 0
    outer loop
      vertex 63.7000 207.4000 3.0000
      vertex 63.7000 187.4000 0.0000
      vertex 63.7000 187.4000 3.0000
    endloop
  endfacet
  facet normal 1 -0 0
    outer loop
      vertex 60.7000 187.4000 3.0000
      vertex 60.7000 207.4000 0.0000
      vertex 60.7000 207.4000 3.0000
    endloop
  endfacet
  facet normal 1 0 0
    outer loop
      vertex 60.7000 207.4000 0.0000
      vertex 60.7000 187.4000 3.0000
      vertex 60.7000 187.4000 0.0000
    endloop
  endfacet
  facet normal 0 -1 0
    outer loop
      vertex 60.7000 207.4000 0.0000
      vertex 63.7000 207.4000 3.0000
      vertex 60.7000 207.4000 3.0000
    endloop
  endfacet
  facet normal 0 -1 -0
    outer loop
      vertex 63.7000 207.4000 3.0000
      vertex 60.7000 207.4000 0.0000
      vertex 63.7000 207.4000 0.0000
    endloop
  endfacet
  facet normal 0 1 -0
    outer loop
      vertex 63.7000 187.4000 0.0000
      vertex 60.7000 187.4000 3.0000
      vertex 63.7000 187.4000 3.0000
    endloop
  endfacet
  facet normal 0 1 0
    outer loop
      vertex 60.7000 187.4000 3.0000
      vertex 63.7000 187.4000 0.0000
      vertex 60.7000 187.4000 0.0000
    endloop
  endfacet
  facet normal -1 0 0
    outer loop
      vertex 63.7000 231.4000 0.0000
      vertex 63.7000 213.1000 2.9900
      vertex 63.7000 231.4000 3.0000
    endloop
  endfacet
  facet normal -1 0 0
    outer loop
      vertex 63.7000 211.4000 0.0000
      vertex 63.7000 213.1000 2.9900
      vertex 63.7000 231.4000 0.0000
    endloop
  endfacet
  facet normal -1 -0 0
    outer loop
      vertex 63.7000 213.1000 2.9900
      vertex 63.7000 211.4000 0.0000
      vertex 63.7000 211.4000 2.9900
    endloop
  endfacet
  facet normal -1 -0 0
    outer loop
      vertex 63.7000 231.4000 3.0000
      vertex 63.7000 213.1000 2.9900
      vertex 63.7000 213.1000 3.0000
    endloop
  endfacet
  facet normal 1 0 0
    outer loop
      vertex 60.7000 213.1000 2.9900
      vertex 60.7000 231.4000 3.0000
      vertex 60.7000 213.1000 3.0000
    endloop
  endfacet
  facet normal 1 0 0
    outer loop
      vertex 60.7000 231.4000 3.0000
      vertex 60.7000 213.1000 2.9900
      vertex 60.7000 231.4000 0.0000
    endloop
  endfacet
  facet normal 1 0 0
    outer loop
      vertex 60.7000 211.4000 0.0000
      vertex 60.7000 213.1000 2.9900
      vertex 60.7000 211.4000 2.9900
    endloop
  endfacet
  facet normal 1 0 0
    outer loop
      vertex 60.7000 213.1000 2.9900
      vertex 60.7000 211.4000 0.0000
      vertex 60.7000 231.4000 0.0000
    endloop
  endfacet
  facet normal 0 -1 0
    outer loop
      vertex 60.7000 231.4000 0.0000
      vertex 63.7000 231.4000 3.0000
      vertex 60.7000 231.4000 3.0000
    endloop
  endfacet
  facet normal 0 -1 -0
    outer loop
      vertex 63.7000 231.4000 3.0000
      vertex 60.7000 231.4000 0.0000
      vertex 63.7000 231.4000 0.0000
    endloop
  endfacet
  facet normal 0 1 -0
    outer loop
      vertex 63.7000 211.4000 0.0000
      vertex 60.7000 211.4000 2.9900
      vertex 63.7000 211.4000 2.9900
    endloop
  endfacet
  facet normal 0 1 0
    outer loop
      vertex 60.7000 211.4000 2.9900
      vertex 63.7000 211.4000 0.0000
      vertex 60.7000 211.4000 0.0000
    endloop
  endfacet
  facet normal -1 0 0
    outer loop
      vertex 69.7000 183.4000 0.0000
      vertex 69.7000 166.9000 2.9900
      vertex 69.7000 183.4000 3.0000
    endloop
  endfacet
  facet normal -1 0 0
    outer loop
      vertex 69.7000 163.4000 0.0000
      vertex 69.7000 166.9000 2.9900
      vertex 69.7000 183.4000 0.0000
    endloop
  endfacet
  facet normal -1 -0 0
    outer loop
      vertex 69.7000 166.9000 2.9900
      vertex 69.7000 163.4000 0.0000
      vertex 69.7000 163.9000 2.9900
    endloop
  endfacet
  facet normal -1 0 0
    outer loop
      vertex 69.7000 163.4000 3.0000
      vertex 69.7000 163.9000 2.9900
      vertex 69.7000 163.4000 0.0000
    endloop
  endfacet
  facet normal -1 0 0
    outer loop
      vertex 69.7000 163.9000 2.9900
      vertex 69.7000 163.4000 3.0000
      vertex 69.7000 163.9000 3.0000
    endloop
  endfacet
  facet normal -1 -0 0
    outer loop
      vertex 69.7000 183.4000 3.0000
      vertex 69.7000 166.9000 2.9900
      vertex 69.7000 166.9000 3.0000
    endloop
  endfacet
  facet normal 1 0 0
    outer loop
      vertex 66.7000 163.9000 3.0000
      vertex 66.7000 163.4000 3.0000
      vertex 66.7000 163.9000 2.9900
    endloop
  endfacet
  facet normal 1 0 0
    outer loop
      vertex 66.7000 166.9000 2.9900
      vertex 66.7000 183.4000 3.0000
      vertex 66.7000 166.9000 3.0000
    endloop
  endfacet
  facet normal 1 0 0
    outer loop
      vertex 66.7000 183.4000 3.0000
      vertex 66.7000 166.9000 2.9900
      vertex 66.7000 183.4000 0.0000
    endloop
  endfacet
  facet normal 1 0 0
    outer loop
      vertex 66.7000 163.4000 0.0000
      vertex 66.7000 166.9000 2.9900
      vertex 66.7000 163.9000 2.9900
    endloop
  endfacet
  facet normal 1 0 0
    outer loop
      vertex 66.7000 163.4000 0.0000
      vertex 66.7000 163.9000 2.9900
      vertex 66.7000 163.4000 3.0000
    endloop
  endfacet
  facet normal 1 0 0
    outer loop
      vertex 66.7000 166.9000 2.9900
      vertex 66.7000 163.4000 0.0000
      vertex 66.7000 183.4000 0.0000
    endloop
  endfacet
  facet normal 0 -1 0
    outer loop
      vertex 66.7000 183.4000 0.0000
      vertex 69.7000 183.4000 3.0000
      vertex 66.7000 183.4000 3.0000
    endloop
  endfacet
  facet normal 0 -1 -0
    outer loop
      vertex 69.7000 183.4000 3.0000
      vertex 66.7000 183.4000 0.0000
      vertex 69.7000 183.4000 0.0000
    endloop
  endfacet
  facet normal 0 1 -0
    outer loop
      vertex 69.7000 163.4000 0.0000
      vertex 66.7000 163.4000 3.0000
      vertex 69.7000 163.4000 3.0000
    endloop
  endfacet
  facet normal 0 1 0
    outer loop
      vertex 66.7000 163.4000 3.0000
      vertex 69.7000 163.4000 0.0000
      vertex 66.7000 163.4000 0.0000
    endloop
  endfacet
  facet normal -1 0 0
    outer loop
      vertex 69.7000 187.4000 0.0000
      vertex 69.7000 207.4000 3.0000
      vertex 69.7000 207.4000 0.0000
    endloop
  endfacet
  facet normal -1 -0 0
    outer loop
      vertex 69.7000 207.4000 3.0000
      vertex 69.7000 187.4000 0.0000
      vertex 69.7000 187.4000 3.0000
    endloop
  endfacet
  facet normal 1 -0 0
    outer loop
      vertex 66.7000 187.4000 3.0000
      vertex 66.7000 207.4000 0.0000
      vertex 66.7000 207.4000 3.0000
    endloop
  endfacet
  facet normal 1 0 0
    outer loop
      vertex 66.7000 207.4000 0.0000
      vertex 66.7000 187.4000 3.0000
      vertex 66.7000 187.4000 0.0000
    endloop
  endfacet
  facet normal 0 -1 0
    outer loop
      vertex 66.7000 207.4000 0.0000
      vertex 69.7000 207.4000 3.0000
      vertex 66.7000 207.4000 3.0000
    endloop
  endfacet
  facet normal 0 -1 -0
    outer loop
      vertex 69.7000 207.4000 3.0000
      vertex 66.7000 207.4000 0.0000
      vertex 69.7000 207.4000 0.0000
    endloop
  endfacet
  facet normal 0 1 -0
    outer loop
      vertex 69.7000 187.4000 0.0000
      vertex 66.7000 187.4000 3.0000
      vertex 69.7000 187.4000 3.0000
    endloop
  endfacet
  facet normal 0 1 0
    outer loop
      vertex 66.7000 187.4000 3.0000
      vertex 69.7000 187.4000 0.0000
      vertex 66.7000 187.4000 0.0000
    endloop
  endfacet
  facet normal -1 0 0
    outer loop
      vertex 69.7000 231.4000 0.0000
      vertex 69.7000 213.1000 2.9900
      vertex 69.7000 231.4000 3.0000
    endloop
  endfacet
  facet normal -1 0 0
    outer loop
      vertex 69.7000 211.4000 0.0000
      vertex 69.7000 213.1000 2.9900
      vertex 69.7000 231.4000 0.0000
    endloop
  endfacet
  facet normal -1 -0 0
    outer loop
      vertex 69.7000 213.1000 2.9900
      vertex 69.7000 211.4000 0.0000
      vertex 69.7000 211.4000 2.9900
    endloop
  endfacet
  facet normal -1 -0 0
    outer loop
      vertex 69.7000 231.4000 3.0000
      vertex 69.7000 213.1000 2.9900
      vertex 69.7000 213.1000 3.0000
    endloop
  endfacet
  facet normal 1 0 0
    outer loop
      vertex 66.7000 213.1000 2.9900
      vertex 66.7000 231.4000 3.0000
      vertex 66.7000 213.1000 3.0000
    endloop
  endfacet
  facet normal 1 0 0
    outer loop
      vertex 66.7000 231.4000 3.0000
      vertex 66.7000 213.1000 2.9900
      vertex 66.7000 231.4000 0.0000
    endloop
  endfacet
  facet normal 1 0 0
    outer loop
      vertex 66.7000 211.4000 0.0000
      vertex 66.7000 213.1000 2.9900
      vertex 66.7000 211.4000 2.9900
    endloop
  endfacet
  facet normal 1 0 0
    outer loop
      vertex 66.7000 213.1000 2.9900
      vertex 66.7000 211.4000 0.0000
      vertex 66.7000 231.4000 0.0000
    endloop
  endfacet
  facet normal 0 -1 0
    outer loop
      vertex 66.7000 231.4000 0.0000
      vertex 69.7000 231.4000 3.0000
      vertex 66.7000 231.4000 3.0000
    endloop
  endfacet
  facet normal 0 -1 -0
    outer loop
      vertex 69.7000 231.4000 3.0000
      vertex 66.7000 231.4000 0.0000
      vertex 69.7000 231.4000 0.0000
    endloop
  endfacet
  facet normal 0 1 -0
    outer loop
      vertex 69.7000 211.4000 0.0000
      vertex 66.7000 211.4000 2.9900
      vertex 69.7000 211.4000 2.9900
    endloop
  endfacet
  facet normal 0 1 0
    outer loop
      vertex 66.7000 211.4000 2.9900
      vertex 69.7000 211.4000 0.0000
      vertex 66.7000 211.4000 0.0000
    endloop
  endfacet
  facet normal -1 0 0
    outer loop
      vertex 75.7000 183.4000 0.0000
      vertex 75.7000 166.9000 2.9900
      vertex 75.7000 183.4000 3.0000
    endloop
  endfacet
  facet normal -1 0 0
    outer loop
      vertex 75.7000 163.4000 0.0000
      vertex 75.7000 166.9000 2.9900
      vertex 75.7000 183.4000 0.0000
    endloop
  endfacet
  facet normal -1 -0 0
    outer loop
      vertex 75.7000 166.9000 2.9900
      vertex 75.7000 163.4000 0.0000
      vertex 75.7000 163.9000 2.9900
    endloop
  endfacet
  facet normal -1 0 0
    outer loop
      vertex 75.7000 163.4000 3.0000
      vertex 75.7000 163.9000 2.9900
      vertex 75.7000 163.4000 0.0000
    endloop
  endfacet
  facet normal -1 0 0
    outer loop
      vertex 75.7000 163.9000 2.9900
      vertex 75.7000 163.4000 3.0000
      vertex 75.7000 163.9000 3.0000
    endloop
  endfacet
  facet normal -1 -0 0
    outer loop
      vertex 75.7000 183.4000 3.0000
      vertex 75.7000 166.9000 2.9900
      vertex 75.7000 166.9000 3.0000
    endloop
  endfacet
  facet normal 1 0 0
    outer loop
      vertex 72.7000 163.9000 3.0000
      vertex 72.7000 163.4000 3.0000
      vertex 72.7000 163.9000 2.9900
    endloop
  endfacet
  facet normal 1 0 0
    outer loop
      vertex 72.7000 166.9000 2.9900
      vertex 72.7000 183.4000 3.0000
      vertex 72.7000 166.9000 3.0000
    endloop
  endfacet
  facet normal 1 0 0
    outer loop
      vertex 72.7000 183.4000 3.0000
      vertex 72.7000 166.9000 2.9900
      vertex 72.7000 183.4000 0.0000
    endloop
  endfacet
  facet normal 1 0 0
    outer loop
      vertex 72.7000 163.4000 0.0000
      vertex 72.7000 166.9000 2.9900
      vertex 72.7000 163.9000 2.9900
    endloop
  endfacet
  facet normal 1 0 0
    outer loop
      vertex 72.7000 163.4000 0.0000
      vertex 72.7000 163.9000 2.9900
      vertex 72.7000 163.4000 3.0000
    endloop
  endfacet
  facet normal 1 0 0
    outer loop
      vertex 72.7000 166.9000 2.9900
      vertex 72.7000 163.4000 0.0000
      vertex 72.7000 183.4000 0.0000
    endloop
  endfacet
  facet normal 0 -1 0
    outer loop
      vertex 72.7000 183.4000 0.0000
      vertex 75.7000 183.4000 3.0000
      vertex 72.7000 183.4000 3.0000
    endloop
  endfacet
  facet normal 0 -1 -0
    outer loop
      vertex 75.7000 183.4000 3.0000
      vertex 72.7000 183.4000 0.0000
      vertex 75.7000 183.4000 0.0000
    endloop
  endfacet
  facet normal 0 1 -0
    outer loop
      vertex 75.7000 163.4000 0.0000
      vertex 72.7000 163.4000 3.0000
      vertex 75.7000 163.4000 3.0000
    endloop
  endfacet
  facet normal 0 1 0
    outer loop
      vertex 72.7000 163.4000 3.0000
      vertex 75.7000 163.4000 0.0000
      vertex 72.7000 163.4000 0.0000
    endloop
  endfacet
  facet normal -1 0 0
    outer loop
      vertex 75.7000 187.4000 0.0000
      vertex 75.7000 207.4000 3.0000
      vertex 75.7000 207.4000 0.0000
    endloop
  endfacet
  facet normal -1 -0 0
    outer loop
      vertex 75.7000 207.4000 3.0000
      vertex 75.7000 187.4000 0.0000
      vertex 75.7000 187.4000 3.0000
    endloop
  endfacet
  facet normal 1 -0 0
    outer loop
      vertex 72.7000 187.4000 3.0000
      vertex 72.7000 207.4000 0.0000
      vertex 72.7000 207.4000 3.0000
    endloop
  endfacet
  facet normal 1 0 0
    outer loop
      vertex 72.7000 207.4000 0.0000
      vertex 72.7000 187.4000 3.0000
      vertex 72.7000 187.4000 0.0000
    endloop
  endfacet
  facet normal 0 -1 0
    outer loop
      vertex 72.7000 207.4000 0.0000
      vertex 75.7000 207.4000 3.0000
      vertex 72.7000 207.4000 3.0000
    endloop
  endfacet
  facet normal 0 -1 -0
    outer loop
      vertex 75.7000 207.4000 3.0000
      vertex 72.7000 207.4000 0.0000
      vertex 75.7000 207.4000 0.0000
    endloop
  endfacet
  facet normal 0 1 -0
    outer loop
      vertex 75.7000 187.4000 0.0000
      vertex 72.7000 187.4000 3.0000
      vertex 75.7000 187.4000 3.0000
    endloop
  endfacet
  facet normal 0 1 0
    outer loop
      vertex 72.7000 187.4000 3.0000
      vertex 75.7000 187.4000 0.0000
      vertex 72.7000 187.4000 0.0000
    endloop
  endfacet
  facet normal -1 0 0
    outer loop
      vertex 75.7000 231.4000 0.0000
      vertex 75.7000 213.1000 2.9900
      vertex 75.7000 231.4000 3.0000
    endloop
  endfacet
  facet normal -1 0 0
    outer loop
      vertex 75.7000 211.4000 0.0000
      vertex 75.7000 213.1000 2.9900
      vertex 75.7000 231.4000 0.0000
    endloop
  endfacet
  facet normal -1 -0 0
    outer loop
      vertex 75.7000 213.1000 2.9900
      vertex 75.7000 211.4000 0.0000
      vertex 75.7000 211.4000 2.9900
    endloop
  endfacet
  facet normal -1 -0 0
    outer loop
      vertex 75.7000 231.4000 3.0000
      vertex 75.7000 213.1000 2.9900
      vertex 75.7000 213.1000 3.0000
    endloop
  endfacet
  facet normal 1 0 0
    outer loop
      vertex 72.7000 213.1000 2.9900
      vertex 72.7000 231.4000 3.0000
      vertex 72.7000 213.1000 3.0000
    endloop
  endfacet
  facet normal 1 0 0
    outer loop
      vertex 72.7000 231.4000 3.0000
      vertex 72.7000 213.1000 2.9900
      vertex 72.7000 231.4000 0.0000
    endloop
  endfacet
  facet normal 1 0 0
    outer loop
      vertex 72.7000 211.4000 0.0000
      vertex 72.7000 213.1000 2.9900
      vertex 72.7000 211.4000 2.9900
    endloop
  endfacet
  facet normal 1 0 0
    outer loop
      vertex 72.7000 213.1000 2.9900
      vertex 72.7000 211.4000 0.0000
      vertex 72.7000 231.4000 0.0000
    endloop
  endfacet
  facet normal 0 -1 0
    outer loop
      vertex 72.7000 231.4000 0.0000
      vertex 75.7000 231.4000 3.0000
      vertex 72.7000 231.4000 3.0000
    endloop
  endfacet
  facet normal 0 -1 -0
    outer loop
      vertex 75.7000 231.4000 3.0000
      vertex 72.7000 231.4000 0.0000
      vertex 75.7000 231.4000 0.0000
    endloop
  endfacet
  facet normal 0 1 -0
    outer loop
      vertex 75.7000 211.4000 0.0000
      vertex 72.7000 211.4000 2.9900
      vertex 75.7000 211.4000 2.9900
    endloop
  endfacet
  facet normal 0 1 0
    outer loop
      vertex 72.7000 211.4000 2.9900
      vertex 75.7000 211.4000 0.0000
      vertex 72.7000 211.4000 0.0000
    endloop
  endfacet
  facet normal -1 0 0
    outer loop
      vertex 81.7000 183.4000 0.0000
      vertex 81.7000 166.9000 2.9900
      vertex 81.7000 183.4000 3.0000
    endloop
  endfacet
  facet normal -1 0 0
    outer loop
      vertex 81.7000 163.4000 0.0000
      vertex 81.7000 166.9000 2.9900
      vertex 81.7000 183.4000 0.0000
    endloop
  endfacet
  facet normal -1 -0 0
    outer loop
      vertex 81.7000 166.9000 2.9900
      vertex 81.7000 163.4000 0.0000
      vertex 81.7000 163.9000 2.9900
    endloop
  endfacet
  facet normal -1 0 0
    outer loop
      vertex 81.7000 163.4000 3.0000
      vertex 81.7000 163.9000 2.9900
      vertex 81.7000 163.4000 0.0000
    endloop
  endfacet
  facet normal -1 0 0
    outer loop
      vertex 81.7000 163.9000 2.9900
      vertex 81.7000 163.4000 3.0000
      vertex 81.7000 163.9000 3.0000
    endloop
  endfacet
  facet normal -1 -0 0
    outer loop
      vertex 81.7000 183.4000 3.0000
      vertex 81.7000 166.9000 2.9900
      vertex 81.7000 166.9000 3.0000
    endloop
  endfacet
  facet normal 1 0 0
    outer loop
      vertex 78.7000 163.9000 3.0000
      vertex 78.7000 163.4000 3.0000
      vertex 78.7000 163.9000 2.9900
    endloop
  endfacet
  facet normal 1 0 0
    outer loop
      vertex 78.7000 166.9000 2.9900
      vertex 78.7000 183.4000 3.0000
      vertex 78.7000 166.9000 3.0000
    endloop
  endfacet
  facet normal 1 0 0
    outer loop
      vertex 78.7000 183.4000 3.0000
      vertex 78.7000 166.9000 2.9900
      vertex 78.7000 183.4000 0.0000
    endloop
  endfacet
  facet normal 1 0 0
    outer loop
      vertex 78.7000 163.4000 0.0000
      vertex 78.7000 166.9000 2.9900
      vertex 78.7000 163.9000 2.9900
    endloop
  endfacet
  facet normal 1 0 0
    outer loop
      vertex 78.7000 163.4000 0.0000
      vertex 78.7000 163.9000 2.9900
      vertex 78.7000 163.4000 3.0000
    endloop
  endfacet
  facet normal 1 0 0
    outer loop
      vertex 78.7000 166.9000 2.9900
      vertex 78.7000 163.4000 0.0000
      vertex 78.7000 183.4000 0.0000
    endloop
  endfacet
  facet normal 0 -1 0
    outer loop
      vertex 78.7000 183.4000 0.0000
      vertex 81.7000 183.4000 3.0000
      vertex 78.7000 183.4000 3.0000
    endloop
  endfacet
  facet normal 0 -1 -0
    outer loop
      vertex 81.7000 183.4000 3.0000
      vertex 78.7000 183.4000 0.0000
      vertex 81.7000 183.4000 0.0000
    endloop
  endfacet
  facet normal 0 1 -0
    outer loop
      vertex 81.7000 163.4000 0.0000
      vertex 78.7000 163.4000 3.0000
      vertex 81.7000 163.4000 3.0000
    endloop
  endfacet
  facet normal 0 1 0
    outer loop
      vertex 78.7000 163.4000 3.0000
      vertex 81.7000 163.4000 0.0000
      vertex 78.7000 163.4000 0.0000
    endloop
  endfacet
  facet normal -1 0 0
    outer loop
      vertex 81.7000 187.4000 0.0000
      vertex 81.7000 207.4000 3.0000
      vertex 81.7000 207.4000 0.0000
    endloop
  endfacet
  facet normal -1 -0 0
    outer loop
      vertex 81.7000 207.4000 3.0000
      vertex 81.7000 187.4000 0.0000
      vertex 81.7000 187.4000 3.0000
    endloop
  endfacet
  facet normal 1 -0 0
    outer loop
      vertex 78.7000 187.4000 3.0000
      vertex 78.7000 207.4000 0.0000
      vertex 78.7000 207.4000 3.0000
    endloop
  endfacet
  facet normal 1 0 0
    outer loop
      vertex 78.7000 207.4000 0.0000
      vertex 78.7000 187.4000 3.0000
      vertex 78.7000 187.4000 0.0000
    endloop
  endfacet
  facet normal 0 -1 0
    outer loop
      vertex 78.7000 207.4000 0.0000
      vertex 81.7000 207.4000 3.0000
      vertex 78.7000 207.4000 3.0000
    endloop
  endfacet
  facet normal 0 -1 -0
    outer loop
      vertex 81.7000 207.4000 3.0000
      vertex 78.7000 207.4000 0.0000
      vertex 81.7000 207.4000 0.0000
    endloop
  endfacet
  facet normal 0 1 -0
    outer loop
      vertex 81.7000 187.4000 0.0000
      vertex 78.7000 187.4000 3.0000
      vertex 81.7000 187.4000 3.0000
    endloop
  endfacet
  facet normal 0 1 0
    outer loop
      vertex 78.7000 187.4000 3.0000
      vertex 81.7000 187.4000 0.0000
      vertex 78.7000 187.4000 0.0000
    endloop
  endfacet
  facet normal -1 0 0
    outer loop
      vertex 81.7000 231.4000 0.0000
      vertex 81.7000 213.1000 2.9900
      vertex 81.7000 231.4000 3.0000
    endloop
  endfacet
  facet normal -1 0 0
    outer loop
      vertex 81.7000 211.4000 0.0000
      vertex 81.7000 213.1000 2.9900
      vertex 81.7000 231.4000 0.0000
    endloop
  endfacet
  facet normal -1 -0 0
    outer loop
      vertex 81.7000 213.1000 2.9900
      vertex 81.7000 211.4000 0.0000
      vertex 81.7000 211.4000 2.9900
    endloop
  endfacet
  facet normal -1 -0 0
    outer loop
      vertex 81.7000 231.4000 3.0000
      vertex 81.7000 213.1000 2.9900
      vertex 81.7000 213.1000 3.0000
    endloop
  endfacet
  facet normal 1 0 0
    outer loop
      vertex 78.7000 213.1000 2.9900
      vertex 78.7000 231.4000 3.0000
      vertex 78.7000 213.1000 3.0000
    endloop
  endfacet
  facet normal 1 0 0
    outer loop
      vertex 78.7000 231.4000 3.0000
      vertex 78.7000 213.1000 2.9900
      vertex 78.7000 231.4000 0.0000
    endloop
  endfacet
  facet normal 1 0 0
    outer loop
      vertex 78.7000 211.4000 0.0000
      vertex 78.7000 213.1000 2.9900
      vertex 78.7000 211.4000 2.9900
    endloop
  endfacet
  facet normal 1 0 0
    outer loop
      vertex 78.7000 213.1000 2.9900
      vertex 78.7000 211.4000 0.0000
      vertex 78.7000 231.4000 0.0000
    endloop
  endfacet
  facet normal 0 -1 0
    outer loop
      vertex 78.7000 231.4000 0.0000
      vertex 81.7000 231.4000 3.0000
      vertex 78.7000 231.4000 3.0000
    endloop
  endfacet
  facet normal 0 -1 -0
    outer loop
      vertex 81.7000 231.4000 3.0000
      vertex 78.7000 231.4000 0.0000
      vertex 81.7000 231.4000 0.0000
    endloop
  endfacet
  facet normal 0 1 -0
    outer loop
      vertex 81.7000 211.4000 0.0000
      vertex 78.7000 211.4000 2.9900
      vertex 81.7000 211.4000 2.9900
    endloop
  endfacet
  facet normal 0 1 0
    outer loop
      vertex 78.7000 211.4000 2.9900
      vertex 81.7000 211.4000 0.0000
      vertex 78.7000 211.4000 0.0000
    endloop
  endfacet
  facet normal -1 0 0
    outer loop
      vertex 87.7000 163.4000 0.0000
      vertex 87.7000 183.4000 3.0000
      vertex 87.7000 183.4000 0.0000
    endloop
  endfacet
  facet normal -1 -0 0
    outer loop
      vertex 87.7000 183.4000 3.0000
      vertex 87.7000 163.4000 0.0000
      vertex 87.7000 163.4000 3.0000
    endloop
  endfacet
  facet normal 1 0 0
    outer loop
      vertex 84.7000 163.9000 3.0000
      vertex 84.7000 163.4000 3.0000
      vertex 84.7000 163.9000 2.9900
    endloop
  endfacet
  facet normal 1 0 0
    outer loop
      vertex 84.7000 166.9000 2.9900
      vertex 84.7000 183.4000 3.0000
      vertex 84.7000 166.9000 3.0000
    endloop
  endfacet
  facet normal 1 0 0
    outer loop
      vertex 84.7000 183.4000 3.0000
      vertex 84.7000 166.9000 2.9900
      vertex 84.7000 183.4000 0.0000
    endloop
  endfacet
  facet normal 1 0 0
    outer loop
      vertex 84.7000 163.4000 0.0000
      vertex 84.7000 166.9000 2.9900
      vertex 84.7000 163.9000 2.9900
    endloop
  endfacet
  facet normal 1 0 0
    outer loop
      vertex 84.7000 163.4000 0.0000
      vertex 84.7000 163.9000 2.9900
      vertex 84.7000 163.4000 3.0000
    endloop
  endfacet
  facet normal 1 0 0
    outer loop
      vertex 84.7000 166.9000 2.9900
      vertex 84.7000 163.4000 0.0000
      vertex 84.7000 183.4000 0.0000
    endloop
  endfacet
  facet normal 0 -1 0
    outer loop
      vertex 84.7000 183.4000 0.0000
      vertex 87.7000 183.4000 3.0000
      vertex 84.7000 183.4000 3.0000
    endloop
  endfacet
  facet normal 0 -1 -0
    outer loop
      vertex 87.7000 183.4000 3.0000
      vertex 84.7000 183.4000 0.0000
      vertex 87.7000 183.4000 0.0000
    endloop
  endfacet
  facet normal 0 1 -0
    outer loop
      vertex 87.7000 163.4000 0.0000
      vertex 84.7000 163.4000 3.0000
      vertex 87.7000 163.4000 3.0000
    endloop
  endfacet
  facet normal 0 1 0
    outer loop
      vertex 84.7000 163.4000 3.0000
      vertex 87.7000 163.4000 0.0000
      vertex 84.7000 163.4000 0.0000
    endloop
  endfacet
  facet normal -1 0 0
    outer loop
      vertex 87.7000 187.4000 0.0000
      vertex 87.7000 207.4000 3.0000
      vertex 87.7000 207.4000 0.0000
    endloop
  endfacet
  facet normal -1 -0 0
    outer loop
      vertex 87.7000 207.4000 3.0000
      vertex 87.7000 187.4000 0.0000
      vertex 87.7000 187.4000 3.0000
    endloop
  endfacet
  facet normal 1 -0 0
    outer loop
      vertex 84.7000 187.4000 3.0000
      vertex 84.7000 207.4000 0.0000
      vertex 84.7000 207.4000 3.0000
    endloop
  endfacet
  facet normal 1 0 0
    outer loop
      vertex 84.7000 207.4000 0.0000
      vertex 84.7000 187.4000 3.0000
      vertex 84.7000 187.4000 0.0000
    endloop
  endfacet
  facet normal 0 -1 0
    outer loop
      vertex 84.7000 207.4000 0.0000
      vertex 87.7000 207.4000 3.0000
      vertex 84.7000 207.4000 3.0000
    endloop
  endfacet
  facet normal 0 -1 -0
    outer loop
      vertex 87.7000 207.4000 3.0000
      vertex 84.7000 207.4000 0.0000
      vertex 87.7000 207.4000 0.0000
    endloop
  endfacet
  facet normal 0 1 -0
    outer loop
      vertex 87.7000 187.4000 0.0000
      vertex 84.7000 187.4000 3.0000
      vertex 87.7000 187.4000 3.0000
    endloop
  endfacet
  facet normal 0 1 0
    outer loop
      vertex 84.7000 187.4000 3.0000
      vertex 87.7000 187.4000 0.0000
      vertex 84.7000 187.4000 0.0000
    endloop
  endfacet
  facet normal -1 0 0
    outer loop
      vertex 87.7000 211.4000 0.0000
      vertex 87.7000 231.4000 3.0000
      vertex 87.7000 231.4000 0.0000
    endloop
  endfacet
  facet normal -1 -0 0
    outer loop
      vertex 87.7000 231.4000 3.0000
      vertex 87.7000 211.4000 0.0000
      vertex 87.7000 211.4000 3.0000
    endloop
  endfacet
  facet normal 1 0 0
    outer loop
      vertex 84.7000 213.1000 2.9900
      vertex 84.7000 231.4000 3.0000
      vertex 84.7000 213.1000 3.0000
    endloop
  endfacet
  facet normal 1 0 0
    outer loop
      vertex 84.7000 231.4000 3.0000
      vertex 84.7000 213.1000 2.9900
      vertex 84.7000 231.4000 0.0000
    endloop
  endfacet
  facet normal 1 0 0
    outer loop
      vertex 84.7000 211.4000 0.0000
      vertex 84.7000 213.1000 2.9900
      vertex 84.7000 211.4000 2.9900
    endloop
  endfacet
  facet normal 1 0 0
    outer loop
      vertex 84.7000 213.1000 2.9900
      vertex 84.7000 211.4000 0.0000
      vertex 84.7000 231.4000 0.0000
    endloop
  endfacet
  facet normal 0 -1 0
    outer loop
      vertex 84.7000 231.4000 0.0000
      vertex 87.7000 231.4000 3.0000
      vertex 84.7000 231.4000 3.0000
    endloop
  endfacet
  facet normal 0 -1 -0
    outer loop
      vertex 87.7000 231.4000 3.0000
      vertex 84.7000 231.4000 0.0000
      vertex 87.7000 231.4000 0.0000
    endloop
  endfacet
  facet normal 0 1 0
    outer loop
      vertex 87.7000 211.4000 3.0000
      vertex 86.7000 211.4000 2.9900
      vertex 86.7000 211.4000 3.0000
    endloop
  endfacet
  facet normal 0 1 -0
    outer loop
      vertex 87.7000 211.4000 0.0000
      vertex 86.7000 211.4000 2.9900
      vertex 87.7000 211.4000 3.0000
    endloop
  endfacet
  facet normal 0 1 0
    outer loop
      vertex 84.7000 211.4000 0.0000
      vertex 86.7000 211.4000 2.9900
      vertex 87.7000 211.4000 0.0000
    endloop
  endfacet
  facet normal 0 1 0
    outer loop
      vertex 86.7000 211.4000 2.9900
      vertex 84.7000 211.4000 0.0000
      vertex 84.7000 211.4000 2.9900
    endloop
  endfacet
  facet normal -1 0 0
    outer loop
      vertex 93.7000 163.4000 0.0000
      vertex 93.7000 183.4000 3.0000
      vertex 93.7000 183.4000 0.0000
    endloop
  endfacet
  facet normal -1 -0 0
    outer loop
      vertex 93.7000 183.4000 3.0000
      vertex 93.7000 163.4000 0.0000
      vertex 93.7000 163.4000 3.0000
    endloop
  endfacet
  facet normal 1 -0 0
    outer loop
      vertex 90.7000 163.4000 3.0000
      vertex 90.7000 183.4000 0.0000
      vertex 90.7000 183.4000 3.0000
    endloop
  endfacet
  facet normal 1 0 0
    outer loop
      vertex 90.7000 183.4000 0.0000
      vertex 90.7000 163.4000 3.0000
      vertex 90.7000 163.4000 0.0000
    endloop
  endfacet
  facet normal 0 -1 0
    outer loop
      vertex 90.7000 183.4000 0.0000
      vertex 93.7000 183.4000 3.0000
      vertex 90.7000 183.4000 3.0000
    endloop
  endfacet
  facet normal 0 -1 -0
    outer loop
      vertex 93.7000 183.4000 3.0000
      vertex 90.7000 183.4000 0.0000
      vertex 93.7000 183.4000 0.0000
    endloop
  endfacet
  facet normal 0 1 -0
    outer loop
      vertex 93.7000 163.4000 0.0000
      vertex 90.7000 163.4000 3.0000
      vertex 93.7000 163.4000 3.0000
    endloop
  endfacet
  facet normal 0 1 0
    outer loop
      vertex 90.7000 163.4000 3.0000
      vertex 93.7000 163.4000 0.0000
      vertex 90.7000 163.4000 0.0000
    endloop
  endfacet
  facet normal -1 0 0
    outer loop
      vertex 93.7000 187.4000 0.0000
      vertex 93.7000 207.4000 3.0000
      vertex 93.7000 207.4000 0.0000
    endloop
  endfacet
  facet normal -1 -0 0
    outer loop
      vertex 93.7000 207.4000 3.0000
      vertex 93.7000 187.4000 0.0000
      vertex 93.7000 187.4000 3.0000
    endloop
  endfacet
  facet normal 1 -0 0
    outer loop
      vertex 90.7000 187.4000 3.0000
      vertex 90.7000 207.4000 0.0000
      vertex 90.7000 207.4000 3.0000
    endloop
  endfacet
  facet normal 1 0 0
    outer loop
      vertex 90.7000 207.4000 0.0000
      vertex 90.7000 187.4000 3.0000
      vertex 90.7000 187.4000 0.0000
    endloop
  endfacet
  facet normal 0 -1 0
    outer loop
      vertex 90.7000 207.4000 0.0000
      vertex 93.7000 207.4000 3.0000
      vertex 90.7000 207.4000 3.0000
    endloop
  endfacet
  facet normal 0 -1 -0
    outer loop
      vertex 93.7000 207.4000 3.0000
      vertex 90.7000 207.4000 0.0000
      vertex 93.7000 207.4000 0.0000
    endloop
  endfacet
  facet normal 0 1 -0
    outer loop
      vertex 93.7000 187.4000 0.0000
      vertex 90.7000 187.4000 3.0000
      vertex 93.7000 187.4000 3.0000
    endloop
  endfacet
  facet normal 0 1 0
    outer loop
      vertex 90.7000 187.4000 3.0000
      vertex 93.7000 187.4000 0.0000
      vertex 90.7000 187.4000 0.0000
    endloop
  endfacet
  facet normal -1 0 0
    outer loop
      vertex 93.7000 211.4000 0.0000
      vertex 93.7000 231.4000 3.0000
      vertex 93.7000 231.4000 0.0000
    endloop
  endfacet
  facet normal -1 -0 0
    outer loop
      vertex 93.7000 231.4000 3.0000
      vertex 93.7000 211.4000 0.0000
      vertex 93.7000 211.4000 3.0000
    endloop
  endfacet
  facet normal 1 -0 0
    outer loop
      vertex 90.7000 211.4000 3.0000
      vertex 90.7000 231.4000 0.0000
      vertex 90.7000 231.4000 3.0000
    endloop
  endfacet
  facet normal 1 0 0
    outer loop
      vertex 90.7000 231.4000 0.0000
      vertex 90.7000 211.4000 3.0000
      vertex 90.7000 211.4000 0.0000
    endloop
  endfacet
  facet normal 0 -1 0
    outer loop
      vertex 90.7000 231.4000 0.0000
      vertex 93.7000 231.4000 3.0000
      vertex 90.7000 231.4000 3.0000
    endloop
  endfacet
  facet normal 0 -1 -0
    outer loop
      vertex 93.7000 231.4000 3.0000
      vertex 90.7000 231.4000 0.0000
      vertex 93.7000 231.4000 0.0000
    endloop
  endfacet
  facet normal 0 1 -0
    outer loop
      vertex 93.7000 211.4000 0.0000
      vertex 90.7000 211.4000 3.0000
      vertex 93.7000 211.4000 3.0000
    endloop
  endfacet
  facet normal 0 1 0
    outer loop
      vertex 90.7000 211.4000 3.0000
      vertex 93.7000 211.4000 0.0000
      vertex 90.7000 211.4000 0.0000
    endloop
  endfacet
  facet normal -1 0 0
    outer loop
      vertex 99.7000 163.4000 0.0000
      vertex 99.7000 183.4000 3.0000
      vertex 99.7000 183.4000 0.0000
    endloop
  endfacet
  facet normal -1 -0 0
    outer loop
      vertex 99.7000 183.4000 3.0000
      vertex 99.7000 163.4000 0.0000
      vertex 99.7000 163.4000 3.0000
    endloop
  endfacet
  facet normal 1 -0 0
    outer loop
      vertex 96.7000 163.4000 3.0000
      vertex 96.7000 183.4000 0.0000
      vertex 96.7000 183.4000 3.0000
    endloop
  endfacet
  facet normal 1 0 0
    outer loop
      vertex 96.7000 183.4000 0.0000
      vertex 96.7000 163.4000 3.0000
      vertex 96.7000 163.4000 0.0000
    endloop
  endfacet
  facet normal 0 -1 0
    outer loop
      vertex 96.7000 183.4000 0.0000
      vertex 99.7000 183.4000 3.0000
      vertex 96.7000 183.4000 3.0000
    endloop
  endfacet
  facet normal 0 -1 -0
    outer loop
      vertex 99.7000 183.4000 3.0000
      vertex 96.7000 183.4000 0.0000
      vertex 99.7000 183.4000 0.0000
    endloop
  endfacet
  facet normal 0 1 -0
    outer loop
      vertex 99.7000 163.4000 0.0000
      vertex 96.7000 163.4000 3.0000
      vertex 99.7000 163.4000 3.0000
    endloop
  endfacet
  facet normal 0 1 0
    outer loop
      vertex 96.7000 163.4000 3.0000
      vertex 99.7000 163.4000 0.0000
      vertex 96.7000 163.4000 0.0000
    endloop
  endfacet
  facet normal -1 0 0
    outer loop
      vertex 99.7000 187.4000 0.0000
      vertex 99.7000 207.4000 3.0000
      vertex 99.7000 207.4000 0.0000
    endloop
  endfacet
  facet normal -1 -0 0
    outer loop
      vertex 99.7000 207.4000 3.0000
      vertex 99.7000 187.4000 0.0000
      vertex 99.7000 187.4000 3.0000
    endloop
  endfacet
  facet normal 1 -0 0
    outer loop
      vertex 96.7000 187.4000 3.0000
      vertex 96.7000 207.4000 0.0000
      vertex 96.7000 207.4000 3.0000
    endloop
  endfacet
  facet normal 1 0 0
    outer loop
      vertex 96.7000 207.4000 0.0000
      vertex 96.7000 187.4000 3.0000
      vertex 96.7000 187.4000 0.0000
    endloop
  endfacet
  facet normal 0 -1 0
    outer loop
      vertex 96.7000 207.4000 0.0000
      vertex 99.7000 207.4000 3.0000
      vertex 96.7000 207.4000 3.0000
    endloop
  endfacet
  facet normal 0 -1 -0
    outer loop
      vertex 99.7000 207.4000 3.0000
      vertex 96.7000 207.4000 0.0000
      vertex 99.7000 207.4000 0.0000
    endloop
  endfacet
  facet normal 0 1 -0
    outer loop
      vertex 99.7000 187.4000 0.0000
      vertex 96.7000 187.4000 3.0000
      vertex 99.7000 187.4000 3.0000
    endloop
  endfacet
  facet normal 0 1 0
    outer loop
      vertex 96.7000 187.4000 3.0000
      vertex 99.7000 187.4000 0.0000
      vertex 96.7000 187.4000 0.0000
    endloop
  endfacet
  facet normal -1 0 0
    outer loop
      vertex 99.7000 211.4000 0.0000
      vertex 99.7000 231.4000 3.0000
      vertex 99.7000 231.4000 0.0000
    endloop
  endfacet
  facet normal -1 -0 0
    outer loop
      vertex 99.7000 231.4000 3.0000
      vertex 99.7000 211.4000 0.0000
      vertex 99.7000 211.4000 3.0000
    endloop
  endfacet
  facet normal 1 -0 0
    outer loop
      vertex 96.7000 211.4000 3.0000
      vertex 96.7000 231.4000 0.0000
      vertex 96.7000 231.4000 3.0000
    endloop
  endfacet
  facet normal 1 0 0
    outer loop
      vertex 96.7000 231.4000 0.0000
      vertex 96.7000 211.4000 3.0000
      vertex 96.7000 211.4000 0.0000
    endloop
  endfacet
  facet normal 0 -1 0
    outer loop
      vertex 96.7000 231.4000 0.0000
      vertex 99.7000 231.4000 3.0000
      vertex 96.7000 231.4000 3.0000
    endloop
  endfacet
  facet normal 0 -1 -0
    outer loop
      vertex 99.7000 231.4000 3.0000
      vertex 96.7000 231.4000 0.0000
      vertex 99.7000 231.4000 0.0000
    endloop
  endfacet
  facet normal 0 1 -0
    outer loop
      vertex 99.7000 211.4000 0.0000
      vertex 96.7000 211.4000 3.0000
      vertex 99.7000 211.4000 3.0000
    endloop
  endfacet
  facet normal 0 1 0
    outer loop
      vertex 96.7000 211.4000 3.0000
      vertex 99.7000 211.4000 0.0000
      vertex 96.7000 211.4000 0.0000
    endloop
  endfacet
  facet normal -1 0 0
    outer loop
      vertex 105.7000 163.4000 0.0000
      vertex 105.7000 183.4000 3.0000
      vertex 105.7000 183.4000 0.0000
    endloop
  endfacet
  facet normal -1 -0 0
    outer loop
      vertex 105.7000 183.4000 3.0000
      vertex 105.7000 163.4000 0.0000
      vertex 105.7000 163.4000 3.0000
    endloop
  endfacet
  facet normal 1 -0 0
    outer loop
      vertex 102.7000 163.4000 3.0000
      vertex 102.7000 183.4000 0.0000
      vertex 102.7000 183.4000 3.0000
    endloop
  endfacet
  facet normal 1 0 0
    outer loop
      vertex 102.7000 183.4000 0.0000
      vertex 102.7000 163.4000 3.0000
      vertex 102.7000 163.4000 0.0000
    endloop
  endfacet
  facet normal 0 -1 0
    outer loop
      vertex 102.7000 183.4000 0.0000
      vertex 105.7000 183.4000 3.0000
      vertex 102.7000 183.4000 3.0000
    endloop
  endfacet
  facet normal 0 -1 -0
    outer loop
      vertex 105.7000 183.4000 3.0000
      vertex 102.7000 183.4000 0.0000
      vertex 105.7000 183.4000 0.0000
    endloop
  endfacet
  facet normal 0 1 -0
    outer loop
      vertex 105.7000 163.4000 0.0000
      vertex 102.7000 163.4000 3.0000
      vertex 105.7000 163.4000 3.0000
    endloop
  endfacet
  facet normal 0 1 0
    outer loop
      vertex 102.7000 163.4000 3.0000
      vertex 105.7000 163.4000 0.0000
      vertex 102.7000 163.4000 0.0000
    endloop
  endfacet
  facet normal -1 0 0
    outer loop
      vertex 105.7000 187.4000 0.0000
      vertex 105.7000 207.4000 3.0000
      vertex 105.7000 207.4000 0.0000
    endloop
  endfacet
  facet normal -1 -0 0
    outer loop
      vertex 105.7000 207.4000 3.0000
      vertex 105.7000 187.4000 0.0000
      vertex 105.7000 187.4000 3.0000
    endloop
  endfacet
  facet normal 1 -0 0
    outer loop
      vertex 102.7000 187.4000 3.0000
      vertex 102.7000 207.4000 0.0000
      vertex 102.7000 207.4000 3.0000
    endloop
  endfacet
  facet normal 1 0 0
    outer loop
      vertex 102.7000 207.4000 0.0000
      vertex 102.7000 187.4000 3.0000
      vertex 102.7000 187.4000 0.0000
    endloop
  endfacet
  facet normal 0 -1 0
    outer loop
      vertex 102.7000 207.4000 0.0000
      vertex 105.7000 207.4000 3.0000
      vertex 102.7000 207.4000 3.0000
    endloop
  endfacet
  facet normal 0 -1 -0
    outer loop
      vertex 105.7000 207.4000 3.0000
      vertex 102.7000 207.4000 0.0000
      vertex 105.7000 207.4000 0.0000
    endloop
  endfacet
  facet normal 0 1 -0
    outer loop
      vertex 105.7000 187.4000 0.0000
      vertex 102.7000 187.4000 3.0000
      vertex 105.7000 187.4000 3.0000
    endloop
  endfacet
  facet normal 0 1 0
    outer loop
      vertex 102.7000 187.4000 3.0000
      vertex 105.7000 187.4000 0.0000
      vertex 102.7000 187.4000 0.0000
    endloop
  endfacet
  facet normal -1 0 0
    outer loop
      vertex 105.7000 211.4000 0.0000
      vertex 105.7000 231.4000 3.0000
      vertex 105.7000 231.4000 0.0000
    endloop
  endfacet
  facet normal -1 -0 0
    outer loop
      vertex 105.7000 231.4000 3.0000
      vertex 105.7000 211.4000 0.0000
      vertex 105.7000 211.4000 3.0000
    endloop
  endfacet
  facet normal 1 -0 0
    outer loop
      vertex 102.7000 211.4000 3.0000
      vertex 102.7000 231.4000 0.0000
      vertex 102.7000 231.4000 3.0000
    endloop
  endfacet
  facet normal 1 0 0
    outer loop
      vertex 102.7000 231.4000 0.0000
      vertex 102.7000 211.4000 3.0000
      vertex 102.7000 211.4000 0.0000
    endloop
  endfacet
  facet normal 0 -1 0
    outer loop
      vertex 102.7000 231.4000 0.0000
      vertex 105.7000 231.4000 3.0000
      vertex 102.7000 231.4000 3.0000
    endloop
  endfacet
  facet normal 0 -1 -0
    outer loop
      vertex 105.7000 231.4000 3.0000
      vertex 102.7000 231.4000 0.0000
      vertex 105.7000 231.4000 0.0000
    endloop
  endfacet
  facet normal 0 1 -0
    outer loop
      vertex 105.7000 211.4000 0.0000
      vertex 102.7000 211.4000 3.0000
      vertex 105.7000 211.4000 3.0000
    endloop
  endfacet
  facet normal 0 1 0
    outer loop
      vertex 102.7000 211.4000 3.0000
      vertex 105.7000 211.4000 0.0000
      vertex 102.7000 211.4000 0.0000
    endloop
  endfacet
  facet normal -1 0 0
    outer loop
      vertex 111.7000 163.4000 0.0000
      vertex 111.7000 183.4000 3.0000
      vertex 111.7000 183.4000 0.0000
    endloop
  endfacet
  facet normal -1 -0 0
    outer loop
      vertex 111.7000 183.4000 3.0000
      vertex 111.7000 163.4000 0.0000
      vertex 111.7000 163.4000 3.0000
    endloop
  endfacet
  facet normal 1 -0 0
    outer loop
      vertex 108.7000 163.4000 3.0000
      vertex 108.7000 183.4000 0.0000
      vertex 108.7000 183.4000 3.0000
    endloop
  endfacet
  facet normal 1 0 0
    outer loop
      vertex 108.7000 183.4000 0.0000
      vertex 108.7000 163.4000 3.0000
      vertex 108.7000 163.4000 0.0000
    endloop
  endfacet
  facet normal 0 -1 0
    outer loop
      vertex 108.7000 183.4000 0.0000
      vertex 111.7000 183.4000 3.0000
      vertex 108.7000 183.4000 3.0000
    endloop
  endfacet
  facet normal 0 -1 -0
    outer loop
      vertex 111.7000 183.4000 3.0000
      vertex 108.7000 183.4000 0.0000
      vertex 111.7000 183.4000 0.0000
    endloop
  endfacet
  facet normal 0 1 -0
    outer loop
      vertex 111.7000 163.4000 0.0000
      vertex 108.7000 163.4000 3.0000
      vertex 111.7000 163.4000 3.0000
    endloop
  endfacet
  facet normal 0 1 0
    outer loop
      vertex 108.7000 163.4000 3.0000
      vertex 111.7000 163.4000 0.0000
      vertex 108.7000 163.4000 0.0000
    endloop
  endfacet
  facet normal -1 0 0
    outer loop
      vertex 111.7000 187.4000 0.0000
      vertex 111.7000 207.4000 3.0000
      vertex 111.7000 207.4000 0.0000
    endloop
  endfacet
  facet normal -1 -0 0
    outer loop
      vertex 111.7000 207.4000 3.0000
      vertex 111.7000 187.4000 0.0000
      vertex 111.7000 187.4000 3.0000
    endloop
  endfacet
  facet normal 1 -0 0
    outer loop
      vertex 108.7000 187.4000 3.0000
      vertex 108.7000 207.4000 0.0000
      vertex 108.7000 207.4000 3.0000
    endloop
  endfacet
  facet normal 1 0 0
    outer loop
      vertex 108.7000 207.4000 0.0000
      vertex 108.7000 187.4000 3.0000
      vertex 108.7000 187.4000 0.0000
    endloop
  endfacet
  facet normal 0 -1 0
    outer loop
      vertex 108.7000 207.4000 0.0000
      vertex 111.7000 207.4000 3.0000
      vertex 108.7000 207.4000 3.0000
    endloop
  endfacet
  facet normal 0 -1 -0
    outer loop
      vertex 111.7000 207.4000 3.0000
      vertex 108.7000 207.4000 0.0000
      vertex 111.7000 207.4000 0.0000
    endloop
  endfacet
  facet normal 0 1 -0
    outer loop
      vertex 111.7000 187.4000 0.0000
      vertex 108.7000 187.4000 3.0000
      vertex 111.7000 187.4000 3.0000
    endloop
  endfacet
  facet normal 0 1 0
    outer loop
      vertex 108.7000 187.4000 3.0000
      vertex 111.7000 187.4000 0.0000
      vertex 108.7000 187.4000 0.0000
    endloop
  endfacet
  facet normal -1 0 0
    outer loop
      vertex 111.7000 211.4000 0.0000
      vertex 111.7000 231.4000 3.0000
      vertex 111.7000 231.4000 0.0000
    endloop
  endfacet
  facet normal -1 -0 0
    outer loop
      vertex 111.7000 231.4000 3.0000
      vertex 111.7000 211.4000 0.0000
      vertex 111.7000 211.4000 3.0000
    endloop
  endfacet
  facet normal 1 -0 0
    outer loop
      vertex 108.7000 211.4000 3.0000
      vertex 108.7000 231.4000 0.0000
      vertex 108.7000 231.4000 3.0000
    endloop
  endfacet
  facet normal 1 0 0
    outer loop
      vertex 108.7000 231.4000 0.0000
      vertex 108.7000 211.4000 3.0000
      vertex 108.7000 211.4000 0.0000
    endloop
  endfacet
  facet normal 0 -1 0
    outer loop
      vertex 108.7000 231.4000 0.0000
      vertex 111.7000 231.4000 3.0000
      vertex 108.7000 231.4000 3.0000
    endloop
  endfacet
  facet normal 0 -1 -0
    outer loop
      vertex 111.7000 231.4000 3.0000
      vertex 108.7000 231.4000 0.0000
      vertex 111.7000 231.4000 0.0000
    endloop
  endfacet
  facet normal 0 1 -0
    outer loop
      vertex 111.7000 211.4000 0.0000
      vertex 108.7000 211.4000 3.0000
      vertex 111.7000 211.4000 3.0000
    endloop
  endfacet
  facet normal 0 1 0
    outer loop
      vertex 108.7000 211.4000 3.0000
      vertex 111.7000 211.4000 0.0000
      vertex 108.7000 211.4000 0.0000
    endloop
  endfacet
  facet normal -1 0 0
    outer loop
      vertex 117.7000 163.4000 0.0000
      vertex 117.7000 183.4000 3.0000
      vertex 117.7000 183.4000 0.0000
    endloop
  endfacet
  facet normal -1 -0 0
    outer loop
      vertex 117.7000 183.4000 3.0000
      vertex 117.7000 163.4000 0.0000
      vertex 117.7000 163.4000 3.0000
    endloop
  endfacet
  facet normal 1 -0 0
    outer loop
      vertex 114.7000 163.4000 3.0000
      vertex 114.7000 183.4000 0.0000
      vertex 114.7000 183.4000 3.0000
    endloop
  endfacet
  facet normal 1 0 0
    outer loop
      vertex 114.7000 183.4000 0.0000
      vertex 114.7000 163.4000 3.0000
      vertex 114.7000 163.4000 0.0000
    endloop
  endfacet
  facet normal 0 -1 0
    outer loop
      vertex 114.7000 183.4000 0.0000
      vertex 117.7000 183.4000 3.0000
      vertex 114.7000 183.4000 3.0000
    endloop
  endfacet
  facet normal 0 -1 -0
    outer loop
      vertex 117.7000 183.4000 3.0000
      vertex 114.7000 183.4000 0.0000
      vertex 117.7000 183.4000 0.0000
    endloop
  endfacet
  facet normal 0 1 -0
    outer loop
      vertex 117.7000 163.4000 0.0000
      vertex 114.7000 163.4000 3.0000
      vertex 117.7000 163.4000 3.0000
    endloop
  endfacet
  facet normal 0 1 0
    outer loop
      vertex 114.7000 163.4000 3.0000
      vertex 117.7000 163.4000 0.0000
      vertex 114.7000 163.4000 0.0000
    endloop
  endfacet
  facet normal -1 0 0
    outer loop
      vertex 117.7000 187.4000 0.0000
      vertex 117.7000 207.4000 3.0000
      vertex 117.7000 207.4000 0.0000
    endloop
  endfacet
  facet normal -1 -0 0
    outer loop
      vertex 117.7000 207.4000 3.0000
      vertex 117.7000 187.4000 0.0000
      vertex 117.7000 187.4000 3.0000
    endloop
  endfacet
  facet normal 1 -0 0
    outer loop
      vertex 114.7000 187.4000 3.0000
      vertex 114.7000 207.4000 0.0000
      vertex 114.7000 207.4000 3.0000
    endloop
  endfacet
  facet normal 1 0 0
    outer loop
      vertex 114.7000 207.4000 0.0000
      vertex 114.7000 187.4000 3.0000
      vertex 114.7000 187.4000 0.0000
    endloop
  endfacet
  facet normal 0 -1 0
    outer loop
      vertex 114.7000 207.4000 0.0000
      vertex 117.7000 207.4000 3.0000
      vertex 114.7000 207.4000 3.0000
    endloop
  endfacet
  facet normal 0 -1 -0
    outer loop
      vertex 117.7000 207.4000 3.0000
      vertex 114.7000 207.4000 0.0000
      vertex 117.7000 207.4000 0.0000
    endloop
  endfacet
  facet normal 0 1 -0
    outer loop
      vertex 117.7000 187.4000 0.0000
      vertex 114.7000 187.4000 3.0000
      vertex 117.7000 187.4000 3.0000
    endloop
  endfacet
  facet normal 0 1 0
    outer loop
      vertex 114.7000 187.4000 3.0000
      vertex 117.7000 187.4000 0.0000
      vertex 114.7000 187.4000 0.0000
    endloop
  endfacet
  facet normal -1 0 0
    outer loop
      vertex 117.7000 211.4000 0.0000
      vertex 117.7000 231.4000 3.0000
      vertex 117.7000 231.4000 0.0000
    endloop
  endfacet
  facet normal -1 -0 0
    outer loop
      vertex 117.7000 231.4000 3.0000
      vertex 117.7000 211.4000 0.0000
      vertex 117.7000 211.4000 3.0000
    endloop
  endfacet
  facet normal 1 -0 0
    outer loop
      vertex 114.7000 211.4000 3.0000
      vertex 114.7000 231.4000 0.0000
      vertex 114.7000 231.4000 3.0000
    endloop
  endfacet
  facet normal 1 0 0
    outer loop
      vertex 114.7000 231.4000 0.0000
      vertex 114.7000 211.4000 3.0000
      vertex 114.7000 211.4000 0.0000
    endloop
  endfacet
  facet normal 0 -1 0
    outer loop
      vertex 114.7000 231.4000 0.0000
      vertex 117.7000 231.4000 3.0000
      vertex 114.7000 231.4000 3.0000
    endloop
  endfacet
  facet normal 0 -1 -0
    outer loop
      vertex 117.7000 231.4000 3.0000
      vertex 114.7000 231.4000 0.0000
      vertex 117.7000 231.4000 0.0000
    endloop
  endfacet
  facet normal 0 1 -0
    outer loop
      vertex 117.7000 211.4000 0.0000
      vertex 114.7000 211.4000 3.0000
      vertex 117.7000 211.4000 3.0000
    endloop
  endfacet
  facet normal 0 1 0
    outer loop
      vertex 114.7000 211.4000 3.0000
      vertex 117.7000 211.4000 0.0000
      vertex 114.7000 211.4000 0.0000
    endloop
  endfacet
  facet normal -1 0 0
    outer loop
      vertex 123.7000 163.4000 0.0000
      vertex 123.7000 183.4000 3.0000
      vertex 123.7000 183.4000 0.0000
    endloop
  endfacet
  facet normal -1 -0 0
    outer loop
      vertex 123.7000 183.4000 3.0000
      vertex 123.7000 163.4000 0.0000
      vertex 123.7000 163.4000 3.0000
    endloop
  endfacet
  facet normal 1 -0 0
    outer loop
      vertex 120.7000 163.4000 3.0000
      vertex 120.7000 183.4000 0.0000
      vertex 120.7000 183.4000 3.0000
    endloop
  endfacet
  facet normal 1 0 0
    outer loop
      vertex 120.7000 183.4000 0.0000
      vertex 120.7000 163.4000 3.0000
      vertex 120.7000 163.4000 0.0000
    endloop
  endfacet
  facet normal 0 -1 0
    outer loop
      vertex 120.7000 183.4000 0.0000
      vertex 123.7000 183.4000 3.0000
      vertex 120.7000 183.4000 3.0000
    endloop
  endfacet
  facet normal 0 -1 -0
    outer loop
      vertex 123.7000 183.4000 3.0000
      vertex 120.7000 183.4000 0.0000
      vertex 123.7000 183.4000 0.0000
    endloop
  endfacet
  facet normal 0 1 -0
    outer loop
      vertex 123.7000 163.4000 0.0000
      vertex 120.7000 163.4000 3.0000
      vertex 123.7000 163.4000 3.0000
    endloop
  endfacet
  facet normal 0 1 0
    outer loop
      vertex 120.7000 163.4000 3.0000
      vertex 123.7000 163.4000 0.0000
      vertex 120.7000 163.4000 0.0000
    endloop
  endfacet
  facet normal -1 0 0
    outer loop
      vertex 123.7000 187.4000 0.0000
      vertex 123.7000 207.4000 3.0000
      vertex 123.7000 207.4000 0.0000
    endloop
  endfacet
  facet normal -1 -0 0
    outer loop
      vertex 123.7000 207.4000 3.0000
      vertex 123.7000 187.4000 0.0000
      vertex 123.7000 187.4000 3.0000
    endloop
  endfacet
  facet normal 1 -0 0
    outer loop
      vertex 120.7000 187.4000 3.0000
      vertex 120.7000 207.4000 0.0000
      vertex 120.7000 207.4000 3.0000
    endloop
  endfacet
  facet normal 1 0 0
    outer loop
      vertex 120.7000 207.4000 0.0000
      vertex 120.7000 187.4000 3.0000
      vertex 120.7000 187.4000 0.0000
    endloop
  endfacet
  facet normal 0 -1 0
    outer loop
      vertex 120.7000 207.4000 0.0000
      vertex 123.7000 207.4000 3.0000
      vertex 120.7000 207.4000 3.0000
    endloop
  endfacet
  facet normal 0 -1 -0
    outer loop
      vertex 123.7000 207.4000 3.0000
      vertex 120.7000 207.4000 0.0000
      vertex 123.7000 207.4000 0.0000
    endloop
  endfacet
  facet normal 0 1 -0
    outer loop
      vertex 123.7000 187.4000 0.0000
      vertex 120.7000 187.4000 3.0000
      vertex 123.7000 187.4000 3.0000
    endloop
  endfacet
  facet normal 0 1 0
    outer loop
      vertex 120.7000 187.4000 3.0000
      vertex 123.7000 187.4000 0.0000
      vertex 120.7000 187.4000 0.0000
    endloop
  endfacet
  facet normal -1 0 0
    outer loop
      vertex 123.7000 211.4000 0.0000
      vertex 123.7000 231.4000 3.0000
      vertex 123.7000 231.4000 0.0000
    endloop
  endfacet
  facet normal -1 -0 0
    outer loop
      vertex 123.7000 231.4000 3.0000
      vertex 123.7000 211.4000 0.0000
      vertex 123.7000 211.4000 3.0000
    endloop
  endfacet
  facet normal 1 -0 0
    outer loop
      vertex 120.7000 211.4000 3.0000
      vertex 120.7000 231.4000 0.0000
      vertex 120.7000 231.4000 3.0000
    endloop
  endfacet
  facet normal 1 0 0
    outer loop
      vertex 120.7000 231.4000 0.0000
      vertex 120.7000 211.4000 3.0000
      vertex 120.7000 211.4000 0.0000
    endloop
  endfacet
  facet normal 0 -1 0
    outer loop
      vertex 120.7000 231.4000 0.0000
      vertex 123.7000 231.4000 3.0000
      vertex 120.7000 231.4000 3.0000
    endloop
  endfacet
  facet normal 0 -1 -0
    outer loop
      vertex 123.7000 231.4000 3.0000
      vertex 120.7000 231.4000 0.0000
      vertex 123.7000 231.4000 0.0000
    endloop
  endfacet
  facet normal 0 1 -0
    outer loop
      vertex 123.7000 211.4000 0.0000
      vertex 120.7000 211.4000 3.0000
      vertex 123.7000 211.4000 3.0000
    endloop
  endfacet
  facet normal 0 1 0
    outer loop
      vertex 120.7000 211.4000 3.0000
      vertex 123.7000 211.4000 0.0000
      vertex 120.7000 211.4000 0.0000
    endloop
  endfacet
  facet normal -1 0 0
    outer loop
      vertex 129.7000 163.4000 0.0000
      vertex 129.7000 183.4000 3.0000
      vertex 129.7000 183.4000 0.0000
    endloop
  endfacet
  facet normal -1 -0 0
    outer loop
      vertex 129.7000 183.4000 3.0000
      vertex 129.7000 163.4000 0.0000
      vertex 129.7000 163.4000 3.0000
    endloop
  endfacet
  facet normal 1 -0 0
    outer loop
      vertex 126.7000 163.4000 3.0000
      vertex 126.7000 183.4000 0.0000
      vertex 126.7000 183.4000 3.0000
    endloop
  endfacet
  facet normal 1 0 0
    outer loop
      vertex 126.7000 183.4000 0.0000
      vertex 126.7000 163.4000 3.0000
      vertex 126.7000 163.4000 0.0000
    endloop
  endfacet
  facet normal 0 -1 0
    outer loop
      vertex 126.7000 183.4000 0.0000
      vertex 129.7000 183.4000 3.0000
      vertex 126.7000 183.4000 3.0000
    endloop
  endfacet
  facet normal 0 -1 -0
    outer loop
      vertex 129.7000 183.4000 3.0000
      vertex 126.7000 183.4000 0.0000
      vertex 129.7000 183.4000 0.0000
    endloop
  endfacet
  facet normal 0 1 -0
    outer loop
      vertex 129.7000 163.4000 0.0000
      vertex 126.7000 163.4000 3.0000
      vertex 129.7000 163.4000 3.0000
    endloop
  endfacet
  facet normal 0 1 0
    outer loop
      vertex 126.7000 163.4000 3.0000
      vertex 129.7000 163.4000 0.0000
      vertex 126.7000 163.4000 0.0000
    endloop
  endfacet
  facet normal -1 0 0
    outer loop
      vertex 129.7000 187.4000 0.0000
      vertex 129.7000 207.4000 3.0000
      vertex 129.7000 207.4000 0.0000
    endloop
  endfacet
  facet normal -1 -0 0
    outer loop
      vertex 129.7000 207.4000 3.0000
      vertex 129.7000 187.4000 0.0000
      vertex 129.7000 187.4000 3.0000
    endloop
  endfacet
  facet normal 1 -0 0
    outer loop
      vertex 126.7000 187.4000 3.0000
      vertex 126.7000 207.4000 0.0000
      vertex 126.7000 207.4000 3.0000
    endloop
  endfacet
  facet normal 1 0 0
    outer loop
      vertex 126.7000 207.4000 0.0000
      vertex 126.7000 187.4000 3.0000
      vertex 126.7000 187.4000 0.0000
    endloop
  endfacet
  facet normal 0 -1 0
    outer loop
      vertex 126.7000 207.4000 0.0000
      vertex 129.7000 207.4000 3.0000
      vertex 126.7000 207.4000 3.0000
    endloop
  endfacet
  facet normal 0 -1 -0
    outer loop
      vertex 129.7000 207.4000 3.0000
      vertex 126.7000 207.4000 0.0000
      vertex 129.7000 207.4000 0.0000
    endloop
  endfacet
  facet normal 0 1 -0
    outer loop
      vertex 129.7000 187.4000 0.0000
      vertex 126.7000 187.4000 3.0000
      vertex 129.7000 187.4000 3.0000
    endloop
  endfacet
  facet normal 0 1 0
    outer loop
      vertex 126.7000 187.4000 3.0000
      vertex 129.7000 187.4000 0.0000
      vertex 126.7000 187.4000 0.0000
    endloop
  endfacet
  facet normal -1 0 0
    outer loop
      vertex 129.7000 211.4000 0.0000
      vertex 129.7000 231.4000 3.0000
      vertex 129.7000 231.4000 0.0000
    endloop
  endfacet
  facet normal -1 -0 0
    outer loop
      vertex 129.7000 231.4000 3.0000
      vertex 129.7000 211.4000 0.0000
      vertex 129.7000 211.4000 3.0000
    endloop
  endfacet
  facet normal 1 -0 0
    outer loop
      vertex 126.7000 211.4000 3.0000
      vertex 126.7000 231.4000 0.0000
      vertex 126.7000 231.4000 3.0000
    endloop
  endfacet
  facet normal 1 0 0
    outer loop
      vertex 126.7000 231.4000 0.0000
      vertex 126.7000 211.4000 3.0000
      vertex 126.7000 211.4000 0.0000
    endloop
  endfacet
  facet normal 0 -1 0
    outer loop
      vertex 126.7000 231.4000 0.0000
      vertex 129.7000 231.4000 3.0000
      vertex 126.7000 231.4000 3.0000
    endloop
  endfacet
  facet normal 0 -1 -0
    outer loop
      vertex 129.7000 231.4000 3.0000
      vertex 126.7000 231.4000 0.0000
      vertex 129.7000 231.4000 0.0000
    endloop
  endfacet
  facet normal 0 1 -0
    outer loop
      vertex 129.7000 211.4000 0.0000
      vertex 126.7000 211.4000 3.0000
      vertex 129.7000 211.4000 3.0000
    endloop
  endfacet
  facet normal 0 1 0
    outer loop
      vertex 126.7000 211.4000 3.0000
      vertex 129.7000 211.4000 0.0000
      vertex 126.7000 211.4000 0.0000
    endloop
  endfacet
  facet normal -1 0 0
    outer loop
      vertex 135.7000 163.4000 0.0000
      vertex 135.7000 183.4000 3.0000
      vertex 135.7000 183.4000 0.0000
    endloop
  endfacet
  facet normal -1 -0 0
    outer loop
      vertex 135.7000 183.4000 3.0000
      vertex 135.7000 163.4000 0.0000
      vertex 135.7000 163.4000 3.0000
    endloop
  endfacet
  facet normal 1 -0 0
    outer loop
      vertex 132.7000 163.4000 3.0000
      vertex 132.7000 183.4000 0.0000
      vertex 132.7000 183.4000 3.0000
    endloop
  endfacet
  facet normal 1 0 0
    outer loop
      vertex 132.7000 183.4000 0.0000
      vertex 132.7000 163.4000 3.0000
      vertex 132.7000 163.4000 0.0000
    endloop
  endfacet
  facet normal 0 -1 0
    outer loop
      vertex 132.7000 183.4000 0.0000
      vertex 135.7000 183.4000 3.0000
      vertex 132.7000 183.4000 3.0000
    endloop
  endfacet
  facet normal 0 -1 -0
    outer loop
      vertex 135.7000 183.4000 3.0000
      vertex 132.7000 183.4000 0.0000
      vertex 135.7000 183.4000 0.0000
    endloop
  endfacet
  facet normal 0 1 -0
    outer loop
      vertex 135.7000 163.4000 0.0000
      vertex 132.7000 163.4000 3.0000
      vertex 135.7000 163.4000 3.0000
    endloop
  endfacet
  facet normal 0 1 0
    outer loop
      vertex 132.7000 163.4000 3.0000
      vertex 135.7000 163.4000 0.0000
      vertex 132.7000 163.4000 0.0000
    endloop
  endfacet
  facet normal -1 0 0
    outer loop
      vertex 135.7000 187.4000 0.0000
      vertex 135.7000 207.4000 3.0000
      vertex 135.7000 207.4000 0.0000
    endloop
  endfacet
  facet normal -1 -0 0
    outer loop
      vertex 135.7000 207.4000 3.0000
      vertex 135.7000 187.4000 0.0000
      vertex 135.7000 187.4000 3.0000
    endloop
  endfacet
  facet normal 1 -0 0
    outer loop
      vertex 132.7000 187.4000 3.0000
      vertex 132.7000 207.4000 0.0000
      vertex 132.7000 207.4000 3.0000
    endloop
  endfacet
  facet normal 1 0 0
    outer loop
      vertex 132.7000 207.4000 0.0000
      vertex 132.7000 187.4000 3.0000
      vertex 132.7000 187.4000 0.0000
    endloop
  endfacet
  facet normal 0 -1 0
    outer loop
      vertex 132.7000 207.4000 0.0000
      vertex 135.7000 207.4000 3.0000
      vertex 132.7000 207.4000 3.0000
    endloop
  endfacet
  facet normal 0 -1 -0
    outer loop
      vertex 135.7000 207.4000 3.0000
      vertex 132.7000 207.4000 0.0000
      vertex 135.7000 207.4000 0.0000
    endloop
  endfacet
  facet normal 0 1 -0
    outer loop
      vertex 135.7000 187.4000 0.0000
      vertex 132.7000 187.4000 3.0000
      vertex 135.7000 187.4000 3.0000
    endloop
  endfacet
  facet normal 0 1 0
    outer loop
      vertex 132.7000 187.4000 3.0000
      vertex 135.7000 187.4000 0.0000
      vertex 132.7000 187.4000 0.0000
    endloop
  endfacet
  facet normal -1 0 0
    outer loop
      vertex 135.7000 211.4000 0.0000
      vertex 135.7000 231.4000 3.0000
      vertex 135.7000 231.4000 0.0000
    endloop
  endfacet
  facet normal -1 -0 0
    outer loop
      vertex 135.7000 231.4000 3.0000
      vertex 135.7000 211.4000 0.0000
      vertex 135.7000 211.4000 3.0000
    endloop
  endfacet
  facet normal 1 -0 0
    outer loop
      vertex 132.7000 211.4000 3.0000
      vertex 132.7000 231.4000 0.0000
      vertex 132.7000 231.4000 3.0000
    endloop
  endfacet
  facet normal 1 0 0
    outer loop
      vertex 132.7000 231.4000 0.0000
      vertex 132.7000 211.4000 3.0000
      vertex 132.7000 211.4000 0.0000
    endloop
  endfacet
  facet normal 0 -1 0
    outer loop
      vertex 132.7000 231.4000 0.0000
      vertex 135.7000 231.4000 3.0000
      vertex 132.7000 231.4000 3.0000
    endloop
  endfacet
  facet normal 0 -1 -0
    outer loop
      vertex 135.7000 231.4000 3.0000
      vertex 132.7000 231.4000 0.0000
      vertex 135.7000 231.4000 0.0000
    endloop
  endfacet
  facet normal 0 1 -0
    outer loop
      vertex 135.7000 211.4000 0.0000
      vertex 132.7000 211.4000 3.0000
      vertex 135.7000 211.4000 3.0000
    endloop
  endfacet
  facet normal 0 1 0
    outer loop
      vertex 132.7000 211.4000 3.0000
      vertex 135.7000 211.4000 0.0000
      vertex 132.7000 211.4000 0.0000
    endloop
  endfacet
  facet normal 0 0 -1
    outer loop
      vertex 18.7000 207.4000 0.0000
      vertex 21.7000 211.4000 0.0000
      vertex 21.7000 207.4000 0.0000
    endloop
  endfacet
  facet normal -0 0 -1
    outer loop
      vertex 21.7000 211.4000 0.0000
      vertex 18.7000 207.4000 0.0000
      vertex 18.7000 211.4000 0.0000
    endloop
  endfacet
  facet normal 0 0 -1
    outer loop
      vertex 18.7000 183.4000 0.0000
      vertex 21.7000 187.4000 0.0000
      vertex 21.7000 183.4000 0.0000
    endloop
  endfacet
  facet normal -0 0 -1
    outer loop
      vertex 21.7000 187.4000 0.0000
      vertex 18.7000 183.4000 0.0000
      vertex 18.7000 187.4000 0.0000
    endloop
  endfacet
  facet normal 0 0 -1
    outer loop
      vertex 24.7000 207.4000 0.0000
      vertex 27.7000 211.4000 0.0000
      vertex 27.7000 207.4000 0.0000
    endloop
  endfacet
  facet normal -0 0 -1
    outer loop
      vertex 27.7000 211.4000 0.0000
      vertex 24.7000 207.4000 0.0000
      vertex 24.7000 211.4000 0.0000
    endloop
  endfacet
  facet normal 0 0 -1
    outer loop
      vertex 24.7000 183.4000 0.0000
      vertex 27.7000 187.4000 0.0000
      vertex 27.7000 183.4000 0.0000
    endloop
  endfacet
  facet normal -0 0 -1
    outer loop
      vertex 27.7000 187.4000 0.0000
      vertex 24.7000 183.4000 0.0000
      vertex 24.7000 187.4000 0.0000
    endloop
  endfacet
  facet normal 0 0 -1
    outer loop
      vertex 30.7000 207.4000 0.0000
      vertex 33.7000 211.4000 0.0000
      vertex 33.7000 207.4000 0.0000
    endloop
  endfacet
  facet normal -0 0 -1
    outer loop
      vertex 33.7000 211.4000 0.0000
      vertex 30.7000 207.4000 0.0000
      vertex 30.7000 211.4000 0.0000
    endloop
  endfacet
  facet normal 0 0 -1
    outer loop
      vertex 30.7000 183.4000 0.0000
      vertex 33.7000 187.4000 0.0000
      vertex 33.7000 183.4000 0.0000
    endloop
  endfacet
  facet normal -0 0 -1
    outer loop
      vertex 33.7000 187.4000 0.0000
      vertex 30.7000 183.4000 0.0000
      vertex 30.7000 187.4000 0.0000
    endloop
  endfacet
  facet normal 0 0 -1
    outer loop
      vertex 36.7000 207.4000 0.0000
      vertex 39.7000 211.4000 0.0000
      vertex 39.7000 207.4000 0.0000
    endloop
  endfacet
  facet normal -0 0 -1
    outer loop
      vertex 39.7000 211.4000 0.0000
      vertex 36.7000 207.4000 0.0000
      vertex 36.7000 211.4000 0.0000
    endloop
  endfacet
  facet normal 0 0 -1
    outer loop
      vertex 36.7000 183.4000 0.0000
      vertex 39.7000 187.4000 0.0000
      vertex 39.7000 183.4000 0.0000
    endloop
  endfacet
  facet normal -0 0 -1
    outer loop
      vertex 39.7000 187.4000 0.0000
      vertex 36.7000 183.4000 0.0000
      vertex 36.7000 187.4000 0.0000
    endloop
  endfacet
  facet normal 0 0 -1
    outer loop
      vertex 42.7000 207.4000 0.0000
      vertex 45.7000 211.4000 0.0000
      vertex 45.7000 207.4000 0.0000
    endloop
  endfacet
  facet normal -0 0 -1
    outer loop
      vertex 45.7000 211.4000 0.0000
      vertex 42.7000 207.4000 0.0000
      vertex 42.7000 211.4000 0.0000
    endloop
  endfacet
  facet normal 0 0 -1
    outer loop
      vertex 42.7000 183.4000 0.0000
      vertex 45.7000 187.4000 0.0000
      vertex 45.7000 183.4000 0.0000
    endloop
  endfacet
  facet normal -0 0 -1
    outer loop
      vertex 45.7000 187.4000 0.0000
      vertex 42.7000 183.4000 0.0000
      vertex 42.7000 187.4000 0.0000
    endloop
  endfacet
  facet normal 0 0 -1
    outer loop
      vertex 48.7000 207.4000 0.0000
      vertex 51.7000 211.4000 0.0000
      vertex 51.7000 207.4000 0.0000
    endloop
  endfacet
  facet normal -0 0 -1
    outer loop
      vertex 51.7000 211.4000 0.0000
      vertex 48.7000 207.4000 0.0000
      vertex 48.7000 211.4000 0.0000
    endloop
  endfacet
  facet normal 0 0 -1
    outer loop
      vertex 48.7000 183.4000 0.0000
      vertex 51.7000 187.4000 0.0000
      vertex 51.7000 183.4000 0.0000
    endloop
  endfacet
  facet normal -0 0 -1
    outer loop
      vertex 51.7000 187.4000 0.0000
      vertex 48.7000 183.4000 0.0000
      vertex 48.7000 187.4000 0.0000
    endloop
  endfacet
  facet normal 0 0 -1
    outer loop
      vertex 54.7000 207.4000 0.0000
      vertex 57.7000 211.4000 0.0000
      vertex 57.7000 207.4000 0.0000
    endloop
  endfacet
  facet normal -0 0 -1
    outer loop
      vertex 57.7000 211.4000 0.0000
      vertex 54.7000 207.4000 0.0000
      vertex 54.7000 211.4000 0.0000
    endloop
  endfacet
  facet normal 0 0 -1
    outer loop
      vertex 54.7000 183.4000 0.0000
      vertex 57.7000 187.4000 0.0000
      vertex 57.7000 183.4000 0.0000
    endloop
  endfacet
  facet normal -0 0 -1
    outer loop
      vertex 57.7000 187.4000 0.0000
      vertex 54.7000 183.4000 0.0000
      vertex 54.7000 187.4000 0.0000
    endloop
  endfacet
  facet normal 0 0 -1
    outer loop
      vertex 60.7000 207.4000 0.0000
      vertex 63.7000 211.4000 0.0000
      vertex 63.7000 207.4000 0.0000
    endloop
  endfacet
  facet normal -0 0 -1
    outer loop
      vertex 63.7000 211.4000 0.0000
      vertex 60.7000 207.4000 0.0000
      vertex 60.7000 211.4000 0.0000
    endloop
  endfacet
  facet normal 0 0 -1
    outer loop
      vertex 60.7000 183.4000 0.0000
      vertex 63.7000 187.4000 0.0000
      vertex 63.7000 183.4000 0.0000
    endloop
  endfacet
  facet normal -0 0 -1
    outer loop
      vertex 63.7000 187.4000 0.0000
      vertex 60.7000 183.4000 0.0000
      vertex 60.7000 187.4000 0.0000
    endloop
  endfacet
  facet normal 0 0 -1
    outer loop
      vertex 66.7000 207.4000 0.0000
      vertex 69.7000 211.4000 0.0000
      vertex 69.7000 207.4000 0.0000
    endloop
  endfacet
  facet normal -0 0 -1
    outer loop
      vertex 69.7000 211.4000 0.0000
      vertex 66.7000 207.4000 0.0000
      vertex 66.7000 211.4000 0.0000
    endloop
  endfacet
  facet normal 0 0 -1
    outer loop
      vertex 66.7000 183.4000 0.0000
      vertex 69.7000 187.4000 0.0000
      vertex 69.7000 183.4000 0.0000
    endloop
  endfacet
  facet normal -0 0 -1
    outer loop
      vertex 69.7000 187.4000 0.0000
      vertex 66.7000 183.4000 0.0000
      vertex 66.7000 187.4000 0.0000
    endloop
  endfacet
  facet normal 0 0 -1
    outer loop
      vertex 72.7000 207.4000 0.0000
      vertex 75.7000 211.4000 0.0000
      vertex 75.7000 207.4000 0.0000
    endloop
  endfacet
  facet normal -0 0 -1
    outer loop
      vertex 75.7000 211.4000 0.0000
      vertex 72.7000 207.4000 0.0000
      vertex 72.7000 211.4000 0.0000
    endloop
  endfacet
  facet normal 0 0 -1
    outer loop
      vertex 72.7000 183.4000 0.0000
      vertex 75.7000 187.4000 0.0000
      vertex 75.7000 183.4000 0.0000
    endloop
  endfacet
  facet normal -0 0 -1
    outer loop
      vertex 75.7000 187.4000 0.0000
      vertex 72.7000 183.4000 0.0000
      vertex 72.7000 187.4000 0.0000
    endloop
  endfacet
  facet normal 0 0 -1
    outer loop
      vertex 78.7000 207.4000 0.0000
      vertex 81.7000 211.4000 0.0000
      vertex 81.7000 207.4000 0.0000
    endloop
  endfacet
  facet normal -0 0 -1
    outer loop
      vertex 81.7000 211.4000 0.0000
      vertex 78.7000 207.4000 0.0000
      vertex 78.7000 211.4000 0.0000
    endloop
  endfacet
  facet normal 0 0 -1
    outer loop
      vertex 78.7000 183.4000 0.0000
      vertex 81.7000 187.4000 0.0000
      vertex 81.7000 183.4000 0.0000
    endloop
  endfacet
  facet normal -0 0 -1
    outer loop
      vertex 81.7000 187.4000 0.0000
      vertex 78.7000 183.4000 0.0000
      vertex 78.7000 187.4000 0.0000
    endloop
  endfacet
  facet normal 0 0 -1
    outer loop
      vertex 84.7000 207.4000 0.0000
      vertex 87.7000 211.4000 0.0000
      vertex 87.7000 207.4000 0.0000
    endloop
  endfacet
  facet normal -0 0 -1
    outer loop
      vertex 87.7000 211.4000 0.0000
      vertex 84.7000 207.4000 0.0000
      vertex 84.7000 211.4000 0.0000
    endloop
  endfacet
  facet normal 0 0 -1
    outer loop
      vertex 84.7000 183.4000 0.0000
      vertex 87.7000 187.4000 0.0000
      vertex 87.7000 183.4000 0.0000
    endloop
  endfacet
  facet normal -0 0 -1
    outer loop
      vertex 87.7000 187.4000 0.0000
      vertex 84.7000 183.4000 0.0000
      vertex 84.7000 187.4000 0.0000
    endloop
  endfacet
  facet normal 0 0 -1
    outer loop
      vertex 90.7000 207.4000 0.0000
      vertex 93.7000 211.4000 0.0000
      vertex 93.7000 207.4000 0.0000
    endloop
  endfacet
  facet normal -0 0 -1
    outer loop
      vertex 93.7000 211.4000 0.0000
      vertex 90.7000 207.4000 0.0000
      vertex 90.7000 211.4000 0.0000
    endloop
  endfacet
  facet normal 0 0 -1
    outer loop
      vertex 90.7000 183.4000 0.0000
      vertex 93.7000 187.4000 0.0000
      vertex 93.7000 183.4000 0.0000
    endloop
  endfacet
  facet normal -0 0 -1
    outer loop
      vertex 93.7000 187.4000 0.0000
      vertex 90.7000 183.4000 0.0000
      vertex 90.7000 187.4000 0.0000
    endloop
  endfacet
  facet normal 0 0 -1
    outer loop
      vertex 96.7000 207.4000 0.0000
      vertex 99.7000 211.4000 0.0000
      vertex 99.7000 207.4000 0.0000
    endloop
  endfacet
  facet normal -0 0 -1
    outer loop
      vertex 99.7000 211.4000 0.0000
      vertex 96.7000 207.4000 0.0000
      vertex 96.7000 211.4000 0.0000
    endloop
  endfacet
  facet normal 0 0 -1
    outer loop
      vertex 96.7000 183.4000 0.0000
      vertex 99.7000 187.4000 0.0000
      vertex 99.7000 183.4000 0.0000
    endloop
  endfacet
  facet normal -0 0 -1
    outer loop
      vertex 99.7000 187.4000 0.0000
      vertex 96.7000 183.4000 0.0000
      vertex 96.7000 187.4000 0.0000
    endloop
  endfacet
  facet normal 0 0 -1
    outer loop
      vertex 102.7000 207.4000 0.0000
      vertex 105.7000 211.4000 0.0000
      vertex 105.7000 207.4000 0.0000
    endloop
  endfacet
  facet normal -0 0 -1
    outer loop
      vertex 105.7000 211.4000 0.0000
      vertex 102.7000 207.4000 0.0000
      vertex 102.7000 211.4000 0.0000
    endloop
  endfacet
  facet normal 0 0 -1
    outer loop
      vertex 102.7000 183.4000 0.0000
      vertex 105.7000 187.4000 0.0000
      vertex 105.7000 183.4000 0.0000
    endloop
  endfacet
  facet normal -0 0 -1
    outer loop
      vertex 105.7000 187.4000 0.0000
      vertex 102.7000 183.4000 0.0000
      vertex 102.7000 187.4000 0.0000
    endloop
  endfacet
  facet normal 0 0 -1
    outer loop
      vertex 108.7000 207.4000 0.0000
      vertex 111.7000 211.4000 0.0000
      vertex 111.7000 207.4000 0.0000
    endloop
  endfacet
  facet normal -0 0 -1
    outer loop
      vertex 111.7000 211.4000 0.0000
      vertex 108.7000 207.4000 0.0000
      vertex 108.7000 211.4000 0.0000
    endloop
  endfacet
  facet normal 0 0 -1
    outer loop
      vertex 108.7000 183.4000 0.0000
      vertex 111.7000 187.4000 0.0000
      vertex 111.7000 183.4000 0.0000
    endloop
  endfacet
  facet normal -0 0 -1
    outer loop
      vertex 111.7000 187.4000 0.0000
      vertex 108.7000 183.4000 0.0000
      vertex 108.7000 187.4000 0.0000
    endloop
  endfacet
  facet normal 0 0 -1
    outer loop
      vertex 114.7000 207.4000 0.0000
      vertex 117.7000 211.4000 0.0000
      vertex 117.7000 207.4000 0.0000
    endloop
  endfacet
  facet normal -0 0 -1
    outer loop
      vertex 117.7000 211.4000 0.0000
      vertex 114.7000 207.4000 0.0000
      vertex 114.7000 211.4000 0.0000
    endloop
  endfacet
  facet normal 0 0 -1
    outer loop
      vertex 114.7000 183.4000 0.0000
      vertex 117.7000 187.4000 0.0000
      vertex 117.7000 183.4000 0.0000
    endloop
  endfacet
  facet normal -0 0 -1
    outer loop
      vertex 117.7000 187.4000 0.0000
      vertex 114.7000 183.4000 0.0000
      vertex 114.7000 187.4000 0.0000
    endloop
  endfacet
  facet normal 0 0 -1
    outer loop
      vertex 120.7000 207.4000 0.0000
      vertex 123.7000 211.4000 0.0000
      vertex 123.7000 207.4000 0.0000
    endloop
  endfacet
  facet normal -0 0 -1
    outer loop
      vertex 123.7000 211.4000 0.0000
      vertex 120.7000 207.4000 0.0000
      vertex 120.7000 211.4000 0.0000
    endloop
  endfacet
  facet normal 0 0 -1
    outer loop
      vertex 120.7000 183.4000 0.0000
      vertex 123.7000 187.4000 0.0000
      vertex 123.7000 183.4000 0.0000
    endloop
  endfacet
  facet normal -0 0 -1
    outer loop
      vertex 123.7000 187.4000 0.0000
      vertex 120.7000 183.4000 0.0000
      vertex 120.7000 187.4000 0.0000
    endloop
  endfacet
  facet normal 0 0 -1
    outer loop
      vertex 126.7000 207.4000 0.0000
      vertex 129.7000 211.4000 0.0000
      vertex 129.7000 207.4000 0.0000
    endloop
  endfacet
  facet normal -0 0 -1
    outer loop
      vertex 129.7000 211.4000 0.0000
      vertex 126.7000 207.4000 0.0000
      vertex 126.7000 211.4000 0.0000
    endloop
  endfacet
  facet normal 0 0 -1
    outer loop
      vertex 126.7000 183.4000 0.0000
      vertex 129.7000 187.4000 0.0000
      vertex 129.7000 183.4000 0.0000
    endloop
  endfacet
  facet normal -0 0 -1
    outer loop
      vertex 129.7000 187.4000 0.0000
      vertex 126.7000 183.4000 0.0000
      vertex 126.7000 187.4000 0.0000
    endloop
  endfacet
  facet normal 0 0 -1
    outer loop
      vertex 132.7000 207.4000 0.0000
      vertex 135.7000 211.4000 0.0000
      vertex 135.7000 207.4000 0.0000
    endloop
  endfacet
  facet normal -0 0 -1
    outer loop
      vertex 135.7000 211.4000 0.0000
      vertex 132.7000 207.4000 0.0000
      vertex 132.7000 211.4000 0.0000
    endloop
  endfacet
  facet normal 0 0 -1
    outer loop
      vertex 132.7000 183.4000 0.0000
      vertex 135.7000 187.4000 0.0000
      vertex 135.7000 183.4000 0.0000
    endloop
  endfacet
  facet normal -0 0 -1
    outer loop
      vertex 135.7000 187.4000 0.0000
      vertex 132.7000 183.4000 0.0000
      vertex 132.7000 187.4000 0.0000
    endloop
  endfacet
  facet normal 0 0 -1
    outer loop
      vertex 0.0000 0.0000 0.0000
      vertex 144.0000 45.8000 0.0000
      vertex 144.0000 0.0000 0.0000
    endloop
  endfacet
  facet normal -0 0 -1
    outer loop
      vertex 144.0000 45.8000 0.0000
      vertex 0.0000 0.0000 0.0000
      vertex 144.0000 51.8000 0.0000
    endloop
  endfacet
  facet normal 0 -0 -1
    outer loop
      vertex 54.7000 163.4000 0.0000
      vertex 144.0000 51.8000 0.0000
      vertex 0.0000 0.0000 0.0000
    endloop
  endfacet
  facet normal 0 0 -1
    outer loop
      vertex 144.0000 51.8000 0.0000
      vertex 57.7000 163.4000 0.0000
      vertex 144.0000 94.6000 0.0000
    endloop
  endfacet
  facet normal -0 -0 -1
    outer loop
      vertex 90.7000 163.4000 0.0000
      vertex 144.0000 100.6000 0.0000
      vertex 87.7000 163.4000 0.0000
    endloop
  endfacet
  facet normal -0 -0 -1
    outer loop
      vertex 102.7000 163.4000 0.0000
      vertex 144.0000 100.6000 0.0000
      vertex 99.7000 163.4000 0.0000
    endloop
  endfacet
  facet normal 0 0 -1
    outer loop
      vertex 144.0000 149.4000 0.0000
      vertex 135.7000 163.4000 0.0000
      vertex 144.0000 192.2000 0.0000
    endloop
  endfacet
  facet normal 0 0 -1
    outer loop
      vertex 135.7000 183.4000 0.0000
      vertex 144.0000 192.2000 0.0000
      vertex 135.7000 163.4000 0.0000
    endloop
  endfacet
  facet normal 0 0 -1
    outer loop
      vertex 135.7000 187.4000 0.0000
      vertex 144.0000 192.2000 0.0000
      vertex 135.7000 183.4000 0.0000
    endloop
  endfacet
  facet normal 0 0 -1
    outer loop
      vertex 144.0000 149.4000 0.0000
      vertex 132.7000 163.4000 0.0000
      vertex 135.7000 163.4000 0.0000
    endloop
  endfacet
  facet normal 0 0 -1
    outer loop
      vertex 129.7000 183.4000 0.0000
      vertex 132.7000 183.4000 0.0000
      vertex 132.7000 163.4000 0.0000
    endloop
  endfacet
  facet normal 0 0 -1
    outer loop
      vertex 132.7000 183.4000 0.0000
      vertex 129.7000 183.4000 0.0000
      vertex 132.7000 187.4000 0.0000
    endloop
  endfacet
  facet normal 0 0 -1
    outer loop
      vertex 132.7000 187.4000 0.0000
      vertex 129.7000 187.4000 0.0000
      vertex 132.7000 207.4000 0.0000
    endloop
  endfacet
  facet normal 0 0 -1
    outer loop
      vertex 129.7000 207.4000 0.0000
      vertex 132.7000 207.4000 0.0000
      vertex 129.7000 187.4000 0.0000
    endloop
  endfacet
  facet normal 0 0 -1
    outer loop
      vertex 129.7000 183.4000 0.0000
      vertex 132.7000 163.4000 0.0000
      vertex 129.7000 163.4000 0.0000
    endloop
  endfacet
  facet normal 0 0 -1
    outer loop
      vertex 144.0000 149.4000 0.0000
      vertex 129.7000 163.4000 0.0000
      vertex 132.7000 163.4000 0.0000
    endloop
  endfacet
  facet normal 0 0 -1
    outer loop
      vertex 144.0000 149.4000 0.0000
      vertex 126.7000 163.4000 0.0000
      vertex 129.7000 163.4000 0.0000
    endloop
  endfacet
  facet normal 0 0 -1
    outer loop
      vertex 123.7000 183.4000 0.0000
      vertex 126.7000 183.4000 0.0000
      vertex 126.7000 163.4000 0.0000
    endloop
  endfacet
  facet normal 0 0 -1
    outer loop
      vertex 126.7000 183.4000 0.0000
      vertex 123.7000 183.4000 0.0000
      vertex 126.7000 187.4000 0.0000
    endloop
  endfacet
  facet normal 0 0 -1
    outer loop
      vertex 126.7000 187.4000 0.0000
      vertex 123.7000 187.4000 0.0000
      vertex 126.7000 207.4000 0.0000
    endloop
  endfacet
  facet normal 0 0 -1
    outer loop
      vertex 123.7000 207.4000 0.0000
      vertex 126.7000 207.4000 0.0000
      vertex 123.7000 187.4000 0.0000
    endloop
  endfacet
  facet normal 0 0 -1
    outer loop
      vertex 123.7000 183.4000 0.0000
      vertex 126.7000 163.4000 0.0000
      vertex 123.7000 163.4000 0.0000
    endloop
  endfacet
  facet normal 0 0 -1
    outer loop
      vertex 144.0000 143.4000 0.0000
      vertex 126.7000 163.4000 0.0000
      vertex 144.0000 149.4000 0.0000
    endloop
  endfacet
  facet normal -0 -0 -1
    outer loop
      vertex 126.7000 163.4000 0.0000
      vertex 144.0000 143.4000 0.0000
      vertex 123.7000 163.4000 0.0000
    endloop
  endfacet
  facet normal 0 0 -1
    outer loop
      vertex 117.7000 183.4000 0.0000
      vertex 120.7000 183.4000 0.0000
      vertex 120.7000 163.4000 0.0000
    endloop
  endfacet
  facet normal 0 0 -1
    outer loop
      vertex 120.7000 183.4000 0.0000
      vertex 117.7000 183.4000 0.0000
      vertex 120.7000 187.4000 0.0000
    endloop
  endfacet
  facet normal 0 0 -1
    outer loop
      vertex 120.7000 187.4000 0.0000
      vertex 117.7000 187.4000 0.0000
      vertex 120.7000 207.4000 0.0000
    endloop
  endfacet
  facet normal 0 0 -1
    outer loop
      vertex 117.7000 207.4000 0.0000
      vertex 120.7000 207.4000 0.0000
      vertex 117.7000 187.4000 0.0000
    endloop
  endfacet
  facet normal 0 0 -1
    outer loop
      vertex 117.7000 183.4000 0.0000
      vertex 120.7000 163.4000 0.0000
      vertex 117.7000 163.4000 0.0000
    endloop
  endfacet
  facet normal -0 -0 -1
    outer loop
      vertex 123.7000 163.4000 0.0000
      vertex 144.0000 143.4000 0.0000
      vertex 120.7000 163.4000 0.0000
    endloop
  endfacet
  facet normal -0 -0 -1
    outer loop
      vertex 120.7000 163.4000 0.0000
      vertex 144.0000 143.4000 0.0000
      vertex 117.7000 163.4000 0.0000
    endloop
  endfacet
  facet normal 0 0 -1
    outer loop
      vertex 111.7000 183.4000 0.0000
      vertex 114.7000 183.4000 0.0000
      vertex 114.7000 163.4000 0.0000
    endloop
  endfacet
  facet normal 0 0 -1
    outer loop
      vertex 114.7000 183.4000 0.0000
      vertex 111.7000 183.4000 0.0000
      vertex 114.7000 187.4000 0.0000
    endloop
  endfacet
  facet normal 0 0 -1
    outer loop
      vertex 114.7000 187.4000 0.0000
      vertex 111.7000 187.4000 0.0000
      vertex 114.7000 207.4000 0.0000
    endloop
  endfacet
  facet normal 0 0 -1
    outer loop
      vertex 111.7000 207.4000 0.0000
      vertex 114.7000 207.4000 0.0000
      vertex 111.7000 187.4000 0.0000
    endloop
  endfacet
  facet normal 0 0 -1
    outer loop
      vertex 111.7000 183.4000 0.0000
      vertex 114.7000 163.4000 0.0000
      vertex 111.7000 163.4000 0.0000
    endloop
  endfacet
  facet normal -0 -0 -1
    outer loop
      vertex 117.7000 163.4000 0.0000
      vertex 144.0000 143.4000 0.0000
      vertex 114.7000 163.4000 0.0000
    endloop
  endfacet
  facet normal -0 -0 -1
    outer loop
      vertex 114.7000 163.4000 0.0000
      vertex 144.0000 143.4000 0.0000
      vertex 111.7000 163.4000 0.0000
    endloop
  endfacet
  facet normal 0 0 -1
    outer loop
      vertex 105.7000 183.4000 0.0000
      vertex 108.7000 183.4000 0.0000
      vertex 108.7000 163.4000 0.0000
    endloop
  endfacet
  facet normal 0 0 -1
    outer loop
      vertex 108.7000 183.4000 0.0000
      vertex 105.7000 183.4000 0.0000
      vertex 108.7000 187.4000 0.0000
    endloop
  endfacet
  facet normal 0 0 -1
    outer loop
      vertex 108.7000 187.4000 0.0000
      vertex 105.7000 187.4000 0.0000
      vertex 108.7000 207.4000 0.0000
    endloop
  endfacet
  facet normal 0 0 -1
    outer loop
      vertex 105.7000 207.4000 0.0000
      vertex 108.7000 207.4000 0.0000
      vertex 105.7000 187.4000 0.0000
    endloop
  endfacet
  facet normal 0 0 -1
    outer loop
      vertex 105.7000 183.4000 0.0000
      vertex 108.7000 163.4000 0.0000
      vertex 105.7000 163.4000 0.0000
    endloop
  endfacet
  facet normal -0 -0 -1
    outer loop
      vertex 111.7000 163.4000 0.0000
      vertex 144.0000 143.4000 0.0000
      vertex 108.7000 163.4000 0.0000
    endloop
  endfacet
  facet normal 0 0 -1
    outer loop
      vertex 144.0000 100.6000 0.0000
      vertex 108.7000 163.4000 0.0000
      vertex 144.0000 143.4000 0.0000
    endloop
  endfacet
  facet normal 0 0 -1
    outer loop
      vertex 99.7000 183.4000 0.0000
      vertex 102.7000 183.4000 0.0000
      vertex 102.7000 163.4000 0.0000
    endloop
  endfacet
  facet normal 0 0 -1
    outer loop
      vertex 102.7000 183.4000 0.0000
      vertex 99.7000 183.4000 0.0000
      vertex 102.7000 187.4000 0.0000
    endloop
  endfacet
  facet normal 0 0 -1
    outer loop
      vertex 102.7000 187.4000 0.0000
      vertex 99.7000 187.4000 0.0000
      vertex 102.7000 207.4000 0.0000
    endloop
  endfacet
  facet normal 0 0 -1
    outer loop
      vertex 99.7000 207.4000 0.0000
      vertex 102.7000 207.4000 0.0000
      vertex 99.7000 187.4000 0.0000
    endloop
  endfacet
  facet normal 0 0 -1
    outer loop
      vertex 99.7000 183.4000 0.0000
      vertex 102.7000 163.4000 0.0000
      vertex 99.7000 163.4000 0.0000
    endloop
  endfacet
  facet normal -0 -0 -1
    outer loop
      vertex 108.7000 163.4000 0.0000
      vertex 144.0000 100.6000 0.0000
      vertex 105.7000 163.4000 0.0000
    endloop
  endfacet
  facet normal -0 -0 -1
    outer loop
      vertex 105.7000 163.4000 0.0000
      vertex 144.0000 100.6000 0.0000
      vertex 102.7000 163.4000 0.0000
    endloop
  endfacet
  facet normal 0 0 -1
    outer loop
      vertex 93.7000 183.4000 0.0000
      vertex 96.7000 183.4000 0.0000
      vertex 96.7000 163.4000 0.0000
    endloop
  endfacet
  facet normal 0 0 -1
    outer loop
      vertex 96.7000 183.4000 0.0000
      vertex 93.7000 183.4000 0.0000
      vertex 96.7000 187.4000 0.0000
    endloop
  endfacet
  facet normal 0 0 -1
    outer loop
      vertex 96.7000 187.4000 0.0000
      vertex 93.7000 187.4000 0.0000
      vertex 96.7000 207.4000 0.0000
    endloop
  endfacet
  facet normal 0 0 -1
    outer loop
      vertex 93.7000 207.4000 0.0000
      vertex 96.7000 207.4000 0.0000
      vertex 93.7000 187.4000 0.0000
    endloop
  endfacet
  facet normal 0 0 -1
    outer loop
      vertex 93.7000 183.4000 0.0000
      vertex 96.7000 163.4000 0.0000
      vertex 93.7000 163.4000 0.0000
    endloop
  endfacet
  facet normal -0 -0 -1
    outer loop
      vertex 99.7000 163.4000 0.0000
      vertex 144.0000 100.6000 0.0000
      vertex 96.7000 163.4000 0.0000
    endloop
  endfacet
  facet normal -0 -0 -1
    outer loop
      vertex 96.7000 163.4000 0.0000
      vertex 144.0000 100.6000 0.0000
      vertex 93.7000 163.4000 0.0000
    endloop
  endfacet
  facet normal 0 0 -1
    outer loop
      vertex 87.7000 183.4000 0.0000
      vertex 90.7000 183.4000 0.0000
      vertex 90.7000 163.4000 0.0000
    endloop
  endfacet
  facet normal 0 0 -1
    outer loop
      vertex 90.7000 183.4000 0.0000
      vertex 87.7000 183.4000 0.0000
      vertex 90.7000 187.4000 0.0000
    endloop
  endfacet
  facet normal 0 0 -1
    outer loop
      vertex 90.7000 187.4000 0.0000
      vertex 87.7000 187.4000 0.0000
      vertex 90.7000 207.4000 0.0000
    endloop
  endfacet
  facet normal 0 0 -1
    outer loop
      vertex 87.7000 207.4000 0.0000
      vertex 90.7000 207.4000 0.0000
      vertex 87.7000 187.4000 0.0000
    endloop
  endfacet
  facet normal 0 0 -1
    outer loop
      vertex 87.7000 183.4000 0.0000
      vertex 90.7000 163.4000 0.0000
      vertex 87.7000 163.4000 0.0000
    endloop
  endfacet
  facet normal -0 -0 -1
    outer loop
      vertex 93.7000 163.4000 0.0000
      vertex 144.0000 100.6000 0.0000
      vertex 90.7000 163.4000 0.0000
    endloop
  endfacet
  facet normal 0 0 -1
    outer loop
      vertex 144.0000 100.6000 0.0000
      vertex 84.7000 163.4000 0.0000
      vertex 87.7000 163.4000 0.0000
    endloop
  endfacet
  facet normal 0 0 -1
    outer loop
      vertex 81.7000 183.4000 0.0000
      vertex 84.7000 183.4000 0.0000
      vertex 84.7000 163.4000 0.0000
    endloop
  endfacet
  facet normal 0 0 -1
    outer loop
      vertex 84.7000 183.4000 0.0000
      vertex 81.7000 183.4000 0.0000
      vertex 84.7000 187.4000 0.0000
    endloop
  endfacet
  facet normal 0 0 -1
    outer loop
      vertex 84.7000 187.4000 0.0000
      vertex 81.7000 187.4000 0.0000
      vertex 84.7000 207.4000 0.0000
    endloop
  endfacet
  facet normal 0 0 -1
    outer loop
      vertex 81.7000 207.4000 0.0000
      vertex 84.7000 207.4000 0.0000
      vertex 81.7000 187.4000 0.0000
    endloop
  endfacet
  facet normal 0 0 -1
    outer loop
      vertex 81.7000 183.4000 0.0000
      vertex 84.7000 163.4000 0.0000
      vertex 81.7000 163.4000 0.0000
    endloop
  endfacet
  facet normal 0 0 -1
    outer loop
      vertex 144.0000 100.6000 0.0000
      vertex 81.7000 163.4000 0.0000
      vertex 84.7000 163.4000 0.0000
    endloop
  endfacet
  facet normal 0 0 -1
    outer loop
      vertex 144.0000 100.6000 0.0000
      vertex 78.7000 163.4000 0.0000
      vertex 81.7000 163.4000 0.0000
    endloop
  endfacet
  facet normal 0 0 -1
    outer loop
      vertex 75.7000 183.4000 0.0000
      vertex 78.7000 183.4000 0.0000
      vertex 78.7000 163.4000 0.0000
    endloop
  endfacet
  facet normal 0 0 -1
    outer loop
      vertex 78.7000 183.4000 0.0000
      vertex 75.7000 183.4000 0.0000
      vertex 78.7000 187.4000 0.0000
    endloop
  endfacet
  facet normal 0 0 -1
    outer loop
      vertex 78.7000 187.4000 0.0000
      vertex 75.7000 187.4000 0.0000
      vertex 78.7000 207.4000 0.0000
    endloop
  endfacet
  facet normal 0 0 -1
    outer loop
      vertex 75.7000 207.4000 0.0000
      vertex 78.7000 207.4000 0.0000
      vertex 75.7000 187.4000 0.0000
    endloop
  endfacet
  facet normal 0 0 -1
    outer loop
      vertex 75.7000 183.4000 0.0000
      vertex 78.7000 163.4000 0.0000
      vertex 75.7000 163.4000 0.0000
    endloop
  endfacet
  facet normal 0 0 -1
    outer loop
      vertex 144.0000 94.6000 0.0000
      vertex 78.7000 163.4000 0.0000
      vertex 144.0000 100.6000 0.0000
    endloop
  endfacet
  facet normal -0 -0 -1
    outer loop
      vertex 78.7000 163.4000 0.0000
      vertex 144.0000 94.6000 0.0000
      vertex 75.7000 163.4000 0.0000
    endloop
  endfacet
  facet normal 0 0 -1
    outer loop
      vertex 69.7000 183.4000 0.0000
      vertex 72.7000 183.4000 0.0000
      vertex 72.7000 163.4000 0.0000
    endloop
  endfacet
  facet normal 0 0 -1
    outer loop
      vertex 72.7000 183.4000 0.0000
      vertex 69.7000 183.4000 0.0000
      vertex 72.7000 187.4000 0.0000
    endloop
  endfacet
  facet normal 0 0 -1
    outer loop
      vertex 72.7000 187.4000 0.0000
      vertex 69.7000 187.4000 0.0000
      vertex 72.7000 207.4000 0.0000
    endloop
  endfacet
  facet normal 0 0 -1
    outer loop
      vertex 69.7000 207.4000 0.0000
      vertex 72.7000 207.4000 0.0000
      vertex 69.7000 187.4000 0.0000
    endloop
  endfacet
  facet normal 0 0 -1
    outer loop
      vertex 69.7000 183.4000 0.0000
      vertex 72.7000 163.4000 0.0000
      vertex 69.7000 163.4000 0.0000
    endloop
  endfacet
  facet normal -0 -0 -1
    outer loop
      vertex 75.7000 163.4000 0.0000
      vertex 144.0000 94.6000 0.0000
      vertex 72.7000 163.4000 0.0000
    endloop
  endfacet
  facet normal -0 -0 -1
    outer loop
      vertex 60.7000 163.4000 0.0000
      vertex 144.0000 94.6000 0.0000
      vertex 57.7000 163.4000 0.0000
    endloop
  endfacet
  facet normal 0 0 -1
    outer loop
      vertex 63.7000 183.4000 0.0000
      vertex 66.7000 183.4000 0.0000
      vertex 66.7000 163.4000 0.0000
    endloop
  endfacet
  facet normal 0 0 -1
    outer loop
      vertex 66.7000 183.4000 0.0000
      vertex 63.7000 183.4000 0.0000
      vertex 66.7000 187.4000 0.0000
    endloop
  endfacet
  facet normal 0 0 -1
    outer loop
      vertex 66.7000 187.4000 0.0000
      vertex 63.7000 187.4000 0.0000
      vertex 66.7000 207.4000 0.0000
    endloop
  endfacet
  facet normal 0 0 -1
    outer loop
      vertex 63.7000 207.4000 0.0000
      vertex 66.7000 207.4000 0.0000
      vertex 63.7000 187.4000 0.0000
    endloop
  endfacet
  facet normal 0 0 -1
    outer loop
      vertex 63.7000 183.4000 0.0000
      vertex 66.7000 163.4000 0.0000
      vertex 63.7000 163.4000 0.0000
    endloop
  endfacet
  facet normal -0 -0 -1
    outer loop
      vertex 72.7000 163.4000 0.0000
      vertex 144.0000 94.6000 0.0000
      vertex 69.7000 163.4000 0.0000
    endloop
  endfacet
  facet normal -0 -0 -1
    outer loop
      vertex 69.7000 163.4000 0.0000
      vertex 144.0000 94.6000 0.0000
      vertex 66.7000 163.4000 0.0000
    endloop
  endfacet
  facet normal 0 0 -1
    outer loop
      vertex 57.7000 183.4000 0.0000
      vertex 60.7000 183.4000 0.0000
      vertex 60.7000 163.4000 0.0000
    endloop
  endfacet
  facet normal 0 0 -1
    outer loop
      vertex 60.7000 183.4000 0.0000
      vertex 57.7000 183.4000 0.0000
      vertex 60.7000 187.4000 0.0000
    endloop
  endfacet
  facet normal 0 0 -1
    outer loop
      vertex 60.7000 187.4000 0.0000
      vertex 57.7000 187.4000 0.0000
      vertex 60.7000 207.4000 0.0000
    endloop
  endfacet
  facet normal 0 0 -1
    outer loop
      vertex 57.7000 207.4000 0.0000
      vertex 60.7000 207.4000 0.0000
      vertex 57.7000 187.4000 0.0000
    endloop
  endfacet
  facet normal 0 0 -1
    outer loop
      vertex 57.7000 183.4000 0.0000
      vertex 60.7000 163.4000 0.0000
      vertex 57.7000 163.4000 0.0000
    endloop
  endfacet
  facet normal -0 -0 -1
    outer loop
      vertex 66.7000 163.4000 0.0000
      vertex 144.0000 94.6000 0.0000
      vertex 63.7000 163.4000 0.0000
    endloop
  endfacet
  facet normal -0 -0 -1
    outer loop
      vertex 63.7000 163.4000 0.0000
      vertex 144.0000 94.6000 0.0000
      vertex 60.7000 163.4000 0.0000
    endloop
  endfacet
  facet normal 0 0 -1
    outer loop
      vertex 51.7000 183.4000 0.0000
      vertex 54.7000 183.4000 0.0000
      vertex 54.7000 163.4000 0.0000
    endloop
  endfacet
  facet normal 0 0 -1
    outer loop
      vertex 54.7000 183.4000 0.0000
      vertex 51.7000 183.4000 0.0000
      vertex 54.7000 187.4000 0.0000
    endloop
  endfacet
  facet normal 0 0 -1
    outer loop
      vertex 54.7000 187.4000 0.0000
      vertex 51.7000 187.4000 0.0000
      vertex 54.7000 207.4000 0.0000
    endloop
  endfacet
  facet normal 0 0 -1
    outer loop
      vertex 51.7000 207.4000 0.0000
      vertex 54.7000 207.4000 0.0000
      vertex 51.7000 187.4000 0.0000
    endloop
  endfacet
  facet normal 0 0 -1
    outer loop
      vertex 51.7000 183.4000 0.0000
      vertex 54.7000 163.4000 0.0000
      vertex 51.7000 163.4000 0.0000
    endloop
  endfacet
  facet normal 0 0 -1
    outer loop
      vertex 144.0000 51.8000 0.0000
      vertex 54.7000 163.4000 0.0000
      vertex 57.7000 163.4000 0.0000
    endloop
  endfacet
  facet normal -0 0 -1
    outer loop
      vertex 54.7000 163.4000 0.0000
      vertex 0.0000 0.0000 0.0000
      vertex 51.7000 163.4000 0.0000
    endloop
  endfacet
  facet normal 0 0 -1
    outer loop
      vertex 45.7000 183.4000 0.0000
      vertex 48.7000 183.4000 0.0000
      vertex 48.7000 163.4000 0.0000
    endloop
  endfacet
  facet normal 0 0 -1
    outer loop
      vertex 48.7000 183.4000 0.0000
      vertex 45.7000 183.4000 0.0000
      vertex 48.7000 187.4000 0.0000
    endloop
  endfacet
  facet normal 0 0 -1
    outer loop
      vertex 48.7000 187.4000 0.0000
      vertex 45.7000 187.4000 0.0000
      vertex 48.7000 207.4000 0.0000
    endloop
  endfacet
  facet normal 0 0 -1
    outer loop
      vertex 45.7000 207.4000 0.0000
      vertex 48.7000 207.4000 0.0000
      vertex 45.7000 187.4000 0.0000
    endloop
  endfacet
  facet normal 0 0 -1
    outer loop
      vertex 45.7000 183.4000 0.0000
      vertex 48.7000 163.4000 0.0000
      vertex 45.7000 163.4000 0.0000
    endloop
  endfacet
  facet normal -0 0 -1
    outer loop
      vertex 51.7000 163.4000 0.0000
      vertex 0.0000 0.0000 0.0000
      vertex 48.7000 163.4000 0.0000
    endloop
  endfacet
  facet normal -0 0 -1
    outer loop
      vertex 48.7000 163.4000 0.0000
      vertex 0.0000 0.0000 0.0000
      vertex 45.7000 163.4000 0.0000
    endloop
  endfacet
  facet normal 0 0 -1
    outer loop
      vertex 39.7000 183.4000 0.0000
      vertex 42.7000 183.4000 0.0000
      vertex 42.7000 163.4000 0.0000
    endloop
  endfacet
  facet normal 0 0 -1
    outer loop
      vertex 42.7000 183.4000 0.0000
      vertex 39.7000 183.4000 0.0000
      vertex 42.7000 187.4000 0.0000
    endloop
  endfacet
  facet normal 0 0 -1
    outer loop
      vertex 42.7000 187.4000 0.0000
      vertex 39.7000 187.4000 0.0000
      vertex 42.7000 207.4000 0.0000
    endloop
  endfacet
  facet normal 0 0 -1
    outer loop
      vertex 39.7000 207.4000 0.0000
      vertex 42.7000 207.4000 0.0000
      vertex 39.7000 187.4000 0.0000
    endloop
  endfacet
  facet normal 0 0 -1
    outer loop
      vertex 39.7000 183.4000 0.0000
      vertex 42.7000 163.4000 0.0000
      vertex 39.7000 163.4000 0.0000
    endloop
  endfacet
  facet normal -0 0 -1
    outer loop
      vertex 45.7000 163.4000 0.0000
      vertex 0.0000 0.0000 0.0000
      vertex 42.7000 163.4000 0.0000
    endloop
  endfacet
  facet normal -0 0 -1
    outer loop
      vertex 42.7000 163.4000 0.0000
      vertex 0.0000 0.0000 0.0000
      vertex 39.7000 163.4000 0.0000
    endloop
  endfacet
  facet normal 0 0 -1
    outer loop
      vertex 33.7000 183.4000 0.0000
      vertex 36.7000 183.4000 0.0000
      vertex 36.7000 163.4000 0.0000
    endloop
  endfacet
  facet normal 0 0 -1
    outer loop
      vertex 36.7000 183.4000 0.0000
      vertex 33.7000 183.4000 0.0000
      vertex 36.7000 187.4000 0.0000
    endloop
  endfacet
  facet normal 0 0 -1
    outer loop
      vertex 36.7000 187.4000 0.0000
      vertex 33.7000 187.4000 0.0000
      vertex 36.7000 207.4000 0.0000
    endloop
  endfacet
  facet normal 0 0 -1
    outer loop
      vertex 33.7000 207.4000 0.0000
      vertex 36.7000 207.4000 0.0000
      vertex 33.7000 187.4000 0.0000
    endloop
  endfacet
  facet normal 0 0 -1
    outer loop
      vertex 33.7000 183.4000 0.0000
      vertex 36.7000 163.4000 0.0000
      vertex 33.7000 163.4000 0.0000
    endloop
  endfacet
  facet normal -0 0 -1
    outer loop
      vertex 39.7000 163.4000 0.0000
      vertex 0.0000 0.0000 0.0000
      vertex 36.7000 163.4000 0.0000
    endloop
  endfacet
  facet normal -0 0 -1
    outer loop
      vertex 36.7000 163.4000 0.0000
      vertex 0.0000 0.0000 0.0000
      vertex 33.7000 163.4000 0.0000
    endloop
  endfacet
  facet normal 0 0 -1
    outer loop
      vertex 27.7000 183.4000 0.0000
      vertex 30.7000 183.4000 0.0000
      vertex 30.7000 163.4000 0.0000
    endloop
  endfacet
  facet normal 0 0 -1
    outer loop
      vertex 30.7000 183.4000 0.0000
      vertex 27.7000 183.4000 0.0000
      vertex 30.7000 187.4000 0.0000
    endloop
  endfacet
  facet normal 0 0 -1
    outer loop
      vertex 30.7000 187.4000 0.0000
      vertex 27.7000 187.4000 0.0000
      vertex 30.7000 207.4000 0.0000
    endloop
  endfacet
  facet normal 0 0 -1
    outer loop
      vertex 27.7000 207.4000 0.0000
      vertex 30.7000 207.4000 0.0000
      vertex 27.7000 187.4000 0.0000
    endloop
  endfacet
  facet normal 0 0 -1
    outer loop
      vertex 27.7000 183.4000 0.0000
      vertex 30.7000 163.4000 0.0000
      vertex 27.7000 163.4000 0.0000
    endloop
  endfacet
  facet normal -0 0 -1
    outer loop
      vertex 33.7000 163.4000 0.0000
      vertex 0.0000 0.0000 0.0000
      vertex 30.7000 163.4000 0.0000
    endloop
  endfacet
  facet normal -0 0 -1
    outer loop
      vertex 30.7000 163.4000 0.0000
      vertex 0.0000 0.0000 0.0000
      vertex 27.7000 163.4000 0.0000
    endloop
  endfacet
  facet normal 0 0 -1
    outer loop
      vertex 21.7000 183.4000 0.0000
      vertex 24.7000 183.4000 0.0000
      vertex 24.7000 163.4000 0.0000
    endloop
  endfacet
  facet normal 0 0 -1
    outer loop
      vertex 24.7000 183.4000 0.0000
      vertex 21.7000 183.4000 0.0000
      vertex 24.7000 187.4000 0.0000
    endloop
  endfacet
  facet normal 0 0 -1
    outer loop
      vertex 24.7000 187.4000 0.0000
      vertex 21.7000 187.4000 0.0000
      vertex 24.7000 207.4000 0.0000
    endloop
  endfacet
  facet normal 0 0 -1
    outer loop
      vertex 21.7000 207.4000 0.0000
      vertex 24.7000 207.4000 0.0000
      vertex 21.7000 187.4000 0.0000
    endloop
  endfacet
  facet normal 0 0 -1
    outer loop
      vertex 21.7000 183.4000 0.0000
      vertex 24.7000 163.4000 0.0000
      vertex 21.7000 163.4000 0.0000
    endloop
  endfacet
  facet normal -0 0 -1
    outer loop
      vertex 27.7000 163.4000 0.0000
      vertex 0.0000 0.0000 0.0000
      vertex 24.7000 163.4000 0.0000
    endloop
  endfacet
  facet normal -0 0 -1
    outer loop
      vertex 24.7000 163.4000 0.0000
      vertex 0.0000 0.0000 0.0000
      vertex 21.7000 163.4000 0.0000
    endloop
  endfacet
  facet normal 0 0 -1
    outer loop
      vertex 0.0000 244.0000 0.0000
      vertex 18.7000 183.4000 0.0000
      vertex 18.7000 163.4000 0.0000
    endloop
  endfacet
  facet normal 0 0 -1
    outer loop
      vertex 18.7000 183.4000 0.0000
      vertex 0.0000 244.0000 0.0000
      vertex 18.7000 187.4000 0.0000
    endloop
  endfacet
  facet normal 0 0 -1
    outer loop
      vertex 18.7000 187.4000 0.0000
      vertex 0.0000 244.0000 0.0000
      vertex 18.7000 207.4000 0.0000
    endloop
  endfacet
  facet normal 0 0 -1
    outer loop
      vertex 18.7000 207.4000 0.0000
      vertex 0.0000 244.0000 0.0000
      vertex 18.7000 211.4000 0.0000
    endloop
  endfacet
  facet normal 0 0 -1
    outer loop
      vertex 0.0000 244.0000 0.0000
      vertex 18.7000 163.4000 0.0000
      vertex 0.0000 0.0000 0.0000
    endloop
  endfacet
  facet normal -0 0 -1
    outer loop
      vertex 21.7000 163.4000 0.0000
      vertex 0.0000 0.0000 0.0000
      vertex 18.7000 163.4000 0.0000
    endloop
  endfacet
  facet normal 0 0 -1
    outer loop
      vertex 145.0000 45.8000 0.0000
      vertex 150.5000 43.6000 0.0000
      vertex 146.2000 43.6000 0.0000
    endloop
  endfacet
  facet normal 0 0 -1
    outer loop
      vertex 150.5000 43.6000 0.0000
      vertex 145.0000 45.8000 0.0000
      vertex 150.5000 54.0000 0.0000
    endloop
  endfacet
  facet normal 0 0 -1
    outer loop
      vertex 145.0000 51.8000 0.0000
      vertex 150.5000 54.0000 0.0000
      vertex 145.0000 45.8000 0.0000
    endloop
  endfacet
  facet normal -0 0 -1
    outer loop
      vertex 150.5000 54.0000 0.0000
      vertex 145.0000 51.8000 0.0000
      vertex 146.2000 54.0000 0.0000
    endloop
  endfacet
  facet normal 0 0 -1
    outer loop
      vertex 144.0000 45.8000 0.0000
      vertex 145.0000 51.8000 0.0000
      vertex 145.0000 45.8000 0.0000
    endloop
  endfacet
  facet normal -0 0 -1
    outer loop
      vertex 145.0000 51.8000 0.0000
      vertex 144.0000 45.8000 0.0000
      vertex 144.0000 51.8000 0.0000
    endloop
  endfacet
  facet normal 0 0 -1
    outer loop
      vertex 145.0000 94.6000 0.0000
      vertex 150.5000 92.4000 0.0000
      vertex 146.2000 92.4000 0.0000
    endloop
  endfacet
  facet normal 0 0 -1
    outer loop
      vertex 150.5000 92.4000 0.0000
      vertex 145.0000 94.6000 0.0000
      vertex 150.5000 102.8000 0.0000
    endloop
  endfacet
  facet normal 0 0 -1
    outer loop
      vertex 145.0000 100.6000 0.0000
      vertex 150.5000 102.8000 0.0000
      vertex 145.0000 94.6000 0.0000
    endloop
  endfacet
  facet normal -0 0 -1
    outer loop
      vertex 150.5000 102.8000 0.0000
      vertex 145.0000 100.6000 0.0000
      vertex 146.2000 102.8000 0.0000
    endloop
  endfacet
  facet normal 0 0 -1
    outer loop
      vertex 144.0000 94.6000 0.0000
      vertex 145.0000 100.6000 0.0000
      vertex 145.0000 94.6000 0.0000
    endloop
  endfacet
  facet normal -0 0 -1
    outer loop
      vertex 145.0000 100.6000 0.0000
      vertex 144.0000 94.6000 0.0000
      vertex 144.0000 100.6000 0.0000
    endloop
  endfacet
  facet normal 0 0 -1
    outer loop
      vertex 145.0000 143.4000 0.0000
      vertex 150.5000 141.2000 0.0000
      vertex 146.2000 141.2000 0.0000
    endloop
  endfacet
  facet normal 0 0 -1
    outer loop
      vertex 150.5000 141.2000 0.0000
      vertex 145.0000 143.4000 0.0000
      vertex 150.5000 151.6000 0.0000
    endloop
  endfacet
  facet normal 0 0 -1
    outer loop
      vertex 145.0000 149.4000 0.0000
      vertex 150.5000 151.6000 0.0000
      vertex 145.0000 143.4000 0.0000
    endloop
  endfacet
  facet normal -0 0 -1
    outer loop
      vertex 150.5000 151.6000 0.0000
      vertex 145.0000 149.4000 0.0000
      vertex 146.2000 151.6000 0.0000
    endloop
  endfacet
  facet normal 0 0 -1
    outer loop
      vertex 144.0000 143.4000 0.0000
      vertex 145.0000 149.4000 0.0000
      vertex 145.0000 143.4000 0.0000
    endloop
  endfacet
  facet normal -0 0 -1
    outer loop
      vertex 145.0000 149.4000 0.0000
      vertex 144.0000 143.4000 0.0000
      vertex 144.0000 149.4000 0.0000
    endloop
  endfacet
  facet normal 0 0 -1
    outer loop
      vertex 145.0000 192.2000 0.0000
      vertex 150.5000 190.0000 0.0000
      vertex 146.2000 190.0000 0.0000
    endloop
  endfacet
  facet normal 0 0 -1
    outer loop
      vertex 150.5000 190.0000 0.0000
      vertex 145.0000 192.2000 0.0000
      vertex 150.5000 200.4000 0.0000
    endloop
  endfacet
  facet normal 0 0 -1
    outer loop
      vertex 145.0000 198.2000 0.0000
      vertex 150.5000 200.4000 0.0000
      vertex 145.0000 192.2000 0.0000
    endloop
  endfacet
  facet normal -0 0 -1
    outer loop
      vertex 150.5000 200.4000 0.0000
      vertex 145.0000 198.2000 0.0000
      vertex 146.2000 200.4000 0.0000
    endloop
  endfacet
  facet normal 0 0 -1
    outer loop
      vertex 144.0000 192.2000 0.0000
      vertex 145.0000 198.2000 0.0000
      vertex 145.0000 192.2000 0.0000
    endloop
  endfacet
  facet normal -0 0 -1
    outer loop
      vertex 145.0000 198.2000 0.0000
      vertex 144.0000 192.2000 0.0000
      vertex 144.0000 198.2000 0.0000
    endloop
  endfacet
  facet normal -0 0 -1
    outer loop
      vertex 144.0000 192.2000 0.0000
      vertex 135.7000 187.4000 0.0000
      vertex 144.0000 198.2000 0.0000
    endloop
  endfacet
  facet normal 0 0 -1
    outer loop
      vertex 135.7000 207.4000 0.0000
      vertex 144.0000 198.2000 0.0000
      vertex 135.7000 187.4000 0.0000
    endloop
  endfacet
  facet normal 0 0 -1
    outer loop
      vertex 135.7000 211.4000 0.0000
      vertex 144.0000 198.2000 0.0000
      vertex 135.7000 207.4000 0.0000
    endloop
  endfacet
  facet normal 0 0 -1
    outer loop
      vertex 144.0000 198.2000 0.0000
      vertex 135.7000 211.4000 0.0000
      vertex 144.0000 244.0000 0.0000
    endloop
  endfacet
  facet normal 0 0 -1
    outer loop
      vertex 135.7000 231.4000 0.0000
      vertex 144.0000 244.0000 0.0000
      vertex 135.7000 211.4000 0.0000
    endloop
  endfacet
  facet normal 0 0 -1
    outer loop
      vertex 132.7000 231.4000 0.0000
      vertex 144.0000 244.0000 0.0000
      vertex 135.7000 231.4000 0.0000
    endloop
  endfacet
  facet normal -0 0 -1
    outer loop
      vertex 132.7000 187.4000 0.0000
      vertex 129.7000 183.4000 0.0000
      vertex 129.7000 187.4000 0.0000
    endloop
  endfacet
  facet normal 0 0 -1
    outer loop
      vertex 132.7000 207.4000 0.0000
      vertex 129.7000 207.4000 0.0000
      vertex 132.7000 211.4000 0.0000
    endloop
  endfacet
  facet normal 0 0 -1
    outer loop
      vertex 129.7000 211.4000 0.0000
      vertex 132.7000 211.4000 0.0000
      vertex 129.7000 207.4000 0.0000
    endloop
  endfacet
  facet normal 0 0 -1
    outer loop
      vertex 132.7000 211.4000 0.0000
      vertex 129.7000 211.4000 0.0000
      vertex 132.7000 231.4000 0.0000
    endloop
  endfacet
  facet normal 0 0 -1
    outer loop
      vertex 129.7000 231.4000 0.0000
      vertex 132.7000 231.4000 0.0000
      vertex 129.7000 211.4000 0.0000
    endloop
  endfacet
  facet normal 0 0 -1
    outer loop
      vertex 129.7000 231.4000 0.0000
      vertex 144.0000 244.0000 0.0000
      vertex 132.7000 231.4000 0.0000
    endloop
  endfacet
  facet normal 0 0 -1
    outer loop
      vertex 126.7000 231.4000 0.0000
      vertex 144.0000 244.0000 0.0000
      vertex 129.7000 231.4000 0.0000
    endloop
  endfacet
  facet normal -0 0 -1
    outer loop
      vertex 126.7000 187.4000 0.0000
      vertex 123.7000 183.4000 0.0000
      vertex 123.7000 187.4000 0.0000
    endloop
  endfacet
  facet normal 0 0 -1
    outer loop
      vertex 126.7000 207.4000 0.0000
      vertex 123.7000 207.4000 0.0000
      vertex 126.7000 211.4000 0.0000
    endloop
  endfacet
  facet normal 0 0 -1
    outer loop
      vertex 123.7000 211.4000 0.0000
      vertex 126.7000 211.4000 0.0000
      vertex 123.7000 207.4000 0.0000
    endloop
  endfacet
  facet normal 0 0 -1
    outer loop
      vertex 126.7000 211.4000 0.0000
      vertex 123.7000 211.4000 0.0000
      vertex 126.7000 231.4000 0.0000
    endloop
  endfacet
  facet normal 0 0 -1
    outer loop
      vertex 123.7000 231.4000 0.0000
      vertex 126.7000 231.4000 0.0000
      vertex 123.7000 211.4000 0.0000
    endloop
  endfacet
  facet normal 0 0 -1
    outer loop
      vertex 123.7000 231.4000 0.0000
      vertex 144.0000 244.0000 0.0000
      vertex 126.7000 231.4000 0.0000
    endloop
  endfacet
  facet normal 0 0 -1
    outer loop
      vertex 120.7000 231.4000 0.0000
      vertex 144.0000 244.0000 0.0000
      vertex 123.7000 231.4000 0.0000
    endloop
  endfacet
  facet normal -0 0 -1
    outer loop
      vertex 120.7000 187.4000 0.0000
      vertex 117.7000 183.4000 0.0000
      vertex 117.7000 187.4000 0.0000
    endloop
  endfacet
  facet normal 0 0 -1
    outer loop
      vertex 120.7000 207.4000 0.0000
      vertex 117.7000 207.4000 0.0000
      vertex 120.7000 211.4000 0.0000
    endloop
  endfacet
  facet normal 0 0 -1
    outer loop
      vertex 117.7000 211.4000 0.0000
      vertex 120.7000 211.4000 0.0000
      vertex 117.7000 207.4000 0.0000
    endloop
  endfacet
  facet normal 0 0 -1
    outer loop
      vertex 120.7000 211.4000 0.0000
      vertex 117.7000 211.4000 0.0000
      vertex 120.7000 231.4000 0.0000
    endloop
  endfacet
  facet normal 0 0 -1
    outer loop
      vertex 117.7000 231.4000 0.0000
      vertex 120.7000 231.4000 0.0000
      vertex 117.7000 211.4000 0.0000
    endloop
  endfacet
  facet normal 0 0 -1
    outer loop
      vertex 117.7000 231.4000 0.0000
      vertex 144.0000 244.0000 0.0000
      vertex 120.7000 231.4000 0.0000
    endloop
  endfacet
  facet normal 0 0 -1
    outer loop
      vertex 114.7000 231.4000 0.0000
      vertex 144.0000 244.0000 0.0000
      vertex 117.7000 231.4000 0.0000
    endloop
  endfacet
  facet normal -0 0 -1
    outer loop
      vertex 114.7000 187.4000 0.0000
      vertex 111.7000 183.4000 0.0000
      vertex 111.7000 187.4000 0.0000
    endloop
  endfacet
  facet normal 0 0 -1
    outer loop
      vertex 114.7000 207.4000 0.0000
      vertex 111.7000 207.4000 0.0000
      vertex 114.7000 211.4000 0.0000
    endloop
  endfacet
  facet normal 0 0 -1
    outer loop
      vertex 111.7000 211.4000 0.0000
      vertex 114.7000 211.4000 0.0000
      vertex 111.7000 207.4000 0.0000
    endloop
  endfacet
  facet normal 0 0 -1
    outer loop
      vertex 114.7000 211.4000 0.0000
      vertex 111.7000 211.4000 0.0000
      vertex 114.7000 231.4000 0.0000
    endloop
  endfacet
  facet normal 0 0 -1
    outer loop
      vertex 111.7000 231.4000 0.0000
      vertex 114.7000 231.4000 0.0000
      vertex 111.7000 211.4000 0.0000
    endloop
  endfacet
  facet normal 0 0 -1
    outer loop
      vertex 111.7000 231.4000 0.0000
      vertex 144.0000 244.0000 0.0000
      vertex 114.7000 231.4000 0.0000
    endloop
  endfacet
  facet normal 0 0 -1
    outer loop
      vertex 108.7000 231.4000 0.0000
      vertex 144.0000 244.0000 0.0000
      vertex 111.7000 231.4000 0.0000
    endloop
  endfacet
  facet normal -0 0 -1
    outer loop
      vertex 108.7000 187.4000 0.0000
      vertex 105.7000 183.4000 0.0000
      vertex 105.7000 187.4000 0.0000
    endloop
  endfacet
  facet normal 0 0 -1
    outer loop
      vertex 108.7000 207.4000 0.0000
      vertex 105.7000 207.4000 0.0000
      vertex 108.7000 211.4000 0.0000
    endloop
  endfacet
  facet normal 0 0 -1
    outer loop
      vertex 105.7000 211.4000 0.0000
      vertex 108.7000 211.4000 0.0000
      vertex 105.7000 207.4000 0.0000
    endloop
  endfacet
  facet normal 0 0 -1
    outer loop
      vertex 108.7000 211.4000 0.0000
      vertex 105.7000 211.4000 0.0000
      vertex 108.7000 231.4000 0.0000
    endloop
  endfacet
  facet normal 0 0 -1
    outer loop
      vertex 105.7000 231.4000 0.0000
      vertex 108.7000 231.4000 0.0000
      vertex 105.7000 211.4000 0.0000
    endloop
  endfacet
  facet normal 0 0 -1
    outer loop
      vertex 105.7000 231.4000 0.0000
      vertex 144.0000 244.0000 0.0000
      vertex 108.7000 231.4000 0.0000
    endloop
  endfacet
  facet normal 0 0 -1
    outer loop
      vertex 102.7000 231.4000 0.0000
      vertex 144.0000 244.0000 0.0000
      vertex 105.7000 231.4000 0.0000
    endloop
  endfacet
  facet normal -0 0 -1
    outer loop
      vertex 102.7000 187.4000 0.0000
      vertex 99.7000 183.4000 0.0000
      vertex 99.7000 187.4000 0.0000
    endloop
  endfacet
  facet normal 0 0 -1
    outer loop
      vertex 102.7000 207.4000 0.0000
      vertex 99.7000 207.4000 0.0000
      vertex 102.7000 211.4000 0.0000
    endloop
  endfacet
  facet normal 0 0 -1
    outer loop
      vertex 99.7000 211.4000 0.0000
      vertex 102.7000 211.4000 0.0000
      vertex 99.7000 207.4000 0.0000
    endloop
  endfacet
  facet normal 0 0 -1
    outer loop
      vertex 102.7000 211.4000 0.0000
      vertex 99.7000 211.4000 0.0000
      vertex 102.7000 231.4000 0.0000
    endloop
  endfacet
  facet normal 0 0 -1
    outer loop
      vertex 99.7000 231.4000 0.0000
      vertex 102.7000 231.4000 0.0000
      vertex 99.7000 211.4000 0.0000
    endloop
  endfacet
  facet normal 0 0 -1
    outer loop
      vertex 99.7000 231.4000 0.0000
      vertex 144.0000 244.0000 0.0000
      vertex 102.7000 231.4000 0.0000
    endloop
  endfacet
  facet normal 0 0 -1
    outer loop
      vertex 96.7000 231.4000 0.0000
      vertex 144.0000 244.0000 0.0000
      vertex 99.7000 231.4000 0.0000
    endloop
  endfacet
  facet normal -0 0 -1
    outer loop
      vertex 96.7000 187.4000 0.0000
      vertex 93.7000 183.4000 0.0000
      vertex 93.7000 187.4000 0.0000
    endloop
  endfacet
  facet normal 0 0 -1
    outer loop
      vertex 96.7000 207.4000 0.0000
      vertex 93.7000 207.4000 0.0000
      vertex 96.7000 211.4000 0.0000
    endloop
  endfacet
  facet normal 0 0 -1
    outer loop
      vertex 93.7000 211.4000 0.0000
      vertex 96.7000 211.4000 0.0000
      vertex 93.7000 207.4000 0.0000
    endloop
  endfacet
  facet normal 0 0 -1
    outer loop
      vertex 96.7000 211.4000 0.0000
      vertex 93.7000 211.4000 0.0000
      vertex 96.7000 231.4000 0.0000
    endloop
  endfacet
  facet normal 0 0 -1
    outer loop
      vertex 93.7000 231.4000 0.0000
      vertex 96.7000 231.4000 0.0000
      vertex 93.7000 211.4000 0.0000
    endloop
  endfacet
  facet normal 0 0 -1
    outer loop
      vertex 93.7000 231.4000 0.0000
      vertex 144.0000 244.0000 0.0000
      vertex 96.7000 231.4000 0.0000
    endloop
  endfacet
  facet normal 0 0 -1
    outer loop
      vertex 90.7000 231.4000 0.0000
      vertex 144.0000 244.0000 0.0000
      vertex 93.7000 231.4000 0.0000
    endloop
  endfacet
  facet normal -0 0 -1
    outer loop
      vertex 90.7000 187.4000 0.0000
      vertex 87.7000 183.4000 0.0000
      vertex 87.7000 187.4000 0.0000
    endloop
  endfacet
  facet normal 0 0 -1
    outer loop
      vertex 90.7000 207.4000 0.0000
      vertex 87.7000 207.4000 0.0000
      vertex 90.7000 211.4000 0.0000
    endloop
  endfacet
  facet normal 0 0 -1
    outer loop
      vertex 87.7000 211.4000 0.0000
      vertex 90.7000 211.4000 0.0000
      vertex 87.7000 207.4000 0.0000
    endloop
  endfacet
  facet normal 0 0 -1
    outer loop
      vertex 90.7000 211.4000 0.0000
      vertex 87.7000 211.4000 0.0000
      vertex 90.7000 231.4000 0.0000
    endloop
  endfacet
  facet normal 0 0 -1
    outer loop
      vertex 87.7000 231.4000 0.0000
      vertex 90.7000 231.4000 0.0000
      vertex 87.7000 211.4000 0.0000
    endloop
  endfacet
  facet normal 0 0 -1
    outer loop
      vertex 87.7000 231.4000 0.0000
      vertex 144.0000 244.0000 0.0000
      vertex 90.7000 231.4000 0.0000
    endloop
  endfacet
  facet normal 0 0 -1
    outer loop
      vertex 84.7000 231.4000 0.0000
      vertex 144.0000 244.0000 0.0000
      vertex 87.7000 231.4000 0.0000
    endloop
  endfacet
  facet normal -0 0 -1
    outer loop
      vertex 84.7000 187.4000 0.0000
      vertex 81.7000 183.4000 0.0000
      vertex 81.7000 187.4000 0.0000
    endloop
  endfacet
  facet normal 0 0 -1
    outer loop
      vertex 84.7000 207.4000 0.0000
      vertex 81.7000 207.4000 0.0000
      vertex 84.7000 211.4000 0.0000
    endloop
  endfacet
  facet normal 0 0 -1
    outer loop
      vertex 81.7000 211.4000 0.0000
      vertex 84.7000 211.4000 0.0000
      vertex 81.7000 207.4000 0.0000
    endloop
  endfacet
  facet normal 0 0 -1
    outer loop
      vertex 84.7000 211.4000 0.0000
      vertex 81.7000 211.4000 0.0000
      vertex 84.7000 231.4000 0.0000
    endloop
  endfacet
  facet normal 0 0 -1
    outer loop
      vertex 81.7000 231.4000 0.0000
      vertex 84.7000 231.4000 0.0000
      vertex 81.7000 211.4000 0.0000
    endloop
  endfacet
  facet normal 0 0 -1
    outer loop
      vertex 81.7000 231.4000 0.0000
      vertex 144.0000 244.0000 0.0000
      vertex 84.7000 231.4000 0.0000
    endloop
  endfacet
  facet normal 0 0 -1
    outer loop
      vertex 78.7000 231.4000 0.0000
      vertex 144.0000 244.0000 0.0000
      vertex 81.7000 231.4000 0.0000
    endloop
  endfacet
  facet normal -0 0 -1
    outer loop
      vertex 78.7000 187.4000 0.0000
      vertex 75.7000 183.4000 0.0000
      vertex 75.7000 187.4000 0.0000
    endloop
  endfacet
  facet normal 0 0 -1
    outer loop
      vertex 78.7000 207.4000 0.0000
      vertex 75.7000 207.4000 0.0000
      vertex 78.7000 211.4000 0.0000
    endloop
  endfacet
  facet normal 0 0 -1
    outer loop
      vertex 75.7000 211.4000 0.0000
      vertex 78.7000 211.4000 0.0000
      vertex 75.7000 207.4000 0.0000
    endloop
  endfacet
  facet normal 0 0 -1
    outer loop
      vertex 78.7000 211.4000 0.0000
      vertex 75.7000 211.4000 0.0000
      vertex 78.7000 231.4000 0.0000
    endloop
  endfacet
  facet normal 0 0 -1
    outer loop
      vertex 75.7000 231.4000 0.0000
      vertex 78.7000 231.4000 0.0000
      vertex 75.7000 211.4000 0.0000
    endloop
  endfacet
  facet normal 0 0 -1
    outer loop
      vertex 75.7000 231.4000 0.0000
      vertex 144.0000 244.0000 0.0000
      vertex 78.7000 231.4000 0.0000
    endloop
  endfacet
  facet normal 0 0 -1
    outer loop
      vertex 72.7000 231.4000 0.0000
      vertex 144.0000 244.0000 0.0000
      vertex 75.7000 231.4000 0.0000
    endloop
  endfacet
  facet normal -0 0 -1
    outer loop
      vertex 72.7000 187.4000 0.0000
      vertex 69.7000 183.4000 0.0000
      vertex 69.7000 187.4000 0.0000
    endloop
  endfacet
  facet normal 0 0 -1
    outer loop
      vertex 72.7000 207.4000 0.0000
      vertex 69.7000 207.4000 0.0000
      vertex 72.7000 211.4000 0.0000
    endloop
  endfacet
  facet normal 0 0 -1
    outer loop
      vertex 69.7000 211.4000 0.0000
      vertex 72.7000 211.4000 0.0000
      vertex 69.7000 207.4000 0.0000
    endloop
  endfacet
  facet normal 0 0 -1
    outer loop
      vertex 72.7000 211.4000 0.0000
      vertex 69.7000 211.4000 0.0000
      vertex 72.7000 231.4000 0.0000
    endloop
  endfacet
  facet normal 0 0 -1
    outer loop
      vertex 69.7000 231.4000 0.0000
      vertex 72.7000 231.4000 0.0000
      vertex 69.7000 211.4000 0.0000
    endloop
  endfacet
  facet normal 0 0 -1
    outer loop
      vertex 69.7000 231.4000 0.0000
      vertex 144.0000 244.0000 0.0000
      vertex 72.7000 231.4000 0.0000
    endloop
  endfacet
  facet normal 0 0 -1
    outer loop
      vertex 0.0000 244.0000 0.0000
      vertex 69.7000 231.4000 0.0000
      vertex 66.7000 231.4000 0.0000
    endloop
  endfacet
  facet normal -0 0 -1
    outer loop
      vertex 66.7000 187.4000 0.0000
      vertex 63.7000 183.4000 0.0000
      vertex 63.7000 187.4000 0.0000
    endloop
  endfacet
  facet normal 0 0 -1
    outer loop
      vertex 66.7000 207.4000 0.0000
      vertex 63.7000 207.4000 0.0000
      vertex 66.7000 211.4000 0.0000
    endloop
  endfacet
  facet normal 0 0 -1
    outer loop
      vertex 63.7000 211.4000 0.0000
      vertex 66.7000 211.4000 0.0000
      vertex 63.7000 207.4000 0.0000
    endloop
  endfacet
  facet normal 0 0 -1
    outer loop
      vertex 66.7000 211.4000 0.0000
      vertex 63.7000 211.4000 0.0000
      vertex 66.7000 231.4000 0.0000
    endloop
  endfacet
  facet normal 0 0 -1
    outer loop
      vertex 63.7000 231.4000 0.0000
      vertex 66.7000 231.4000 0.0000
      vertex 63.7000 211.4000 0.0000
    endloop
  endfacet
  facet normal 0 0 -1
    outer loop
      vertex 0.0000 244.0000 0.0000
      vertex 66.7000 231.4000 0.0000
      vertex 63.7000 231.4000 0.0000
    endloop
  endfacet
  facet normal 0 0 -1
    outer loop
      vertex 0.0000 244.0000 0.0000
      vertex 63.7000 231.4000 0.0000
      vertex 60.7000 231.4000 0.0000
    endloop
  endfacet
  facet normal -0 0 -1
    outer loop
      vertex 60.7000 187.4000 0.0000
      vertex 57.7000 183.4000 0.0000
      vertex 57.7000 187.4000 0.0000
    endloop
  endfacet
  facet normal 0 0 -1
    outer loop
      vertex 60.7000 207.4000 0.0000
      vertex 57.7000 207.4000 0.0000
      vertex 60.7000 211.4000 0.0000
    endloop
  endfacet
  facet normal 0 0 -1
    outer loop
      vertex 57.7000 211.4000 0.0000
      vertex 60.7000 211.4000 0.0000
      vertex 57.7000 207.4000 0.0000
    endloop
  endfacet
  facet normal 0 0 -1
    outer loop
      vertex 60.7000 211.4000 0.0000
      vertex 57.7000 211.4000 0.0000
      vertex 60.7000 231.4000 0.0000
    endloop
  endfacet
  facet normal 0 0 -1
    outer loop
      vertex 57.7000 231.4000 0.0000
      vertex 60.7000 231.4000 0.0000
      vertex 57.7000 211.4000 0.0000
    endloop
  endfacet
  facet normal 0 0 -1
    outer loop
      vertex 0.0000 244.0000 0.0000
      vertex 60.7000 231.4000 0.0000
      vertex 57.7000 231.4000 0.0000
    endloop
  endfacet
  facet normal 0 0 -1
    outer loop
      vertex 0.0000 244.0000 0.0000
      vertex 57.7000 231.4000 0.0000
      vertex 54.7000 231.4000 0.0000
    endloop
  endfacet
  facet normal -0 0 -1
    outer loop
      vertex 54.7000 187.4000 0.0000
      vertex 51.7000 183.4000 0.0000
      vertex 51.7000 187.4000 0.0000
    endloop
  endfacet
  facet normal 0 0 -1
    outer loop
      vertex 54.7000 207.4000 0.0000
      vertex 51.7000 207.4000 0.0000
      vertex 54.7000 211.4000 0.0000
    endloop
  endfacet
  facet normal 0 0 -1
    outer loop
      vertex 51.7000 211.4000 0.0000
      vertex 54.7000 211.4000 0.0000
      vertex 51.7000 207.4000 0.0000
    endloop
  endfacet
  facet normal 0 0 -1
    outer loop
      vertex 54.7000 211.4000 0.0000
      vertex 51.7000 211.4000 0.0000
      vertex 54.7000 231.4000 0.0000
    endloop
  endfacet
  facet normal 0 0 -1
    outer loop
      vertex 51.7000 231.4000 0.0000
      vertex 54.7000 231.4000 0.0000
      vertex 51.7000 211.4000 0.0000
    endloop
  endfacet
  facet normal 0 0 -1
    outer loop
      vertex 0.0000 244.0000 0.0000
      vertex 54.7000 231.4000 0.0000
      vertex 51.7000 231.4000 0.0000
    endloop
  endfacet
  facet normal 0 0 -1
    outer loop
      vertex 0.0000 244.0000 0.0000
      vertex 51.7000 231.4000 0.0000
      vertex 48.7000 231.4000 0.0000
    endloop
  endfacet
  facet normal -0 0 -1
    outer loop
      vertex 48.7000 187.4000 0.0000
      vertex 45.7000 183.4000 0.0000
      vertex 45.7000 187.4000 0.0000
    endloop
  endfacet
  facet normal 0 0 -1
    outer loop
      vertex 48.7000 207.4000 0.0000
      vertex 45.7000 207.4000 0.0000
      vertex 48.7000 211.4000 0.0000
    endloop
  endfacet
  facet normal 0 0 -1
    outer loop
      vertex 45.7000 211.4000 0.0000
      vertex 48.7000 211.4000 0.0000
      vertex 45.7000 207.4000 0.0000
    endloop
  endfacet
  facet normal 0 0 -1
    outer loop
      vertex 48.7000 211.4000 0.0000
      vertex 45.7000 211.4000 0.0000
      vertex 48.7000 231.4000 0.0000
    endloop
  endfacet
  facet normal 0 0 -1
    outer loop
      vertex 45.7000 231.4000 0.0000
      vertex 48.7000 231.4000 0.0000
      vertex 45.7000 211.4000 0.0000
    endloop
  endfacet
  facet normal 0 0 -1
    outer loop
      vertex 0.0000 244.0000 0.0000
      vertex 48.7000 231.4000 0.0000
      vertex 45.7000 231.4000 0.0000
    endloop
  endfacet
  facet normal 0 0 -1
    outer loop
      vertex 0.0000 244.0000 0.0000
      vertex 45.7000 231.4000 0.0000
      vertex 42.7000 231.4000 0.0000
    endloop
  endfacet
  facet normal -0 0 -1
    outer loop
      vertex 42.7000 187.4000 0.0000
      vertex 39.7000 183.4000 0.0000
      vertex 39.7000 187.4000 0.0000
    endloop
  endfacet
  facet normal 0 0 -1
    outer loop
      vertex 42.7000 207.4000 0.0000
      vertex 39.7000 207.4000 0.0000
      vertex 42.7000 211.4000 0.0000
    endloop
  endfacet
  facet normal 0 0 -1
    outer loop
      vertex 39.7000 211.4000 0.0000
      vertex 42.7000 211.4000 0.0000
      vertex 39.7000 207.4000 0.0000
    endloop
  endfacet
  facet normal 0 0 -1
    outer loop
      vertex 42.7000 211.4000 0.0000
      vertex 39.7000 211.4000 0.0000
      vertex 42.7000 231.4000 0.0000
    endloop
  endfacet
  facet normal 0 0 -1
    outer loop
      vertex 39.7000 231.4000 0.0000
      vertex 42.7000 231.4000 0.0000
      vertex 39.7000 211.4000 0.0000
    endloop
  endfacet
  facet normal 0 0 -1
    outer loop
      vertex 0.0000 244.0000 0.0000
      vertex 42.7000 231.4000 0.0000
      vertex 39.7000 231.4000 0.0000
    endloop
  endfacet
  facet normal 0 0 -1
    outer loop
      vertex 0.0000 244.0000 0.0000
      vertex 39.7000 231.4000 0.0000
      vertex 36.7000 231.4000 0.0000
    endloop
  endfacet
  facet normal -0 0 -1
    outer loop
      vertex 36.7000 187.4000 0.0000
      vertex 33.7000 183.4000 0.0000
      vertex 33.7000 187.4000 0.0000
    endloop
  endfacet
  facet normal 0 0 -1
    outer loop
      vertex 36.7000 207.4000 0.0000
      vertex 33.7000 207.4000 0.0000
      vertex 36.7000 211.4000 0.0000
    endloop
  endfacet
  facet normal 0 0 -1
    outer loop
      vertex 33.7000 211.4000 0.0000
      vertex 36.7000 211.4000 0.0000
      vertex 33.7000 207.4000 0.0000
    endloop
  endfacet
  facet normal 0 0 -1
    outer loop
      vertex 36.7000 211.4000 0.0000
      vertex 33.7000 211.4000 0.0000
      vertex 36.7000 231.4000 0.0000
    endloop
  endfacet
  facet normal 0 0 -1
    outer loop
      vertex 33.7000 231.4000 0.0000
      vertex 36.7000 231.4000 0.0000
      vertex 33.7000 211.4000 0.0000
    endloop
  endfacet
  facet normal 0 0 -1
    outer loop
      vertex 0.0000 244.0000 0.0000
      vertex 36.7000 231.4000 0.0000
      vertex 33.7000 231.4000 0.0000
    endloop
  endfacet
  facet normal 0 0 -1
    outer loop
      vertex 0.0000 244.0000 0.0000
      vertex 33.7000 231.4000 0.0000
      vertex 30.7000 231.4000 0.0000
    endloop
  endfacet
  facet normal -0 0 -1
    outer loop
      vertex 30.7000 187.4000 0.0000
      vertex 27.7000 183.4000 0.0000
      vertex 27.7000 187.4000 0.0000
    endloop
  endfacet
  facet normal 0 0 -1
    outer loop
      vertex 30.7000 207.4000 0.0000
      vertex 27.7000 207.4000 0.0000
      vertex 30.7000 211.4000 0.0000
    endloop
  endfacet
  facet normal 0 0 -1
    outer loop
      vertex 27.7000 211.4000 0.0000
      vertex 30.7000 211.4000 0.0000
      vertex 27.7000 207.4000 0.0000
    endloop
  endfacet
  facet normal 0 0 -1
    outer loop
      vertex 30.7000 211.4000 0.0000
      vertex 27.7000 211.4000 0.0000
      vertex 30.7000 231.4000 0.0000
    endloop
  endfacet
  facet normal 0 0 -1
    outer loop
      vertex 27.7000 231.4000 0.0000
      vertex 30.7000 231.4000 0.0000
      vertex 27.7000 211.4000 0.0000
    endloop
  endfacet
  facet normal 0 0 -1
    outer loop
      vertex 0.0000 244.0000 0.0000
      vertex 30.7000 231.4000 0.0000
      vertex 27.7000 231.4000 0.0000
    endloop
  endfacet
  facet normal 0 0 -1
    outer loop
      vertex 0.0000 244.0000 0.0000
      vertex 27.7000 231.4000 0.0000
      vertex 24.7000 231.4000 0.0000
    endloop
  endfacet
  facet normal -0 0 -1
    outer loop
      vertex 24.7000 187.4000 0.0000
      vertex 21.7000 183.4000 0.0000
      vertex 21.7000 187.4000 0.0000
    endloop
  endfacet
  facet normal 0 0 -1
    outer loop
      vertex 24.7000 207.4000 0.0000
      vertex 21.7000 207.4000 0.0000
      vertex 24.7000 211.4000 0.0000
    endloop
  endfacet
  facet normal 0 0 -1
    outer loop
      vertex 21.7000 211.4000 0.0000
      vertex 24.7000 211.4000 0.0000
      vertex 21.7000 207.4000 0.0000
    endloop
  endfacet
  facet normal 0 0 -1
    outer loop
      vertex 24.7000 211.4000 0.0000
      vertex 21.7000 211.4000 0.0000
      vertex 24.7000 231.4000 0.0000
    endloop
  endfacet
  facet normal 0 0 -1
    outer loop
      vertex 21.7000 231.4000 0.0000
      vertex 24.7000 231.4000 0.0000
      vertex 21.7000 211.4000 0.0000
    endloop
  endfacet
  facet normal 0 0 -1
    outer loop
      vertex 0.0000 244.0000 0.0000
      vertex 24.7000 231.4000 0.0000
      vertex 21.7000 231.4000 0.0000
    endloop
  endfacet
  facet normal 0 0 -1
    outer loop
      vertex 0.0000 244.0000 0.0000
      vertex 21.7000 231.4000 0.0000
      vertex 18.7000 231.4000 0.0000
    endloop
  endfacet
  facet normal 0 0 -1
    outer loop
      vertex 69.7000 231.4000 0.0000
      vertex 0.0000 244.0000 0.0000
      vertex 144.0000 244.0000 0.0000
    endloop
  endfacet
  facet normal 0 0 -1
    outer loop
      vertex 18.7000 211.4000 0.0000
      vertex 0.0000 244.0000 0.0000
      vertex 18.7000 231.4000 0.0000
    endloop
  endfacet
  facet normal 0 0 1
    outer loop
      vertex 5.0000 102.5000 3.0000
      vertex 7.0000 107.0000 3.0000
      vertex 5.0000 117.5000 3.0000
    endloop
  endfacet
  facet normal 0 0 1
    outer loop
      vertex 7.0000 107.0000 3.0000
      vertex 5.0000 102.5000 3.0000
      vertex 6.5000 102.5000 3.0000
    endloop
  endfacet
  facet normal 0 0 1
    outer loop
      vertex 6.5000 102.5000 3.0000
      vertex 13.0000 107.0000 3.0000
      vertex 7.0000 107.0000 3.0000
    endloop
  endfacet
  facet normal 0 0 1
    outer loop
      vertex 13.0000 107.0000 3.0000
      vertex 6.5000 102.5000 3.0000
      vertex 13.0000 13.0000 3.0000
    endloop
  endfacet
  facet normal 0 0 1
    outer loop
      vertex 6.5000 228.5000 3.0000
      vertex 13.0000 231.0000 3.0000
      vertex 7.0000 231.0000 3.0000
    endloop
  endfacet
  facet normal 0 0 1
    outer loop
      vertex 6.5000 117.5000 3.0000
      vertex 13.0000 231.0000 3.0000
      vertex 6.5000 228.5000 3.0000
    endloop
  endfacet
  facet normal 0 0 1
    outer loop
      vertex 144.0000 244.0000 3.0000
      vertex 15.5000 239.0000 3.0000
      vertex 144.0000 239.0000 3.0000
    endloop
  endfacet
  facet normal 0 0 1
    outer loop
      vertex 13.0000 237.0000 3.0000
      vertex 15.5000 237.5000 3.0000
      vertex 15.5000 239.0000 3.0000
    endloop
  endfacet
  facet normal 0 0 1
    outer loop
      vertex 15.5000 237.5000 3.0000
      vertex 13.0000 113.0000 3.0000
      vertex 15.5000 6.5000 3.0000
    endloop
  endfacet
  facet normal 0 0 1
    outer loop
      vertex 15.5000 237.5000 3.0000
      vertex 13.0000 237.0000 3.0000
      vertex 13.0000 231.0000 3.0000
    endloop
  endfacet
  facet normal 0 0 1
    outer loop
      vertex 15.5000 239.0000 3.0000
      vertex 7.0000 237.0000 3.0000
      vertex 13.0000 237.0000 3.0000
    endloop
  endfacet
  facet normal 0 0 1
    outer loop
      vertex 5.0000 228.5000 3.0000
      vertex 7.0000 231.0000 3.0000
      vertex 7.0000 237.0000 3.0000
    endloop
  endfacet
  facet normal 0 0 1
    outer loop
      vertex 13.0000 231.0000 3.0000
      vertex 6.5000 117.5000 3.0000
      vertex 13.0000 113.0000 3.0000
    endloop
  endfacet
  facet normal -0 0 1
    outer loop
      vertex 5.0000 117.5000 3.0000
      vertex 7.0000 113.0000 3.0000
      vertex 6.5000 117.5000 3.0000
    endloop
  endfacet
  facet normal 0 0 1
    outer loop
      vertex 7.0000 113.0000 3.0000
      vertex 5.0000 117.5000 3.0000
      vertex 7.0000 107.0000 3.0000
    endloop
  endfacet
  facet normal 0 0 1
    outer loop
      vertex 13.0000 113.0000 3.0000
      vertex 6.5000 117.5000 3.0000
      vertex 7.0000 113.0000 3.0000
    endloop
  endfacet
  facet normal 0 0 1
    outer loop
      vertex 7.0000 231.0000 3.0000
      vertex 5.0000 228.5000 3.0000
      vertex 6.5000 228.5000 3.0000
    endloop
  endfacet
  facet normal 0 0 1
    outer loop
      vertex 0.0000 244.0000 3.0000
      vertex 5.0000 117.5000 3.0000
      vertex 5.0000 228.5000 3.0000
    endloop
  endfacet
  facet normal 0 0 1
    outer loop
      vertex 5.0000 117.5000 3.0000
      vertex 0.0000 244.0000 3.0000
      vertex 5.0000 102.5000 3.0000
    endloop
  endfacet
  facet normal 0 0 1
    outer loop
      vertex 0.0000 0.0000 3.0000
      vertex 5.0000 102.5000 3.0000
      vertex 0.0000 244.0000 3.0000
    endloop
  endfacet
  facet normal 0 0 1
    outer loop
      vertex 7.0000 237.0000 3.0000
      vertex 0.0000 244.0000 3.0000
      vertex 5.0000 228.5000 3.0000
    endloop
  endfacet
  facet normal 0 0 1
    outer loop
      vertex 15.5000 239.0000 3.0000
      vertex 0.0000 244.0000 3.0000
      vertex 7.0000 237.0000 3.0000
    endloop
  endfacet
  facet normal -0 0 1
    outer loop
      vertex 0.0000 244.0000 3.0000
      vertex 15.5000 239.0000 3.0000
      vertex 144.0000 244.0000 3.0000
    endloop
  endfacet
  facet normal -0 0 1
    outer loop
      vertex 15.5000 5.0000 3.0000
      vertex 144.0000 0.0000 3.0000
      vertex 144.0000 5.0000 3.0000
    endloop
  endfacet
  facet normal 0 0 1
    outer loop
      vertex 15.5000 237.5000 3.0000
      vertex 13.0000 231.0000 3.0000
      vertex 13.0000 113.0000 3.0000
    endloop
  endfacet
  facet normal -0 0 1
    outer loop
      vertex 13.0000 107.0000 3.0000
      vertex 15.5000 6.5000 3.0000
      vertex 13.0000 113.0000 3.0000
    endloop
  endfacet
  facet normal -0 0 1
    outer loop
      vertex 13.0000 13.0000 3.0000
      vertex 15.5000 6.5000 3.0000
      vertex 13.0000 107.0000 3.0000
    endloop
  endfacet
  facet normal -0 0 1
    outer loop
      vertex 13.0000 7.0000 3.0000
      vertex 15.5000 6.5000 3.0000
      vertex 13.0000 13.0000 3.0000
    endloop
  endfacet
  facet normal 0 0 1
    outer loop
      vertex 15.5000 6.5000 3.0000
      vertex 13.0000 7.0000 3.0000
      vertex 15.5000 5.0000 3.0000
    endloop
  endfacet
  facet normal -0 0 1
    outer loop
      vertex 7.0000 7.0000 3.0000
      vertex 15.5000 5.0000 3.0000
      vertex 13.0000 7.0000 3.0000
    endloop
  endfacet
  facet normal -0 0 1
    outer loop
      vertex 6.5000 15.5000 3.0000
      vertex 13.0000 13.0000 3.0000
      vertex 6.5000 102.5000 3.0000
    endloop
  endfacet
  facet normal 0 0 1
    outer loop
      vertex 13.0000 13.0000 3.0000
      vertex 6.5000 15.5000 3.0000
      vertex 7.0000 13.0000 3.0000
    endloop
  endfacet
  facet normal -0 0 1
    outer loop
      vertex 5.0000 15.5000 3.0000
      vertex 7.0000 13.0000 3.0000
      vertex 6.5000 15.5000 3.0000
    endloop
  endfacet
  facet normal 0 0 1
    outer loop
      vertex 7.0000 13.0000 3.0000
      vertex 5.0000 15.5000 3.0000
      vertex 7.0000 7.0000 3.0000
    endloop
  endfacet
  facet normal 0 0 1
    outer loop
      vertex 15.5000 5.0000 3.0000
      vertex 0.0000 0.0000 3.0000
      vertex 144.0000 0.0000 3.0000
    endloop
  endfacet
  facet normal 0 0 1
    outer loop
      vertex 7.0000 7.0000 3.0000
      vertex 0.0000 0.0000 3.0000
      vertex 15.5000 5.0000 3.0000
    endloop
  endfacet
  facet normal 0 0 1
    outer loop
      vertex 5.0000 15.5000 3.0000
      vertex 0.0000 0.0000 3.0000
      vertex 7.0000 7.0000 3.0000
    endloop
  endfacet
  facet normal 0 0 1
    outer loop
      vertex 5.0000 102.5000 3.0000
      vertex 0.0000 0.0000 3.0000
      vertex 5.0000 15.5000 3.0000
    endloop
  endfacet
  facet normal -0 0 1
    outer loop
      vertex 18.2000 184.6200 3.0000
      vertex 21.7000 183.4000 3.0000
      vertex 22.4000 184.6200 3.0000
    endloop
  endfacet
  facet normal 0 0 1
    outer loop
      vertex 21.7000 183.4000 3.0000
      vertex 18.2000 184.6200 3.0000
      vertex 18.7000 183.4000 3.0000
    endloop
  endfacet
  facet normal 0 0 1
    outer loop
      vertex 18.2000 164.6000 3.0000
      vertex 18.7000 183.4000 3.0000
      vertex 18.2000 184.6200 3.0000
    endloop
  endfacet
  facet normal 0 0 1
    outer loop
      vertex 18.7000 183.4000 3.0000
      vertex 18.2000 164.6000 3.0000
      vertex 18.7000 164.6000 3.0000
    endloop
  endfacet
  facet normal -0 0 1
    outer loop
      vertex 18.7000 211.4000 3.0000
      vertex 21.7000 207.4000 3.0000
      vertex 21.7000 211.4000 3.0000
    endloop
  endfacet
  facet normal 0 0 1
    outer loop
      vertex 21.7000 207.4000 3.0000
      vertex 18.7000 211.4000 3.0000
      vertex 18.7000 207.4000 3.0000
    endloop
  endfacet
  facet normal -0 0 1
    outer loop
      vertex 24.7000 187.4000 3.0000
      vertex 27.7000 183.4000 3.0000
      vertex 27.7000 187.4000 3.0000
    endloop
  endfacet
  facet normal 0 0 1
    outer loop
      vertex 27.7000 183.4000 3.0000
      vertex 24.7000 187.4000 3.0000
      vertex 24.7000 183.4000 3.0000
    endloop
  endfacet
  facet normal -0 0 1
    outer loop
      vertex 24.7000 211.4000 3.0000
      vertex 27.7000 207.4000 3.0000
      vertex 27.7000 211.4000 3.0000
    endloop
  endfacet
  facet normal 0 0 1
    outer loop
      vertex 27.7000 207.4000 3.0000
      vertex 24.7000 211.4000 3.0000
      vertex 24.7000 207.4000 3.0000
    endloop
  endfacet
  facet normal -0 0 1
    outer loop
      vertex 30.7000 187.4000 3.0000
      vertex 33.7000 183.4000 3.0000
      vertex 33.7000 187.4000 3.0000
    endloop
  endfacet
  facet normal 0 0 1
    outer loop
      vertex 33.7000 183.4000 3.0000
      vertex 30.7000 187.4000 3.0000
      vertex 30.7000 183.4000 3.0000
    endloop
  endfacet
  facet normal -0 0 1
    outer loop
      vertex 30.7000 211.4000 3.0000
      vertex 33.7000 207.4000 3.0000
      vertex 33.7000 211.4000 3.0000
    endloop
  endfacet
  facet normal 0 0 1
    outer loop
      vertex 33.7000 207.4000 3.0000
      vertex 30.7000 211.4000 3.0000
      vertex 30.7000 207.4000 3.0000
    endloop
  endfacet
  facet normal -0 0 1
    outer loop
      vertex 36.7000 187.4000 3.0000
      vertex 39.7000 183.4000 3.0000
      vertex 39.7000 187.4000 3.0000
    endloop
  endfacet
  facet normal 0 0 1
    outer loop
      vertex 39.7000 183.4000 3.0000
      vertex 36.7000 187.4000 3.0000
      vertex 36.7000 183.4000 3.0000
    endloop
  endfacet
  facet normal 0 0 1
    outer loop
      vertex 42.7000 213.1000 3.0000
      vertex 39.7000 231.4000 3.0000
      vertex 39.7000 213.1000 3.0000
    endloop
  endfacet
  facet normal 0 0 1
    outer loop
      vertex 39.7000 183.4000 3.0000
      vertex 42.7000 183.4000 3.0000
      vertex 39.7000 187.4000 3.0000
    endloop
  endfacet
  facet normal 0 0 1
    outer loop
      vertex 42.7000 183.4000 3.0000
      vertex 39.7000 183.4000 3.0000
      vertex 42.7000 166.9000 3.0000
    endloop
  endfacet
  facet normal 0 0 1
    outer loop
      vertex 42.7000 166.9000 3.0000
      vertex 39.7000 183.4000 3.0000
      vertex 39.7000 166.9000 3.0000
    endloop
  endfacet
  facet normal 0 0 1
    outer loop
      vertex 21.7000 183.4000 3.0000
      vertex 24.7000 183.4000 3.0000
      vertex 22.4000 184.6200 3.0000
    endloop
  endfacet
  facet normal 0 0 1
    outer loop
      vertex 24.7000 183.4000 3.0000
      vertex 21.7000 183.4000 3.0000
      vertex 24.7000 164.6000 3.0000
    endloop
  endfacet
  facet normal 0 0 1
    outer loop
      vertex 24.7000 164.6000 3.0000
      vertex 21.7000 183.4000 3.0000
      vertex 21.7000 164.6000 3.0000
    endloop
  endfacet
  facet normal 0 0 1
    outer loop
      vertex 21.7000 207.4000 3.0000
      vertex 24.7000 207.4000 3.0000
      vertex 21.7000 211.4000 3.0000
    endloop
  endfacet
  facet normal 0 0 1
    outer loop
      vertex 24.7000 207.4000 3.0000
      vertex 21.7000 207.4000 3.0000
      vertex 22.4000 188.6200 3.0000
    endloop
  endfacet
  facet normal 0 0 1
    outer loop
      vertex 22.4000 188.6200 3.0000
      vertex 21.7000 207.4000 3.0000
      vertex 21.7000 188.6200 3.0000
    endloop
  endfacet
  facet normal 0 0 1
    outer loop
      vertex 42.7000 163.9000 3.0000
      vertex 39.7000 163.9000 3.0000
      vertex 42.7000 163.4000 3.0000
    endloop
  endfacet
  facet normal 0 0 1
    outer loop
      vertex 48.7000 163.9000 3.0000
      vertex 45.7000 163.9000 3.0000
      vertex 48.7000 163.4000 3.0000
    endloop
  endfacet
  facet normal 0 0 1
    outer loop
      vertex 54.7000 163.9000 3.0000
      vertex 51.7000 163.9000 3.0000
      vertex 54.7000 163.4000 3.0000
    endloop
  endfacet
  facet normal 0 0 1
    outer loop
      vertex 60.7000 163.9000 3.0000
      vertex 57.7000 163.9000 3.0000
      vertex 60.7000 163.4000 3.0000
    endloop
  endfacet
  facet normal 0 0 1
    outer loop
      vertex 66.7000 163.9000 3.0000
      vertex 63.7000 163.9000 3.0000
      vertex 66.7000 163.4000 3.0000
    endloop
  endfacet
  facet normal 0 0 1
    outer loop
      vertex 72.7000 163.9000 3.0000
      vertex 69.7000 163.9000 3.0000
      vertex 72.7000 163.4000 3.0000
    endloop
  endfacet
  facet normal 0 0 1
    outer loop
      vertex 78.7000 163.9000 3.0000
      vertex 75.7000 163.9000 3.0000
      vertex 78.7000 163.4000 3.0000
    endloop
  endfacet
  facet normal 0 0 1
    outer loop
      vertex 84.7000 163.9000 3.0000
      vertex 81.7000 163.9000 3.0000
      vertex 84.7000 163.4000 3.0000
    endloop
  endfacet
  facet normal -0 0 1
    outer loop
      vertex 84.7000 187.4000 3.0000
      vertex 87.7000 183.4000 3.0000
      vertex 87.7000 187.4000 3.0000
    endloop
  endfacet
  facet normal 0 0 1
    outer loop
      vertex 87.7000 183.4000 3.0000
      vertex 84.7000 187.4000 3.0000
      vertex 84.7000 183.4000 3.0000
    endloop
  endfacet
  facet normal 0 0 1
    outer loop
      vertex 86.7000 210.1000 3.0000
      vertex 87.7000 211.4000 3.0000
      vertex 86.7000 211.4000 3.0000
    endloop
  endfacet
  facet normal 0 0 1
    outer loop
      vertex 87.7000 211.4000 3.0000
      vertex 86.7000 210.1000 3.0000
      vertex 87.7000 207.4000 3.0000
    endloop
  endfacet
  facet normal 0 0 1
    outer loop
      vertex 86.7000 210.1000 3.0000
      vertex 84.7000 207.4000 3.0000
      vertex 87.7000 207.4000 3.0000
    endloop
  endfacet
  facet normal 0 0 1
    outer loop
      vertex 81.7000 187.4000 3.0000
      vertex 84.7000 187.4000 3.0000
      vertex 84.7000 207.4000 3.0000
    endloop
  endfacet
  facet normal 0 0 1
    outer loop
      vertex 84.7000 187.4000 3.0000
      vertex 81.7000 187.4000 3.0000
      vertex 84.7000 183.4000 3.0000
    endloop
  endfacet
  facet normal 0 0 1
    outer loop
      vertex 81.7000 187.4000 3.0000
      vertex 84.7000 207.4000 3.0000
      vertex 81.7000 207.4000 3.0000
    endloop
  endfacet
  facet normal 0 0 1
    outer loop
      vertex 86.7000 210.1000 3.0000
      vertex 81.7000 207.4000 3.0000
      vertex 84.7000 207.4000 3.0000
    endloop
  endfacet
  facet normal 0 0 1
    outer loop
      vertex 86.7000 210.1000 3.0000
      vertex 78.7000 207.4000 3.0000
      vertex 81.7000 207.4000 3.0000
    endloop
  endfacet
  facet normal 0 0 1
    outer loop
      vertex 75.7000 187.4000 3.0000
      vertex 78.7000 187.4000 3.0000
      vertex 78.7000 207.4000 3.0000
    endloop
  endfacet
  facet normal 0 0 1
    outer loop
      vertex 78.7000 187.4000 3.0000
      vertex 75.7000 187.4000 3.0000
      vertex 78.7000 183.4000 3.0000
    endloop
  endfacet
  facet normal 0 0 1
    outer loop
      vertex 75.7000 187.4000 3.0000
      vertex 78.7000 207.4000 3.0000
      vertex 75.7000 207.4000 3.0000
    endloop
  endfacet
  facet normal 0 0 1
    outer loop
      vertex 86.7000 210.1000 3.0000
      vertex 75.7000 207.4000 3.0000
      vertex 78.7000 207.4000 3.0000
    endloop
  endfacet
  facet normal 0 0 1
    outer loop
      vertex 86.7000 210.1000 3.0000
      vertex 72.7000 207.4000 3.0000
      vertex 75.7000 207.4000 3.0000
    endloop
  endfacet
  facet normal 0 0 1
    outer loop
      vertex 69.7000 187.4000 3.0000
      vertex 72.7000 187.4000 3.0000
      vertex 72.7000 207.4000 3.0000
    endloop
  endfacet
  facet normal 0 0 1
    outer loop
      vertex 72.7000 187.4000 3.0000
      vertex 69.7000 187.4000 3.0000
      vertex 72.7000 183.4000 3.0000
    endloop
  endfacet
  facet normal 0 0 1
    outer loop
      vertex 69.7000 187.4000 3.0000
      vertex 72.7000 207.4000 3.0000
      vertex 69.7000 207.4000 3.0000
    endloop
  endfacet
  facet normal 0 0 1
    outer loop
      vertex 86.7000 210.1000 3.0000
      vertex 69.7000 207.4000 3.0000
      vertex 72.7000 207.4000 3.0000
    endloop
  endfacet
  facet normal 0 0 1
    outer loop
      vertex 86.7000 210.1000 3.0000
      vertex 66.7000 207.4000 3.0000
      vertex 69.7000 207.4000 3.0000
    endloop
  endfacet
  facet normal 0 0 1
    outer loop
      vertex 63.7000 187.4000 3.0000
      vertex 66.7000 187.4000 3.0000
      vertex 66.7000 207.4000 3.0000
    endloop
  endfacet
  facet normal 0 0 1
    outer loop
      vertex 66.7000 187.4000 3.0000
      vertex 63.7000 187.4000 3.0000
      vertex 66.7000 183.4000 3.0000
    endloop
  endfacet
  facet normal 0 0 1
    outer loop
      vertex 63.7000 187.4000 3.0000
      vertex 66.7000 207.4000 3.0000
      vertex 63.7000 207.4000 3.0000
    endloop
  endfacet
  facet normal 0 0 1
    outer loop
      vertex 86.7000 210.1000 3.0000
      vertex 63.7000 207.4000 3.0000
      vertex 66.7000 207.4000 3.0000
    endloop
  endfacet
  facet normal 0 0 1
    outer loop
      vertex 86.7000 210.1000 3.0000
      vertex 60.7000 207.4000 3.0000
      vertex 63.7000 207.4000 3.0000
    endloop
  endfacet
  facet normal 0 0 1
    outer loop
      vertex 57.7000 187.4000 3.0000
      vertex 60.7000 187.4000 3.0000
      vertex 60.7000 207.4000 3.0000
    endloop
  endfacet
  facet normal 0 0 1
    outer loop
      vertex 60.7000 187.4000 3.0000
      vertex 57.7000 187.4000 3.0000
      vertex 60.7000 183.4000 3.0000
    endloop
  endfacet
  facet normal 0 0 1
    outer loop
      vertex 57.7000 187.4000 3.0000
      vertex 60.7000 207.4000 3.0000
      vertex 57.7000 207.4000 3.0000
    endloop
  endfacet
  facet normal -0 0 1
    outer loop
      vertex 36.7000 210.1000 3.0000
      vertex 60.7000 207.4000 3.0000
      vertex 86.7000 210.1000 3.0000
    endloop
  endfacet
  facet normal 0 0 1
    outer loop
      vertex 60.7000 207.4000 3.0000
      vertex 36.7000 210.1000 3.0000
      vertex 57.7000 207.4000 3.0000
    endloop
  endfacet
  facet normal 0 0 1
    outer loop
      vertex 51.7000 187.4000 3.0000
      vertex 54.7000 187.4000 3.0000
      vertex 54.7000 207.4000 3.0000
    endloop
  endfacet
  facet normal 0 0 1
    outer loop
      vertex 54.7000 187.4000 3.0000
      vertex 51.7000 187.4000 3.0000
      vertex 54.7000 183.4000 3.0000
    endloop
  endfacet
  facet normal 0 0 1
    outer loop
      vertex 51.7000 187.4000 3.0000
      vertex 54.7000 207.4000 3.0000
      vertex 51.7000 207.4000 3.0000
    endloop
  endfacet
  facet normal 0 0 1
    outer loop
      vertex 57.7000 207.4000 3.0000
      vertex 36.7000 210.1000 3.0000
      vertex 54.7000 207.4000 3.0000
    endloop
  endfacet
  facet normal 0 0 1
    outer loop
      vertex 54.7000 207.4000 3.0000
      vertex 36.7000 210.1000 3.0000
      vertex 51.7000 207.4000 3.0000
    endloop
  endfacet
  facet normal 0 0 1
    outer loop
      vertex 45.7000 187.4000 3.0000
      vertex 48.7000 187.4000 3.0000
      vertex 48.7000 207.4000 3.0000
    endloop
  endfacet
  facet normal 0 0 1
    outer loop
      vertex 48.7000 187.4000 3.0000
      vertex 45.7000 187.4000 3.0000
      vertex 48.7000 183.4000 3.0000
    endloop
  endfacet
  facet normal 0 0 1
    outer loop
      vertex 45.7000 187.4000 3.0000
      vertex 48.7000 207.4000 3.0000
      vertex 45.7000 207.4000 3.0000
    endloop
  endfacet
  facet normal 0 0 1
    outer loop
      vertex 51.7000 207.4000 3.0000
      vertex 36.7000 210.1000 3.0000
      vertex 48.7000 207.4000 3.0000
    endloop
  endfacet
  facet normal 0 0 1
    outer loop
      vertex 48.7000 207.4000 3.0000
      vertex 36.7000 210.1000 3.0000
      vertex 45.7000 207.4000 3.0000
    endloop
  endfacet
  facet normal -0 0 1
    outer loop
      vertex 39.7000 207.4000 3.0000
      vertex 42.7000 187.4000 3.0000
      vertex 42.7000 207.4000 3.0000
    endloop
  endfacet
  facet normal 0 0 1
    outer loop
      vertex 39.7000 187.4000 3.0000
      vertex 42.7000 187.4000 3.0000
      vertex 39.7000 207.4000 3.0000
    endloop
  endfacet
  facet normal 0 0 1
    outer loop
      vertex 42.7000 187.4000 3.0000
      vertex 39.7000 187.4000 3.0000
      vertex 42.7000 183.4000 3.0000
    endloop
  endfacet
  facet normal 0 0 1
    outer loop
      vertex 45.7000 207.4000 3.0000
      vertex 36.7000 210.1000 3.0000
      vertex 42.7000 207.4000 3.0000
    endloop
  endfacet
  facet normal 0 0 1
    outer loop
      vertex 42.7000 207.4000 3.0000
      vertex 36.7000 210.1000 3.0000
      vertex 39.7000 207.4000 3.0000
    endloop
  endfacet
  facet normal 0 0 1
    outer loop
      vertex 39.7000 207.4000 3.0000
      vertex 36.7000 210.1000 3.0000
      vertex 36.7000 207.4000 3.0000
    endloop
  endfacet
  facet normal -0 0 1
    outer loop
      vertex 90.7000 187.4000 3.0000
      vertex 93.7000 183.4000 3.0000
      vertex 93.7000 187.4000 3.0000
    endloop
  endfacet
  facet normal 0 0 1
    outer loop
      vertex 93.7000 183.4000 3.0000
      vertex 90.7000 187.4000 3.0000
      vertex 90.7000 183.4000 3.0000
    endloop
  endfacet
  facet normal -0 0 1
    outer loop
      vertex 90.7000 211.4000 3.0000
      vertex 93.7000 207.4000 3.0000
      vertex 93.7000 211.4000 3.0000
    endloop
  endfacet
  facet normal 0 0 1
    outer loop
      vertex 93.7000 207.4000 3.0000
      vertex 90.7000 211.4000 3.0000
      vertex 90.7000 207.4000 3.0000
    endloop
  endfacet
  facet normal -0 0 1
    outer loop
      vertex 96.7000 187.4000 3.0000
      vertex 99.7000 183.4000 3.0000
      vertex 99.7000 187.4000 3.0000
    endloop
  endfacet
  facet normal 0 0 1
    outer loop
      vertex 99.7000 183.4000 3.0000
      vertex 96.7000 187.4000 3.0000
      vertex 96.7000 183.4000 3.0000
    endloop
  endfacet
  facet normal -0 0 1
    outer loop
      vertex 96.7000 211.4000 3.0000
      vertex 99.7000 207.4000 3.0000
      vertex 99.7000 211.4000 3.0000
    endloop
  endfacet
  facet normal 0 0 1
    outer loop
      vertex 99.7000 207.4000 3.0000
      vertex 96.7000 211.4000 3.0000
      vertex 96.7000 207.4000 3.0000
    endloop
  endfacet
  facet normal -0 0 1
    outer loop
      vertex 102.7000 187.4000 3.0000
      vertex 105.7000 183.4000 3.0000
      vertex 105.7000 187.4000 3.0000
    endloop
  endfacet
  facet normal 0 0 1
    outer loop
      vertex 105.7000 183.4000 3.0000
      vertex 102.7000 187.4000 3.0000
      vertex 102.7000 183.4000 3.0000
    endloop
  endfacet
  facet normal -0 0 1
    outer loop
      vertex 102.7000 211.4000 3.0000
      vertex 105.7000 207.4000 3.0000
      vertex 105.7000 211.4000 3.0000
    endloop
  endfacet
  facet normal 0 0 1
    outer loop
      vertex 105.7000 207.4000 3.0000
      vertex 102.7000 211.4000 3.0000
      vertex 102.7000 207.4000 3.0000
    endloop
  endfacet
  facet normal -0 0 1
    outer loop
      vertex 108.7000 187.4000 3.0000
      vertex 111.7000 183.4000 3.0000
      vertex 111.7000 187.4000 3.0000
    endloop
  endfacet
  facet normal 0 0 1
    outer loop
      vertex 111.7000 183.4000 3.0000
      vertex 108.7000 187.4000 3.0000
      vertex 108.7000 183.4000 3.0000
    endloop
  endfacet
  facet normal -0 0 1
    outer loop
      vertex 108.7000 211.4000 3.0000
      vertex 111.7000 207.4000 3.0000
      vertex 111.7000 211.4000 3.0000
    endloop
  endfacet
  facet normal 0 0 1
    outer loop
      vertex 111.7000 207.4000 3.0000
      vertex 108.7000 211.4000 3.0000
      vertex 108.7000 207.4000 3.0000
    endloop
  endfacet
  facet normal -0 0 1
    outer loop
      vertex 114.7000 187.4000 3.0000
      vertex 117.7000 183.4000 3.0000
      vertex 117.7000 187.4000 3.0000
    endloop
  endfacet
  facet normal 0 0 1
    outer loop
      vertex 117.7000 183.4000 3.0000
      vertex 114.7000 187.4000 3.0000
      vertex 114.7000 183.4000 3.0000
    endloop
  endfacet
  facet normal -0 0 1
    outer loop
      vertex 114.7000 211.4000 3.0000
      vertex 117.7000 207.4000 3.0000
      vertex 117.7000 211.4000 3.0000
    endloop
  endfacet
  facet normal 0 0 1
    outer loop
      vertex 117.7000 207.4000 3.0000
      vertex 114.7000 211.4000 3.0000
      vertex 114.7000 207.4000 3.0000
    endloop
  endfacet
  facet normal -0 0 1
    outer loop
      vertex 120.7000 187.4000 3.0000
      vertex 123.7000 183.4000 3.0000
      vertex 123.7000 187.4000 3.0000
    endloop
  endfacet
  facet normal 0 0 1
    outer loop
      vertex 123.7000 183.4000 3.0000
      vertex 120.7000 187.4000 3.0000
      vertex 120.7000 183.4000 3.0000
    endloop
  endfacet
  facet normal -0 0 1
    outer loop
      vertex 120.7000 211.4000 3.0000
      vertex 123.7000 207.4000 3.0000
      vertex 123.7000 211.4000 3.0000
    endloop
  endfacet
  facet normal 0 0 1
    outer loop
      vertex 123.7000 207.4000 3.0000
      vertex 120.7000 211.4000 3.0000
      vertex 120.7000 207.4000 3.0000
    endloop
  endfacet
  facet normal -0 0 1
    outer loop
      vertex 126.7000 187.4000 3.0000
      vertex 129.7000 183.4000 3.0000
      vertex 129.7000 187.4000 3.0000
    endloop
  endfacet
  facet normal 0 0 1
    outer loop
      vertex 129.7000 183.4000 3.0000
      vertex 126.7000 187.4000 3.0000
      vertex 126.7000 183.4000 3.0000
    endloop
  endfacet
  facet normal -0 0 1
    outer loop
      vertex 126.7000 211.4000 3.0000
      vertex 129.7000 207.4000 3.0000
      vertex 129.7000 211.4000 3.0000
    endloop
  endfacet
  facet normal 0 0 1
    outer loop
      vertex 129.7000 207.4000 3.0000
      vertex 126.7000 211.4000 3.0000
      vertex 126.7000 207.4000 3.0000
    endloop
  endfacet
  facet normal -0 0 1
    outer loop
      vertex 132.7000 187.4000 3.0000
      vertex 135.7000 183.4000 3.0000
      vertex 135.7000 187.4000 3.0000
    endloop
  endfacet
  facet normal 0 0 1
    outer loop
      vertex 135.7000 183.4000 3.0000
      vertex 132.7000 187.4000 3.0000
      vertex 132.7000 183.4000 3.0000
    endloop
  endfacet
  facet normal -0 0 1
    outer loop
      vertex 132.7000 211.4000 3.0000
      vertex 135.7000 207.4000 3.0000
      vertex 135.7000 211.4000 3.0000
    endloop
  endfacet
  facet normal 0 0 1
    outer loop
      vertex 135.7000 207.4000 3.0000
      vertex 132.7000 211.4000 3.0000
      vertex 132.7000 207.4000 3.0000
    endloop
  endfacet
  facet normal -0 0 1
    outer loop
      vertex 135.7000 211.4000 3.0000
      vertex 144.0000 198.2000 3.0000
      vertex 144.0000 237.5000 3.0000
    endloop
  endfacet
  facet normal -0 0 1
    outer loop
      vertex 135.7000 207.4000 3.0000
      vertex 144.0000 198.2000 3.0000
      vertex 135.7000 211.4000 3.0000
    endloop
  endfacet
  facet normal 0 0 1
    outer loop
      vertex 135.7000 183.4000 3.0000
      vertex 144.0000 192.2000 3.0000
      vertex 135.7000 187.4000 3.0000
    endloop
  endfacet
  facet normal 0 0 1
    outer loop
      vertex 135.7000 163.4000 3.0000
      vertex 144.0000 192.2000 3.0000
      vertex 135.7000 183.4000 3.0000
    endloop
  endfacet
  facet normal -0 0 1
    outer loop
      vertex 129.7000 163.4000 3.0000
      vertex 144.0000 149.4000 3.0000
      vertex 132.7000 163.4000 3.0000
    endloop
  endfacet
  facet normal -0 0 1
    outer loop
      vertex 126.7000 163.4000 3.0000
      vertex 144.0000 149.4000 3.0000
      vertex 129.7000 163.4000 3.0000
    endloop
  endfacet
  facet normal 0 0 1
    outer loop
      vertex 144.0000 149.4000 3.0000
      vertex 126.7000 163.4000 3.0000
      vertex 144.0000 143.4000 3.0000
    endloop
  endfacet
  facet normal -0 0 1
    outer loop
      vertex 123.7000 163.4000 3.0000
      vertex 144.0000 143.4000 3.0000
      vertex 126.7000 163.4000 3.0000
    endloop
  endfacet
  facet normal 0 0 1
    outer loop
      vertex 135.7000 211.4000 3.0000
      vertex 144.0000 237.5000 3.0000
      vertex 135.7000 231.4000 3.0000
    endloop
  endfacet
  facet normal 0 0 1
    outer loop
      vertex 144.0000 237.5000 3.0000
      vertex 132.7000 231.4000 3.0000
      vertex 135.7000 231.4000 3.0000
    endloop
  endfacet
  facet normal 0 0 1
    outer loop
      vertex 129.7000 211.4000 3.0000
      vertex 132.7000 211.4000 3.0000
      vertex 132.7000 231.4000 3.0000
    endloop
  endfacet
  facet normal 0 0 1
    outer loop
      vertex 132.7000 211.4000 3.0000
      vertex 129.7000 211.4000 3.0000
      vertex 132.7000 207.4000 3.0000
    endloop
  endfacet
  facet normal 0 0 1
    outer loop
      vertex 132.7000 207.4000 3.0000
      vertex 129.7000 207.4000 3.0000
      vertex 132.7000 187.4000 3.0000
    endloop
  endfacet
  facet normal 0 0 1
    outer loop
      vertex 129.7000 187.4000 3.0000
      vertex 132.7000 187.4000 3.0000
      vertex 129.7000 207.4000 3.0000
    endloop
  endfacet
  facet normal 0 0 1
    outer loop
      vertex 129.7000 211.4000 3.0000
      vertex 132.7000 231.4000 3.0000
      vertex 129.7000 231.4000 3.0000
    endloop
  endfacet
  facet normal 0 0 1
    outer loop
      vertex 144.0000 237.5000 3.0000
      vertex 129.7000 231.4000 3.0000
      vertex 132.7000 231.4000 3.0000
    endloop
  endfacet
  facet normal 0 0 1
    outer loop
      vertex 144.0000 237.5000 3.0000
      vertex 126.7000 231.4000 3.0000
      vertex 129.7000 231.4000 3.0000
    endloop
  endfacet
  facet normal 0 0 1
    outer loop
      vertex 123.7000 211.4000 3.0000
      vertex 126.7000 211.4000 3.0000
      vertex 126.7000 231.4000 3.0000
    endloop
  endfacet
  facet normal 0 0 1
    outer loop
      vertex 126.7000 211.4000 3.0000
      vertex 123.7000 211.4000 3.0000
      vertex 126.7000 207.4000 3.0000
    endloop
  endfacet
  facet normal 0 0 1
    outer loop
      vertex 126.7000 207.4000 3.0000
      vertex 123.7000 207.4000 3.0000
      vertex 126.7000 187.4000 3.0000
    endloop
  endfacet
  facet normal 0 0 1
    outer loop
      vertex 123.7000 187.4000 3.0000
      vertex 126.7000 187.4000 3.0000
      vertex 123.7000 207.4000 3.0000
    endloop
  endfacet
  facet normal 0 0 1
    outer loop
      vertex 123.7000 211.4000 3.0000
      vertex 126.7000 231.4000 3.0000
      vertex 123.7000 231.4000 3.0000
    endloop
  endfacet
  facet normal 0 0 1
    outer loop
      vertex 144.0000 237.5000 3.0000
      vertex 123.7000 231.4000 3.0000
      vertex 126.7000 231.4000 3.0000
    endloop
  endfacet
  facet normal 0 0 1
    outer loop
      vertex 144.0000 237.5000 3.0000
      vertex 120.7000 231.4000 3.0000
      vertex 123.7000 231.4000 3.0000
    endloop
  endfacet
  facet normal 0 0 1
    outer loop
      vertex 117.7000 211.4000 3.0000
      vertex 120.7000 211.4000 3.0000
      vertex 120.7000 231.4000 3.0000
    endloop
  endfacet
  facet normal 0 0 1
    outer loop
      vertex 120.7000 211.4000 3.0000
      vertex 117.7000 211.4000 3.0000
      vertex 120.7000 207.4000 3.0000
    endloop
  endfacet
  facet normal 0 0 1
    outer loop
      vertex 120.7000 207.4000 3.0000
      vertex 117.7000 207.4000 3.0000
      vertex 120.7000 187.4000 3.0000
    endloop
  endfacet
  facet normal 0 0 1
    outer loop
      vertex 117.7000 187.4000 3.0000
      vertex 120.7000 187.4000 3.0000
      vertex 117.7000 207.4000 3.0000
    endloop
  endfacet
  facet normal 0 0 1
    outer loop
      vertex 117.7000 211.4000 3.0000
      vertex 120.7000 231.4000 3.0000
      vertex 117.7000 231.4000 3.0000
    endloop
  endfacet
  facet normal 0 0 1
    outer loop
      vertex 144.0000 237.5000 3.0000
      vertex 117.7000 231.4000 3.0000
      vertex 120.7000 231.4000 3.0000
    endloop
  endfacet
  facet normal 0 0 1
    outer loop
      vertex 144.0000 237.5000 3.0000
      vertex 114.7000 231.4000 3.0000
      vertex 117.7000 231.4000 3.0000
    endloop
  endfacet
  facet normal 0 0 1
    outer loop
      vertex 111.7000 211.4000 3.0000
      vertex 114.7000 211.4000 3.0000
      vertex 114.7000 231.4000 3.0000
    endloop
  endfacet
  facet normal 0 0 1
    outer loop
      vertex 114.7000 211.4000 3.0000
      vertex 111.7000 211.4000 3.0000
      vertex 114.7000 207.4000 3.0000
    endloop
  endfacet
  facet normal 0 0 1
    outer loop
      vertex 114.7000 207.4000 3.0000
      vertex 111.7000 207.4000 3.0000
      vertex 114.7000 187.4000 3.0000
    endloop
  endfacet
  facet normal 0 0 1
    outer loop
      vertex 111.7000 187.4000 3.0000
      vertex 114.7000 187.4000 3.0000
      vertex 111.7000 207.4000 3.0000
    endloop
  endfacet
  facet normal 0 0 1
    outer loop
      vertex 111.7000 211.4000 3.0000
      vertex 114.7000 231.4000 3.0000
      vertex 111.7000 231.4000 3.0000
    endloop
  endfacet
  facet normal 0 0 1
    outer loop
      vertex 144.0000 237.5000 3.0000
      vertex 111.7000 231.4000 3.0000
      vertex 114.7000 231.4000 3.0000
    endloop
  endfacet
  facet normal 0 0 1
    outer loop
      vertex 144.0000 237.5000 3.0000
      vertex 108.7000 231.4000 3.0000
      vertex 111.7000 231.4000 3.0000
    endloop
  endfacet
  facet normal 0 0 1
    outer loop
      vertex 105.7000 211.4000 3.0000
      vertex 108.7000 211.4000 3.0000
      vertex 108.7000 231.4000 3.0000
    endloop
  endfacet
  facet normal 0 0 1
    outer loop
      vertex 108.7000 211.4000 3.0000
      vertex 105.7000 211.4000 3.0000
      vertex 108.7000 207.4000 3.0000
    endloop
  endfacet
  facet normal 0 0 1
    outer loop
      vertex 108.7000 207.4000 3.0000
      vertex 105.7000 207.4000 3.0000
      vertex 108.7000 187.4000 3.0000
    endloop
  endfacet
  facet normal 0 0 1
    outer loop
      vertex 105.7000 187.4000 3.0000
      vertex 108.7000 187.4000 3.0000
      vertex 105.7000 207.4000 3.0000
    endloop
  endfacet
  facet normal 0 0 1
    outer loop
      vertex 105.7000 211.4000 3.0000
      vertex 108.7000 231.4000 3.0000
      vertex 105.7000 231.4000 3.0000
    endloop
  endfacet
  facet normal 0 0 1
    outer loop
      vertex 144.0000 237.5000 3.0000
      vertex 105.7000 231.4000 3.0000
      vertex 108.7000 231.4000 3.0000
    endloop
  endfacet
  facet normal 0 0 1
    outer loop
      vertex 144.0000 237.5000 3.0000
      vertex 102.7000 231.4000 3.0000
      vertex 105.7000 231.4000 3.0000
    endloop
  endfacet
  facet normal 0 0 1
    outer loop
      vertex 99.7000 211.4000 3.0000
      vertex 102.7000 211.4000 3.0000
      vertex 102.7000 231.4000 3.0000
    endloop
  endfacet
  facet normal 0 0 1
    outer loop
      vertex 102.7000 211.4000 3.0000
      vertex 99.7000 211.4000 3.0000
      vertex 102.7000 207.4000 3.0000
    endloop
  endfacet
  facet normal 0 0 1
    outer loop
      vertex 102.7000 207.4000 3.0000
      vertex 99.7000 207.4000 3.0000
      vertex 102.7000 187.4000 3.0000
    endloop
  endfacet
  facet normal 0 0 1
    outer loop
      vertex 99.7000 187.4000 3.0000
      vertex 102.7000 187.4000 3.0000
      vertex 99.7000 207.4000 3.0000
    endloop
  endfacet
  facet normal 0 0 1
    outer loop
      vertex 99.7000 211.4000 3.0000
      vertex 102.7000 231.4000 3.0000
      vertex 99.7000 231.4000 3.0000
    endloop
  endfacet
  facet normal 0 0 1
    outer loop
      vertex 144.0000 237.5000 3.0000
      vertex 99.7000 231.4000 3.0000
      vertex 102.7000 231.4000 3.0000
    endloop
  endfacet
  facet normal 0 0 1
    outer loop
      vertex 144.0000 237.5000 3.0000
      vertex 96.7000 231.4000 3.0000
      vertex 99.7000 231.4000 3.0000
    endloop
  endfacet
  facet normal 0 0 1
    outer loop
      vertex 93.7000 211.4000 3.0000
      vertex 96.7000 211.4000 3.0000
      vertex 96.7000 231.4000 3.0000
    endloop
  endfacet
  facet normal 0 0 1
    outer loop
      vertex 96.7000 211.4000 3.0000
      vertex 93.7000 211.4000 3.0000
      vertex 96.7000 207.4000 3.0000
    endloop
  endfacet
  facet normal 0 0 1
    outer loop
      vertex 96.7000 207.4000 3.0000
      vertex 93.7000 207.4000 3.0000
      vertex 96.7000 187.4000 3.0000
    endloop
  endfacet
  facet normal 0 0 1
    outer loop
      vertex 93.7000 187.4000 3.0000
      vertex 96.7000 187.4000 3.0000
      vertex 93.7000 207.4000 3.0000
    endloop
  endfacet
  facet normal 0 0 1
    outer loop
      vertex 93.7000 211.4000 3.0000
      vertex 96.7000 231.4000 3.0000
      vertex 93.7000 231.4000 3.0000
    endloop
  endfacet
  facet normal 0 0 1
    outer loop
      vertex 144.0000 237.5000 3.0000
      vertex 93.7000 231.4000 3.0000
      vertex 96.7000 231.4000 3.0000
    endloop
  endfacet
  facet normal 0 0 1
    outer loop
      vertex 144.0000 237.5000 3.0000
      vertex 90.7000 231.4000 3.0000
      vertex 93.7000 231.4000 3.0000
    endloop
  endfacet
  facet normal 0 0 1
    outer loop
      vertex 87.7000 211.4000 3.0000
      vertex 90.7000 211.4000 3.0000
      vertex 90.7000 231.4000 3.0000
    endloop
  endfacet
  facet normal 0 0 1
    outer loop
      vertex 90.7000 211.4000 3.0000
      vertex 87.7000 211.4000 3.0000
      vertex 90.7000 207.4000 3.0000
    endloop
  endfacet
  facet normal 0 0 1
    outer loop
      vertex 90.7000 207.4000 3.0000
      vertex 87.7000 207.4000 3.0000
      vertex 90.7000 187.4000 3.0000
    endloop
  endfacet
  facet normal 0 0 1
    outer loop
      vertex 87.7000 187.4000 3.0000
      vertex 90.7000 187.4000 3.0000
      vertex 87.7000 207.4000 3.0000
    endloop
  endfacet
  facet normal 0 0 1
    outer loop
      vertex 87.7000 211.4000 3.0000
      vertex 90.7000 231.4000 3.0000
      vertex 87.7000 231.4000 3.0000
    endloop
  endfacet
  facet normal 0 0 1
    outer loop
      vertex 144.0000 237.5000 3.0000
      vertex 87.7000 231.4000 3.0000
      vertex 90.7000 231.4000 3.0000
    endloop
  endfacet
  facet normal 0 0 1
    outer loop
      vertex 144.0000 237.5000 3.0000
      vertex 84.7000 231.4000 3.0000
      vertex 87.7000 231.4000 3.0000
    endloop
  endfacet
  facet normal 0 0 1
    outer loop
      vertex 84.7000 231.4000 3.0000
      vertex 81.7000 231.4000 3.0000
      vertex 84.7000 213.1000 3.0000
    endloop
  endfacet
  facet normal 0 0 1
    outer loop
      vertex 144.0000 237.5000 3.0000
      vertex 81.7000 231.4000 3.0000
      vertex 84.7000 231.4000 3.0000
    endloop
  endfacet
  facet normal 0 0 1
    outer loop
      vertex 144.0000 237.5000 3.0000
      vertex 78.7000 231.4000 3.0000
      vertex 81.7000 231.4000 3.0000
    endloop
  endfacet
  facet normal 0 0 1
    outer loop
      vertex 78.7000 231.4000 3.0000
      vertex 75.7000 231.4000 3.0000
      vertex 78.7000 213.1000 3.0000
    endloop
  endfacet
  facet normal 0 0 1
    outer loop
      vertex 144.0000 237.5000 3.0000
      vertex 75.7000 231.4000 3.0000
      vertex 78.7000 231.4000 3.0000
    endloop
  endfacet
  facet normal -0 0 1
    outer loop
      vertex 15.5000 237.5000 3.0000
      vertex 75.7000 231.4000 3.0000
      vertex 144.0000 237.5000 3.0000
    endloop
  endfacet
  facet normal 0 0 1
    outer loop
      vertex 72.7000 231.4000 3.0000
      vertex 69.7000 231.4000 3.0000
      vertex 72.7000 213.1000 3.0000
    endloop
  endfacet
  facet normal 0 0 1
    outer loop
      vertex 75.7000 231.4000 3.0000
      vertex 15.5000 237.5000 3.0000
      vertex 72.7000 231.4000 3.0000
    endloop
  endfacet
  facet normal 0 0 1
    outer loop
      vertex 72.7000 231.4000 3.0000
      vertex 15.5000 237.5000 3.0000
      vertex 69.7000 231.4000 3.0000
    endloop
  endfacet
  facet normal 0 0 1
    outer loop
      vertex 66.7000 231.4000 3.0000
      vertex 63.7000 231.4000 3.0000
      vertex 66.7000 213.1000 3.0000
    endloop
  endfacet
  facet normal 0 0 1
    outer loop
      vertex 69.7000 231.4000 3.0000
      vertex 15.5000 237.5000 3.0000
      vertex 66.7000 231.4000 3.0000
    endloop
  endfacet
  facet normal 0 0 1
    outer loop
      vertex 66.7000 231.4000 3.0000
      vertex 15.5000 237.5000 3.0000
      vertex 63.7000 231.4000 3.0000
    endloop
  endfacet
  facet normal 0 0 1
    outer loop
      vertex 60.7000 231.4000 3.0000
      vertex 57.7000 231.4000 3.0000
      vertex 60.7000 213.1000 3.0000
    endloop
  endfacet
  facet normal 0 0 1
    outer loop
      vertex 63.7000 231.4000 3.0000
      vertex 15.5000 237.5000 3.0000
      vertex 60.7000 231.4000 3.0000
    endloop
  endfacet
  facet normal 0 0 1
    outer loop
      vertex 60.7000 231.4000 3.0000
      vertex 15.5000 237.5000 3.0000
      vertex 57.7000 231.4000 3.0000
    endloop
  endfacet
  facet normal 0 0 1
    outer loop
      vertex 54.7000 231.4000 3.0000
      vertex 51.7000 231.4000 3.0000
      vertex 54.7000 213.1000 3.0000
    endloop
  endfacet
  facet normal 0 0 1
    outer loop
      vertex 57.7000 231.4000 3.0000
      vertex 15.5000 237.5000 3.0000
      vertex 54.7000 231.4000 3.0000
    endloop
  endfacet
  facet normal 0 0 1
    outer loop
      vertex 54.7000 231.4000 3.0000
      vertex 15.5000 237.5000 3.0000
      vertex 51.7000 231.4000 3.0000
    endloop
  endfacet
  facet normal 0 0 1
    outer loop
      vertex 48.7000 231.4000 3.0000
      vertex 45.7000 231.4000 3.0000
      vertex 48.7000 213.1000 3.0000
    endloop
  endfacet
  facet normal 0 0 1
    outer loop
      vertex 51.7000 231.4000 3.0000
      vertex 15.5000 237.5000 3.0000
      vertex 48.7000 231.4000 3.0000
    endloop
  endfacet
  facet normal 0 0 1
    outer loop
      vertex 48.7000 231.4000 3.0000
      vertex 15.5000 237.5000 3.0000
      vertex 45.7000 231.4000 3.0000
    endloop
  endfacet
  facet normal 0 0 1
    outer loop
      vertex 42.7000 231.4000 3.0000
      vertex 39.7000 231.4000 3.0000
      vertex 42.7000 213.1000 3.0000
    endloop
  endfacet
  facet normal 0 0 1
    outer loop
      vertex 45.7000 231.4000 3.0000
      vertex 15.5000 237.5000 3.0000
      vertex 42.7000 231.4000 3.0000
    endloop
  endfacet
  facet normal 0 0 1
    outer loop
      vertex 42.7000 231.4000 3.0000
      vertex 15.5000 237.5000 3.0000
      vertex 39.7000 231.4000 3.0000
    endloop
  endfacet
  facet normal -0 0 1
    outer loop
      vertex 33.7000 231.4000 3.0000
      vertex 36.7000 213.1000 3.0000
      vertex 36.7000 231.4000 3.0000
    endloop
  endfacet
  facet normal 0 0 1
    outer loop
      vertex 36.7000 213.1000 3.0000
      vertex 33.7000 211.4000 3.0000
      vertex 36.7000 210.1000 3.0000
    endloop
  endfacet
  facet normal 0 0 1
    outer loop
      vertex 33.7000 207.4000 3.0000
      vertex 36.7000 210.1000 3.0000
      vertex 33.7000 211.4000 3.0000
    endloop
  endfacet
  facet normal 0 0 1
    outer loop
      vertex 36.7000 207.4000 3.0000
      vertex 33.7000 207.4000 3.0000
      vertex 36.7000 187.4000 3.0000
    endloop
  endfacet
  facet normal 0 0 1
    outer loop
      vertex 33.7000 187.4000 3.0000
      vertex 36.7000 187.4000 3.0000
      vertex 33.7000 207.4000 3.0000
    endloop
  endfacet
  facet normal 0 0 1
    outer loop
      vertex 36.7000 187.4000 3.0000
      vertex 33.7000 187.4000 3.0000
      vertex 36.7000 183.4000 3.0000
    endloop
  endfacet
  facet normal 0 0 1
    outer loop
      vertex 33.7000 183.4000 3.0000
      vertex 36.7000 183.4000 3.0000
      vertex 33.7000 187.4000 3.0000
    endloop
  endfacet
  facet normal 0 0 1
    outer loop
      vertex 36.7000 213.1000 3.0000
      vertex 33.7000 231.4000 3.0000
      vertex 33.7000 211.4000 3.0000
    endloop
  endfacet
  facet normal 0 0 1
    outer loop
      vertex 39.7000 231.4000 3.0000
      vertex 15.5000 237.5000 3.0000
      vertex 36.7000 231.4000 3.0000
    endloop
  endfacet
  facet normal 0 0 1
    outer loop
      vertex 36.7000 231.4000 3.0000
      vertex 15.5000 237.5000 3.0000
      vertex 33.7000 231.4000 3.0000
    endloop
  endfacet
  facet normal 0 0 1
    outer loop
      vertex 27.7000 211.4000 3.0000
      vertex 30.7000 211.4000 3.0000
      vertex 30.7000 231.4000 3.0000
    endloop
  endfacet
  facet normal 0 0 1
    outer loop
      vertex 30.7000 211.4000 3.0000
      vertex 27.7000 211.4000 3.0000
      vertex 30.7000 207.4000 3.0000
    endloop
  endfacet
  facet normal 0 0 1
    outer loop
      vertex 30.7000 207.4000 3.0000
      vertex 27.7000 207.4000 3.0000
      vertex 30.7000 187.4000 3.0000
    endloop
  endfacet
  facet normal 0 0 1
    outer loop
      vertex 27.7000 187.4000 3.0000
      vertex 30.7000 187.4000 3.0000
      vertex 27.7000 207.4000 3.0000
    endloop
  endfacet
  facet normal 0 0 1
    outer loop
      vertex 27.7000 211.4000 3.0000
      vertex 30.7000 231.4000 3.0000
      vertex 27.7000 231.4000 3.0000
    endloop
  endfacet
  facet normal 0 0 1
    outer loop
      vertex 33.7000 231.4000 3.0000
      vertex 15.5000 237.5000 3.0000
      vertex 30.7000 231.4000 3.0000
    endloop
  endfacet
  facet normal 0 0 1
    outer loop
      vertex 30.7000 231.4000 3.0000
      vertex 15.5000 237.5000 3.0000
      vertex 27.7000 231.4000 3.0000
    endloop
  endfacet
  facet normal -0 0 1
    outer loop
      vertex 21.7000 231.4000 3.0000
      vertex 24.7000 211.4000 3.0000
      vertex 24.7000 231.4000 3.0000
    endloop
  endfacet
  facet normal 0 0 1
    outer loop
      vertex 21.7000 211.4000 3.0000
      vertex 24.7000 211.4000 3.0000
      vertex 21.7000 231.4000 3.0000
    endloop
  endfacet
  facet normal 0 0 1
    outer loop
      vertex 24.7000 207.4000 3.0000
      vertex 22.4000 188.6200 3.0000
      vertex 24.7000 187.4000 3.0000
    endloop
  endfacet
  facet normal 0 0 1
    outer loop
      vertex 22.4000 184.6200 3.0000
      vertex 24.7000 187.4000 3.0000
      vertex 22.4000 188.6200 3.0000
    endloop
  endfacet
  facet normal 0 0 1
    outer loop
      vertex 24.7000 187.4000 3.0000
      vertex 22.4000 184.6200 3.0000
      vertex 24.7000 183.4000 3.0000
    endloop
  endfacet
  facet normal 0 0 1
    outer loop
      vertex 24.7000 211.4000 3.0000
      vertex 21.7000 211.4000 3.0000
      vertex 24.7000 207.4000 3.0000
    endloop
  endfacet
  facet normal 0 0 1
    outer loop
      vertex 27.7000 231.4000 3.0000
      vertex 15.5000 237.5000 3.0000
      vertex 24.7000 231.4000 3.0000
    endloop
  endfacet
  facet normal 0 0 1
    outer loop
      vertex 24.7000 231.4000 3.0000
      vertex 15.5000 237.5000 3.0000
      vertex 21.7000 231.4000 3.0000
    endloop
  endfacet
  facet normal 0 0 1
    outer loop
      vertex 15.5000 237.5000 3.0000
      vertex 18.7000 211.4000 3.0000
      vertex 18.7000 231.4000 3.0000
    endloop
  endfacet
  facet normal 0 0 1
    outer loop
      vertex 18.7000 211.4000 3.0000
      vertex 15.5000 237.5000 3.0000
      vertex 18.7000 207.4000 3.0000
    endloop
  endfacet
  facet normal 0 0 1
    outer loop
      vertex 18.7000 207.4000 3.0000
      vertex 18.2000 188.6200 3.0000
      vertex 18.7000 188.6200 3.0000
    endloop
  endfacet
  facet normal 0 0 1
    outer loop
      vertex 15.5000 237.5000 3.0000
      vertex 18.2000 184.6200 3.0000
      vertex 18.2000 188.6200 3.0000
    endloop
  endfacet
  facet normal 0 0 1
    outer loop
      vertex 18.2000 184.6200 3.0000
      vertex 15.5000 237.5000 3.0000
      vertex 18.2000 164.6000 3.0000
    endloop
  endfacet
  facet normal 0 0 1
    outer loop
      vertex 18.2000 164.6000 3.0000
      vertex 15.5000 237.5000 3.0000
      vertex 18.2000 160.6000 3.0000
    endloop
  endfacet
  facet normal 0 0 1
    outer loop
      vertex 18.7000 207.4000 3.0000
      vertex 15.5000 237.5000 3.0000
      vertex 18.2000 188.6200 3.0000
    endloop
  endfacet
  facet normal 0 0 1
    outer loop
      vertex 21.7000 231.4000 3.0000
      vertex 15.5000 237.5000 3.0000
      vertex 18.7000 231.4000 3.0000
    endloop
  endfacet
  facet normal 0 0 1
    outer loop
      vertex 145.0000 198.2000 3.0000
      vertex 150.5000 200.4000 3.0000
      vertex 146.2000 200.4000 3.0000
    endloop
  endfacet
  facet normal 0 0 1
    outer loop
      vertex 150.5000 200.4000 3.0000
      vertex 145.0000 198.2000 3.0000
      vertex 150.5000 190.0000 3.0000
    endloop
  endfacet
  facet normal -0 0 1
    outer loop
      vertex 145.0000 192.2000 3.0000
      vertex 150.5000 190.0000 3.0000
      vertex 145.0000 198.2000 3.0000
    endloop
  endfacet
  facet normal 0 0 1
    outer loop
      vertex 150.5000 190.0000 3.0000
      vertex 145.0000 192.2000 3.0000
      vertex 146.2000 190.0000 3.0000
    endloop
  endfacet
  facet normal -0 0 1
    outer loop
      vertex 144.0000 198.2000 3.0000
      vertex 145.0000 192.2000 3.0000
      vertex 145.0000 198.2000 3.0000
    endloop
  endfacet
  facet normal 0 0 1
    outer loop
      vertex 145.0000 192.2000 3.0000
      vertex 144.0000 198.2000 3.0000
      vertex 144.0000 192.2000 3.0000
    endloop
  endfacet
  facet normal 0 0 1
    outer loop
      vertex 145.0000 149.4000 3.0000
      vertex 150.5000 151.6000 3.0000
      vertex 146.2000 151.6000 3.0000
    endloop
  endfacet
  facet normal 0 0 1
    outer loop
      vertex 150.5000 151.6000 3.0000
      vertex 145.0000 149.4000 3.0000
      vertex 150.5000 141.2000 3.0000
    endloop
  endfacet
  facet normal -0 0 1
    outer loop
      vertex 145.0000 143.4000 3.0000
      vertex 150.5000 141.2000 3.0000
      vertex 145.0000 149.4000 3.0000
    endloop
  endfacet
  facet normal 0 0 1
    outer loop
      vertex 150.5000 141.2000 3.0000
      vertex 145.0000 143.4000 3.0000
      vertex 146.2000 141.2000 3.0000
    endloop
  endfacet
  facet normal -0 0 1
    outer loop
      vertex 144.0000 149.4000 3.0000
      vertex 145.0000 143.4000 3.0000
      vertex 145.0000 149.4000 3.0000
    endloop
  endfacet
  facet normal 0 0 1
    outer loop
      vertex 145.0000 143.4000 3.0000
      vertex 144.0000 149.4000 3.0000
      vertex 144.0000 143.4000 3.0000
    endloop
  endfacet
  facet normal 0 0 1
    outer loop
      vertex 145.0000 100.6000 3.0000
      vertex 150.5000 102.8000 3.0000
      vertex 146.2000 102.8000 3.0000
    endloop
  endfacet
  facet normal 0 0 1
    outer loop
      vertex 150.5000 102.8000 3.0000
      vertex 145.0000 100.6000 3.0000
      vertex 150.5000 92.4000 3.0000
    endloop
  endfacet
  facet normal -0 0 1
    outer loop
      vertex 145.0000 94.6000 3.0000
      vertex 150.5000 92.4000 3.0000
      vertex 145.0000 100.6000 3.0000
    endloop
  endfacet
  facet normal 0 0 1
    outer loop
      vertex 150.5000 92.4000 3.0000
      vertex 145.0000 94.6000 3.0000
      vertex 146.2000 92.4000 3.0000
    endloop
  endfacet
  facet normal -0 0 1
    outer loop
      vertex 144.0000 100.6000 3.0000
      vertex 145.0000 94.6000 3.0000
      vertex 145.0000 100.6000 3.0000
    endloop
  endfacet
  facet normal 0 0 1
    outer loop
      vertex 145.0000 94.6000 3.0000
      vertex 144.0000 100.6000 3.0000
      vertex 144.0000 94.6000 3.0000
    endloop
  endfacet
  facet normal 0 0 1
    outer loop
      vertex 145.0000 51.8000 3.0000
      vertex 150.5000 54.0000 3.0000
      vertex 146.2000 54.0000 3.0000
    endloop
  endfacet
  facet normal 0 0 1
    outer loop
      vertex 150.5000 54.0000 3.0000
      vertex 145.0000 51.8000 3.0000
      vertex 150.5000 43.6000 3.0000
    endloop
  endfacet
  facet normal -0 0 1
    outer loop
      vertex 145.0000 45.8000 3.0000
      vertex 150.5000 43.6000 3.0000
      vertex 145.0000 51.8000 3.0000
    endloop
  endfacet
  facet normal 0 0 1
    outer loop
      vertex 150.5000 43.6000 3.0000
      vertex 145.0000 45.8000 3.0000
      vertex 146.2000 43.6000 3.0000
    endloop
  endfacet
  facet normal -0 0 1
    outer loop
      vertex 144.0000 51.8000 3.0000
      vertex 145.0000 45.8000 3.0000
      vertex 145.0000 51.8000 3.0000
    endloop
  endfacet
  facet normal 0 0 1
    outer loop
      vertex 145.0000 45.8000 3.0000
      vertex 144.0000 51.8000 3.0000
      vertex 144.0000 45.8000 3.0000
    endloop
  endfacet
  facet normal 0 0 1
    outer loop
      vertex 135.7000 187.4000 3.0000
      vertex 144.0000 198.2000 3.0000
      vertex 135.7000 207.4000 3.0000
    endloop
  endfacet
  facet normal 0 0 1
    outer loop
      vertex 144.0000 198.2000 3.0000
      vertex 135.7000 187.4000 3.0000
      vertex 144.0000 192.2000 3.0000
    endloop
  endfacet
  facet normal 0 0 1
    outer loop
      vertex 144.0000 192.2000 3.0000
      vertex 135.7000 163.4000 3.0000
      vertex 144.0000 149.4000 3.0000
    endloop
  endfacet
  facet normal -0 0 1
    outer loop
      vertex 132.7000 163.4000 3.0000
      vertex 144.0000 149.4000 3.0000
      vertex 135.7000 163.4000 3.0000
    endloop
  endfacet
  facet normal -0 0 1
    outer loop
      vertex 120.7000 163.4000 3.0000
      vertex 144.0000 143.4000 3.0000
      vertex 123.7000 163.4000 3.0000
    endloop
  endfacet
  facet normal -0 0 1
    outer loop
      vertex 117.7000 163.4000 3.0000
      vertex 144.0000 143.4000 3.0000
      vertex 120.7000 163.4000 3.0000
    endloop
  endfacet
  facet normal 0 0 1
    outer loop
      vertex 132.7000 207.4000 3.0000
      vertex 129.7000 211.4000 3.0000
      vertex 129.7000 207.4000 3.0000
    endloop
  endfacet
  facet normal 0 0 1
    outer loop
      vertex 132.7000 187.4000 3.0000
      vertex 129.7000 187.4000 3.0000
      vertex 132.7000 183.4000 3.0000
    endloop
  endfacet
  facet normal 0 0 1
    outer loop
      vertex 129.7000 183.4000 3.0000
      vertex 132.7000 183.4000 3.0000
      vertex 129.7000 187.4000 3.0000
    endloop
  endfacet
  facet normal 0 0 1
    outer loop
      vertex 132.7000 183.4000 3.0000
      vertex 129.7000 183.4000 3.0000
      vertex 132.7000 163.4000 3.0000
    endloop
  endfacet
  facet normal 0 0 1
    outer loop
      vertex 129.7000 163.4000 3.0000
      vertex 132.7000 163.4000 3.0000
      vertex 129.7000 183.4000 3.0000
    endloop
  endfacet
  facet normal -0 0 1
    outer loop
      vertex 114.7000 163.4000 3.0000
      vertex 144.0000 143.4000 3.0000
      vertex 117.7000 163.4000 3.0000
    endloop
  endfacet
  facet normal -0 0 1
    outer loop
      vertex 111.7000 163.4000 3.0000
      vertex 144.0000 143.4000 3.0000
      vertex 114.7000 163.4000 3.0000
    endloop
  endfacet
  facet normal 0 0 1
    outer loop
      vertex 126.7000 207.4000 3.0000
      vertex 123.7000 211.4000 3.0000
      vertex 123.7000 207.4000 3.0000
    endloop
  endfacet
  facet normal 0 0 1
    outer loop
      vertex 126.7000 187.4000 3.0000
      vertex 123.7000 187.4000 3.0000
      vertex 126.7000 183.4000 3.0000
    endloop
  endfacet
  facet normal 0 0 1
    outer loop
      vertex 123.7000 183.4000 3.0000
      vertex 126.7000 183.4000 3.0000
      vertex 123.7000 187.4000 3.0000
    endloop
  endfacet
  facet normal 0 0 1
    outer loop
      vertex 126.7000 183.4000 3.0000
      vertex 123.7000 183.4000 3.0000
      vertex 126.7000 163.4000 3.0000
    endloop
  endfacet
  facet normal 0 0 1
    outer loop
      vertex 123.7000 163.4000 3.0000
      vertex 126.7000 163.4000 3.0000
      vertex 123.7000 183.4000 3.0000
    endloop
  endfacet
  facet normal -0 0 1
    outer loop
      vertex 108.7000 163.4000 3.0000
      vertex 144.0000 143.4000 3.0000
      vertex 111.7000 163.4000 3.0000
    endloop
  endfacet
  facet normal 0 0 1
    outer loop
      vertex 144.0000 143.4000 3.0000
      vertex 108.7000 163.4000 3.0000
      vertex 144.0000 100.6000 3.0000
    endloop
  endfacet
  facet normal 0 0 1
    outer loop
      vertex 120.7000 207.4000 3.0000
      vertex 117.7000 211.4000 3.0000
      vertex 117.7000 207.4000 3.0000
    endloop
  endfacet
  facet normal 0 0 1
    outer loop
      vertex 120.7000 187.4000 3.0000
      vertex 117.7000 187.4000 3.0000
      vertex 120.7000 183.4000 3.0000
    endloop
  endfacet
  facet normal 0 0 1
    outer loop
      vertex 117.7000 183.4000 3.0000
      vertex 120.7000 183.4000 3.0000
      vertex 117.7000 187.4000 3.0000
    endloop
  endfacet
  facet normal 0 0 1
    outer loop
      vertex 120.7000 183.4000 3.0000
      vertex 117.7000 183.4000 3.0000
      vertex 120.7000 163.4000 3.0000
    endloop
  endfacet
  facet normal 0 0 1
    outer loop
      vertex 117.7000 163.4000 3.0000
      vertex 120.7000 163.4000 3.0000
      vertex 117.7000 183.4000 3.0000
    endloop
  endfacet
  facet normal -0 0 1
    outer loop
      vertex 105.7000 163.4000 3.0000
      vertex 144.0000 100.6000 3.0000
      vertex 108.7000 163.4000 3.0000
    endloop
  endfacet
  facet normal -0 0 1
    outer loop
      vertex 102.7000 163.4000 3.0000
      vertex 144.0000 100.6000 3.0000
      vertex 105.7000 163.4000 3.0000
    endloop
  endfacet
  facet normal 0 0 1
    outer loop
      vertex 114.7000 207.4000 3.0000
      vertex 111.7000 211.4000 3.0000
      vertex 111.7000 207.4000 3.0000
    endloop
  endfacet
  facet normal 0 0 1
    outer loop
      vertex 114.7000 187.4000 3.0000
      vertex 111.7000 187.4000 3.0000
      vertex 114.7000 183.4000 3.0000
    endloop
  endfacet
  facet normal 0 0 1
    outer loop
      vertex 111.7000 183.4000 3.0000
      vertex 114.7000 183.4000 3.0000
      vertex 111.7000 187.4000 3.0000
    endloop
  endfacet
  facet normal 0 0 1
    outer loop
      vertex 114.7000 183.4000 3.0000
      vertex 111.7000 183.4000 3.0000
      vertex 114.7000 163.4000 3.0000
    endloop
  endfacet
  facet normal 0 0 1
    outer loop
      vertex 111.7000 163.4000 3.0000
      vertex 114.7000 163.4000 3.0000
      vertex 111.7000 183.4000 3.0000
    endloop
  endfacet
  facet normal -0 0 1
    outer loop
      vertex 99.7000 163.4000 3.0000
      vertex 144.0000 100.6000 3.0000
      vertex 102.7000 163.4000 3.0000
    endloop
  endfacet
  facet normal -0 0 1
    outer loop
      vertex 96.7000 163.4000 3.0000
      vertex 144.0000 100.6000 3.0000
      vertex 99.7000 163.4000 3.0000
    endloop
  endfacet
  facet normal 0 0 1
    outer loop
      vertex 108.7000 207.4000 3.0000
      vertex 105.7000 211.4000 3.0000
      vertex 105.7000 207.4000 3.0000
    endloop
  endfacet
  facet normal 0 0 1
    outer loop
      vertex 108.7000 187.4000 3.0000
      vertex 105.7000 187.4000 3.0000
      vertex 108.7000 183.4000 3.0000
    endloop
  endfacet
  facet normal 0 0 1
    outer loop
      vertex 105.7000 183.4000 3.0000
      vertex 108.7000 183.4000 3.0000
      vertex 105.7000 187.4000 3.0000
    endloop
  endfacet
  facet normal 0 0 1
    outer loop
      vertex 108.7000 183.4000 3.0000
      vertex 105.7000 183.4000 3.0000
      vertex 108.7000 163.4000 3.0000
    endloop
  endfacet
  facet normal 0 0 1
    outer loop
      vertex 105.7000 163.4000 3.0000
      vertex 108.7000 163.4000 3.0000
      vertex 105.7000 183.4000 3.0000
    endloop
  endfacet
  facet normal -0 0 1
    outer loop
      vertex 93.7000 163.4000 3.0000
      vertex 144.0000 100.6000 3.0000
      vertex 96.7000 163.4000 3.0000
    endloop
  endfacet
  facet normal -0 0 1
    outer loop
      vertex 90.7000 163.4000 3.0000
      vertex 144.0000 100.6000 3.0000
      vertex 93.7000 163.4000 3.0000
    endloop
  endfacet
  facet normal 0 0 1
    outer loop
      vertex 102.7000 207.4000 3.0000
      vertex 99.7000 211.4000 3.0000
      vertex 99.7000 207.4000 3.0000
    endloop
  endfacet
  facet normal 0 0 1
    outer loop
      vertex 102.7000 187.4000 3.0000
      vertex 99.7000 187.4000 3.0000
      vertex 102.7000 183.4000 3.0000
    endloop
  endfacet
  facet normal 0 0 1
    outer loop
      vertex 99.7000 183.4000 3.0000
      vertex 102.7000 183.4000 3.0000
      vertex 99.7000 187.4000 3.0000
    endloop
  endfacet
  facet normal 0 0 1
    outer loop
      vertex 102.7000 183.4000 3.0000
      vertex 99.7000 183.4000 3.0000
      vertex 102.7000 163.4000 3.0000
    endloop
  endfacet
  facet normal 0 0 1
    outer loop
      vertex 99.7000 163.4000 3.0000
      vertex 102.7000 163.4000 3.0000
      vertex 99.7000 183.4000 3.0000
    endloop
  endfacet
  facet normal -0 0 1
    outer loop
      vertex 87.7000 163.4000 3.0000
      vertex 144.0000 100.6000 3.0000
      vertex 90.7000 163.4000 3.0000
    endloop
  endfacet
  facet normal -0 0 1
    outer loop
      vertex 84.7000 163.4000 3.0000
      vertex 144.0000 100.6000 3.0000
      vertex 87.7000 163.4000 3.0000
    endloop
  endfacet
  facet normal 0 0 1
    outer loop
      vertex 96.7000 207.4000 3.0000
      vertex 93.7000 211.4000 3.0000
      vertex 93.7000 207.4000 3.0000
    endloop
  endfacet
  facet normal 0 0 1
    outer loop
      vertex 96.7000 187.4000 3.0000
      vertex 93.7000 187.4000 3.0000
      vertex 96.7000 183.4000 3.0000
    endloop
  endfacet
  facet normal 0 0 1
    outer loop
      vertex 93.7000 183.4000 3.0000
      vertex 96.7000 183.4000 3.0000
      vertex 93.7000 187.4000 3.0000
    endloop
  endfacet
  facet normal 0 0 1
    outer loop
      vertex 96.7000 183.4000 3.0000
      vertex 93.7000 183.4000 3.0000
      vertex 96.7000 163.4000 3.0000
    endloop
  endfacet
  facet normal 0 0 1
    outer loop
      vertex 93.7000 163.4000 3.0000
      vertex 96.7000 163.4000 3.0000
      vertex 93.7000 183.4000 3.0000
    endloop
  endfacet
  facet normal -0 0 1
    outer loop
      vertex 81.7000 163.4000 3.0000
      vertex 144.0000 100.6000 3.0000
      vertex 84.7000 163.4000 3.0000
    endloop
  endfacet
  facet normal -0 0 1
    outer loop
      vertex 78.7000 163.4000 3.0000
      vertex 144.0000 100.6000 3.0000
      vertex 81.7000 163.4000 3.0000
    endloop
  endfacet
  facet normal 0 0 1
    outer loop
      vertex 90.7000 207.4000 3.0000
      vertex 87.7000 211.4000 3.0000
      vertex 87.7000 207.4000 3.0000
    endloop
  endfacet
  facet normal 0 0 1
    outer loop
      vertex 90.7000 187.4000 3.0000
      vertex 87.7000 187.4000 3.0000
      vertex 90.7000 183.4000 3.0000
    endloop
  endfacet
  facet normal 0 0 1
    outer loop
      vertex 87.7000 183.4000 3.0000
      vertex 90.7000 183.4000 3.0000
      vertex 87.7000 187.4000 3.0000
    endloop
  endfacet
  facet normal 0 0 1
    outer loop
      vertex 90.7000 183.4000 3.0000
      vertex 87.7000 183.4000 3.0000
      vertex 90.7000 163.4000 3.0000
    endloop
  endfacet
  facet normal 0 0 1
    outer loop
      vertex 87.7000 163.4000 3.0000
      vertex 90.7000 163.4000 3.0000
      vertex 87.7000 183.4000 3.0000
    endloop
  endfacet
  facet normal 0 0 1
    outer loop
      vertex 144.0000 100.6000 3.0000
      vertex 78.7000 163.4000 3.0000
      vertex 144.0000 94.6000 3.0000
    endloop
  endfacet
  facet normal -0 0 1
    outer loop
      vertex 75.7000 163.4000 3.0000
      vertex 144.0000 94.6000 3.0000
      vertex 78.7000 163.4000 3.0000
    endloop
  endfacet
  facet normal 0 0 1
    outer loop
      vertex 81.7000 163.4000 3.0000
      vertex 84.7000 163.4000 3.0000
      vertex 81.7000 163.9000 3.0000
    endloop
  endfacet
  facet normal -0 0 1
    outer loop
      vertex 72.7000 163.4000 3.0000
      vertex 144.0000 94.6000 3.0000
      vertex 75.7000 163.4000 3.0000
    endloop
  endfacet
  facet normal -0 0 1
    outer loop
      vertex 69.7000 163.4000 3.0000
      vertex 144.0000 94.6000 3.0000
      vertex 72.7000 163.4000 3.0000
    endloop
  endfacet
  facet normal 0 0 1
    outer loop
      vertex 75.7000 163.4000 3.0000
      vertex 78.7000 163.4000 3.0000
      vertex 75.7000 163.9000 3.0000
    endloop
  endfacet
  facet normal -0 0 1
    outer loop
      vertex 66.7000 163.4000 3.0000
      vertex 144.0000 94.6000 3.0000
      vertex 69.7000 163.4000 3.0000
    endloop
  endfacet
  facet normal -0 0 1
    outer loop
      vertex 63.7000 163.4000 3.0000
      vertex 144.0000 94.6000 3.0000
      vertex 66.7000 163.4000 3.0000
    endloop
  endfacet
  facet normal 0 0 1
    outer loop
      vertex 69.7000 163.4000 3.0000
      vertex 72.7000 163.4000 3.0000
      vertex 69.7000 163.9000 3.0000
    endloop
  endfacet
  facet normal -0 0 1
    outer loop
      vertex 60.7000 163.4000 3.0000
      vertex 144.0000 94.6000 3.0000
      vertex 63.7000 163.4000 3.0000
    endloop
  endfacet
  facet normal 0 0 1
    outer loop
      vertex 144.0000 94.6000 3.0000
      vertex 15.5000 6.5000 3.0000
      vertex 144.0000 51.8000 3.0000
    endloop
  endfacet
  facet normal 0 0 1
    outer loop
      vertex 63.7000 163.4000 3.0000
      vertex 66.7000 163.4000 3.0000
      vertex 63.7000 163.9000 3.0000
    endloop
  endfacet
  facet normal 0 0 1
    outer loop
      vertex 144.0000 51.8000 3.0000
      vertex 15.5000 6.5000 3.0000
      vertex 144.0000 45.8000 3.0000
    endloop
  endfacet
  facet normal 0 0 1
    outer loop
      vertex 144.0000 94.6000 3.0000
      vertex 60.7000 163.4000 3.0000
      vertex 15.5000 6.5000 3.0000
    endloop
  endfacet
  facet normal 0 0 1
    outer loop
      vertex 57.7000 163.4000 3.0000
      vertex 60.7000 163.4000 3.0000
      vertex 57.7000 163.9000 3.0000
    endloop
  endfacet
  facet normal 0 0 1
    outer loop
      vertex 15.5000 6.5000 3.0000
      vertex 60.7000 163.4000 3.0000
      vertex 57.7000 163.4000 3.0000
    endloop
  endfacet
  facet normal 0 0 1
    outer loop
      vertex 15.5000 6.5000 3.0000
      vertex 57.7000 163.4000 3.0000
      vertex 54.7000 163.4000 3.0000
    endloop
  endfacet
  facet normal 0 0 1
    outer loop
      vertex 51.7000 163.4000 3.0000
      vertex 54.7000 163.4000 3.0000
      vertex 51.7000 163.9000 3.0000
    endloop
  endfacet
  facet normal 0 0 1
    outer loop
      vertex 15.5000 6.5000 3.0000
      vertex 54.7000 163.4000 3.0000
      vertex 51.7000 163.4000 3.0000
    endloop
  endfacet
  facet normal 0 0 1
    outer loop
      vertex 15.5000 6.5000 3.0000
      vertex 51.7000 163.4000 3.0000
      vertex 48.7000 163.4000 3.0000
    endloop
  endfacet
  facet normal 0 0 1
    outer loop
      vertex 45.7000 163.4000 3.0000
      vertex 48.7000 163.4000 3.0000
      vertex 45.7000 163.9000 3.0000
    endloop
  endfacet
  facet normal 0 0 1
    outer loop
      vertex 15.5000 6.5000 3.0000
      vertex 48.7000 163.4000 3.0000
      vertex 45.7000 163.4000 3.0000
    endloop
  endfacet
  facet normal 0 0 1
    outer loop
      vertex 25.7000 160.6000 3.0000
      vertex 45.7000 163.4000 3.0000
      vertex 42.7000 163.4000 3.0000
    endloop
  endfacet
  facet normal 0 0 1
    outer loop
      vertex 39.7000 163.4000 3.0000
      vertex 42.7000 163.4000 3.0000
      vertex 39.7000 163.9000 3.0000
    endloop
  endfacet
  facet normal 0 0 1
    outer loop
      vertex 25.7000 160.6000 3.0000
      vertex 42.7000 163.4000 3.0000
      vertex 39.7000 163.4000 3.0000
    endloop
  endfacet
  facet normal 0 0 1
    outer loop
      vertex 25.7000 160.6000 3.0000
      vertex 39.7000 163.4000 3.0000
      vertex 36.7000 163.4000 3.0000
    endloop
  endfacet
  facet normal 0 0 1
    outer loop
      vertex 36.7000 210.1000 3.0000
      vertex 33.7000 207.4000 3.0000
      vertex 36.7000 207.4000 3.0000
    endloop
  endfacet
  facet normal 0 0 1
    outer loop
      vertex 36.7000 183.4000 3.0000
      vertex 33.7000 183.4000 3.0000
      vertex 36.7000 166.9000 3.0000
    endloop
  endfacet
  facet normal 0 0 1
    outer loop
      vertex 33.7000 163.4000 3.0000
      vertex 36.7000 166.9000 3.0000
      vertex 33.7000 183.4000 3.0000
    endloop
  endfacet
  facet normal 0 0 1
    outer loop
      vertex 36.7000 166.9000 3.0000
      vertex 33.7000 163.4000 3.0000
      vertex 36.7000 163.9000 3.0000
    endloop
  endfacet
  facet normal 0 0 1
    outer loop
      vertex 36.7000 163.9000 3.0000
      vertex 33.7000 163.4000 3.0000
      vertex 36.7000 163.4000 3.0000
    endloop
  endfacet
  facet normal 0 0 1
    outer loop
      vertex 25.7000 160.6000 3.0000
      vertex 36.7000 163.4000 3.0000
      vertex 33.7000 163.4000 3.0000
    endloop
  endfacet
  facet normal 0 0 1
    outer loop
      vertex 25.7000 160.6000 3.0000
      vertex 33.7000 163.4000 3.0000
      vertex 30.7000 163.4000 3.0000
    endloop
  endfacet
  facet normal 0 0 1
    outer loop
      vertex 30.7000 207.4000 3.0000
      vertex 27.7000 211.4000 3.0000
      vertex 27.7000 207.4000 3.0000
    endloop
  endfacet
  facet normal 0 0 1
    outer loop
      vertex 30.7000 187.4000 3.0000
      vertex 27.7000 187.4000 3.0000
      vertex 30.7000 183.4000 3.0000
    endloop
  endfacet
  facet normal 0 0 1
    outer loop
      vertex 27.7000 183.4000 3.0000
      vertex 30.7000 183.4000 3.0000
      vertex 27.7000 187.4000 3.0000
    endloop
  endfacet
  facet normal 0 0 1
    outer loop
      vertex 30.7000 183.4000 3.0000
      vertex 27.7000 183.4000 3.0000
      vertex 30.7000 163.4000 3.0000
    endloop
  endfacet
  facet normal 0 0 1
    outer loop
      vertex 27.7000 163.4000 3.0000
      vertex 30.7000 163.4000 3.0000
      vertex 27.7000 183.4000 3.0000
    endloop
  endfacet
  facet normal 0 0 1
    outer loop
      vertex 25.7000 160.6000 3.0000
      vertex 30.7000 163.4000 3.0000
      vertex 27.7000 163.4000 3.0000
    endloop
  endfacet
  facet normal 0 0 1
    outer loop
      vertex 25.7000 160.6000 3.0000
      vertex 27.7000 163.4000 3.0000
      vertex 25.7000 163.4000 3.0000
    endloop
  endfacet
  facet normal 0 0 1
    outer loop
      vertex 45.7000 163.4000 3.0000
      vertex 25.7000 160.6000 3.0000
      vertex 15.5000 6.5000 3.0000
    endloop
  endfacet
  facet normal 0 0 1
    outer loop
      vertex 15.5000 6.5000 3.0000
      vertex 25.7000 160.6000 3.0000
      vertex 18.2000 160.6000 3.0000
    endloop
  endfacet
  facet normal 0 0 1
    outer loop
      vertex 144.0000 45.8000 3.0000
      vertex 15.5000 6.5000 3.0000
      vertex 144.0000 6.5000 3.0000
    endloop
  endfacet
  facet normal 0 0 1
    outer loop
      vertex 15.5000 6.5000 3.0000
      vertex 18.2000 160.6000 3.0000
      vertex 15.5000 237.5000 3.0000
    endloop
  endfacet
  facet normal -0 0 1
    outer loop
      vertex 78.7000 187.4000 3.0000
      vertex 81.7000 183.4000 3.0000
      vertex 81.7000 187.4000 3.0000
    endloop
  endfacet
  facet normal 0 0 1
    outer loop
      vertex 81.7000 183.4000 3.0000
      vertex 78.7000 187.4000 3.0000
      vertex 78.7000 183.4000 3.0000
    endloop
  endfacet
  facet normal 0 0 1
    outer loop
      vertex 84.7000 213.1000 3.0000
      vertex 81.7000 231.4000 3.0000
      vertex 81.7000 213.1000 3.0000
    endloop
  endfacet
  facet normal 0 0 1
    outer loop
      vertex 81.7000 183.4000 3.0000
      vertex 84.7000 183.4000 3.0000
      vertex 81.7000 187.4000 3.0000
    endloop
  endfacet
  facet normal 0 0 1
    outer loop
      vertex 84.7000 183.4000 3.0000
      vertex 81.7000 183.4000 3.0000
      vertex 84.7000 166.9000 3.0000
    endloop
  endfacet
  facet normal 0 0 1
    outer loop
      vertex 84.7000 166.9000 3.0000
      vertex 81.7000 183.4000 3.0000
      vertex 81.7000 166.9000 3.0000
    endloop
  endfacet
  facet normal -0 0 1
    outer loop
      vertex 72.7000 187.4000 3.0000
      vertex 75.7000 183.4000 3.0000
      vertex 75.7000 187.4000 3.0000
    endloop
  endfacet
  facet normal 0 0 1
    outer loop
      vertex 75.7000 183.4000 3.0000
      vertex 72.7000 187.4000 3.0000
      vertex 72.7000 183.4000 3.0000
    endloop
  endfacet
  facet normal 0 0 1
    outer loop
      vertex 78.7000 213.1000 3.0000
      vertex 75.7000 231.4000 3.0000
      vertex 75.7000 213.1000 3.0000
    endloop
  endfacet
  facet normal 0 0 1
    outer loop
      vertex 75.7000 183.4000 3.0000
      vertex 78.7000 183.4000 3.0000
      vertex 75.7000 187.4000 3.0000
    endloop
  endfacet
  facet normal 0 0 1
    outer loop
      vertex 78.7000 183.4000 3.0000
      vertex 75.7000 183.4000 3.0000
      vertex 78.7000 166.9000 3.0000
    endloop
  endfacet
  facet normal 0 0 1
    outer loop
      vertex 78.7000 166.9000 3.0000
      vertex 75.7000 183.4000 3.0000
      vertex 75.7000 166.9000 3.0000
    endloop
  endfacet
  facet normal -0 0 1
    outer loop
      vertex 66.7000 187.4000 3.0000
      vertex 69.7000 183.4000 3.0000
      vertex 69.7000 187.4000 3.0000
    endloop
  endfacet
  facet normal 0 0 1
    outer loop
      vertex 69.7000 183.4000 3.0000
      vertex 66.7000 187.4000 3.0000
      vertex 66.7000 183.4000 3.0000
    endloop
  endfacet
  facet normal 0 0 1
    outer loop
      vertex 72.7000 213.1000 3.0000
      vertex 69.7000 231.4000 3.0000
      vertex 69.7000 213.1000 3.0000
    endloop
  endfacet
  facet normal 0 0 1
    outer loop
      vertex 69.7000 183.4000 3.0000
      vertex 72.7000 183.4000 3.0000
      vertex 69.7000 187.4000 3.0000
    endloop
  endfacet
  facet normal 0 0 1
    outer loop
      vertex 72.7000 183.4000 3.0000
      vertex 69.7000 183.4000 3.0000
      vertex 72.7000 166.9000 3.0000
    endloop
  endfacet
  facet normal 0 0 1
    outer loop
      vertex 72.7000 166.9000 3.0000
      vertex 69.7000 183.4000 3.0000
      vertex 69.7000 166.9000 3.0000
    endloop
  endfacet
  facet normal -0 0 1
    outer loop
      vertex 60.7000 187.4000 3.0000
      vertex 63.7000 183.4000 3.0000
      vertex 63.7000 187.4000 3.0000
    endloop
  endfacet
  facet normal 0 0 1
    outer loop
      vertex 63.7000 183.4000 3.0000
      vertex 60.7000 187.4000 3.0000
      vertex 60.7000 183.4000 3.0000
    endloop
  endfacet
  facet normal 0 0 1
    outer loop
      vertex 66.7000 213.1000 3.0000
      vertex 63.7000 231.4000 3.0000
      vertex 63.7000 213.1000 3.0000
    endloop
  endfacet
  facet normal 0 0 1
    outer loop
      vertex 63.7000 183.4000 3.0000
      vertex 66.7000 183.4000 3.0000
      vertex 63.7000 187.4000 3.0000
    endloop
  endfacet
  facet normal 0 0 1
    outer loop
      vertex 66.7000 183.4000 3.0000
      vertex 63.7000 183.4000 3.0000
      vertex 66.7000 166.9000 3.0000
    endloop
  endfacet
  facet normal 0 0 1
    outer loop
      vertex 66.7000 166.9000 3.0000
      vertex 63.7000 183.4000 3.0000
      vertex 63.7000 166.9000 3.0000
    endloop
  endfacet
  facet normal -0 0 1
    outer loop
      vertex 54.7000 187.4000 3.0000
      vertex 57.7000 183.4000 3.0000
      vertex 57.7000 187.4000 3.0000
    endloop
  endfacet
  facet normal 0 0 1
    outer loop
      vertex 57.7000 183.4000 3.0000
      vertex 54.7000 187.4000 3.0000
      vertex 54.7000 183.4000 3.0000
    endloop
  endfacet
  facet normal 0 0 1
    outer loop
      vertex 60.7000 213.1000 3.0000
      vertex 57.7000 231.4000 3.0000
      vertex 57.7000 213.1000 3.0000
    endloop
  endfacet
  facet normal 0 0 1
    outer loop
      vertex 57.7000 183.4000 3.0000
      vertex 60.7000 183.4000 3.0000
      vertex 57.7000 187.4000 3.0000
    endloop
  endfacet
  facet normal 0 0 1
    outer loop
      vertex 60.7000 183.4000 3.0000
      vertex 57.7000 183.4000 3.0000
      vertex 60.7000 166.9000 3.0000
    endloop
  endfacet
  facet normal 0 0 1
    outer loop
      vertex 60.7000 166.9000 3.0000
      vertex 57.7000 183.4000 3.0000
      vertex 57.7000 166.9000 3.0000
    endloop
  endfacet
  facet normal -0 0 1
    outer loop
      vertex 48.7000 187.4000 3.0000
      vertex 51.7000 183.4000 3.0000
      vertex 51.7000 187.4000 3.0000
    endloop
  endfacet
  facet normal 0 0 1
    outer loop
      vertex 51.7000 183.4000 3.0000
      vertex 48.7000 187.4000 3.0000
      vertex 48.7000 183.4000 3.0000
    endloop
  endfacet
  facet normal 0 0 1
    outer loop
      vertex 54.7000 213.1000 3.0000
      vertex 51.7000 231.4000 3.0000
      vertex 51.7000 213.1000 3.0000
    endloop
  endfacet
  facet normal 0 0 1
    outer loop
      vertex 51.7000 183.4000 3.0000
      vertex 54.7000 183.4000 3.0000
      vertex 51.7000 187.4000 3.0000
    endloop
  endfacet
  facet normal 0 0 1
    outer loop
      vertex 54.7000 183.4000 3.0000
      vertex 51.7000 183.4000 3.0000
      vertex 54.7000 166.9000 3.0000
    endloop
  endfacet
  facet normal 0 0 1
    outer loop
      vertex 54.7000 166.9000 3.0000
      vertex 51.7000 183.4000 3.0000
      vertex 51.7000 166.9000 3.0000
    endloop
  endfacet
  facet normal -0 0 1
    outer loop
      vertex 42.7000 187.4000 3.0000
      vertex 45.7000 183.4000 3.0000
      vertex 45.7000 187.4000 3.0000
    endloop
  endfacet
  facet normal 0 0 1
    outer loop
      vertex 45.7000 183.4000 3.0000
      vertex 42.7000 187.4000 3.0000
      vertex 42.7000 183.4000 3.0000
    endloop
  endfacet
  facet normal 0 0 1
    outer loop
      vertex 48.7000 213.1000 3.0000
      vertex 45.7000 231.4000 3.0000
      vertex 45.7000 213.1000 3.0000
    endloop
  endfacet
  facet normal 0 0 1
    outer loop
      vertex 45.7000 183.4000 3.0000
      vertex 48.7000 183.4000 3.0000
      vertex 45.7000 187.4000 3.0000
    endloop
  endfacet
  facet normal 0 0 1
    outer loop
      vertex 48.7000 183.4000 3.0000
      vertex 45.7000 183.4000 3.0000
      vertex 48.7000 166.9000 3.0000
    endloop
  endfacet
  facet normal 0 0 1
    outer loop
      vertex 48.7000 166.9000 3.0000
      vertex 45.7000 183.4000 3.0000
      vertex 45.7000 166.9000 3.0000
    endloop
  endfacet
  facet normal -1 0 0
    outer loop
      vertex 0.0000 0.0000 0.0000
      vertex 0.0000 244.0000 3.0000
      vertex 0.0000 244.0000 0.0000
    endloop
  endfacet
  facet normal -1 -0 0
    outer loop
      vertex 0.0000 244.0000 3.0000
      vertex 0.0000 0.0000 0.0000
      vertex 0.0000 0.0000 3.0000
    endloop
  endfacet
  facet normal 0 1 -0
    outer loop
      vertex 144.0000 244.0000 0.0000
      vertex 0.0000 244.0000 3.0000
      vertex 144.0000 244.0000 3.0000
    endloop
  endfacet
  facet normal 0 1 0
    outer loop
      vertex 0.0000 244.0000 3.0000
      vertex 144.0000 244.0000 0.0000
      vertex 0.0000 244.0000 0.0000
    endloop
  endfacet
  facet normal 0 -1 0
    outer loop
      vertex 0.0000 0.0000 0.0000
      vertex 144.0000 0.0000 3.0000
      vertex 0.0000 0.0000 3.0000
    endloop
  endfacet
  facet normal 0 -1 -0
    outer loop
      vertex 144.0000 0.0000 3.0000
      vertex 0.0000 0.0000 0.0000
      vertex 144.0000 0.0000 0.0000
    endloop
  endfacet
  facet normal 1 -0 0
    outer loop
      vertex 6.5000 15.5000 7.0000
      vertex 6.5000 102.5000 3.0000
      vertex 6.5000 102.5000 7.0000
    endloop
  endfacet
  facet normal 1 0 0
    outer loop
      vertex 6.5000 102.5000 3.0000
      vertex 6.5000 15.5000 7.0000
      vertex 6.5000 15.5000 3.0000
    endloop
  endfacet
  facet normal -0 0 1
    outer loop
      vertex 5.0000 102.5000 7.0000
      vertex 6.5000 15.5000 7.0000
      vertex 6.5000 102.5000 7.0000
    endloop
  endfacet
  facet normal 0 0 1
    outer loop
      vertex 6.5000 15.5000 7.0000
      vertex 5.0000 102.5000 7.0000
      vertex 5.0000 15.5000 7.0000
    endloop
  endfacet
  facet normal -1 0 0
    outer loop
      vertex 5.0000 15.5000 3.0000
      vertex 5.0000 102.5000 7.0000
      vertex 5.0000 102.5000 3.0000
    endloop
  endfacet
  facet normal -1 -0 0
    outer loop
      vertex 5.0000 102.5000 7.0000
      vertex 5.0000 15.5000 3.0000
      vertex 5.0000 15.5000 7.0000
    endloop
  endfacet
  facet normal 0 1 -0
    outer loop
      vertex 6.5000 102.5000 3.0000
      vertex 5.0000 102.5000 7.0000
      vertex 6.5000 102.5000 7.0000
    endloop
  endfacet
  facet normal 0 1 0
    outer loop
      vertex 5.0000 102.5000 7.0000
      vertex 6.5000 102.5000 3.0000
      vertex 5.0000 102.5000 3.0000
    endloop
  endfacet
  facet normal 0 -1 0
    outer loop
      vertex 5.0000 15.5000 3.0000
      vertex 6.5000 15.5000 7.0000
      vertex 5.0000 15.5000 7.0000
    endloop
  endfacet
  facet normal 0 -1 -0
    outer loop
      vertex 6.5000 15.5000 7.0000
      vertex 5.0000 15.5000 3.0000
      vertex 6.5000 15.5000 3.0000
    endloop
  endfacet
  facet normal 1 -0 0
    outer loop
      vertex 6.5000 117.5000 7.0000
      vertex 6.5000 228.5000 3.0000
      vertex 6.5000 228.5000 7.0000
    endloop
  endfacet
  facet normal 1 0 0
    outer loop
      vertex 6.5000 228.5000 3.0000
      vertex 6.5000 117.5000 7.0000
      vertex 6.5000 117.5000 3.0000
    endloop
  endfacet
  facet normal -0 0 1
    outer loop
      vertex 5.0000 228.5000 7.0000
      vertex 6.5000 117.5000 7.0000
      vertex 6.5000 228.5000 7.0000
    endloop
  endfacet
  facet normal 0 0 1
    outer loop
      vertex 6.5000 117.5000 7.0000
      vertex 5.0000 228.5000 7.0000
      vertex 5.0000 117.5000 7.0000
    endloop
  endfacet
  facet normal -1 0 0
    outer loop
      vertex 5.0000 117.5000 3.0000
      vertex 5.0000 228.5000 7.0000
      vertex 5.0000 228.5000 3.0000
    endloop
  endfacet
  facet normal -1 -0 0
    outer loop
      vertex 5.0000 228.5000 7.0000
      vertex 5.0000 117.5000 3.0000
      vertex 5.0000 117.5000 7.0000
    endloop
  endfacet
  facet normal 0 1 -0
    outer loop
      vertex 6.5000 228.5000 3.0000
      vertex 5.0000 228.5000 7.0000
      vertex 6.5000 228.5000 7.0000
    endloop
  endfacet
  facet normal 0 1 0
    outer loop
      vertex 5.0000 228.5000 7.0000
      vertex 6.5000 228.5000 3.0000
      vertex 5.0000 228.5000 3.0000
    endloop
  endfacet
  facet normal 0 -1 0
    outer loop
      vertex 5.0000 117.5000 3.0000
      vertex 6.5000 117.5000 7.0000
      vertex 5.0000 117.5000 7.0000
    endloop
  endfacet
  facet normal 0 -1 -0
    outer loop
      vertex 6.5000 117.5000 7.0000
      vertex 5.0000 117.5000 3.0000
      vertex 6.5000 117.5000 3.0000
    endloop
  endfacet
  facet normal -0 0 1
    outer loop
      vertex 15.5000 6.5000 7.0000
      vertex 144.0000 5.0000 7.0000
      vertex 144.0000 6.5000 7.0000
    endloop
  endfacet
  facet normal 0 0 1
    outer loop
      vertex 144.0000 5.0000 7.0000
      vertex 15.5000 6.5000 7.0000
      vertex 15.5000 5.0000 7.0000
    endloop
  endfacet
  facet normal -1 0 0
    outer loop
      vertex 15.5000 5.0000 3.0000
      vertex 15.5000 6.5000 7.0000
      vertex 15.5000 6.5000 3.0000
    endloop
  endfacet
  facet normal -1 -0 0
    outer loop
      vertex 15.5000 6.5000 7.0000
      vertex 15.5000 5.0000 3.0000
      vertex 15.5000 5.0000 7.0000
    endloop
  endfacet
  facet normal 0 1 -0
    outer loop
      vertex 144.0000 6.5000 3.0000
      vertex 15.5000 6.5000 7.0000
      vertex 144.0000 6.5000 7.0000
    endloop
  endfacet
  facet normal 0 1 0
    outer loop
      vertex 15.5000 6.5000 7.0000
      vertex 144.0000 6.5000 3.0000
      vertex 15.5000 6.5000 3.0000
    endloop
  endfacet
  facet normal 0 -1 0
    outer loop
      vertex 15.5000 5.0000 3.0000
      vertex 144.0000 5.0000 7.0000
      vertex 15.5000 5.0000 7.0000
    endloop
  endfacet
  facet normal 0 -1 -0
    outer loop
      vertex 144.0000 5.0000 7.0000
      vertex 15.5000 5.0000 3.0000
      vertex 144.0000 5.0000 3.0000
    endloop
  endfacet
  facet normal -0 0 1
    outer loop
      vertex 15.5000 239.0000 7.0000
      vertex 144.0000 237.5000 7.0000
      vertex 144.0000 239.0000 7.0000
    endloop
  endfacet
  facet normal 0 0 1
    outer loop
      vertex 144.0000 237.5000 7.0000
      vertex 15.5000 239.0000 7.0000
      vertex 15.5000 237.5000 7.0000
    endloop
  endfacet
  facet normal -1 0 0
    outer loop
      vertex 15.5000 237.5000 3.0000
      vertex 15.5000 239.0000 7.0000
      vertex 15.5000 239.0000 3.0000
    endloop
  endfacet
  facet normal -1 -0 0
    outer loop
      vertex 15.5000 239.0000 7.0000
      vertex 15.5000 237.5000 3.0000
      vertex 15.5000 237.5000 7.0000
    endloop
  endfacet
  facet normal 0 1 -0
    outer loop
      vertex 144.0000 239.0000 3.0000
      vertex 15.5000 239.0000 7.0000
      vertex 144.0000 239.0000 7.0000
    endloop
  endfacet
  facet normal 0 1 0
    outer loop
      vertex 15.5000 239.0000 7.0000
      vertex 144.0000 239.0000 3.0000
      vertex 15.5000 239.0000 3.0000
    endloop
  endfacet
  facet normal 0 -1 0
    outer loop
      vertex 15.5000 237.5000 3.0000
      vertex 144.0000 237.5000 7.0000
      vertex 15.5000 237.5000 7.0000
    endloop
  endfacet
  facet normal 0 -1 -0
    outer loop
      vertex 144.0000 237.5000 7.0000
      vertex 15.5000 237.5000 3.0000
      vertex 144.0000 237.5000 3.0000
    endloop
  endfacet
  facet normal 1 -0 0
    outer loop
      vertex 13.0000 7.0000 6.6000
      vertex 13.0000 13.0000 3.0000
      vertex 13.0000 13.0000 6.6000
    endloop
  endfacet
  facet normal 1 0 0
    outer loop
      vertex 13.0000 13.0000 3.0000
      vertex 13.0000 7.0000 6.6000
      vertex 13.0000 7.0000 3.0000
    endloop
  endfacet
  facet normal -0 0 1
    outer loop
      vertex 7.0000 13.0000 6.6000
      vertex 13.0000 7.0000 6.6000
      vertex 13.0000 13.0000 6.6000
    endloop
  endfacet
  facet normal 0 0 1
    outer loop
      vertex 13.0000 7.0000 6.6000
      vertex 7.0000 13.0000 6.6000
      vertex 7.0000 7.0000 6.6000
    endloop
  endfacet
  facet normal -1 0 0
    outer loop
      vertex 7.0000 7.0000 3.0000
      vertex 7.0000 13.0000 6.6000
      vertex 7.0000 13.0000 3.0000
    endloop
  endfacet
  facet normal -1 -0 0
    outer loop
      vertex 7.0000 13.0000 6.6000
      vertex 7.0000 7.0000 3.0000
      vertex 7.0000 7.0000 6.6000
    endloop
  endfacet
  facet normal 0 1 -0
    outer loop
      vertex 13.0000 13.0000 3.0000
      vertex 7.0000 13.0000 6.6000
      vertex 13.0000 13.0000 6.6000
    endloop
  endfacet
  facet normal 0 1 0
    outer loop
      vertex 7.0000 13.0000 6.6000
      vertex 13.0000 13.0000 3.0000
      vertex 7.0000 13.0000 3.0000
    endloop
  endfacet
  facet normal 0 -1 0
    outer loop
      vertex 7.0000 7.0000 3.0000
      vertex 13.0000 7.0000 6.6000
      vertex 7.0000 7.0000 6.6000
    endloop
  endfacet
  facet normal 0 -1 -0
    outer loop
      vertex 13.0000 7.0000 6.6000
      vertex 7.0000 7.0000 3.0000
      vertex 13.0000 7.0000 3.0000
    endloop
  endfacet
  facet normal 1 -0 0
    outer loop
      vertex 13.0000 231.0000 6.6000
      vertex 13.0000 237.0000 3.0000
      vertex 13.0000 237.0000 6.6000
    endloop
  endfacet
  facet normal 1 0 0
    outer loop
      vertex 13.0000 237.0000 3.0000
      vertex 13.0000 231.0000 6.6000
      vertex 13.0000 231.0000 3.0000
    endloop
  endfacet
  facet normal -0 0 1
    outer loop
      vertex 7.0000 237.0000 6.6000
      vertex 13.0000 231.0000 6.6000
      vertex 13.0000 237.0000 6.6000
    endloop
  endfacet
  facet normal 0 0 1
    outer loop
      vertex 13.0000 231.0000 6.6000
      vertex 7.0000 237.0000 6.6000
      vertex 7.0000 231.0000 6.6000
    endloop
  endfacet
  facet normal -1 0 0
    outer loop
      vertex 7.0000 231.0000 3.0000
      vertex 7.0000 237.0000 6.6000
      vertex 7.0000 237.0000 3.0000
    endloop
  endfacet
  facet normal -1 -0 0
    outer loop
      vertex 7.0000 237.0000 6.6000
      vertex 7.0000 231.0000 3.0000
      vertex 7.0000 231.0000 6.6000
    endloop
  endfacet
  facet normal 0 1 -0
    outer loop
      vertex 13.0000 237.0000 3.0000
      vertex 7.0000 237.0000 6.6000
      vertex 13.0000 237.0000 6.6000
    endloop
  endfacet
  facet normal 0 1 0
    outer loop
      vertex 7.0000 237.0000 6.6000
      vertex 13.0000 237.0000 3.0000
      vertex 7.0000 237.0000 3.0000
    endloop
  endfacet
  facet normal 0 -1 0
    outer loop
      vertex 7.0000 231.0000 3.0000
      vertex 13.0000 231.0000 6.6000
      vertex 7.0000 231.0000 6.6000
    endloop
  endfacet
  facet normal 0 -1 -0
    outer loop
      vertex 13.0000 231.0000 6.6000
      vertex 7.0000 231.0000 3.0000
      vertex 13.0000 231.0000 3.0000
    endloop
  endfacet
  facet normal 1 -0 0
    outer loop
      vertex 13.0000 107.0000 6.6000
      vertex 13.0000 113.0000 3.0000
      vertex 13.0000 113.0000 6.6000
    endloop
  endfacet
  facet normal 1 0 0
    outer loop
      vertex 13.0000 113.0000 3.0000
      vertex 13.0000 107.0000 6.6000
      vertex 13.0000 107.0000 3.0000
    endloop
  endfacet
  facet normal -0 0 1
    outer loop
      vertex 7.0000 113.0000 6.6000
      vertex 13.0000 107.0000 6.6000
      vertex 13.0000 113.0000 6.6000
    endloop
  endfacet
  facet normal 0 0 1
    outer loop
      vertex 13.0000 107.0000 6.6000
      vertex 7.0000 113.0000 6.6000
      vertex 7.0000 107.0000 6.6000
    endloop
  endfacet
  facet normal -1 0 0
    outer loop
      vertex 7.0000 107.0000 3.0000
      vertex 7.0000 113.0000 6.6000
      vertex 7.0000 113.0000 3.0000
    endloop
  endfacet
  facet normal -1 -0 0
    outer loop
      vertex 7.0000 113.0000 6.6000
      vertex 7.0000 107.0000 3.0000
      vertex 7.0000 107.0000 6.6000
    endloop
  endfacet
  facet normal 0 1 -0
    outer loop
      vertex 13.0000 113.0000 3.0000
      vertex 7.0000 113.0000 6.6000
      vertex 13.0000 113.0000 6.6000
    endloop
  endfacet
  facet normal 0 1 0
    outer loop
      vertex 7.0000 113.0000 6.6000
      vertex 13.0000 113.0000 3.0000
      vertex 7.0000 113.0000 3.0000
    endloop
  endfacet
  facet normal 0 -1 0
    outer loop
      vertex 7.0000 107.0000 3.0000
      vertex 13.0000 107.0000 6.6000
      vertex 7.0000 107.0000 6.6000
    endloop
  endfacet
  facet normal 0 -1 -0
    outer loop
      vertex 13.0000 107.0000 6.6000
      vertex 7.0000 107.0000 3.0000
      vertex 13.0000 107.0000 3.0000
    endloop
  endfacet
  facet normal 1 -0 0
    outer loop
      vertex 86.7000 163.9000 44.0000
      vertex 86.7000 166.9000 2.9900
      vertex 86.7000 166.9000 44.0000
    endloop
  endfacet
  facet normal 1 0 0
    outer loop
      vertex 86.7000 166.9000 2.9900
      vertex 86.7000 163.9000 44.0000
      vertex 86.7000 163.9000 2.9900
    endloop
  endfacet
  facet normal 0 0 -1
    outer loop
      vertex 36.7000 163.9000 2.9900
      vertex 39.7000 166.9000 2.9900
      vertex 39.7000 163.9000 2.9900
    endloop
  endfacet
  facet normal -0 0 -1
    outer loop
      vertex 39.7000 166.9000 2.9900
      vertex 36.7000 163.9000 2.9900
      vertex 36.7000 166.9000 2.9900
    endloop
  endfacet
  facet normal 0 0 -1
    outer loop
      vertex 84.7000 163.9000 2.9900
      vertex 86.7000 166.9000 2.9900
      vertex 86.7000 163.9000 2.9900
    endloop
  endfacet
  facet normal -0 0 -1
    outer loop
      vertex 86.7000 166.9000 2.9900
      vertex 84.7000 163.9000 2.9900
      vertex 84.7000 166.9000 2.9900
    endloop
  endfacet
  facet normal 0 0 -1
    outer loop
      vertex 42.7000 163.9000 2.9900
      vertex 45.7000 166.9000 2.9900
      vertex 45.7000 163.9000 2.9900
    endloop
  endfacet
  facet normal -0 0 -1
    outer loop
      vertex 45.7000 166.9000 2.9900
      vertex 42.7000 163.9000 2.9900
      vertex 42.7000 166.9000 2.9900
    endloop
  endfacet
  facet normal 0 0 -1
    outer loop
      vertex 48.7000 163.9000 2.9900
      vertex 51.7000 166.9000 2.9900
      vertex 51.7000 163.9000 2.9900
    endloop
  endfacet
  facet normal -0 0 -1
    outer loop
      vertex 51.7000 166.9000 2.9900
      vertex 48.7000 163.9000 2.9900
      vertex 48.7000 166.9000 2.9900
    endloop
  endfacet
  facet normal 0 0 -1
    outer loop
      vertex 54.7000 163.9000 2.9900
      vertex 57.7000 166.9000 2.9900
      vertex 57.7000 163.9000 2.9900
    endloop
  endfacet
  facet normal -0 0 -1
    outer loop
      vertex 57.7000 166.9000 2.9900
      vertex 54.7000 163.9000 2.9900
      vertex 54.7000 166.9000 2.9900
    endloop
  endfacet
  facet normal 0 0 -1
    outer loop
      vertex 60.7000 163.9000 2.9900
      vertex 63.7000 166.9000 2.9900
      vertex 63.7000 163.9000 2.9900
    endloop
  endfacet
  facet normal -0 0 -1
    outer loop
      vertex 63.7000 166.9000 2.9900
      vertex 60.7000 163.9000 2.9900
      vertex 60.7000 166.9000 2.9900
    endloop
  endfacet
  facet normal 0 0 -1
    outer loop
      vertex 66.7000 163.9000 2.9900
      vertex 69.7000 166.9000 2.9900
      vertex 69.7000 163.9000 2.9900
    endloop
  endfacet
  facet normal -0 0 -1
    outer loop
      vertex 69.7000 166.9000 2.9900
      vertex 66.7000 163.9000 2.9900
      vertex 66.7000 166.9000 2.9900
    endloop
  endfacet
  facet normal 0 0 -1
    outer loop
      vertex 72.7000 163.9000 2.9900
      vertex 75.7000 166.9000 2.9900
      vertex 75.7000 163.9000 2.9900
    endloop
  endfacet
  facet normal -0 0 -1
    outer loop
      vertex 75.7000 166.9000 2.9900
      vertex 72.7000 163.9000 2.9900
      vertex 72.7000 166.9000 2.9900
    endloop
  endfacet
  facet normal 0 0 -1
    outer loop
      vertex 78.7000 163.9000 2.9900
      vertex 81.7000 166.9000 2.9900
      vertex 81.7000 163.9000 2.9900
    endloop
  endfacet
  facet normal -0 0 -1
    outer loop
      vertex 81.7000 166.9000 2.9900
      vertex 78.7000 163.9000 2.9900
      vertex 78.7000 166.9000 2.9900
    endloop
  endfacet
  facet normal -0 0 1
    outer loop
      vertex 36.7000 166.9000 44.0000
      vertex 86.7000 163.9000 44.0000
      vertex 86.7000 166.9000 44.0000
    endloop
  endfacet
  facet normal 0 0 1
    outer loop
      vertex 86.7000 163.9000 44.0000
      vertex 36.7000 166.9000 44.0000
      vertex 36.7000 163.9000 44.0000
    endloop
  endfacet
  facet normal 0 1 -0
    outer loop
      vertex 45.7000 166.9000 2.9900
      vertex 42.7000 166.9000 3.0000
      vertex 45.7000 166.9000 3.0000
    endloop
  endfacet
  facet normal 0 1 0
    outer loop
      vertex 42.7000 166.9000 3.0000
      vertex 45.7000 166.9000 2.9900
      vertex 42.7000 166.9000 2.9900
    endloop
  endfacet
  facet normal 0 1 -0
    outer loop
      vertex 51.7000 166.9000 2.9900
      vertex 48.7000 166.9000 3.0000
      vertex 51.7000 166.9000 3.0000
    endloop
  endfacet
  facet normal 0 1 0
    outer loop
      vertex 48.7000 166.9000 3.0000
      vertex 51.7000 166.9000 2.9900
      vertex 48.7000 166.9000 2.9900
    endloop
  endfacet
  facet normal 0 1 -0
    outer loop
      vertex 57.7000 166.9000 2.9900
      vertex 54.7000 166.9000 3.0000
      vertex 57.7000 166.9000 3.0000
    endloop
  endfacet
  facet normal 0 1 0
    outer loop
      vertex 54.7000 166.9000 3.0000
      vertex 57.7000 166.9000 2.9900
      vertex 54.7000 166.9000 2.9900
    endloop
  endfacet
  facet normal 0 1 -0
    outer loop
      vertex 63.7000 166.9000 2.9900
      vertex 60.7000 166.9000 3.0000
      vertex 63.7000 166.9000 3.0000
    endloop
  endfacet
  facet normal 0 1 0
    outer loop
      vertex 60.7000 166.9000 3.0000
      vertex 63.7000 166.9000 2.9900
      vertex 60.7000 166.9000 2.9900
    endloop
  endfacet
  facet normal 0 1 -0
    outer loop
      vertex 69.7000 166.9000 2.9900
      vertex 66.7000 166.9000 3.0000
      vertex 69.7000 166.9000 3.0000
    endloop
  endfacet
  facet normal 0 1 0
    outer loop
      vertex 66.7000 166.9000 3.0000
      vertex 69.7000 166.9000 2.9900
      vertex 66.7000 166.9000 2.9900
    endloop
  endfacet
  facet normal 0 1 -0
    outer loop
      vertex 75.7000 166.9000 2.9900
      vertex 72.7000 166.9000 3.0000
      vertex 75.7000 166.9000 3.0000
    endloop
  endfacet
  facet normal 0 1 0
    outer loop
      vertex 72.7000 166.9000 3.0000
      vertex 75.7000 166.9000 2.9900
      vertex 72.7000 166.9000 2.9900
    endloop
  endfacet
  facet normal 0 1 -0
    outer loop
      vertex 81.7000 166.9000 2.9900
      vertex 78.7000 166.9000 3.0000
      vertex 81.7000 166.9000 3.0000
    endloop
  endfacet
  facet normal 0 1 0
    outer loop
      vertex 78.7000 166.9000 3.0000
      vertex 81.7000 166.9000 2.9900
      vertex 78.7000 166.9000 2.9900
    endloop
  endfacet
  facet normal 0 1 0
    outer loop
      vertex 81.7000 166.9000 3.0000
      vertex 86.7000 166.9000 44.0000
      vertex 84.7000 166.9000 3.0000
    endloop
  endfacet
  facet normal 0 1 -0
    outer loop
      vertex 86.7000 166.9000 2.9900
      vertex 84.7000 166.9000 3.0000
      vertex 86.7000 166.9000 44.0000
    endloop
  endfacet
  facet normal 0 1 0
    outer loop
      vertex 84.7000 166.9000 3.0000
      vertex 86.7000 166.9000 2.9900
      vertex 84.7000 166.9000 2.9900
    endloop
  endfacet
  facet normal 0 1 0
    outer loop
      vertex 78.7000 166.9000 3.0000
      vertex 86.7000 166.9000 44.0000
      vertex 81.7000 166.9000 3.0000
    endloop
  endfacet
  facet normal 0 1 0
    outer loop
      vertex 75.7000 166.9000 3.0000
      vertex 86.7000 166.9000 44.0000
      vertex 78.7000 166.9000 3.0000
    endloop
  endfacet
  facet normal 0 1 0
    outer loop
      vertex 72.7000 166.9000 3.0000
      vertex 86.7000 166.9000 44.0000
      vertex 75.7000 166.9000 3.0000
    endloop
  endfacet
  facet normal 0 1 0
    outer loop
      vertex 69.7000 166.9000 3.0000
      vertex 86.7000 166.9000 44.0000
      vertex 72.7000 166.9000 3.0000
    endloop
  endfacet
  facet normal 0 1 0
    outer loop
      vertex 66.7000 166.9000 3.0000
      vertex 86.7000 166.9000 44.0000
      vertex 69.7000 166.9000 3.0000
    endloop
  endfacet
  facet normal 0 1 0
    outer loop
      vertex 63.7000 166.9000 3.0000
      vertex 86.7000 166.9000 44.0000
      vertex 66.7000 166.9000 3.0000
    endloop
  endfacet
  facet normal 0 1 0
    outer loop
      vertex 60.7000 166.9000 3.0000
      vertex 86.7000 166.9000 44.0000
      vertex 63.7000 166.9000 3.0000
    endloop
  endfacet
  facet normal 0 1 0
    outer loop
      vertex 86.7000 166.9000 44.0000
      vertex 60.7000 166.9000 3.0000
      vertex 36.7000 166.9000 44.0000
    endloop
  endfacet
  facet normal 0 1 -0
    outer loop
      vertex 57.7000 166.9000 3.0000
      vertex 36.7000 166.9000 44.0000
      vertex 60.7000 166.9000 3.0000
    endloop
  endfacet
  facet normal 0 1 -0
    outer loop
      vertex 54.7000 166.9000 3.0000
      vertex 36.7000 166.9000 44.0000
      vertex 57.7000 166.9000 3.0000
    endloop
  endfacet
  facet normal 0 1 -0
    outer loop
      vertex 51.7000 166.9000 3.0000
      vertex 36.7000 166.9000 44.0000
      vertex 54.7000 166.9000 3.0000
    endloop
  endfacet
  facet normal 0 1 -0
    outer loop
      vertex 48.7000 166.9000 3.0000
      vertex 36.7000 166.9000 44.0000
      vertex 51.7000 166.9000 3.0000
    endloop
  endfacet
  facet normal 0 1 -0
    outer loop
      vertex 45.7000 166.9000 3.0000
      vertex 36.7000 166.9000 44.0000
      vertex 48.7000 166.9000 3.0000
    endloop
  endfacet
  facet normal 0 1 -0
    outer loop
      vertex 42.7000 166.9000 3.0000
      vertex 36.7000 166.9000 44.0000
      vertex 45.7000 166.9000 3.0000
    endloop
  endfacet
  facet normal 0 1 -0
    outer loop
      vertex 39.7000 166.9000 3.0000
      vertex 36.7000 166.9000 44.0000
      vertex 42.7000 166.9000 3.0000
    endloop
  endfacet
  facet normal 0 1 0
    outer loop
      vertex 39.7000 166.9000 3.0000
      vertex 36.7000 166.9000 3.0000
      vertex 36.7000 166.9000 44.0000
    endloop
  endfacet
  facet normal 0 1 -0
    outer loop
      vertex 39.7000 166.9000 2.9900
      vertex 36.7000 166.9000 3.0000
      vertex 39.7000 166.9000 3.0000
    endloop
  endfacet
  facet normal 0 1 0
    outer loop
      vertex 36.7000 166.9000 3.0000
      vertex 39.7000 166.9000 2.9900
      vertex 36.7000 166.9000 2.9900
    endloop
  endfacet
  facet normal 0 -1 0
    outer loop
      vertex 78.7000 163.9000 2.9900
      vertex 81.7000 163.9000 3.0000
      vertex 78.7000 163.9000 3.0000
    endloop
  endfacet
  facet normal 0 -1 -0
    outer loop
      vertex 81.7000 163.9000 3.0000
      vertex 78.7000 163.9000 2.9900
      vertex 81.7000 163.9000 2.9900
    endloop
  endfacet
  facet normal 0 -1 0
    outer loop
      vertex 72.7000 163.9000 2.9900
      vertex 75.7000 163.9000 3.0000
      vertex 72.7000 163.9000 3.0000
    endloop
  endfacet
  facet normal 0 -1 -0
    outer loop
      vertex 75.7000 163.9000 3.0000
      vertex 72.7000 163.9000 2.9900
      vertex 75.7000 163.9000 2.9900
    endloop
  endfacet
  facet normal 0 -1 0
    outer loop
      vertex 66.7000 163.9000 2.9900
      vertex 69.7000 163.9000 3.0000
      vertex 66.7000 163.9000 3.0000
    endloop
  endfacet
  facet normal 0 -1 -0
    outer loop
      vertex 69.7000 163.9000 3.0000
      vertex 66.7000 163.9000 2.9900
      vertex 69.7000 163.9000 2.9900
    endloop
  endfacet
  facet normal 0 -1 0
    outer loop
      vertex 60.7000 163.9000 2.9900
      vertex 63.7000 163.9000 3.0000
      vertex 60.7000 163.9000 3.0000
    endloop
  endfacet
  facet normal 0 -1 -0
    outer loop
      vertex 63.7000 163.9000 3.0000
      vertex 60.7000 163.9000 2.9900
      vertex 63.7000 163.9000 2.9900
    endloop
  endfacet
  facet normal 0 -1 0
    outer loop
      vertex 54.7000 163.9000 2.9900
      vertex 57.7000 163.9000 3.0000
      vertex 54.7000 163.9000 3.0000
    endloop
  endfacet
  facet normal 0 -1 -0
    outer loop
      vertex 57.7000 163.9000 3.0000
      vertex 54.7000 163.9000 2.9900
      vertex 57.7000 163.9000 2.9900
    endloop
  endfacet
  facet normal 0 -1 0
    outer loop
      vertex 48.7000 163.9000 2.9900
      vertex 51.7000 163.9000 3.0000
      vertex 48.7000 163.9000 3.0000
    endloop
  endfacet
  facet normal 0 -1 -0
    outer loop
      vertex 51.7000 163.9000 3.0000
      vertex 48.7000 163.9000 2.9900
      vertex 51.7000 163.9000 2.9900
    endloop
  endfacet
  facet normal 0 -1 0
    outer loop
      vertex 42.7000 163.9000 2.9900
      vertex 45.7000 163.9000 3.0000
      vertex 42.7000 163.9000 3.0000
    endloop
  endfacet
  facet normal 0 -1 -0
    outer loop
      vertex 45.7000 163.9000 3.0000
      vertex 42.7000 163.9000 2.9900
      vertex 45.7000 163.9000 2.9900
    endloop
  endfacet
  facet normal 0 -1 0
    outer loop
      vertex 36.7000 163.9000 2.9900
      vertex 39.7000 163.9000 3.0000
      vertex 36.7000 163.9000 3.0000
    endloop
  endfacet
  facet normal 0 -1 -0
    outer loop
      vertex 39.7000 163.9000 3.0000
      vertex 36.7000 163.9000 2.9900
      vertex 39.7000 163.9000 2.9900
    endloop
  endfacet
  facet normal 0 -1 0
    outer loop
      vertex 39.7000 163.9000 3.0000
      vertex 36.7000 163.9000 44.0000
      vertex 36.7000 163.9000 3.0000
    endloop
  endfacet
  facet normal 0 -1 0
    outer loop
      vertex 42.7000 163.9000 3.0000
      vertex 36.7000 163.9000 44.0000
      vertex 39.7000 163.9000 3.0000
    endloop
  endfacet
  facet normal 0 -1 0
    outer loop
      vertex 45.7000 163.9000 3.0000
      vertex 36.7000 163.9000 44.0000
      vertex 42.7000 163.9000 3.0000
    endloop
  endfacet
  facet normal 0 -1 0
    outer loop
      vertex 48.7000 163.9000 3.0000
      vertex 36.7000 163.9000 44.0000
      vertex 45.7000 163.9000 3.0000
    endloop
  endfacet
  facet normal 0 -1 0
    outer loop
      vertex 51.7000 163.9000 3.0000
      vertex 36.7000 163.9000 44.0000
      vertex 48.7000 163.9000 3.0000
    endloop
  endfacet
  facet normal 0 -1 0
    outer loop
      vertex 54.7000 163.9000 3.0000
      vertex 36.7000 163.9000 44.0000
      vertex 51.7000 163.9000 3.0000
    endloop
  endfacet
  facet normal 0 -1 0
    outer loop
      vertex 57.7000 163.9000 3.0000
      vertex 36.7000 163.9000 44.0000
      vertex 54.7000 163.9000 3.0000
    endloop
  endfacet
  facet normal 0 -1 0
    outer loop
      vertex 60.7000 163.9000 3.0000
      vertex 36.7000 163.9000 44.0000
      vertex 57.7000 163.9000 3.0000
    endloop
  endfacet
  facet normal 0 -1 0
    outer loop
      vertex 36.7000 163.9000 44.0000
      vertex 60.7000 163.9000 3.0000
      vertex 86.7000 163.9000 44.0000
    endloop
  endfacet
  facet normal 0 -1 0
    outer loop
      vertex 63.7000 163.9000 3.0000
      vertex 86.7000 163.9000 44.0000
      vertex 60.7000 163.9000 3.0000
    endloop
  endfacet
  facet normal 0 -1 0
    outer loop
      vertex 66.7000 163.9000 3.0000
      vertex 86.7000 163.9000 44.0000
      vertex 63.7000 163.9000 3.0000
    endloop
  endfacet
  facet normal 0 -1 0
    outer loop
      vertex 69.7000 163.9000 3.0000
      vertex 86.7000 163.9000 44.0000
      vertex 66.7000 163.9000 3.0000
    endloop
  endfacet
  facet normal 0 -1 0
    outer loop
      vertex 72.7000 163.9000 3.0000
      vertex 86.7000 163.9000 44.0000
      vertex 69.7000 163.9000 3.0000
    endloop
  endfacet
  facet normal 0 -1 0
    outer loop
      vertex 75.7000 163.9000 3.0000
      vertex 86.7000 163.9000 44.0000
      vertex 72.7000 163.9000 3.0000
    endloop
  endfacet
  facet normal 0 -1 0
    outer loop
      vertex 78.7000 163.9000 3.0000
      vertex 86.7000 163.9000 44.0000
      vertex 75.7000 163.9000 3.0000
    endloop
  endfacet
  facet normal 0 -1 0
    outer loop
      vertex 81.7000 163.9000 3.0000
      vertex 86.7000 163.9000 44.0000
      vertex 78.7000 163.9000 3.0000
    endloop
  endfacet
  facet normal 0 -1 0
    outer loop
      vertex 84.7000 163.9000 3.0000
      vertex 86.7000 163.9000 44.0000
      vertex 81.7000 163.9000 3.0000
    endloop
  endfacet
  facet normal 0 -1 0
    outer loop
      vertex 86.7000 163.9000 2.9900
      vertex 84.7000 163.9000 3.0000
      vertex 84.7000 163.9000 2.9900
    endloop
  endfacet
  facet normal 0 -1 0
    outer loop
      vertex 84.7000 163.9000 3.0000
      vertex 86.7000 163.9000 2.9900
      vertex 86.7000 163.9000 44.0000
    endloop
  endfacet
  facet normal 1 0 0
    outer loop
      vertex 86.7000 213.1000 44.0000
      vertex 86.7000 211.4000 3.0000
      vertex 86.7000 213.1000 2.9900
    endloop
  endfacet
  facet normal 1 -0 0
    outer loop
      vertex 86.7000 210.1000 44.0000
      vertex 86.7000 211.4000 3.0000
      vertex 86.7000 213.1000 44.0000
    endloop
  endfacet
  facet normal 1 0 0
    outer loop
      vertex 86.7000 211.4000 3.0000
      vertex 86.7000 210.1000 44.0000
      vertex 86.7000 210.1000 3.0000
    endloop
  endfacet
  facet normal 1 0 0
    outer loop
      vertex 86.7000 213.1000 2.9900
      vertex 86.7000 211.4000 3.0000
      vertex 86.7000 211.4000 2.9900
    endloop
  endfacet
  facet normal 0 0 -1
    outer loop
      vertex 36.7000 211.4000 2.9900
      vertex 39.7000 213.1000 2.9900
      vertex 39.7000 211.4000 2.9900
    endloop
  endfacet
  facet normal -0 0 -1
    outer loop
      vertex 39.7000 213.1000 2.9900
      vertex 36.7000 211.4000 2.9900
      vertex 36.7000 213.1000 2.9900
    endloop
  endfacet
  facet normal 0 0 -1
    outer loop
      vertex 84.7000 211.4000 2.9900
      vertex 86.7000 213.1000 2.9900
      vertex 86.7000 211.4000 2.9900
    endloop
  endfacet
  facet normal -0 0 -1
    outer loop
      vertex 86.7000 213.1000 2.9900
      vertex 84.7000 211.4000 2.9900
      vertex 84.7000 213.1000 2.9900
    endloop
  endfacet
  facet normal 0 0 -1
    outer loop
      vertex 42.7000 211.4000 2.9900
      vertex 45.7000 213.1000 2.9900
      vertex 45.7000 211.4000 2.9900
    endloop
  endfacet
  facet normal -0 0 -1
    outer loop
      vertex 45.7000 213.1000 2.9900
      vertex 42.7000 211.4000 2.9900
      vertex 42.7000 213.1000 2.9900
    endloop
  endfacet
  facet normal 0 0 -1
    outer loop
      vertex 48.7000 211.4000 2.9900
      vertex 51.7000 213.1000 2.9900
      vertex 51.7000 211.4000 2.9900
    endloop
  endfacet
  facet normal -0 0 -1
    outer loop
      vertex 51.7000 213.1000 2.9900
      vertex 48.7000 211.4000 2.9900
      vertex 48.7000 213.1000 2.9900
    endloop
  endfacet
  facet normal 0 0 -1
    outer loop
      vertex 54.7000 211.4000 2.9900
      vertex 57.7000 213.1000 2.9900
      vertex 57.7000 211.4000 2.9900
    endloop
  endfacet
  facet normal -0 0 -1
    outer loop
      vertex 57.7000 213.1000 2.9900
      vertex 54.7000 211.4000 2.9900
      vertex 54.7000 213.1000 2.9900
    endloop
  endfacet
  facet normal 0 0 -1
    outer loop
      vertex 60.7000 211.4000 2.9900
      vertex 63.7000 213.1000 2.9900
      vertex 63.7000 211.4000 2.9900
    endloop
  endfacet
  facet normal -0 0 -1
    outer loop
      vertex 63.7000 213.1000 2.9900
      vertex 60.7000 211.4000 2.9900
      vertex 60.7000 213.1000 2.9900
    endloop
  endfacet
  facet normal 0 0 -1
    outer loop
      vertex 66.7000 211.4000 2.9900
      vertex 69.7000 213.1000 2.9900
      vertex 69.7000 211.4000 2.9900
    endloop
  endfacet
  facet normal -0 0 -1
    outer loop
      vertex 69.7000 213.1000 2.9900
      vertex 66.7000 211.4000 2.9900
      vertex 66.7000 213.1000 2.9900
    endloop
  endfacet
  facet normal 0 0 -1
    outer loop
      vertex 72.7000 211.4000 2.9900
      vertex 75.7000 213.1000 2.9900
      vertex 75.7000 211.4000 2.9900
    endloop
  endfacet
  facet normal -0 0 -1
    outer loop
      vertex 75.7000 213.1000 2.9900
      vertex 72.7000 211.4000 2.9900
      vertex 72.7000 213.1000 2.9900
    endloop
  endfacet
  facet normal 0 0 -1
    outer loop
      vertex 78.7000 211.4000 2.9900
      vertex 81.7000 213.1000 2.9900
      vertex 81.7000 211.4000 2.9900
    endloop
  endfacet
  facet normal -0 0 -1
    outer loop
      vertex 81.7000 213.1000 2.9900
      vertex 78.7000 211.4000 2.9900
      vertex 78.7000 213.1000 2.9900
    endloop
  endfacet
  facet normal -0 0 1
    outer loop
      vertex 36.7000 213.1000 44.0000
      vertex 86.7000 210.1000 44.0000
      vertex 86.7000 213.1000 44.0000
    endloop
  endfacet
  facet normal 0 0 1
    outer loop
      vertex 86.7000 210.1000 44.0000
      vertex 36.7000 213.1000 44.0000
      vertex 36.7000 210.1000 44.0000
    endloop
  endfacet
  facet normal 0 1 -0
    outer loop
      vertex 45.7000 213.1000 2.9900
      vertex 42.7000 213.1000 3.0000
      vertex 45.7000 213.1000 3.0000
    endloop
  endfacet
  facet normal 0 1 0
    outer loop
      vertex 42.7000 213.1000 3.0000
      vertex 45.7000 213.1000 2.9900
      vertex 42.7000 213.1000 2.9900
    endloop
  endfacet
  facet normal 0 1 -0
    outer loop
      vertex 51.7000 213.1000 2.9900
      vertex 48.7000 213.1000 3.0000
      vertex 51.7000 213.1000 3.0000
    endloop
  endfacet
  facet normal 0 1 0
    outer loop
      vertex 48.7000 213.1000 3.0000
      vertex 51.7000 213.1000 2.9900
      vertex 48.7000 213.1000 2.9900
    endloop
  endfacet
  facet normal 0 1 -0
    outer loop
      vertex 57.7000 213.1000 2.9900
      vertex 54.7000 213.1000 3.0000
      vertex 57.7000 213.1000 3.0000
    endloop
  endfacet
  facet normal 0 1 0
    outer loop
      vertex 54.7000 213.1000 3.0000
      vertex 57.7000 213.1000 2.9900
      vertex 54.7000 213.1000 2.9900
    endloop
  endfacet
  facet normal 0 1 -0
    outer loop
      vertex 63.7000 213.1000 2.9900
      vertex 60.7000 213.1000 3.0000
      vertex 63.7000 213.1000 3.0000
    endloop
  endfacet
  facet normal 0 1 0
    outer loop
      vertex 60.7000 213.1000 3.0000
      vertex 63.7000 213.1000 2.9900
      vertex 60.7000 213.1000 2.9900
    endloop
  endfacet
  facet normal 0 1 -0
    outer loop
      vertex 69.7000 213.1000 2.9900
      vertex 66.7000 213.1000 3.0000
      vertex 69.7000 213.1000 3.0000
    endloop
  endfacet
  facet normal 0 1 0
    outer loop
      vertex 66.7000 213.1000 3.0000
      vertex 69.7000 213.1000 2.9900
      vertex 66.7000 213.1000 2.9900
    endloop
  endfacet
  facet normal 0 1 -0
    outer loop
      vertex 75.7000 213.1000 2.9900
      vertex 72.7000 213.1000 3.0000
      vertex 75.7000 213.1000 3.0000
    endloop
  endfacet
  facet normal 0 1 0
    outer loop
      vertex 72.7000 213.1000 3.0000
      vertex 75.7000 213.1000 2.9900
      vertex 72.7000 213.1000 2.9900
    endloop
  endfacet
  facet normal 0 1 -0
    outer loop
      vertex 81.7000 213.1000 2.9900
      vertex 78.7000 213.1000 3.0000
      vertex 81.7000 213.1000 3.0000
    endloop
  endfacet
  facet normal 0 1 0
    outer loop
      vertex 78.7000 213.1000 3.0000
      vertex 81.7000 213.1000 2.9900
      vertex 78.7000 213.1000 2.9900
    endloop
  endfacet
  facet normal 0 1 0
    outer loop
      vertex 81.7000 213.1000 3.0000
      vertex 86.7000 213.1000 44.0000
      vertex 84.7000 213.1000 3.0000
    endloop
  endfacet
  facet normal 0 1 -0
    outer loop
      vertex 86.7000 213.1000 2.9900
      vertex 84.7000 213.1000 3.0000
      vertex 86.7000 213.1000 44.0000
    endloop
  endfacet
  facet normal 0 1 0
    outer loop
      vertex 84.7000 213.1000 3.0000
      vertex 86.7000 213.1000 2.9900
      vertex 84.7000 213.1000 2.9900
    endloop
  endfacet
  facet normal 0 1 0
    outer loop
      vertex 78.7000 213.1000 3.0000
      vertex 86.7000 213.1000 44.0000
      vertex 81.7000 213.1000 3.0000
    endloop
  endfacet
  facet normal 0 1 0
    outer loop
      vertex 75.7000 213.1000 3.0000
      vertex 86.7000 213.1000 44.0000
      vertex 78.7000 213.1000 3.0000
    endloop
  endfacet
  facet normal 0 1 0
    outer loop
      vertex 72.7000 213.1000 3.0000
      vertex 86.7000 213.1000 44.0000
      vertex 75.7000 213.1000 3.0000
    endloop
  endfacet
  facet normal 0 1 0
    outer loop
      vertex 69.7000 213.1000 3.0000
      vertex 86.7000 213.1000 44.0000
      vertex 72.7000 213.1000 3.0000
    endloop
  endfacet
  facet normal 0 1 0
    outer loop
      vertex 66.7000 213.1000 3.0000
      vertex 86.7000 213.1000 44.0000
      vertex 69.7000 213.1000 3.0000
    endloop
  endfacet
  facet normal 0 1 0
    outer loop
      vertex 63.7000 213.1000 3.0000
      vertex 86.7000 213.1000 44.0000
      vertex 66.7000 213.1000 3.0000
    endloop
  endfacet
  facet normal 0 1 0
    outer loop
      vertex 60.7000 213.1000 3.0000
      vertex 86.7000 213.1000 44.0000
      vertex 63.7000 213.1000 3.0000
    endloop
  endfacet
  facet normal 0 1 0
    outer loop
      vertex 86.7000 213.1000 44.0000
      vertex 60.7000 213.1000 3.0000
      vertex 36.7000 213.1000 44.0000
    endloop
  endfacet
  facet normal 0 1 -0
    outer loop
      vertex 57.7000 213.1000 3.0000
      vertex 36.7000 213.1000 44.0000
      vertex 60.7000 213.1000 3.0000
    endloop
  endfacet
  facet normal 0 1 -0
    outer loop
      vertex 54.7000 213.1000 3.0000
      vertex 36.7000 213.1000 44.0000
      vertex 57.7000 213.1000 3.0000
    endloop
  endfacet
  facet normal 0 1 -0
    outer loop
      vertex 51.7000 213.1000 3.0000
      vertex 36.7000 213.1000 44.0000
      vertex 54.7000 213.1000 3.0000
    endloop
  endfacet
  facet normal 0 1 -0
    outer loop
      vertex 48.7000 213.1000 3.0000
      vertex 36.7000 213.1000 44.0000
      vertex 51.7000 213.1000 3.0000
    endloop
  endfacet
  facet normal 0 1 -0
    outer loop
      vertex 45.7000 213.1000 3.0000
      vertex 36.7000 213.1000 44.0000
      vertex 48.7000 213.1000 3.0000
    endloop
  endfacet
  facet normal 0 1 -0
    outer loop
      vertex 42.7000 213.1000 3.0000
      vertex 36.7000 213.1000 44.0000
      vertex 45.7000 213.1000 3.0000
    endloop
  endfacet
  facet normal 0 1 -0
    outer loop
      vertex 39.7000 213.1000 3.0000
      vertex 36.7000 213.1000 44.0000
      vertex 42.7000 213.1000 3.0000
    endloop
  endfacet
  facet normal 0 1 0
    outer loop
      vertex 39.7000 213.1000 3.0000
      vertex 36.7000 213.1000 3.0000
      vertex 36.7000 213.1000 44.0000
    endloop
  endfacet
  facet normal 0 1 -0
    outer loop
      vertex 39.7000 213.1000 2.9900
      vertex 36.7000 213.1000 3.0000
      vertex 39.7000 213.1000 3.0000
    endloop
  endfacet
  facet normal 0 1 0
    outer loop
      vertex 36.7000 213.1000 3.0000
      vertex 39.7000 213.1000 2.9900
      vertex 36.7000 213.1000 2.9900
    endloop
  endfacet
  facet normal 0 -1 0
    outer loop
      vertex 36.7000 210.1000 3.0000
      vertex 86.7000 210.1000 44.0000
      vertex 36.7000 210.1000 44.0000
    endloop
  endfacet
  facet normal 0 -1 -0
    outer loop
      vertex 86.7000 210.1000 44.0000
      vertex 36.7000 210.1000 3.0000
      vertex 86.7000 210.1000 3.0000
    endloop
  endfacet
  facet normal 1 0 0
    outer loop
      vertex 25.7000 164.6000 75.3000
      vertex 25.7000 163.4000 3.0000
      vertex 25.7000 164.6000 2.9900
    endloop
  endfacet
  facet normal 1 -0 0
    outer loop
      vertex 25.7000 160.6000 75.3000
      vertex 25.7000 163.4000 3.0000
      vertex 25.7000 164.6000 75.3000
    endloop
  endfacet
  facet normal 1 0 0
    outer loop
      vertex 25.7000 163.4000 3.0000
      vertex 25.7000 160.6000 75.3000
      vertex 25.7000 160.6000 3.0000
    endloop
  endfacet
  facet normal 1 0 0
    outer loop
      vertex 25.7000 164.6000 2.9900
      vertex 25.7000 163.4000 3.0000
      vertex 25.7000 163.4000 2.9900
    endloop
  endfacet
  facet normal 0 0 -1
    outer loop
      vertex 24.7000 163.4000 2.9900
      vertex 25.7000 164.6000 2.9900
      vertex 25.7000 163.4000 2.9900
    endloop
  endfacet
  facet normal -0 0 -1
    outer loop
      vertex 25.7000 164.6000 2.9900
      vertex 24.7000 163.4000 2.9900
      vertex 24.7000 164.6000 2.9900
    endloop
  endfacet
  facet normal 0 0 -1
    outer loop
      vertex 18.7000 163.4000 2.9900
      vertex 21.7000 164.6000 2.9900
      vertex 21.7000 163.4000 2.9900
    endloop
  endfacet
  facet normal -0 0 -1
    outer loop
      vertex 21.7000 164.6000 2.9900
      vertex 18.7000 163.4000 2.9900
      vertex 18.7000 164.6000 2.9900
    endloop
  endfacet
  facet normal -0 0 1
    outer loop
      vertex 18.2000 164.6000 75.3000
      vertex 25.7000 160.6000 75.3000
      vertex 25.7000 164.6000 75.3000
    endloop
  endfacet
  facet normal 0 0 1
    outer loop
      vertex 25.7000 160.6000 75.3000
      vertex 18.2000 164.6000 75.3000
      vertex 18.2000 160.6000 75.3000
    endloop
  endfacet
  facet normal -1 0 0
    outer loop
      vertex 18.2000 160.6000 3.0000
      vertex 18.2000 164.6000 75.3000
      vertex 18.2000 164.6000 3.0000
    endloop
  endfacet
  facet normal -1 -0 0
    outer loop
      vertex 18.2000 164.6000 75.3000
      vertex 18.2000 160.6000 3.0000
      vertex 18.2000 160.6000 75.3000
    endloop
  endfacet
  facet normal 0 1 -0
    outer loop
      vertex 21.7000 164.6000 2.9900
      vertex 18.7000 164.6000 3.0000
      vertex 21.7000 164.6000 3.0000
    endloop
  endfacet
  facet normal 0 1 0
    outer loop
      vertex 18.7000 164.6000 3.0000
      vertex 21.7000 164.6000 2.9900
      vertex 18.7000 164.6000 2.9900
    endloop
  endfacet
  facet normal 0 1 0
    outer loop
      vertex 21.7000 164.6000 3.0000
      vertex 25.7000 164.6000 75.3000
      vertex 24.7000 164.6000 3.0000
    endloop
  endfacet
  facet normal 0 1 -0
    outer loop
      vertex 25.7000 164.6000 2.9900
      vertex 24.7000 164.6000 3.0000
      vertex 25.7000 164.6000 75.3000
    endloop
  endfacet
  facet normal 0 1 0
    outer loop
      vertex 24.7000 164.6000 3.0000
      vertex 25.7000 164.6000 2.9900
      vertex 24.7000 164.6000 2.9900
    endloop
  endfacet
  facet normal 0 1 0
    outer loop
      vertex 25.7000 164.6000 75.3000
      vertex 21.7000 164.6000 3.0000
      vertex 18.2000 164.6000 75.3000
    endloop
  endfacet
  facet normal 0 1 -0
    outer loop
      vertex 18.7000 164.6000 3.0000
      vertex 18.2000 164.6000 75.3000
      vertex 21.7000 164.6000 3.0000
    endloop
  endfacet
  facet normal 0 1 0
    outer loop
      vertex 18.2000 164.6000 75.3000
      vertex 18.7000 164.6000 3.0000
      vertex 18.2000 164.6000 3.0000
    endloop
  endfacet
  facet normal 0 -1 0
    outer loop
      vertex 18.2000 160.6000 3.0000
      vertex 25.7000 160.6000 75.3000
      vertex 18.2000 160.6000 75.3000
    endloop
  endfacet
  facet normal 0 -1 -0
    outer loop
      vertex 25.7000 160.6000 75.3000
      vertex 18.2000 160.6000 3.0000
      vertex 25.7000 160.6000 3.0000
    endloop
  endfacet
  facet normal 1 -0 0
    outer loop
      vertex 22.4000 184.6200 75.3000
      vertex 22.4000 188.6200 3.0000
      vertex 22.4000 188.6200 75.3000
    endloop
  endfacet
  facet normal 1 0 0
    outer loop
      vertex 22.4000 188.6200 3.0000
      vertex 22.4000 184.6200 75.3000
      vertex 22.4000 184.6200 3.0000
    endloop
  endfacet
  facet normal 0 0 -1
    outer loop
      vertex 18.7000 187.4000 2.9900
      vertex 21.7000 188.6200 2.9900
      vertex 21.7000 187.4000 2.9900
    endloop
  endfacet
  facet normal -0 0 -1
    outer loop
      vertex 21.7000 188.6200 2.9900
      vertex 18.7000 187.4000 2.9900
      vertex 18.7000 188.6200 2.9900
    endloop
  endfacet
  facet normal -0 0 1
    outer loop
      vertex 18.2000 188.6200 75.3000
      vertex 22.4000 184.6200 75.3000
      vertex 22.4000 188.6200 75.3000
    endloop
  endfacet
  facet normal 0 0 1
    outer loop
      vertex 22.4000 184.6200 75.3000
      vertex 18.2000 188.6200 75.3000
      vertex 18.2000 184.6200 75.3000
    endloop
  endfacet
  facet normal -1 0 0
    outer loop
      vertex 18.2000 184.6200 3.0000
      vertex 18.2000 188.6200 75.3000
      vertex 18.2000 188.6200 3.0000
    endloop
  endfacet
  facet normal -1 -0 0
    outer loop
      vertex 18.2000 188.6200 75.3000
      vertex 18.2000 184.6200 3.0000
      vertex 18.2000 184.6200 75.3000
    endloop
  endfacet
  facet normal 0 1 -0
    outer loop
      vertex 21.7000 188.6200 2.9900
      vertex 18.7000 188.6200 3.0000
      vertex 21.7000 188.6200 3.0000
    endloop
  endfacet
  facet normal 0 1 0
    outer loop
      vertex 18.7000 188.6200 3.0000
      vertex 21.7000 188.6200 2.9900
      vertex 18.7000 188.6200 2.9900
    endloop
  endfacet
  facet normal 0 1 0
    outer loop
      vertex 21.7000 188.6200 3.0000
      vertex 22.4000 188.6200 75.3000
      vertex 22.4000 188.6200 3.0000
    endloop
  endfacet
  facet normal 0 1 0
    outer loop
      vertex 22.4000 188.6200 75.3000
      vertex 21.7000 188.6200 3.0000
      vertex 18.2000 188.6200 75.3000
    endloop
  endfacet
  facet normal 0 1 -0
    outer loop
      vertex 18.7000 188.6200 3.0000
      vertex 18.2000 188.6200 75.3000
      vertex 21.7000 188.6200 3.0000
    endloop
  endfacet
  facet normal 0 1 0
    outer loop
      vertex 18.2000 188.6200 75.3000
      vertex 18.7000 188.6200 3.0000
      vertex 18.2000 188.6200 3.0000
    endloop
  endfacet
  facet normal 0 -1 0
    outer loop
      vertex 18.2000 184.6200 3.0000
      vertex 22.4000 184.6200 75.3000
      vertex 18.2000 184.6200 75.3000
    endloop
  endfacet
  facet normal 0 -1 -0
    outer loop
      vertex 22.4000 184.6200 75.3000
      vertex 18.2000 184.6200 3.0000
      vertex 22.4000 184.6200 3.0000
    endloop
  endfacet
  facet normal 1 0 0
    outer loop
      vertex 144.0000 239.0000 7.0000
      vertex 144.0000 237.5000 7.0000
      vertex 144.0000 239.0000 3.0000
    endloop
  endfacet
  facet normal 1 -0 0
    outer loop
      vertex 144.0000 239.0000 3.0000
      vertex 144.0000 244.0000 0.0000
      vertex 144.0000 244.0000 3.0000
    endloop
  endfacet
  facet normal 1 0 0
    outer loop
      vertex 144.0000 237.5000 3.0000
      vertex 144.0000 239.0000 3.0000
      vertex 144.0000 237.5000 7.0000
    endloop
  endfacet
  facet normal 1 -0 0
    outer loop
      vertex 144.0000 237.5000 3.0000
      vertex 144.0000 244.0000 0.0000
      vertex 144.0000 239.0000 3.0000
    endloop
  endfacet
  facet normal 1 0 0
    outer loop
      vertex 144.0000 198.2000 0.0000
      vertex 144.0000 237.5000 3.0000
      vertex 144.0000 198.2000 3.0000
    endloop
  endfacet
  facet normal 1 0 0
    outer loop
      vertex 144.0000 237.5000 3.0000
      vertex 144.0000 198.2000 0.0000
      vertex 144.0000 244.0000 0.0000
    endloop
  endfacet
  facet normal 1 0 0
    outer loop
      vertex 144.0000 6.5000 7.0000
      vertex 144.0000 5.0000 7.0000
      vertex 144.0000 6.5000 3.0000
    endloop
  endfacet
  facet normal 1 -0 0
    outer loop
      vertex 144.0000 6.5000 3.0000
      vertex 144.0000 45.8000 0.0000
      vertex 144.0000 45.8000 3.0000
    endloop
  endfacet
  facet normal 1 0 0
    outer loop
      vertex 144.0000 5.0000 3.0000
      vertex 144.0000 6.5000 3.0000
      vertex 144.0000 5.0000 7.0000
    endloop
  endfacet
  facet normal 1 0 0
    outer loop
      vertex 144.0000 0.0000 0.0000
      vertex 144.0000 6.5000 3.0000
      vertex 144.0000 5.0000 3.0000
    endloop
  endfacet
  facet normal 1 0 0
    outer loop
      vertex 144.0000 0.0000 0.0000
      vertex 144.0000 5.0000 3.0000
      vertex 144.0000 0.0000 3.0000
    endloop
  endfacet
  facet normal 1 0 0
    outer loop
      vertex 144.0000 6.5000 3.0000
      vertex 144.0000 0.0000 0.0000
      vertex 144.0000 45.8000 0.0000
    endloop
  endfacet
  facet normal 1 -0 0
    outer loop
      vertex 144.0000 51.8000 3.0000
      vertex 144.0000 94.6000 0.0000
      vertex 144.0000 94.6000 3.0000
    endloop
  endfacet
  facet normal 1 0 0
    outer loop
      vertex 144.0000 94.6000 0.0000
      vertex 144.0000 51.8000 3.0000
      vertex 144.0000 51.8000 0.0000
    endloop
  endfacet
  facet normal 1 -0 0
    outer loop
      vertex 144.0000 100.6000 3.0000
      vertex 144.0000 143.4000 0.0000
      vertex 144.0000 143.4000 3.0000
    endloop
  endfacet
  facet normal 1 0 0
    outer loop
      vertex 144.0000 143.4000 0.0000
      vertex 144.0000 100.6000 3.0000
      vertex 144.0000 100.6000 0.0000
    endloop
  endfacet
  facet normal 1 -0 0
    outer loop
      vertex 144.0000 149.4000 3.0000
      vertex 144.0000 192.2000 0.0000
      vertex 144.0000 192.2000 3.0000
    endloop
  endfacet
  facet normal 1 0 0
    outer loop
      vertex 144.0000 192.2000 0.0000
      vertex 144.0000 149.4000 3.0000
      vertex 144.0000 149.4000 0.0000
    endloop
  endfacet
  facet normal -0.877896 -0.478852 -4.72562e-18
    outer loop
      vertex 146.2000 43.6000 0.0000
      vertex 145.0000 45.8000 3.0000
      vertex 145.0000 45.8000 0.0000
    endloop
  endfacet
  facet normal -0.877896 -0.478852 -4.72562e-18
    outer loop
      vertex 145.0000 45.8000 3.0000
      vertex 146.2000 43.6000 0.0000
      vertex 146.2000 43.6000 3.0000
    endloop
  endfacet
  facet normal 0 -1 0
    outer loop
      vertex 146.2000 43.6000 0.0000
      vertex 150.5000 43.6000 3.0000
      vertex 146.2000 43.6000 3.0000
    endloop
  endfacet
  facet normal 0 -1 -0
    outer loop
      vertex 150.5000 43.6000 3.0000
      vertex 146.2000 43.6000 0.0000
      vertex 150.5000 43.6000 0.0000
    endloop
  endfacet
  facet normal 1 -0 0
    outer loop
      vertex 150.5000 43.6000 3.0000
      vertex 150.5000 54.0000 0.0000
      vertex 150.5000 54.0000 3.0000
    endloop
  endfacet
  facet normal 1 0 0
    outer loop
      vertex 150.5000 54.0000 0.0000
      vertex 150.5000 43.6000 3.0000
      vertex 150.5000 43.6000 0.0000
    endloop
  endfacet
  facet normal 0 1 -0
    outer loop
      vertex 150.5000 54.0000 0.0000
      vertex 146.2000 54.0000 3.0000
      vertex 150.5000 54.0000 3.0000
    endloop
  endfacet
  facet normal 0 1 0
    outer loop
      vertex 146.2000 54.0000 3.0000
      vertex 150.5000 54.0000 0.0000
      vertex 146.2000 54.0000 0.0000
    endloop
  endfacet
  facet normal -0.877896 0.478852 4.72562e-18
    outer loop
      vertex 145.0000 51.8000 0.0000
      vertex 146.2000 54.0000 3.0000
      vertex 146.2000 54.0000 0.0000
    endloop
  endfacet
  facet normal -0.877896 0.478852 4.72562e-18
    outer loop
      vertex 146.2000 54.0000 3.0000
      vertex 145.0000 51.8000 0.0000
      vertex 145.0000 51.8000 3.0000
    endloop
  endfacet
  facet normal 0 1 -0
    outer loop
      vertex 145.0000 51.8000 0.0000
      vertex 144.0000 51.8000 3.0000
      vertex 145.0000 51.8000 3.0000
    endloop
  endfacet
  facet normal 0 1 0
    outer loop
      vertex 144.0000 51.8000 3.0000
      vertex 145.0000 51.8000 0.0000
      vertex 144.0000 51.8000 0.0000
    endloop
  endfacet
  facet normal 0 -1 0
    outer loop
      vertex 144.0000 45.8000 0.0000
      vertex 145.0000 45.8000 3.0000
      vertex 144.0000 45.8000 3.0000
    endloop
  endfacet
  facet normal 0 -1 -0
    outer loop
      vertex 145.0000 45.8000 3.0000
      vertex 144.0000 45.8000 0.0000
      vertex 145.0000 45.8000 0.0000
    endloop
  endfacet
  facet normal -0.877896 -0.478852 -4.72562e-18
    outer loop
      vertex 146.2000 92.4000 0.0000
      vertex 145.0000 94.6000 3.0000
      vertex 145.0000 94.6000 0.0000
    endloop
  endfacet
  facet normal -0.877896 -0.478852 -4.72562e-18
    outer loop
      vertex 145.0000 94.6000 3.0000
      vertex 146.2000 92.4000 0.0000
      vertex 146.2000 92.4000 3.0000
    endloop
  endfacet
  facet normal 0 -1 0
    outer loop
      vertex 146.2000 92.4000 0.0000
      vertex 150.5000 92.4000 3.0000
      vertex 146.2000 92.4000 3.0000
    endloop
  endfacet
  facet normal 0 -1 -0
    outer loop
      vertex 150.5000 92.4000 3.0000
      vertex 146.2000 92.4000 0.0000
      vertex 150.5000 92.4000 0.0000
    endloop
  endfacet
  facet normal 1 -0 0
    outer loop
      vertex 150.5000 92.4000 3.0000
      vertex 150.5000 102.8000 0.0000
      vertex 150.5000 102.8000 3.0000
    endloop
  endfacet
  facet normal 1 0 0
    outer loop
      vertex 150.5000 102.8000 0.0000
      vertex 150.5000 92.4000 3.0000
      vertex 150.5000 92.4000 0.0000
    endloop
  endfacet
  facet normal 0 1 -0
    outer loop
      vertex 150.5000 102.8000 0.0000
      vertex 146.2000 102.8000 3.0000
      vertex 150.5000 102.8000 3.0000
    endloop
  endfacet
  facet normal 0 1 0
    outer loop
      vertex 146.2000 102.8000 3.0000
      vertex 150.5000 102.8000 0.0000
      vertex 146.2000 102.8000 0.0000
    endloop
  endfacet
  facet normal -0.877896 0.478852 -7.08844e-18
    outer loop
      vertex 145.0000 100.6000 0.0000
      vertex 146.2000 102.8000 3.0000
      vertex 146.2000 102.8000 0.0000
    endloop
  endfacet
  facet normal -0.877896 0.478852 -7.08844e-18
    outer loop
      vertex 146.2000 102.8000 3.0000
      vertex 145.0000 100.6000 0.0000
      vertex 145.0000 100.6000 3.0000
    endloop
  endfacet
  facet normal 0 1 -0
    outer loop
      vertex 145.0000 100.6000 0.0000
      vertex 144.0000 100.6000 3.0000
      vertex 145.0000 100.6000 3.0000
    endloop
  endfacet
  facet normal 0 1 0
    outer loop
      vertex 144.0000 100.6000 3.0000
      vertex 145.0000 100.6000 0.0000
      vertex 144.0000 100.6000 0.0000
    endloop
  endfacet
  facet normal 0 -1 0
    outer loop
      vertex 144.0000 94.6000 0.0000
      vertex 145.0000 94.6000 3.0000
      vertex 144.0000 94.6000 3.0000
    endloop
  endfacet
  facet normal 0 -1 -0
    outer loop
      vertex 145.0000 94.6000 3.0000
      vertex 144.0000 94.6000 0.0000
      vertex 145.0000 94.6000 0.0000
    endloop
  endfacet
  facet normal -0.877896 -0.478852 -1.65397e-17
    outer loop
      vertex 146.2000 141.2000 0.0000
      vertex 145.0000 143.4000 3.0000
      vertex 145.0000 143.4000 0.0000
    endloop
  endfacet
  facet normal -0.877896 -0.478852 -1.65397e-17
    outer loop
      vertex 145.0000 143.4000 3.0000
      vertex 146.2000 141.2000 0.0000
      vertex 146.2000 141.2000 3.0000
    endloop
  endfacet
  facet normal 0 -1 0
    outer loop
      vertex 146.2000 141.2000 0.0000
      vertex 150.5000 141.2000 3.0000
      vertex 146.2000 141.2000 3.0000
    endloop
  endfacet
  facet normal 0 -1 -0
    outer loop
      vertex 150.5000 141.2000 3.0000
      vertex 146.2000 141.2000 0.0000
      vertex 150.5000 141.2000 0.0000
    endloop
  endfacet
  facet normal 1 -0 0
    outer loop
      vertex 150.5000 141.2000 3.0000
      vertex 150.5000 151.6000 0.0000
      vertex 150.5000 151.6000 3.0000
    endloop
  endfacet
  facet normal 1 0 0
    outer loop
      vertex 150.5000 151.6000 0.0000
      vertex 150.5000 141.2000 3.0000
      vertex 150.5000 141.2000 0.0000
    endloop
  endfacet
  facet normal 0 1 -0
    outer loop
      vertex 150.5000 151.6000 0.0000
      vertex 146.2000 151.6000 3.0000
      vertex 150.5000 151.6000 3.0000
    endloop
  endfacet
  facet normal 0 1 0
    outer loop
      vertex 146.2000 151.6000 3.0000
      vertex 150.5000 151.6000 0.0000
      vertex 146.2000 151.6000 0.0000
    endloop
  endfacet
  facet normal -0.877895 0.478852 4.72714e-18
    outer loop
      vertex 145.0000 149.4000 0.0000
      vertex 146.2000 151.6000 3.0000
      vertex 146.2000 151.6000 0.0000
    endloop
  endfacet
  facet normal -0.877895 0.478852 4.72714e-18
    outer loop
      vertex 146.2000 151.6000 3.0000
      vertex 145.0000 149.4000 0.0000
      vertex 145.0000 149.4000 3.0000
    endloop
  endfacet
  facet normal 0 1 -0
    outer loop
      vertex 145.0000 149.4000 0.0000
      vertex 144.0000 149.4000 3.0000
      vertex 145.0000 149.4000 3.0000
    endloop
  endfacet
  facet normal 0 1 0
    outer loop
      vertex 144.0000 149.4000 3.0000
      vertex 145.0000 149.4000 0.0000
      vertex 144.0000 149.4000 0.0000
    endloop
  endfacet
  facet normal 0 -1 0
    outer loop
      vertex 144.0000 143.4000 0.0000
      vertex 145.0000 143.4000 3.0000
      vertex 144.0000 143.4000 3.0000
    endloop
  endfacet
  facet normal 0 -1 -0
    outer loop
      vertex 145.0000 143.4000 3.0000
      vertex 144.0000 143.4000 0.0000
      vertex 145.0000 143.4000 0.0000
    endloop
  endfacet
  facet normal -0.877896 -0.478852 -4.72562e-18
    outer loop
      vertex 146.2000 190.0000 0.0000
      vertex 145.0000 192.2000 3.0000
      vertex 145.0000 192.2000 0.0000
    endloop
  endfacet
  facet normal -0.877896 -0.478852 -4.72562e-18
    outer loop
      vertex 145.0000 192.2000 3.0000
      vertex 146.2000 190.0000 0.0000
      vertex 146.2000 190.0000 3.0000
    endloop
  endfacet
  facet normal 0 -1 0
    outer loop
      vertex 146.2000 190.0000 0.0000
      vertex 150.5000 190.0000 3.0000
      vertex 146.2000 190.0000 3.0000
    endloop
  endfacet
  facet normal 0 -1 -0
    outer loop
      vertex 150.5000 190.0000 3.0000
      vertex 146.2000 190.0000 0.0000
      vertex 150.5000 190.0000 0.0000
    endloop
  endfacet
  facet normal 1 -0 0
    outer loop
      vertex 150.5000 190.0000 3.0000
      vertex 150.5000 200.4000 0.0000
      vertex 150.5000 200.4000 3.0000
    endloop
  endfacet
  facet normal 1 0 0
    outer loop
      vertex 150.5000 200.4000 0.0000
      vertex 150.5000 190.0000 3.0000
      vertex 150.5000 190.0000 0.0000
    endloop
  endfacet
  facet normal 0 1 -0
    outer loop
      vertex 150.5000 200.4000 0.0000
      vertex 146.2000 200.4000 3.0000
      vertex 150.5000 200.4000 3.0000
    endloop
  endfacet
  facet normal 0 1 0
    outer loop
      vertex 146.2000 200.4000 3.0000
      vertex 150.5000 200.4000 0.0000
      vertex 146.2000 200.4000 0.0000
    endloop
  endfacet
  facet normal -0.877896 0.478852 -7.08844e-18
    outer loop
      vertex 145.0000 198.2000 0.0000
      vertex 146.2000 200.4000 3.0000
      vertex 146.2000 200.4000 0.0000
    endloop
  endfacet
  facet normal -0.877896 0.478852 -7.08844e-18
    outer loop
      vertex 146.2000 200.4000 3.0000
      vertex 145.0000 198.2000 0.0000
      vertex 145.0000 198.2000 3.0000
    endloop
  endfacet
  facet normal 0 1 -0
    outer loop
      vertex 145.0000 198.2000 0.0000
      vertex 144.0000 198.2000 3.0000
      vertex 145.0000 198.2000 3.0000
    endloop
  endfacet
  facet normal 0 1 0
    outer loop
      vertex 144.0000 198.2000 3.0000
      vertex 145.0000 198.2000 0.0000
      vertex 144.0000 198.2000 0.0000
    endloop
  endfacet
  facet normal 0 -1 0
    outer loop
      vertex 144.0000 192.2000 0.0000
      vertex 145.0000 192.2000 3.0000
      vertex 144.0000 192.2000 3.0000
    endloop
  endfacet
  facet normal 0 -1 -0
    outer loop
      vertex 145.0000 192.2000 3.0000
      vertex 144.0000 192.2000 0.0000
      vertex 145.0000 192.2000 0.0000
    endloop
  endfacet
endsolid OpenSCAD_Model
