solid OpenSCAD_Model
  facet normal -1 0 0
    outer loop
      vertex 15.7000 163.4000 0.0000
      vertex 15.7000 183.4000 3.0000
      vertex 15.7000 183.4000 0.0000
    endloop
  endfacet
  facet normal -1 -0 0
    outer loop
      vertex 15.7000 183.4000 3.0000
      vertex 15.7000 163.4000 0.0000
      vertex 15.7000 163.4000 3.0000
    endloop
  endfacet
  facet normal 1 -0 0
    outer loop
      vertex 12.7000 163.4000 3.0000
      vertex 12.7000 183.4000 0.0000
      vertex 12.7000 183.4000 3.0000
    endloop
  endfacet
  facet normal 1 0 0
    outer loop
      vertex 12.7000 183.4000 0.0000
      vertex 12.7000 163.4000 3.0000
      vertex 12.7000 163.4000 0.0000
    endloop
  endfacet
  facet normal 0 -1 0
    outer loop
      vertex 12.7000 183.4000 0.0000
      vertex 15.7000 183.4000 3.0000
      vertex 12.7000 183.4000 3.0000
    endloop
  endfacet
  facet normal 0 -1 -0
    outer loop
      vertex 15.7000 183.4000 3.0000
      vertex 12.7000 183.4000 0.0000
      vertex 15.7000 183.4000 0.0000
    endloop
  endfacet
  facet normal 0 1 -0
    outer loop
      vertex 15.7000 163.4000 0.0000
      vertex 12.7000 163.4000 3.0000
      vertex 15.7000 163.4000 3.0000
    endloop
  endfacet
  facet normal 0 1 0
    outer loop
      vertex 12.7000 163.4000 3.0000
      vertex 15.7000 163.4000 0.0000
      vertex 12.7000 163.4000 0.0000
    endloop
  endfacet
  facet normal -1 0 0
    outer loop
      vertex 15.7000 187.4000 0.0000
      vertex 15.7000 207.4000 3.0000
      vertex 15.7000 207.4000 0.0000
    endloop
  endfacet
  facet normal -1 -0 0
    outer loop
      vertex 15.7000 207.4000 3.0000
      vertex 15.7000 187.4000 0.0000
      vertex 15.7000 187.4000 3.0000
    endloop
  endfacet
  facet normal 1 -0 0
    outer loop
      vertex 12.7000 187.4000 3.0000
      vertex 12.7000 207.4000 0.0000
      vertex 12.7000 207.4000 3.0000
    endloop
  endfacet
  facet normal 1 0 0
    outer loop
      vertex 12.7000 207.4000 0.0000
      vertex 12.7000 187.4000 3.0000
      vertex 12.7000 187.4000 0.0000
    endloop
  endfacet
  facet normal 0 -1 0
    outer loop
      vertex 12.7000 207.4000 0.0000
      vertex 15.7000 207.4000 3.0000
      vertex 12.7000 207.4000 3.0000
    endloop
  endfacet
  facet normal 0 -1 -0
    outer loop
      vertex 15.7000 207.4000 3.0000
      vertex 12.7000 207.4000 0.0000
      vertex 15.7000 207.4000 0.0000
    endloop
  endfacet
  facet normal 0 1 -0
    outer loop
      vertex 15.7000 187.4000 0.0000
      vertex 12.7000 187.4000 3.0000
      vertex 15.7000 187.4000 3.0000
    endloop
  endfacet
  facet normal 0 1 0
    outer loop
      vertex 12.7000 187.4000 3.0000
      vertex 15.7000 187.4000 0.0000
      vertex 12.7000 187.4000 0.0000
    endloop
  endfacet
  facet normal -1 0 0
    outer loop
      vertex 15.7000 211.4000 0.0000
      vertex 15.7000 231.4000 3.0000
      vertex 15.7000 231.4000 0.0000
    endloop
  endfacet
  facet normal -1 -0 0
    outer loop
      vertex 15.7000 231.4000 3.0000
      vertex 15.7000 211.4000 0.0000
      vertex 15.7000 211.4000 3.0000
    endloop
  endfacet
  facet normal 1 0 0
    outer loop
      vertex 12.7000 231.0000 3.0000
      vertex 12.7000 211.4000 3.0000
      vertex 12.7000 231.0000 2.9900
    endloop
  endfacet
  facet normal 1 -0 0
    outer loop
      vertex 12.7000 231.0000 2.9900
      vertex 12.7000 231.4000 0.0000
      vertex 12.7000 231.4000 2.9900
    endloop
  endfacet
  facet normal 1 0 0
    outer loop
      vertex 12.7000 211.4000 0.0000
      vertex 12.7000 231.0000 2.9900
      vertex 12.7000 211.4000 3.0000
    endloop
  endfacet
  facet normal 1 0 0
    outer loop
      vertex 12.7000 231.0000 2.9900
      vertex 12.7000 211.4000 0.0000
      vertex 12.7000 231.4000 0.0000
    endloop
  endfacet
  facet normal 0 -1 0
    outer loop
      vertex 12.7000 231.4000 2.9900
      vertex 12.7000 231.4000 0.0000
      vertex 13.0000 231.4000 2.9900
    endloop
  endfacet
  facet normal 0 -1 0
    outer loop
      vertex 13.0000 231.4000 2.9900
      vertex 15.7000 231.4000 3.0000
      vertex 13.0000 231.4000 3.0000
    endloop
  endfacet
  facet normal 0 -1 0
    outer loop
      vertex 15.7000 231.4000 0.0000
      vertex 13.0000 231.4000 2.9900
      vertex 12.7000 231.4000 0.0000
    endloop
  endfacet
  facet normal 0 -1 0
    outer loop
      vertex 13.0000 231.4000 2.9900
      vertex 15.7000 231.4000 0.0000
      vertex 15.7000 231.4000 3.0000
    endloop
  endfacet
  facet normal 0 1 -0
    outer loop
      vertex 15.7000 211.4000 0.0000
      vertex 12.7000 211.4000 3.0000
      vertex 15.7000 211.4000 3.0000
    endloop
  endfacet
  facet normal 0 1 0
    outer loop
      vertex 12.7000 211.4000 3.0000
      vertex 15.7000 211.4000 0.0000
      vertex 12.7000 211.4000 0.0000
    endloop
  endfacet
  facet normal -1 0 0
    outer loop
      vertex 21.7000 163.4000 0.0000
      vertex 21.7000 183.4000 3.0000
      vertex 21.7000 183.4000 0.0000
    endloop
  endfacet
  facet normal -1 -0 0
    outer loop
      vertex 21.7000 183.4000 3.0000
      vertex 21.7000 163.4000 0.0000
      vertex 21.7000 163.4000 3.0000
    endloop
  endfacet
  facet normal 1 -0 0
    outer loop
      vertex 18.7000 163.4000 3.0000
      vertex 18.7000 183.4000 0.0000
      vertex 18.7000 183.4000 3.0000
    endloop
  endfacet
  facet normal 1 0 0
    outer loop
      vertex 18.7000 183.4000 0.0000
      vertex 18.7000 163.4000 3.0000
      vertex 18.7000 163.4000 0.0000
    endloop
  endfacet
  facet normal 0 -1 0
    outer loop
      vertex 18.7000 183.4000 0.0000
      vertex 21.7000 183.4000 3.0000
      vertex 18.7000 183.4000 3.0000
    endloop
  endfacet
  facet normal 0 -1 -0
    outer loop
      vertex 21.7000 183.4000 3.0000
      vertex 18.7000 183.4000 0.0000
      vertex 21.7000 183.4000 0.0000
    endloop
  endfacet
  facet normal 0 1 -0
    outer loop
      vertex 21.7000 163.4000 0.0000
      vertex 18.7000 163.4000 3.0000
      vertex 21.7000 163.4000 3.0000
    endloop
  endfacet
  facet normal 0 1 0
    outer loop
      vertex 18.7000 163.4000 3.0000
      vertex 21.7000 163.4000 0.0000
      vertex 18.7000 163.4000 0.0000
    endloop
  endfacet
  facet normal -1 0 0
    outer loop
      vertex 21.7000 187.4000 0.0000
      vertex 21.7000 207.4000 3.0000
      vertex 21.7000 207.4000 0.0000
    endloop
  endfacet
  facet normal -1 -0 0
    outer loop
      vertex 21.7000 207.4000 3.0000
      vertex 21.7000 187.4000 0.0000
      vertex 21.7000 187.4000 3.0000
    endloop
  endfacet
  facet normal 1 -0 0
    outer loop
      vertex 18.7000 187.4000 3.0000
      vertex 18.7000 207.4000 0.0000
      vertex 18.7000 207.4000 3.0000
    endloop
  endfacet
  facet normal 1 0 0
    outer loop
      vertex 18.7000 207.4000 0.0000
      vertex 18.7000 187.4000 3.0000
      vertex 18.7000 187.4000 0.0000
    endloop
  endfacet
  facet normal 0 -1 0
    outer loop
      vertex 18.7000 207.4000 0.0000
      vertex 21.7000 207.4000 3.0000
      vertex 18.7000 207.4000 3.0000
    endloop
  endfacet
  facet normal 0 -1 -0
    outer loop
      vertex 21.7000 207.4000 3.0000
      vertex 18.7000 207.4000 0.0000
      vertex 21.7000 207.4000 0.0000
    endloop
  endfacet
  facet normal 0 1 -0
    outer loop
      vertex 21.7000 187.4000 0.0000
      vertex 18.7000 187.4000 3.0000
      vertex 21.7000 187.4000 3.0000
    endloop
  endfacet
  facet normal 0 1 0
    outer loop
      vertex 18.7000 187.4000 3.0000
      vertex 21.7000 187.4000 0.0000
      vertex 18.7000 187.4000 0.0000
    endloop
  endfacet
  facet normal -1 0 0
    outer loop
      vertex 21.7000 211.4000 0.0000
      vertex 21.7000 231.4000 3.0000
      vertex 21.7000 231.4000 0.0000
    endloop
  endfacet
  facet normal -1 -0 0
    outer loop
      vertex 21.7000 231.4000 3.0000
      vertex 21.7000 211.4000 0.0000
      vertex 21.7000 211.4000 3.0000
    endloop
  endfacet
  facet normal 1 -0 0
    outer loop
      vertex 18.7000 211.4000 3.0000
      vertex 18.7000 231.4000 0.0000
      vertex 18.7000 231.4000 3.0000
    endloop
  endfacet
  facet normal 1 0 0
    outer loop
      vertex 18.7000 231.4000 0.0000
      vertex 18.7000 211.4000 3.0000
      vertex 18.7000 211.4000 0.0000
    endloop
  endfacet
  facet normal 0 -1 0
    outer loop
      vertex 18.7000 231.4000 0.0000
      vertex 21.7000 231.4000 3.0000
      vertex 18.7000 231.4000 3.0000
    endloop
  endfacet
  facet normal 0 -1 -0
    outer loop
      vertex 21.7000 231.4000 3.0000
      vertex 18.7000 231.4000 0.0000
      vertex 21.7000 231.4000 0.0000
    endloop
  endfacet
  facet normal 0 1 -0
    outer loop
      vertex 21.7000 211.4000 0.0000
      vertex 18.7000 211.4000 3.0000
      vertex 21.7000 211.4000 3.0000
    endloop
  endfacet
  facet normal 0 1 0
    outer loop
      vertex 18.7000 211.4000 3.0000
      vertex 21.7000 211.4000 0.0000
      vertex 18.7000 211.4000 0.0000
    endloop
  endfacet
  facet normal -1 0 0
    outer loop
      vertex 27.7000 163.4000 0.0000
      vertex 27.7000 183.4000 3.0000
      vertex 27.7000 183.4000 0.0000
    endloop
  endfacet
  facet normal -1 -0 0
    outer loop
      vertex 27.7000 183.4000 3.0000
      vertex 27.7000 163.4000 0.0000
      vertex 27.7000 163.4000 3.0000
    endloop
  endfacet
  facet normal 1 -0 0
    outer loop
      vertex 24.7000 163.4000 3.0000
      vertex 24.7000 183.4000 0.0000
      vertex 24.7000 183.4000 3.0000
    endloop
  endfacet
  facet normal 1 0 0
    outer loop
      vertex 24.7000 183.4000 0.0000
      vertex 24.7000 163.4000 3.0000
      vertex 24.7000 163.4000 0.0000
    endloop
  endfacet
  facet normal 0 -1 0
    outer loop
      vertex 24.7000 183.4000 0.0000
      vertex 27.7000 183.4000 3.0000
      vertex 24.7000 183.4000 3.0000
    endloop
  endfacet
  facet normal 0 -1 -0
    outer loop
      vertex 27.7000 183.4000 3.0000
      vertex 24.7000 183.4000 0.0000
      vertex 27.7000 183.4000 0.0000
    endloop
  endfacet
  facet normal 0 1 -0
    outer loop
      vertex 27.7000 163.4000 0.0000
      vertex 24.7000 163.4000 3.0000
      vertex 27.7000 163.4000 3.0000
    endloop
  endfacet
  facet normal 0 1 0
    outer loop
      vertex 24.7000 163.4000 3.0000
      vertex 27.7000 163.4000 0.0000
      vertex 24.7000 163.4000 0.0000
    endloop
  endfacet
  facet normal -1 0 0
    outer loop
      vertex 27.7000 187.4000 0.0000
      vertex 27.7000 207.4000 3.0000
      vertex 27.7000 207.4000 0.0000
    endloop
  endfacet
  facet normal -1 -0 0
    outer loop
      vertex 27.7000 207.4000 3.0000
      vertex 27.7000 187.4000 0.0000
      vertex 27.7000 187.4000 3.0000
    endloop
  endfacet
  facet normal 1 -0 0
    outer loop
      vertex 24.7000 187.4000 3.0000
      vertex 24.7000 207.4000 0.0000
      vertex 24.7000 207.4000 3.0000
    endloop
  endfacet
  facet normal 1 0 0
    outer loop
      vertex 24.7000 207.4000 0.0000
      vertex 24.7000 187.4000 3.0000
      vertex 24.7000 187.4000 0.0000
    endloop
  endfacet
  facet normal 0 -1 0
    outer loop
      vertex 24.7000 207.4000 0.0000
      vertex 27.7000 207.4000 3.0000
      vertex 24.7000 207.4000 3.0000
    endloop
  endfacet
  facet normal 0 -1 -0
    outer loop
      vertex 27.7000 207.4000 3.0000
      vertex 24.7000 207.4000 0.0000
      vertex 27.7000 207.4000 0.0000
    endloop
  endfacet
  facet normal 0 1 -0
    outer loop
      vertex 27.7000 187.4000 0.0000
      vertex 24.7000 187.4000 3.0000
      vertex 27.7000 187.4000 3.0000
    endloop
  endfacet
  facet normal 0 1 0
    outer loop
      vertex 24.7000 187.4000 3.0000
      vertex 27.7000 187.4000 0.0000
      vertex 24.7000 187.4000 0.0000
    endloop
  endfacet
  facet normal -1 0 0
    outer loop
      vertex 27.7000 211.4000 0.0000
      vertex 27.7000 231.4000 3.0000
      vertex 27.7000 231.4000 0.0000
    endloop
  endfacet
  facet normal -1 -0 0
    outer loop
      vertex 27.7000 231.4000 3.0000
      vertex 27.7000 211.4000 0.0000
      vertex 27.7000 211.4000 3.0000
    endloop
  endfacet
  facet normal 1 -0 0
    outer loop
      vertex 24.7000 211.4000 3.0000
      vertex 24.7000 231.4000 0.0000
      vertex 24.7000 231.4000 3.0000
    endloop
  endfacet
  facet normal 1 0 0
    outer loop
      vertex 24.7000 231.4000 0.0000
      vertex 24.7000 211.4000 3.0000
      vertex 24.7000 211.4000 0.0000
    endloop
  endfacet
  facet normal 0 -1 0
    outer loop
      vertex 24.7000 231.4000 0.0000
      vertex 27.7000 231.4000 3.0000
      vertex 24.7000 231.4000 3.0000
    endloop
  endfacet
  facet normal 0 -1 -0
    outer loop
      vertex 27.7000 231.4000 3.0000
      vertex 24.7000 231.4000 0.0000
      vertex 27.7000 231.4000 0.0000
    endloop
  endfacet
  facet normal 0 1 -0
    outer loop
      vertex 27.7000 211.4000 0.0000
      vertex 24.7000 211.4000 3.0000
      vertex 27.7000 211.4000 3.0000
    endloop
  endfacet
  facet normal 0 1 0
    outer loop
      vertex 24.7000 211.4000 3.0000
      vertex 27.7000 211.4000 0.0000
      vertex 24.7000 211.4000 0.0000
    endloop
  endfacet
  facet normal -1 0 0
    outer loop
      vertex 33.7000 163.4000 0.0000
      vertex 33.7000 183.4000 3.0000
      vertex 33.7000 183.4000 0.0000
    endloop
  endfacet
  facet normal -1 -0 0
    outer loop
      vertex 33.7000 183.4000 3.0000
      vertex 33.7000 163.4000 0.0000
      vertex 33.7000 163.4000 3.0000
    endloop
  endfacet
  facet normal 1 -0 0
    outer loop
      vertex 30.7000 163.4000 3.0000
      vertex 30.7000 183.4000 0.0000
      vertex 30.7000 183.4000 3.0000
    endloop
  endfacet
  facet normal 1 0 0
    outer loop
      vertex 30.7000 183.4000 0.0000
      vertex 30.7000 163.4000 3.0000
      vertex 30.7000 163.4000 0.0000
    endloop
  endfacet
  facet normal 0 -1 0
    outer loop
      vertex 30.7000 183.4000 0.0000
      vertex 33.7000 183.4000 3.0000
      vertex 30.7000 183.4000 3.0000
    endloop
  endfacet
  facet normal 0 -1 -0
    outer loop
      vertex 33.7000 183.4000 3.0000
      vertex 30.7000 183.4000 0.0000
      vertex 33.7000 183.4000 0.0000
    endloop
  endfacet
  facet normal 0 1 -0
    outer loop
      vertex 33.7000 163.4000 0.0000
      vertex 30.7000 163.4000 3.0000
      vertex 33.7000 163.4000 3.0000
    endloop
  endfacet
  facet normal 0 1 0
    outer loop
      vertex 30.7000 163.4000 3.0000
      vertex 33.7000 163.4000 0.0000
      vertex 30.7000 163.4000 0.0000
    endloop
  endfacet
  facet normal -1 0 0
    outer loop
      vertex 33.7000 187.4000 0.0000
      vertex 33.7000 207.4000 3.0000
      vertex 33.7000 207.4000 0.0000
    endloop
  endfacet
  facet normal -1 -0 0
    outer loop
      vertex 33.7000 207.4000 3.0000
      vertex 33.7000 187.4000 0.0000
      vertex 33.7000 187.4000 3.0000
    endloop
  endfacet
  facet normal 1 -0 0
    outer loop
      vertex 30.7000 187.4000 3.0000
      vertex 30.7000 207.4000 0.0000
      vertex 30.7000 207.4000 3.0000
    endloop
  endfacet
  facet normal 1 0 0
    outer loop
      vertex 30.7000 207.4000 0.0000
      vertex 30.7000 187.4000 3.0000
      vertex 30.7000 187.4000 0.0000
    endloop
  endfacet
  facet normal 0 -1 0
    outer loop
      vertex 30.7000 207.4000 0.0000
      vertex 33.7000 207.4000 3.0000
      vertex 30.7000 207.4000 3.0000
    endloop
  endfacet
  facet normal 0 -1 -0
    outer loop
      vertex 33.7000 207.4000 3.0000
      vertex 30.7000 207.4000 0.0000
      vertex 33.7000 207.4000 0.0000
    endloop
  endfacet
  facet normal 0 1 -0
    outer loop
      vertex 33.7000 187.4000 0.0000
      vertex 30.7000 187.4000 3.0000
      vertex 33.7000 187.4000 3.0000
    endloop
  endfacet
  facet normal 0 1 0
    outer loop
      vertex 30.7000 187.4000 3.0000
      vertex 33.7000 187.4000 0.0000
      vertex 30.7000 187.4000 0.0000
    endloop
  endfacet
  facet normal -1 0 0
    outer loop
      vertex 33.7000 211.4000 0.0000
      vertex 33.7000 231.4000 3.0000
      vertex 33.7000 231.4000 0.0000
    endloop
  endfacet
  facet normal -1 -0 0
    outer loop
      vertex 33.7000 231.4000 3.0000
      vertex 33.7000 211.4000 0.0000
      vertex 33.7000 211.4000 3.0000
    endloop
  endfacet
  facet normal 1 -0 0
    outer loop
      vertex 30.7000 211.4000 3.0000
      vertex 30.7000 231.4000 0.0000
      vertex 30.7000 231.4000 3.0000
    endloop
  endfacet
  facet normal 1 0 0
    outer loop
      vertex 30.7000 231.4000 0.0000
      vertex 30.7000 211.4000 3.0000
      vertex 30.7000 211.4000 0.0000
    endloop
  endfacet
  facet normal 0 -1 0
    outer loop
      vertex 30.7000 231.4000 0.0000
      vertex 33.7000 231.4000 3.0000
      vertex 30.7000 231.4000 3.0000
    endloop
  endfacet
  facet normal 0 -1 -0
    outer loop
      vertex 33.7000 231.4000 3.0000
      vertex 30.7000 231.4000 0.0000
      vertex 33.7000 231.4000 0.0000
    endloop
  endfacet
  facet normal 0 1 -0
    outer loop
      vertex 33.7000 211.4000 0.0000
      vertex 30.7000 211.4000 3.0000
      vertex 33.7000 211.4000 3.0000
    endloop
  endfacet
  facet normal 0 1 0
    outer loop
      vertex 30.7000 211.4000 3.0000
      vertex 33.7000 211.4000 0.0000
      vertex 30.7000 211.4000 0.0000
    endloop
  endfacet
  facet normal -1 0 0
    outer loop
      vertex 39.7000 163.4000 0.0000
      vertex 39.7000 183.4000 3.0000
      vertex 39.7000 183.4000 0.0000
    endloop
  endfacet
  facet normal -1 -0 0
    outer loop
      vertex 39.7000 183.4000 3.0000
      vertex 39.7000 163.4000 0.0000
      vertex 39.7000 163.4000 3.0000
    endloop
  endfacet
  facet normal 1 -0 0
    outer loop
      vertex 36.7000 163.4000 3.0000
      vertex 36.7000 183.4000 0.0000
      vertex 36.7000 183.4000 3.0000
    endloop
  endfacet
  facet normal 1 0 0
    outer loop
      vertex 36.7000 183.4000 0.0000
      vertex 36.7000 163.4000 3.0000
      vertex 36.7000 163.4000 0.0000
    endloop
  endfacet
  facet normal 0 -1 0
    outer loop
      vertex 36.7000 183.4000 0.0000
      vertex 39.7000 183.4000 3.0000
      vertex 36.7000 183.4000 3.0000
    endloop
  endfacet
  facet normal 0 -1 -0
    outer loop
      vertex 39.7000 183.4000 3.0000
      vertex 36.7000 183.4000 0.0000
      vertex 39.7000 183.4000 0.0000
    endloop
  endfacet
  facet normal 0 1 -0
    outer loop
      vertex 39.7000 163.4000 0.0000
      vertex 36.7000 163.4000 3.0000
      vertex 39.7000 163.4000 3.0000
    endloop
  endfacet
  facet normal 0 1 0
    outer loop
      vertex 36.7000 163.4000 3.0000
      vertex 39.7000 163.4000 0.0000
      vertex 36.7000 163.4000 0.0000
    endloop
  endfacet
  facet normal -1 0 0
    outer loop
      vertex 39.7000 187.4000 0.0000
      vertex 39.7000 207.4000 3.0000
      vertex 39.7000 207.4000 0.0000
    endloop
  endfacet
  facet normal -1 -0 0
    outer loop
      vertex 39.7000 207.4000 3.0000
      vertex 39.7000 187.4000 0.0000
      vertex 39.7000 187.4000 3.0000
    endloop
  endfacet
  facet normal 1 -0 0
    outer loop
      vertex 36.7000 187.4000 3.0000
      vertex 36.7000 207.4000 0.0000
      vertex 36.7000 207.4000 3.0000
    endloop
  endfacet
  facet normal 1 0 0
    outer loop
      vertex 36.7000 207.4000 0.0000
      vertex 36.7000 187.4000 3.0000
      vertex 36.7000 187.4000 0.0000
    endloop
  endfacet
  facet normal 0 -1 0
    outer loop
      vertex 36.7000 207.4000 0.0000
      vertex 39.7000 207.4000 3.0000
      vertex 36.7000 207.4000 3.0000
    endloop
  endfacet
  facet normal 0 -1 -0
    outer loop
      vertex 39.7000 207.4000 3.0000
      vertex 36.7000 207.4000 0.0000
      vertex 39.7000 207.4000 0.0000
    endloop
  endfacet
  facet normal 0 1 -0
    outer loop
      vertex 39.7000 187.4000 0.0000
      vertex 36.7000 187.4000 3.0000
      vertex 39.7000 187.4000 3.0000
    endloop
  endfacet
  facet normal 0 1 0
    outer loop
      vertex 36.7000 187.4000 3.0000
      vertex 39.7000 187.4000 0.0000
      vertex 36.7000 187.4000 0.0000
    endloop
  endfacet
  facet normal -1 0 0
    outer loop
      vertex 39.7000 211.4000 0.0000
      vertex 39.7000 231.4000 3.0000
      vertex 39.7000 231.4000 0.0000
    endloop
  endfacet
  facet normal -1 -0 0
    outer loop
      vertex 39.7000 231.4000 3.0000
      vertex 39.7000 211.4000 0.0000
      vertex 39.7000 211.4000 3.0000
    endloop
  endfacet
  facet normal 1 -0 0
    outer loop
      vertex 36.7000 211.4000 3.0000
      vertex 36.7000 231.4000 0.0000
      vertex 36.7000 231.4000 3.0000
    endloop
  endfacet
  facet normal 1 0 0
    outer loop
      vertex 36.7000 231.4000 0.0000
      vertex 36.7000 211.4000 3.0000
      vertex 36.7000 211.4000 0.0000
    endloop
  endfacet
  facet normal 0 -1 0
    outer loop
      vertex 36.7000 231.4000 0.0000
      vertex 39.7000 231.4000 3.0000
      vertex 36.7000 231.4000 3.0000
    endloop
  endfacet
  facet normal 0 -1 -0
    outer loop
      vertex 39.7000 231.4000 3.0000
      vertex 36.7000 231.4000 0.0000
      vertex 39.7000 231.4000 0.0000
    endloop
  endfacet
  facet normal 0 1 -0
    outer loop
      vertex 39.7000 211.4000 0.0000
      vertex 36.7000 211.4000 3.0000
      vertex 39.7000 211.4000 3.0000
    endloop
  endfacet
  facet normal 0 1 0
    outer loop
      vertex 36.7000 211.4000 3.0000
      vertex 39.7000 211.4000 0.0000
      vertex 36.7000 211.4000 0.0000
    endloop
  endfacet
  facet normal -1 0 0
    outer loop
      vertex 45.7000 163.4000 0.0000
      vertex 45.7000 183.4000 3.0000
      vertex 45.7000 183.4000 0.0000
    endloop
  endfacet
  facet normal -1 -0 0
    outer loop
      vertex 45.7000 183.4000 3.0000
      vertex 45.7000 163.4000 0.0000
      vertex 45.7000 163.4000 3.0000
    endloop
  endfacet
  facet normal 1 -0 0
    outer loop
      vertex 42.7000 163.4000 3.0000
      vertex 42.7000 183.4000 0.0000
      vertex 42.7000 183.4000 3.0000
    endloop
  endfacet
  facet normal 1 0 0
    outer loop
      vertex 42.7000 183.4000 0.0000
      vertex 42.7000 163.4000 3.0000
      vertex 42.7000 163.4000 0.0000
    endloop
  endfacet
  facet normal 0 -1 0
    outer loop
      vertex 42.7000 183.4000 0.0000
      vertex 45.7000 183.4000 3.0000
      vertex 42.7000 183.4000 3.0000
    endloop
  endfacet
  facet normal 0 -1 -0
    outer loop
      vertex 45.7000 183.4000 3.0000
      vertex 42.7000 183.4000 0.0000
      vertex 45.7000 183.4000 0.0000
    endloop
  endfacet
  facet normal 0 1 -0
    outer loop
      vertex 45.7000 163.4000 0.0000
      vertex 42.7000 163.4000 3.0000
      vertex 45.7000 163.4000 3.0000
    endloop
  endfacet
  facet normal 0 1 0
    outer loop
      vertex 42.7000 163.4000 3.0000
      vertex 45.7000 163.4000 0.0000
      vertex 42.7000 163.4000 0.0000
    endloop
  endfacet
  facet normal -1 0 0
    outer loop
      vertex 45.7000 187.4000 0.0000
      vertex 45.7000 207.4000 3.0000
      vertex 45.7000 207.4000 0.0000
    endloop
  endfacet
  facet normal -1 -0 0
    outer loop
      vertex 45.7000 207.4000 3.0000
      vertex 45.7000 187.4000 0.0000
      vertex 45.7000 187.4000 3.0000
    endloop
  endfacet
  facet normal 1 -0 0
    outer loop
      vertex 42.7000 187.4000 3.0000
      vertex 42.7000 207.4000 0.0000
      vertex 42.7000 207.4000 3.0000
    endloop
  endfacet
  facet normal 1 0 0
    outer loop
      vertex 42.7000 207.4000 0.0000
      vertex 42.7000 187.4000 3.0000
      vertex 42.7000 187.4000 0.0000
    endloop
  endfacet
  facet normal 0 -1 0
    outer loop
      vertex 42.7000 207.4000 0.0000
      vertex 45.7000 207.4000 3.0000
      vertex 42.7000 207.4000 3.0000
    endloop
  endfacet
  facet normal 0 -1 -0
    outer loop
      vertex 45.7000 207.4000 3.0000
      vertex 42.7000 207.4000 0.0000
      vertex 45.7000 207.4000 0.0000
    endloop
  endfacet
  facet normal 0 1 -0
    outer loop
      vertex 45.7000 187.4000 0.0000
      vertex 42.7000 187.4000 3.0000
      vertex 45.7000 187.4000 3.0000
    endloop
  endfacet
  facet normal 0 1 0
    outer loop
      vertex 42.7000 187.4000 3.0000
      vertex 45.7000 187.4000 0.0000
      vertex 42.7000 187.4000 0.0000
    endloop
  endfacet
  facet normal -1 0 0
    outer loop
      vertex 45.7000 211.4000 0.0000
      vertex 45.7000 231.4000 3.0000
      vertex 45.7000 231.4000 0.0000
    endloop
  endfacet
  facet normal -1 -0 0
    outer loop
      vertex 45.7000 231.4000 3.0000
      vertex 45.7000 211.4000 0.0000
      vertex 45.7000 211.4000 3.0000
    endloop
  endfacet
  facet normal 1 -0 0
    outer loop
      vertex 42.7000 211.4000 3.0000
      vertex 42.7000 231.4000 0.0000
      vertex 42.7000 231.4000 3.0000
    endloop
  endfacet
  facet normal 1 0 0
    outer loop
      vertex 42.7000 231.4000 0.0000
      vertex 42.7000 211.4000 3.0000
      vertex 42.7000 211.4000 0.0000
    endloop
  endfacet
  facet normal 0 -1 0
    outer loop
      vertex 42.7000 231.4000 0.0000
      vertex 45.7000 231.4000 3.0000
      vertex 42.7000 231.4000 3.0000
    endloop
  endfacet
  facet normal 0 -1 -0
    outer loop
      vertex 45.7000 231.4000 3.0000
      vertex 42.7000 231.4000 0.0000
      vertex 45.7000 231.4000 0.0000
    endloop
  endfacet
  facet normal 0 1 -0
    outer loop
      vertex 45.7000 211.4000 0.0000
      vertex 42.7000 211.4000 3.0000
      vertex 45.7000 211.4000 3.0000
    endloop
  endfacet
  facet normal 0 1 0
    outer loop
      vertex 42.7000 211.4000 3.0000
      vertex 45.7000 211.4000 0.0000
      vertex 42.7000 211.4000 0.0000
    endloop
  endfacet
  facet normal -1 0 0
    outer loop
      vertex 51.7000 163.4000 0.0000
      vertex 51.7000 183.4000 3.0000
      vertex 51.7000 183.4000 0.0000
    endloop
  endfacet
  facet normal -1 -0 0
    outer loop
      vertex 51.7000 183.4000 3.0000
      vertex 51.7000 163.4000 0.0000
      vertex 51.7000 163.4000 3.0000
    endloop
  endfacet
  facet normal 1 -0 0
    outer loop
      vertex 48.7000 163.4000 3.0000
      vertex 48.7000 183.4000 0.0000
      vertex 48.7000 183.4000 3.0000
    endloop
  endfacet
  facet normal 1 0 0
    outer loop
      vertex 48.7000 183.4000 0.0000
      vertex 48.7000 163.4000 3.0000
      vertex 48.7000 163.4000 0.0000
    endloop
  endfacet
  facet normal 0 -1 0
    outer loop
      vertex 48.7000 183.4000 0.0000
      vertex 51.7000 183.4000 3.0000
      vertex 48.7000 183.4000 3.0000
    endloop
  endfacet
  facet normal 0 -1 -0
    outer loop
      vertex 51.7000 183.4000 3.0000
      vertex 48.7000 183.4000 0.0000
      vertex 51.7000 183.4000 0.0000
    endloop
  endfacet
  facet normal 0 1 -0
    outer loop
      vertex 51.7000 163.4000 0.0000
      vertex 48.7000 163.4000 3.0000
      vertex 51.7000 163.4000 3.0000
    endloop
  endfacet
  facet normal 0 1 0
    outer loop
      vertex 48.7000 163.4000 3.0000
      vertex 51.7000 163.4000 0.0000
      vertex 48.7000 163.4000 0.0000
    endloop
  endfacet
  facet normal -1 0 0
    outer loop
      vertex 51.7000 187.4000 0.0000
      vertex 51.7000 207.4000 3.0000
      vertex 51.7000 207.4000 0.0000
    endloop
  endfacet
  facet normal -1 -0 0
    outer loop
      vertex 51.7000 207.4000 3.0000
      vertex 51.7000 187.4000 0.0000
      vertex 51.7000 187.4000 3.0000
    endloop
  endfacet
  facet normal 1 -0 0
    outer loop
      vertex 48.7000 187.4000 3.0000
      vertex 48.7000 207.4000 0.0000
      vertex 48.7000 207.4000 3.0000
    endloop
  endfacet
  facet normal 1 0 0
    outer loop
      vertex 48.7000 207.4000 0.0000
      vertex 48.7000 187.4000 3.0000
      vertex 48.7000 187.4000 0.0000
    endloop
  endfacet
  facet normal 0 -1 0
    outer loop
      vertex 48.7000 207.4000 0.0000
      vertex 51.7000 207.4000 3.0000
      vertex 48.7000 207.4000 3.0000
    endloop
  endfacet
  facet normal 0 -1 -0
    outer loop
      vertex 51.7000 207.4000 3.0000
      vertex 48.7000 207.4000 0.0000
      vertex 51.7000 207.4000 0.0000
    endloop
  endfacet
  facet normal 0 1 -0
    outer loop
      vertex 51.7000 187.4000 0.0000
      vertex 48.7000 187.4000 3.0000
      vertex 51.7000 187.4000 3.0000
    endloop
  endfacet
  facet normal 0 1 0
    outer loop
      vertex 48.7000 187.4000 3.0000
      vertex 51.7000 187.4000 0.0000
      vertex 48.7000 187.4000 0.0000
    endloop
  endfacet
  facet normal -1 0 0
    outer loop
      vertex 51.7000 211.4000 0.0000
      vertex 51.7000 231.4000 3.0000
      vertex 51.7000 231.4000 0.0000
    endloop
  endfacet
  facet normal -1 -0 0
    outer loop
      vertex 51.7000 231.4000 3.0000
      vertex 51.7000 211.4000 0.0000
      vertex 51.7000 211.4000 3.0000
    endloop
  endfacet
  facet normal 1 -0 0
    outer loop
      vertex 48.7000 211.4000 3.0000
      vertex 48.7000 231.4000 0.0000
      vertex 48.7000 231.4000 3.0000
    endloop
  endfacet
  facet normal 1 0 0
    outer loop
      vertex 48.7000 231.4000 0.0000
      vertex 48.7000 211.4000 3.0000
      vertex 48.7000 211.4000 0.0000
    endloop
  endfacet
  facet normal 0 -1 0
    outer loop
      vertex 48.7000 231.4000 0.0000
      vertex 51.7000 231.4000 3.0000
      vertex 48.7000 231.4000 3.0000
    endloop
  endfacet
  facet normal 0 -1 -0
    outer loop
      vertex 51.7000 231.4000 3.0000
      vertex 48.7000 231.4000 0.0000
      vertex 51.7000 231.4000 0.0000
    endloop
  endfacet
  facet normal 0 1 -0
    outer loop
      vertex 51.7000 211.4000 0.0000
      vertex 48.7000 211.4000 3.0000
      vertex 51.7000 211.4000 3.0000
    endloop
  endfacet
  facet normal 0 1 0
    outer loop
      vertex 48.7000 211.4000 3.0000
      vertex 51.7000 211.4000 0.0000
      vertex 48.7000 211.4000 0.0000
    endloop
  endfacet
  facet normal -1 0 0
    outer loop
      vertex 57.7000 163.4000 0.0000
      vertex 57.7000 183.4000 3.0000
      vertex 57.7000 183.4000 0.0000
    endloop
  endfacet
  facet normal -1 -0 0
    outer loop
      vertex 57.7000 183.4000 3.0000
      vertex 57.7000 163.4000 0.0000
      vertex 57.7000 163.4000 3.0000
    endloop
  endfacet
  facet normal 1 -0 0
    outer loop
      vertex 54.7000 163.4000 3.0000
      vertex 54.7000 183.4000 0.0000
      vertex 54.7000 183.4000 3.0000
    endloop
  endfacet
  facet normal 1 0 0
    outer loop
      vertex 54.7000 183.4000 0.0000
      vertex 54.7000 163.4000 3.0000
      vertex 54.7000 163.4000 0.0000
    endloop
  endfacet
  facet normal 0 -1 0
    outer loop
      vertex 54.7000 183.4000 0.0000
      vertex 57.7000 183.4000 3.0000
      vertex 54.7000 183.4000 3.0000
    endloop
  endfacet
  facet normal 0 -1 -0
    outer loop
      vertex 57.7000 183.4000 3.0000
      vertex 54.7000 183.4000 0.0000
      vertex 57.7000 183.4000 0.0000
    endloop
  endfacet
  facet normal 0 1 -0
    outer loop
      vertex 57.7000 163.4000 0.0000
      vertex 54.7000 163.4000 3.0000
      vertex 57.7000 163.4000 3.0000
    endloop
  endfacet
  facet normal 0 1 0
    outer loop
      vertex 54.7000 163.4000 3.0000
      vertex 57.7000 163.4000 0.0000
      vertex 54.7000 163.4000 0.0000
    endloop
  endfacet
  facet normal -1 0 0
    outer loop
      vertex 57.7000 187.4000 0.0000
      vertex 57.7000 207.4000 3.0000
      vertex 57.7000 207.4000 0.0000
    endloop
  endfacet
  facet normal -1 -0 0
    outer loop
      vertex 57.7000 207.4000 3.0000
      vertex 57.7000 187.4000 0.0000
      vertex 57.7000 187.4000 3.0000
    endloop
  endfacet
  facet normal 1 -0 0
    outer loop
      vertex 54.7000 187.4000 3.0000
      vertex 54.7000 207.4000 0.0000
      vertex 54.7000 207.4000 3.0000
    endloop
  endfacet
  facet normal 1 0 0
    outer loop
      vertex 54.7000 207.4000 0.0000
      vertex 54.7000 187.4000 3.0000
      vertex 54.7000 187.4000 0.0000
    endloop
  endfacet
  facet normal 0 -1 0
    outer loop
      vertex 54.7000 207.4000 0.0000
      vertex 57.7000 207.4000 3.0000
      vertex 54.7000 207.4000 3.0000
    endloop
  endfacet
  facet normal 0 -1 -0
    outer loop
      vertex 57.7000 207.4000 3.0000
      vertex 54.7000 207.4000 0.0000
      vertex 57.7000 207.4000 0.0000
    endloop
  endfacet
  facet normal 0 1 -0
    outer loop
      vertex 57.7000 187.4000 0.0000
      vertex 54.7000 187.4000 3.0000
      vertex 57.7000 187.4000 3.0000
    endloop
  endfacet
  facet normal 0 1 0
    outer loop
      vertex 54.7000 187.4000 3.0000
      vertex 57.7000 187.4000 0.0000
      vertex 54.7000 187.4000 0.0000
    endloop
  endfacet
  facet normal -1 0 0
    outer loop
      vertex 57.7000 211.4000 0.0000
      vertex 57.7000 231.4000 3.0000
      vertex 57.7000 231.4000 0.0000
    endloop
  endfacet
  facet normal -1 -0 0
    outer loop
      vertex 57.7000 231.4000 3.0000
      vertex 57.7000 211.4000 0.0000
      vertex 57.7000 211.4000 3.0000
    endloop
  endfacet
  facet normal 1 -0 0
    outer loop
      vertex 54.7000 211.4000 3.0000
      vertex 54.7000 231.4000 0.0000
      vertex 54.7000 231.4000 3.0000
    endloop
  endfacet
  facet normal 1 0 0
    outer loop
      vertex 54.7000 231.4000 0.0000
      vertex 54.7000 211.4000 3.0000
      vertex 54.7000 211.4000 0.0000
    endloop
  endfacet
  facet normal 0 -1 0
    outer loop
      vertex 54.7000 231.4000 0.0000
      vertex 57.7000 231.4000 3.0000
      vertex 54.7000 231.4000 3.0000
    endloop
  endfacet
  facet normal 0 -1 -0
    outer loop
      vertex 57.7000 231.4000 3.0000
      vertex 54.7000 231.4000 0.0000
      vertex 57.7000 231.4000 0.0000
    endloop
  endfacet
  facet normal 0 1 -0
    outer loop
      vertex 57.7000 211.4000 0.0000
      vertex 54.7000 211.4000 3.0000
      vertex 57.7000 211.4000 3.0000
    endloop
  endfacet
  facet normal 0 1 0
    outer loop
      vertex 54.7000 211.4000 3.0000
      vertex 57.7000 211.4000 0.0000
      vertex 54.7000 211.4000 0.0000
    endloop
  endfacet
  facet normal -1 0 0
    outer loop
      vertex 63.7000 163.4000 0.0000
      vertex 63.7000 183.4000 3.0000
      vertex 63.7000 183.4000 0.0000
    endloop
  endfacet
  facet normal -1 -0 0
    outer loop
      vertex 63.7000 183.4000 3.0000
      vertex 63.7000 163.4000 0.0000
      vertex 63.7000 163.4000 3.0000
    endloop
  endfacet
  facet normal 1 -0 0
    outer loop
      vertex 60.7000 163.4000 3.0000
      vertex 60.7000 183.4000 0.0000
      vertex 60.7000 183.4000 3.0000
    endloop
  endfacet
  facet normal 1 0 0
    outer loop
      vertex 60.7000 183.4000 0.0000
      vertex 60.7000 163.4000 3.0000
      vertex 60.7000 163.4000 0.0000
    endloop
  endfacet
  facet normal 0 -1 0
    outer loop
      vertex 60.7000 183.4000 0.0000
      vertex 63.7000 183.4000 3.0000
      vertex 60.7000 183.4000 3.0000
    endloop
  endfacet
  facet normal 0 -1 -0
    outer loop
      vertex 63.7000 183.4000 3.0000
      vertex 60.7000 183.4000 0.0000
      vertex 63.7000 183.4000 0.0000
    endloop
  endfacet
  facet normal 0 1 -0
    outer loop
      vertex 63.7000 163.4000 0.0000
      vertex 60.7000 163.4000 3.0000
      vertex 63.7000 163.4000 3.0000
    endloop
  endfacet
  facet normal 0 1 0
    outer loop
      vertex 60.7000 163.4000 3.0000
      vertex 63.7000 163.4000 0.0000
      vertex 60.7000 163.4000 0.0000
    endloop
  endfacet
  facet normal -1 0 0
    outer loop
      vertex 63.7000 187.4000 0.0000
      vertex 63.7000 207.4000 3.0000
      vertex 63.7000 207.4000 0.0000
    endloop
  endfacet
  facet normal -1 -0 0
    outer loop
      vertex 63.7000 207.4000 3.0000
      vertex 63.7000 187.4000 0.0000
      vertex 63.7000 187.4000 3.0000
    endloop
  endfacet
  facet normal 1 -0 0
    outer loop
      vertex 60.7000 187.4000 3.0000
      vertex 60.7000 207.4000 0.0000
      vertex 60.7000 207.4000 3.0000
    endloop
  endfacet
  facet normal 1 0 0
    outer loop
      vertex 60.7000 207.4000 0.0000
      vertex 60.7000 187.4000 3.0000
      vertex 60.7000 187.4000 0.0000
    endloop
  endfacet
  facet normal 0 -1 0
    outer loop
      vertex 60.7000 207.4000 0.0000
      vertex 63.7000 207.4000 3.0000
      vertex 60.7000 207.4000 3.0000
    endloop
  endfacet
  facet normal 0 -1 -0
    outer loop
      vertex 63.7000 207.4000 3.0000
      vertex 60.7000 207.4000 0.0000
      vertex 63.7000 207.4000 0.0000
    endloop
  endfacet
  facet normal 0 1 -0
    outer loop
      vertex 63.7000 187.4000 0.0000
      vertex 60.7000 187.4000 3.0000
      vertex 63.7000 187.4000 3.0000
    endloop
  endfacet
  facet normal 0 1 0
    outer loop
      vertex 60.7000 187.4000 3.0000
      vertex 63.7000 187.4000 0.0000
      vertex 60.7000 187.4000 0.0000
    endloop
  endfacet
  facet normal -1 0 0
    outer loop
      vertex 63.7000 211.4000 0.0000
      vertex 63.7000 231.4000 3.0000
      vertex 63.7000 231.4000 0.0000
    endloop
  endfacet
  facet normal -1 -0 0
    outer loop
      vertex 63.7000 231.4000 3.0000
      vertex 63.7000 211.4000 0.0000
      vertex 63.7000 211.4000 3.0000
    endloop
  endfacet
  facet normal 1 -0 0
    outer loop
      vertex 60.7000 211.4000 3.0000
      vertex 60.7000 231.4000 0.0000
      vertex 60.7000 231.4000 3.0000
    endloop
  endfacet
  facet normal 1 0 0
    outer loop
      vertex 60.7000 231.4000 0.0000
      vertex 60.7000 211.4000 3.0000
      vertex 60.7000 211.4000 0.0000
    endloop
  endfacet
  facet normal 0 -1 0
    outer loop
      vertex 60.7000 231.4000 0.0000
      vertex 63.7000 231.4000 3.0000
      vertex 60.7000 231.4000 3.0000
    endloop
  endfacet
  facet normal 0 -1 -0
    outer loop
      vertex 63.7000 231.4000 3.0000
      vertex 60.7000 231.4000 0.0000
      vertex 63.7000 231.4000 0.0000
    endloop
  endfacet
  facet normal 0 1 -0
    outer loop
      vertex 63.7000 211.4000 0.0000
      vertex 60.7000 211.4000 3.0000
      vertex 63.7000 211.4000 3.0000
    endloop
  endfacet
  facet normal 0 1 0
    outer loop
      vertex 60.7000 211.4000 3.0000
      vertex 63.7000 211.4000 0.0000
      vertex 60.7000 211.4000 0.0000
    endloop
  endfacet
  facet normal -1 0 0
    outer loop
      vertex 69.7000 163.4000 0.0000
      vertex 69.7000 183.4000 3.0000
      vertex 69.7000 183.4000 0.0000
    endloop
  endfacet
  facet normal -1 -0 0
    outer loop
      vertex 69.7000 183.4000 3.0000
      vertex 69.7000 163.4000 0.0000
      vertex 69.7000 163.4000 3.0000
    endloop
  endfacet
  facet normal 1 -0 0
    outer loop
      vertex 66.7000 163.4000 3.0000
      vertex 66.7000 183.4000 0.0000
      vertex 66.7000 183.4000 3.0000
    endloop
  endfacet
  facet normal 1 0 0
    outer loop
      vertex 66.7000 183.4000 0.0000
      vertex 66.7000 163.4000 3.0000
      vertex 66.7000 163.4000 0.0000
    endloop
  endfacet
  facet normal 0 -1 0
    outer loop
      vertex 66.7000 183.4000 0.0000
      vertex 69.7000 183.4000 3.0000
      vertex 66.7000 183.4000 3.0000
    endloop
  endfacet
  facet normal 0 -1 -0
    outer loop
      vertex 69.7000 183.4000 3.0000
      vertex 66.7000 183.4000 0.0000
      vertex 69.7000 183.4000 0.0000
    endloop
  endfacet
  facet normal 0 1 -0
    outer loop
      vertex 69.7000 163.4000 0.0000
      vertex 66.7000 163.4000 3.0000
      vertex 69.7000 163.4000 3.0000
    endloop
  endfacet
  facet normal 0 1 0
    outer loop
      vertex 66.7000 163.4000 3.0000
      vertex 69.7000 163.4000 0.0000
      vertex 66.7000 163.4000 0.0000
    endloop
  endfacet
  facet normal -1 0 0
    outer loop
      vertex 69.7000 187.4000 0.0000
      vertex 69.7000 207.4000 3.0000
      vertex 69.7000 207.4000 0.0000
    endloop
  endfacet
  facet normal -1 -0 0
    outer loop
      vertex 69.7000 207.4000 3.0000
      vertex 69.7000 187.4000 0.0000
      vertex 69.7000 187.4000 3.0000
    endloop
  endfacet
  facet normal 1 -0 0
    outer loop
      vertex 66.7000 187.4000 3.0000
      vertex 66.7000 207.4000 0.0000
      vertex 66.7000 207.4000 3.0000
    endloop
  endfacet
  facet normal 1 0 0
    outer loop
      vertex 66.7000 207.4000 0.0000
      vertex 66.7000 187.4000 3.0000
      vertex 66.7000 187.4000 0.0000
    endloop
  endfacet
  facet normal 0 -1 0
    outer loop
      vertex 66.7000 207.4000 0.0000
      vertex 69.7000 207.4000 3.0000
      vertex 66.7000 207.4000 3.0000
    endloop
  endfacet
  facet normal 0 -1 -0
    outer loop
      vertex 69.7000 207.4000 3.0000
      vertex 66.7000 207.4000 0.0000
      vertex 69.7000 207.4000 0.0000
    endloop
  endfacet
  facet normal 0 1 -0
    outer loop
      vertex 69.7000 187.4000 0.0000
      vertex 66.7000 187.4000 3.0000
      vertex 69.7000 187.4000 3.0000
    endloop
  endfacet
  facet normal 0 1 0
    outer loop
      vertex 66.7000 187.4000 3.0000
      vertex 69.7000 187.4000 0.0000
      vertex 66.7000 187.4000 0.0000
    endloop
  endfacet
  facet normal -1 0 0
    outer loop
      vertex 69.7000 211.4000 0.0000
      vertex 69.7000 231.4000 3.0000
      vertex 69.7000 231.4000 0.0000
    endloop
  endfacet
  facet normal -1 -0 0
    outer loop
      vertex 69.7000 231.4000 3.0000
      vertex 69.7000 211.4000 0.0000
      vertex 69.7000 211.4000 3.0000
    endloop
  endfacet
  facet normal 1 -0 0
    outer loop
      vertex 66.7000 211.4000 3.0000
      vertex 66.7000 231.4000 0.0000
      vertex 66.7000 231.4000 3.0000
    endloop
  endfacet
  facet normal 1 0 0
    outer loop
      vertex 66.7000 231.4000 0.0000
      vertex 66.7000 211.4000 3.0000
      vertex 66.7000 211.4000 0.0000
    endloop
  endfacet
  facet normal 0 -1 0
    outer loop
      vertex 66.7000 231.4000 0.0000
      vertex 69.7000 231.4000 3.0000
      vertex 66.7000 231.4000 3.0000
    endloop
  endfacet
  facet normal 0 -1 -0
    outer loop
      vertex 69.7000 231.4000 3.0000
      vertex 66.7000 231.4000 0.0000
      vertex 69.7000 231.4000 0.0000
    endloop
  endfacet
  facet normal 0 1 -0
    outer loop
      vertex 69.7000 211.4000 0.0000
      vertex 66.7000 211.4000 3.0000
      vertex 69.7000 211.4000 3.0000
    endloop
  endfacet
  facet normal 0 1 0
    outer loop
      vertex 66.7000 211.4000 3.0000
      vertex 69.7000 211.4000 0.0000
      vertex 66.7000 211.4000 0.0000
    endloop
  endfacet
  facet normal -1 0 0
    outer loop
      vertex 75.7000 163.4000 0.0000
      vertex 75.7000 183.4000 3.0000
      vertex 75.7000 183.4000 0.0000
    endloop
  endfacet
  facet normal -1 -0 0
    outer loop
      vertex 75.7000 183.4000 3.0000
      vertex 75.7000 163.4000 0.0000
      vertex 75.7000 163.4000 3.0000
    endloop
  endfacet
  facet normal 1 -0 0
    outer loop
      vertex 72.7000 163.4000 3.0000
      vertex 72.7000 183.4000 0.0000
      vertex 72.7000 183.4000 3.0000
    endloop
  endfacet
  facet normal 1 0 0
    outer loop
      vertex 72.7000 183.4000 0.0000
      vertex 72.7000 163.4000 3.0000
      vertex 72.7000 163.4000 0.0000
    endloop
  endfacet
  facet normal 0 -1 0
    outer loop
      vertex 72.7000 183.4000 0.0000
      vertex 75.7000 183.4000 3.0000
      vertex 72.7000 183.4000 3.0000
    endloop
  endfacet
  facet normal 0 -1 -0
    outer loop
      vertex 75.7000 183.4000 3.0000
      vertex 72.7000 183.4000 0.0000
      vertex 75.7000 183.4000 0.0000
    endloop
  endfacet
  facet normal 0 1 -0
    outer loop
      vertex 75.7000 163.4000 0.0000
      vertex 72.7000 163.4000 3.0000
      vertex 75.7000 163.4000 3.0000
    endloop
  endfacet
  facet normal 0 1 0
    outer loop
      vertex 72.7000 163.4000 3.0000
      vertex 75.7000 163.4000 0.0000
      vertex 72.7000 163.4000 0.0000
    endloop
  endfacet
  facet normal -1 0 0
    outer loop
      vertex 75.7000 187.4000 0.0000
      vertex 75.7000 207.4000 3.0000
      vertex 75.7000 207.4000 0.0000
    endloop
  endfacet
  facet normal -1 -0 0
    outer loop
      vertex 75.7000 207.4000 3.0000
      vertex 75.7000 187.4000 0.0000
      vertex 75.7000 187.4000 3.0000
    endloop
  endfacet
  facet normal 1 -0 0
    outer loop
      vertex 72.7000 187.4000 3.0000
      vertex 72.7000 207.4000 0.0000
      vertex 72.7000 207.4000 3.0000
    endloop
  endfacet
  facet normal 1 0 0
    outer loop
      vertex 72.7000 207.4000 0.0000
      vertex 72.7000 187.4000 3.0000
      vertex 72.7000 187.4000 0.0000
    endloop
  endfacet
  facet normal 0 -1 0
    outer loop
      vertex 72.7000 207.4000 0.0000
      vertex 75.7000 207.4000 3.0000
      vertex 72.7000 207.4000 3.0000
    endloop
  endfacet
  facet normal 0 -1 -0
    outer loop
      vertex 75.7000 207.4000 3.0000
      vertex 72.7000 207.4000 0.0000
      vertex 75.7000 207.4000 0.0000
    endloop
  endfacet
  facet normal 0 1 -0
    outer loop
      vertex 75.7000 187.4000 0.0000
      vertex 72.7000 187.4000 3.0000
      vertex 75.7000 187.4000 3.0000
    endloop
  endfacet
  facet normal 0 1 0
    outer loop
      vertex 72.7000 187.4000 3.0000
      vertex 75.7000 187.4000 0.0000
      vertex 72.7000 187.4000 0.0000
    endloop
  endfacet
  facet normal -1 0 0
    outer loop
      vertex 75.7000 211.4000 0.0000
      vertex 75.7000 231.4000 3.0000
      vertex 75.7000 231.4000 0.0000
    endloop
  endfacet
  facet normal -1 -0 0
    outer loop
      vertex 75.7000 231.4000 3.0000
      vertex 75.7000 211.4000 0.0000
      vertex 75.7000 211.4000 3.0000
    endloop
  endfacet
  facet normal 1 -0 0
    outer loop
      vertex 72.7000 211.4000 3.0000
      vertex 72.7000 231.4000 0.0000
      vertex 72.7000 231.4000 3.0000
    endloop
  endfacet
  facet normal 1 0 0
    outer loop
      vertex 72.7000 231.4000 0.0000
      vertex 72.7000 211.4000 3.0000
      vertex 72.7000 211.4000 0.0000
    endloop
  endfacet
  facet normal 0 -1 0
    outer loop
      vertex 72.7000 231.4000 0.0000
      vertex 75.7000 231.4000 3.0000
      vertex 72.7000 231.4000 3.0000
    endloop
  endfacet
  facet normal 0 -1 -0
    outer loop
      vertex 75.7000 231.4000 3.0000
      vertex 72.7000 231.4000 0.0000
      vertex 75.7000 231.4000 0.0000
    endloop
  endfacet
  facet normal 0 1 -0
    outer loop
      vertex 75.7000 211.4000 0.0000
      vertex 72.7000 211.4000 3.0000
      vertex 75.7000 211.4000 3.0000
    endloop
  endfacet
  facet normal 0 1 0
    outer loop
      vertex 72.7000 211.4000 3.0000
      vertex 75.7000 211.4000 0.0000
      vertex 72.7000 211.4000 0.0000
    endloop
  endfacet
  facet normal -1 0 0
    outer loop
      vertex 81.7000 163.4000 0.0000
      vertex 81.7000 183.4000 3.0000
      vertex 81.7000 183.4000 0.0000
    endloop
  endfacet
  facet normal -1 -0 0
    outer loop
      vertex 81.7000 183.4000 3.0000
      vertex 81.7000 163.4000 0.0000
      vertex 81.7000 163.4000 3.0000
    endloop
  endfacet
  facet normal 1 -0 0
    outer loop
      vertex 78.7000 163.4000 3.0000
      vertex 78.7000 183.4000 0.0000
      vertex 78.7000 183.4000 3.0000
    endloop
  endfacet
  facet normal 1 0 0
    outer loop
      vertex 78.7000 183.4000 0.0000
      vertex 78.7000 163.4000 3.0000
      vertex 78.7000 163.4000 0.0000
    endloop
  endfacet
  facet normal 0 -1 0
    outer loop
      vertex 78.7000 183.4000 0.0000
      vertex 81.7000 183.4000 3.0000
      vertex 78.7000 183.4000 3.0000
    endloop
  endfacet
  facet normal 0 -1 -0
    outer loop
      vertex 81.7000 183.4000 3.0000
      vertex 78.7000 183.4000 0.0000
      vertex 81.7000 183.4000 0.0000
    endloop
  endfacet
  facet normal 0 1 -0
    outer loop
      vertex 81.7000 163.4000 0.0000
      vertex 78.7000 163.4000 3.0000
      vertex 81.7000 163.4000 3.0000
    endloop
  endfacet
  facet normal 0 1 0
    outer loop
      vertex 78.7000 163.4000 3.0000
      vertex 81.7000 163.4000 0.0000
      vertex 78.7000 163.4000 0.0000
    endloop
  endfacet
  facet normal -1 0 0
    outer loop
      vertex 81.7000 187.4000 0.0000
      vertex 81.7000 207.4000 3.0000
      vertex 81.7000 207.4000 0.0000
    endloop
  endfacet
  facet normal -1 -0 0
    outer loop
      vertex 81.7000 207.4000 3.0000
      vertex 81.7000 187.4000 0.0000
      vertex 81.7000 187.4000 3.0000
    endloop
  endfacet
  facet normal 1 -0 0
    outer loop
      vertex 78.7000 187.4000 3.0000
      vertex 78.7000 207.4000 0.0000
      vertex 78.7000 207.4000 3.0000
    endloop
  endfacet
  facet normal 1 0 0
    outer loop
      vertex 78.7000 207.4000 0.0000
      vertex 78.7000 187.4000 3.0000
      vertex 78.7000 187.4000 0.0000
    endloop
  endfacet
  facet normal 0 -1 0
    outer loop
      vertex 78.7000 207.4000 0.0000
      vertex 81.7000 207.4000 3.0000
      vertex 78.7000 207.4000 3.0000
    endloop
  endfacet
  facet normal 0 -1 -0
    outer loop
      vertex 81.7000 207.4000 3.0000
      vertex 78.7000 207.4000 0.0000
      vertex 81.7000 207.4000 0.0000
    endloop
  endfacet
  facet normal 0 1 -0
    outer loop
      vertex 81.7000 187.4000 0.0000
      vertex 78.7000 187.4000 3.0000
      vertex 81.7000 187.4000 3.0000
    endloop
  endfacet
  facet normal 0 1 0
    outer loop
      vertex 78.7000 187.4000 3.0000
      vertex 81.7000 187.4000 0.0000
      vertex 78.7000 187.4000 0.0000
    endloop
  endfacet
  facet normal -1 0 0
    outer loop
      vertex 81.7000 211.4000 0.0000
      vertex 81.7000 231.4000 3.0000
      vertex 81.7000 231.4000 0.0000
    endloop
  endfacet
  facet normal -1 -0 0
    outer loop
      vertex 81.7000 231.4000 3.0000
      vertex 81.7000 211.4000 0.0000
      vertex 81.7000 211.4000 3.0000
    endloop
  endfacet
  facet normal 1 -0 0
    outer loop
      vertex 78.7000 211.4000 3.0000
      vertex 78.7000 231.4000 0.0000
      vertex 78.7000 231.4000 3.0000
    endloop
  endfacet
  facet normal 1 0 0
    outer loop
      vertex 78.7000 231.4000 0.0000
      vertex 78.7000 211.4000 3.0000
      vertex 78.7000 211.4000 0.0000
    endloop
  endfacet
  facet normal 0 -1 0
    outer loop
      vertex 78.7000 231.4000 0.0000
      vertex 81.7000 231.4000 3.0000
      vertex 78.7000 231.4000 3.0000
    endloop
  endfacet
  facet normal 0 -1 -0
    outer loop
      vertex 81.7000 231.4000 3.0000
      vertex 78.7000 231.4000 0.0000
      vertex 81.7000 231.4000 0.0000
    endloop
  endfacet
  facet normal 0 1 -0
    outer loop
      vertex 81.7000 211.4000 0.0000
      vertex 78.7000 211.4000 3.0000
      vertex 81.7000 211.4000 3.0000
    endloop
  endfacet
  facet normal 0 1 0
    outer loop
      vertex 78.7000 211.4000 3.0000
      vertex 81.7000 211.4000 0.0000
      vertex 78.7000 211.4000 0.0000
    endloop
  endfacet
  facet normal -1 0 0
    outer loop
      vertex 87.7000 163.4000 0.0000
      vertex 87.7000 183.4000 3.0000
      vertex 87.7000 183.4000 0.0000
    endloop
  endfacet
  facet normal -1 -0 0
    outer loop
      vertex 87.7000 183.4000 3.0000
      vertex 87.7000 163.4000 0.0000
      vertex 87.7000 163.4000 3.0000
    endloop
  endfacet
  facet normal 1 -0 0
    outer loop
      vertex 84.7000 163.4000 3.0000
      vertex 84.7000 183.4000 0.0000
      vertex 84.7000 183.4000 3.0000
    endloop
  endfacet
  facet normal 1 0 0
    outer loop
      vertex 84.7000 183.4000 0.0000
      vertex 84.7000 163.4000 3.0000
      vertex 84.7000 163.4000 0.0000
    endloop
  endfacet
  facet normal 0 -1 0
    outer loop
      vertex 84.7000 183.4000 0.0000
      vertex 87.7000 183.4000 3.0000
      vertex 84.7000 183.4000 3.0000
    endloop
  endfacet
  facet normal 0 -1 -0
    outer loop
      vertex 87.7000 183.4000 3.0000
      vertex 84.7000 183.4000 0.0000
      vertex 87.7000 183.4000 0.0000
    endloop
  endfacet
  facet normal 0 1 -0
    outer loop
      vertex 87.7000 163.4000 0.0000
      vertex 84.7000 163.4000 3.0000
      vertex 87.7000 163.4000 3.0000
    endloop
  endfacet
  facet normal 0 1 0
    outer loop
      vertex 84.7000 163.4000 3.0000
      vertex 87.7000 163.4000 0.0000
      vertex 84.7000 163.4000 0.0000
    endloop
  endfacet
  facet normal -1 0 0
    outer loop
      vertex 87.7000 187.4000 0.0000
      vertex 87.7000 207.4000 3.0000
      vertex 87.7000 207.4000 0.0000
    endloop
  endfacet
  facet normal -1 -0 0
    outer loop
      vertex 87.7000 207.4000 3.0000
      vertex 87.7000 187.4000 0.0000
      vertex 87.7000 187.4000 3.0000
    endloop
  endfacet
  facet normal 1 -0 0
    outer loop
      vertex 84.7000 187.4000 3.0000
      vertex 84.7000 207.4000 0.0000
      vertex 84.7000 207.4000 3.0000
    endloop
  endfacet
  facet normal 1 0 0
    outer loop
      vertex 84.7000 207.4000 0.0000
      vertex 84.7000 187.4000 3.0000
      vertex 84.7000 187.4000 0.0000
    endloop
  endfacet
  facet normal 0 -1 0
    outer loop
      vertex 84.7000 207.4000 0.0000
      vertex 87.7000 207.4000 3.0000
      vertex 84.7000 207.4000 3.0000
    endloop
  endfacet
  facet normal 0 -1 -0
    outer loop
      vertex 87.7000 207.4000 3.0000
      vertex 84.7000 207.4000 0.0000
      vertex 87.7000 207.4000 0.0000
    endloop
  endfacet
  facet normal 0 1 -0
    outer loop
      vertex 87.7000 187.4000 0.0000
      vertex 84.7000 187.4000 3.0000
      vertex 87.7000 187.4000 3.0000
    endloop
  endfacet
  facet normal 0 1 0
    outer loop
      vertex 84.7000 187.4000 3.0000
      vertex 87.7000 187.4000 0.0000
      vertex 84.7000 187.4000 0.0000
    endloop
  endfacet
  facet normal -1 0 0
    outer loop
      vertex 87.7000 211.4000 0.0000
      vertex 87.7000 231.4000 3.0000
      vertex 87.7000 231.4000 0.0000
    endloop
  endfacet
  facet normal -1 -0 0
    outer loop
      vertex 87.7000 231.4000 3.0000
      vertex 87.7000 211.4000 0.0000
      vertex 87.7000 211.4000 3.0000
    endloop
  endfacet
  facet normal 1 -0 0
    outer loop
      vertex 84.7000 211.4000 3.0000
      vertex 84.7000 231.4000 0.0000
      vertex 84.7000 231.4000 3.0000
    endloop
  endfacet
  facet normal 1 0 0
    outer loop
      vertex 84.7000 231.4000 0.0000
      vertex 84.7000 211.4000 3.0000
      vertex 84.7000 211.4000 0.0000
    endloop
  endfacet
  facet normal 0 -1 0
    outer loop
      vertex 84.7000 231.4000 0.0000
      vertex 87.7000 231.4000 3.0000
      vertex 84.7000 231.4000 3.0000
    endloop
  endfacet
  facet normal 0 -1 -0
    outer loop
      vertex 87.7000 231.4000 3.0000
      vertex 84.7000 231.4000 0.0000
      vertex 87.7000 231.4000 0.0000
    endloop
  endfacet
  facet normal 0 1 -0
    outer loop
      vertex 87.7000 211.4000 0.0000
      vertex 84.7000 211.4000 3.0000
      vertex 87.7000 211.4000 3.0000
    endloop
  endfacet
  facet normal 0 1 0
    outer loop
      vertex 84.7000 211.4000 3.0000
      vertex 87.7000 211.4000 0.0000
      vertex 84.7000 211.4000 0.0000
    endloop
  endfacet
  facet normal -1 0 0
    outer loop
      vertex 93.7000 163.4000 0.0000
      vertex 93.7000 183.4000 3.0000
      vertex 93.7000 183.4000 0.0000
    endloop
  endfacet
  facet normal -1 -0 0
    outer loop
      vertex 93.7000 183.4000 3.0000
      vertex 93.7000 163.4000 0.0000
      vertex 93.7000 163.4000 3.0000
    endloop
  endfacet
  facet normal 1 -0 0
    outer loop
      vertex 90.7000 163.4000 3.0000
      vertex 90.7000 183.4000 0.0000
      vertex 90.7000 183.4000 3.0000
    endloop
  endfacet
  facet normal 1 0 0
    outer loop
      vertex 90.7000 183.4000 0.0000
      vertex 90.7000 163.4000 3.0000
      vertex 90.7000 163.4000 0.0000
    endloop
  endfacet
  facet normal 0 -1 0
    outer loop
      vertex 90.7000 183.4000 0.0000
      vertex 93.7000 183.4000 3.0000
      vertex 90.7000 183.4000 3.0000
    endloop
  endfacet
  facet normal 0 -1 -0
    outer loop
      vertex 93.7000 183.4000 3.0000
      vertex 90.7000 183.4000 0.0000
      vertex 93.7000 183.4000 0.0000
    endloop
  endfacet
  facet normal 0 1 -0
    outer loop
      vertex 93.7000 163.4000 0.0000
      vertex 90.7000 163.4000 3.0000
      vertex 93.7000 163.4000 3.0000
    endloop
  endfacet
  facet normal 0 1 0
    outer loop
      vertex 90.7000 163.4000 3.0000
      vertex 93.7000 163.4000 0.0000
      vertex 90.7000 163.4000 0.0000
    endloop
  endfacet
  facet normal -1 0 0
    outer loop
      vertex 93.7000 187.4000 0.0000
      vertex 93.7000 207.4000 3.0000
      vertex 93.7000 207.4000 0.0000
    endloop
  endfacet
  facet normal -1 -0 0
    outer loop
      vertex 93.7000 207.4000 3.0000
      vertex 93.7000 187.4000 0.0000
      vertex 93.7000 187.4000 3.0000
    endloop
  endfacet
  facet normal 1 -0 0
    outer loop
      vertex 90.7000 187.4000 3.0000
      vertex 90.7000 207.4000 0.0000
      vertex 90.7000 207.4000 3.0000
    endloop
  endfacet
  facet normal 1 0 0
    outer loop
      vertex 90.7000 207.4000 0.0000
      vertex 90.7000 187.4000 3.0000
      vertex 90.7000 187.4000 0.0000
    endloop
  endfacet
  facet normal 0 -1 0
    outer loop
      vertex 90.7000 207.4000 0.0000
      vertex 93.7000 207.4000 3.0000
      vertex 90.7000 207.4000 3.0000
    endloop
  endfacet
  facet normal 0 -1 -0
    outer loop
      vertex 93.7000 207.4000 3.0000
      vertex 90.7000 207.4000 0.0000
      vertex 93.7000 207.4000 0.0000
    endloop
  endfacet
  facet normal 0 1 -0
    outer loop
      vertex 93.7000 187.4000 0.0000
      vertex 90.7000 187.4000 3.0000
      vertex 93.7000 187.4000 3.0000
    endloop
  endfacet
  facet normal 0 1 0
    outer loop
      vertex 90.7000 187.4000 3.0000
      vertex 93.7000 187.4000 0.0000
      vertex 90.7000 187.4000 0.0000
    endloop
  endfacet
  facet normal -1 0 0
    outer loop
      vertex 93.7000 211.4000 0.0000
      vertex 93.7000 231.4000 3.0000
      vertex 93.7000 231.4000 0.0000
    endloop
  endfacet
  facet normal -1 -0 0
    outer loop
      vertex 93.7000 231.4000 3.0000
      vertex 93.7000 211.4000 0.0000
      vertex 93.7000 211.4000 3.0000
    endloop
  endfacet
  facet normal 1 -0 0
    outer loop
      vertex 90.7000 211.4000 3.0000
      vertex 90.7000 231.4000 0.0000
      vertex 90.7000 231.4000 3.0000
    endloop
  endfacet
  facet normal 1 0 0
    outer loop
      vertex 90.7000 231.4000 0.0000
      vertex 90.7000 211.4000 3.0000
      vertex 90.7000 211.4000 0.0000
    endloop
  endfacet
  facet normal 0 -1 0
    outer loop
      vertex 90.7000 231.4000 0.0000
      vertex 93.7000 231.4000 3.0000
      vertex 90.7000 231.4000 3.0000
    endloop
  endfacet
  facet normal 0 -1 -0
    outer loop
      vertex 93.7000 231.4000 3.0000
      vertex 90.7000 231.4000 0.0000
      vertex 93.7000 231.4000 0.0000
    endloop
  endfacet
  facet normal 0 1 -0
    outer loop
      vertex 93.7000 211.4000 0.0000
      vertex 90.7000 211.4000 3.0000
      vertex 93.7000 211.4000 3.0000
    endloop
  endfacet
  facet normal 0 1 0
    outer loop
      vertex 90.7000 211.4000 3.0000
      vertex 93.7000 211.4000 0.0000
      vertex 90.7000 211.4000 0.0000
    endloop
  endfacet
  facet normal -1 0 0
    outer loop
      vertex 99.7000 163.4000 0.0000
      vertex 99.7000 183.4000 3.0000
      vertex 99.7000 183.4000 0.0000
    endloop
  endfacet
  facet normal -1 -0 0
    outer loop
      vertex 99.7000 183.4000 3.0000
      vertex 99.7000 163.4000 0.0000
      vertex 99.7000 163.4000 3.0000
    endloop
  endfacet
  facet normal 1 -0 0
    outer loop
      vertex 96.7000 163.4000 3.0000
      vertex 96.7000 183.4000 0.0000
      vertex 96.7000 183.4000 3.0000
    endloop
  endfacet
  facet normal 1 0 0
    outer loop
      vertex 96.7000 183.4000 0.0000
      vertex 96.7000 163.4000 3.0000
      vertex 96.7000 163.4000 0.0000
    endloop
  endfacet
  facet normal 0 -1 0
    outer loop
      vertex 96.7000 183.4000 0.0000
      vertex 99.7000 183.4000 3.0000
      vertex 96.7000 183.4000 3.0000
    endloop
  endfacet
  facet normal 0 -1 -0
    outer loop
      vertex 99.7000 183.4000 3.0000
      vertex 96.7000 183.4000 0.0000
      vertex 99.7000 183.4000 0.0000
    endloop
  endfacet
  facet normal 0 1 -0
    outer loop
      vertex 99.7000 163.4000 0.0000
      vertex 96.7000 163.4000 3.0000
      vertex 99.7000 163.4000 3.0000
    endloop
  endfacet
  facet normal 0 1 0
    outer loop
      vertex 96.7000 163.4000 3.0000
      vertex 99.7000 163.4000 0.0000
      vertex 96.7000 163.4000 0.0000
    endloop
  endfacet
  facet normal -1 0 0
    outer loop
      vertex 99.7000 187.4000 0.0000
      vertex 99.7000 207.4000 3.0000
      vertex 99.7000 207.4000 0.0000
    endloop
  endfacet
  facet normal -1 -0 0
    outer loop
      vertex 99.7000 207.4000 3.0000
      vertex 99.7000 187.4000 0.0000
      vertex 99.7000 187.4000 3.0000
    endloop
  endfacet
  facet normal 1 -0 0
    outer loop
      vertex 96.7000 187.4000 3.0000
      vertex 96.7000 207.4000 0.0000
      vertex 96.7000 207.4000 3.0000
    endloop
  endfacet
  facet normal 1 0 0
    outer loop
      vertex 96.7000 207.4000 0.0000
      vertex 96.7000 187.4000 3.0000
      vertex 96.7000 187.4000 0.0000
    endloop
  endfacet
  facet normal 0 -1 0
    outer loop
      vertex 96.7000 207.4000 0.0000
      vertex 99.7000 207.4000 3.0000
      vertex 96.7000 207.4000 3.0000
    endloop
  endfacet
  facet normal 0 -1 -0
    outer loop
      vertex 99.7000 207.4000 3.0000
      vertex 96.7000 207.4000 0.0000
      vertex 99.7000 207.4000 0.0000
    endloop
  endfacet
  facet normal 0 1 -0
    outer loop
      vertex 99.7000 187.4000 0.0000
      vertex 96.7000 187.4000 3.0000
      vertex 99.7000 187.4000 3.0000
    endloop
  endfacet
  facet normal 0 1 0
    outer loop
      vertex 96.7000 187.4000 3.0000
      vertex 99.7000 187.4000 0.0000
      vertex 96.7000 187.4000 0.0000
    endloop
  endfacet
  facet normal -1 0 0
    outer loop
      vertex 99.7000 211.4000 0.0000
      vertex 99.7000 231.4000 3.0000
      vertex 99.7000 231.4000 0.0000
    endloop
  endfacet
  facet normal -1 -0 0
    outer loop
      vertex 99.7000 231.4000 3.0000
      vertex 99.7000 211.4000 0.0000
      vertex 99.7000 211.4000 3.0000
    endloop
  endfacet
  facet normal 1 -0 0
    outer loop
      vertex 96.7000 211.4000 3.0000
      vertex 96.7000 231.4000 0.0000
      vertex 96.7000 231.4000 3.0000
    endloop
  endfacet
  facet normal 1 0 0
    outer loop
      vertex 96.7000 231.4000 0.0000
      vertex 96.7000 211.4000 3.0000
      vertex 96.7000 211.4000 0.0000
    endloop
  endfacet
  facet normal 0 -1 0
    outer loop
      vertex 96.7000 231.4000 0.0000
      vertex 99.7000 231.4000 3.0000
      vertex 96.7000 231.4000 3.0000
    endloop
  endfacet
  facet normal 0 -1 -0
    outer loop
      vertex 99.7000 231.4000 3.0000
      vertex 96.7000 231.4000 0.0000
      vertex 99.7000 231.4000 0.0000
    endloop
  endfacet
  facet normal 0 1 -0
    outer loop
      vertex 99.7000 211.4000 0.0000
      vertex 96.7000 211.4000 3.0000
      vertex 99.7000 211.4000 3.0000
    endloop
  endfacet
  facet normal 0 1 0
    outer loop
      vertex 96.7000 211.4000 3.0000
      vertex 99.7000 211.4000 0.0000
      vertex 96.7000 211.4000 0.0000
    endloop
  endfacet
  facet normal -1 0 0
    outer loop
      vertex 105.7000 163.4000 0.0000
      vertex 105.7000 183.4000 3.0000
      vertex 105.7000 183.4000 0.0000
    endloop
  endfacet
  facet normal -1 -0 0
    outer loop
      vertex 105.7000 183.4000 3.0000
      vertex 105.7000 163.4000 0.0000
      vertex 105.7000 163.4000 3.0000
    endloop
  endfacet
  facet normal 1 -0 0
    outer loop
      vertex 102.7000 163.4000 3.0000
      vertex 102.7000 183.4000 0.0000
      vertex 102.7000 183.4000 3.0000
    endloop
  endfacet
  facet normal 1 0 0
    outer loop
      vertex 102.7000 183.4000 0.0000
      vertex 102.7000 163.4000 3.0000
      vertex 102.7000 163.4000 0.0000
    endloop
  endfacet
  facet normal 0 -1 0
    outer loop
      vertex 102.7000 183.4000 0.0000
      vertex 105.7000 183.4000 3.0000
      vertex 102.7000 183.4000 3.0000
    endloop
  endfacet
  facet normal 0 -1 -0
    outer loop
      vertex 105.7000 183.4000 3.0000
      vertex 102.7000 183.4000 0.0000
      vertex 105.7000 183.4000 0.0000
    endloop
  endfacet
  facet normal 0 1 -0
    outer loop
      vertex 105.7000 163.4000 0.0000
      vertex 102.7000 163.4000 3.0000
      vertex 105.7000 163.4000 3.0000
    endloop
  endfacet
  facet normal 0 1 0
    outer loop
      vertex 102.7000 163.4000 3.0000
      vertex 105.7000 163.4000 0.0000
      vertex 102.7000 163.4000 0.0000
    endloop
  endfacet
  facet normal -1 0 0
    outer loop
      vertex 105.7000 187.4000 0.0000
      vertex 105.7000 207.4000 3.0000
      vertex 105.7000 207.4000 0.0000
    endloop
  endfacet
  facet normal -1 -0 0
    outer loop
      vertex 105.7000 207.4000 3.0000
      vertex 105.7000 187.4000 0.0000
      vertex 105.7000 187.4000 3.0000
    endloop
  endfacet
  facet normal 1 -0 0
    outer loop
      vertex 102.7000 187.4000 3.0000
      vertex 102.7000 207.4000 0.0000
      vertex 102.7000 207.4000 3.0000
    endloop
  endfacet
  facet normal 1 0 0
    outer loop
      vertex 102.7000 207.4000 0.0000
      vertex 102.7000 187.4000 3.0000
      vertex 102.7000 187.4000 0.0000
    endloop
  endfacet
  facet normal 0 -1 0
    outer loop
      vertex 102.7000 207.4000 0.0000
      vertex 105.7000 207.4000 3.0000
      vertex 102.7000 207.4000 3.0000
    endloop
  endfacet
  facet normal 0 -1 -0
    outer loop
      vertex 105.7000 207.4000 3.0000
      vertex 102.7000 207.4000 0.0000
      vertex 105.7000 207.4000 0.0000
    endloop
  endfacet
  facet normal 0 1 -0
    outer loop
      vertex 105.7000 187.4000 0.0000
      vertex 102.7000 187.4000 3.0000
      vertex 105.7000 187.4000 3.0000
    endloop
  endfacet
  facet normal 0 1 0
    outer loop
      vertex 102.7000 187.4000 3.0000
      vertex 105.7000 187.4000 0.0000
      vertex 102.7000 187.4000 0.0000
    endloop
  endfacet
  facet normal -1 0 0
    outer loop
      vertex 105.7000 211.4000 0.0000
      vertex 105.7000 231.4000 3.0000
      vertex 105.7000 231.4000 0.0000
    endloop
  endfacet
  facet normal -1 -0 0
    outer loop
      vertex 105.7000 231.4000 3.0000
      vertex 105.7000 211.4000 0.0000
      vertex 105.7000 211.4000 3.0000
    endloop
  endfacet
  facet normal 1 -0 0
    outer loop
      vertex 102.7000 211.4000 3.0000
      vertex 102.7000 231.4000 0.0000
      vertex 102.7000 231.4000 3.0000
    endloop
  endfacet
  facet normal 1 0 0
    outer loop
      vertex 102.7000 231.4000 0.0000
      vertex 102.7000 211.4000 3.0000
      vertex 102.7000 211.4000 0.0000
    endloop
  endfacet
  facet normal 0 -1 0
    outer loop
      vertex 102.7000 231.4000 0.0000
      vertex 105.7000 231.4000 3.0000
      vertex 102.7000 231.4000 3.0000
    endloop
  endfacet
  facet normal 0 -1 -0
    outer loop
      vertex 105.7000 231.4000 3.0000
      vertex 102.7000 231.4000 0.0000
      vertex 105.7000 231.4000 0.0000
    endloop
  endfacet
  facet normal 0 1 -0
    outer loop
      vertex 105.7000 211.4000 0.0000
      vertex 102.7000 211.4000 3.0000
      vertex 105.7000 211.4000 3.0000
    endloop
  endfacet
  facet normal 0 1 0
    outer loop
      vertex 102.7000 211.4000 3.0000
      vertex 105.7000 211.4000 0.0000
      vertex 102.7000 211.4000 0.0000
    endloop
  endfacet
  facet normal -1 0 0
    outer loop
      vertex 111.7000 163.4000 0.0000
      vertex 111.7000 183.4000 3.0000
      vertex 111.7000 183.4000 0.0000
    endloop
  endfacet
  facet normal -1 -0 0
    outer loop
      vertex 111.7000 183.4000 3.0000
      vertex 111.7000 163.4000 0.0000
      vertex 111.7000 163.4000 3.0000
    endloop
  endfacet
  facet normal 1 -0 0
    outer loop
      vertex 108.7000 163.4000 3.0000
      vertex 108.7000 183.4000 0.0000
      vertex 108.7000 183.4000 3.0000
    endloop
  endfacet
  facet normal 1 0 0
    outer loop
      vertex 108.7000 183.4000 0.0000
      vertex 108.7000 163.4000 3.0000
      vertex 108.7000 163.4000 0.0000
    endloop
  endfacet
  facet normal 0 -1 0
    outer loop
      vertex 108.7000 183.4000 0.0000
      vertex 111.7000 183.4000 3.0000
      vertex 108.7000 183.4000 3.0000
    endloop
  endfacet
  facet normal 0 -1 -0
    outer loop
      vertex 111.7000 183.4000 3.0000
      vertex 108.7000 183.4000 0.0000
      vertex 111.7000 183.4000 0.0000
    endloop
  endfacet
  facet normal 0 1 -0
    outer loop
      vertex 111.7000 163.4000 0.0000
      vertex 108.7000 163.4000 3.0000
      vertex 111.7000 163.4000 3.0000
    endloop
  endfacet
  facet normal 0 1 0
    outer loop
      vertex 108.7000 163.4000 3.0000
      vertex 111.7000 163.4000 0.0000
      vertex 108.7000 163.4000 0.0000
    endloop
  endfacet
  facet normal -1 0 0
    outer loop
      vertex 111.7000 187.4000 0.0000
      vertex 111.7000 207.4000 3.0000
      vertex 111.7000 207.4000 0.0000
    endloop
  endfacet
  facet normal -1 -0 0
    outer loop
      vertex 111.7000 207.4000 3.0000
      vertex 111.7000 187.4000 0.0000
      vertex 111.7000 187.4000 3.0000
    endloop
  endfacet
  facet normal 1 -0 0
    outer loop
      vertex 108.7000 187.4000 3.0000
      vertex 108.7000 207.4000 0.0000
      vertex 108.7000 207.4000 3.0000
    endloop
  endfacet
  facet normal 1 0 0
    outer loop
      vertex 108.7000 207.4000 0.0000
      vertex 108.7000 187.4000 3.0000
      vertex 108.7000 187.4000 0.0000
    endloop
  endfacet
  facet normal 0 -1 0
    outer loop
      vertex 108.7000 207.4000 0.0000
      vertex 111.7000 207.4000 3.0000
      vertex 108.7000 207.4000 3.0000
    endloop
  endfacet
  facet normal 0 -1 -0
    outer loop
      vertex 111.7000 207.4000 3.0000
      vertex 108.7000 207.4000 0.0000
      vertex 111.7000 207.4000 0.0000
    endloop
  endfacet
  facet normal 0 1 -0
    outer loop
      vertex 111.7000 187.4000 0.0000
      vertex 108.7000 187.4000 3.0000
      vertex 111.7000 187.4000 3.0000
    endloop
  endfacet
  facet normal 0 1 0
    outer loop
      vertex 108.7000 187.4000 3.0000
      vertex 111.7000 187.4000 0.0000
      vertex 108.7000 187.4000 0.0000
    endloop
  endfacet
  facet normal -1 0 0
    outer loop
      vertex 111.7000 211.4000 0.0000
      vertex 111.7000 231.4000 3.0000
      vertex 111.7000 231.4000 0.0000
    endloop
  endfacet
  facet normal -1 -0 0
    outer loop
      vertex 111.7000 231.4000 3.0000
      vertex 111.7000 211.4000 0.0000
      vertex 111.7000 211.4000 3.0000
    endloop
  endfacet
  facet normal 1 -0 0
    outer loop
      vertex 108.7000 211.4000 3.0000
      vertex 108.7000 231.4000 0.0000
      vertex 108.7000 231.4000 3.0000
    endloop
  endfacet
  facet normal 1 0 0
    outer loop
      vertex 108.7000 231.4000 0.0000
      vertex 108.7000 211.4000 3.0000
      vertex 108.7000 211.4000 0.0000
    endloop
  endfacet
  facet normal 0 -1 0
    outer loop
      vertex 108.7000 231.4000 0.0000
      vertex 111.7000 231.4000 3.0000
      vertex 108.7000 231.4000 3.0000
    endloop
  endfacet
  facet normal 0 -1 -0
    outer loop
      vertex 111.7000 231.4000 3.0000
      vertex 108.7000 231.4000 0.0000
      vertex 111.7000 231.4000 0.0000
    endloop
  endfacet
  facet normal 0 1 -0
    outer loop
      vertex 111.7000 211.4000 0.0000
      vertex 108.7000 211.4000 3.0000
      vertex 111.7000 211.4000 3.0000
    endloop
  endfacet
  facet normal 0 1 0
    outer loop
      vertex 108.7000 211.4000 3.0000
      vertex 111.7000 211.4000 0.0000
      vertex 108.7000 211.4000 0.0000
    endloop
  endfacet
  facet normal -1 0 0
    outer loop
      vertex 117.7000 163.4000 0.0000
      vertex 117.7000 183.4000 3.0000
      vertex 117.7000 183.4000 0.0000
    endloop
  endfacet
  facet normal -1 -0 0
    outer loop
      vertex 117.7000 183.4000 3.0000
      vertex 117.7000 163.4000 0.0000
      vertex 117.7000 163.4000 3.0000
    endloop
  endfacet
  facet normal 1 -0 0
    outer loop
      vertex 114.7000 163.4000 3.0000
      vertex 114.7000 183.4000 0.0000
      vertex 114.7000 183.4000 3.0000
    endloop
  endfacet
  facet normal 1 0 0
    outer loop
      vertex 114.7000 183.4000 0.0000
      vertex 114.7000 163.4000 3.0000
      vertex 114.7000 163.4000 0.0000
    endloop
  endfacet
  facet normal 0 -1 0
    outer loop
      vertex 114.7000 183.4000 0.0000
      vertex 117.7000 183.4000 3.0000
      vertex 114.7000 183.4000 3.0000
    endloop
  endfacet
  facet normal 0 -1 -0
    outer loop
      vertex 117.7000 183.4000 3.0000
      vertex 114.7000 183.4000 0.0000
      vertex 117.7000 183.4000 0.0000
    endloop
  endfacet
  facet normal 0 1 -0
    outer loop
      vertex 117.7000 163.4000 0.0000
      vertex 114.7000 163.4000 3.0000
      vertex 117.7000 163.4000 3.0000
    endloop
  endfacet
  facet normal 0 1 0
    outer loop
      vertex 114.7000 163.4000 3.0000
      vertex 117.7000 163.4000 0.0000
      vertex 114.7000 163.4000 0.0000
    endloop
  endfacet
  facet normal -1 0 0
    outer loop
      vertex 117.7000 187.4000 0.0000
      vertex 117.7000 207.4000 3.0000
      vertex 117.7000 207.4000 0.0000
    endloop
  endfacet
  facet normal -1 -0 0
    outer loop
      vertex 117.7000 207.4000 3.0000
      vertex 117.7000 187.4000 0.0000
      vertex 117.7000 187.4000 3.0000
    endloop
  endfacet
  facet normal 1 -0 0
    outer loop
      vertex 114.7000 187.4000 3.0000
      vertex 114.7000 207.4000 0.0000
      vertex 114.7000 207.4000 3.0000
    endloop
  endfacet
  facet normal 1 0 0
    outer loop
      vertex 114.7000 207.4000 0.0000
      vertex 114.7000 187.4000 3.0000
      vertex 114.7000 187.4000 0.0000
    endloop
  endfacet
  facet normal 0 -1 0
    outer loop
      vertex 114.7000 207.4000 0.0000
      vertex 117.7000 207.4000 3.0000
      vertex 114.7000 207.4000 3.0000
    endloop
  endfacet
  facet normal 0 -1 -0
    outer loop
      vertex 117.7000 207.4000 3.0000
      vertex 114.7000 207.4000 0.0000
      vertex 117.7000 207.4000 0.0000
    endloop
  endfacet
  facet normal 0 1 -0
    outer loop
      vertex 117.7000 187.4000 0.0000
      vertex 114.7000 187.4000 3.0000
      vertex 117.7000 187.4000 3.0000
    endloop
  endfacet
  facet normal 0 1 0
    outer loop
      vertex 114.7000 187.4000 3.0000
      vertex 117.7000 187.4000 0.0000
      vertex 114.7000 187.4000 0.0000
    endloop
  endfacet
  facet normal -1 0 0
    outer loop
      vertex 117.7000 211.4000 0.0000
      vertex 117.7000 231.4000 3.0000
      vertex 117.7000 231.4000 0.0000
    endloop
  endfacet
  facet normal -1 -0 0
    outer loop
      vertex 117.7000 231.4000 3.0000
      vertex 117.7000 211.4000 0.0000
      vertex 117.7000 211.4000 3.0000
    endloop
  endfacet
  facet normal 1 -0 0
    outer loop
      vertex 114.7000 211.4000 3.0000
      vertex 114.7000 231.4000 0.0000
      vertex 114.7000 231.4000 3.0000
    endloop
  endfacet
  facet normal 1 0 0
    outer loop
      vertex 114.7000 231.4000 0.0000
      vertex 114.7000 211.4000 3.0000
      vertex 114.7000 211.4000 0.0000
    endloop
  endfacet
  facet normal 0 -1 0
    outer loop
      vertex 114.7000 231.4000 0.0000
      vertex 117.7000 231.4000 3.0000
      vertex 114.7000 231.4000 3.0000
    endloop
  endfacet
  facet normal 0 -1 -0
    outer loop
      vertex 117.7000 231.4000 3.0000
      vertex 114.7000 231.4000 0.0000
      vertex 117.7000 231.4000 0.0000
    endloop
  endfacet
  facet normal 0 1 -0
    outer loop
      vertex 117.7000 211.4000 0.0000
      vertex 114.7000 211.4000 3.0000
      vertex 117.7000 211.4000 3.0000
    endloop
  endfacet
  facet normal 0 1 0
    outer loop
      vertex 114.7000 211.4000 3.0000
      vertex 117.7000 211.4000 0.0000
      vertex 114.7000 211.4000 0.0000
    endloop
  endfacet
  facet normal 0 -1 0
    outer loop
      vertex 116.5220 11.6910 0.0000
      vertex 116.8780 11.6910 3.0000
      vertex 116.5220 11.6910 3.0000
    endloop
  endfacet
  facet normal 0 -1 -0
    outer loop
      vertex 116.8780 11.6910 3.0000
      vertex 116.5220 11.6910 0.0000
      vertex 116.8780 11.6910 0.0000
    endloop
  endfacet
  facet normal -0.95091 -0.309468 3.02557e-18
    outer loop
      vertex 118.3630 10.3530 0.0000
      vertex 118.2530 10.6910 3.0000
      vertex 118.2530 10.6910 0.0000
    endloop
  endfacet
  facet normal -0.95091 -0.309468 3.02557e-18
    outer loop
      vertex 118.2530 10.6910 3.0000
      vertex 118.3630 10.3530 0.0000
      vertex 118.3630 10.3530 3.0000
    endloop
  endfacet
  facet normal -0.994552 -0.104245 4.70447e-19
    outer loop
      vertex 118.4000 10.0000 0.0000
      vertex 118.3630 10.3530 3.0000
      vertex 118.3630 10.3530 0.0000
    endloop
  endfacet
  facet normal -0.994552 -0.104245 4.70447e-19
    outer loop
      vertex 118.3630 10.3530 3.0000
      vertex 118.4000 10.0000 0.0000
      vertex 118.4000 10.0000 3.0000
    endloop
  endfacet
  facet normal -0.744134 0.66803 6.10687e-18
    outer loop
      vertex 117.8380 8.7370 0.0000
      vertex 118.0750 9.0010 3.0000
      vertex 118.0750 9.0010 0.0000
    endloop
  endfacet
  facet normal -0.744134 0.66803 6.10687e-18
    outer loop
      vertex 118.0750 9.0010 3.0000
      vertex 117.8380 8.7370 0.0000
      vertex 117.8380 8.7370 3.0000
    endloop
  endfacet
  facet normal 0.587336 -0.809343 0
    outer loop
      vertex 115.5620 11.2630 0.0000
      vertex 115.8500 11.4720 3.0000
      vertex 115.5620 11.2630 3.0000
    endloop
  endfacet
  facet normal 0.587336 -0.809343 0
    outer loop
      vertex 115.8500 11.4720 3.0000
      vertex 115.5620 11.2630 0.0000
      vertex 115.8500 11.4720 0.0000
    endloop
  endfacet
  facet normal -0.744134 -0.66803 -6.10687e-18
    outer loop
      vertex 118.0750 10.9990 0.0000
      vertex 117.8380 11.2630 3.0000
      vertex 117.8380 11.2630 0.0000
    endloop
  endfacet
  facet normal -0.744134 -0.66803 -6.10687e-18
    outer loop
      vertex 117.8380 11.2630 3.0000
      vertex 118.0750 10.9990 0.0000
      vertex 118.0750 10.9990 3.0000
    endloop
  endfacet
  facet normal 0 1 -0
    outer loop
      vertex 116.8780 8.3090 0.0000
      vertex 116.5220 8.3090 3.0000
      vertex 116.8780 8.3090 3.0000
    endloop
  endfacet
  facet normal 0 1 0
    outer loop
      vertex 116.5220 8.3090 3.0000
      vertex 116.8780 8.3090 0.0000
      vertex 116.5220 8.3090 0.0000
    endloop
  endfacet
  facet normal 0.865811 0.500371 2.79926e-18
    outer loop
      vertex 115.3250 9.0010 3.0000
      vertex 115.1470 9.3090 0.0000
      vertex 115.1470 9.3090 3.0000
    endloop
  endfacet
  facet normal 0.865811 0.500371 2.79926e-18
    outer loop
      vertex 115.1470 9.3090 0.0000
      vertex 115.3250 9.0010 3.0000
      vertex 115.3250 9.0010 0.0000
    endloop
  endfacet
  facet normal 0.407442 0.913231 -0
    outer loop
      vertex 116.1750 8.3830 0.0000
      vertex 115.8500 8.5280 3.0000
      vertex 116.1750 8.3830 3.0000
    endloop
  endfacet
  facet normal 0.407442 0.913231 0
    outer loop
      vertex 115.8500 8.5280 3.0000
      vertex 116.1750 8.3830 0.0000
      vertex 115.8500 8.5280 0.0000
    endloop
  endfacet
  facet normal -0.994552 0.104245 -4.70447e-19
    outer loop
      vertex 118.3630 9.6470 0.0000
      vertex 118.4000 10.0000 3.0000
      vertex 118.4000 10.0000 0.0000
    endloop
  endfacet
  facet normal -0.994552 0.104245 -4.70447e-19
    outer loop
      vertex 118.4000 10.0000 3.0000
      vertex 118.3630 9.6470 0.0000
      vertex 118.3630 9.6470 3.0000
    endloop
  endfacet
  facet normal -0.587336 -0.809343 0
    outer loop
      vertex 117.5500 11.4720 0.0000
      vertex 117.8380 11.2630 3.0000
      vertex 117.5500 11.4720 3.0000
    endloop
  endfacet
  facet normal -0.587336 -0.809343 -0
    outer loop
      vertex 117.8380 11.2630 3.0000
      vertex 117.5500 11.4720 0.0000
      vertex 117.8380 11.2630 0.0000
    endloop
  endfacet
  facet normal -0.407442 -0.913231 0
    outer loop
      vertex 117.2250 11.6170 0.0000
      vertex 117.5500 11.4720 3.0000
      vertex 117.2250 11.6170 3.0000
    endloop
  endfacet
  facet normal -0.407442 -0.913231 -0
    outer loop
      vertex 117.5500 11.4720 3.0000
      vertex 117.2250 11.6170 0.0000
      vertex 117.5500 11.4720 0.0000
    endloop
  endfacet
  facet normal -0.208567 0.978008 0
    outer loop
      vertex 117.2250 8.3830 0.0000
      vertex 116.8780 8.3090 3.0000
      vertex 117.2250 8.3830 3.0000
    endloop
  endfacet
  facet normal -0.208567 0.978008 0
    outer loop
      vertex 116.8780 8.3090 3.0000
      vertex 117.2250 8.3830 0.0000
      vertex 116.8780 8.3090 0.0000
    endloop
  endfacet
  facet normal -0.587336 0.809343 0
    outer loop
      vertex 117.8380 8.7370 0.0000
      vertex 117.5500 8.5280 3.0000
      vertex 117.8380 8.7370 3.0000
    endloop
  endfacet
  facet normal -0.587336 0.809343 0
    outer loop
      vertex 117.5500 8.5280 3.0000
      vertex 117.8380 8.7370 0.0000
      vertex 117.5500 8.5280 0.0000
    endloop
  endfacet
  facet normal -0.865811 0.500371 -2.79926e-18
    outer loop
      vertex 118.0750 9.0010 0.0000
      vertex 118.2530 9.3090 3.0000
      vertex 118.2530 9.3090 0.0000
    endloop
  endfacet
  facet normal -0.865811 0.500371 -2.79926e-18
    outer loop
      vertex 118.2530 9.3090 3.0000
      vertex 118.0750 9.0010 0.0000
      vertex 118.0750 9.0010 3.0000
    endloop
  endfacet
  facet normal 0.994552 -0.104245 -4.70447e-19
    outer loop
      vertex 115.0000 10.0000 3.0000
      vertex 115.0370 10.3530 0.0000
      vertex 115.0370 10.3530 3.0000
    endloop
  endfacet
  facet normal 0.994552 -0.104245 -4.70447e-19
    outer loop
      vertex 115.0370 10.3530 0.0000
      vertex 115.0000 10.0000 3.0000
      vertex 115.0000 10.0000 0.0000
    endloop
  endfacet
  facet normal 0.208567 0.978008 -0
    outer loop
      vertex 116.5220 8.3090 0.0000
      vertex 116.1750 8.3830 3.0000
      vertex 116.5220 8.3090 3.0000
    endloop
  endfacet
  facet normal 0.208567 0.978008 0
    outer loop
      vertex 116.1750 8.3830 3.0000
      vertex 116.5220 8.3090 0.0000
      vertex 116.1750 8.3830 0.0000
    endloop
  endfacet
  facet normal 0.865811 -0.500371 -2.79926e-18
    outer loop
      vertex 115.1470 10.6910 3.0000
      vertex 115.3250 10.9990 0.0000
      vertex 115.3250 10.9990 3.0000
    endloop
  endfacet
  facet normal 0.865811 -0.500371 -2.79926e-18
    outer loop
      vertex 115.3250 10.9990 0.0000
      vertex 115.1470 10.6910 3.0000
      vertex 115.1470 10.6910 0.0000
    endloop
  endfacet
  facet normal -0.407442 0.913231 0
    outer loop
      vertex 117.5500 8.5280 0.0000
      vertex 117.2250 8.3830 3.0000
      vertex 117.5500 8.5280 3.0000
    endloop
  endfacet
  facet normal -0.407442 0.913231 0
    outer loop
      vertex 117.2250 8.3830 3.0000
      vertex 117.5500 8.5280 0.0000
      vertex 117.2250 8.3830 0.0000
    endloop
  endfacet
  facet normal 0.95091 0.309468 -5.66384e-19
    outer loop
      vertex 115.1470 9.3090 3.0000
      vertex 115.0370 9.6470 0.0000
      vertex 115.0370 9.6470 3.0000
    endloop
  endfacet
  facet normal 0.95091 0.309468 -5.66384e-19
    outer loop
      vertex 115.0370 9.6470 0.0000
      vertex 115.1470 9.3090 3.0000
      vertex 115.1470 9.3090 0.0000
    endloop
  endfacet
  facet normal -0.95091 0.309468 -3.02557e-18
    outer loop
      vertex 118.2530 9.3090 0.0000
      vertex 118.3630 9.6470 3.0000
      vertex 118.3630 9.6470 0.0000
    endloop
  endfacet
  facet normal -0.95091 0.309468 -3.02557e-18
    outer loop
      vertex 118.3630 9.6470 3.0000
      vertex 118.2530 9.3090 0.0000
      vertex 118.2530 9.3090 3.0000
    endloop
  endfacet
  facet normal 0.744134 -0.66803 1.83006e-18
    outer loop
      vertex 115.3250 10.9990 3.0000
      vertex 115.5620 11.2630 0.0000
      vertex 115.5620 11.2630 3.0000
    endloop
  endfacet
  facet normal 0.744134 -0.66803 1.83006e-18
    outer loop
      vertex 115.5620 11.2630 0.0000
      vertex 115.3250 10.9990 3.0000
      vertex 115.3250 10.9990 0.0000
    endloop
  endfacet
  facet normal -0.208567 -0.978008 0
    outer loop
      vertex 116.8780 11.6910 0.0000
      vertex 117.2250 11.6170 3.0000
      vertex 116.8780 11.6910 3.0000
    endloop
  endfacet
  facet normal -0.208567 -0.978008 -0
    outer loop
      vertex 117.2250 11.6170 3.0000
      vertex 116.8780 11.6910 0.0000
      vertex 117.2250 11.6170 0.0000
    endloop
  endfacet
  facet normal 0.95091 -0.309468 5.66384e-19
    outer loop
      vertex 115.0370 10.3530 3.0000
      vertex 115.1470 10.6910 0.0000
      vertex 115.1470 10.6910 3.0000
    endloop
  endfacet
  facet normal 0.95091 -0.309468 5.66384e-19
    outer loop
      vertex 115.1470 10.6910 0.0000
      vertex 115.0370 10.3530 3.0000
      vertex 115.0370 10.3530 0.0000
    endloop
  endfacet
  facet normal -0.865811 -0.500371 2.79926e-18
    outer loop
      vertex 118.2530 10.6910 0.0000
      vertex 118.0750 10.9990 3.0000
      vertex 118.0750 10.9990 0.0000
    endloop
  endfacet
  facet normal -0.865811 -0.500371 2.79926e-18
    outer loop
      vertex 118.0750 10.9990 3.0000
      vertex 118.2530 10.6910 0.0000
      vertex 118.2530 10.6910 3.0000
    endloop
  endfacet
  facet normal 0.407442 -0.913231 0
    outer loop
      vertex 115.8500 11.4720 0.0000
      vertex 116.1750 11.6170 3.0000
      vertex 115.8500 11.4720 3.0000
    endloop
  endfacet
  facet normal 0.407442 -0.913231 0
    outer loop
      vertex 116.1750 11.6170 3.0000
      vertex 115.8500 11.4720 0.0000
      vertex 116.1750 11.6170 0.0000
    endloop
  endfacet
  facet normal 0.208567 -0.978008 0
    outer loop
      vertex 116.1750 11.6170 0.0000
      vertex 116.5220 11.6910 3.0000
      vertex 116.1750 11.6170 3.0000
    endloop
  endfacet
  facet normal 0.208567 -0.978008 0
    outer loop
      vertex 116.5220 11.6910 3.0000
      vertex 116.1750 11.6170 0.0000
      vertex 116.5220 11.6910 0.0000
    endloop
  endfacet
  facet normal 0.587336 0.809343 -0
    outer loop
      vertex 115.8500 8.5280 0.0000
      vertex 115.5620 8.7370 3.0000
      vertex 115.8500 8.5280 3.0000
    endloop
  endfacet
  facet normal 0.587336 0.809343 0
    outer loop
      vertex 115.5620 8.7370 3.0000
      vertex 115.8500 8.5280 0.0000
      vertex 115.5620 8.7370 0.0000
    endloop
  endfacet
  facet normal 0.744134 0.66803 -1.83006e-18
    outer loop
      vertex 115.5620 8.7370 3.0000
      vertex 115.3250 9.0010 0.0000
      vertex 115.3250 9.0010 3.0000
    endloop
  endfacet
  facet normal 0.744134 0.66803 -1.83006e-18
    outer loop
      vertex 115.3250 9.0010 0.0000
      vertex 115.5620 8.7370 3.0000
      vertex 115.5620 8.7370 0.0000
    endloop
  endfacet
  facet normal 0.994552 0.104245 4.70447e-19
    outer loop
      vertex 115.0370 9.6470 3.0000
      vertex 115.0000 10.0000 0.0000
      vertex 115.0000 10.0000 3.0000
    endloop
  endfacet
  facet normal 0.994552 0.104245 4.70447e-19
    outer loop
      vertex 115.0000 10.0000 0.0000
      vertex 115.0370 9.6470 3.0000
      vertex 115.0370 9.6470 0.0000
    endloop
  endfacet
  facet normal 0 -1 0
    outer loop
      vertex 116.5220 235.6907 0.0000
      vertex 116.8780 235.6907 3.0000
      vertex 116.5220 235.6907 3.0000
    endloop
  endfacet
  facet normal 0 -1 -0
    outer loop
      vertex 116.8780 235.6907 3.0000
      vertex 116.5220 235.6907 0.0000
      vertex 116.8780 235.6907 0.0000
    endloop
  endfacet
  facet normal -0.950937 -0.309385 -3.35992e-19
    outer loop
      vertex 118.3630 234.3534 0.0000
      vertex 118.2530 234.6915 3.0000
      vertex 118.2530 234.6915 0.0000
    endloop
  endfacet
  facet normal -0.950937 -0.309385 -3.35992e-19
    outer loop
      vertex 118.2530 234.6915 3.0000
      vertex 118.3630 234.3534 0.0000
      vertex 118.3630 234.3534 3.0000
    endloop
  endfacet
  facet normal -0.994564 -0.104128 3.14384e-19
    outer loop
      vertex 118.4000 234.0000 0.0000
      vertex 118.3630 234.3534 3.0000
      vertex 118.3630 234.3534 0.0000
    endloop
  endfacet
  facet normal -0.994564 -0.104128 3.14384e-19
    outer loop
      vertex 118.3630 234.3534 3.0000
      vertex 118.4000 234.0000 0.0000
      vertex 118.4000 234.0000 3.0000
    endloop
  endfacet
  facet normal -0.74426 0.66789 4.25856e-18
    outer loop
      vertex 117.8380 232.7367 0.0000
      vertex 118.0750 233.0008 3.0000
      vertex 118.0750 233.0008 0.0000
    endloop
  endfacet
  facet normal -0.74426 0.66789 4.25856e-18
    outer loop
      vertex 118.0750 233.0008 3.0000
      vertex 117.8380 232.7367 0.0000
      vertex 117.8380 232.7367 3.0000
    endloop
  endfacet
  facet normal -0.74426 -0.66789 -4.25856e-18
    outer loop
      vertex 118.0750 234.9992 0.0000
      vertex 117.8380 235.2633 3.0000
      vertex 117.8380 235.2633 0.0000
    endloop
  endfacet
  facet normal -0.74426 -0.66789 -4.25856e-18
    outer loop
      vertex 117.8380 235.2633 3.0000
      vertex 118.0750 234.9992 0.0000
      vertex 118.0750 234.9992 3.0000
    endloop
  endfacet
  facet normal 0 1 -0
    outer loop
      vertex 116.8780 232.3093 0.0000
      vertex 116.5220 232.3093 3.0000
      vertex 116.8780 232.3093 3.0000
    endloop
  endfacet
  facet normal 0 1 0
    outer loop
      vertex 116.5220 232.3093 3.0000
      vertex 116.8780 232.3093 0.0000
      vertex 116.5220 232.3093 0.0000
    endloop
  endfacet
  facet normal 0.8656 0.500737 -3.60709e-19
    outer loop
      vertex 115.3250 233.0008 3.0000
      vertex 115.1470 233.3085 0.0000
      vertex 115.1470 233.3085 3.0000
    endloop
  endfacet
  facet normal 0.8656 0.500737 -3.60709e-19
    outer loop
      vertex 115.1470 233.3085 0.0000
      vertex 115.3250 233.0008 3.0000
      vertex 115.3250 233.0008 0.0000
    endloop
  endfacet
  facet normal 0.406504 0.913649 -0
    outer loop
      vertex 116.1750 232.3832 0.0000
      vertex 115.8500 232.5278 3.0000
      vertex 116.1750 232.3832 3.0000
    endloop
  endfacet
  facet normal 0.406504 0.913649 0
    outer loop
      vertex 115.8500 232.5278 3.0000
      vertex 116.1750 232.3832 0.0000
      vertex 115.8500 232.5278 0.0000
    endloop
  endfacet
  facet normal -0.8656 -0.500737 -3.60709e-19
    outer loop
      vertex 118.2530 234.6915 0.0000
      vertex 118.0750 234.9992 3.0000
      vertex 118.0750 234.9992 0.0000
    endloop
  endfacet
  facet normal -0.8656 -0.500737 -3.60709e-19
    outer loop
      vertex 118.0750 234.9992 3.0000
      vertex 118.2530 234.6915 0.0000
      vertex 118.2530 234.6915 3.0000
    endloop
  endfacet
  facet normal -0.994567 0.104099 -5.97544e-19
    outer loop
      vertex 118.3630 233.6465 0.0000
      vertex 118.4000 234.0000 3.0000
      vertex 118.4000 234.0000 0.0000
    endloop
  endfacet
  facet normal -0.994567 0.104099 -5.97544e-19
    outer loop
      vertex 118.4000 234.0000 3.0000
      vertex 118.3630 233.6465 0.0000
      vertex 118.3630 233.6465 3.0000
    endloop
  endfacet
  facet normal -0.587152 -0.809477 0
    outer loop
      vertex 117.5500 235.4722 0.0000
      vertex 117.8380 235.2633 3.0000
      vertex 117.5500 235.4722 3.0000
    endloop
  endfacet
  facet normal -0.587152 -0.809477 -0
    outer loop
      vertex 117.8380 235.2633 3.0000
      vertex 117.5500 235.4722 0.0000
      vertex 117.8380 235.2633 0.0000
    endloop
  endfacet
  facet normal -0.406504 -0.913649 0
    outer loop
      vertex 117.2250 235.6168 0.0000
      vertex 117.5500 235.4722 3.0000
      vertex 117.2250 235.6168 3.0000
    endloop
  endfacet
  facet normal -0.406504 -0.913649 -0
    outer loop
      vertex 117.5500 235.4722 3.0000
      vertex 117.2250 235.6168 0.0000
      vertex 117.5500 235.4722 0.0000
    endloop
  endfacet
  facet normal -0.208297 0.978066 0
    outer loop
      vertex 117.2250 232.3832 0.0000
      vertex 116.8780 232.3093 3.0000
      vertex 117.2250 232.3832 3.0000
    endloop
  endfacet
  facet normal -0.208297 0.978066 0
    outer loop
      vertex 116.8780 232.3093 3.0000
      vertex 117.2250 232.3832 0.0000
      vertex 116.8780 232.3093 0.0000
    endloop
  endfacet
  facet normal -0.587152 0.809477 0
    outer loop
      vertex 117.8380 232.7367 0.0000
      vertex 117.5500 232.5278 3.0000
      vertex 117.8380 232.7367 3.0000
    endloop
  endfacet
  facet normal -0.587152 0.809477 0
    outer loop
      vertex 117.5500 232.5278 3.0000
      vertex 117.8380 232.7367 0.0000
      vertex 117.5500 232.5278 0.0000
    endloop
  endfacet
  facet normal -0.8656 0.500737 3.60709e-19
    outer loop
      vertex 118.0750 233.0008 0.0000
      vertex 118.2530 233.3085 3.0000
      vertex 118.2530 233.3085 0.0000
    endloop
  endfacet
  facet normal -0.8656 0.500737 3.60709e-19
    outer loop
      vertex 118.2530 233.3085 3.0000
      vertex 118.0750 233.0008 0.0000
      vertex 118.0750 233.0008 3.0000
    endloop
  endfacet
  facet normal 0.994564 -0.104128 -3.14384e-19
    outer loop
      vertex 115.0000 234.0000 3.0000
      vertex 115.0370 234.3534 0.0000
      vertex 115.0370 234.3534 3.0000
    endloop
  endfacet
  facet normal 0.994564 -0.104128 -3.14384e-19
    outer loop
      vertex 115.0370 234.3534 0.0000
      vertex 115.0000 234.0000 3.0000
      vertex 115.0000 234.0000 0.0000
    endloop
  endfacet
  facet normal 0.208297 0.978066 -0
    outer loop
      vertex 116.5220 232.3093 0.0000
      vertex 116.1750 232.3832 3.0000
      vertex 116.5220 232.3093 3.0000
    endloop
  endfacet
  facet normal 0.208297 0.978066 0
    outer loop
      vertex 116.1750 232.3832 3.0000
      vertex 116.5220 232.3093 0.0000
      vertex 116.1750 232.3832 0.0000
    endloop
  endfacet
  facet normal 0.8656 -0.500737 3.60709e-19
    outer loop
      vertex 115.1470 234.6915 3.0000
      vertex 115.3250 234.9992 0.0000
      vertex 115.3250 234.9992 3.0000
    endloop
  endfacet
  facet normal 0.8656 -0.500737 3.60709e-19
    outer loop
      vertex 115.3250 234.9992 0.0000
      vertex 115.1470 234.6915 3.0000
      vertex 115.1470 234.6915 0.0000
    endloop
  endfacet
  facet normal -0.406504 0.913649 0
    outer loop
      vertex 117.5500 232.5278 0.0000
      vertex 117.2250 232.3832 3.0000
      vertex 117.5500 232.5278 3.0000
    endloop
  endfacet
  facet normal -0.406504 0.913649 0
    outer loop
      vertex 117.2250 232.3832 3.0000
      vertex 117.5500 232.5278 0.0000
      vertex 117.2250 232.3832 0.0000
    endloop
  endfacet
  facet normal 0.95091 0.309468 -2.38839e-18
    outer loop
      vertex 115.1470 233.3085 3.0000
      vertex 115.0370 233.6465 0.0000
      vertex 115.0370 233.6465 3.0000
    endloop
  endfacet
  facet normal 0.95091 0.309468 -2.38839e-18
    outer loop
      vertex 115.0370 233.6465 0.0000
      vertex 115.1470 233.3085 3.0000
      vertex 115.1470 233.3085 0.0000
    endloop
  endfacet
  facet normal -0.95091 0.309468 -1.20357e-18
    outer loop
      vertex 118.2530 233.3085 0.0000
      vertex 118.3630 233.6465 3.0000
      vertex 118.3630 233.6465 0.0000
    endloop
  endfacet
  facet normal -0.95091 0.309468 -1.20357e-18
    outer loop
      vertex 118.3630 233.6465 3.0000
      vertex 118.2530 233.3085 0.0000
      vertex 118.2530 233.3085 3.0000
    endloop
  endfacet
  facet normal 0.74426 -0.66789 2.65249e-18
    outer loop
      vertex 115.3250 234.9992 3.0000
      vertex 115.5620 235.2633 0.0000
      vertex 115.5620 235.2633 3.0000
    endloop
  endfacet
  facet normal 0.74426 -0.66789 2.65249e-18
    outer loop
      vertex 115.5620 235.2633 0.0000
      vertex 115.3250 234.9992 3.0000
      vertex 115.3250 234.9992 0.0000
    endloop
  endfacet
  facet normal 0.587152 -0.809477 0
    outer loop
      vertex 115.5620 235.2633 0.0000
      vertex 115.8500 235.4722 3.0000
      vertex 115.5620 235.2633 3.0000
    endloop
  endfacet
  facet normal 0.587152 -0.809477 0
    outer loop
      vertex 115.8500 235.4722 3.0000
      vertex 115.5620 235.2633 0.0000
      vertex 115.8500 235.4722 0.0000
    endloop
  endfacet
  facet normal -0.208297 -0.978066 0
    outer loop
      vertex 116.8780 235.6907 0.0000
      vertex 117.2250 235.6168 3.0000
      vertex 116.8780 235.6907 3.0000
    endloop
  endfacet
  facet normal -0.208297 -0.978066 -0
    outer loop
      vertex 117.2250 235.6168 3.0000
      vertex 116.8780 235.6907 0.0000
      vertex 117.2250 235.6168 0.0000
    endloop
  endfacet
  facet normal 0.950937 -0.309385 1.26236e-18
    outer loop
      vertex 115.0370 234.3534 3.0000
      vertex 115.1470 234.6915 0.0000
      vertex 115.1470 234.6915 3.0000
    endloop
  endfacet
  facet normal 0.950937 -0.309385 1.26236e-18
    outer loop
      vertex 115.1470 234.6915 0.0000
      vertex 115.0370 234.3534 3.0000
      vertex 115.0370 234.3534 0.0000
    endloop
  endfacet
  facet normal 0.406504 -0.913649 0
    outer loop
      vertex 115.8500 235.4722 0.0000
      vertex 116.1750 235.6168 3.0000
      vertex 115.8500 235.4722 3.0000
    endloop
  endfacet
  facet normal 0.406504 -0.913649 0
    outer loop
      vertex 116.1750 235.6168 3.0000
      vertex 115.8500 235.4722 0.0000
      vertex 116.1750 235.6168 0.0000
    endloop
  endfacet
  facet normal 0.208297 -0.978066 0
    outer loop
      vertex 116.1750 235.6168 0.0000
      vertex 116.5220 235.6907 3.0000
      vertex 116.1750 235.6168 3.0000
    endloop
  endfacet
  facet normal 0.208297 -0.978066 0
    outer loop
      vertex 116.5220 235.6907 3.0000
      vertex 116.1750 235.6168 0.0000
      vertex 116.5220 235.6907 0.0000
    endloop
  endfacet
  facet normal 0.587152 0.809477 -0
    outer loop
      vertex 115.8500 232.5278 0.0000
      vertex 115.5620 232.7367 3.0000
      vertex 115.8500 232.5278 3.0000
    endloop
  endfacet
  facet normal 0.587152 0.809477 0
    outer loop
      vertex 115.5620 232.7367 3.0000
      vertex 115.8500 232.5278 0.0000
      vertex 115.5620 232.7367 0.0000
    endloop
  endfacet
  facet normal 0.74426 0.66789 -2.65249e-18
    outer loop
      vertex 115.5620 232.7367 3.0000
      vertex 115.3250 233.0008 0.0000
      vertex 115.3250 233.0008 3.0000
    endloop
  endfacet
  facet normal 0.74426 0.66789 -2.65249e-18
    outer loop
      vertex 115.3250 233.0008 0.0000
      vertex 115.5620 232.7367 3.0000
      vertex 115.5620 232.7367 0.0000
    endloop
  endfacet
  facet normal 0.994567 0.104099 5.97544e-19
    outer loop
      vertex 115.0370 233.6465 3.0000
      vertex 115.0000 234.0000 0.0000
      vertex 115.0000 234.0000 3.0000
    endloop
  endfacet
  facet normal 0.994567 0.104099 5.97544e-19
    outer loop
      vertex 115.0000 234.0000 0.0000
      vertex 115.0370 233.6465 3.0000
      vertex 115.0370 233.6465 0.0000
    endloop
  endfacet
  facet normal 1 -0 0
    outer loop
      vertex 126.7000 0.0000 3.0000
      vertex 126.7000 244.0000 0.0000
      vertex 126.7000 244.0000 3.0000
    endloop
  endfacet
  facet normal 1 0 0
    outer loop
      vertex 126.7000 244.0000 0.0000
      vertex 126.7000 0.0000 3.0000
      vertex 126.7000 0.0000 0.0000
    endloop
  endfacet
  facet normal 0 0 -1
    outer loop
      vertex 2.0810 189.8000 0.0000
      vertex 12.7000 163.4000 0.0000
      vertex 2.0810 151.8000 0.0000
    endloop
  endfacet
  facet normal 0 0 -1
    outer loop
      vertex 12.7000 163.4000 0.0000
      vertex 2.0810 189.8000 0.0000
      vertex 6.7000 189.8000 0.0000
    endloop
  endfacet
  facet normal 0 0 -1
    outer loop
      vertex 0.0000 149.6000 0.0000
      vertex 2.0810 151.8000 0.0000
      vertex 0.8810 149.6000 0.0000
    endloop
  endfacet
  facet normal -0 0 -1
    outer loop
      vertex 2.0810 151.8000 0.0000
      vertex 0.0000 149.6000 0.0000
      vertex 2.0810 189.8000 0.0000
    endloop
  endfacet
  facet normal 0 0 -1
    outer loop
      vertex 0.0000 192.0000 0.0000
      vertex 2.0810 189.8000 0.0000
      vertex 0.0000 149.6000 0.0000
    endloop
  endfacet
  facet normal 0 0 -1
    outer loop
      vertex 2.0810 189.8000 0.0000
      vertex 0.0000 192.0000 0.0000
      vertex 0.8810 192.0000 0.0000
    endloop
  endfacet
  facet normal 0 0 -1
    outer loop
      vertex 2.0810 103.0000 0.0000
      vertex 6.7000 141.0000 0.0000
      vertex 6.7000 103.0000 0.0000
    endloop
  endfacet
  facet normal 0 0 -1
    outer loop
      vertex 2.0810 103.0000 0.0000
      vertex 2.0810 141.0000 0.0000
      vertex 6.7000 141.0000 0.0000
    endloop
  endfacet
  facet normal 0 0 -1
    outer loop
      vertex 0.0000 100.8000 0.0000
      vertex 2.0810 103.0000 0.0000
      vertex 0.8810 100.8000 0.0000
    endloop
  endfacet
  facet normal -0 0 -1
    outer loop
      vertex 2.0810 103.0000 0.0000
      vertex 0.0000 100.8000 0.0000
      vertex 2.0810 141.0000 0.0000
    endloop
  endfacet
  facet normal 0 0 -1
    outer loop
      vertex 0.0000 143.2000 0.0000
      vertex 2.0810 141.0000 0.0000
      vertex 0.0000 100.8000 0.0000
    endloop
  endfacet
  facet normal 0 0 -1
    outer loop
      vertex 2.0810 141.0000 0.0000
      vertex 0.0000 143.2000 0.0000
      vertex 0.8810 143.2000 0.0000
    endloop
  endfacet
  facet normal 0 0 -1
    outer loop
      vertex 2.0810 54.2000 0.0000
      vertex 6.7000 92.2000 0.0000
      vertex 6.7000 54.2000 0.0000
    endloop
  endfacet
  facet normal 0 0 -1
    outer loop
      vertex 2.0810 54.2000 0.0000
      vertex 2.0810 92.2000 0.0000
      vertex 6.7000 92.2000 0.0000
    endloop
  endfacet
  facet normal 0 0 -1
    outer loop
      vertex 0.0000 52.0000 0.0000
      vertex 2.0810 54.2000 0.0000
      vertex 0.8810 52.0000 0.0000
    endloop
  endfacet
  facet normal -0 0 -1
    outer loop
      vertex 2.0810 54.2000 0.0000
      vertex 0.0000 52.0000 0.0000
      vertex 2.0810 92.2000 0.0000
    endloop
  endfacet
  facet normal 0 0 -1
    outer loop
      vertex 0.0000 94.4000 0.0000
      vertex 2.0810 92.2000 0.0000
      vertex 0.0000 52.0000 0.0000
    endloop
  endfacet
  facet normal 0 0 -1
    outer loop
      vertex 2.0810 92.2000 0.0000
      vertex 0.0000 94.4000 0.0000
      vertex 0.8810 94.4000 0.0000
    endloop
  endfacet
  facet normal 0 0 -1
    outer loop
      vertex 12.7000 207.4000 0.0000
      vertex 15.7000 211.4000 0.0000
      vertex 15.7000 207.4000 0.0000
    endloop
  endfacet
  facet normal -0 0 -1
    outer loop
      vertex 15.7000 211.4000 0.0000
      vertex 12.7000 207.4000 0.0000
      vertex 12.7000 211.4000 0.0000
    endloop
  endfacet
  facet normal 0 0 -1
    outer loop
      vertex 12.7000 183.4000 0.0000
      vertex 15.7000 187.4000 0.0000
      vertex 15.7000 183.4000 0.0000
    endloop
  endfacet
  facet normal -0 0 -1
    outer loop
      vertex 15.7000 187.4000 0.0000
      vertex 12.7000 183.4000 0.0000
      vertex 12.7000 187.4000 0.0000
    endloop
  endfacet
  facet normal 0 0 -1
    outer loop
      vertex 18.7000 207.4000 0.0000
      vertex 21.7000 211.4000 0.0000
      vertex 21.7000 207.4000 0.0000
    endloop
  endfacet
  facet normal -0 0 -1
    outer loop
      vertex 21.7000 211.4000 0.0000
      vertex 18.7000 207.4000 0.0000
      vertex 18.7000 211.4000 0.0000
    endloop
  endfacet
  facet normal 0 0 -1
    outer loop
      vertex 18.7000 183.4000 0.0000
      vertex 21.7000 187.4000 0.0000
      vertex 21.7000 183.4000 0.0000
    endloop
  endfacet
  facet normal -0 0 -1
    outer loop
      vertex 21.7000 187.4000 0.0000
      vertex 18.7000 183.4000 0.0000
      vertex 18.7000 187.4000 0.0000
    endloop
  endfacet
  facet normal 0 0 -1
    outer loop
      vertex 24.7000 207.4000 0.0000
      vertex 27.7000 211.4000 0.0000
      vertex 27.7000 207.4000 0.0000
    endloop
  endfacet
  facet normal -0 0 -1
    outer loop
      vertex 27.7000 211.4000 0.0000
      vertex 24.7000 207.4000 0.0000
      vertex 24.7000 211.4000 0.0000
    endloop
  endfacet
  facet normal 0 0 -1
    outer loop
      vertex 24.7000 183.4000 0.0000
      vertex 27.7000 187.4000 0.0000
      vertex 27.7000 183.4000 0.0000
    endloop
  endfacet
  facet normal -0 0 -1
    outer loop
      vertex 27.7000 187.4000 0.0000
      vertex 24.7000 183.4000 0.0000
      vertex 24.7000 187.4000 0.0000
    endloop
  endfacet
  facet normal 0 0 -1
    outer loop
      vertex 30.7000 207.4000 0.0000
      vertex 33.7000 211.4000 0.0000
      vertex 33.7000 207.4000 0.0000
    endloop
  endfacet
  facet normal -0 0 -1
    outer loop
      vertex 33.7000 211.4000 0.0000
      vertex 30.7000 207.4000 0.0000
      vertex 30.7000 211.4000 0.0000
    endloop
  endfacet
  facet normal 0 0 -1
    outer loop
      vertex 30.7000 183.4000 0.0000
      vertex 33.7000 187.4000 0.0000
      vertex 33.7000 183.4000 0.0000
    endloop
  endfacet
  facet normal -0 0 -1
    outer loop
      vertex 33.7000 187.4000 0.0000
      vertex 30.7000 183.4000 0.0000
      vertex 30.7000 187.4000 0.0000
    endloop
  endfacet
  facet normal 0 0 -1
    outer loop
      vertex 36.7000 207.4000 0.0000
      vertex 39.7000 211.4000 0.0000
      vertex 39.7000 207.4000 0.0000
    endloop
  endfacet
  facet normal -0 0 -1
    outer loop
      vertex 39.7000 211.4000 0.0000
      vertex 36.7000 207.4000 0.0000
      vertex 36.7000 211.4000 0.0000
    endloop
  endfacet
  facet normal 0 0 -1
    outer loop
      vertex 36.7000 183.4000 0.0000
      vertex 39.7000 187.4000 0.0000
      vertex 39.7000 183.4000 0.0000
    endloop
  endfacet
  facet normal -0 0 -1
    outer loop
      vertex 39.7000 187.4000 0.0000
      vertex 36.7000 183.4000 0.0000
      vertex 36.7000 187.4000 0.0000
    endloop
  endfacet
  facet normal 0 0 -1
    outer loop
      vertex 42.7000 207.4000 0.0000
      vertex 45.7000 211.4000 0.0000
      vertex 45.7000 207.4000 0.0000
    endloop
  endfacet
  facet normal -0 0 -1
    outer loop
      vertex 45.7000 211.4000 0.0000
      vertex 42.7000 207.4000 0.0000
      vertex 42.7000 211.4000 0.0000
    endloop
  endfacet
  facet normal 0 0 -1
    outer loop
      vertex 42.7000 183.4000 0.0000
      vertex 45.7000 187.4000 0.0000
      vertex 45.7000 183.4000 0.0000
    endloop
  endfacet
  facet normal -0 0 -1
    outer loop
      vertex 45.7000 187.4000 0.0000
      vertex 42.7000 183.4000 0.0000
      vertex 42.7000 187.4000 0.0000
    endloop
  endfacet
  facet normal 0 0 -1
    outer loop
      vertex 48.7000 207.4000 0.0000
      vertex 51.7000 211.4000 0.0000
      vertex 51.7000 207.4000 0.0000
    endloop
  endfacet
  facet normal -0 0 -1
    outer loop
      vertex 51.7000 211.4000 0.0000
      vertex 48.7000 207.4000 0.0000
      vertex 48.7000 211.4000 0.0000
    endloop
  endfacet
  facet normal 0 0 -1
    outer loop
      vertex 48.7000 183.4000 0.0000
      vertex 51.7000 187.4000 0.0000
      vertex 51.7000 183.4000 0.0000
    endloop
  endfacet
  facet normal -0 0 -1
    outer loop
      vertex 51.7000 187.4000 0.0000
      vertex 48.7000 183.4000 0.0000
      vertex 48.7000 187.4000 0.0000
    endloop
  endfacet
  facet normal 0 0 -1
    outer loop
      vertex 54.7000 207.4000 0.0000
      vertex 57.7000 211.4000 0.0000
      vertex 57.7000 207.4000 0.0000
    endloop
  endfacet
  facet normal -0 0 -1
    outer loop
      vertex 57.7000 211.4000 0.0000
      vertex 54.7000 207.4000 0.0000
      vertex 54.7000 211.4000 0.0000
    endloop
  endfacet
  facet normal 0 0 -1
    outer loop
      vertex 54.7000 183.4000 0.0000
      vertex 57.7000 187.4000 0.0000
      vertex 57.7000 183.4000 0.0000
    endloop
  endfacet
  facet normal -0 0 -1
    outer loop
      vertex 57.7000 187.4000 0.0000
      vertex 54.7000 183.4000 0.0000
      vertex 54.7000 187.4000 0.0000
    endloop
  endfacet
  facet normal 0 0 -1
    outer loop
      vertex 60.7000 207.4000 0.0000
      vertex 63.7000 211.4000 0.0000
      vertex 63.7000 207.4000 0.0000
    endloop
  endfacet
  facet normal -0 0 -1
    outer loop
      vertex 63.7000 211.4000 0.0000
      vertex 60.7000 207.4000 0.0000
      vertex 60.7000 211.4000 0.0000
    endloop
  endfacet
  facet normal 0 0 -1
    outer loop
      vertex 60.7000 183.4000 0.0000
      vertex 63.7000 187.4000 0.0000
      vertex 63.7000 183.4000 0.0000
    endloop
  endfacet
  facet normal -0 0 -1
    outer loop
      vertex 63.7000 187.4000 0.0000
      vertex 60.7000 183.4000 0.0000
      vertex 60.7000 187.4000 0.0000
    endloop
  endfacet
  facet normal 0 0 -1
    outer loop
      vertex 66.7000 207.4000 0.0000
      vertex 69.7000 211.4000 0.0000
      vertex 69.7000 207.4000 0.0000
    endloop
  endfacet
  facet normal -0 0 -1
    outer loop
      vertex 69.7000 211.4000 0.0000
      vertex 66.7000 207.4000 0.0000
      vertex 66.7000 211.4000 0.0000
    endloop
  endfacet
  facet normal 0 0 -1
    outer loop
      vertex 66.7000 183.4000 0.0000
      vertex 69.7000 187.4000 0.0000
      vertex 69.7000 183.4000 0.0000
    endloop
  endfacet
  facet normal -0 0 -1
    outer loop
      vertex 69.7000 187.4000 0.0000
      vertex 66.7000 183.4000 0.0000
      vertex 66.7000 187.4000 0.0000
    endloop
  endfacet
  facet normal 0 0 -1
    outer loop
      vertex 72.7000 207.4000 0.0000
      vertex 75.7000 211.4000 0.0000
      vertex 75.7000 207.4000 0.0000
    endloop
  endfacet
  facet normal -0 0 -1
    outer loop
      vertex 75.7000 211.4000 0.0000
      vertex 72.7000 207.4000 0.0000
      vertex 72.7000 211.4000 0.0000
    endloop
  endfacet
  facet normal 0 0 -1
    outer loop
      vertex 72.7000 183.4000 0.0000
      vertex 75.7000 187.4000 0.0000
      vertex 75.7000 183.4000 0.0000
    endloop
  endfacet
  facet normal -0 0 -1
    outer loop
      vertex 75.7000 187.4000 0.0000
      vertex 72.7000 183.4000 0.0000
      vertex 72.7000 187.4000 0.0000
    endloop
  endfacet
  facet normal 0 0 -1
    outer loop
      vertex 78.7000 207.4000 0.0000
      vertex 81.7000 211.4000 0.0000
      vertex 81.7000 207.4000 0.0000
    endloop
  endfacet
  facet normal -0 0 -1
    outer loop
      vertex 81.7000 211.4000 0.0000
      vertex 78.7000 207.4000 0.0000
      vertex 78.7000 211.4000 0.0000
    endloop
  endfacet
  facet normal 0 0 -1
    outer loop
      vertex 78.7000 183.4000 0.0000
      vertex 81.7000 187.4000 0.0000
      vertex 81.7000 183.4000 0.0000
    endloop
  endfacet
  facet normal -0 0 -1
    outer loop
      vertex 81.7000 187.4000 0.0000
      vertex 78.7000 183.4000 0.0000
      vertex 78.7000 187.4000 0.0000
    endloop
  endfacet
  facet normal 0 0 -1
    outer loop
      vertex 84.7000 207.4000 0.0000
      vertex 87.7000 211.4000 0.0000
      vertex 87.7000 207.4000 0.0000
    endloop
  endfacet
  facet normal -0 0 -1
    outer loop
      vertex 87.7000 211.4000 0.0000
      vertex 84.7000 207.4000 0.0000
      vertex 84.7000 211.4000 0.0000
    endloop
  endfacet
  facet normal 0 0 -1
    outer loop
      vertex 84.7000 183.4000 0.0000
      vertex 87.7000 187.4000 0.0000
      vertex 87.7000 183.4000 0.0000
    endloop
  endfacet
  facet normal -0 0 -1
    outer loop
      vertex 87.7000 187.4000 0.0000
      vertex 84.7000 183.4000 0.0000
      vertex 84.7000 187.4000 0.0000
    endloop
  endfacet
  facet normal 0 0 -1
    outer loop
      vertex 90.7000 207.4000 0.0000
      vertex 93.7000 211.4000 0.0000
      vertex 93.7000 207.4000 0.0000
    endloop
  endfacet
  facet normal -0 0 -1
    outer loop
      vertex 93.7000 211.4000 0.0000
      vertex 90.7000 207.4000 0.0000
      vertex 90.7000 211.4000 0.0000
    endloop
  endfacet
  facet normal 0 0 -1
    outer loop
      vertex 90.7000 183.4000 0.0000
      vertex 93.7000 187.4000 0.0000
      vertex 93.7000 183.4000 0.0000
    endloop
  endfacet
  facet normal -0 0 -1
    outer loop
      vertex 93.7000 187.4000 0.0000
      vertex 90.7000 183.4000 0.0000
      vertex 90.7000 187.4000 0.0000
    endloop
  endfacet
  facet normal 0 0 -1
    outer loop
      vertex 96.7000 207.4000 0.0000
      vertex 99.7000 211.4000 0.0000
      vertex 99.7000 207.4000 0.0000
    endloop
  endfacet
  facet normal -0 0 -1
    outer loop
      vertex 99.7000 211.4000 0.0000
      vertex 96.7000 207.4000 0.0000
      vertex 96.7000 211.4000 0.0000
    endloop
  endfacet
  facet normal 0 0 -1
    outer loop
      vertex 96.7000 183.4000 0.0000
      vertex 99.7000 187.4000 0.0000
      vertex 99.7000 183.4000 0.0000
    endloop
  endfacet
  facet normal -0 0 -1
    outer loop
      vertex 99.7000 187.4000 0.0000
      vertex 96.7000 183.4000 0.0000
      vertex 96.7000 187.4000 0.0000
    endloop
  endfacet
  facet normal 0 0 -1
    outer loop
      vertex 102.7000 207.4000 0.0000
      vertex 105.7000 211.4000 0.0000
      vertex 105.7000 207.4000 0.0000
    endloop
  endfacet
  facet normal -0 0 -1
    outer loop
      vertex 105.7000 211.4000 0.0000
      vertex 102.7000 207.4000 0.0000
      vertex 102.7000 211.4000 0.0000
    endloop
  endfacet
  facet normal 0 0 -1
    outer loop
      vertex 102.7000 183.4000 0.0000
      vertex 105.7000 187.4000 0.0000
      vertex 105.7000 183.4000 0.0000
    endloop
  endfacet
  facet normal -0 0 -1
    outer loop
      vertex 105.7000 187.4000 0.0000
      vertex 102.7000 183.4000 0.0000
      vertex 102.7000 187.4000 0.0000
    endloop
  endfacet
  facet normal 0 0 -1
    outer loop
      vertex 108.7000 207.4000 0.0000
      vertex 111.7000 211.4000 0.0000
      vertex 111.7000 207.4000 0.0000
    endloop
  endfacet
  facet normal -0 0 -1
    outer loop
      vertex 111.7000 211.4000 0.0000
      vertex 108.7000 207.4000 0.0000
      vertex 108.7000 211.4000 0.0000
    endloop
  endfacet
  facet normal 0 0 -1
    outer loop
      vertex 108.7000 183.4000 0.0000
      vertex 111.7000 187.4000 0.0000
      vertex 111.7000 183.4000 0.0000
    endloop
  endfacet
  facet normal -0 0 -1
    outer loop
      vertex 111.7000 187.4000 0.0000
      vertex 108.7000 183.4000 0.0000
      vertex 108.7000 187.4000 0.0000
    endloop
  endfacet
  facet normal 0 0 -1
    outer loop
      vertex 114.7000 207.4000 0.0000
      vertex 117.7000 211.4000 0.0000
      vertex 117.7000 207.4000 0.0000
    endloop
  endfacet
  facet normal -0 0 -1
    outer loop
      vertex 117.7000 211.4000 0.0000
      vertex 114.7000 207.4000 0.0000
      vertex 114.7000 211.4000 0.0000
    endloop
  endfacet
  facet normal 0 0 -1
    outer loop
      vertex 114.7000 183.4000 0.0000
      vertex 117.7000 187.4000 0.0000
      vertex 117.7000 183.4000 0.0000
    endloop
  endfacet
  facet normal -0 0 -1
    outer loop
      vertex 117.7000 187.4000 0.0000
      vertex 114.7000 183.4000 0.0000
      vertex 114.7000 187.4000 0.0000
    endloop
  endfacet
  facet normal 0 0 -1
    outer loop
      vertex 126.7000 0.0000 0.0000
      vertex 117.7000 163.4000 0.0000
      vertex 126.7000 244.0000 0.0000
    endloop
  endfacet
  facet normal 0 0 -1
    outer loop
      vertex 117.7000 183.4000 0.0000
      vertex 126.7000 244.0000 0.0000
      vertex 117.7000 163.4000 0.0000
    endloop
  endfacet
  facet normal 0 0 -1
    outer loop
      vertex 117.7000 163.4000 0.0000
      vertex 118.3630 10.3530 0.0000
      vertex 118.2530 10.6910 0.0000
    endloop
  endfacet
  facet normal 0 0 -1
    outer loop
      vertex 117.7000 187.4000 0.0000
      vertex 126.7000 244.0000 0.0000
      vertex 117.7000 183.4000 0.0000
    endloop
  endfacet
  facet normal 0 0 -1
    outer loop
      vertex 117.7000 163.4000 0.0000
      vertex 118.2530 10.6910 0.0000
      vertex 118.0750 10.9990 0.0000
    endloop
  endfacet
  facet normal 0 0 -1
    outer loop
      vertex 117.7000 207.4000 0.0000
      vertex 126.7000 244.0000 0.0000
      vertex 117.7000 187.4000 0.0000
    endloop
  endfacet
  facet normal 0 0 -1
    outer loop
      vertex 117.7000 163.4000 0.0000
      vertex 118.0750 10.9990 0.0000
      vertex 117.8380 11.2630 0.0000
    endloop
  endfacet
  facet normal 0 0 -1
    outer loop
      vertex 117.7000 211.4000 0.0000
      vertex 126.7000 244.0000 0.0000
      vertex 117.7000 207.4000 0.0000
    endloop
  endfacet
  facet normal 0 0 -1
    outer loop
      vertex 117.7000 231.4000 0.0000
      vertex 126.7000 244.0000 0.0000
      vertex 117.7000 211.4000 0.0000
    endloop
  endfacet
  facet normal 0 0 -1
    outer loop
      vertex 117.5500 11.4720 0.0000
      vertex 117.7000 163.4000 0.0000
      vertex 117.8380 11.2630 0.0000
    endloop
  endfacet
  facet normal 0 0 -1
    outer loop
      vertex 117.2250 11.6170 0.0000
      vertex 117.7000 163.4000 0.0000
      vertex 117.5500 11.4720 0.0000
    endloop
  endfacet
  facet normal 0 0 -1
    outer loop
      vertex 116.8780 11.6910 0.0000
      vertex 117.7000 163.4000 0.0000
      vertex 117.2250 11.6170 0.0000
    endloop
  endfacet
  facet normal 0 0 -1
    outer loop
      vertex 116.5220 11.6910 0.0000
      vertex 117.7000 163.4000 0.0000
      vertex 116.8780 11.6910 0.0000
    endloop
  endfacet
  facet normal 0 0 -1
    outer loop
      vertex 99.7000 163.4000 0.0000
      vertex 116.5220 11.6910 0.0000
      vertex 116.1750 11.6170 0.0000
    endloop
  endfacet
  facet normal 0 0 -1
    outer loop
      vertex 6.7000 92.2000 0.0000
      vertex 116.1750 11.6170 0.0000
      vertex 115.8500 11.4720 0.0000
    endloop
  endfacet
  facet normal 0 0 -1
    outer loop
      vertex 6.7000 54.2000 0.0000
      vertex 115.8500 11.4720 0.0000
      vertex 115.5620 11.2630 0.0000
    endloop
  endfacet
  facet normal 0 0 -1
    outer loop
      vertex 6.7000 54.2000 0.0000
      vertex 115.5620 11.2630 0.0000
      vertex 115.3250 10.9990 0.0000
    endloop
  endfacet
  facet normal 0 0 -1
    outer loop
      vertex 6.7000 43.4000 0.0000
      vertex 115.3250 10.9990 0.0000
      vertex 115.1470 10.6910 0.0000
    endloop
  endfacet
  facet normal 0 0 -1
    outer loop
      vertex 6.7000 43.4000 0.0000
      vertex 115.1470 10.6910 0.0000
      vertex 115.0370 10.3530 0.0000
    endloop
  endfacet
  facet normal 0 0 -1
    outer loop
      vertex 6.7000 43.4000 0.0000
      vertex 115.0370 10.3530 0.0000
      vertex 115.0000 10.0000 0.0000
    endloop
  endfacet
  facet normal 0 0 -1
    outer loop
      vertex 116.5220 11.6910 0.0000
      vertex 114.7000 163.4000 0.0000
      vertex 117.7000 163.4000 0.0000
    endloop
  endfacet
  facet normal 0 0 -1
    outer loop
      vertex 118.3630 10.3530 0.0000
      vertex 126.7000 0.0000 0.0000
      vertex 118.4000 10.0000 0.0000
    endloop
  endfacet
  facet normal 0 0 -1
    outer loop
      vertex 126.7000 0.0000 0.0000
      vertex 118.3630 9.6470 0.0000
      vertex 118.4000 10.0000 0.0000
    endloop
  endfacet
  facet normal 0 0 -1
    outer loop
      vertex 126.7000 0.0000 0.0000
      vertex 118.2530 9.3090 0.0000
      vertex 118.3630 9.6470 0.0000
    endloop
  endfacet
  facet normal 0 0 -1
    outer loop
      vertex 126.7000 0.0000 0.0000
      vertex 118.0750 9.0010 0.0000
      vertex 118.2530 9.3090 0.0000
    endloop
  endfacet
  facet normal 0 0 -1
    outer loop
      vertex 126.7000 0.0000 0.0000
      vertex 117.8380 8.7370 0.0000
      vertex 118.0750 9.0010 0.0000
    endloop
  endfacet
  facet normal 0 0 -1
    outer loop
      vertex 126.7000 0.0000 0.0000
      vertex 117.5500 8.5280 0.0000
      vertex 117.8380 8.7370 0.0000
    endloop
  endfacet
  facet normal 0 0 -1
    outer loop
      vertex 126.7000 0.0000 0.0000
      vertex 117.2250 8.3830 0.0000
      vertex 117.5500 8.5280 0.0000
    endloop
  endfacet
  facet normal 0 0 -1
    outer loop
      vertex 126.7000 0.0000 0.0000
      vertex 116.8780 8.3090 0.0000
      vertex 117.2250 8.3830 0.0000
    endloop
  endfacet
  facet normal 0 0 -1
    outer loop
      vertex 126.7000 0.0000 0.0000
      vertex 116.5220 8.3090 0.0000
      vertex 116.8780 8.3090 0.0000
    endloop
  endfacet
  facet normal 0 0 -1
    outer loop
      vertex 126.7000 0.0000 0.0000
      vertex 116.1750 8.3830 0.0000
      vertex 116.5220 8.3090 0.0000
    endloop
  endfacet
  facet normal 0 0 -1
    outer loop
      vertex 126.7000 0.0000 0.0000
      vertex 115.8500 8.5280 0.0000
      vertex 116.1750 8.3830 0.0000
    endloop
  endfacet
  facet normal 0 0 -1
    outer loop
      vertex 0.0000 0.0000 0.0000
      vertex 115.8500 8.5280 0.0000
      vertex 126.7000 0.0000 0.0000
    endloop
  endfacet
  facet normal 0 0 -1
    outer loop
      vertex 111.7000 183.4000 0.0000
      vertex 114.7000 183.4000 0.0000
      vertex 114.7000 163.4000 0.0000
    endloop
  endfacet
  facet normal 0 0 -1
    outer loop
      vertex 114.7000 183.4000 0.0000
      vertex 111.7000 183.4000 0.0000
      vertex 114.7000 187.4000 0.0000
    endloop
  endfacet
  facet normal 0 0 -1
    outer loop
      vertex 114.7000 187.4000 0.0000
      vertex 111.7000 187.4000 0.0000
      vertex 114.7000 207.4000 0.0000
    endloop
  endfacet
  facet normal 0 0 -1
    outer loop
      vertex 111.7000 207.4000 0.0000
      vertex 114.7000 207.4000 0.0000
      vertex 111.7000 187.4000 0.0000
    endloop
  endfacet
  facet normal 0 0 -1
    outer loop
      vertex 111.7000 183.4000 0.0000
      vertex 114.7000 163.4000 0.0000
      vertex 111.7000 163.4000 0.0000
    endloop
  endfacet
  facet normal 0 0 -1
    outer loop
      vertex 116.5220 11.6910 0.0000
      vertex 111.7000 163.4000 0.0000
      vertex 114.7000 163.4000 0.0000
    endloop
  endfacet
  facet normal 0 0 -1
    outer loop
      vertex 116.5220 11.6910 0.0000
      vertex 108.7000 163.4000 0.0000
      vertex 111.7000 163.4000 0.0000
    endloop
  endfacet
  facet normal 0 0 -1
    outer loop
      vertex 105.7000 183.4000 0.0000
      vertex 108.7000 183.4000 0.0000
      vertex 108.7000 163.4000 0.0000
    endloop
  endfacet
  facet normal 0 0 -1
    outer loop
      vertex 108.7000 183.4000 0.0000
      vertex 105.7000 183.4000 0.0000
      vertex 108.7000 187.4000 0.0000
    endloop
  endfacet
  facet normal 0 0 -1
    outer loop
      vertex 108.7000 187.4000 0.0000
      vertex 105.7000 187.4000 0.0000
      vertex 108.7000 207.4000 0.0000
    endloop
  endfacet
  facet normal 0 0 -1
    outer loop
      vertex 105.7000 207.4000 0.0000
      vertex 108.7000 207.4000 0.0000
      vertex 105.7000 187.4000 0.0000
    endloop
  endfacet
  facet normal 0 0 -1
    outer loop
      vertex 105.7000 183.4000 0.0000
      vertex 108.7000 163.4000 0.0000
      vertex 105.7000 163.4000 0.0000
    endloop
  endfacet
  facet normal 0 0 -1
    outer loop
      vertex 116.5220 11.6910 0.0000
      vertex 105.7000 163.4000 0.0000
      vertex 108.7000 163.4000 0.0000
    endloop
  endfacet
  facet normal 0 0 -1
    outer loop
      vertex 116.5220 11.6910 0.0000
      vertex 102.7000 163.4000 0.0000
      vertex 105.7000 163.4000 0.0000
    endloop
  endfacet
  facet normal 0 0 -1
    outer loop
      vertex 99.7000 183.4000 0.0000
      vertex 102.7000 183.4000 0.0000
      vertex 102.7000 163.4000 0.0000
    endloop
  endfacet
  facet normal 0 0 -1
    outer loop
      vertex 102.7000 183.4000 0.0000
      vertex 99.7000 183.4000 0.0000
      vertex 102.7000 187.4000 0.0000
    endloop
  endfacet
  facet normal 0 0 -1
    outer loop
      vertex 102.7000 187.4000 0.0000
      vertex 99.7000 187.4000 0.0000
      vertex 102.7000 207.4000 0.0000
    endloop
  endfacet
  facet normal 0 0 -1
    outer loop
      vertex 99.7000 207.4000 0.0000
      vertex 102.7000 207.4000 0.0000
      vertex 99.7000 187.4000 0.0000
    endloop
  endfacet
  facet normal 0 0 -1
    outer loop
      vertex 99.7000 183.4000 0.0000
      vertex 102.7000 163.4000 0.0000
      vertex 99.7000 163.4000 0.0000
    endloop
  endfacet
  facet normal 0 0 -1
    outer loop
      vertex 116.5220 11.6910 0.0000
      vertex 99.7000 163.4000 0.0000
      vertex 102.7000 163.4000 0.0000
    endloop
  endfacet
  facet normal 0 0 -1
    outer loop
      vertex 116.1750 11.6170 0.0000
      vertex 96.7000 163.4000 0.0000
      vertex 99.7000 163.4000 0.0000
    endloop
  endfacet
  facet normal 0 0 -1
    outer loop
      vertex 0.0000 0.0000 0.0000
      vertex 115.0000 10.0000 0.0000
      vertex 115.0370 9.6470 0.0000
    endloop
  endfacet
  facet normal 0 0 -1
    outer loop
      vertex 93.7000 183.4000 0.0000
      vertex 96.7000 183.4000 0.0000
      vertex 96.7000 163.4000 0.0000
    endloop
  endfacet
  facet normal 0 0 -1
    outer loop
      vertex 96.7000 183.4000 0.0000
      vertex 93.7000 183.4000 0.0000
      vertex 96.7000 187.4000 0.0000
    endloop
  endfacet
  facet normal 0 0 -1
    outer loop
      vertex 96.7000 187.4000 0.0000
      vertex 93.7000 187.4000 0.0000
      vertex 96.7000 207.4000 0.0000
    endloop
  endfacet
  facet normal 0 0 -1
    outer loop
      vertex 93.7000 207.4000 0.0000
      vertex 96.7000 207.4000 0.0000
      vertex 93.7000 187.4000 0.0000
    endloop
  endfacet
  facet normal 0 0 -1
    outer loop
      vertex 93.7000 183.4000 0.0000
      vertex 96.7000 163.4000 0.0000
      vertex 93.7000 163.4000 0.0000
    endloop
  endfacet
  facet normal 0 0 -1
    outer loop
      vertex 116.1750 11.6170 0.0000
      vertex 93.7000 163.4000 0.0000
      vertex 96.7000 163.4000 0.0000
    endloop
  endfacet
  facet normal 0 0 -1
    outer loop
      vertex 116.1750 11.6170 0.0000
      vertex 90.7000 163.4000 0.0000
      vertex 93.7000 163.4000 0.0000
    endloop
  endfacet
  facet normal 0 0 -1
    outer loop
      vertex 87.7000 183.4000 0.0000
      vertex 90.7000 183.4000 0.0000
      vertex 90.7000 163.4000 0.0000
    endloop
  endfacet
  facet normal 0 0 -1
    outer loop
      vertex 90.7000 183.4000 0.0000
      vertex 87.7000 183.4000 0.0000
      vertex 90.7000 187.4000 0.0000
    endloop
  endfacet
  facet normal 0 0 -1
    outer loop
      vertex 90.7000 187.4000 0.0000
      vertex 87.7000 187.4000 0.0000
      vertex 90.7000 207.4000 0.0000
    endloop
  endfacet
  facet normal 0 0 -1
    outer loop
      vertex 87.7000 207.4000 0.0000
      vertex 90.7000 207.4000 0.0000
      vertex 87.7000 187.4000 0.0000
    endloop
  endfacet
  facet normal 0 0 -1
    outer loop
      vertex 87.7000 183.4000 0.0000
      vertex 90.7000 163.4000 0.0000
      vertex 87.7000 163.4000 0.0000
    endloop
  endfacet
  facet normal 0 0 -1
    outer loop
      vertex 116.1750 11.6170 0.0000
      vertex 87.7000 163.4000 0.0000
      vertex 90.7000 163.4000 0.0000
    endloop
  endfacet
  facet normal 0 0 -1
    outer loop
      vertex 116.1750 11.6170 0.0000
      vertex 84.7000 163.4000 0.0000
      vertex 87.7000 163.4000 0.0000
    endloop
  endfacet
  facet normal 0 0 -1
    outer loop
      vertex 81.7000 183.4000 0.0000
      vertex 84.7000 183.4000 0.0000
      vertex 84.7000 163.4000 0.0000
    endloop
  endfacet
  facet normal 0 0 -1
    outer loop
      vertex 84.7000 183.4000 0.0000
      vertex 81.7000 183.4000 0.0000
      vertex 84.7000 187.4000 0.0000
    endloop
  endfacet
  facet normal 0 0 -1
    outer loop
      vertex 84.7000 187.4000 0.0000
      vertex 81.7000 187.4000 0.0000
      vertex 84.7000 207.4000 0.0000
    endloop
  endfacet
  facet normal 0 0 -1
    outer loop
      vertex 81.7000 207.4000 0.0000
      vertex 84.7000 207.4000 0.0000
      vertex 81.7000 187.4000 0.0000
    endloop
  endfacet
  facet normal 0 0 -1
    outer loop
      vertex 81.7000 183.4000 0.0000
      vertex 84.7000 163.4000 0.0000
      vertex 81.7000 163.4000 0.0000
    endloop
  endfacet
  facet normal 0 0 -1
    outer loop
      vertex 116.1750 11.6170 0.0000
      vertex 6.7000 92.2000 0.0000
      vertex 84.7000 163.4000 0.0000
    endloop
  endfacet
  facet normal -0 0 -1
    outer loop
      vertex 84.7000 163.4000 0.0000
      vertex 6.7000 92.2000 0.0000
      vertex 81.7000 163.4000 0.0000
    endloop
  endfacet
  facet normal 0 0 -1
    outer loop
      vertex 75.7000 183.4000 0.0000
      vertex 78.7000 183.4000 0.0000
      vertex 78.7000 163.4000 0.0000
    endloop
  endfacet
  facet normal 0 0 -1
    outer loop
      vertex 78.7000 183.4000 0.0000
      vertex 75.7000 183.4000 0.0000
      vertex 78.7000 187.4000 0.0000
    endloop
  endfacet
  facet normal 0 0 -1
    outer loop
      vertex 78.7000 187.4000 0.0000
      vertex 75.7000 187.4000 0.0000
      vertex 78.7000 207.4000 0.0000
    endloop
  endfacet
  facet normal 0 0 -1
    outer loop
      vertex 75.7000 207.4000 0.0000
      vertex 78.7000 207.4000 0.0000
      vertex 75.7000 187.4000 0.0000
    endloop
  endfacet
  facet normal 0 0 -1
    outer loop
      vertex 75.7000 183.4000 0.0000
      vertex 78.7000 163.4000 0.0000
      vertex 75.7000 163.4000 0.0000
    endloop
  endfacet
  facet normal -0 0 -1
    outer loop
      vertex 81.7000 163.4000 0.0000
      vertex 6.7000 92.2000 0.0000
      vertex 78.7000 163.4000 0.0000
    endloop
  endfacet
  facet normal -0 0 -1
    outer loop
      vertex 78.7000 163.4000 0.0000
      vertex 6.7000 92.2000 0.0000
      vertex 75.7000 163.4000 0.0000
    endloop
  endfacet
  facet normal 0 0 -1
    outer loop
      vertex 69.7000 183.4000 0.0000
      vertex 72.7000 183.4000 0.0000
      vertex 72.7000 163.4000 0.0000
    endloop
  endfacet
  facet normal 0 0 -1
    outer loop
      vertex 72.7000 183.4000 0.0000
      vertex 69.7000 183.4000 0.0000
      vertex 72.7000 187.4000 0.0000
    endloop
  endfacet
  facet normal 0 0 -1
    outer loop
      vertex 72.7000 187.4000 0.0000
      vertex 69.7000 187.4000 0.0000
      vertex 72.7000 207.4000 0.0000
    endloop
  endfacet
  facet normal 0 0 -1
    outer loop
      vertex 69.7000 207.4000 0.0000
      vertex 72.7000 207.4000 0.0000
      vertex 69.7000 187.4000 0.0000
    endloop
  endfacet
  facet normal 0 0 -1
    outer loop
      vertex 69.7000 183.4000 0.0000
      vertex 72.7000 163.4000 0.0000
      vertex 69.7000 163.4000 0.0000
    endloop
  endfacet
  facet normal -0 0 -1
    outer loop
      vertex 75.7000 163.4000 0.0000
      vertex 6.7000 92.2000 0.0000
      vertex 72.7000 163.4000 0.0000
    endloop
  endfacet
  facet normal 0 0 -1
    outer loop
      vertex 6.7000 103.0000 0.0000
      vertex 72.7000 163.4000 0.0000
      vertex 6.7000 92.2000 0.0000
    endloop
  endfacet
  facet normal 0 0 -1
    outer loop
      vertex 63.7000 183.4000 0.0000
      vertex 66.7000 183.4000 0.0000
      vertex 66.7000 163.4000 0.0000
    endloop
  endfacet
  facet normal 0 0 -1
    outer loop
      vertex 66.7000 183.4000 0.0000
      vertex 63.7000 183.4000 0.0000
      vertex 66.7000 187.4000 0.0000
    endloop
  endfacet
  facet normal 0 0 -1
    outer loop
      vertex 66.7000 187.4000 0.0000
      vertex 63.7000 187.4000 0.0000
      vertex 66.7000 207.4000 0.0000
    endloop
  endfacet
  facet normal 0 0 -1
    outer loop
      vertex 63.7000 207.4000 0.0000
      vertex 66.7000 207.4000 0.0000
      vertex 63.7000 187.4000 0.0000
    endloop
  endfacet
  facet normal 0 0 -1
    outer loop
      vertex 63.7000 183.4000 0.0000
      vertex 66.7000 163.4000 0.0000
      vertex 63.7000 163.4000 0.0000
    endloop
  endfacet
  facet normal -0 0 -1
    outer loop
      vertex 72.7000 163.4000 0.0000
      vertex 6.7000 103.0000 0.0000
      vertex 69.7000 163.4000 0.0000
    endloop
  endfacet
  facet normal 0 0 -1
    outer loop
      vertex 0.0000 0.0000 0.0000
      vertex 115.0370 9.6470 0.0000
      vertex 115.1470 9.3090 0.0000
    endloop
  endfacet
  facet normal -0 0 -1
    outer loop
      vertex 69.7000 163.4000 0.0000
      vertex 6.7000 103.0000 0.0000
      vertex 66.7000 163.4000 0.0000
    endloop
  endfacet
  facet normal 0 0 -1
    outer loop
      vertex 57.7000 183.4000 0.0000
      vertex 60.7000 183.4000 0.0000
      vertex 60.7000 163.4000 0.0000
    endloop
  endfacet
  facet normal 0 0 -1
    outer loop
      vertex 60.7000 183.4000 0.0000
      vertex 57.7000 183.4000 0.0000
      vertex 60.7000 187.4000 0.0000
    endloop
  endfacet
  facet normal 0 0 -1
    outer loop
      vertex 60.7000 187.4000 0.0000
      vertex 57.7000 187.4000 0.0000
      vertex 60.7000 207.4000 0.0000
    endloop
  endfacet
  facet normal 0 0 -1
    outer loop
      vertex 57.7000 207.4000 0.0000
      vertex 60.7000 207.4000 0.0000
      vertex 57.7000 187.4000 0.0000
    endloop
  endfacet
  facet normal 0 0 -1
    outer loop
      vertex 57.7000 183.4000 0.0000
      vertex 60.7000 163.4000 0.0000
      vertex 57.7000 163.4000 0.0000
    endloop
  endfacet
  facet normal -0 0 -1
    outer loop
      vertex 66.7000 163.4000 0.0000
      vertex 6.7000 103.0000 0.0000
      vertex 63.7000 163.4000 0.0000
    endloop
  endfacet
  facet normal -0 0 -1
    outer loop
      vertex 63.7000 163.4000 0.0000
      vertex 6.7000 103.0000 0.0000
      vertex 60.7000 163.4000 0.0000
    endloop
  endfacet
  facet normal 0 0 -1
    outer loop
      vertex 51.7000 183.4000 0.0000
      vertex 54.7000 183.4000 0.0000
      vertex 54.7000 163.4000 0.0000
    endloop
  endfacet
  facet normal 0 0 -1
    outer loop
      vertex 54.7000 183.4000 0.0000
      vertex 51.7000 183.4000 0.0000
      vertex 54.7000 187.4000 0.0000
    endloop
  endfacet
  facet normal 0 0 -1
    outer loop
      vertex 54.7000 187.4000 0.0000
      vertex 51.7000 187.4000 0.0000
      vertex 54.7000 207.4000 0.0000
    endloop
  endfacet
  facet normal 0 0 -1
    outer loop
      vertex 51.7000 207.4000 0.0000
      vertex 54.7000 207.4000 0.0000
      vertex 51.7000 187.4000 0.0000
    endloop
  endfacet
  facet normal 0 0 -1
    outer loop
      vertex 51.7000 183.4000 0.0000
      vertex 54.7000 163.4000 0.0000
      vertex 51.7000 163.4000 0.0000
    endloop
  endfacet
  facet normal -0 0 -1
    outer loop
      vertex 60.7000 163.4000 0.0000
      vertex 6.7000 103.0000 0.0000
      vertex 57.7000 163.4000 0.0000
    endloop
  endfacet
  facet normal -0 0 -1
    outer loop
      vertex 57.7000 163.4000 0.0000
      vertex 6.7000 103.0000 0.0000
      vertex 54.7000 163.4000 0.0000
    endloop
  endfacet
  facet normal 0 0 -1
    outer loop
      vertex 45.7000 183.4000 0.0000
      vertex 48.7000 183.4000 0.0000
      vertex 48.7000 163.4000 0.0000
    endloop
  endfacet
  facet normal 0 0 -1
    outer loop
      vertex 48.7000 183.4000 0.0000
      vertex 45.7000 183.4000 0.0000
      vertex 48.7000 187.4000 0.0000
    endloop
  endfacet
  facet normal 0 0 -1
    outer loop
      vertex 48.7000 187.4000 0.0000
      vertex 45.7000 187.4000 0.0000
      vertex 48.7000 207.4000 0.0000
    endloop
  endfacet
  facet normal 0 0 -1
    outer loop
      vertex 45.7000 207.4000 0.0000
      vertex 48.7000 207.4000 0.0000
      vertex 45.7000 187.4000 0.0000
    endloop
  endfacet
  facet normal 0 0 -1
    outer loop
      vertex 45.7000 183.4000 0.0000
      vertex 48.7000 163.4000 0.0000
      vertex 45.7000 163.4000 0.0000
    endloop
  endfacet
  facet normal -0 0 -1
    outer loop
      vertex 54.7000 163.4000 0.0000
      vertex 6.7000 103.0000 0.0000
      vertex 51.7000 163.4000 0.0000
    endloop
  endfacet
  facet normal -0 0 -1
    outer loop
      vertex 51.7000 163.4000 0.0000
      vertex 6.7000 103.0000 0.0000
      vertex 48.7000 163.4000 0.0000
    endloop
  endfacet
  facet normal 0 0 -1
    outer loop
      vertex 39.7000 183.4000 0.0000
      vertex 42.7000 183.4000 0.0000
      vertex 42.7000 163.4000 0.0000
    endloop
  endfacet
  facet normal 0 0 -1
    outer loop
      vertex 42.7000 183.4000 0.0000
      vertex 39.7000 183.4000 0.0000
      vertex 42.7000 187.4000 0.0000
    endloop
  endfacet
  facet normal 0 0 -1
    outer loop
      vertex 42.7000 187.4000 0.0000
      vertex 39.7000 187.4000 0.0000
      vertex 42.7000 207.4000 0.0000
    endloop
  endfacet
  facet normal 0 0 -1
    outer loop
      vertex 39.7000 207.4000 0.0000
      vertex 42.7000 207.4000 0.0000
      vertex 39.7000 187.4000 0.0000
    endloop
  endfacet
  facet normal 0 0 -1
    outer loop
      vertex 39.7000 183.4000 0.0000
      vertex 42.7000 163.4000 0.0000
      vertex 39.7000 163.4000 0.0000
    endloop
  endfacet
  facet normal -0 0 -1
    outer loop
      vertex 48.7000 163.4000 0.0000
      vertex 6.7000 103.0000 0.0000
      vertex 45.7000 163.4000 0.0000
    endloop
  endfacet
  facet normal -0 0 -1
    outer loop
      vertex 45.7000 163.4000 0.0000
      vertex 6.7000 103.0000 0.0000
      vertex 42.7000 163.4000 0.0000
    endloop
  endfacet
  facet normal 0 0 -1
    outer loop
      vertex 33.7000 183.4000 0.0000
      vertex 36.7000 183.4000 0.0000
      vertex 36.7000 163.4000 0.0000
    endloop
  endfacet
  facet normal 0 0 -1
    outer loop
      vertex 36.7000 183.4000 0.0000
      vertex 33.7000 183.4000 0.0000
      vertex 36.7000 187.4000 0.0000
    endloop
  endfacet
  facet normal 0 0 -1
    outer loop
      vertex 36.7000 187.4000 0.0000
      vertex 33.7000 187.4000 0.0000
      vertex 36.7000 207.4000 0.0000
    endloop
  endfacet
  facet normal 0 0 -1
    outer loop
      vertex 33.7000 207.4000 0.0000
      vertex 36.7000 207.4000 0.0000
      vertex 33.7000 187.4000 0.0000
    endloop
  endfacet
  facet normal 0 0 -1
    outer loop
      vertex 33.7000 183.4000 0.0000
      vertex 36.7000 163.4000 0.0000
      vertex 33.7000 163.4000 0.0000
    endloop
  endfacet
  facet normal 0 0 -1
    outer loop
      vertex 6.7000 141.0000 0.0000
      vertex 42.7000 163.4000 0.0000
      vertex 6.7000 103.0000 0.0000
    endloop
  endfacet
  facet normal -0 0 -1
    outer loop
      vertex 39.7000 163.4000 0.0000
      vertex 6.7000 141.0000 0.0000
      vertex 36.7000 163.4000 0.0000
    endloop
  endfacet
  facet normal 0 0 -1
    outer loop
      vertex 27.7000 183.4000 0.0000
      vertex 30.7000 183.4000 0.0000
      vertex 30.7000 163.4000 0.0000
    endloop
  endfacet
  facet normal 0 0 -1
    outer loop
      vertex 30.7000 183.4000 0.0000
      vertex 27.7000 183.4000 0.0000
      vertex 30.7000 187.4000 0.0000
    endloop
  endfacet
  facet normal 0 0 -1
    outer loop
      vertex 30.7000 187.4000 0.0000
      vertex 27.7000 187.4000 0.0000
      vertex 30.7000 207.4000 0.0000
    endloop
  endfacet
  facet normal 0 0 -1
    outer loop
      vertex 27.7000 207.4000 0.0000
      vertex 30.7000 207.4000 0.0000
      vertex 27.7000 187.4000 0.0000
    endloop
  endfacet
  facet normal 0 0 -1
    outer loop
      vertex 27.7000 183.4000 0.0000
      vertex 30.7000 163.4000 0.0000
      vertex 27.7000 163.4000 0.0000
    endloop
  endfacet
  facet normal -0 0 -1
    outer loop
      vertex 36.7000 163.4000 0.0000
      vertex 6.7000 141.0000 0.0000
      vertex 33.7000 163.4000 0.0000
    endloop
  endfacet
  facet normal -0 0 -1
    outer loop
      vertex 33.7000 163.4000 0.0000
      vertex 6.7000 141.0000 0.0000
      vertex 30.7000 163.4000 0.0000
    endloop
  endfacet
  facet normal 0 0 -1
    outer loop
      vertex 0.0000 0.0000 0.0000
      vertex 115.1470 9.3090 0.0000
      vertex 115.3250 9.0010 0.0000
    endloop
  endfacet
  facet normal 0 0 -1
    outer loop
      vertex 21.7000 183.4000 0.0000
      vertex 24.7000 183.4000 0.0000
      vertex 24.7000 163.4000 0.0000
    endloop
  endfacet
  facet normal 0 0 -1
    outer loop
      vertex 24.7000 183.4000 0.0000
      vertex 21.7000 183.4000 0.0000
      vertex 24.7000 187.4000 0.0000
    endloop
  endfacet
  facet normal 0 0 -1
    outer loop
      vertex 24.7000 187.4000 0.0000
      vertex 21.7000 187.4000 0.0000
      vertex 24.7000 207.4000 0.0000
    endloop
  endfacet
  facet normal 0 0 -1
    outer loop
      vertex 21.7000 207.4000 0.0000
      vertex 24.7000 207.4000 0.0000
      vertex 21.7000 187.4000 0.0000
    endloop
  endfacet
  facet normal 0 0 -1
    outer loop
      vertex 21.7000 183.4000 0.0000
      vertex 24.7000 163.4000 0.0000
      vertex 21.7000 163.4000 0.0000
    endloop
  endfacet
  facet normal -0 0 -1
    outer loop
      vertex 30.7000 163.4000 0.0000
      vertex 6.7000 141.0000 0.0000
      vertex 27.7000 163.4000 0.0000
    endloop
  endfacet
  facet normal -0 0 -1
    outer loop
      vertex 27.7000 163.4000 0.0000
      vertex 6.7000 141.0000 0.0000
      vertex 24.7000 163.4000 0.0000
    endloop
  endfacet
  facet normal 0 0 -1
    outer loop
      vertex 15.7000 183.4000 0.0000
      vertex 18.7000 183.4000 0.0000
      vertex 18.7000 163.4000 0.0000
    endloop
  endfacet
  facet normal 0 0 -1
    outer loop
      vertex 18.7000 183.4000 0.0000
      vertex 15.7000 183.4000 0.0000
      vertex 18.7000 187.4000 0.0000
    endloop
  endfacet
  facet normal 0 0 -1
    outer loop
      vertex 18.7000 187.4000 0.0000
      vertex 15.7000 187.4000 0.0000
      vertex 18.7000 207.4000 0.0000
    endloop
  endfacet
  facet normal 0 0 -1
    outer loop
      vertex 15.7000 207.4000 0.0000
      vertex 18.7000 207.4000 0.0000
      vertex 15.7000 187.4000 0.0000
    endloop
  endfacet
  facet normal 0 0 -1
    outer loop
      vertex 15.7000 183.4000 0.0000
      vertex 18.7000 163.4000 0.0000
      vertex 15.7000 163.4000 0.0000
    endloop
  endfacet
  facet normal -0 0 -1
    outer loop
      vertex 24.7000 163.4000 0.0000
      vertex 6.7000 141.0000 0.0000
      vertex 21.7000 163.4000 0.0000
    endloop
  endfacet
  facet normal 0 0 -1
    outer loop
      vertex 6.7000 151.8000 0.0000
      vertex 21.7000 163.4000 0.0000
      vertex 6.7000 141.0000 0.0000
    endloop
  endfacet
  facet normal 0 0 -1
    outer loop
      vertex 6.7000 189.8000 0.0000
      vertex 12.7000 183.4000 0.0000
      vertex 12.7000 163.4000 0.0000
    endloop
  endfacet
  facet normal 0 0 -1
    outer loop
      vertex 12.7000 183.4000 0.0000
      vertex 6.7000 189.8000 0.0000
      vertex 12.7000 187.4000 0.0000
    endloop
  endfacet
  facet normal 0 0 -1
    outer loop
      vertex 6.7000 200.6000 0.0000
      vertex 12.7000 187.4000 0.0000
      vertex 6.7000 189.8000 0.0000
    endloop
  endfacet
  facet normal 0 0 -1
    outer loop
      vertex 12.7000 187.4000 0.0000
      vertex 6.7000 200.6000 0.0000
      vertex 12.7000 207.4000 0.0000
    endloop
  endfacet
  facet normal 0 0 -1
    outer loop
      vertex 115.8500 11.4720 0.0000
      vertex 6.7000 54.2000 0.0000
      vertex 6.7000 92.2000 0.0000
    endloop
  endfacet
  facet normal 0 0 -1
    outer loop
      vertex 115.3250 10.9990 0.0000
      vertex 6.7000 43.4000 0.0000
      vertex 6.7000 54.2000 0.0000
    endloop
  endfacet
  facet normal 0 0 -1
    outer loop
      vertex 0.0000 0.0000 0.0000
      vertex 115.3250 9.0010 0.0000
      vertex 115.5620 8.7370 0.0000
    endloop
  endfacet
  facet normal -0 0 -1
    outer loop
      vertex 115.8500 8.5280 0.0000
      vertex 0.0000 0.0000 0.0000
      vertex 115.5620 8.7370 0.0000
    endloop
  endfacet
  facet normal -0 0 -1
    outer loop
      vertex 115.0000 10.0000 0.0000
      vertex 0.0000 0.0000 0.0000
      vertex 6.7000 43.4000 0.0000
    endloop
  endfacet
  facet normal -0 0 -1
    outer loop
      vertex 6.7000 43.4000 0.0000
      vertex 0.0000 0.0000 0.0000
      vertex 2.0810 43.4000 0.0000
    endloop
  endfacet
  facet normal 0 0 -1
    outer loop
      vertex 0.0000 45.6000 0.0000
      vertex 2.0810 43.4000 0.0000
      vertex 0.0000 0.0000 0.0000
    endloop
  endfacet
  facet normal 0 0 -1
    outer loop
      vertex 2.0810 43.4000 0.0000
      vertex 0.0000 45.6000 0.0000
      vertex 0.8810 45.6000 0.0000
    endloop
  endfacet
  facet normal 0 0 -1
    outer loop
      vertex 117.7000 163.4000 0.0000
      vertex 126.7000 0.0000 0.0000
      vertex 118.3630 10.3530 0.0000
    endloop
  endfacet
  facet normal 0 0 -1
    outer loop
      vertex 118.3630 234.3534 0.0000
      vertex 126.7000 244.0000 0.0000
      vertex 118.4000 234.0000 0.0000
    endloop
  endfacet
  facet normal 0 0 -1
    outer loop
      vertex 118.2530 234.6915 0.0000
      vertex 126.7000 244.0000 0.0000
      vertex 118.3630 234.3534 0.0000
    endloop
  endfacet
  facet normal 0 0 -1
    outer loop
      vertex 118.0750 234.9992 0.0000
      vertex 126.7000 244.0000 0.0000
      vertex 118.2530 234.6915 0.0000
    endloop
  endfacet
  facet normal 0 0 -1
    outer loop
      vertex 117.8380 235.2633 0.0000
      vertex 126.7000 244.0000 0.0000
      vertex 118.0750 234.9992 0.0000
    endloop
  endfacet
  facet normal 0 0 -1
    outer loop
      vertex 117.5500 235.4722 0.0000
      vertex 126.7000 244.0000 0.0000
      vertex 117.8380 235.2633 0.0000
    endloop
  endfacet
  facet normal 0 0 -1
    outer loop
      vertex 117.2250 235.6168 0.0000
      vertex 126.7000 244.0000 0.0000
      vertex 117.5500 235.4722 0.0000
    endloop
  endfacet
  facet normal 0 0 -1
    outer loop
      vertex 116.8780 235.6907 0.0000
      vertex 126.7000 244.0000 0.0000
      vertex 117.2250 235.6168 0.0000
    endloop
  endfacet
  facet normal 0 0 -1
    outer loop
      vertex 116.5220 235.6907 0.0000
      vertex 126.7000 244.0000 0.0000
      vertex 116.8780 235.6907 0.0000
    endloop
  endfacet
  facet normal 0 0 -1
    outer loop
      vertex 116.1750 235.6168 0.0000
      vertex 126.7000 244.0000 0.0000
      vertex 116.5220 235.6907 0.0000
    endloop
  endfacet
  facet normal 0 0 -1
    outer loop
      vertex 115.8500 235.4722 0.0000
      vertex 126.7000 244.0000 0.0000
      vertex 116.1750 235.6168 0.0000
    endloop
  endfacet
  facet normal 0 0 -1
    outer loop
      vertex 102.7000 231.4000 0.0000
      vertex 115.8500 235.4722 0.0000
      vertex 115.5620 235.2633 0.0000
    endloop
  endfacet
  facet normal -0 0 -1
    outer loop
      vertex 115.0370 233.6465 0.0000
      vertex 111.7000 231.4000 0.0000
      vertex 115.0000 234.0000 0.0000
    endloop
  endfacet
  facet normal -0 0 -1
    outer loop
      vertex 114.7000 187.4000 0.0000
      vertex 111.7000 183.4000 0.0000
      vertex 111.7000 187.4000 0.0000
    endloop
  endfacet
  facet normal 0 0 -1
    outer loop
      vertex 114.7000 207.4000 0.0000
      vertex 111.7000 207.4000 0.0000
      vertex 114.7000 211.4000 0.0000
    endloop
  endfacet
  facet normal 0 0 -1
    outer loop
      vertex 111.7000 211.4000 0.0000
      vertex 114.7000 211.4000 0.0000
      vertex 111.7000 207.4000 0.0000
    endloop
  endfacet
  facet normal 0 0 -1
    outer loop
      vertex 114.7000 211.4000 0.0000
      vertex 111.7000 211.4000 0.0000
      vertex 114.7000 231.4000 0.0000
    endloop
  endfacet
  facet normal 0 0 -1
    outer loop
      vertex 111.7000 231.4000 0.0000
      vertex 114.7000 231.4000 0.0000
      vertex 111.7000 211.4000 0.0000
    endloop
  endfacet
  facet normal -0 0 -1
    outer loop
      vertex 115.0000 234.0000 0.0000
      vertex 111.7000 231.4000 0.0000
      vertex 115.0370 234.3534 0.0000
    endloop
  endfacet
  facet normal 0 0 -1
    outer loop
      vertex 111.7000 231.4000 0.0000
      vertex 115.1470 234.6915 0.0000
      vertex 115.0370 234.3534 0.0000
    endloop
  endfacet
  facet normal 0 0 -1
    outer loop
      vertex 108.7000 231.4000 0.0000
      vertex 115.1470 234.6915 0.0000
      vertex 111.7000 231.4000 0.0000
    endloop
  endfacet
  facet normal -0 0 -1
    outer loop
      vertex 115.1470 234.6915 0.0000
      vertex 108.7000 231.4000 0.0000
      vertex 115.3250 234.9992 0.0000
    endloop
  endfacet
  facet normal 0 0 -1
    outer loop
      vertex 105.7000 231.4000 0.0000
      vertex 115.3250 234.9992 0.0000
      vertex 108.7000 231.4000 0.0000
    endloop
  endfacet
  facet normal -0 0 -1
    outer loop
      vertex 115.3250 234.9992 0.0000
      vertex 105.7000 231.4000 0.0000
      vertex 115.5620 235.2633 0.0000
    endloop
  endfacet
  facet normal -0 0 -1
    outer loop
      vertex 108.7000 187.4000 0.0000
      vertex 105.7000 183.4000 0.0000
      vertex 105.7000 187.4000 0.0000
    endloop
  endfacet
  facet normal 0 0 -1
    outer loop
      vertex 108.7000 207.4000 0.0000
      vertex 105.7000 207.4000 0.0000
      vertex 108.7000 211.4000 0.0000
    endloop
  endfacet
  facet normal 0 0 -1
    outer loop
      vertex 105.7000 211.4000 0.0000
      vertex 108.7000 211.4000 0.0000
      vertex 105.7000 207.4000 0.0000
    endloop
  endfacet
  facet normal 0 0 -1
    outer loop
      vertex 108.7000 211.4000 0.0000
      vertex 105.7000 211.4000 0.0000
      vertex 108.7000 231.4000 0.0000
    endloop
  endfacet
  facet normal 0 0 -1
    outer loop
      vertex 105.7000 231.4000 0.0000
      vertex 108.7000 231.4000 0.0000
      vertex 105.7000 211.4000 0.0000
    endloop
  endfacet
  facet normal 0 0 -1
    outer loop
      vertex 102.7000 231.4000 0.0000
      vertex 115.5620 235.2633 0.0000
      vertex 105.7000 231.4000 0.0000
    endloop
  endfacet
  facet normal 0 0 -1
    outer loop
      vertex 115.8500 235.4722 0.0000
      vertex 102.7000 231.4000 0.0000
      vertex 99.7000 231.4000 0.0000
    endloop
  endfacet
  facet normal -0 0 -1
    outer loop
      vertex 102.7000 187.4000 0.0000
      vertex 99.7000 183.4000 0.0000
      vertex 99.7000 187.4000 0.0000
    endloop
  endfacet
  facet normal 0 0 -1
    outer loop
      vertex 102.7000 207.4000 0.0000
      vertex 99.7000 207.4000 0.0000
      vertex 102.7000 211.4000 0.0000
    endloop
  endfacet
  facet normal 0 0 -1
    outer loop
      vertex 99.7000 211.4000 0.0000
      vertex 102.7000 211.4000 0.0000
      vertex 99.7000 207.4000 0.0000
    endloop
  endfacet
  facet normal 0 0 -1
    outer loop
      vertex 102.7000 211.4000 0.0000
      vertex 99.7000 211.4000 0.0000
      vertex 102.7000 231.4000 0.0000
    endloop
  endfacet
  facet normal 0 0 -1
    outer loop
      vertex 99.7000 231.4000 0.0000
      vertex 102.7000 231.4000 0.0000
      vertex 99.7000 211.4000 0.0000
    endloop
  endfacet
  facet normal -0 0 -1
    outer loop
      vertex 115.8500 235.4722 0.0000
      vertex 99.7000 231.4000 0.0000
      vertex 126.7000 244.0000 0.0000
    endloop
  endfacet
  facet normal 0 0 -1
    outer loop
      vertex 96.7000 231.4000 0.0000
      vertex 126.7000 244.0000 0.0000
      vertex 99.7000 231.4000 0.0000
    endloop
  endfacet
  facet normal -0 0 -1
    outer loop
      vertex 96.7000 187.4000 0.0000
      vertex 93.7000 183.4000 0.0000
      vertex 93.7000 187.4000 0.0000
    endloop
  endfacet
  facet normal 0 0 -1
    outer loop
      vertex 96.7000 207.4000 0.0000
      vertex 93.7000 207.4000 0.0000
      vertex 96.7000 211.4000 0.0000
    endloop
  endfacet
  facet normal 0 0 -1
    outer loop
      vertex 93.7000 211.4000 0.0000
      vertex 96.7000 211.4000 0.0000
      vertex 93.7000 207.4000 0.0000
    endloop
  endfacet
  facet normal 0 0 -1
    outer loop
      vertex 96.7000 211.4000 0.0000
      vertex 93.7000 211.4000 0.0000
      vertex 96.7000 231.4000 0.0000
    endloop
  endfacet
  facet normal 0 0 -1
    outer loop
      vertex 93.7000 231.4000 0.0000
      vertex 96.7000 231.4000 0.0000
      vertex 93.7000 211.4000 0.0000
    endloop
  endfacet
  facet normal 0 0 -1
    outer loop
      vertex 93.7000 231.4000 0.0000
      vertex 126.7000 244.0000 0.0000
      vertex 96.7000 231.4000 0.0000
    endloop
  endfacet
  facet normal 0 0 -1
    outer loop
      vertex 90.7000 231.4000 0.0000
      vertex 126.7000 244.0000 0.0000
      vertex 93.7000 231.4000 0.0000
    endloop
  endfacet
  facet normal -0 0 -1
    outer loop
      vertex 90.7000 187.4000 0.0000
      vertex 87.7000 183.4000 0.0000
      vertex 87.7000 187.4000 0.0000
    endloop
  endfacet
  facet normal 0 0 -1
    outer loop
      vertex 90.7000 207.4000 0.0000
      vertex 87.7000 207.4000 0.0000
      vertex 90.7000 211.4000 0.0000
    endloop
  endfacet
  facet normal 0 0 -1
    outer loop
      vertex 87.7000 211.4000 0.0000
      vertex 90.7000 211.4000 0.0000
      vertex 87.7000 207.4000 0.0000
    endloop
  endfacet
  facet normal 0 0 -1
    outer loop
      vertex 90.7000 211.4000 0.0000
      vertex 87.7000 211.4000 0.0000
      vertex 90.7000 231.4000 0.0000
    endloop
  endfacet
  facet normal 0 0 -1
    outer loop
      vertex 87.7000 231.4000 0.0000
      vertex 90.7000 231.4000 0.0000
      vertex 87.7000 211.4000 0.0000
    endloop
  endfacet
  facet normal 0 0 -1
    outer loop
      vertex 87.7000 231.4000 0.0000
      vertex 126.7000 244.0000 0.0000
      vertex 90.7000 231.4000 0.0000
    endloop
  endfacet
  facet normal 0 0 -1
    outer loop
      vertex 84.7000 231.4000 0.0000
      vertex 126.7000 244.0000 0.0000
      vertex 87.7000 231.4000 0.0000
    endloop
  endfacet
  facet normal -0 0 -1
    outer loop
      vertex 84.7000 187.4000 0.0000
      vertex 81.7000 183.4000 0.0000
      vertex 81.7000 187.4000 0.0000
    endloop
  endfacet
  facet normal 0 0 -1
    outer loop
      vertex 84.7000 207.4000 0.0000
      vertex 81.7000 207.4000 0.0000
      vertex 84.7000 211.4000 0.0000
    endloop
  endfacet
  facet normal 0 0 -1
    outer loop
      vertex 81.7000 211.4000 0.0000
      vertex 84.7000 211.4000 0.0000
      vertex 81.7000 207.4000 0.0000
    endloop
  endfacet
  facet normal 0 0 -1
    outer loop
      vertex 84.7000 211.4000 0.0000
      vertex 81.7000 211.4000 0.0000
      vertex 84.7000 231.4000 0.0000
    endloop
  endfacet
  facet normal 0 0 -1
    outer loop
      vertex 81.7000 231.4000 0.0000
      vertex 84.7000 231.4000 0.0000
      vertex 81.7000 211.4000 0.0000
    endloop
  endfacet
  facet normal 0 0 -1
    outer loop
      vertex 81.7000 231.4000 0.0000
      vertex 126.7000 244.0000 0.0000
      vertex 84.7000 231.4000 0.0000
    endloop
  endfacet
  facet normal 0 0 -1
    outer loop
      vertex 78.7000 231.4000 0.0000
      vertex 126.7000 244.0000 0.0000
      vertex 81.7000 231.4000 0.0000
    endloop
  endfacet
  facet normal -0 0 -1
    outer loop
      vertex 78.7000 187.4000 0.0000
      vertex 75.7000 183.4000 0.0000
      vertex 75.7000 187.4000 0.0000
    endloop
  endfacet
  facet normal 0 0 -1
    outer loop
      vertex 78.7000 207.4000 0.0000
      vertex 75.7000 207.4000 0.0000
      vertex 78.7000 211.4000 0.0000
    endloop
  endfacet
  facet normal 0 0 -1
    outer loop
      vertex 75.7000 211.4000 0.0000
      vertex 78.7000 211.4000 0.0000
      vertex 75.7000 207.4000 0.0000
    endloop
  endfacet
  facet normal 0 0 -1
    outer loop
      vertex 78.7000 211.4000 0.0000
      vertex 75.7000 211.4000 0.0000
      vertex 78.7000 231.4000 0.0000
    endloop
  endfacet
  facet normal 0 0 -1
    outer loop
      vertex 75.7000 231.4000 0.0000
      vertex 78.7000 231.4000 0.0000
      vertex 75.7000 211.4000 0.0000
    endloop
  endfacet
  facet normal 0 0 -1
    outer loop
      vertex 75.7000 231.4000 0.0000
      vertex 126.7000 244.0000 0.0000
      vertex 78.7000 231.4000 0.0000
    endloop
  endfacet
  facet normal 0 0 -1
    outer loop
      vertex 72.7000 231.4000 0.0000
      vertex 126.7000 244.0000 0.0000
      vertex 75.7000 231.4000 0.0000
    endloop
  endfacet
  facet normal -0 0 -1
    outer loop
      vertex 72.7000 187.4000 0.0000
      vertex 69.7000 183.4000 0.0000
      vertex 69.7000 187.4000 0.0000
    endloop
  endfacet
  facet normal 0 0 -1
    outer loop
      vertex 72.7000 207.4000 0.0000
      vertex 69.7000 207.4000 0.0000
      vertex 72.7000 211.4000 0.0000
    endloop
  endfacet
  facet normal 0 0 -1
    outer loop
      vertex 69.7000 211.4000 0.0000
      vertex 72.7000 211.4000 0.0000
      vertex 69.7000 207.4000 0.0000
    endloop
  endfacet
  facet normal 0 0 -1
    outer loop
      vertex 72.7000 211.4000 0.0000
      vertex 69.7000 211.4000 0.0000
      vertex 72.7000 231.4000 0.0000
    endloop
  endfacet
  facet normal 0 0 -1
    outer loop
      vertex 69.7000 231.4000 0.0000
      vertex 72.7000 231.4000 0.0000
      vertex 69.7000 211.4000 0.0000
    endloop
  endfacet
  facet normal 0 0 -1
    outer loop
      vertex 69.7000 231.4000 0.0000
      vertex 126.7000 244.0000 0.0000
      vertex 72.7000 231.4000 0.0000
    endloop
  endfacet
  facet normal 0 0 -1
    outer loop
      vertex 66.7000 231.4000 0.0000
      vertex 126.7000 244.0000 0.0000
      vertex 69.7000 231.4000 0.0000
    endloop
  endfacet
  facet normal -0 0 -1
    outer loop
      vertex 66.7000 187.4000 0.0000
      vertex 63.7000 183.4000 0.0000
      vertex 63.7000 187.4000 0.0000
    endloop
  endfacet
  facet normal 0 0 -1
    outer loop
      vertex 66.7000 207.4000 0.0000
      vertex 63.7000 207.4000 0.0000
      vertex 66.7000 211.4000 0.0000
    endloop
  endfacet
  facet normal 0 0 -1
    outer loop
      vertex 63.7000 211.4000 0.0000
      vertex 66.7000 211.4000 0.0000
      vertex 63.7000 207.4000 0.0000
    endloop
  endfacet
  facet normal 0 0 -1
    outer loop
      vertex 66.7000 211.4000 0.0000
      vertex 63.7000 211.4000 0.0000
      vertex 66.7000 231.4000 0.0000
    endloop
  endfacet
  facet normal 0 0 -1
    outer loop
      vertex 63.7000 231.4000 0.0000
      vertex 66.7000 231.4000 0.0000
      vertex 63.7000 211.4000 0.0000
    endloop
  endfacet
  facet normal 0 0 -1
    outer loop
      vertex 63.7000 231.4000 0.0000
      vertex 126.7000 244.0000 0.0000
      vertex 66.7000 231.4000 0.0000
    endloop
  endfacet
  facet normal 0 0 -1
    outer loop
      vertex 60.7000 231.4000 0.0000
      vertex 126.7000 244.0000 0.0000
      vertex 63.7000 231.4000 0.0000
    endloop
  endfacet
  facet normal -0 0 -1
    outer loop
      vertex 60.7000 187.4000 0.0000
      vertex 57.7000 183.4000 0.0000
      vertex 57.7000 187.4000 0.0000
    endloop
  endfacet
  facet normal 0 0 -1
    outer loop
      vertex 60.7000 207.4000 0.0000
      vertex 57.7000 207.4000 0.0000
      vertex 60.7000 211.4000 0.0000
    endloop
  endfacet
  facet normal 0 0 -1
    outer loop
      vertex 57.7000 211.4000 0.0000
      vertex 60.7000 211.4000 0.0000
      vertex 57.7000 207.4000 0.0000
    endloop
  endfacet
  facet normal 0 0 -1
    outer loop
      vertex 60.7000 211.4000 0.0000
      vertex 57.7000 211.4000 0.0000
      vertex 60.7000 231.4000 0.0000
    endloop
  endfacet
  facet normal 0 0 -1
    outer loop
      vertex 57.7000 231.4000 0.0000
      vertex 60.7000 231.4000 0.0000
      vertex 57.7000 211.4000 0.0000
    endloop
  endfacet
  facet normal 0 0 -1
    outer loop
      vertex 0.0000 244.0000 0.0000
      vertex 60.7000 231.4000 0.0000
      vertex 57.7000 231.4000 0.0000
    endloop
  endfacet
  facet normal 0 0 -1
    outer loop
      vertex 0.0000 244.0000 0.0000
      vertex 57.7000 231.4000 0.0000
      vertex 54.7000 231.4000 0.0000
    endloop
  endfacet
  facet normal -0 0 -1
    outer loop
      vertex 54.7000 187.4000 0.0000
      vertex 51.7000 183.4000 0.0000
      vertex 51.7000 187.4000 0.0000
    endloop
  endfacet
  facet normal 0 0 -1
    outer loop
      vertex 54.7000 207.4000 0.0000
      vertex 51.7000 207.4000 0.0000
      vertex 54.7000 211.4000 0.0000
    endloop
  endfacet
  facet normal 0 0 -1
    outer loop
      vertex 51.7000 211.4000 0.0000
      vertex 54.7000 211.4000 0.0000
      vertex 51.7000 207.4000 0.0000
    endloop
  endfacet
  facet normal 0 0 -1
    outer loop
      vertex 54.7000 211.4000 0.0000
      vertex 51.7000 211.4000 0.0000
      vertex 54.7000 231.4000 0.0000
    endloop
  endfacet
  facet normal 0 0 -1
    outer loop
      vertex 51.7000 231.4000 0.0000
      vertex 54.7000 231.4000 0.0000
      vertex 51.7000 211.4000 0.0000
    endloop
  endfacet
  facet normal 0 0 -1
    outer loop
      vertex 0.0000 244.0000 0.0000
      vertex 54.7000 231.4000 0.0000
      vertex 51.7000 231.4000 0.0000
    endloop
  endfacet
  facet normal 0 0 -1
    outer loop
      vertex 0.0000 244.0000 0.0000
      vertex 51.7000 231.4000 0.0000
      vertex 48.7000 231.4000 0.0000
    endloop
  endfacet
  facet normal -0 0 -1
    outer loop
      vertex 48.7000 187.4000 0.0000
      vertex 45.7000 183.4000 0.0000
      vertex 45.7000 187.4000 0.0000
    endloop
  endfacet
  facet normal 0 0 -1
    outer loop
      vertex 48.7000 207.4000 0.0000
      vertex 45.7000 207.4000 0.0000
      vertex 48.7000 211.4000 0.0000
    endloop
  endfacet
  facet normal 0 0 -1
    outer loop
      vertex 45.7000 211.4000 0.0000
      vertex 48.7000 211.4000 0.0000
      vertex 45.7000 207.4000 0.0000
    endloop
  endfacet
  facet normal 0 0 -1
    outer loop
      vertex 48.7000 211.4000 0.0000
      vertex 45.7000 211.4000 0.0000
      vertex 48.7000 231.4000 0.0000
    endloop
  endfacet
  facet normal 0 0 -1
    outer loop
      vertex 45.7000 231.4000 0.0000
      vertex 48.7000 231.4000 0.0000
      vertex 45.7000 211.4000 0.0000
    endloop
  endfacet
  facet normal 0 0 -1
    outer loop
      vertex 0.0000 244.0000 0.0000
      vertex 48.7000 231.4000 0.0000
      vertex 45.7000 231.4000 0.0000
    endloop
  endfacet
  facet normal 0 0 -1
    outer loop
      vertex 0.0000 244.0000 0.0000
      vertex 45.7000 231.4000 0.0000
      vertex 42.7000 231.4000 0.0000
    endloop
  endfacet
  facet normal -0 0 -1
    outer loop
      vertex 42.7000 187.4000 0.0000
      vertex 39.7000 183.4000 0.0000
      vertex 39.7000 187.4000 0.0000
    endloop
  endfacet
  facet normal 0 0 -1
    outer loop
      vertex 42.7000 207.4000 0.0000
      vertex 39.7000 207.4000 0.0000
      vertex 42.7000 211.4000 0.0000
    endloop
  endfacet
  facet normal 0 0 -1
    outer loop
      vertex 39.7000 211.4000 0.0000
      vertex 42.7000 211.4000 0.0000
      vertex 39.7000 207.4000 0.0000
    endloop
  endfacet
  facet normal 0 0 -1
    outer loop
      vertex 42.7000 211.4000 0.0000
      vertex 39.7000 211.4000 0.0000
      vertex 42.7000 231.4000 0.0000
    endloop
  endfacet
  facet normal 0 0 -1
    outer loop
      vertex 39.7000 231.4000 0.0000
      vertex 42.7000 231.4000 0.0000
      vertex 39.7000 211.4000 0.0000
    endloop
  endfacet
  facet normal 0 0 -1
    outer loop
      vertex 0.0000 244.0000 0.0000
      vertex 42.7000 231.4000 0.0000
      vertex 39.7000 231.4000 0.0000
    endloop
  endfacet
  facet normal 0 0 -1
    outer loop
      vertex 0.0000 244.0000 0.0000
      vertex 39.7000 231.4000 0.0000
      vertex 36.7000 231.4000 0.0000
    endloop
  endfacet
  facet normal -0 0 -1
    outer loop
      vertex 36.7000 187.4000 0.0000
      vertex 33.7000 183.4000 0.0000
      vertex 33.7000 187.4000 0.0000
    endloop
  endfacet
  facet normal 0 0 -1
    outer loop
      vertex 36.7000 207.4000 0.0000
      vertex 33.7000 207.4000 0.0000
      vertex 36.7000 211.4000 0.0000
    endloop
  endfacet
  facet normal 0 0 -1
    outer loop
      vertex 33.7000 211.4000 0.0000
      vertex 36.7000 211.4000 0.0000
      vertex 33.7000 207.4000 0.0000
    endloop
  endfacet
  facet normal 0 0 -1
    outer loop
      vertex 36.7000 211.4000 0.0000
      vertex 33.7000 211.4000 0.0000
      vertex 36.7000 231.4000 0.0000
    endloop
  endfacet
  facet normal 0 0 -1
    outer loop
      vertex 33.7000 231.4000 0.0000
      vertex 36.7000 231.4000 0.0000
      vertex 33.7000 211.4000 0.0000
    endloop
  endfacet
  facet normal 0 0 -1
    outer loop
      vertex 0.0000 244.0000 0.0000
      vertex 36.7000 231.4000 0.0000
      vertex 33.7000 231.4000 0.0000
    endloop
  endfacet
  facet normal 0 0 -1
    outer loop
      vertex 0.0000 244.0000 0.0000
      vertex 33.7000 231.4000 0.0000
      vertex 30.7000 231.4000 0.0000
    endloop
  endfacet
  facet normal -0 0 -1
    outer loop
      vertex 30.7000 187.4000 0.0000
      vertex 27.7000 183.4000 0.0000
      vertex 27.7000 187.4000 0.0000
    endloop
  endfacet
  facet normal 0 0 -1
    outer loop
      vertex 30.7000 207.4000 0.0000
      vertex 27.7000 207.4000 0.0000
      vertex 30.7000 211.4000 0.0000
    endloop
  endfacet
  facet normal 0 0 -1
    outer loop
      vertex 27.7000 211.4000 0.0000
      vertex 30.7000 211.4000 0.0000
      vertex 27.7000 207.4000 0.0000
    endloop
  endfacet
  facet normal 0 0 -1
    outer loop
      vertex 30.7000 211.4000 0.0000
      vertex 27.7000 211.4000 0.0000
      vertex 30.7000 231.4000 0.0000
    endloop
  endfacet
  facet normal 0 0 -1
    outer loop
      vertex 27.7000 231.4000 0.0000
      vertex 30.7000 231.4000 0.0000
      vertex 27.7000 211.4000 0.0000
    endloop
  endfacet
  facet normal 0 0 -1
    outer loop
      vertex 0.0000 244.0000 0.0000
      vertex 30.7000 231.4000 0.0000
      vertex 27.7000 231.4000 0.0000
    endloop
  endfacet
  facet normal 0 0 -1
    outer loop
      vertex 0.0000 244.0000 0.0000
      vertex 27.7000 231.4000 0.0000
      vertex 24.7000 231.4000 0.0000
    endloop
  endfacet
  facet normal -0 0 -1
    outer loop
      vertex 24.7000 187.4000 0.0000
      vertex 21.7000 183.4000 0.0000
      vertex 21.7000 187.4000 0.0000
    endloop
  endfacet
  facet normal 0 0 -1
    outer loop
      vertex 24.7000 207.4000 0.0000
      vertex 21.7000 207.4000 0.0000
      vertex 24.7000 211.4000 0.0000
    endloop
  endfacet
  facet normal 0 0 -1
    outer loop
      vertex 21.7000 211.4000 0.0000
      vertex 24.7000 211.4000 0.0000
      vertex 21.7000 207.4000 0.0000
    endloop
  endfacet
  facet normal 0 0 -1
    outer loop
      vertex 24.7000 211.4000 0.0000
      vertex 21.7000 211.4000 0.0000
      vertex 24.7000 231.4000 0.0000
    endloop
  endfacet
  facet normal 0 0 -1
    outer loop
      vertex 21.7000 231.4000 0.0000
      vertex 24.7000 231.4000 0.0000
      vertex 21.7000 211.4000 0.0000
    endloop
  endfacet
  facet normal 0 0 -1
    outer loop
      vertex 0.0000 244.0000 0.0000
      vertex 24.7000 231.4000 0.0000
      vertex 21.7000 231.4000 0.0000
    endloop
  endfacet
  facet normal 0 0 -1
    outer loop
      vertex 0.0000 244.0000 0.0000
      vertex 21.7000 231.4000 0.0000
      vertex 18.7000 231.4000 0.0000
    endloop
  endfacet
  facet normal -0 0 -1
    outer loop
      vertex 18.7000 187.4000 0.0000
      vertex 15.7000 183.4000 0.0000
      vertex 15.7000 187.4000 0.0000
    endloop
  endfacet
  facet normal 0 0 -1
    outer loop
      vertex 18.7000 207.4000 0.0000
      vertex 15.7000 207.4000 0.0000
      vertex 18.7000 211.4000 0.0000
    endloop
  endfacet
  facet normal 0 0 -1
    outer loop
      vertex 15.7000 211.4000 0.0000
      vertex 18.7000 211.4000 0.0000
      vertex 15.7000 207.4000 0.0000
    endloop
  endfacet
  facet normal 0 0 -1
    outer loop
      vertex 18.7000 211.4000 0.0000
      vertex 15.7000 211.4000 0.0000
      vertex 18.7000 231.4000 0.0000
    endloop
  endfacet
  facet normal 0 0 -1
    outer loop
      vertex 15.7000 231.4000 0.0000
      vertex 18.7000 231.4000 0.0000
      vertex 15.7000 211.4000 0.0000
    endloop
  endfacet
  facet normal 0 0 -1
    outer loop
      vertex 0.0000 244.0000 0.0000
      vertex 18.7000 231.4000 0.0000
      vertex 15.7000 231.4000 0.0000
    endloop
  endfacet
  facet normal 0 0 -1
    outer loop
      vertex 0.0000 244.0000 0.0000
      vertex 15.7000 231.4000 0.0000
      vertex 12.7000 231.4000 0.0000
    endloop
  endfacet
  facet normal -0 0 -1
    outer loop
      vertex 42.7000 163.4000 0.0000
      vertex 6.7000 141.0000 0.0000
      vertex 39.7000 163.4000 0.0000
    endloop
  endfacet
  facet normal -0 0 -1
    outer loop
      vertex 21.7000 163.4000 0.0000
      vertex 6.7000 151.8000 0.0000
      vertex 18.7000 163.4000 0.0000
    endloop
  endfacet
  facet normal -0 0 -1
    outer loop
      vertex 18.7000 163.4000 0.0000
      vertex 6.7000 151.8000 0.0000
      vertex 15.7000 163.4000 0.0000
    endloop
  endfacet
  facet normal -0 0 -1
    outer loop
      vertex 15.7000 163.4000 0.0000
      vertex 6.7000 151.8000 0.0000
      vertex 12.7000 163.4000 0.0000
    endloop
  endfacet
  facet normal 0 0 -1
    outer loop
      vertex 2.0810 151.8000 0.0000
      vertex 12.7000 163.4000 0.0000
      vertex 6.7000 151.8000 0.0000
    endloop
  endfacet
  facet normal 0 0 -1
    outer loop
      vertex 2.0810 200.6000 0.0000
      vertex 12.7000 207.4000 0.0000
      vertex 6.7000 200.6000 0.0000
    endloop
  endfacet
  facet normal -0 0 -1
    outer loop
      vertex 12.7000 207.4000 0.0000
      vertex 2.0810 200.6000 0.0000
      vertex 12.7000 211.4000 0.0000
    endloop
  endfacet
  facet normal -0 0 -1
    outer loop
      vertex 12.7000 211.4000 0.0000
      vertex 2.0810 200.6000 0.0000
      vertex 12.7000 231.4000 0.0000
    endloop
  endfacet
  facet normal 0 0 -1
    outer loop
      vertex 0.0000 198.4000 0.0000
      vertex 2.0810 200.6000 0.0000
      vertex 0.8810 198.4000 0.0000
    endloop
  endfacet
  facet normal 0 0 -1
    outer loop
      vertex 0.0000 244.0000 0.0000
      vertex 2.0810 200.6000 0.0000
      vertex 0.0000 198.4000 0.0000
    endloop
  endfacet
  facet normal 0 0 -1
    outer loop
      vertex 60.7000 231.4000 0.0000
      vertex 0.0000 244.0000 0.0000
      vertex 126.7000 244.0000 0.0000
    endloop
  endfacet
  facet normal 0 0 -1
    outer loop
      vertex 2.0810 200.6000 0.0000
      vertex 0.0000 244.0000 0.0000
      vertex 12.7000 231.4000 0.0000
    endloop
  endfacet
  facet normal 0 0 -1
    outer loop
      vertex 126.7000 244.0000 0.0000
      vertex 118.3630 233.6465 0.0000
      vertex 118.4000 234.0000 0.0000
    endloop
  endfacet
  facet normal 0 0 -1
    outer loop
      vertex 126.7000 244.0000 0.0000
      vertex 118.2530 233.3085 0.0000
      vertex 118.3630 233.6465 0.0000
    endloop
  endfacet
  facet normal 0 0 -1
    outer loop
      vertex 126.7000 244.0000 0.0000
      vertex 117.7000 231.4000 0.0000
      vertex 118.2530 233.3085 0.0000
    endloop
  endfacet
  facet normal 0 0 -1
    outer loop
      vertex 118.2530 233.3085 0.0000
      vertex 117.7000 231.4000 0.0000
      vertex 118.0750 233.0008 0.0000
    endloop
  endfacet
  facet normal 0 0 -1
    outer loop
      vertex 118.0750 233.0008 0.0000
      vertex 117.7000 231.4000 0.0000
      vertex 117.8380 232.7367 0.0000
    endloop
  endfacet
  facet normal 0 0 -1
    outer loop
      vertex 117.7000 231.4000 0.0000
      vertex 117.5500 232.5278 0.0000
      vertex 117.8380 232.7367 0.0000
    endloop
  endfacet
  facet normal 0 0 -1
    outer loop
      vertex 117.7000 231.4000 0.0000
      vertex 117.2250 232.3832 0.0000
      vertex 117.5500 232.5278 0.0000
    endloop
  endfacet
  facet normal 0 0 -1
    outer loop
      vertex 117.7000 231.4000 0.0000
      vertex 116.8780 232.3093 0.0000
      vertex 117.2250 232.3832 0.0000
    endloop
  endfacet
  facet normal 0 0 -1
    outer loop
      vertex 117.7000 231.4000 0.0000
      vertex 116.5220 232.3093 0.0000
      vertex 116.8780 232.3093 0.0000
    endloop
  endfacet
  facet normal 0 0 -1
    outer loop
      vertex 114.7000 231.4000 0.0000
      vertex 116.5220 232.3093 0.0000
      vertex 117.7000 231.4000 0.0000
    endloop
  endfacet
  facet normal -0 0 -1
    outer loop
      vertex 116.5220 232.3093 0.0000
      vertex 114.7000 231.4000 0.0000
      vertex 116.1750 232.3832 0.0000
    endloop
  endfacet
  facet normal -0 0 -1
    outer loop
      vertex 115.1470 233.3085 0.0000
      vertex 111.7000 231.4000 0.0000
      vertex 115.0370 233.6465 0.0000
    endloop
  endfacet
  facet normal 0 0 -1
    outer loop
      vertex 111.7000 231.4000 0.0000
      vertex 115.1470 233.3085 0.0000
      vertex 114.7000 231.4000 0.0000
    endloop
  endfacet
  facet normal -0 0 -1
    outer loop
      vertex 115.3250 233.0008 0.0000
      vertex 114.7000 231.4000 0.0000
      vertex 115.1470 233.3085 0.0000
    endloop
  endfacet
  facet normal -0 0 -1
    outer loop
      vertex 115.5620 232.7367 0.0000
      vertex 114.7000 231.4000 0.0000
      vertex 115.3250 233.0008 0.0000
    endloop
  endfacet
  facet normal -0 0 -1
    outer loop
      vertex 115.8500 232.5278 0.0000
      vertex 114.7000 231.4000 0.0000
      vertex 115.5620 232.7367 0.0000
    endloop
  endfacet
  facet normal -0 0 -1
    outer loop
      vertex 116.1750 232.3832 0.0000
      vertex 114.7000 231.4000 0.0000
      vertex 115.8500 232.5278 0.0000
    endloop
  endfacet
  facet normal 0 0 1
    outer loop
      vertex 0.0000 6.5000 3.0000
      vertex 7.0000 13.0000 3.0000
      vertex 2.0810 43.4000 3.0000
    endloop
  endfacet
  facet normal -0 0 1
    outer loop
      vertex 0.0000 45.6000 3.0000
      vertex 2.0810 43.4000 3.0000
      vertex 0.8810 45.6000 3.0000
    endloop
  endfacet
  facet normal 0 0 1
    outer loop
      vertex 2.0810 43.4000 3.0000
      vertex 0.0000 45.6000 3.0000
      vertex 0.0000 6.5000 3.0000
    endloop
  endfacet
  facet normal 0 0 1
    outer loop
      vertex 7.0000 13.0000 3.0000
      vertex 0.0000 6.5000 3.0000
      vertex 2.5000 6.5000 3.0000
    endloop
  endfacet
  facet normal -0 0 1
    outer loop
      vertex 2.0810 92.2000 3.0000
      vertex 6.7000 54.2000 3.0000
      vertex 6.7000 92.2000 3.0000
    endloop
  endfacet
  facet normal 0 0 1
    outer loop
      vertex 2.0810 92.2000 3.0000
      vertex 2.0810 54.2000 3.0000
      vertex 6.7000 54.2000 3.0000
    endloop
  endfacet
  facet normal -0 0 1
    outer loop
      vertex 0.0000 94.4000 3.0000
      vertex 2.0810 92.2000 3.0000
      vertex 0.8810 94.4000 3.0000
    endloop
  endfacet
  facet normal 0 0 1
    outer loop
      vertex 2.0810 92.2000 3.0000
      vertex 0.0000 94.4000 3.0000
      vertex 2.0810 54.2000 3.0000
    endloop
  endfacet
  facet normal 0 0 1
    outer loop
      vertex 0.0000 52.0000 3.0000
      vertex 2.0810 54.2000 3.0000
      vertex 0.0000 94.4000 3.0000
    endloop
  endfacet
  facet normal 0 0 1
    outer loop
      vertex 2.0810 54.2000 3.0000
      vertex 0.0000 52.0000 3.0000
      vertex 0.8810 52.0000 3.0000
    endloop
  endfacet
  facet normal -0 0 1
    outer loop
      vertex 2.0810 141.0000 3.0000
      vertex 6.7000 103.0000 3.0000
      vertex 6.7000 141.0000 3.0000
    endloop
  endfacet
  facet normal 0 0 1
    outer loop
      vertex 2.0810 141.0000 3.0000
      vertex 2.0810 103.0000 3.0000
      vertex 6.7000 103.0000 3.0000
    endloop
  endfacet
  facet normal -0 0 1
    outer loop
      vertex 0.0000 143.2000 3.0000
      vertex 2.0810 141.0000 3.0000
      vertex 0.8810 143.2000 3.0000
    endloop
  endfacet
  facet normal 0 0 1
    outer loop
      vertex 2.0810 141.0000 3.0000
      vertex 0.0000 143.2000 3.0000
      vertex 2.0810 103.0000 3.0000
    endloop
  endfacet
  facet normal 0 0 1
    outer loop
      vertex 0.0000 100.8000 3.0000
      vertex 2.0810 103.0000 3.0000
      vertex 0.0000 143.2000 3.0000
    endloop
  endfacet
  facet normal 0 0 1
    outer loop
      vertex 2.0810 103.0000 3.0000
      vertex 0.0000 100.8000 3.0000
      vertex 0.8810 100.8000 3.0000
    endloop
  endfacet
  facet normal 0 0 1
    outer loop
      vertex 2.0810 151.8000 3.0000
      vertex 12.7000 163.4000 3.0000
      vertex 2.0810 189.8000 3.0000
    endloop
  endfacet
  facet normal 0 0 1
    outer loop
      vertex 12.7000 163.4000 3.0000
      vertex 2.0810 151.8000 3.0000
      vertex 6.7000 151.8000 3.0000
    endloop
  endfacet
  facet normal -0 0 1
    outer loop
      vertex 0.0000 192.0000 3.0000
      vertex 2.0810 189.8000 3.0000
      vertex 0.8810 192.0000 3.0000
    endloop
  endfacet
  facet normal 0 0 1
    outer loop
      vertex 2.0810 189.8000 3.0000
      vertex 0.0000 192.0000 3.0000
      vertex 2.0810 151.8000 3.0000
    endloop
  endfacet
  facet normal 0 0 1
    outer loop
      vertex 0.0000 149.6000 3.0000
      vertex 2.0810 151.8000 3.0000
      vertex 0.0000 192.0000 3.0000
    endloop
  endfacet
  facet normal 0 0 1
    outer loop
      vertex 2.0810 151.8000 3.0000
      vertex 0.0000 149.6000 3.0000
      vertex 0.8810 149.6000 3.0000
    endloop
  endfacet
  facet normal -0 0 1
    outer loop
      vertex 0.0000 237.5000 3.0000
      vertex 7.0000 231.0000 3.0000
      vertex 2.5000 237.5000 3.0000
    endloop
  endfacet
  facet normal 0 0 1
    outer loop
      vertex 7.0000 231.0000 3.0000
      vertex 2.0810 200.6000 3.0000
      vertex 6.7000 200.6000 3.0000
    endloop
  endfacet
  facet normal 0 0 1
    outer loop
      vertex 7.0000 231.0000 3.0000
      vertex 0.0000 237.5000 3.0000
      vertex 2.0810 200.6000 3.0000
    endloop
  endfacet
  facet normal 0 0 1
    outer loop
      vertex 0.0000 198.4000 3.0000
      vertex 2.0810 200.6000 3.0000
      vertex 0.0000 237.5000 3.0000
    endloop
  endfacet
  facet normal 0 0 1
    outer loop
      vertex 2.0810 200.6000 3.0000
      vertex 0.0000 198.4000 3.0000
      vertex 0.8810 198.4000 3.0000
    endloop
  endfacet
  facet normal -0 0 1
    outer loop
      vertex 7.0000 231.0000 3.0000
      vertex 12.7000 211.4000 3.0000
      vertex 12.7000 231.0000 3.0000
    endloop
  endfacet
  facet normal 0 0 1
    outer loop
      vertex 6.7000 200.6000 3.0000
      vertex 12.7000 211.4000 3.0000
      vertex 7.0000 231.0000 3.0000
    endloop
  endfacet
  facet normal 0 0 1
    outer loop
      vertex 12.7000 207.4000 3.0000
      vertex 6.7000 200.6000 3.0000
      vertex 12.7000 187.4000 3.0000
    endloop
  endfacet
  facet normal -0 0 1
    outer loop
      vertex 6.7000 189.8000 3.0000
      vertex 12.7000 187.4000 3.0000
      vertex 6.7000 200.6000 3.0000
    endloop
  endfacet
  facet normal 0 0 1
    outer loop
      vertex 12.7000 211.4000 3.0000
      vertex 6.7000 200.6000 3.0000
      vertex 12.7000 207.4000 3.0000
    endloop
  endfacet
  facet normal 0 0 1
    outer loop
      vertex 6.7000 151.8000 3.0000
      vertex 15.7000 163.4000 3.0000
      vertex 12.7000 163.4000 3.0000
    endloop
  endfacet
  facet normal 0 0 1
    outer loop
      vertex 12.7000 187.4000 3.0000
      vertex 6.7000 189.8000 3.0000
      vertex 12.7000 183.4000 3.0000
    endloop
  endfacet
  facet normal -0 0 1
    outer loop
      vertex 2.0810 189.8000 3.0000
      vertex 12.7000 183.4000 3.0000
      vertex 6.7000 189.8000 3.0000
    endloop
  endfacet
  facet normal -0 0 1
    outer loop
      vertex 12.7000 187.4000 3.0000
      vertex 15.7000 183.4000 3.0000
      vertex 15.7000 187.4000 3.0000
    endloop
  endfacet
  facet normal 0 0 1
    outer loop
      vertex 15.7000 183.4000 3.0000
      vertex 12.7000 187.4000 3.0000
      vertex 12.7000 183.4000 3.0000
    endloop
  endfacet
  facet normal -0 0 1
    outer loop
      vertex 12.7000 211.4000 3.0000
      vertex 15.7000 207.4000 3.0000
      vertex 15.7000 211.4000 3.0000
    endloop
  endfacet
  facet normal 0 0 1
    outer loop
      vertex 15.7000 207.4000 3.0000
      vertex 12.7000 211.4000 3.0000
      vertex 12.7000 207.4000 3.0000
    endloop
  endfacet
  facet normal 0 0 1
    outer loop
      vertex 15.7000 231.4000 3.0000
      vertex 13.0000 237.0000 3.0000
      vertex 13.0000 231.4000 3.0000
    endloop
  endfacet
  facet normal -0 0 1
    outer loop
      vertex 18.7000 187.4000 3.0000
      vertex 21.7000 183.4000 3.0000
      vertex 21.7000 187.4000 3.0000
    endloop
  endfacet
  facet normal 0 0 1
    outer loop
      vertex 21.7000 183.4000 3.0000
      vertex 18.7000 187.4000 3.0000
      vertex 18.7000 183.4000 3.0000
    endloop
  endfacet
  facet normal -0 0 1
    outer loop
      vertex 18.7000 211.4000 3.0000
      vertex 21.7000 207.4000 3.0000
      vertex 21.7000 211.4000 3.0000
    endloop
  endfacet
  facet normal 0 0 1
    outer loop
      vertex 21.7000 207.4000 3.0000
      vertex 18.7000 211.4000 3.0000
      vertex 18.7000 207.4000 3.0000
    endloop
  endfacet
  facet normal -0 0 1
    outer loop
      vertex 24.7000 187.4000 3.0000
      vertex 27.7000 183.4000 3.0000
      vertex 27.7000 187.4000 3.0000
    endloop
  endfacet
  facet normal 0 0 1
    outer loop
      vertex 27.7000 183.4000 3.0000
      vertex 24.7000 187.4000 3.0000
      vertex 24.7000 183.4000 3.0000
    endloop
  endfacet
  facet normal -0 0 1
    outer loop
      vertex 24.7000 211.4000 3.0000
      vertex 27.7000 207.4000 3.0000
      vertex 27.7000 211.4000 3.0000
    endloop
  endfacet
  facet normal 0 0 1
    outer loop
      vertex 27.7000 207.4000 3.0000
      vertex 24.7000 211.4000 3.0000
      vertex 24.7000 207.4000 3.0000
    endloop
  endfacet
  facet normal -0 0 1
    outer loop
      vertex 30.7000 187.4000 3.0000
      vertex 33.7000 183.4000 3.0000
      vertex 33.7000 187.4000 3.0000
    endloop
  endfacet
  facet normal 0 0 1
    outer loop
      vertex 33.7000 183.4000 3.0000
      vertex 30.7000 187.4000 3.0000
      vertex 30.7000 183.4000 3.0000
    endloop
  endfacet
  facet normal -0 0 1
    outer loop
      vertex 30.7000 211.4000 3.0000
      vertex 33.7000 207.4000 3.0000
      vertex 33.7000 211.4000 3.0000
    endloop
  endfacet
  facet normal 0 0 1
    outer loop
      vertex 33.7000 207.4000 3.0000
      vertex 30.7000 211.4000 3.0000
      vertex 30.7000 207.4000 3.0000
    endloop
  endfacet
  facet normal -0 0 1
    outer loop
      vertex 36.7000 187.4000 3.0000
      vertex 39.7000 183.4000 3.0000
      vertex 39.7000 187.4000 3.0000
    endloop
  endfacet
  facet normal 0 0 1
    outer loop
      vertex 39.7000 183.4000 3.0000
      vertex 36.7000 187.4000 3.0000
      vertex 36.7000 183.4000 3.0000
    endloop
  endfacet
  facet normal -0 0 1
    outer loop
      vertex 36.7000 211.4000 3.0000
      vertex 39.7000 207.4000 3.0000
      vertex 39.7000 211.4000 3.0000
    endloop
  endfacet
  facet normal 0 0 1
    outer loop
      vertex 39.7000 207.4000 3.0000
      vertex 36.7000 211.4000 3.0000
      vertex 36.7000 207.4000 3.0000
    endloop
  endfacet
  facet normal -0 0 1
    outer loop
      vertex 42.7000 187.4000 3.0000
      vertex 45.7000 183.4000 3.0000
      vertex 45.7000 187.4000 3.0000
    endloop
  endfacet
  facet normal 0 0 1
    outer loop
      vertex 45.7000 183.4000 3.0000
      vertex 42.7000 187.4000 3.0000
      vertex 42.7000 183.4000 3.0000
    endloop
  endfacet
  facet normal -0 0 1
    outer loop
      vertex 42.7000 211.4000 3.0000
      vertex 45.7000 207.4000 3.0000
      vertex 45.7000 211.4000 3.0000
    endloop
  endfacet
  facet normal 0 0 1
    outer loop
      vertex 45.7000 207.4000 3.0000
      vertex 42.7000 211.4000 3.0000
      vertex 42.7000 207.4000 3.0000
    endloop
  endfacet
  facet normal -0 0 1
    outer loop
      vertex 48.7000 187.4000 3.0000
      vertex 51.7000 183.4000 3.0000
      vertex 51.7000 187.4000 3.0000
    endloop
  endfacet
  facet normal 0 0 1
    outer loop
      vertex 51.7000 183.4000 3.0000
      vertex 48.7000 187.4000 3.0000
      vertex 48.7000 183.4000 3.0000
    endloop
  endfacet
  facet normal -0 0 1
    outer loop
      vertex 48.7000 211.4000 3.0000
      vertex 51.7000 207.4000 3.0000
      vertex 51.7000 211.4000 3.0000
    endloop
  endfacet
  facet normal 0 0 1
    outer loop
      vertex 51.7000 207.4000 3.0000
      vertex 48.7000 211.4000 3.0000
      vertex 48.7000 207.4000 3.0000
    endloop
  endfacet
  facet normal -0 0 1
    outer loop
      vertex 54.7000 187.4000 3.0000
      vertex 57.7000 183.4000 3.0000
      vertex 57.7000 187.4000 3.0000
    endloop
  endfacet
  facet normal 0 0 1
    outer loop
      vertex 57.7000 183.4000 3.0000
      vertex 54.7000 187.4000 3.0000
      vertex 54.7000 183.4000 3.0000
    endloop
  endfacet
  facet normal -0 0 1
    outer loop
      vertex 54.7000 211.4000 3.0000
      vertex 57.7000 207.4000 3.0000
      vertex 57.7000 211.4000 3.0000
    endloop
  endfacet
  facet normal 0 0 1
    outer loop
      vertex 57.7000 207.4000 3.0000
      vertex 54.7000 211.4000 3.0000
      vertex 54.7000 207.4000 3.0000
    endloop
  endfacet
  facet normal -0 0 1
    outer loop
      vertex 60.7000 187.4000 3.0000
      vertex 63.7000 183.4000 3.0000
      vertex 63.7000 187.4000 3.0000
    endloop
  endfacet
  facet normal 0 0 1
    outer loop
      vertex 63.7000 183.4000 3.0000
      vertex 60.7000 187.4000 3.0000
      vertex 60.7000 183.4000 3.0000
    endloop
  endfacet
  facet normal -0 0 1
    outer loop
      vertex 60.7000 211.4000 3.0000
      vertex 63.7000 207.4000 3.0000
      vertex 63.7000 211.4000 3.0000
    endloop
  endfacet
  facet normal 0 0 1
    outer loop
      vertex 63.7000 207.4000 3.0000
      vertex 60.7000 211.4000 3.0000
      vertex 60.7000 207.4000 3.0000
    endloop
  endfacet
  facet normal -0 0 1
    outer loop
      vertex 66.7000 187.4000 3.0000
      vertex 69.7000 183.4000 3.0000
      vertex 69.7000 187.4000 3.0000
    endloop
  endfacet
  facet normal 0 0 1
    outer loop
      vertex 69.7000 183.4000 3.0000
      vertex 66.7000 187.4000 3.0000
      vertex 66.7000 183.4000 3.0000
    endloop
  endfacet
  facet normal -0 0 1
    outer loop
      vertex 66.7000 211.4000 3.0000
      vertex 69.7000 207.4000 3.0000
      vertex 69.7000 211.4000 3.0000
    endloop
  endfacet
  facet normal 0 0 1
    outer loop
      vertex 69.7000 207.4000 3.0000
      vertex 66.7000 211.4000 3.0000
      vertex 66.7000 207.4000 3.0000
    endloop
  endfacet
  facet normal -0 0 1
    outer loop
      vertex 72.7000 187.4000 3.0000
      vertex 75.7000 183.4000 3.0000
      vertex 75.7000 187.4000 3.0000
    endloop
  endfacet
  facet normal 0 0 1
    outer loop
      vertex 75.7000 183.4000 3.0000
      vertex 72.7000 187.4000 3.0000
      vertex 72.7000 183.4000 3.0000
    endloop
  endfacet
  facet normal -0 0 1
    outer loop
      vertex 72.7000 211.4000 3.0000
      vertex 75.7000 207.4000 3.0000
      vertex 75.7000 211.4000 3.0000
    endloop
  endfacet
  facet normal 0 0 1
    outer loop
      vertex 75.7000 207.4000 3.0000
      vertex 72.7000 211.4000 3.0000
      vertex 72.7000 207.4000 3.0000
    endloop
  endfacet
  facet normal -0 0 1
    outer loop
      vertex 78.7000 187.4000 3.0000
      vertex 81.7000 183.4000 3.0000
      vertex 81.7000 187.4000 3.0000
    endloop
  endfacet
  facet normal 0 0 1
    outer loop
      vertex 81.7000 183.4000 3.0000
      vertex 78.7000 187.4000 3.0000
      vertex 78.7000 183.4000 3.0000
    endloop
  endfacet
  facet normal -0 0 1
    outer loop
      vertex 78.7000 211.4000 3.0000
      vertex 81.7000 207.4000 3.0000
      vertex 81.7000 211.4000 3.0000
    endloop
  endfacet
  facet normal 0 0 1
    outer loop
      vertex 81.7000 207.4000 3.0000
      vertex 78.7000 211.4000 3.0000
      vertex 78.7000 207.4000 3.0000
    endloop
  endfacet
  facet normal -0 0 1
    outer loop
      vertex 84.7000 187.4000 3.0000
      vertex 87.7000 183.4000 3.0000
      vertex 87.7000 187.4000 3.0000
    endloop
  endfacet
  facet normal 0 0 1
    outer loop
      vertex 87.7000 183.4000 3.0000
      vertex 84.7000 187.4000 3.0000
      vertex 84.7000 183.4000 3.0000
    endloop
  endfacet
  facet normal -0 0 1
    outer loop
      vertex 84.7000 211.4000 3.0000
      vertex 87.7000 207.4000 3.0000
      vertex 87.7000 211.4000 3.0000
    endloop
  endfacet
  facet normal 0 0 1
    outer loop
      vertex 87.7000 207.4000 3.0000
      vertex 84.7000 211.4000 3.0000
      vertex 84.7000 207.4000 3.0000
    endloop
  endfacet
  facet normal -0 0 1
    outer loop
      vertex 90.7000 187.4000 3.0000
      vertex 93.7000 183.4000 3.0000
      vertex 93.7000 187.4000 3.0000
    endloop
  endfacet
  facet normal 0 0 1
    outer loop
      vertex 93.7000 183.4000 3.0000
      vertex 90.7000 187.4000 3.0000
      vertex 90.7000 183.4000 3.0000
    endloop
  endfacet
  facet normal -0 0 1
    outer loop
      vertex 90.7000 211.4000 3.0000
      vertex 93.7000 207.4000 3.0000
      vertex 93.7000 211.4000 3.0000
    endloop
  endfacet
  facet normal 0 0 1
    outer loop
      vertex 93.7000 207.4000 3.0000
      vertex 90.7000 211.4000 3.0000
      vertex 90.7000 207.4000 3.0000
    endloop
  endfacet
  facet normal -0 0 1
    outer loop
      vertex 96.7000 187.4000 3.0000
      vertex 99.7000 183.4000 3.0000
      vertex 99.7000 187.4000 3.0000
    endloop
  endfacet
  facet normal 0 0 1
    outer loop
      vertex 99.7000 183.4000 3.0000
      vertex 96.7000 187.4000 3.0000
      vertex 96.7000 183.4000 3.0000
    endloop
  endfacet
  facet normal -0 0 1
    outer loop
      vertex 96.7000 211.4000 3.0000
      vertex 99.7000 207.4000 3.0000
      vertex 99.7000 211.4000 3.0000
    endloop
  endfacet
  facet normal 0 0 1
    outer loop
      vertex 99.7000 207.4000 3.0000
      vertex 96.7000 211.4000 3.0000
      vertex 96.7000 207.4000 3.0000
    endloop
  endfacet
  facet normal -0 0 1
    outer loop
      vertex 102.7000 187.4000 3.0000
      vertex 105.7000 183.4000 3.0000
      vertex 105.7000 187.4000 3.0000
    endloop
  endfacet
  facet normal 0 0 1
    outer loop
      vertex 105.7000 183.4000 3.0000
      vertex 102.7000 187.4000 3.0000
      vertex 102.7000 183.4000 3.0000
    endloop
  endfacet
  facet normal -0 0 1
    outer loop
      vertex 102.7000 211.4000 3.0000
      vertex 105.7000 207.4000 3.0000
      vertex 105.7000 211.4000 3.0000
    endloop
  endfacet
  facet normal 0 0 1
    outer loop
      vertex 105.7000 207.4000 3.0000
      vertex 102.7000 211.4000 3.0000
      vertex 102.7000 207.4000 3.0000
    endloop
  endfacet
  facet normal 0 0 1
    outer loop
      vertex 120.2000 117.5000 3.0000
      vertex 102.7000 163.4000 3.0000
      vertex 113.7000 113.0000 3.0000
    endloop
  endfacet
  facet normal 0 0 1
    outer loop
      vertex 105.7000 187.4000 3.0000
      vertex 108.7000 187.4000 3.0000
      vertex 105.7000 207.4000 3.0000
    endloop
  endfacet
  facet normal 0 0 1
    outer loop
      vertex 108.7000 187.4000 3.0000
      vertex 105.7000 187.4000 3.0000
      vertex 108.7000 183.4000 3.0000
    endloop
  endfacet
  facet normal 0 0 1
    outer loop
      vertex 105.7000 183.4000 3.0000
      vertex 108.7000 183.4000 3.0000
      vertex 105.7000 187.4000 3.0000
    endloop
  endfacet
  facet normal 0 0 1
    outer loop
      vertex 108.7000 183.4000 3.0000
      vertex 105.7000 183.4000 3.0000
      vertex 108.7000 163.4000 3.0000
    endloop
  endfacet
  facet normal 0 0 1
    outer loop
      vertex 105.7000 163.4000 3.0000
      vertex 108.7000 163.4000 3.0000
      vertex 105.7000 183.4000 3.0000
    endloop
  endfacet
  facet normal -0 0 1
    outer loop
      vertex 99.7000 163.4000 3.0000
      vertex 113.7000 113.0000 3.0000
      vertex 102.7000 163.4000 3.0000
    endloop
  endfacet
  facet normal -0 0 1
    outer loop
      vertex 96.7000 163.4000 3.0000
      vertex 113.7000 113.0000 3.0000
      vertex 99.7000 163.4000 3.0000
    endloop
  endfacet
  facet normal 0 0 1
    outer loop
      vertex 99.7000 187.4000 3.0000
      vertex 102.7000 187.4000 3.0000
      vertex 99.7000 207.4000 3.0000
    endloop
  endfacet
  facet normal 0 0 1
    outer loop
      vertex 102.7000 187.4000 3.0000
      vertex 99.7000 187.4000 3.0000
      vertex 102.7000 183.4000 3.0000
    endloop
  endfacet
  facet normal 0 0 1
    outer loop
      vertex 99.7000 183.4000 3.0000
      vertex 102.7000 183.4000 3.0000
      vertex 99.7000 187.4000 3.0000
    endloop
  endfacet
  facet normal 0 0 1
    outer loop
      vertex 102.7000 183.4000 3.0000
      vertex 99.7000 183.4000 3.0000
      vertex 102.7000 163.4000 3.0000
    endloop
  endfacet
  facet normal 0 0 1
    outer loop
      vertex 99.7000 163.4000 3.0000
      vertex 102.7000 163.4000 3.0000
      vertex 99.7000 183.4000 3.0000
    endloop
  endfacet
  facet normal -0 0 1
    outer loop
      vertex 93.7000 163.4000 3.0000
      vertex 113.7000 113.0000 3.0000
      vertex 96.7000 163.4000 3.0000
    endloop
  endfacet
  facet normal -0 0 1
    outer loop
      vertex 90.7000 163.4000 3.0000
      vertex 113.7000 113.0000 3.0000
      vertex 93.7000 163.4000 3.0000
    endloop
  endfacet
  facet normal 0 0 1
    outer loop
      vertex 93.7000 187.4000 3.0000
      vertex 96.7000 187.4000 3.0000
      vertex 93.7000 207.4000 3.0000
    endloop
  endfacet
  facet normal 0 0 1
    outer loop
      vertex 96.7000 187.4000 3.0000
      vertex 93.7000 187.4000 3.0000
      vertex 96.7000 183.4000 3.0000
    endloop
  endfacet
  facet normal 0 0 1
    outer loop
      vertex 93.7000 183.4000 3.0000
      vertex 96.7000 183.4000 3.0000
      vertex 93.7000 187.4000 3.0000
    endloop
  endfacet
  facet normal 0 0 1
    outer loop
      vertex 96.7000 183.4000 3.0000
      vertex 93.7000 183.4000 3.0000
      vertex 96.7000 163.4000 3.0000
    endloop
  endfacet
  facet normal 0 0 1
    outer loop
      vertex 93.7000 163.4000 3.0000
      vertex 96.7000 163.4000 3.0000
      vertex 93.7000 183.4000 3.0000
    endloop
  endfacet
  facet normal -0 0 1
    outer loop
      vertex 87.7000 163.4000 3.0000
      vertex 113.7000 113.0000 3.0000
      vertex 90.7000 163.4000 3.0000
    endloop
  endfacet
  facet normal -0 0 1
    outer loop
      vertex 84.7000 163.4000 3.0000
      vertex 113.7000 113.0000 3.0000
      vertex 87.7000 163.4000 3.0000
    endloop
  endfacet
  facet normal 0 0 1
    outer loop
      vertex 87.7000 187.4000 3.0000
      vertex 90.7000 187.4000 3.0000
      vertex 87.7000 207.4000 3.0000
    endloop
  endfacet
  facet normal 0 0 1
    outer loop
      vertex 90.7000 187.4000 3.0000
      vertex 87.7000 187.4000 3.0000
      vertex 90.7000 183.4000 3.0000
    endloop
  endfacet
  facet normal 0 0 1
    outer loop
      vertex 87.7000 183.4000 3.0000
      vertex 90.7000 183.4000 3.0000
      vertex 87.7000 187.4000 3.0000
    endloop
  endfacet
  facet normal 0 0 1
    outer loop
      vertex 90.7000 183.4000 3.0000
      vertex 87.7000 183.4000 3.0000
      vertex 90.7000 163.4000 3.0000
    endloop
  endfacet
  facet normal 0 0 1
    outer loop
      vertex 87.7000 163.4000 3.0000
      vertex 90.7000 163.4000 3.0000
      vertex 87.7000 183.4000 3.0000
    endloop
  endfacet
  facet normal -0 0 1
    outer loop
      vertex 81.7000 163.4000 3.0000
      vertex 113.7000 113.0000 3.0000
      vertex 84.7000 163.4000 3.0000
    endloop
  endfacet
  facet normal -0 0 1
    outer loop
      vertex 78.7000 163.4000 3.0000
      vertex 113.7000 113.0000 3.0000
      vertex 81.7000 163.4000 3.0000
    endloop
  endfacet
  facet normal 0 0 1
    outer loop
      vertex 81.7000 187.4000 3.0000
      vertex 84.7000 187.4000 3.0000
      vertex 81.7000 207.4000 3.0000
    endloop
  endfacet
  facet normal 0 0 1
    outer loop
      vertex 84.7000 187.4000 3.0000
      vertex 81.7000 187.4000 3.0000
      vertex 84.7000 183.4000 3.0000
    endloop
  endfacet
  facet normal 0 0 1
    outer loop
      vertex 81.7000 183.4000 3.0000
      vertex 84.7000 183.4000 3.0000
      vertex 81.7000 187.4000 3.0000
    endloop
  endfacet
  facet normal 0 0 1
    outer loop
      vertex 84.7000 183.4000 3.0000
      vertex 81.7000 183.4000 3.0000
      vertex 84.7000 163.4000 3.0000
    endloop
  endfacet
  facet normal 0 0 1
    outer loop
      vertex 81.7000 163.4000 3.0000
      vertex 84.7000 163.4000 3.0000
      vertex 81.7000 183.4000 3.0000
    endloop
  endfacet
  facet normal -0 0 1
    outer loop
      vertex 75.7000 163.4000 3.0000
      vertex 113.7000 113.0000 3.0000
      vertex 78.7000 163.4000 3.0000
    endloop
  endfacet
  facet normal -0 0 1
    outer loop
      vertex 72.7000 163.4000 3.0000
      vertex 113.7000 113.0000 3.0000
      vertex 75.7000 163.4000 3.0000
    endloop
  endfacet
  facet normal 0 0 1
    outer loop
      vertex 75.7000 187.4000 3.0000
      vertex 78.7000 187.4000 3.0000
      vertex 75.7000 207.4000 3.0000
    endloop
  endfacet
  facet normal 0 0 1
    outer loop
      vertex 78.7000 187.4000 3.0000
      vertex 75.7000 187.4000 3.0000
      vertex 78.7000 183.4000 3.0000
    endloop
  endfacet
  facet normal 0 0 1
    outer loop
      vertex 75.7000 183.4000 3.0000
      vertex 78.7000 183.4000 3.0000
      vertex 75.7000 187.4000 3.0000
    endloop
  endfacet
  facet normal 0 0 1
    outer loop
      vertex 78.7000 183.4000 3.0000
      vertex 75.7000 183.4000 3.0000
      vertex 78.7000 163.4000 3.0000
    endloop
  endfacet
  facet normal 0 0 1
    outer loop
      vertex 75.7000 163.4000 3.0000
      vertex 78.7000 163.4000 3.0000
      vertex 75.7000 183.4000 3.0000
    endloop
  endfacet
  facet normal -0 0 1
    outer loop
      vertex 69.7000 163.4000 3.0000
      vertex 113.7000 113.0000 3.0000
      vertex 72.7000 163.4000 3.0000
    endloop
  endfacet
  facet normal -0 0 1
    outer loop
      vertex 66.7000 163.4000 3.0000
      vertex 113.7000 113.0000 3.0000
      vertex 69.7000 163.4000 3.0000
    endloop
  endfacet
  facet normal 0 0 1
    outer loop
      vertex 69.7000 187.4000 3.0000
      vertex 72.7000 187.4000 3.0000
      vertex 69.7000 207.4000 3.0000
    endloop
  endfacet
  facet normal 0 0 1
    outer loop
      vertex 72.7000 187.4000 3.0000
      vertex 69.7000 187.4000 3.0000
      vertex 72.7000 183.4000 3.0000
    endloop
  endfacet
  facet normal 0 0 1
    outer loop
      vertex 69.7000 183.4000 3.0000
      vertex 72.7000 183.4000 3.0000
      vertex 69.7000 187.4000 3.0000
    endloop
  endfacet
  facet normal 0 0 1
    outer loop
      vertex 72.7000 183.4000 3.0000
      vertex 69.7000 183.4000 3.0000
      vertex 72.7000 163.4000 3.0000
    endloop
  endfacet
  facet normal 0 0 1
    outer loop
      vertex 69.7000 163.4000 3.0000
      vertex 72.7000 163.4000 3.0000
      vertex 69.7000 183.4000 3.0000
    endloop
  endfacet
  facet normal -0 0 1
    outer loop
      vertex 63.7000 163.4000 3.0000
      vertex 113.7000 113.0000 3.0000
      vertex 66.7000 163.4000 3.0000
    endloop
  endfacet
  facet normal -0 0 1
    outer loop
      vertex 60.7000 163.4000 3.0000
      vertex 113.7000 113.0000 3.0000
      vertex 63.7000 163.4000 3.0000
    endloop
  endfacet
  facet normal 0 0 1
    outer loop
      vertex 63.7000 187.4000 3.0000
      vertex 66.7000 187.4000 3.0000
      vertex 63.7000 207.4000 3.0000
    endloop
  endfacet
  facet normal 0 0 1
    outer loop
      vertex 66.7000 187.4000 3.0000
      vertex 63.7000 187.4000 3.0000
      vertex 66.7000 183.4000 3.0000
    endloop
  endfacet
  facet normal 0 0 1
    outer loop
      vertex 63.7000 183.4000 3.0000
      vertex 66.7000 183.4000 3.0000
      vertex 63.7000 187.4000 3.0000
    endloop
  endfacet
  facet normal 0 0 1
    outer loop
      vertex 66.7000 183.4000 3.0000
      vertex 63.7000 183.4000 3.0000
      vertex 66.7000 163.4000 3.0000
    endloop
  endfacet
  facet normal 0 0 1
    outer loop
      vertex 63.7000 163.4000 3.0000
      vertex 66.7000 163.4000 3.0000
      vertex 63.7000 183.4000 3.0000
    endloop
  endfacet
  facet normal 0 0 1
    outer loop
      vertex 113.7000 113.0000 3.0000
      vertex 60.7000 163.4000 3.0000
      vertex 113.7000 107.0000 3.0000
    endloop
  endfacet
  facet normal -0 0 1
    outer loop
      vertex 57.7000 163.4000 3.0000
      vertex 113.7000 107.0000 3.0000
      vertex 60.7000 163.4000 3.0000
    endloop
  endfacet
  facet normal 0 0 1
    outer loop
      vertex 57.7000 187.4000 3.0000
      vertex 60.7000 187.4000 3.0000
      vertex 57.7000 207.4000 3.0000
    endloop
  endfacet
  facet normal 0 0 1
    outer loop
      vertex 60.7000 187.4000 3.0000
      vertex 57.7000 187.4000 3.0000
      vertex 60.7000 183.4000 3.0000
    endloop
  endfacet
  facet normal 0 0 1
    outer loop
      vertex 57.7000 183.4000 3.0000
      vertex 60.7000 183.4000 3.0000
      vertex 57.7000 187.4000 3.0000
    endloop
  endfacet
  facet normal 0 0 1
    outer loop
      vertex 60.7000 183.4000 3.0000
      vertex 57.7000 183.4000 3.0000
      vertex 60.7000 163.4000 3.0000
    endloop
  endfacet
  facet normal 0 0 1
    outer loop
      vertex 57.7000 163.4000 3.0000
      vertex 60.7000 163.4000 3.0000
      vertex 57.7000 183.4000 3.0000
    endloop
  endfacet
  facet normal -0 0 1
    outer loop
      vertex 54.7000 163.4000 3.0000
      vertex 113.7000 107.0000 3.0000
      vertex 57.7000 163.4000 3.0000
    endloop
  endfacet
  facet normal -0 0 1
    outer loop
      vertex 51.7000 163.4000 3.0000
      vertex 113.7000 107.0000 3.0000
      vertex 54.7000 163.4000 3.0000
    endloop
  endfacet
  facet normal 0 0 1
    outer loop
      vertex 51.7000 187.4000 3.0000
      vertex 54.7000 187.4000 3.0000
      vertex 51.7000 207.4000 3.0000
    endloop
  endfacet
  facet normal 0 0 1
    outer loop
      vertex 54.7000 187.4000 3.0000
      vertex 51.7000 187.4000 3.0000
      vertex 54.7000 183.4000 3.0000
    endloop
  endfacet
  facet normal 0 0 1
    outer loop
      vertex 51.7000 183.4000 3.0000
      vertex 54.7000 183.4000 3.0000
      vertex 51.7000 187.4000 3.0000
    endloop
  endfacet
  facet normal 0 0 1
    outer loop
      vertex 54.7000 183.4000 3.0000
      vertex 51.7000 183.4000 3.0000
      vertex 54.7000 163.4000 3.0000
    endloop
  endfacet
  facet normal 0 0 1
    outer loop
      vertex 51.7000 163.4000 3.0000
      vertex 54.7000 163.4000 3.0000
      vertex 51.7000 183.4000 3.0000
    endloop
  endfacet
  facet normal -0 0 1
    outer loop
      vertex 48.7000 163.4000 3.0000
      vertex 113.7000 107.0000 3.0000
      vertex 51.7000 163.4000 3.0000
    endloop
  endfacet
  facet normal -0 0 1
    outer loop
      vertex 45.7000 163.4000 3.0000
      vertex 113.7000 107.0000 3.0000
      vertex 48.7000 163.4000 3.0000
    endloop
  endfacet
  facet normal 0 0 1
    outer loop
      vertex 45.7000 187.4000 3.0000
      vertex 48.7000 187.4000 3.0000
      vertex 45.7000 207.4000 3.0000
    endloop
  endfacet
  facet normal 0 0 1
    outer loop
      vertex 48.7000 187.4000 3.0000
      vertex 45.7000 187.4000 3.0000
      vertex 48.7000 183.4000 3.0000
    endloop
  endfacet
  facet normal 0 0 1
    outer loop
      vertex 45.7000 183.4000 3.0000
      vertex 48.7000 183.4000 3.0000
      vertex 45.7000 187.4000 3.0000
    endloop
  endfacet
  facet normal 0 0 1
    outer loop
      vertex 48.7000 183.4000 3.0000
      vertex 45.7000 183.4000 3.0000
      vertex 48.7000 163.4000 3.0000
    endloop
  endfacet
  facet normal 0 0 1
    outer loop
      vertex 45.7000 163.4000 3.0000
      vertex 48.7000 163.4000 3.0000
      vertex 45.7000 183.4000 3.0000
    endloop
  endfacet
  facet normal -0 0 1
    outer loop
      vertex 42.7000 163.4000 3.0000
      vertex 113.7000 107.0000 3.0000
      vertex 45.7000 163.4000 3.0000
    endloop
  endfacet
  facet normal -0 0 1
    outer loop
      vertex 39.7000 163.4000 3.0000
      vertex 113.7000 107.0000 3.0000
      vertex 42.7000 163.4000 3.0000
    endloop
  endfacet
  facet normal 0 0 1
    outer loop
      vertex 39.7000 187.4000 3.0000
      vertex 42.7000 187.4000 3.0000
      vertex 39.7000 207.4000 3.0000
    endloop
  endfacet
  facet normal 0 0 1
    outer loop
      vertex 42.7000 187.4000 3.0000
      vertex 39.7000 187.4000 3.0000
      vertex 42.7000 183.4000 3.0000
    endloop
  endfacet
  facet normal 0 0 1
    outer loop
      vertex 39.7000 183.4000 3.0000
      vertex 42.7000 183.4000 3.0000
      vertex 39.7000 187.4000 3.0000
    endloop
  endfacet
  facet normal 0 0 1
    outer loop
      vertex 42.7000 183.4000 3.0000
      vertex 39.7000 183.4000 3.0000
      vertex 42.7000 163.4000 3.0000
    endloop
  endfacet
  facet normal 0 0 1
    outer loop
      vertex 39.7000 163.4000 3.0000
      vertex 42.7000 163.4000 3.0000
      vertex 39.7000 183.4000 3.0000
    endloop
  endfacet
  facet normal 0 0 1
    outer loop
      vertex 113.7000 107.0000 3.0000
      vertex 39.7000 163.4000 3.0000
      vertex 13.0000 13.0000 3.0000
    endloop
  endfacet
  facet normal 0 0 1
    outer loop
      vertex 13.0000 13.0000 3.0000
      vertex 39.7000 163.4000 3.0000
      vertex 36.7000 163.4000 3.0000
    endloop
  endfacet
  facet normal 0 0 1
    outer loop
      vertex 33.7000 187.4000 3.0000
      vertex 36.7000 187.4000 3.0000
      vertex 33.7000 207.4000 3.0000
    endloop
  endfacet
  facet normal 0 0 1
    outer loop
      vertex 36.7000 187.4000 3.0000
      vertex 33.7000 187.4000 3.0000
      vertex 36.7000 183.4000 3.0000
    endloop
  endfacet
  facet normal 0 0 1
    outer loop
      vertex 33.7000 183.4000 3.0000
      vertex 36.7000 183.4000 3.0000
      vertex 33.7000 187.4000 3.0000
    endloop
  endfacet
  facet normal 0 0 1
    outer loop
      vertex 36.7000 183.4000 3.0000
      vertex 33.7000 183.4000 3.0000
      vertex 36.7000 163.4000 3.0000
    endloop
  endfacet
  facet normal 0 0 1
    outer loop
      vertex 33.7000 163.4000 3.0000
      vertex 36.7000 163.4000 3.0000
      vertex 33.7000 183.4000 3.0000
    endloop
  endfacet
  facet normal 0 0 1
    outer loop
      vertex 13.0000 13.0000 3.0000
      vertex 36.7000 163.4000 3.0000
      vertex 33.7000 163.4000 3.0000
    endloop
  endfacet
  facet normal 0 0 1
    outer loop
      vertex 13.0000 13.0000 3.0000
      vertex 33.7000 163.4000 3.0000
      vertex 30.7000 163.4000 3.0000
    endloop
  endfacet
  facet normal 0 0 1
    outer loop
      vertex 27.7000 187.4000 3.0000
      vertex 30.7000 187.4000 3.0000
      vertex 27.7000 207.4000 3.0000
    endloop
  endfacet
  facet normal 0 0 1
    outer loop
      vertex 30.7000 187.4000 3.0000
      vertex 27.7000 187.4000 3.0000
      vertex 30.7000 183.4000 3.0000
    endloop
  endfacet
  facet normal 0 0 1
    outer loop
      vertex 27.7000 183.4000 3.0000
      vertex 30.7000 183.4000 3.0000
      vertex 27.7000 187.4000 3.0000
    endloop
  endfacet
  facet normal 0 0 1
    outer loop
      vertex 30.7000 183.4000 3.0000
      vertex 27.7000 183.4000 3.0000
      vertex 30.7000 163.4000 3.0000
    endloop
  endfacet
  facet normal 0 0 1
    outer loop
      vertex 27.7000 163.4000 3.0000
      vertex 30.7000 163.4000 3.0000
      vertex 27.7000 183.4000 3.0000
    endloop
  endfacet
  facet normal 0 0 1
    outer loop
      vertex 13.0000 13.0000 3.0000
      vertex 30.7000 163.4000 3.0000
      vertex 27.7000 163.4000 3.0000
    endloop
  endfacet
  facet normal 0 0 1
    outer loop
      vertex 13.0000 13.0000 3.0000
      vertex 27.7000 163.4000 3.0000
      vertex 24.7000 163.4000 3.0000
    endloop
  endfacet
  facet normal 0 0 1
    outer loop
      vertex 21.7000 187.4000 3.0000
      vertex 24.7000 187.4000 3.0000
      vertex 21.7000 207.4000 3.0000
    endloop
  endfacet
  facet normal 0 0 1
    outer loop
      vertex 24.7000 187.4000 3.0000
      vertex 21.7000 187.4000 3.0000
      vertex 24.7000 183.4000 3.0000
    endloop
  endfacet
  facet normal 0 0 1
    outer loop
      vertex 21.7000 183.4000 3.0000
      vertex 24.7000 183.4000 3.0000
      vertex 21.7000 187.4000 3.0000
    endloop
  endfacet
  facet normal 0 0 1
    outer loop
      vertex 24.7000 183.4000 3.0000
      vertex 21.7000 183.4000 3.0000
      vertex 24.7000 163.4000 3.0000
    endloop
  endfacet
  facet normal 0 0 1
    outer loop
      vertex 21.7000 163.4000 3.0000
      vertex 24.7000 163.4000 3.0000
      vertex 21.7000 183.4000 3.0000
    endloop
  endfacet
  facet normal 0 0 1
    outer loop
      vertex 13.0000 13.0000 3.0000
      vertex 24.7000 163.4000 3.0000
      vertex 21.7000 163.4000 3.0000
    endloop
  endfacet
  facet normal 0 0 1
    outer loop
      vertex 13.0000 13.0000 3.0000
      vertex 21.7000 163.4000 3.0000
      vertex 18.7000 163.4000 3.0000
    endloop
  endfacet
  facet normal 0 0 1
    outer loop
      vertex 113.7000 107.0000 3.0000
      vertex 13.0000 13.0000 3.0000
      vertex 111.2000 6.5000 3.0000
    endloop
  endfacet
  facet normal 0 0 1
    outer loop
      vertex 18.7000 187.4000 3.0000
      vertex 15.7000 187.4000 3.0000
      vertex 18.7000 183.4000 3.0000
    endloop
  endfacet
  facet normal -0 0 1
    outer loop
      vertex 108.7000 187.4000 3.0000
      vertex 111.7000 183.4000 3.0000
      vertex 111.7000 187.4000 3.0000
    endloop
  endfacet
  facet normal 0 0 1
    outer loop
      vertex 111.7000 183.4000 3.0000
      vertex 108.7000 187.4000 3.0000
      vertex 108.7000 183.4000 3.0000
    endloop
  endfacet
  facet normal -0 0 1
    outer loop
      vertex 108.7000 211.4000 3.0000
      vertex 111.7000 207.4000 3.0000
      vertex 111.7000 211.4000 3.0000
    endloop
  endfacet
  facet normal 0 0 1
    outer loop
      vertex 111.7000 207.4000 3.0000
      vertex 108.7000 211.4000 3.0000
      vertex 108.7000 207.4000 3.0000
    endloop
  endfacet
  facet normal 0 0 1
    outer loop
      vertex 115.0370 234.3534 3.0000
      vertex 111.2000 237.5000 3.0000
      vertex 111.7000 231.4000 3.0000
    endloop
  endfacet
  facet normal 0 0 1
    outer loop
      vertex 111.2000 237.5000 3.0000
      vertex 108.7000 231.4000 3.0000
      vertex 111.7000 231.4000 3.0000
    endloop
  endfacet
  facet normal -0 0 1
    outer loop
      vertex 105.7000 231.4000 3.0000
      vertex 108.7000 211.4000 3.0000
      vertex 108.7000 231.4000 3.0000
    endloop
  endfacet
  facet normal 0 0 1
    outer loop
      vertex 105.7000 211.4000 3.0000
      vertex 108.7000 211.4000 3.0000
      vertex 105.7000 231.4000 3.0000
    endloop
  endfacet
  facet normal 0 0 1
    outer loop
      vertex 108.7000 211.4000 3.0000
      vertex 105.7000 211.4000 3.0000
      vertex 108.7000 207.4000 3.0000
    endloop
  endfacet
  facet normal 0 0 1
    outer loop
      vertex 105.7000 207.4000 3.0000
      vertex 108.7000 207.4000 3.0000
      vertex 105.7000 211.4000 3.0000
    endloop
  endfacet
  facet normal 0 0 1
    outer loop
      vertex 108.7000 207.4000 3.0000
      vertex 105.7000 207.4000 3.0000
      vertex 108.7000 187.4000 3.0000
    endloop
  endfacet
  facet normal 0 0 1
    outer loop
      vertex 111.2000 237.5000 3.0000
      vertex 105.7000 231.4000 3.0000
      vertex 108.7000 231.4000 3.0000
    endloop
  endfacet
  facet normal 0 0 1
    outer loop
      vertex 111.2000 237.5000 3.0000
      vertex 102.7000 231.4000 3.0000
      vertex 105.7000 231.4000 3.0000
    endloop
  endfacet
  facet normal -0 0 1
    outer loop
      vertex 99.7000 231.4000 3.0000
      vertex 102.7000 211.4000 3.0000
      vertex 102.7000 231.4000 3.0000
    endloop
  endfacet
  facet normal 0 0 1
    outer loop
      vertex 99.7000 211.4000 3.0000
      vertex 102.7000 211.4000 3.0000
      vertex 99.7000 231.4000 3.0000
    endloop
  endfacet
  facet normal 0 0 1
    outer loop
      vertex 102.7000 211.4000 3.0000
      vertex 99.7000 211.4000 3.0000
      vertex 102.7000 207.4000 3.0000
    endloop
  endfacet
  facet normal 0 0 1
    outer loop
      vertex 99.7000 207.4000 3.0000
      vertex 102.7000 207.4000 3.0000
      vertex 99.7000 211.4000 3.0000
    endloop
  endfacet
  facet normal 0 0 1
    outer loop
      vertex 102.7000 207.4000 3.0000
      vertex 99.7000 207.4000 3.0000
      vertex 102.7000 187.4000 3.0000
    endloop
  endfacet
  facet normal 0 0 1
    outer loop
      vertex 111.2000 237.5000 3.0000
      vertex 99.7000 231.4000 3.0000
      vertex 102.7000 231.4000 3.0000
    endloop
  endfacet
  facet normal 0 0 1
    outer loop
      vertex 111.2000 237.5000 3.0000
      vertex 96.7000 231.4000 3.0000
      vertex 99.7000 231.4000 3.0000
    endloop
  endfacet
  facet normal -0 0 1
    outer loop
      vertex 93.7000 231.4000 3.0000
      vertex 96.7000 211.4000 3.0000
      vertex 96.7000 231.4000 3.0000
    endloop
  endfacet
  facet normal 0 0 1
    outer loop
      vertex 93.7000 211.4000 3.0000
      vertex 96.7000 211.4000 3.0000
      vertex 93.7000 231.4000 3.0000
    endloop
  endfacet
  facet normal 0 0 1
    outer loop
      vertex 96.7000 211.4000 3.0000
      vertex 93.7000 211.4000 3.0000
      vertex 96.7000 207.4000 3.0000
    endloop
  endfacet
  facet normal 0 0 1
    outer loop
      vertex 93.7000 207.4000 3.0000
      vertex 96.7000 207.4000 3.0000
      vertex 93.7000 211.4000 3.0000
    endloop
  endfacet
  facet normal 0 0 1
    outer loop
      vertex 96.7000 207.4000 3.0000
      vertex 93.7000 207.4000 3.0000
      vertex 96.7000 187.4000 3.0000
    endloop
  endfacet
  facet normal 0 0 1
    outer loop
      vertex 111.2000 237.5000 3.0000
      vertex 93.7000 231.4000 3.0000
      vertex 96.7000 231.4000 3.0000
    endloop
  endfacet
  facet normal 0 0 1
    outer loop
      vertex 111.2000 237.5000 3.0000
      vertex 90.7000 231.4000 3.0000
      vertex 93.7000 231.4000 3.0000
    endloop
  endfacet
  facet normal -0 0 1
    outer loop
      vertex 87.7000 231.4000 3.0000
      vertex 90.7000 211.4000 3.0000
      vertex 90.7000 231.4000 3.0000
    endloop
  endfacet
  facet normal 0 0 1
    outer loop
      vertex 87.7000 211.4000 3.0000
      vertex 90.7000 211.4000 3.0000
      vertex 87.7000 231.4000 3.0000
    endloop
  endfacet
  facet normal 0 0 1
    outer loop
      vertex 90.7000 211.4000 3.0000
      vertex 87.7000 211.4000 3.0000
      vertex 90.7000 207.4000 3.0000
    endloop
  endfacet
  facet normal 0 0 1
    outer loop
      vertex 87.7000 207.4000 3.0000
      vertex 90.7000 207.4000 3.0000
      vertex 87.7000 211.4000 3.0000
    endloop
  endfacet
  facet normal 0 0 1
    outer loop
      vertex 90.7000 207.4000 3.0000
      vertex 87.7000 207.4000 3.0000
      vertex 90.7000 187.4000 3.0000
    endloop
  endfacet
  facet normal 0 0 1
    outer loop
      vertex 111.2000 237.5000 3.0000
      vertex 87.7000 231.4000 3.0000
      vertex 90.7000 231.4000 3.0000
    endloop
  endfacet
  facet normal 0 0 1
    outer loop
      vertex 111.2000 237.5000 3.0000
      vertex 84.7000 231.4000 3.0000
      vertex 87.7000 231.4000 3.0000
    endloop
  endfacet
  facet normal -0 0 1
    outer loop
      vertex 81.7000 231.4000 3.0000
      vertex 84.7000 211.4000 3.0000
      vertex 84.7000 231.4000 3.0000
    endloop
  endfacet
  facet normal 0 0 1
    outer loop
      vertex 81.7000 211.4000 3.0000
      vertex 84.7000 211.4000 3.0000
      vertex 81.7000 231.4000 3.0000
    endloop
  endfacet
  facet normal 0 0 1
    outer loop
      vertex 84.7000 211.4000 3.0000
      vertex 81.7000 211.4000 3.0000
      vertex 84.7000 207.4000 3.0000
    endloop
  endfacet
  facet normal 0 0 1
    outer loop
      vertex 81.7000 207.4000 3.0000
      vertex 84.7000 207.4000 3.0000
      vertex 81.7000 211.4000 3.0000
    endloop
  endfacet
  facet normal 0 0 1
    outer loop
      vertex 84.7000 207.4000 3.0000
      vertex 81.7000 207.4000 3.0000
      vertex 84.7000 187.4000 3.0000
    endloop
  endfacet
  facet normal 0 0 1
    outer loop
      vertex 111.2000 237.5000 3.0000
      vertex 81.7000 231.4000 3.0000
      vertex 84.7000 231.4000 3.0000
    endloop
  endfacet
  facet normal 0 0 1
    outer loop
      vertex 111.2000 237.5000 3.0000
      vertex 78.7000 231.4000 3.0000
      vertex 81.7000 231.4000 3.0000
    endloop
  endfacet
  facet normal -0 0 1
    outer loop
      vertex 75.7000 231.4000 3.0000
      vertex 78.7000 211.4000 3.0000
      vertex 78.7000 231.4000 3.0000
    endloop
  endfacet
  facet normal 0 0 1
    outer loop
      vertex 75.7000 211.4000 3.0000
      vertex 78.7000 211.4000 3.0000
      vertex 75.7000 231.4000 3.0000
    endloop
  endfacet
  facet normal 0 0 1
    outer loop
      vertex 78.7000 211.4000 3.0000
      vertex 75.7000 211.4000 3.0000
      vertex 78.7000 207.4000 3.0000
    endloop
  endfacet
  facet normal 0 0 1
    outer loop
      vertex 75.7000 207.4000 3.0000
      vertex 78.7000 207.4000 3.0000
      vertex 75.7000 211.4000 3.0000
    endloop
  endfacet
  facet normal 0 0 1
    outer loop
      vertex 78.7000 207.4000 3.0000
      vertex 75.7000 207.4000 3.0000
      vertex 78.7000 187.4000 3.0000
    endloop
  endfacet
  facet normal 0 0 1
    outer loop
      vertex 111.2000 237.5000 3.0000
      vertex 75.7000 231.4000 3.0000
      vertex 78.7000 231.4000 3.0000
    endloop
  endfacet
  facet normal 0 0 1
    outer loop
      vertex 111.2000 237.5000 3.0000
      vertex 72.7000 231.4000 3.0000
      vertex 75.7000 231.4000 3.0000
    endloop
  endfacet
  facet normal -0 0 1
    outer loop
      vertex 69.7000 231.4000 3.0000
      vertex 72.7000 211.4000 3.0000
      vertex 72.7000 231.4000 3.0000
    endloop
  endfacet
  facet normal 0 0 1
    outer loop
      vertex 69.7000 211.4000 3.0000
      vertex 72.7000 211.4000 3.0000
      vertex 69.7000 231.4000 3.0000
    endloop
  endfacet
  facet normal 0 0 1
    outer loop
      vertex 72.7000 211.4000 3.0000
      vertex 69.7000 211.4000 3.0000
      vertex 72.7000 207.4000 3.0000
    endloop
  endfacet
  facet normal 0 0 1
    outer loop
      vertex 69.7000 207.4000 3.0000
      vertex 72.7000 207.4000 3.0000
      vertex 69.7000 211.4000 3.0000
    endloop
  endfacet
  facet normal 0 0 1
    outer loop
      vertex 72.7000 207.4000 3.0000
      vertex 69.7000 207.4000 3.0000
      vertex 72.7000 187.4000 3.0000
    endloop
  endfacet
  facet normal 0 0 1
    outer loop
      vertex 111.2000 237.5000 3.0000
      vertex 69.7000 231.4000 3.0000
      vertex 72.7000 231.4000 3.0000
    endloop
  endfacet
  facet normal 0 0 1
    outer loop
      vertex 111.2000 237.5000 3.0000
      vertex 66.7000 231.4000 3.0000
      vertex 69.7000 231.4000 3.0000
    endloop
  endfacet
  facet normal -0 0 1
    outer loop
      vertex 63.7000 231.4000 3.0000
      vertex 66.7000 211.4000 3.0000
      vertex 66.7000 231.4000 3.0000
    endloop
  endfacet
  facet normal 0 0 1
    outer loop
      vertex 63.7000 211.4000 3.0000
      vertex 66.7000 211.4000 3.0000
      vertex 63.7000 231.4000 3.0000
    endloop
  endfacet
  facet normal 0 0 1
    outer loop
      vertex 66.7000 211.4000 3.0000
      vertex 63.7000 211.4000 3.0000
      vertex 66.7000 207.4000 3.0000
    endloop
  endfacet
  facet normal 0 0 1
    outer loop
      vertex 63.7000 207.4000 3.0000
      vertex 66.7000 207.4000 3.0000
      vertex 63.7000 211.4000 3.0000
    endloop
  endfacet
  facet normal 0 0 1
    outer loop
      vertex 66.7000 207.4000 3.0000
      vertex 63.7000 207.4000 3.0000
      vertex 66.7000 187.4000 3.0000
    endloop
  endfacet
  facet normal 0 0 1
    outer loop
      vertex 111.2000 237.5000 3.0000
      vertex 63.7000 231.4000 3.0000
      vertex 66.7000 231.4000 3.0000
    endloop
  endfacet
  facet normal -0 0 1
    outer loop
      vertex 17.5000 237.5000 3.0000
      vertex 63.7000 231.4000 3.0000
      vertex 111.2000 237.5000 3.0000
    endloop
  endfacet
  facet normal -0 0 1
    outer loop
      vertex 57.7000 231.4000 3.0000
      vertex 60.7000 211.4000 3.0000
      vertex 60.7000 231.4000 3.0000
    endloop
  endfacet
  facet normal 0 0 1
    outer loop
      vertex 57.7000 211.4000 3.0000
      vertex 60.7000 211.4000 3.0000
      vertex 57.7000 231.4000 3.0000
    endloop
  endfacet
  facet normal 0 0 1
    outer loop
      vertex 60.7000 211.4000 3.0000
      vertex 57.7000 211.4000 3.0000
      vertex 60.7000 207.4000 3.0000
    endloop
  endfacet
  facet normal 0 0 1
    outer loop
      vertex 57.7000 207.4000 3.0000
      vertex 60.7000 207.4000 3.0000
      vertex 57.7000 211.4000 3.0000
    endloop
  endfacet
  facet normal 0 0 1
    outer loop
      vertex 60.7000 207.4000 3.0000
      vertex 57.7000 207.4000 3.0000
      vertex 60.7000 187.4000 3.0000
    endloop
  endfacet
  facet normal 0 0 1
    outer loop
      vertex 63.7000 231.4000 3.0000
      vertex 17.5000 237.5000 3.0000
      vertex 60.7000 231.4000 3.0000
    endloop
  endfacet
  facet normal 0 0 1
    outer loop
      vertex 60.7000 231.4000 3.0000
      vertex 17.5000 237.5000 3.0000
      vertex 57.7000 231.4000 3.0000
    endloop
  endfacet
  facet normal -0 0 1
    outer loop
      vertex 51.7000 231.4000 3.0000
      vertex 54.7000 211.4000 3.0000
      vertex 54.7000 231.4000 3.0000
    endloop
  endfacet
  facet normal 0 0 1
    outer loop
      vertex 51.7000 211.4000 3.0000
      vertex 54.7000 211.4000 3.0000
      vertex 51.7000 231.4000 3.0000
    endloop
  endfacet
  facet normal 0 0 1
    outer loop
      vertex 54.7000 211.4000 3.0000
      vertex 51.7000 211.4000 3.0000
      vertex 54.7000 207.4000 3.0000
    endloop
  endfacet
  facet normal 0 0 1
    outer loop
      vertex 51.7000 207.4000 3.0000
      vertex 54.7000 207.4000 3.0000
      vertex 51.7000 211.4000 3.0000
    endloop
  endfacet
  facet normal 0 0 1
    outer loop
      vertex 54.7000 207.4000 3.0000
      vertex 51.7000 207.4000 3.0000
      vertex 54.7000 187.4000 3.0000
    endloop
  endfacet
  facet normal 0 0 1
    outer loop
      vertex 57.7000 231.4000 3.0000
      vertex 17.5000 237.5000 3.0000
      vertex 54.7000 231.4000 3.0000
    endloop
  endfacet
  facet normal 0 0 1
    outer loop
      vertex 54.7000 231.4000 3.0000
      vertex 17.5000 237.5000 3.0000
      vertex 51.7000 231.4000 3.0000
    endloop
  endfacet
  facet normal -0 0 1
    outer loop
      vertex 45.7000 231.4000 3.0000
      vertex 48.7000 211.4000 3.0000
      vertex 48.7000 231.4000 3.0000
    endloop
  endfacet
  facet normal 0 0 1
    outer loop
      vertex 45.7000 211.4000 3.0000
      vertex 48.7000 211.4000 3.0000
      vertex 45.7000 231.4000 3.0000
    endloop
  endfacet
  facet normal 0 0 1
    outer loop
      vertex 48.7000 211.4000 3.0000
      vertex 45.7000 211.4000 3.0000
      vertex 48.7000 207.4000 3.0000
    endloop
  endfacet
  facet normal 0 0 1
    outer loop
      vertex 45.7000 207.4000 3.0000
      vertex 48.7000 207.4000 3.0000
      vertex 45.7000 211.4000 3.0000
    endloop
  endfacet
  facet normal 0 0 1
    outer loop
      vertex 48.7000 207.4000 3.0000
      vertex 45.7000 207.4000 3.0000
      vertex 48.7000 187.4000 3.0000
    endloop
  endfacet
  facet normal 0 0 1
    outer loop
      vertex 51.7000 231.4000 3.0000
      vertex 17.5000 237.5000 3.0000
      vertex 48.7000 231.4000 3.0000
    endloop
  endfacet
  facet normal 0 0 1
    outer loop
      vertex 48.7000 231.4000 3.0000
      vertex 17.5000 237.5000 3.0000
      vertex 45.7000 231.4000 3.0000
    endloop
  endfacet
  facet normal -0 0 1
    outer loop
      vertex 39.7000 231.4000 3.0000
      vertex 42.7000 211.4000 3.0000
      vertex 42.7000 231.4000 3.0000
    endloop
  endfacet
  facet normal 0 0 1
    outer loop
      vertex 39.7000 211.4000 3.0000
      vertex 42.7000 211.4000 3.0000
      vertex 39.7000 231.4000 3.0000
    endloop
  endfacet
  facet normal 0 0 1
    outer loop
      vertex 42.7000 211.4000 3.0000
      vertex 39.7000 211.4000 3.0000
      vertex 42.7000 207.4000 3.0000
    endloop
  endfacet
  facet normal 0 0 1
    outer loop
      vertex 39.7000 207.4000 3.0000
      vertex 42.7000 207.4000 3.0000
      vertex 39.7000 211.4000 3.0000
    endloop
  endfacet
  facet normal 0 0 1
    outer loop
      vertex 42.7000 207.4000 3.0000
      vertex 39.7000 207.4000 3.0000
      vertex 42.7000 187.4000 3.0000
    endloop
  endfacet
  facet normal 0 0 1
    outer loop
      vertex 45.7000 231.4000 3.0000
      vertex 17.5000 237.5000 3.0000
      vertex 42.7000 231.4000 3.0000
    endloop
  endfacet
  facet normal 0 0 1
    outer loop
      vertex 42.7000 231.4000 3.0000
      vertex 17.5000 237.5000 3.0000
      vertex 39.7000 231.4000 3.0000
    endloop
  endfacet
  facet normal -0 0 1
    outer loop
      vertex 33.7000 231.4000 3.0000
      vertex 36.7000 211.4000 3.0000
      vertex 36.7000 231.4000 3.0000
    endloop
  endfacet
  facet normal 0 0 1
    outer loop
      vertex 33.7000 211.4000 3.0000
      vertex 36.7000 211.4000 3.0000
      vertex 33.7000 231.4000 3.0000
    endloop
  endfacet
  facet normal 0 0 1
    outer loop
      vertex 36.7000 211.4000 3.0000
      vertex 33.7000 211.4000 3.0000
      vertex 36.7000 207.4000 3.0000
    endloop
  endfacet
  facet normal 0 0 1
    outer loop
      vertex 33.7000 207.4000 3.0000
      vertex 36.7000 207.4000 3.0000
      vertex 33.7000 211.4000 3.0000
    endloop
  endfacet
  facet normal 0 0 1
    outer loop
      vertex 36.7000 207.4000 3.0000
      vertex 33.7000 207.4000 3.0000
      vertex 36.7000 187.4000 3.0000
    endloop
  endfacet
  facet normal 0 0 1
    outer loop
      vertex 39.7000 231.4000 3.0000
      vertex 17.5000 237.5000 3.0000
      vertex 36.7000 231.4000 3.0000
    endloop
  endfacet
  facet normal 0 0 1
    outer loop
      vertex 36.7000 231.4000 3.0000
      vertex 17.5000 237.5000 3.0000
      vertex 33.7000 231.4000 3.0000
    endloop
  endfacet
  facet normal -0 0 1
    outer loop
      vertex 27.7000 231.4000 3.0000
      vertex 30.7000 211.4000 3.0000
      vertex 30.7000 231.4000 3.0000
    endloop
  endfacet
  facet normal 0 0 1
    outer loop
      vertex 27.7000 211.4000 3.0000
      vertex 30.7000 211.4000 3.0000
      vertex 27.7000 231.4000 3.0000
    endloop
  endfacet
  facet normal 0 0 1
    outer loop
      vertex 30.7000 211.4000 3.0000
      vertex 27.7000 211.4000 3.0000
      vertex 30.7000 207.4000 3.0000
    endloop
  endfacet
  facet normal 0 0 1
    outer loop
      vertex 27.7000 207.4000 3.0000
      vertex 30.7000 207.4000 3.0000
      vertex 27.7000 211.4000 3.0000
    endloop
  endfacet
  facet normal 0 0 1
    outer loop
      vertex 30.7000 207.4000 3.0000
      vertex 27.7000 207.4000 3.0000
      vertex 30.7000 187.4000 3.0000
    endloop
  endfacet
  facet normal 0 0 1
    outer loop
      vertex 33.7000 231.4000 3.0000
      vertex 17.5000 237.5000 3.0000
      vertex 30.7000 231.4000 3.0000
    endloop
  endfacet
  facet normal 0 0 1
    outer loop
      vertex 30.7000 231.4000 3.0000
      vertex 17.5000 237.5000 3.0000
      vertex 27.7000 231.4000 3.0000
    endloop
  endfacet
  facet normal -0 0 1
    outer loop
      vertex 21.7000 231.4000 3.0000
      vertex 24.7000 211.4000 3.0000
      vertex 24.7000 231.4000 3.0000
    endloop
  endfacet
  facet normal 0 0 1
    outer loop
      vertex 21.7000 211.4000 3.0000
      vertex 24.7000 211.4000 3.0000
      vertex 21.7000 231.4000 3.0000
    endloop
  endfacet
  facet normal 0 0 1
    outer loop
      vertex 24.7000 211.4000 3.0000
      vertex 21.7000 211.4000 3.0000
      vertex 24.7000 207.4000 3.0000
    endloop
  endfacet
  facet normal 0 0 1
    outer loop
      vertex 21.7000 207.4000 3.0000
      vertex 24.7000 207.4000 3.0000
      vertex 21.7000 211.4000 3.0000
    endloop
  endfacet
  facet normal 0 0 1
    outer loop
      vertex 24.7000 207.4000 3.0000
      vertex 21.7000 207.4000 3.0000
      vertex 24.7000 187.4000 3.0000
    endloop
  endfacet
  facet normal 0 0 1
    outer loop
      vertex 27.7000 231.4000 3.0000
      vertex 17.5000 237.5000 3.0000
      vertex 24.7000 231.4000 3.0000
    endloop
  endfacet
  facet normal 0 0 1
    outer loop
      vertex 24.7000 231.4000 3.0000
      vertex 17.5000 237.5000 3.0000
      vertex 21.7000 231.4000 3.0000
    endloop
  endfacet
  facet normal 0 0 1
    outer loop
      vertex 15.7000 207.4000 3.0000
      vertex 18.7000 231.4000 3.0000
      vertex 17.5000 237.5000 3.0000
    endloop
  endfacet
  facet normal 0 0 1
    outer loop
      vertex 18.7000 231.4000 3.0000
      vertex 15.7000 207.4000 3.0000
      vertex 18.7000 211.4000 3.0000
    endloop
  endfacet
  facet normal 0 0 1
    outer loop
      vertex 18.7000 211.4000 3.0000
      vertex 15.7000 207.4000 3.0000
      vertex 18.7000 207.4000 3.0000
    endloop
  endfacet
  facet normal 0 0 1
    outer loop
      vertex 18.7000 207.4000 3.0000
      vertex 15.7000 207.4000 3.0000
      vertex 18.7000 187.4000 3.0000
    endloop
  endfacet
  facet normal 0 0 1
    outer loop
      vertex 15.7000 187.4000 3.0000
      vertex 18.7000 187.4000 3.0000
      vertex 15.7000 207.4000 3.0000
    endloop
  endfacet
  facet normal 0 0 1
    outer loop
      vertex 21.7000 231.4000 3.0000
      vertex 17.5000 237.5000 3.0000
      vertex 18.7000 231.4000 3.0000
    endloop
  endfacet
  facet normal -0 0 1
    outer loop
      vertex 114.7000 187.4000 3.0000
      vertex 117.7000 183.4000 3.0000
      vertex 117.7000 187.4000 3.0000
    endloop
  endfacet
  facet normal 0 0 1
    outer loop
      vertex 117.7000 183.4000 3.0000
      vertex 114.7000 187.4000 3.0000
      vertex 114.7000 183.4000 3.0000
    endloop
  endfacet
  facet normal -0 0 1
    outer loop
      vertex 114.7000 211.4000 3.0000
      vertex 117.7000 207.4000 3.0000
      vertex 117.7000 211.4000 3.0000
    endloop
  endfacet
  facet normal 0 0 1
    outer loop
      vertex 117.7000 207.4000 3.0000
      vertex 114.7000 211.4000 3.0000
      vertex 114.7000 207.4000 3.0000
    endloop
  endfacet
  facet normal -0 0 1
    outer loop
      vertex 117.5500 232.5278 3.0000
      vertex 117.7000 231.4000 3.0000
      vertex 117.8380 232.7367 3.0000
    endloop
  endfacet
  facet normal -0 0 1
    outer loop
      vertex 117.2250 232.3832 3.0000
      vertex 117.7000 231.4000 3.0000
      vertex 117.5500 232.5278 3.0000
    endloop
  endfacet
  facet normal -0 0 1
    outer loop
      vertex 116.8780 232.3093 3.0000
      vertex 117.7000 231.4000 3.0000
      vertex 117.2250 232.3832 3.0000
    endloop
  endfacet
  facet normal -0 0 1
    outer loop
      vertex 116.5220 232.3093 3.0000
      vertex 117.7000 231.4000 3.0000
      vertex 116.8780 232.3093 3.0000
    endloop
  endfacet
  facet normal 0 0 1
    outer loop
      vertex 114.7000 231.4000 3.0000
      vertex 116.5220 232.3093 3.0000
      vertex 116.1750 232.3832 3.0000
    endloop
  endfacet
  facet normal 0 0 1
    outer loop
      vertex 114.7000 231.4000 3.0000
      vertex 116.1750 232.3832 3.0000
      vertex 115.8500 232.5278 3.0000
    endloop
  endfacet
  facet normal 0 0 1
    outer loop
      vertex 116.5220 232.3093 3.0000
      vertex 114.7000 231.4000 3.0000
      vertex 117.7000 231.4000 3.0000
    endloop
  endfacet
  facet normal 0 0 1
    outer loop
      vertex 115.5620 232.7367 3.0000
      vertex 114.7000 231.4000 3.0000
      vertex 115.8500 232.5278 3.0000
    endloop
  endfacet
  facet normal 0 0 1
    outer loop
      vertex 115.3250 233.0008 3.0000
      vertex 114.7000 231.4000 3.0000
      vertex 115.5620 232.7367 3.0000
    endloop
  endfacet
  facet normal 0 0 1
    outer loop
      vertex 115.1470 233.3085 3.0000
      vertex 114.7000 231.4000 3.0000
      vertex 115.3250 233.0008 3.0000
    endloop
  endfacet
  facet normal 0 0 1
    outer loop
      vertex 111.7000 231.4000 3.0000
      vertex 115.1470 233.3085 3.0000
      vertex 115.0370 233.6465 3.0000
    endloop
  endfacet
  facet normal 0 0 1
    outer loop
      vertex 111.7000 231.4000 3.0000
      vertex 115.0370 233.6465 3.0000
      vertex 115.0000 234.0000 3.0000
    endloop
  endfacet
  facet normal 0 0 1
    outer loop
      vertex 121.7000 15.5000 3.0000
      vertex 118.3630 10.3530 3.0000
      vertex 118.4000 10.0000 3.0000
    endloop
  endfacet
  facet normal 0 0 1
    outer loop
      vertex 120.2000 102.5000 3.0000
      vertex 118.2530 10.6910 3.0000
      vertex 118.3630 10.3530 3.0000
    endloop
  endfacet
  facet normal 0 0 1
    outer loop
      vertex 120.2000 102.5000 3.0000
      vertex 118.0750 10.9990 3.0000
      vertex 118.2530 10.6910 3.0000
    endloop
  endfacet
  facet normal 0 0 1
    outer loop
      vertex 120.2000 102.5000 3.0000
      vertex 117.8380 11.2630 3.0000
      vertex 118.0750 10.9990 3.0000
    endloop
  endfacet
  facet normal 0 0 1
    outer loop
      vertex 120.2000 102.5000 3.0000
      vertex 117.5500 11.4720 3.0000
      vertex 117.8380 11.2630 3.0000
    endloop
  endfacet
  facet normal 0 0 1
    outer loop
      vertex 120.2000 102.5000 3.0000
      vertex 117.2250 11.6170 3.0000
      vertex 117.5500 11.4720 3.0000
    endloop
  endfacet
  facet normal 0 0 1
    outer loop
      vertex 120.2000 102.5000 3.0000
      vertex 116.8780 11.6910 3.0000
      vertex 117.2250 11.6170 3.0000
    endloop
  endfacet
  facet normal 0 0 1
    outer loop
      vertex 120.2000 102.5000 3.0000
      vertex 116.5220 11.6910 3.0000
      vertex 116.8780 11.6910 3.0000
    endloop
  endfacet
  facet normal 0 -0 1
    outer loop
      vertex 115.8500 11.4720 3.0000
      vertex 120.2000 102.5000 3.0000
      vertex 113.7000 107.0000 3.0000
    endloop
  endfacet
  facet normal 0 0 1
    outer loop
      vertex 120.2000 102.5000 3.0000
      vertex 116.1750 11.6170 3.0000
      vertex 116.5220 11.6910 3.0000
    endloop
  endfacet
  facet normal 0 0 1
    outer loop
      vertex 120.2000 102.5000 3.0000
      vertex 115.8500 11.4720 3.0000
      vertex 116.1750 11.6170 3.0000
    endloop
  endfacet
  facet normal 0 0 1
    outer loop
      vertex 115.8500 11.4720 3.0000
      vertex 113.7000 107.0000 3.0000
      vertex 115.5620 11.2630 3.0000
    endloop
  endfacet
  facet normal 0 0 1
    outer loop
      vertex 115.5620 11.2630 3.0000
      vertex 113.7000 107.0000 3.0000
      vertex 115.3250 10.9990 3.0000
    endloop
  endfacet
  facet normal 0 0 1
    outer loop
      vertex 111.2000 6.5000 3.0000
      vertex 115.3250 10.9990 3.0000
      vertex 113.7000 107.0000 3.0000
    endloop
  endfacet
  facet normal 0 0 1
    outer loop
      vertex 115.3250 10.9990 3.0000
      vertex 111.2000 6.5000 3.0000
      vertex 115.1470 10.6910 3.0000
    endloop
  endfacet
  facet normal 0 0 1
    outer loop
      vertex 115.1470 10.6910 3.0000
      vertex 111.2000 6.5000 3.0000
      vertex 115.0370 10.3530 3.0000
    endloop
  endfacet
  facet normal 0 0 1
    outer loop
      vertex 119.7000 113.0000 3.0000
      vertex 121.7000 117.5000 3.0000
      vertex 120.2000 117.5000 3.0000
    endloop
  endfacet
  facet normal 0 0 1
    outer loop
      vertex 121.7000 117.5000 3.0000
      vertex 119.7000 113.0000 3.0000
      vertex 121.7000 102.5000 3.0000
    endloop
  endfacet
  facet normal 0 0 1
    outer loop
      vertex 121.7000 117.5000 3.0000
      vertex 126.7000 244.0000 3.0000
      vertex 121.7000 228.5000 3.0000
    endloop
  endfacet
  facet normal -0 0 1
    outer loop
      vertex 118.3630 234.3534 3.0000
      vertex 121.7000 228.5000 3.0000
      vertex 126.7000 244.0000 3.0000
    endloop
  endfacet
  facet normal -0 0 1
    outer loop
      vertex 117.7000 163.4000 3.0000
      vertex 120.2000 117.5000 3.0000
      vertex 120.2000 228.5000 3.0000
    endloop
  endfacet
  facet normal -0 0 1
    outer loop
      vertex 119.7000 107.0000 3.0000
      vertex 121.7000 102.5000 3.0000
      vertex 119.7000 113.0000 3.0000
    endloop
  endfacet
  facet normal 0 0 1
    outer loop
      vertex 121.7000 102.5000 3.0000
      vertex 119.7000 107.0000 3.0000
      vertex 120.2000 102.5000 3.0000
    endloop
  endfacet
  facet normal -0 0 1
    outer loop
      vertex 118.2530 233.3085 3.0000
      vertex 121.7000 228.5000 3.0000
      vertex 118.3630 233.6465 3.0000
    endloop
  endfacet
  facet normal -0 0 1
    outer loop
      vertex 118.3630 233.6465 3.0000
      vertex 121.7000 228.5000 3.0000
      vertex 118.4000 234.0000 3.0000
    endloop
  endfacet
  facet normal 0 0 1
    outer loop
      vertex 121.7000 228.5000 3.0000
      vertex 118.3630 234.3534 3.0000
      vertex 118.4000 234.0000 3.0000
    endloop
  endfacet
  facet normal 0 0 1
    outer loop
      vertex 126.7000 244.0000 3.0000
      vertex 118.2530 234.6915 3.0000
      vertex 118.3630 234.3534 3.0000
    endloop
  endfacet
  facet normal 0 0 1
    outer loop
      vertex 126.7000 244.0000 3.0000
      vertex 118.0750 234.9992 3.0000
      vertex 118.2530 234.6915 3.0000
    endloop
  endfacet
  facet normal 0 0 1
    outer loop
      vertex 126.7000 244.0000 3.0000
      vertex 117.8380 235.2633 3.0000
      vertex 118.0750 234.9992 3.0000
    endloop
  endfacet
  facet normal 0 0 1
    outer loop
      vertex 126.7000 244.0000 3.0000
      vertex 117.5500 235.4722 3.0000
      vertex 117.8380 235.2633 3.0000
    endloop
  endfacet
  facet normal 0 0 1
    outer loop
      vertex 126.7000 244.0000 3.0000
      vertex 117.2250 235.6168 3.0000
      vertex 117.5500 235.4722 3.0000
    endloop
  endfacet
  facet normal 0 0 1
    outer loop
      vertex 126.7000 244.0000 3.0000
      vertex 116.8780 235.6907 3.0000
      vertex 117.2250 235.6168 3.0000
    endloop
  endfacet
  facet normal -0 0 1
    outer loop
      vertex 111.2000 239.0000 3.0000
      vertex 116.8780 235.6907 3.0000
      vertex 126.7000 244.0000 3.0000
    endloop
  endfacet
  facet normal 0 0 1
    outer loop
      vertex 116.8780 235.6907 3.0000
      vertex 111.2000 239.0000 3.0000
      vertex 116.5220 235.6907 3.0000
    endloop
  endfacet
  facet normal 0 0 1
    outer loop
      vertex 116.5220 235.6907 3.0000
      vertex 111.2000 239.0000 3.0000
      vertex 116.1750 235.6168 3.0000
    endloop
  endfacet
  facet normal 0 0 1
    outer loop
      vertex 116.1750 235.6168 3.0000
      vertex 111.2000 239.0000 3.0000
      vertex 115.8500 235.4722 3.0000
    endloop
  endfacet
  facet normal 0 0 1
    outer loop
      vertex 111.7000 231.4000 3.0000
      vertex 115.0000 234.0000 3.0000
      vertex 115.0370 234.3534 3.0000
    endloop
  endfacet
  facet normal 0 0 1
    outer loop
      vertex 111.7000 211.4000 3.0000
      vertex 114.7000 211.4000 3.0000
      vertex 114.7000 231.4000 3.0000
    endloop
  endfacet
  facet normal 0 0 1
    outer loop
      vertex 114.7000 211.4000 3.0000
      vertex 111.7000 211.4000 3.0000
      vertex 114.7000 207.4000 3.0000
    endloop
  endfacet
  facet normal 0 0 1
    outer loop
      vertex 114.7000 207.4000 3.0000
      vertex 111.7000 207.4000 3.0000
      vertex 114.7000 187.4000 3.0000
    endloop
  endfacet
  facet normal 0 0 1
    outer loop
      vertex 111.7000 187.4000 3.0000
      vertex 114.7000 187.4000 3.0000
      vertex 111.7000 207.4000 3.0000
    endloop
  endfacet
  facet normal 0 0 1
    outer loop
      vertex 111.7000 183.4000 3.0000
      vertex 114.7000 183.4000 3.0000
      vertex 111.7000 187.4000 3.0000
    endloop
  endfacet
  facet normal 0 0 1
    outer loop
      vertex 114.7000 207.4000 3.0000
      vertex 111.7000 211.4000 3.0000
      vertex 111.7000 207.4000 3.0000
    endloop
  endfacet
  facet normal 0 0 1
    outer loop
      vertex 111.7000 211.4000 3.0000
      vertex 114.7000 231.4000 3.0000
      vertex 111.7000 231.4000 3.0000
    endloop
  endfacet
  facet normal 0 0 1
    outer loop
      vertex 115.1470 233.3085 3.0000
      vertex 111.7000 231.4000 3.0000
      vertex 114.7000 231.4000 3.0000
    endloop
  endfacet
  facet normal 0 0 1
    outer loop
      vertex 115.3250 234.9992 3.0000
      vertex 111.2000 237.5000 3.0000
      vertex 115.1470 234.6915 3.0000
    endloop
  endfacet
  facet normal 0 0 1
    outer loop
      vertex 115.5620 235.2633 3.0000
      vertex 111.2000 237.5000 3.0000
      vertex 115.3250 234.9992 3.0000
    endloop
  endfacet
  facet normal 0 0 1
    outer loop
      vertex 115.8500 235.4722 3.0000
      vertex 111.2000 237.5000 3.0000
      vertex 115.5620 235.2633 3.0000
    endloop
  endfacet
  facet normal 0 0 1
    outer loop
      vertex 115.1470 234.6915 3.0000
      vertex 111.2000 237.5000 3.0000
      vertex 115.0370 234.3534 3.0000
    endloop
  endfacet
  facet normal -0 0 1
    outer loop
      vertex 111.2000 237.5000 3.0000
      vertex 115.8500 235.4722 3.0000
      vertex 111.2000 239.0000 3.0000
    endloop
  endfacet
  facet normal 0 0 1
    outer loop
      vertex 126.7000 244.0000 3.0000
      vertex 17.5000 239.0000 3.0000
      vertex 111.2000 239.0000 3.0000
    endloop
  endfacet
  facet normal 0 0 1
    outer loop
      vertex 13.0000 237.0000 3.0000
      vertex 17.5000 237.5000 3.0000
      vertex 17.5000 239.0000 3.0000
    endloop
  endfacet
  facet normal 0 0 1
    outer loop
      vertex 13.0000 13.0000 3.0000
      vertex 18.7000 163.4000 3.0000
      vertex 15.7000 163.4000 3.0000
    endloop
  endfacet
  facet normal 0 0 1
    outer loop
      vertex 17.5000 237.5000 3.0000
      vertex 15.7000 231.4000 3.0000
      vertex 15.7000 211.4000 3.0000
    endloop
  endfacet
  facet normal 0 0 1
    outer loop
      vertex 17.5000 237.5000 3.0000
      vertex 13.0000 237.0000 3.0000
      vertex 15.7000 231.4000 3.0000
    endloop
  endfacet
  facet normal 0 0 1
    outer loop
      vertex 0.0000 244.0000 3.0000
      vertex 13.0000 237.0000 3.0000
      vertex 17.5000 239.0000 3.0000
    endloop
  endfacet
  facet normal -0 0 1
    outer loop
      vertex 2.5000 237.5000 3.0000
      vertex 7.0000 237.0000 3.0000
      vertex 2.5000 239.0000 3.0000
    endloop
  endfacet
  facet normal 0 0 1
    outer loop
      vertex 12.7000 183.4000 3.0000
      vertex 2.0810 189.8000 3.0000
      vertex 12.7000 163.4000 3.0000
    endloop
  endfacet
  facet normal 0 0 1
    outer loop
      vertex 15.7000 163.4000 3.0000
      vertex 6.7000 151.8000 3.0000
      vertex 6.7000 141.0000 3.0000
    endloop
  endfacet
  facet normal 0 0 1
    outer loop
      vertex 7.0000 237.0000 3.0000
      vertex 2.5000 237.5000 3.0000
      vertex 7.0000 231.0000 3.0000
    endloop
  endfacet
  facet normal 0 0 1
    outer loop
      vertex 13.0000 237.0000 3.0000
      vertex 0.0000 244.0000 3.0000
      vertex 7.0000 237.0000 3.0000
    endloop
  endfacet
  facet normal -0 0 1
    outer loop
      vertex 0.0000 244.0000 3.0000
      vertex 17.5000 239.0000 3.0000
      vertex 126.7000 244.0000 3.0000
    endloop
  endfacet
  facet normal 0 0 1
    outer loop
      vertex 7.0000 237.0000 3.0000
      vertex 0.0000 244.0000 3.0000
      vertex 2.5000 239.0000 3.0000
    endloop
  endfacet
  facet normal 0 0 1
    outer loop
      vertex 2.5000 239.0000 3.0000
      vertex 0.0000 244.0000 3.0000
      vertex 0.0000 239.0000 3.0000
    endloop
  endfacet
  facet normal 0 0 1
    outer loop
      vertex 126.7000 244.0000 3.0000
      vertex 121.7000 117.5000 3.0000
      vertex 126.7000 0.0000 3.0000
    endloop
  endfacet
  facet normal -0 0 1
    outer loop
      vertex 121.7000 102.5000 3.0000
      vertex 126.7000 0.0000 3.0000
      vertex 121.7000 117.5000 3.0000
    endloop
  endfacet
  facet normal -0 0 1
    outer loop
      vertex 121.7000 15.5000 3.0000
      vertex 126.7000 0.0000 3.0000
      vertex 121.7000 102.5000 3.0000
    endloop
  endfacet
  facet normal 0 0 1
    outer loop
      vertex 118.3630 10.3530 3.0000
      vertex 121.7000 15.5000 3.0000
      vertex 120.2000 15.5000 3.0000
    endloop
  endfacet
  facet normal -0 0 1
    outer loop
      vertex 113.7000 107.0000 3.0000
      vertex 120.2000 102.5000 3.0000
      vertex 119.7000 107.0000 3.0000
    endloop
  endfacet
  facet normal 0 0 1
    outer loop
      vertex 118.3630 10.3530 3.0000
      vertex 120.2000 15.5000 3.0000
      vertex 120.2000 102.5000 3.0000
    endloop
  endfacet
  facet normal 0 0 1
    outer loop
      vertex 118.3630 9.6470 3.0000
      vertex 121.7000 15.5000 3.0000
      vertex 118.4000 10.0000 3.0000
    endloop
  endfacet
  facet normal 0 0 1
    outer loop
      vertex 121.7000 15.5000 3.0000
      vertex 118.3630 9.6470 3.0000
      vertex 126.7000 0.0000 3.0000
    endloop
  endfacet
  facet normal -0 0 1
    outer loop
      vertex 118.2530 9.3090 3.0000
      vertex 126.7000 0.0000 3.0000
      vertex 118.3630 9.6470 3.0000
    endloop
  endfacet
  facet normal -0 0 1
    outer loop
      vertex 118.0750 9.0010 3.0000
      vertex 126.7000 0.0000 3.0000
      vertex 118.2530 9.3090 3.0000
    endloop
  endfacet
  facet normal -0 0 1
    outer loop
      vertex 117.8380 8.7370 3.0000
      vertex 126.7000 0.0000 3.0000
      vertex 118.0750 9.0010 3.0000
    endloop
  endfacet
  facet normal -0 0 1
    outer loop
      vertex 117.5500 8.5280 3.0000
      vertex 126.7000 0.0000 3.0000
      vertex 117.8380 8.7370 3.0000
    endloop
  endfacet
  facet normal -0 0 1
    outer loop
      vertex 117.2250 8.3830 3.0000
      vertex 126.7000 0.0000 3.0000
      vertex 117.5500 8.5280 3.0000
    endloop
  endfacet
  facet normal -0 0 1
    outer loop
      vertex 116.8780 8.3090 3.0000
      vertex 126.7000 0.0000 3.0000
      vertex 117.2250 8.3830 3.0000
    endloop
  endfacet
  facet normal 0 0 1
    outer loop
      vertex 111.2000 5.0000 3.0000
      vertex 116.8780 8.3090 3.0000
      vertex 116.5220 8.3090 3.0000
    endloop
  endfacet
  facet normal 0 0 1
    outer loop
      vertex 111.2000 5.0000 3.0000
      vertex 116.5220 8.3090 3.0000
      vertex 116.1750 8.3830 3.0000
    endloop
  endfacet
  facet normal 0 0 1
    outer loop
      vertex 111.2000 5.0000 3.0000
      vertex 116.1750 8.3830 3.0000
      vertex 115.8500 8.5280 3.0000
    endloop
  endfacet
  facet normal 0 0 1
    outer loop
      vertex 111.2000 6.5000 3.0000
      vertex 115.8500 8.5280 3.0000
      vertex 115.5620 8.7370 3.0000
    endloop
  endfacet
  facet normal 0 0 1
    outer loop
      vertex 114.7000 187.4000 3.0000
      vertex 111.7000 187.4000 3.0000
      vertex 114.7000 183.4000 3.0000
    endloop
  endfacet
  facet normal 0 0 1
    outer loop
      vertex 114.7000 183.4000 3.0000
      vertex 111.7000 183.4000 3.0000
      vertex 114.7000 163.4000 3.0000
    endloop
  endfacet
  facet normal 0 0 1
    outer loop
      vertex 114.7000 163.4000 3.0000
      vertex 111.7000 183.4000 3.0000
      vertex 111.7000 163.4000 3.0000
    endloop
  endfacet
  facet normal -0 0 1
    outer loop
      vertex 108.7000 163.4000 3.0000
      vertex 120.2000 117.5000 3.0000
      vertex 111.7000 163.4000 3.0000
    endloop
  endfacet
  facet normal -0 0 1
    outer loop
      vertex 105.7000 163.4000 3.0000
      vertex 120.2000 117.5000 3.0000
      vertex 108.7000 163.4000 3.0000
    endloop
  endfacet
  facet normal -0 0 1
    outer loop
      vertex 102.7000 163.4000 3.0000
      vertex 120.2000 117.5000 3.0000
      vertex 105.7000 163.4000 3.0000
    endloop
  endfacet
  facet normal 0 0 1
    outer loop
      vertex 115.0370 10.3530 3.0000
      vertex 111.2000 6.5000 3.0000
      vertex 115.0000 10.0000 3.0000
    endloop
  endfacet
  facet normal 0 0 1
    outer loop
      vertex 111.2000 6.5000 3.0000
      vertex 115.0370 9.6470 3.0000
      vertex 115.0000 10.0000 3.0000
    endloop
  endfacet
  facet normal 0 0 1
    outer loop
      vertex 111.2000 6.5000 3.0000
      vertex 115.1470 9.3090 3.0000
      vertex 115.0370 9.6470 3.0000
    endloop
  endfacet
  facet normal 0 0 1
    outer loop
      vertex 111.2000 6.5000 3.0000
      vertex 115.3250 9.0010 3.0000
      vertex 115.1470 9.3090 3.0000
    endloop
  endfacet
  facet normal 0 0 1
    outer loop
      vertex 111.2000 6.5000 3.0000
      vertex 115.5620 8.7370 3.0000
      vertex 115.3250 9.0010 3.0000
    endloop
  endfacet
  facet normal 0 0 1
    outer loop
      vertex 115.8500 8.5280 3.0000
      vertex 111.2000 6.5000 3.0000
      vertex 111.2000 5.0000 3.0000
    endloop
  endfacet
  facet normal 0 0 1
    outer loop
      vertex 116.8780 8.3090 3.0000
      vertex 111.2000 5.0000 3.0000
      vertex 126.7000 0.0000 3.0000
    endloop
  endfacet
  facet normal -0 0 1
    outer loop
      vertex 17.5000 5.0000 3.0000
      vertex 126.7000 0.0000 3.0000
      vertex 111.2000 5.0000 3.0000
    endloop
  endfacet
  facet normal 0 0 1
    outer loop
      vertex 17.5000 237.5000 3.0000
      vertex 15.7000 211.4000 3.0000
      vertex 15.7000 207.4000 3.0000
    endloop
  endfacet
  facet normal 0 0 1
    outer loop
      vertex 15.7000 183.4000 3.0000
      vertex 18.7000 183.4000 3.0000
      vertex 15.7000 187.4000 3.0000
    endloop
  endfacet
  facet normal 0 0 1
    outer loop
      vertex 18.7000 183.4000 3.0000
      vertex 15.7000 183.4000 3.0000
      vertex 18.7000 163.4000 3.0000
    endloop
  endfacet
  facet normal 0 0 1
    outer loop
      vertex 18.7000 163.4000 3.0000
      vertex 15.7000 183.4000 3.0000
      vertex 15.7000 163.4000 3.0000
    endloop
  endfacet
  facet normal 0 0 1
    outer loop
      vertex 111.2000 6.5000 3.0000
      vertex 13.0000 13.0000 3.0000
      vertex 17.5000 6.5000 3.0000
    endloop
  endfacet
  facet normal -0 0 1
    outer loop
      vertex 13.0000 7.0000 3.0000
      vertex 17.5000 6.5000 3.0000
      vertex 13.0000 13.0000 3.0000
    endloop
  endfacet
  facet normal 0 0 1
    outer loop
      vertex 17.5000 6.5000 3.0000
      vertex 13.0000 7.0000 3.0000
      vertex 17.5000 5.0000 3.0000
    endloop
  endfacet
  facet normal 0 0 1
    outer loop
      vertex 0.0000 0.0000 3.0000
      vertex 13.0000 7.0000 3.0000
      vertex 7.0000 7.0000 3.0000
    endloop
  endfacet
  facet normal 0 0 1
    outer loop
      vertex 15.7000 163.4000 3.0000
      vertex 6.7000 141.0000 3.0000
      vertex 6.7000 103.0000 3.0000
    endloop
  endfacet
  facet normal 0 0 1
    outer loop
      vertex 15.7000 163.4000 3.0000
      vertex 6.7000 103.0000 3.0000
      vertex 6.7000 92.2000 3.0000
    endloop
  endfacet
  facet normal 0 0 1
    outer loop
      vertex 15.7000 163.4000 3.0000
      vertex 6.7000 92.2000 3.0000
      vertex 13.0000 13.0000 3.0000
    endloop
  endfacet
  facet normal -0 0 1
    outer loop
      vertex 6.7000 54.2000 3.0000
      vertex 13.0000 13.0000 3.0000
      vertex 6.7000 92.2000 3.0000
    endloop
  endfacet
  facet normal -0 0 1
    outer loop
      vertex 6.7000 43.4000 3.0000
      vertex 13.0000 13.0000 3.0000
      vertex 6.7000 54.2000 3.0000
    endloop
  endfacet
  facet normal 0 0 1
    outer loop
      vertex 13.0000 13.0000 3.0000
      vertex 6.7000 43.4000 3.0000
      vertex 7.0000 13.0000 3.0000
    endloop
  endfacet
  facet normal -0 0 1
    outer loop
      vertex 2.0810 43.4000 3.0000
      vertex 7.0000 13.0000 3.0000
      vertex 6.7000 43.4000 3.0000
    endloop
  endfacet
  facet normal 0 0 1
    outer loop
      vertex 7.0000 13.0000 3.0000
      vertex 2.5000 6.5000 3.0000
      vertex 7.0000 7.0000 3.0000
    endloop
  endfacet
  facet normal 0 0 1
    outer loop
      vertex 2.5000 5.0000 3.0000
      vertex 7.0000 7.0000 3.0000
      vertex 2.5000 6.5000 3.0000
    endloop
  endfacet
  facet normal 0 0 1
    outer loop
      vertex 0.0000 0.0000 3.0000
      vertex 7.0000 7.0000 3.0000
      vertex 2.5000 5.0000 3.0000
    endloop
  endfacet
  facet normal 0 0 1
    outer loop
      vertex 13.0000 7.0000 3.0000
      vertex 0.0000 0.0000 3.0000
      vertex 17.5000 5.0000 3.0000
    endloop
  endfacet
  facet normal 0 0 1
    outer loop
      vertex 0.0000 0.0000 3.0000
      vertex 2.5000 5.0000 3.0000
      vertex 0.0000 5.0000 3.0000
    endloop
  endfacet
  facet normal 0 0 1
    outer loop
      vertex 17.5000 5.0000 3.0000
      vertex 0.0000 0.0000 3.0000
      vertex 126.7000 0.0000 3.0000
    endloop
  endfacet
  facet normal 0 0 1
    outer loop
      vertex 121.7000 228.5000 3.0000
      vertex 118.2530 233.3085 3.0000
      vertex 120.2000 228.5000 3.0000
    endloop
  endfacet
  facet normal -0 0 1
    outer loop
      vertex 118.0750 233.0008 3.0000
      vertex 120.2000 228.5000 3.0000
      vertex 118.2530 233.3085 3.0000
    endloop
  endfacet
  facet normal 0 0 1
    outer loop
      vertex 120.2000 228.5000 3.0000
      vertex 118.0750 233.0008 3.0000
      vertex 117.7000 231.4000 3.0000
    endloop
  endfacet
  facet normal 0 0 1
    outer loop
      vertex 117.7000 231.4000 3.0000
      vertex 118.0750 233.0008 3.0000
      vertex 117.8380 232.7367 3.0000
    endloop
  endfacet
  facet normal 0 0 1
    outer loop
      vertex 120.2000 228.5000 3.0000
      vertex 117.7000 231.4000 3.0000
      vertex 117.7000 211.4000 3.0000
    endloop
  endfacet
  facet normal 0 0 1
    outer loop
      vertex 120.2000 228.5000 3.0000
      vertex 117.7000 211.4000 3.0000
      vertex 117.7000 207.4000 3.0000
    endloop
  endfacet
  facet normal 0 0 1
    outer loop
      vertex 120.2000 228.5000 3.0000
      vertex 117.7000 207.4000 3.0000
      vertex 117.7000 187.4000 3.0000
    endloop
  endfacet
  facet normal 0 0 1
    outer loop
      vertex 117.7000 183.4000 3.0000
      vertex 120.2000 228.5000 3.0000
      vertex 117.7000 187.4000 3.0000
    endloop
  endfacet
  facet normal 0 0 1
    outer loop
      vertex 117.7000 163.4000 3.0000
      vertex 120.2000 228.5000 3.0000
      vertex 117.7000 183.4000 3.0000
    endloop
  endfacet
  facet normal -0 0 1
    outer loop
      vertex 114.7000 163.4000 3.0000
      vertex 120.2000 117.5000 3.0000
      vertex 117.7000 163.4000 3.0000
    endloop
  endfacet
  facet normal -0 0 1
    outer loop
      vertex 111.7000 163.4000 3.0000
      vertex 120.2000 117.5000 3.0000
      vertex 114.7000 163.4000 3.0000
    endloop
  endfacet
  facet normal 0 0 1
    outer loop
      vertex 120.2000 117.5000 3.0000
      vertex 113.7000 113.0000 3.0000
      vertex 119.7000 113.0000 3.0000
    endloop
  endfacet
  facet normal 0 1 -0
    outer loop
      vertex 126.7000 244.0000 0.0000
      vertex 0.0000 244.0000 3.0000
      vertex 126.7000 244.0000 3.0000
    endloop
  endfacet
  facet normal 0 1 0
    outer loop
      vertex 0.0000 244.0000 3.0000
      vertex 126.7000 244.0000 0.0000
      vertex 0.0000 244.0000 0.0000
    endloop
  endfacet
  facet normal 0 -1 0
    outer loop
      vertex 0.0000 0.0000 0.0000
      vertex 126.7000 0.0000 3.0000
      vertex 0.0000 0.0000 3.0000
    endloop
  endfacet
  facet normal 0 -1 -0
    outer loop
      vertex 126.7000 0.0000 3.0000
      vertex 0.0000 0.0000 0.0000
      vertex 126.7000 0.0000 0.0000
    endloop
  endfacet
  facet normal 1 -0 0
    outer loop
      vertex 121.7000 15.5000 7.0000
      vertex 121.7000 102.5000 3.0000
      vertex 121.7000 102.5000 7.0000
    endloop
  endfacet
  facet normal 1 0 0
    outer loop
      vertex 121.7000 102.5000 3.0000
      vertex 121.7000 15.5000 7.0000
      vertex 121.7000 15.5000 3.0000
    endloop
  endfacet
  facet normal -0 0 1
    outer loop
      vertex 120.2000 102.5000 7.0000
      vertex 121.7000 15.5000 7.0000
      vertex 121.7000 102.5000 7.0000
    endloop
  endfacet
  facet normal 0 0 1
    outer loop
      vertex 121.7000 15.5000 7.0000
      vertex 120.2000 102.5000 7.0000
      vertex 120.2000 15.5000 7.0000
    endloop
  endfacet
  facet normal -1 0 0
    outer loop
      vertex 120.2000 15.5000 3.0000
      vertex 120.2000 102.5000 7.0000
      vertex 120.2000 102.5000 3.0000
    endloop
  endfacet
  facet normal -1 -0 0
    outer loop
      vertex 120.2000 102.5000 7.0000
      vertex 120.2000 15.5000 3.0000
      vertex 120.2000 15.5000 7.0000
    endloop
  endfacet
  facet normal 0 1 -0
    outer loop
      vertex 121.7000 102.5000 3.0000
      vertex 120.2000 102.5000 7.0000
      vertex 121.7000 102.5000 7.0000
    endloop
  endfacet
  facet normal 0 1 0
    outer loop
      vertex 120.2000 102.5000 7.0000
      vertex 121.7000 102.5000 3.0000
      vertex 120.2000 102.5000 3.0000
    endloop
  endfacet
  facet normal 0 -1 0
    outer loop
      vertex 120.2000 15.5000 3.0000
      vertex 121.7000 15.5000 7.0000
      vertex 120.2000 15.5000 7.0000
    endloop
  endfacet
  facet normal 0 -1 -0
    outer loop
      vertex 121.7000 15.5000 7.0000
      vertex 120.2000 15.5000 3.0000
      vertex 121.7000 15.5000 3.0000
    endloop
  endfacet
  facet normal 1 -0 0
    outer loop
      vertex 121.7000 117.5000 7.0000
      vertex 121.7000 228.5000 3.0000
      vertex 121.7000 228.5000 7.0000
    endloop
  endfacet
  facet normal 1 0 0
    outer loop
      vertex 121.7000 228.5000 3.0000
      vertex 121.7000 117.5000 7.0000
      vertex 121.7000 117.5000 3.0000
    endloop
  endfacet
  facet normal -0 0 1
    outer loop
      vertex 120.2000 228.5000 7.0000
      vertex 121.7000 117.5000 7.0000
      vertex 121.7000 228.5000 7.0000
    endloop
  endfacet
  facet normal 0 0 1
    outer loop
      vertex 121.7000 117.5000 7.0000
      vertex 120.2000 228.5000 7.0000
      vertex 120.2000 117.5000 7.0000
    endloop
  endfacet
  facet normal -1 0 0
    outer loop
      vertex 120.2000 117.5000 3.0000
      vertex 120.2000 228.5000 7.0000
      vertex 120.2000 228.5000 3.0000
    endloop
  endfacet
  facet normal -1 -0 0
    outer loop
      vertex 120.2000 228.5000 7.0000
      vertex 120.2000 117.5000 3.0000
      vertex 120.2000 117.5000 7.0000
    endloop
  endfacet
  facet normal 0 1 -0
    outer loop
      vertex 121.7000 228.5000 3.0000
      vertex 120.2000 228.5000 7.0000
      vertex 121.7000 228.5000 7.0000
    endloop
  endfacet
  facet normal 0 1 0
    outer loop
      vertex 120.2000 228.5000 7.0000
      vertex 121.7000 228.5000 3.0000
      vertex 120.2000 228.5000 3.0000
    endloop
  endfacet
  facet normal 0 -1 0
    outer loop
      vertex 120.2000 117.5000 3.0000
      vertex 121.7000 117.5000 7.0000
      vertex 120.2000 117.5000 7.0000
    endloop
  endfacet
  facet normal 0 -1 -0
    outer loop
      vertex 121.7000 117.5000 7.0000
      vertex 120.2000 117.5000 3.0000
      vertex 121.7000 117.5000 3.0000
    endloop
  endfacet
  facet normal 1 -0 0
    outer loop
      vertex 2.5000 5.0000 7.0000
      vertex 2.5000 6.5000 3.0000
      vertex 2.5000 6.5000 7.0000
    endloop
  endfacet
  facet normal 1 0 0
    outer loop
      vertex 2.5000 6.5000 3.0000
      vertex 2.5000 5.0000 7.0000
      vertex 2.5000 5.0000 3.0000
    endloop
  endfacet
  facet normal -0 0 1
    outer loop
      vertex 0.0000 6.5000 7.0000
      vertex 2.5000 5.0000 7.0000
      vertex 2.5000 6.5000 7.0000
    endloop
  endfacet
  facet normal 0 0 1
    outer loop
      vertex 2.5000 5.0000 7.0000
      vertex 0.0000 6.5000 7.0000
      vertex 0.0000 5.0000 7.0000
    endloop
  endfacet
  facet normal 0 1 -0
    outer loop
      vertex 2.5000 6.5000 3.0000
      vertex 0.0000 6.5000 7.0000
      vertex 2.5000 6.5000 7.0000
    endloop
  endfacet
  facet normal 0 1 0
    outer loop
      vertex 0.0000 6.5000 7.0000
      vertex 2.5000 6.5000 3.0000
      vertex 0.0000 6.5000 3.0000
    endloop
  endfacet
  facet normal 0 -1 0
    outer loop
      vertex 0.0000 5.0000 3.0000
      vertex 2.5000 5.0000 7.0000
      vertex 0.0000 5.0000 7.0000
    endloop
  endfacet
  facet normal 0 -1 -0
    outer loop
      vertex 2.5000 5.0000 7.0000
      vertex 0.0000 5.0000 3.0000
      vertex 2.5000 5.0000 3.0000
    endloop
  endfacet
  facet normal 1 -0 0
    outer loop
      vertex 2.5000 237.5000 7.0000
      vertex 2.5000 239.0000 3.0000
      vertex 2.5000 239.0000 7.0000
    endloop
  endfacet
  facet normal 1 0 0
    outer loop
      vertex 2.5000 239.0000 3.0000
      vertex 2.5000 237.5000 7.0000
      vertex 2.5000 237.5000 3.0000
    endloop
  endfacet
  facet normal -0 0 1
    outer loop
      vertex 0.0000 239.0000 7.0000
      vertex 2.5000 237.5000 7.0000
      vertex 2.5000 239.0000 7.0000
    endloop
  endfacet
  facet normal 0 0 1
    outer loop
      vertex 2.5000 237.5000 7.0000
      vertex 0.0000 239.0000 7.0000
      vertex 0.0000 237.5000 7.0000
    endloop
  endfacet
  facet normal 0 1 -0
    outer loop
      vertex 2.5000 239.0000 3.0000
      vertex 0.0000 239.0000 7.0000
      vertex 2.5000 239.0000 7.0000
    endloop
  endfacet
  facet normal 0 1 0
    outer loop
      vertex 0.0000 239.0000 7.0000
      vertex 2.5000 239.0000 3.0000
      vertex 0.0000 239.0000 3.0000
    endloop
  endfacet
  facet normal 0 -1 0
    outer loop
      vertex 0.0000 237.5000 3.0000
      vertex 2.5000 237.5000 7.0000
      vertex 0.0000 237.5000 7.0000
    endloop
  endfacet
  facet normal 0 -1 -0
    outer loop
      vertex 2.5000 237.5000 7.0000
      vertex 0.0000 237.5000 3.0000
      vertex 2.5000 237.5000 3.0000
    endloop
  endfacet
  facet normal 1 -0 0
    outer loop
      vertex 111.2000 5.0000 7.0000
      vertex 111.2000 6.5000 3.0000
      vertex 111.2000 6.5000 7.0000
    endloop
  endfacet
  facet normal 1 0 0
    outer loop
      vertex 111.2000 6.5000 3.0000
      vertex 111.2000 5.0000 7.0000
      vertex 111.2000 5.0000 3.0000
    endloop
  endfacet
  facet normal -0 0 1
    outer loop
      vertex 17.5000 6.5000 7.0000
      vertex 111.2000 5.0000 7.0000
      vertex 111.2000 6.5000 7.0000
    endloop
  endfacet
  facet normal 0 0 1
    outer loop
      vertex 111.2000 5.0000 7.0000
      vertex 17.5000 6.5000 7.0000
      vertex 17.5000 5.0000 7.0000
    endloop
  endfacet
  facet normal -1 0 0
    outer loop
      vertex 17.5000 5.0000 3.0000
      vertex 17.5000 6.5000 7.0000
      vertex 17.5000 6.5000 3.0000
    endloop
  endfacet
  facet normal -1 -0 0
    outer loop
      vertex 17.5000 6.5000 7.0000
      vertex 17.5000 5.0000 3.0000
      vertex 17.5000 5.0000 7.0000
    endloop
  endfacet
  facet normal 0 1 -0
    outer loop
      vertex 111.2000 6.5000 3.0000
      vertex 17.5000 6.5000 7.0000
      vertex 111.2000 6.5000 7.0000
    endloop
  endfacet
  facet normal 0 1 0
    outer loop
      vertex 17.5000 6.5000 7.0000
      vertex 111.2000 6.5000 3.0000
      vertex 17.5000 6.5000 3.0000
    endloop
  endfacet
  facet normal 0 -1 0
    outer loop
      vertex 17.5000 5.0000 3.0000
      vertex 111.2000 5.0000 7.0000
      vertex 17.5000 5.0000 7.0000
    endloop
  endfacet
  facet normal 0 -1 -0
    outer loop
      vertex 111.2000 5.0000 7.0000
      vertex 17.5000 5.0000 3.0000
      vertex 111.2000 5.0000 3.0000
    endloop
  endfacet
  facet normal 1 -0 0
    outer loop
      vertex 111.2000 237.5000 7.0000
      vertex 111.2000 239.0000 3.0000
      vertex 111.2000 239.0000 7.0000
    endloop
  endfacet
  facet normal 1 0 0
    outer loop
      vertex 111.2000 239.0000 3.0000
      vertex 111.2000 237.5000 7.0000
      vertex 111.2000 237.5000 3.0000
    endloop
  endfacet
  facet normal -0 0 1
    outer loop
      vertex 17.5000 239.0000 7.0000
      vertex 111.2000 237.5000 7.0000
      vertex 111.2000 239.0000 7.0000
    endloop
  endfacet
  facet normal 0 0 1
    outer loop
      vertex 111.2000 237.5000 7.0000
      vertex 17.5000 239.0000 7.0000
      vertex 17.5000 237.5000 7.0000
    endloop
  endfacet
  facet normal -1 0 0
    outer loop
      vertex 17.5000 237.5000 3.0000
      vertex 17.5000 239.0000 7.0000
      vertex 17.5000 239.0000 3.0000
    endloop
  endfacet
  facet normal -1 -0 0
    outer loop
      vertex 17.5000 239.0000 7.0000
      vertex 17.5000 237.5000 3.0000
      vertex 17.5000 237.5000 7.0000
    endloop
  endfacet
  facet normal 0 1 -0
    outer loop
      vertex 111.2000 239.0000 3.0000
      vertex 17.5000 239.0000 7.0000
      vertex 111.2000 239.0000 7.0000
    endloop
  endfacet
  facet normal 0 1 0
    outer loop
      vertex 17.5000 239.0000 7.0000
      vertex 111.2000 239.0000 3.0000
      vertex 17.5000 239.0000 3.0000
    endloop
  endfacet
  facet normal 0 -1 0
    outer loop
      vertex 17.5000 237.5000 3.0000
      vertex 111.2000 237.5000 7.0000
      vertex 17.5000 237.5000 7.0000
    endloop
  endfacet
  facet normal 0 -1 -0
    outer loop
      vertex 111.2000 237.5000 7.0000
      vertex 17.5000 237.5000 3.0000
      vertex 111.2000 237.5000 3.0000
    endloop
  endfacet
  facet normal 1 -0 0
    outer loop
      vertex 119.7000 107.0000 6.6000
      vertex 119.7000 113.0000 3.0000
      vertex 119.7000 113.0000 6.6000
    endloop
  endfacet
  facet normal 1 0 0
    outer loop
      vertex 119.7000 113.0000 3.0000
      vertex 119.7000 107.0000 6.6000
      vertex 119.7000 107.0000 3.0000
    endloop
  endfacet
  facet normal -0 0 1
    outer loop
      vertex 113.7000 113.0000 6.6000
      vertex 119.7000 107.0000 6.6000
      vertex 119.7000 113.0000 6.6000
    endloop
  endfacet
  facet normal 0 0 1
    outer loop
      vertex 119.7000 107.0000 6.6000
      vertex 113.7000 113.0000 6.6000
      vertex 113.7000 107.0000 6.6000
    endloop
  endfacet
  facet normal -1 0 0
    outer loop
      vertex 113.7000 107.0000 3.0000
      vertex 113.7000 113.0000 6.6000
      vertex 113.7000 113.0000 3.0000
    endloop
  endfacet
  facet normal -1 -0 0
    outer loop
      vertex 113.7000 113.0000 6.6000
      vertex 113.7000 107.0000 3.0000
      vertex 113.7000 107.0000 6.6000
    endloop
  endfacet
  facet normal 0 1 -0
    outer loop
      vertex 119.7000 113.0000 3.0000
      vertex 113.7000 113.0000 6.6000
      vertex 119.7000 113.0000 6.6000
    endloop
  endfacet
  facet normal 0 1 0
    outer loop
      vertex 113.7000 113.0000 6.6000
      vertex 119.7000 113.0000 3.0000
      vertex 113.7000 113.0000 3.0000
    endloop
  endfacet
  facet normal 0 -1 0
    outer loop
      vertex 113.7000 107.0000 3.0000
      vertex 119.7000 107.0000 6.6000
      vertex 113.7000 107.0000 6.6000
    endloop
  endfacet
  facet normal 0 -1 -0
    outer loop
      vertex 119.7000 107.0000 6.6000
      vertex 113.7000 107.0000 3.0000
      vertex 119.7000 107.0000 3.0000
    endloop
  endfacet
  facet normal 1 -0 0
    outer loop
      vertex 13.0000 7.0000 6.6000
      vertex 13.0000 13.0000 3.0000
      vertex 13.0000 13.0000 6.6000
    endloop
  endfacet
  facet normal 1 0 0
    outer loop
      vertex 13.0000 13.0000 3.0000
      vertex 13.0000 7.0000 6.6000
      vertex 13.0000 7.0000 3.0000
    endloop
  endfacet
  facet normal -0 0 1
    outer loop
      vertex 7.0000 13.0000 6.6000
      vertex 13.0000 7.0000 6.6000
      vertex 13.0000 13.0000 6.6000
    endloop
  endfacet
  facet normal 0 0 1
    outer loop
      vertex 13.0000 7.0000 6.6000
      vertex 7.0000 13.0000 6.6000
      vertex 7.0000 7.0000 6.6000
    endloop
  endfacet
  facet normal -1 0 0
    outer loop
      vertex 7.0000 7.0000 3.0000
      vertex 7.0000 13.0000 6.6000
      vertex 7.0000 13.0000 3.0000
    endloop
  endfacet
  facet normal -1 -0 0
    outer loop
      vertex 7.0000 13.0000 6.6000
      vertex 7.0000 7.0000 3.0000
      vertex 7.0000 7.0000 6.6000
    endloop
  endfacet
  facet normal 0 1 -0
    outer loop
      vertex 13.0000 13.0000 3.0000
      vertex 7.0000 13.0000 6.6000
      vertex 13.0000 13.0000 6.6000
    endloop
  endfacet
  facet normal 0 1 0
    outer loop
      vertex 7.0000 13.0000 6.6000
      vertex 13.0000 13.0000 3.0000
      vertex 7.0000 13.0000 3.0000
    endloop
  endfacet
  facet normal 0 -1 0
    outer loop
      vertex 7.0000 7.0000 3.0000
      vertex 13.0000 7.0000 6.6000
      vertex 7.0000 7.0000 6.6000
    endloop
  endfacet
  facet normal 0 -1 -0
    outer loop
      vertex 13.0000 7.0000 6.6000
      vertex 7.0000 7.0000 3.0000
      vertex 13.0000 7.0000 3.0000
    endloop
  endfacet
  facet normal 1 0 0
    outer loop
      vertex 13.0000 237.0000 6.6000
      vertex 13.0000 231.4000 3.0000
      vertex 13.0000 237.0000 3.0000
    endloop
  endfacet
  facet normal 1 -0 0
    outer loop
      vertex 13.0000 231.0000 6.6000
      vertex 13.0000 231.4000 3.0000
      vertex 13.0000 237.0000 6.6000
    endloop
  endfacet
  facet normal 1 0 0
    outer loop
      vertex 13.0000 231.0000 2.9900
      vertex 13.0000 231.4000 3.0000
      vertex 13.0000 231.0000 6.6000
    endloop
  endfacet
  facet normal 1 0 0
    outer loop
      vertex 13.0000 231.4000 3.0000
      vertex 13.0000 231.0000 2.9900
      vertex 13.0000 231.4000 2.9900
    endloop
  endfacet
  facet normal 0 0 -1
    outer loop
      vertex 12.7000 231.0000 2.9900
      vertex 13.0000 231.4000 2.9900
      vertex 13.0000 231.0000 2.9900
    endloop
  endfacet
  facet normal -0 0 -1
    outer loop
      vertex 13.0000 231.4000 2.9900
      vertex 12.7000 231.0000 2.9900
      vertex 12.7000 231.4000 2.9900
    endloop
  endfacet
  facet normal -0 0 1
    outer loop
      vertex 7.0000 237.0000 6.6000
      vertex 13.0000 231.0000 6.6000
      vertex 13.0000 237.0000 6.6000
    endloop
  endfacet
  facet normal 0 0 1
    outer loop
      vertex 13.0000 231.0000 6.6000
      vertex 7.0000 237.0000 6.6000
      vertex 7.0000 231.0000 6.6000
    endloop
  endfacet
  facet normal -1 0 0
    outer loop
      vertex 7.0000 231.0000 3.0000
      vertex 7.0000 237.0000 6.6000
      vertex 7.0000 237.0000 3.0000
    endloop
  endfacet
  facet normal -1 -0 0
    outer loop
      vertex 7.0000 237.0000 6.6000
      vertex 7.0000 231.0000 3.0000
      vertex 7.0000 231.0000 6.6000
    endloop
  endfacet
  facet normal 0 1 -0
    outer loop
      vertex 13.0000 237.0000 3.0000
      vertex 7.0000 237.0000 6.6000
      vertex 13.0000 237.0000 6.6000
    endloop
  endfacet
  facet normal 0 1 0
    outer loop
      vertex 7.0000 237.0000 6.6000
      vertex 13.0000 237.0000 3.0000
      vertex 7.0000 237.0000 3.0000
    endloop
  endfacet
  facet normal 0 -1 0
    outer loop
      vertex 12.7000 231.0000 3.0000
      vertex 7.0000 231.0000 6.6000
      vertex 7.0000 231.0000 3.0000
    endloop
  endfacet
  facet normal 0 -1 0
    outer loop
      vertex 7.0000 231.0000 6.6000
      vertex 12.7000 231.0000 3.0000
      vertex 13.0000 231.0000 6.6000
    endloop
  endfacet
  facet normal 0 -1 0
    outer loop
      vertex 13.0000 231.0000 2.9900
      vertex 12.7000 231.0000 3.0000
      vertex 12.7000 231.0000 2.9900
    endloop
  endfacet
  facet normal 0 -1 0
    outer loop
      vertex 12.7000 231.0000 3.0000
      vertex 13.0000 231.0000 2.9900
      vertex 13.0000 231.0000 6.6000
    endloop
  endfacet
  facet normal -1 0 0
    outer loop
      vertex 0.0000 244.0000 0.0000
      vertex 0.0000 239.0000 3.0000
      vertex 0.0000 244.0000 3.0000
    endloop
  endfacet
  facet normal -1 0 0
    outer loop
      vertex 0.0000 239.0000 3.0000
      vertex 0.0000 237.5000 3.0000
      vertex 0.0000 239.0000 7.0000
    endloop
  endfacet
  facet normal -1 0 0
    outer loop
      vertex 0.0000 244.0000 0.0000
      vertex 0.0000 237.5000 3.0000
      vertex 0.0000 239.0000 3.0000
    endloop
  endfacet
  facet normal -1 0 0
    outer loop
      vertex 0.0000 198.4000 0.0000
      vertex 0.0000 237.5000 3.0000
      vertex 0.0000 244.0000 0.0000
    endloop
  endfacet
  facet normal -1 -0 0
    outer loop
      vertex 0.0000 237.5000 3.0000
      vertex 0.0000 198.4000 0.0000
      vertex 0.0000 198.4000 3.0000
    endloop
  endfacet
  facet normal -1 -0 0
    outer loop
      vertex 0.0000 239.0000 7.0000
      vertex 0.0000 237.5000 3.0000
      vertex 0.0000 237.5000 7.0000
    endloop
  endfacet
  facet normal -1 0 0
    outer loop
      vertex 0.0000 45.6000 0.0000
      vertex 0.0000 6.5000 3.0000
      vertex 0.0000 45.6000 3.0000
    endloop
  endfacet
  facet normal -1 0 0
    outer loop
      vertex 0.0000 6.5000 3.0000
      vertex 0.0000 5.0000 3.0000
      vertex 0.0000 6.5000 7.0000
    endloop
  endfacet
  facet normal -1 0 0
    outer loop
      vertex 0.0000 0.0000 0.0000
      vertex 0.0000 6.5000 3.0000
      vertex 0.0000 45.6000 0.0000
    endloop
  endfacet
  facet normal -1 -0 0
    outer loop
      vertex 0.0000 6.5000 3.0000
      vertex 0.0000 0.0000 0.0000
      vertex 0.0000 5.0000 3.0000
    endloop
  endfacet
  facet normal -1 -0 0
    outer loop
      vertex 0.0000 5.0000 3.0000
      vertex 0.0000 0.0000 0.0000
      vertex 0.0000 0.0000 3.0000
    endloop
  endfacet
  facet normal -1 -0 0
    outer loop
      vertex 0.0000 6.5000 7.0000
      vertex 0.0000 5.0000 3.0000
      vertex 0.0000 5.0000 7.0000
    endloop
  endfacet
  facet normal -1 0 0
    outer loop
      vertex 0.0000 52.0000 0.0000
      vertex 0.0000 94.4000 3.0000
      vertex 0.0000 94.4000 0.0000
    endloop
  endfacet
  facet normal -1 -0 0
    outer loop
      vertex 0.0000 94.4000 3.0000
      vertex 0.0000 52.0000 0.0000
      vertex 0.0000 52.0000 3.0000
    endloop
  endfacet
  facet normal -1 0 0
    outer loop
      vertex 0.0000 100.8000 0.0000
      vertex 0.0000 143.2000 3.0000
      vertex 0.0000 143.2000 0.0000
    endloop
  endfacet
  facet normal -1 -0 0
    outer loop
      vertex 0.0000 143.2000 3.0000
      vertex 0.0000 100.8000 0.0000
      vertex 0.0000 100.8000 3.0000
    endloop
  endfacet
  facet normal -1 0 0
    outer loop
      vertex 0.0000 149.6000 0.0000
      vertex 0.0000 192.0000 3.0000
      vertex 0.0000 192.0000 0.0000
    endloop
  endfacet
  facet normal -1 -0 0
    outer loop
      vertex 0.0000 192.0000 3.0000
      vertex 0.0000 149.6000 0.0000
      vertex 0.0000 149.6000 3.0000
    endloop
  endfacet
  facet normal 0.877896 0.478852 1.89025e-17
    outer loop
      vertex 2.0810 43.4000 3.0000
      vertex 0.8810 45.6000 0.0000
      vertex 0.8810 45.6000 3.0000
    endloop
  endfacet
  facet normal 0.877896 0.478852 1.89025e-17
    outer loop
      vertex 0.8810 45.6000 0.0000
      vertex 2.0810 43.4000 3.0000
      vertex 2.0810 43.4000 0.0000
    endloop
  endfacet
  facet normal 0 1 -0
    outer loop
      vertex 6.7000 43.4000 0.0000
      vertex 2.0810 43.4000 3.0000
      vertex 6.7000 43.4000 3.0000
    endloop
  endfacet
  facet normal 0 1 0
    outer loop
      vertex 2.0810 43.4000 3.0000
      vertex 6.7000 43.4000 0.0000
      vertex 2.0810 43.4000 0.0000
    endloop
  endfacet
  facet normal -1 0 0
    outer loop
      vertex 6.7000 43.4000 0.0000
      vertex 6.7000 54.2000 3.0000
      vertex 6.7000 54.2000 0.0000
    endloop
  endfacet
  facet normal -1 -0 0
    outer loop
      vertex 6.7000 54.2000 3.0000
      vertex 6.7000 43.4000 0.0000
      vertex 6.7000 43.4000 3.0000
    endloop
  endfacet
  facet normal 0 -1 0
    outer loop
      vertex 2.0810 54.2000 0.0000
      vertex 6.7000 54.2000 3.0000
      vertex 2.0810 54.2000 3.0000
    endloop
  endfacet
  facet normal 0 -1 -0
    outer loop
      vertex 6.7000 54.2000 3.0000
      vertex 2.0810 54.2000 0.0000
      vertex 6.7000 54.2000 0.0000
    endloop
  endfacet
  facet normal 0.877896 -0.478852 4.72562e-18
    outer loop
      vertex 0.8810 52.0000 3.0000
      vertex 2.0810 54.2000 0.0000
      vertex 2.0810 54.2000 3.0000
    endloop
  endfacet
  facet normal 0.877896 -0.478852 4.72562e-18
    outer loop
      vertex 2.0810 54.2000 0.0000
      vertex 0.8810 52.0000 3.0000
      vertex 0.8810 52.0000 0.0000
    endloop
  endfacet
  facet normal 0 -1 0
    outer loop
      vertex 0.0000 52.0000 0.0000
      vertex 0.8810 52.0000 3.0000
      vertex 0.0000 52.0000 3.0000
    endloop
  endfacet
  facet normal 0 -1 -0
    outer loop
      vertex 0.8810 52.0000 3.0000
      vertex 0.0000 52.0000 0.0000
      vertex 0.8810 52.0000 0.0000
    endloop
  endfacet
  facet normal 0 1 -0
    outer loop
      vertex 0.8810 45.6000 0.0000
      vertex 0.0000 45.6000 3.0000
      vertex 0.8810 45.6000 3.0000
    endloop
  endfacet
  facet normal 0 1 0
    outer loop
      vertex 0.0000 45.6000 3.0000
      vertex 0.8810 45.6000 0.0000
      vertex 0.0000 45.6000 0.0000
    endloop
  endfacet
  facet normal 0.877896 0.478852 7.08844e-18
    outer loop
      vertex 2.0810 92.2000 3.0000
      vertex 0.8810 94.4000 0.0000
      vertex 0.8810 94.4000 3.0000
    endloop
  endfacet
  facet normal 0.877896 0.478852 7.08844e-18
    outer loop
      vertex 0.8810 94.4000 0.0000
      vertex 2.0810 92.2000 3.0000
      vertex 2.0810 92.2000 0.0000
    endloop
  endfacet
  facet normal 0 1 -0
    outer loop
      vertex 6.7000 92.2000 0.0000
      vertex 2.0810 92.2000 3.0000
      vertex 6.7000 92.2000 3.0000
    endloop
  endfacet
  facet normal 0 1 0
    outer loop
      vertex 2.0810 92.2000 3.0000
      vertex 6.7000 92.2000 0.0000
      vertex 2.0810 92.2000 0.0000
    endloop
  endfacet
  facet normal -1 0 0
    outer loop
      vertex 6.7000 92.2000 0.0000
      vertex 6.7000 103.0000 3.0000
      vertex 6.7000 103.0000 0.0000
    endloop
  endfacet
  facet normal -1 -0 0
    outer loop
      vertex 6.7000 103.0000 3.0000
      vertex 6.7000 92.2000 0.0000
      vertex 6.7000 92.2000 3.0000
    endloop
  endfacet
  facet normal 0 -1 0
    outer loop
      vertex 2.0810 103.0000 0.0000
      vertex 6.7000 103.0000 3.0000
      vertex 2.0810 103.0000 3.0000
    endloop
  endfacet
  facet normal 0 -1 -0
    outer loop
      vertex 6.7000 103.0000 3.0000
      vertex 2.0810 103.0000 0.0000
      vertex 6.7000 103.0000 0.0000
    endloop
  endfacet
  facet normal 0.877896 -0.478852 4.72562e-18
    outer loop
      vertex 0.8810 100.8000 3.0000
      vertex 2.0810 103.0000 0.0000
      vertex 2.0810 103.0000 3.0000
    endloop
  endfacet
  facet normal 0.877896 -0.478852 4.72562e-18
    outer loop
      vertex 2.0810 103.0000 0.0000
      vertex 0.8810 100.8000 3.0000
      vertex 0.8810 100.8000 0.0000
    endloop
  endfacet
  facet normal 0 -1 0
    outer loop
      vertex 0.0000 100.8000 0.0000
      vertex 0.8810 100.8000 3.0000
      vertex 0.0000 100.8000 3.0000
    endloop
  endfacet
  facet normal 0 -1 -0
    outer loop
      vertex 0.8810 100.8000 3.0000
      vertex 0.0000 100.8000 0.0000
      vertex 0.8810 100.8000 0.0000
    endloop
  endfacet
  facet normal 0 1 -0
    outer loop
      vertex 0.8810 94.4000 0.0000
      vertex 0.0000 94.4000 3.0000
      vertex 0.8810 94.4000 3.0000
    endloop
  endfacet
  facet normal 0 1 0
    outer loop
      vertex 0.0000 94.4000 3.0000
      vertex 0.8810 94.4000 0.0000
      vertex 0.0000 94.4000 0.0000
    endloop
  endfacet
  facet normal 0.877895 0.478854 1.88874e-17
    outer loop
      vertex 2.0810 141.0000 3.0000
      vertex 0.8810 143.2000 0.0000
      vertex 0.8810 143.2000 3.0000
    endloop
  endfacet
  facet normal 0.877895 0.478854 1.88874e-17
    outer loop
      vertex 0.8810 143.2000 0.0000
      vertex 2.0810 141.0000 3.0000
      vertex 2.0810 141.0000 0.0000
    endloop
  endfacet
  facet normal 0 1 -0
    outer loop
      vertex 6.7000 141.0000 0.0000
      vertex 2.0810 141.0000 3.0000
      vertex 6.7000 141.0000 3.0000
    endloop
  endfacet
  facet normal 0 1 0
    outer loop
      vertex 2.0810 141.0000 3.0000
      vertex 6.7000 141.0000 0.0000
      vertex 2.0810 141.0000 0.0000
    endloop
  endfacet
  facet normal -1 0 0
    outer loop
      vertex 6.7000 141.0000 0.0000
      vertex 6.7000 151.8000 3.0000
      vertex 6.7000 151.8000 0.0000
    endloop
  endfacet
  facet normal -1 -0 0
    outer loop
      vertex 6.7000 151.8000 3.0000
      vertex 6.7000 141.0000 0.0000
      vertex 6.7000 141.0000 3.0000
    endloop
  endfacet
  facet normal 0 -1 0
    outer loop
      vertex 2.0810 151.8000 0.0000
      vertex 6.7000 151.8000 3.0000
      vertex 2.0810 151.8000 3.0000
    endloop
  endfacet
  facet normal 0 -1 -0
    outer loop
      vertex 6.7000 151.8000 3.0000
      vertex 2.0810 151.8000 0.0000
      vertex 6.7000 151.8000 0.0000
    endloop
  endfacet
  facet normal 0.877895 -0.478853 -7.07636e-18
    outer loop
      vertex 0.8810 149.6000 3.0000
      vertex 2.0810 151.8000 0.0000
      vertex 2.0810 151.8000 3.0000
    endloop
  endfacet
  facet normal 0.877895 -0.478853 -7.07636e-18
    outer loop
      vertex 2.0810 151.8000 0.0000
      vertex 0.8810 149.6000 3.0000
      vertex 0.8810 149.6000 0.0000
    endloop
  endfacet
  facet normal 0 -1 0
    outer loop
      vertex 0.0000 149.6000 0.0000
      vertex 0.8810 149.6000 3.0000
      vertex 0.0000 149.6000 3.0000
    endloop
  endfacet
  facet normal 0 -1 -0
    outer loop
      vertex 0.8810 149.6000 3.0000
      vertex 0.0000 149.6000 0.0000
      vertex 0.8810 149.6000 0.0000
    endloop
  endfacet
  facet normal 0 1 -0
    outer loop
      vertex 0.8810 143.2000 0.0000
      vertex 0.0000 143.2000 3.0000
      vertex 0.8810 143.2000 3.0000
    endloop
  endfacet
  facet normal 0 1 0
    outer loop
      vertex 0.0000 143.2000 3.0000
      vertex 0.8810 143.2000 0.0000
      vertex 0.0000 143.2000 0.0000
    endloop
  endfacet
  facet normal 0.877896 0.478852 -4.72562e-18
    outer loop
      vertex 2.0810 189.8000 3.0000
      vertex 0.8810 192.0000 0.0000
      vertex 0.8810 192.0000 3.0000
    endloop
  endfacet
  facet normal 0.877896 0.478852 -4.72562e-18
    outer loop
      vertex 0.8810 192.0000 0.0000
      vertex 2.0810 189.8000 3.0000
      vertex 2.0810 189.8000 0.0000
    endloop
  endfacet
  facet normal 0 1 -0
    outer loop
      vertex 6.7000 189.8000 0.0000
      vertex 2.0810 189.8000 3.0000
      vertex 6.7000 189.8000 3.0000
    endloop
  endfacet
  facet normal 0 1 0
    outer loop
      vertex 2.0810 189.8000 3.0000
      vertex 6.7000 189.8000 0.0000
      vertex 2.0810 189.8000 0.0000
    endloop
  endfacet
  facet normal -1 0 0
    outer loop
      vertex 6.7000 189.8000 0.0000
      vertex 6.7000 200.6000 3.0000
      vertex 6.7000 200.6000 0.0000
    endloop
  endfacet
  facet normal -1 -0 0
    outer loop
      vertex 6.7000 200.6000 3.0000
      vertex 6.7000 189.8000 0.0000
      vertex 6.7000 189.8000 3.0000
    endloop
  endfacet
  facet normal 0 -1 0
    outer loop
      vertex 2.0810 200.6000 0.0000
      vertex 6.7000 200.6000 3.0000
      vertex 2.0810 200.6000 3.0000
    endloop
  endfacet
  facet normal 0 -1 -0
    outer loop
      vertex 6.7000 200.6000 3.0000
      vertex 2.0810 200.6000 0.0000
      vertex 6.7000 200.6000 0.0000
    endloop
  endfacet
  facet normal 0.877896 -0.478852 4.72562e-18
    outer loop
      vertex 0.8810 198.4000 3.0000
      vertex 2.0810 200.6000 0.0000
      vertex 2.0810 200.6000 3.0000
    endloop
  endfacet
  facet normal 0.877896 -0.478852 4.72562e-18
    outer loop
      vertex 2.0810 200.6000 0.0000
      vertex 0.8810 198.4000 3.0000
      vertex 0.8810 198.4000 0.0000
    endloop
  endfacet
  facet normal 0 -1 0
    outer loop
      vertex 0.0000 198.4000 0.0000
      vertex 0.8810 198.4000 3.0000
      vertex 0.0000 198.4000 3.0000
    endloop
  endfacet
  facet normal 0 -1 -0
    outer loop
      vertex 0.8810 198.4000 3.0000
      vertex 0.0000 198.4000 0.0000
      vertex 0.8810 198.4000 0.0000
    endloop
  endfacet
  facet normal 0 1 -0
    outer loop
      vertex 0.8810 192.0000 0.0000
      vertex 0.0000 192.0000 3.0000
      vertex 0.8810 192.0000 3.0000
    endloop
  endfacet
  facet normal 0 1 0
    outer loop
      vertex 0.0000 192.0000 3.0000
      vertex 0.8810 192.0000 0.0000
      vertex 0.0000 192.0000 0.0000
    endloop
  endfacet
endsolid OpenSCAD_Model
