solid OpenSCAD_Model
  facet normal -1 0 0
    outer loop
      vertex -9.0000 -94.0000 -3.0000
      vertex -9.0000 -94.0000 0.0000
      vertex -9.0000 30.0000 0.0000
    endloop
  endfacet
  facet normal 0 0 -1
    outer loop
      vertex -9.0000 -94.0000 -3.0000
      vertex -9.0000 30.0000 -3.0000
      vertex 5.7000 -36.9500 -3.0000
    endloop
  endfacet
  facet normal -1 0 0
    outer loop
      vertex -9.0000 -94.0000 -3.0000
      vertex -9.0000 30.0000 0.0000
      vertex -9.0000 30.0000 -3.0000
    endloop
  endfacet
  facet normal 0 0 -1
    outer loop
      vertex -9.0000 -94.0000 -3.0000
      vertex -2.2000 -87.2000 -3.0000
      vertex 4.2000 -87.2000 -3.0000
    endloop
  endfacet
  facet normal 0 0 -1
    outer loop
      vertex -9.0000 -94.0000 -3.0000
      vertex -2.2000 -80.8000 -3.0000
      vertex -2.2000 -87.2000 -3.0000
    endloop
  endfacet
  facet normal 0 0 -1
    outer loop
      vertex -9.0000 -94.0000 -3.0000
      vertex 4.2000 -87.2000 -3.0000
      vertex 135.0000 -94.0000 -3.0000
    endloop
  endfacet
  facet normal 0 0 -1
    outer loop
      vertex -9.0000 -94.0000 -3.0000
      vertex 5.7000 -40.9500 -3.0000
      vertex -2.2000 -80.8000 -3.0000
    endloop
  endfacet
  facet normal 0 0 -1
    outer loop
      vertex -9.0000 -94.0000 -3.0000
      vertex 5.7000 -36.9500 -3.0000
      vertex 5.7000 -40.9500 -3.0000
    endloop
  endfacet
  facet normal 0 -1 0
    outer loop
      vertex -9.0000 -94.0000 -3.0000
      vertex 135.0000 -94.0000 -3.0000
      vertex 135.0000 -94.0000 0.0000
    endloop
  endfacet
  facet normal 0 -1 0
    outer loop
      vertex -9.0000 -94.0000 -3.0000
      vertex 135.0000 -94.0000 0.0000
      vertex -9.0000 -94.0000 0.0000
    endloop
  endfacet
  facet normal 0 0 1
    outer loop
      vertex -9.0000 -94.0000 0.0000
      vertex -4.2000 -80.0000 0.0000
      vertex -4.2000 -60.0000 0.0000
    endloop
  endfacet
  facet normal 0 0 1
    outer loop
      vertex -9.0000 -94.0000 0.0000
      vertex -4.2000 -60.0000 0.0000
      vertex -9.0000 30.0000 0.0000
    endloop
  endfacet
  facet normal 0 0 1
    outer loop
      vertex -9.0000 -94.0000 0.0000
      vertex -2.2000 -87.2000 0.0000
      vertex -4.2000 -80.0000 0.0000
    endloop
  endfacet
  facet normal 0 0 1
    outer loop
      vertex -9.0000 -94.0000 0.0000
      vertex 6.5000 -89.0000 0.0000
      vertex -2.2000 -87.2000 0.0000
    endloop
  endfacet
  facet normal 0 0 1
    outer loop
      vertex -9.0000 -94.0000 0.0000
      vertex 135.0000 -94.0000 0.0000
      vertex 6.5000 -89.0000 0.0000
    endloop
  endfacet
  facet normal 0 1 0
    outer loop
      vertex -9.0000 30.0000 -3.0000
      vertex -9.0000 30.0000 0.0000
      vertex -4.0000 30.0000 0.0000
    endloop
  endfacet
  facet normal 0 1 0
    outer loop
      vertex -9.0000 30.0000 -3.0000
      vertex -4.0000 30.0000 0.0000
      vertex -2.5000 30.0000 0.0000
    endloop
  endfacet
  facet normal 0 1 0
    outer loop
      vertex -9.0000 30.0000 -3.0000
      vertex -2.5000 30.0000 0.0000
      vertex 35.8000 30.0000 -3.0000
    endloop
  endfacet
  facet normal 0 0 -1
    outer loop
      vertex -9.0000 30.0000 -3.0000
      vertex 5.7000 -20.6500 -3.0000
      vertex 5.7000 -36.9500 -3.0000
    endloop
  endfacet
  facet normal 0 0 -1
    outer loop
      vertex -9.0000 30.0000 -3.0000
      vertex 5.7000 -16.6500 -3.0000
      vertex 5.7000 -20.6500 -3.0000
    endloop
  endfacet
  facet normal 0 0 -1
    outer loop
      vertex -9.0000 30.0000 -3.0000
      vertex 11.0000 -16.0000 -3.0000
      vertex 5.7000 -16.6500 -3.0000
    endloop
  endfacet
  facet normal 0 0 -1
    outer loop
      vertex -9.0000 30.0000 -3.0000
      vertex 33.6000 23.3000 -3.0000
      vertex 11.0000 -16.0000 -3.0000
    endloop
  endfacet
  facet normal 0 0 -1
    outer loop
      vertex -9.0000 30.0000 -3.0000
      vertex 33.6000 27.9187 -3.0000
      vertex 33.6000 23.3000 -3.0000
    endloop
  endfacet
  facet normal 0 0 -1
    outer loop
      vertex -9.0000 30.0000 -3.0000
      vertex 35.8000 30.0000 -3.0000
      vertex 33.6000 27.9187 -3.0000
    endloop
  endfacet
  facet normal 0 0 1
    outer loop
      vertex -9.0000 30.0000 0.0000
      vertex -4.2000 -60.0000 0.0000
      vertex -4.0000 30.0000 0.0000
    endloop
  endfacet
  facet normal 0 1 0
    outer loop
      vertex -4.2000 -80.0000 -0.1000
      vertex -4.2000 -80.0000 0.0000
      vertex -2.0000 -80.0000 -0.1000
    endloop
  endfacet
  facet normal 1 0 0
    outer loop
      vertex -4.2000 -80.0000 -0.1000
      vertex -4.2000 -60.0000 -0.1000
      vertex -4.2000 -80.0000 0.0000
    endloop
  endfacet
  facet normal 0 0 1
    outer loop
      vertex -4.2000 -80.0000 -0.1000
      vertex -2.0000 -80.0000 -0.1000
      vertex -4.2000 -60.0000 -0.1000
    endloop
  endfacet
  facet normal 1 0 0
    outer loop
      vertex -4.2000 -80.0000 0.0000
      vertex -4.2000 -60.0000 -0.1000
      vertex -4.2000 -60.0000 0.0000
    endloop
  endfacet
  facet normal 0 0 1
    outer loop
      vertex -4.2000 -80.0000 0.0000
      vertex -2.2000 -87.2000 0.0000
      vertex -2.2000 -80.8000 0.0000
    endloop
  endfacet
  facet normal 0 0 1
    outer loop
      vertex -4.2000 -80.0000 0.0000
      vertex -2.2000 -80.8000 0.0000
      vertex -2.0000 -80.0000 0.0000
    endloop
  endfacet
  facet normal 0 1 0
    outer loop
      vertex -4.2000 -80.0000 0.0000
      vertex -2.0000 -80.0000 0.0000
      vertex -2.0000 -80.0000 -0.1000
    endloop
  endfacet
  facet normal 0 -1 0
    outer loop
      vertex -4.2000 -60.0000 -0.1000
      vertex -4.0000 -60.0000 0.0000
      vertex -4.2000 -60.0000 0.0000
    endloop
  endfacet
  facet normal 0 -1 0
    outer loop
      vertex -4.2000 -60.0000 -0.1000
      vertex -2.5000 -60.0000 0.0000
      vertex -4.0000 -60.0000 0.0000
    endloop
  endfacet
  facet normal 0 0 1
    outer loop
      vertex -4.2000 -60.0000 -0.1000
      vertex -2.0000 -80.0000 -0.1000
      vertex -2.0000 -60.0000 -0.1000
    endloop
  endfacet
  facet normal 0 -1 0
    outer loop
      vertex -4.2000 -60.0000 -0.1000
      vertex -2.0000 -60.0000 -0.1000
      vertex -2.5000 -60.0000 0.0000
    endloop
  endfacet
  facet normal 0 0 1
    outer loop
      vertex -4.2000 -60.0000 0.0000
      vertex -4.0000 -60.0000 0.0000
      vertex -4.0000 30.0000 0.0000
    endloop
  endfacet
  facet normal -1 0 0
    outer loop
      vertex -4.0000 -60.0000 0.0000
      vertex -4.0000 -60.0000 3.0000
      vertex -4.0000 30.0000 3.0000
    endloop
  endfacet
  facet normal -1 0 0
    outer loop
      vertex -4.0000 -60.0000 0.0000
      vertex -4.0000 30.0000 3.0000
      vertex -4.0000 30.0000 0.0000
    endloop
  endfacet
  facet normal 0 -1 0
    outer loop
      vertex -4.0000 -60.0000 0.0000
      vertex -2.5000 -60.0000 0.0000
      vertex -2.5000 -60.0000 3.0000
    endloop
  endfacet
  facet normal 0 -1 0
    outer loop
      vertex -4.0000 -60.0000 0.0000
      vertex -2.5000 -60.0000 3.0000
      vertex -4.0000 -60.0000 3.0000
    endloop
  endfacet
  facet normal 0 0 1
    outer loop
      vertex -4.0000 -60.0000 3.0000
      vertex -2.5000 -60.0000 3.0000
      vertex -4.0000 30.0000 3.0000
    endloop
  endfacet
  facet normal 0 1 0
    outer loop
      vertex -4.0000 30.0000 0.0000
      vertex -4.0000 30.0000 3.0000
      vertex -2.5000 30.0000 0.0000
    endloop
  endfacet
  facet normal 0 0 1
    outer loop
      vertex -4.0000 30.0000 3.0000
      vertex -2.5000 -60.0000 3.0000
      vertex -2.5000 30.0000 3.0000
    endloop
  endfacet
  facet normal 0 1 0
    outer loop
      vertex -4.0000 30.0000 3.0000
      vertex -2.5000 30.0000 3.0000
      vertex -2.5000 30.0000 0.0000
    endloop
  endfacet
  facet normal 1 0 0
    outer loop
      vertex -2.5000 -60.0000 0.0000
      vertex -2.5000 30.0000 0.0000
      vertex -2.5000 -60.0000 3.0000
    endloop
  endfacet
  facet normal 0 0 1
    outer loop
      vertex -2.5000 -60.0000 0.0000
      vertex -2.2000 26.9000 0.0000
      vertex -2.5000 30.0000 0.0000
    endloop
  endfacet
  facet normal 0 -1 0
    outer loop
      vertex -2.5000 -60.0000 0.0000
      vertex -2.0000 -60.0000 -0.1000
      vertex -2.0000 -60.0000 0.0000
    endloop
  endfacet
  facet normal 0 0 1
    outer loop
      vertex -2.5000 -60.0000 0.0000
      vertex -2.0000 -60.0000 0.0000
      vertex 5.7000 -40.9500 0.0000
    endloop
  endfacet
  facet normal 0 0 1
    outer loop
      vertex -2.5000 -60.0000 0.0000
      vertex 5.7000 -40.9500 0.0000
      vertex 5.7000 -36.9500 0.0000
    endloop
  endfacet
  facet normal 0 0 1
    outer loop
      vertex -2.5000 -60.0000 0.0000
      vertex 5.7000 -36.9500 0.0000
      vertex 5.7000 -20.6500 0.0000
    endloop
  endfacet
  facet normal 0 0 1
    outer loop
      vertex -2.5000 -60.0000 0.0000
      vertex 5.7000 -20.6500 0.0000
      vertex 5.7000 -16.6500 0.0000
    endloop
  endfacet
  facet normal 0 0 1
    outer loop
      vertex -2.5000 -60.0000 0.0000
      vertex 5.7000 -16.6500 0.0000
      vertex -2.2000 26.9000 0.0000
    endloop
  endfacet
  facet normal 1 0 0
    outer loop
      vertex -2.5000 -60.0000 3.0000
      vertex -2.5000 30.0000 0.0000
      vertex -2.5000 30.0000 3.0000
    endloop
  endfacet
  facet normal 0 0 1
    outer loop
      vertex -2.5000 30.0000 0.0000
      vertex -2.2000 26.9000 0.0000
      vertex -2.2000 29.9000 0.0000
    endloop
  endfacet
  facet normal 0 0 1
    outer loop
      vertex -2.5000 30.0000 0.0000
      vertex -2.2000 29.9000 0.0000
      vertex 6.0000 29.9000 0.0000
    endloop
  endfacet
  facet normal 0 0 1
    outer loop
      vertex -2.5000 30.0000 0.0000
      vertex 6.0000 29.9000 0.0000
      vertex 35.8000 30.0000 0.0000
    endloop
  endfacet
  facet normal 0 1 0
    outer loop
      vertex -2.5000 30.0000 0.0000
      vertex 35.8000 30.0000 0.0000
      vertex 35.8000 30.0000 -3.0000
    endloop
  endfacet
  facet normal 0 1 0
    outer loop
      vertex -2.2000 -87.2000 -3.0000
      vertex -2.2000 -87.2000 0.0000
      vertex 4.2000 -87.2000 -3.0000
    endloop
  endfacet
  facet normal 1 0 0
    outer loop
      vertex -2.2000 -87.2000 -3.0000
      vertex -2.2000 -80.8000 -3.0000
      vertex -2.2000 -87.2000 0.0000
    endloop
  endfacet
  facet normal 1 0 0
    outer loop
      vertex -2.2000 -87.2000 0.0000
      vertex -2.2000 -80.8000 -3.0000
      vertex -2.2000 -80.8000 0.0000
    endloop
  endfacet
  facet normal 0 1 0
    outer loop
      vertex -2.2000 -87.2000 0.0000
      vertex 4.2000 -87.2000 0.0000
      vertex 4.2000 -87.2000 -3.0000
    endloop
  endfacet
  facet normal 0 0 1
    outer loop
      vertex -2.2000 -87.2000 0.0000
      vertex 6.5000 -89.0000 0.0000
      vertex 4.2000 -87.2000 0.0000
    endloop
  endfacet
  facet normal 0 -1 0
    outer loop
      vertex -2.2000 -80.8000 -3.0000
      vertex 4.2000 -80.8000 -3.0000
      vertex 4.2000 -80.8000 0.0000
    endloop
  endfacet
  facet normal 0 -1 0
    outer loop
      vertex -2.2000 -80.8000 -3.0000
      vertex 4.2000 -80.8000 0.0000
      vertex -2.2000 -80.8000 0.0000
    endloop
  endfacet
  facet normal 0 0 -1
    outer loop
      vertex -2.2000 -80.8000 -3.0000
      vertex 5.7000 -61.3000 -3.0000
      vertex 4.2000 -80.8000 -3.0000
    endloop
  endfacet
  facet normal 0 0 -1
    outer loop
      vertex -2.2000 -80.8000 -3.0000
      vertex 5.7000 -57.3000 -3.0000
      vertex 5.7000 -61.3000 -3.0000
    endloop
  endfacet
  facet normal 0 0 -1
    outer loop
      vertex -2.2000 -80.8000 -3.0000
      vertex 5.7000 -40.9500 -3.0000
      vertex 5.7000 -57.3000 -3.0000
    endloop
  endfacet
  facet normal 0 0 1
    outer loop
      vertex -2.2000 -80.8000 0.0000
      vertex 4.2000 -80.8000 0.0000
      vertex -2.0000 -80.0000 0.0000
    endloop
  endfacet
  facet normal -1 0 0
    outer loop
      vertex -2.2000 26.9000 0.0000
      vertex -2.2000 26.9000 13.0000
      vertex -2.2000 29.9000 13.0000
    endloop
  endfacet
  facet normal -1 0 0
    outer loop
      vertex -2.2000 26.9000 0.0000
      vertex -2.2000 29.9000 13.0000
      vertex -2.2000 29.9000 0.0000
    endloop
  endfacet
  facet normal 0 -1 0
    outer loop
      vertex -2.2000 26.9000 0.0000
      vertex 0.2371 26.9000 7.6466
      vertex -2.2000 26.9000 13.0000
    endloop
  endfacet
  facet normal 0 -1 0
    outer loop
      vertex -2.2000 26.9000 0.0000
      vertex 0.3470 26.9000 7.3086
      vertex 0.2371 26.9000 7.6466
    endloop
  endfacet
  facet normal 0 -1 0
    outer loop
      vertex -2.2000 26.9000 0.0000
      vertex 0.5247 26.9000 7.0008
      vertex 0.3470 26.9000 7.3086
    endloop
  endfacet
  facet normal 0 -1 0
    outer loop
      vertex -2.2000 26.9000 0.0000
      vertex 0.7625 26.9000 6.7367
      vertex 0.5247 26.9000 7.0008
    endloop
  endfacet
  facet normal 0 -1 0
    outer loop
      vertex -2.2000 26.9000 0.0000
      vertex 1.0500 26.9000 6.5278
      vertex 0.7625 26.9000 6.7367
    endloop
  endfacet
  facet normal 0 -1 0
    outer loop
      vertex -2.2000 26.9000 0.0000
      vertex 1.3747 26.9000 6.3832
      vertex 1.0500 26.9000 6.5278
    endloop
  endfacet
  facet normal 0 -1 0
    outer loop
      vertex -2.2000 26.9000 0.0000
      vertex 1.7223 26.9000 6.3093
      vertex 1.3747 26.9000 6.3832
    endloop
  endfacet
  facet normal 0 -1 0
    outer loop
      vertex -2.2000 26.9000 0.0000
      vertex 2.0777 26.9000 6.3093
      vertex 1.7223 26.9000 6.3093
    endloop
  endfacet
  facet normal 0 0 1
    outer loop
      vertex -2.2000 26.9000 0.0000
      vertex 5.7000 -16.6500 0.0000
      vertex 6.0000 26.9000 0.0000
    endloop
  endfacet
  facet normal 0 -1 0
    outer loop
      vertex -2.2000 26.9000 0.0000
      vertex 6.0000 26.9000 0.0000
      vertex 2.0777 26.9000 6.3093
    endloop
  endfacet
  facet normal 0 -1 0
    outer loop
      vertex -2.2000 26.9000 13.0000
      vertex 0.2000 26.9000 8.0000
      vertex 0.2371 26.9000 8.3535
    endloop
  endfacet
  facet normal 0 -1 0
    outer loop
      vertex -2.2000 26.9000 13.0000
      vertex 0.2371 26.9000 7.6466
      vertex 0.2000 26.9000 8.0000
    endloop
  endfacet
  facet normal 0 -1 0
    outer loop
      vertex -2.2000 26.9000 13.0000
      vertex 0.2371 26.9000 8.3535
      vertex 0.3470 26.9000 8.6914
    endloop
  endfacet
  facet normal 0 -1 0
    outer loop
      vertex -2.2000 26.9000 13.0000
      vertex 0.3470 26.9000 8.6914
      vertex 0.5247 26.9000 8.9992
    endloop
  endfacet
  facet normal 0 -1 0
    outer loop
      vertex -2.2000 26.9000 13.0000
      vertex 0.5247 26.9000 8.9992
      vertex 0.7625 26.9000 9.2634
    endloop
  endfacet
  facet normal 0 -1 0
    outer loop
      vertex -2.2000 26.9000 13.0000
      vertex 0.7625 26.9000 9.2634
      vertex 1.0500 26.9000 9.4722
    endloop
  endfacet
  facet normal 0 -1 0
    outer loop
      vertex -2.2000 26.9000 13.0000
      vertex 1.0500 26.9000 9.4722
      vertex 1.3747 26.9000 9.6168
    endloop
  endfacet
  facet normal 0 -1 0
    outer loop
      vertex -2.2000 26.9000 13.0000
      vertex 1.3747 26.9000 9.6168
      vertex 1.7223 26.9000 9.6907
    endloop
  endfacet
  facet normal 0 -1 0
    outer loop
      vertex -2.2000 26.9000 13.0000
      vertex 1.7223 26.9000 9.6907
      vertex 6.0000 26.9000 13.0000
    endloop
  endfacet
  facet normal 0 0 1
    outer loop
      vertex -2.2000 26.9000 13.0000
      vertex 6.0000 26.9000 13.0000
      vertex -2.2000 29.9000 13.0000
    endloop
  endfacet
  facet normal 0 1 0
    outer loop
      vertex -2.2000 29.9000 0.0000
      vertex -2.2000 29.9000 13.0000
      vertex 0.2371 29.9000 7.6466
    endloop
  endfacet
  facet normal 0 1 0
    outer loop
      vertex -2.2000 29.9000 0.0000
      vertex 0.2371 29.9000 7.6466
      vertex 0.3470 29.9000 7.3086
    endloop
  endfacet
  facet normal 0 1 0
    outer loop
      vertex -2.2000 29.9000 0.0000
      vertex 0.3470 29.9000 7.3086
      vertex 0.5247 29.9000 7.0008
    endloop
  endfacet
  facet normal 0 1 0
    outer loop
      vertex -2.2000 29.9000 0.0000
      vertex 0.5247 29.9000 7.0008
      vertex 0.7625 29.9000 6.7367
    endloop
  endfacet
  facet normal 0 1 0
    outer loop
      vertex -2.2000 29.9000 0.0000
      vertex 0.7625 29.9000 6.7367
      vertex 1.0500 29.9000 6.5278
    endloop
  endfacet
  facet normal 0 1 0
    outer loop
      vertex -2.2000 29.9000 0.0000
      vertex 1.0500 29.9000 6.5278
      vertex 1.3747 29.9000 6.3832
    endloop
  endfacet
  facet normal 0 1 0
    outer loop
      vertex -2.2000 29.9000 0.0000
      vertex 1.3747 29.9000 6.3832
      vertex 1.7223 29.9000 6.3093
    endloop
  endfacet
  facet normal 0 1 0
    outer loop
      vertex -2.2000 29.9000 0.0000
      vertex 1.7223 29.9000 6.3093
      vertex 6.0000 29.9000 0.0000
    endloop
  endfacet
  facet normal 0 1 0
    outer loop
      vertex -2.2000 29.9000 13.0000
      vertex 0.2000 29.9000 8.0000
      vertex 0.2371 29.9000 7.6466
    endloop
  endfacet
  facet normal 0 1 0
    outer loop
      vertex -2.2000 29.9000 13.0000
      vertex 0.2371 29.9000 8.3535
      vertex 0.2000 29.9000 8.0000
    endloop
  endfacet
  facet normal 0 1 0
    outer loop
      vertex -2.2000 29.9000 13.0000
      vertex 0.3470 29.9000 8.6914
      vertex 0.2371 29.9000 8.3535
    endloop
  endfacet
  facet normal 0 1 0
    outer loop
      vertex -2.2000 29.9000 13.0000
      vertex 0.5247 29.9000 8.9992
      vertex 0.3470 29.9000 8.6914
    endloop
  endfacet
  facet normal 0 1 0
    outer loop
      vertex -2.2000 29.9000 13.0000
      vertex 0.7625 29.9000 9.2634
      vertex 0.5247 29.9000 8.9992
    endloop
  endfacet
  facet normal 0 1 0
    outer loop
      vertex -2.2000 29.9000 13.0000
      vertex 1.0500 29.9000 9.4722
      vertex 0.7625 29.9000 9.2634
    endloop
  endfacet
  facet normal 0 1 0
    outer loop
      vertex -2.2000 29.9000 13.0000
      vertex 1.3747 29.9000 9.6168
      vertex 1.0500 29.9000 9.4722
    endloop
  endfacet
  facet normal 0 1 0
    outer loop
      vertex -2.2000 29.9000 13.0000
      vertex 1.7223 29.9000 9.6907
      vertex 1.3747 29.9000 9.6168
    endloop
  endfacet
  facet normal 0 1 0
    outer loop
      vertex -2.2000 29.9000 13.0000
      vertex 2.0777 29.9000 9.6907
      vertex 1.7223 29.9000 9.6907
    endloop
  endfacet
  facet normal 0 0 1
    outer loop
      vertex -2.2000 29.9000 13.0000
      vertex 6.0000 26.9000 13.0000
      vertex 6.0000 29.9000 13.0000
    endloop
  endfacet
  facet normal 0 1 0
    outer loop
      vertex -2.2000 29.9000 13.0000
      vertex 6.0000 29.9000 13.0000
      vertex 2.0777 29.9000 9.6907
    endloop
  endfacet
  facet normal -1 0 0
    outer loop
      vertex -2.0000 -80.0000 -0.1000
      vertex -2.0000 -80.0000 0.0000
      vertex -2.0000 -60.0000 0.0000
    endloop
  endfacet
  facet normal -1 0 0
    outer loop
      vertex -2.0000 -80.0000 -0.1000
      vertex -2.0000 -60.0000 0.0000
      vertex -2.0000 -60.0000 -0.1000
    endloop
  endfacet
  facet normal 0 0 1
    outer loop
      vertex -2.0000 -80.0000 0.0000
      vertex 4.2000 -80.8000 0.0000
      vertex 6.1000 -79.0000 0.0000
    endloop
  endfacet
  facet normal 0 0 1
    outer loop
      vertex -2.0000 -80.0000 0.0000
      vertex 5.7000 -61.3000 0.0000
      vertex -2.0000 -60.0000 0.0000
    endloop
  endfacet
  facet normal 0 0 1
    outer loop
      vertex -2.0000 -80.0000 0.0000
      vertex 6.1000 -79.0000 0.0000
      vertex 5.7000 -61.3000 0.0000
    endloop
  endfacet
  facet normal 0 0 1
    outer loop
      vertex -2.0000 -60.0000 0.0000
      vertex 5.7000 -61.3000 0.0000
      vertex 5.7000 -57.3000 0.0000
    endloop
  endfacet
  facet normal 0 0 1
    outer loop
      vertex -2.0000 -60.0000 0.0000
      vertex 5.7000 -57.3000 0.0000
      vertex 5.7000 -40.9500 0.0000
    endloop
  endfacet
  facet normal 0.994538 0 -0.104377
    outer loop
      vertex 0.2000 26.9000 8.0000
      vertex 0.2000 29.9000 8.0000
      vertex 0.2371 26.9000 8.3535
    endloop
  endfacet
  facet normal 0.994535 0 0.104406
    outer loop
      vertex 0.2000 26.9000 8.0000
      vertex 0.2371 26.9000 7.6466
      vertex 0.2371 29.9000 7.6466
    endloop
  endfacet
  facet normal 0.994535 0 0.104406
    outer loop
      vertex 0.2000 26.9000 8.0000
      vertex 0.2371 29.9000 7.6466
      vertex 0.2000 29.9000 8.0000
    endloop
  endfacet
  facet normal 0.994538 0 -0.104377
    outer loop
      vertex 0.2000 29.9000 8.0000
      vertex 0.2371 29.9000 8.3535
      vertex 0.2371 26.9000 8.3535
    endloop
  endfacet
  facet normal 0.950993 0 0.309213
    outer loop
      vertex 0.2371 26.9000 7.6466
      vertex 0.3470 26.9000 7.3086
      vertex 0.3470 29.9000 7.3086
    endloop
  endfacet
  facet normal 0.950993 0 0.309213
    outer loop
      vertex 0.2371 26.9000 7.6466
      vertex 0.3470 29.9000 7.3086
      vertex 0.2371 29.9000 7.6466
    endloop
  endfacet
  facet normal 0.950966 0 -0.309296
    outer loop
      vertex 0.2371 26.9000 8.3535
      vertex 0.2371 29.9000 8.3535
      vertex 0.3470 26.9000 8.6914
    endloop
  endfacet
  facet normal 0.950966 0 -0.309296
    outer loop
      vertex 0.2371 29.9000 8.3535
      vertex 0.3470 29.9000 8.6914
      vertex 0.3470 26.9000 8.6914
    endloop
  endfacet
  facet normal 0.866036 0 0.499982
    outer loop
      vertex 0.3470 26.9000 7.3086
      vertex 0.5247 26.9000 7.0008
      vertex 0.5247 29.9000 7.0008
    endloop
  endfacet
  facet normal 0.866036 0 0.499982
    outer loop
      vertex 0.3470 26.9000 7.3086
      vertex 0.5247 29.9000 7.0008
      vertex 0.3470 29.9000 7.3086
    endloop
  endfacet
  facet normal 0.866036 0 -0.499982
    outer loop
      vertex 0.3470 26.9000 8.6914
      vertex 0.3470 29.9000 8.6914
      vertex 0.5247 26.9000 8.9992
    endloop
  endfacet
  facet normal 0.866036 0 -0.499982
    outer loop
      vertex 0.3470 29.9000 8.6914
      vertex 0.5247 29.9000 8.9992
      vertex 0.5247 26.9000 8.9992
    endloop
  endfacet
  facet normal 0.74314 0 0.669136
    outer loop
      vertex 0.5247 26.9000 7.0008
      vertex 0.7625 26.9000 6.7367
      vertex 0.7625 29.9000 6.7367
    endloop
  endfacet
  facet normal 0.74314 0 0.669136
    outer loop
      vertex 0.5247 26.9000 7.0008
      vertex 0.7625 29.9000 6.7367
      vertex 0.5247 29.9000 7.0008
    endloop
  endfacet
  facet normal 0.743266 0 -0.668996
    outer loop
      vertex 0.5247 26.9000 8.9992
      vertex 0.5247 29.9000 8.9992
      vertex 0.7625 26.9000 9.2634
    endloop
  endfacet
  facet normal 0.743266 0 -0.668996
    outer loop
      vertex 0.5247 29.9000 8.9992
      vertex 0.7625 29.9000 9.2634
      vertex 0.7625 26.9000 9.2634
    endloop
  endfacet
  facet normal 0.58782 0 0.808992
    outer loop
      vertex 0.7625 26.9000 6.7367
      vertex 1.0500 26.9000 6.5278
      vertex 0.7625 29.9000 6.7367
    endloop
  endfacet
  facet normal 0.587636 0 -0.809125
    outer loop
      vertex 0.7625 26.9000 9.2634
      vertex 0.7625 29.9000 9.2634
      vertex 1.0500 29.9000 9.4722
    endloop
  endfacet
  facet normal 0.587636 0 -0.809125
    outer loop
      vertex 0.7625 26.9000 9.2634
      vertex 1.0500 29.9000 9.4722
      vertex 1.0500 26.9000 9.4722
    endloop
  endfacet
  facet normal 0.58782 0 0.808992
    outer loop
      vertex 0.7625 29.9000 6.7367
      vertex 1.0500 26.9000 6.5278
      vertex 1.0500 29.9000 6.5278
    endloop
  endfacet
  facet normal 0.406817 0 0.91351
    outer loop
      vertex 1.0500 26.9000 6.5278
      vertex 1.3747 26.9000 6.3832
      vertex 1.0500 29.9000 6.5278
    endloop
  endfacet
  facet normal 0.406817 0 -0.91351
    outer loop
      vertex 1.0500 26.9000 9.4722
      vertex 1.0500 29.9000 9.4722
      vertex 1.3747 29.9000 9.6168
    endloop
  endfacet
  facet normal 0.406817 0 -0.91351
    outer loop
      vertex 1.0500 26.9000 9.4722
      vertex 1.3747 29.9000 9.6168
      vertex 1.3747 26.9000 9.6168
    endloop
  endfacet
  facet normal 0.406817 0 0.91351
    outer loop
      vertex 1.0500 29.9000 6.5278
      vertex 1.3747 26.9000 6.3832
      vertex 1.3747 29.9000 6.3832
    endloop
  endfacet
  facet normal 0.207953 0 0.978139
    outer loop
      vertex 1.3747 26.9000 6.3832
      vertex 1.7223 26.9000 6.3093
      vertex 1.3747 29.9000 6.3832
    endloop
  endfacet
  facet normal 0.207953 0 -0.978139
    outer loop
      vertex 1.3747 26.9000 9.6168
      vertex 1.3747 29.9000 9.6168
      vertex 1.7223 29.9000 9.6907
    endloop
  endfacet
  facet normal 0.207953 0 -0.978139
    outer loop
      vertex 1.3747 26.9000 9.6168
      vertex 1.7223 29.9000 9.6907
      vertex 1.7223 26.9000 9.6907
    endloop
  endfacet
  facet normal 0.207953 0 0.978139
    outer loop
      vertex 1.3747 29.9000 6.3832
      vertex 1.7223 26.9000 6.3093
      vertex 1.7223 29.9000 6.3093
    endloop
  endfacet
  facet normal 0 0 1
    outer loop
      vertex 1.7223 26.9000 6.3093
      vertex 2.0777 26.9000 6.3093
      vertex 1.7223 29.9000 6.3093
    endloop
  endfacet
  facet normal 0 0 -1
    outer loop
      vertex 1.7223 26.9000 9.6907
      vertex 1.7223 29.9000 9.6907
      vertex 2.0777 29.9000 9.6907
    endloop
  endfacet
  facet normal 0 -1 0
    outer loop
      vertex 1.7223 26.9000 9.6907
      vertex 2.0777 26.9000 9.6907
      vertex 6.0000 26.9000 13.0000
    endloop
  endfacet
  facet normal 0 0 -1
    outer loop
      vertex 1.7223 26.9000 9.6907
      vertex 2.0777 29.9000 9.6907
      vertex 2.0777 26.9000 9.6907
    endloop
  endfacet
  facet normal 0 0 1
    outer loop
      vertex 1.7223 29.9000 6.3093
      vertex 2.0777 26.9000 6.3093
      vertex 2.0777 29.9000 6.3093
    endloop
  endfacet
  facet normal 0 1 0
    outer loop
      vertex 1.7223 29.9000 6.3093
      vertex 2.0777 29.9000 6.3093
      vertex 6.0000 29.9000 0.0000
    endloop
  endfacet
  facet normal -0.207953 0 0.978139
    outer loop
      vertex 2.0777 26.9000 6.3093
      vertex 2.4253 26.9000 6.3832
      vertex 2.0777 29.9000 6.3093
    endloop
  endfacet
  facet normal 0 -1 0
    outer loop
      vertex 2.0777 26.9000 6.3093
      vertex 6.0000 26.9000 0.0000
      vertex 2.4253 26.9000 6.3832
    endloop
  endfacet
  facet normal -0.207953 0 -0.978139
    outer loop
      vertex 2.0777 26.9000 9.6907
      vertex 2.0777 29.9000 9.6907
      vertex 2.4253 29.9000 9.6168
    endloop
  endfacet
  facet normal 0 -1 0
    outer loop
      vertex 2.0777 26.9000 9.6907
      vertex 2.4253 26.9000 9.6168
      vertex 6.0000 26.9000 13.0000
    endloop
  endfacet
  facet normal -0.207953 0 -0.978139
    outer loop
      vertex 2.0777 26.9000 9.6907
      vertex 2.4253 29.9000 9.6168
      vertex 2.4253 26.9000 9.6168
    endloop
  endfacet
  facet normal -0.207953 0 0.978139
    outer loop
      vertex 2.0777 29.9000 6.3093
      vertex 2.4253 26.9000 6.3832
      vertex 2.4253 29.9000 6.3832
    endloop
  endfacet
  facet normal 0 1 0
    outer loop
      vertex 2.0777 29.9000 6.3093
      vertex 2.4253 29.9000 6.3832
      vertex 6.0000 29.9000 0.0000
    endloop
  endfacet
  facet normal 0 1 0
    outer loop
      vertex 2.0777 29.9000 9.6907
      vertex 6.0000 29.9000 13.0000
      vertex 2.4253 29.9000 9.6168
    endloop
  endfacet
  facet normal -0.406817 0 0.91351
    outer loop
      vertex 2.4253 26.9000 6.3832
      vertex 2.7500 26.9000 6.5278
      vertex 2.4253 29.9000 6.3832
    endloop
  endfacet
  facet normal 0 -1 0
    outer loop
      vertex 2.4253 26.9000 6.3832
      vertex 6.0000 26.9000 0.0000
      vertex 2.7500 26.9000 6.5278
    endloop
  endfacet
  facet normal -0.406817 0 -0.91351
    outer loop
      vertex 2.4253 26.9000 9.6168
      vertex 2.4253 29.9000 9.6168
      vertex 2.7500 29.9000 9.4722
    endloop
  endfacet
  facet normal 0 -1 0
    outer loop
      vertex 2.4253 26.9000 9.6168
      vertex 2.7500 26.9000 9.4722
      vertex 6.0000 26.9000 13.0000
    endloop
  endfacet
  facet normal -0.406817 0 -0.91351
    outer loop
      vertex 2.4253 26.9000 9.6168
      vertex 2.7500 29.9000 9.4722
      vertex 2.7500 26.9000 9.4722
    endloop
  endfacet
  facet normal -0.406817 0 0.91351
    outer loop
      vertex 2.4253 29.9000 6.3832
      vertex 2.7500 26.9000 6.5278
      vertex 2.7500 29.9000 6.5278
    endloop
  endfacet
  facet normal 0 1 0
    outer loop
      vertex 2.4253 29.9000 6.3832
      vertex 2.7500 29.9000 6.5278
      vertex 6.0000 29.9000 0.0000
    endloop
  endfacet
  facet normal 0 1 0
    outer loop
      vertex 2.4253 29.9000 9.6168
      vertex 6.0000 29.9000 13.0000
      vertex 2.7500 29.9000 9.4722
    endloop
  endfacet
  facet normal -0.58782 0 0.808992
    outer loop
      vertex 2.7500 26.9000 6.5278
      vertex 3.0375 26.9000 6.7367
      vertex 2.7500 29.9000 6.5278
    endloop
  endfacet
  facet normal 0 -1 0
    outer loop
      vertex 2.7500 26.9000 6.5278
      vertex 6.0000 26.9000 0.0000
      vertex 3.0375 26.9000 6.7367
    endloop
  endfacet
  facet normal -0.587636 0 -0.809125
    outer loop
      vertex 2.7500 26.9000 9.4722
      vertex 2.7500 29.9000 9.4722
      vertex 3.0375 29.9000 9.2634
    endloop
  endfacet
  facet normal 0 -1 0
    outer loop
      vertex 2.7500 26.9000 9.4722
      vertex 3.0375 26.9000 9.2634
      vertex 6.0000 26.9000 13.0000
    endloop
  endfacet
  facet normal -0.587636 0 -0.809125
    outer loop
      vertex 2.7500 26.9000 9.4722
      vertex 3.0375 29.9000 9.2634
      vertex 3.0375 26.9000 9.2634
    endloop
  endfacet
  facet normal -0.58782 0 0.808992
    outer loop
      vertex 2.7500 29.9000 6.5278
      vertex 3.0375 26.9000 6.7367
      vertex 3.0375 29.9000 6.7367
    endloop
  endfacet
  facet normal 0 1 0
    outer loop
      vertex 2.7500 29.9000 6.5278
      vertex 3.0375 29.9000 6.7367
      vertex 6.0000 29.9000 0.0000
    endloop
  endfacet
  facet normal 0 1 0
    outer loop
      vertex 2.7500 29.9000 9.4722
      vertex 6.0000 29.9000 13.0000
      vertex 3.0375 29.9000 9.2634
    endloop
  endfacet
  facet normal -0.74314 0 0.669136
    outer loop
      vertex 3.0375 26.9000 6.7367
      vertex 3.2753 26.9000 7.0008
      vertex 3.2753 29.9000 7.0008
    endloop
  endfacet
  facet normal -0.74314 0 0.669136
    outer loop
      vertex 3.0375 26.9000 6.7367
      vertex 3.2753 29.9000 7.0008
      vertex 3.0375 29.9000 6.7367
    endloop
  endfacet
  facet normal 0 -1 0
    outer loop
      vertex 3.0375 26.9000 6.7367
      vertex 6.0000 26.9000 0.0000
      vertex 3.2753 26.9000 7.0008
    endloop
  endfacet
  facet normal -0.743266 0 -0.668996
    outer loop
      vertex 3.0375 26.9000 9.2634
      vertex 3.0375 29.9000 9.2634
      vertex 3.2753 26.9000 8.9992
    endloop
  endfacet
  facet normal 0 -1 0
    outer loop
      vertex 3.0375 26.9000 9.2634
      vertex 3.2753 26.9000 8.9992
      vertex 6.0000 26.9000 13.0000
    endloop
  endfacet
  facet normal 0 1 0
    outer loop
      vertex 3.0375 29.9000 6.7367
      vertex 3.2753 29.9000 7.0008
      vertex 6.0000 29.9000 0.0000
    endloop
  endfacet
  facet normal -0.743266 0 -0.668996
    outer loop
      vertex 3.0375 29.9000 9.2634
      vertex 3.2753 29.9000 8.9992
      vertex 3.2753 26.9000 8.9992
    endloop
  endfacet
  facet normal 0 1 0
    outer loop
      vertex 3.0375 29.9000 9.2634
      vertex 6.0000 29.9000 13.0000
      vertex 3.2753 29.9000 8.9992
    endloop
  endfacet
  facet normal -0.866036 0 0.499982
    outer loop
      vertex 3.2753 26.9000 7.0008
      vertex 3.4530 26.9000 7.3086
      vertex 3.4530 29.9000 7.3086
    endloop
  endfacet
  facet normal -0.866036 0 0.499982
    outer loop
      vertex 3.2753 26.9000 7.0008
      vertex 3.4530 29.9000 7.3086
      vertex 3.2753 29.9000 7.0008
    endloop
  endfacet
  facet normal 0 -1 0
    outer loop
      vertex 3.2753 26.9000 7.0008
      vertex 6.0000 26.9000 0.0000
      vertex 3.4530 26.9000 7.3086
    endloop
  endfacet
  facet normal -0.866036 0 -0.499982
    outer loop
      vertex 3.2753 26.9000 8.9992
      vertex 3.2753 29.9000 8.9992
      vertex 3.4530 26.9000 8.6914
    endloop
  endfacet
  facet normal 0 -1 0
    outer loop
      vertex 3.2753 26.9000 8.9992
      vertex 3.4530 26.9000 8.6914
      vertex 6.0000 26.9000 13.0000
    endloop
  endfacet
  facet normal 0 1 0
    outer loop
      vertex 3.2753 29.9000 7.0008
      vertex 3.4530 29.9000 7.3086
      vertex 6.0000 29.9000 0.0000
    endloop
  endfacet
  facet normal -0.866036 0 -0.499982
    outer loop
      vertex 3.2753 29.9000 8.9992
      vertex 3.4530 29.9000 8.6914
      vertex 3.4530 26.9000 8.6914
    endloop
  endfacet
  facet normal 0 1 0
    outer loop
      vertex 3.2753 29.9000 8.9992
      vertex 6.0000 29.9000 13.0000
      vertex 3.4530 29.9000 8.6914
    endloop
  endfacet
  facet normal -0.950993 0 0.309213
    outer loop
      vertex 3.4530 26.9000 7.3086
      vertex 3.5629 26.9000 7.6466
      vertex 3.5629 29.9000 7.6466
    endloop
  endfacet
  facet normal -0.950993 0 0.309213
    outer loop
      vertex 3.4530 26.9000 7.3086
      vertex 3.5629 29.9000 7.6466
      vertex 3.4530 29.9000 7.3086
    endloop
  endfacet
  facet normal 0 -1 0
    outer loop
      vertex 3.4530 26.9000 7.3086
      vertex 6.0000 26.9000 0.0000
      vertex 3.5629 26.9000 7.6466
    endloop
  endfacet
  facet normal -0.950966 0 -0.309296
    outer loop
      vertex 3.4530 26.9000 8.6914
      vertex 3.4530 29.9000 8.6914
      vertex 3.5629 26.9000 8.3535
    endloop
  endfacet
  facet normal 0 -1 0
    outer loop
      vertex 3.4530 26.9000 8.6914
      vertex 3.5629 26.9000 8.3535
      vertex 6.0000 26.9000 13.0000
    endloop
  endfacet
  facet normal 0 1 0
    outer loop
      vertex 3.4530 29.9000 7.3086
      vertex 3.5629 29.9000 7.6466
      vertex 6.0000 29.9000 0.0000
    endloop
  endfacet
  facet normal -0.950966 0 -0.309296
    outer loop
      vertex 3.4530 29.9000 8.6914
      vertex 3.5629 29.9000 8.3535
      vertex 3.5629 26.9000 8.3535
    endloop
  endfacet
  facet normal 0 1 0
    outer loop
      vertex 3.4530 29.9000 8.6914
      vertex 6.0000 29.9000 13.0000
      vertex 3.5629 29.9000 8.3535
    endloop
  endfacet
  facet normal -0.994535 0 0.104406
    outer loop
      vertex 3.5629 26.9000 7.6466
      vertex 3.6000 26.9000 8.0000
      vertex 3.6000 29.9000 8.0000
    endloop
  endfacet
  facet normal -0.994535 0 0.104406
    outer loop
      vertex 3.5629 26.9000 7.6466
      vertex 3.6000 29.9000 8.0000
      vertex 3.5629 29.9000 7.6466
    endloop
  endfacet
  facet normal 0 -1 0
    outer loop
      vertex 3.5629 26.9000 7.6466
      vertex 6.0000 26.9000 0.0000
      vertex 6.0000 26.9000 13.0000
    endloop
  endfacet
  facet normal 0 -1 0
    outer loop
      vertex 3.5629 26.9000 7.6466
      vertex 6.0000 26.9000 13.0000
      vertex 3.6000 26.9000 8.0000
    endloop
  endfacet
  facet normal -0.994538 0 -0.104377
    outer loop
      vertex 3.5629 26.9000 8.3535
      vertex 3.5629 29.9000 8.3535
      vertex 3.6000 26.9000 8.0000
    endloop
  endfacet
  facet normal 0 -1 0
    outer loop
      vertex 3.5629 26.9000 8.3535
      vertex 3.6000 26.9000 8.0000
      vertex 6.0000 26.9000 13.0000
    endloop
  endfacet
  facet normal 0 1 0
    outer loop
      vertex 3.5629 29.9000 7.6466
      vertex 3.6000 29.9000 8.0000
      vertex 6.0000 29.9000 13.0000
    endloop
  endfacet
  facet normal 0 1 0
    outer loop
      vertex 3.5629 29.9000 7.6466
      vertex 6.0000 29.9000 13.0000
      vertex 6.0000 29.9000 0.0000
    endloop
  endfacet
  facet normal -0.994538 0 -0.104377
    outer loop
      vertex 3.5629 29.9000 8.3535
      vertex 3.6000 29.9000 8.0000
      vertex 3.6000 26.9000 8.0000
    endloop
  endfacet
  facet normal 0 1 0
    outer loop
      vertex 3.5629 29.9000 8.3535
      vertex 6.0000 29.9000 13.0000
      vertex 3.6000 29.9000 8.0000
    endloop
  endfacet
  facet normal -1 0 0
    outer loop
      vertex 4.2000 -87.2000 -3.0000
      vertex 4.2000 -87.2000 0.0000
      vertex 4.2000 -80.8000 0.0000
    endloop
  endfacet
  facet normal 0 0 -1
    outer loop
      vertex 4.2000 -87.2000 -3.0000
      vertex 4.2000 -80.8000 -3.0000
      vertex 16.4000 -66.0000 -3.0000
    endloop
  endfacet
  facet normal -1 0 0
    outer loop
      vertex 4.2000 -87.2000 -3.0000
      vertex 4.2000 -80.8000 0.0000
      vertex 4.2000 -80.8000 -3.0000
    endloop
  endfacet
  facet normal 0 0 -1
    outer loop
      vertex 4.2000 -87.2000 -3.0000
      vertex 16.4000 -66.0000 -3.0000
      vertex 135.0000 -94.0000 -3.0000
    endloop
  endfacet
  facet normal 0 0 1
    outer loop
      vertex 4.2000 -87.2000 0.0000
      vertex 6.1000 -87.2000 0.0000
      vertex 4.2000 -80.8000 0.0000
    endloop
  endfacet
  facet normal 0 0 1
    outer loop
      vertex 4.2000 -87.2000 0.0000
      vertex 6.5000 -89.0000 0.0000
      vertex 6.1000 -87.2000 0.0000
    endloop
  endfacet
  facet normal 0 0 -1
    outer loop
      vertex 4.2000 -80.8000 -3.0000
      vertex 5.7000 -61.3000 -3.0000
      vertex 11.0000 -66.0000 -3.0000
    endloop
  endfacet
  facet normal 0 0 -1
    outer loop
      vertex 4.2000 -80.8000 -3.0000
      vertex 11.0000 -66.0000 -3.0000
      vertex 16.4000 -66.0000 -3.0000
    endloop
  endfacet
  facet normal 0 0 1
    outer loop
      vertex 4.2000 -80.8000 0.0000
      vertex 6.1000 -87.2000 0.0000
      vertex 6.1000 -79.0000 0.0000
    endloop
  endfacet
  facet normal 0 1 0
    outer loop
      vertex 5.7000 -61.3000 -3.0000
      vertex 5.7000 -61.3000 0.0000
      vertex 8.7000 -61.3000 -3.0000
    endloop
  endfacet
  facet normal 1 0 0
    outer loop
      vertex 5.7000 -61.3000 -3.0000
      vertex 5.7000 -57.3000 -3.0000
      vertex 5.7000 -61.3000 0.0000
    endloop
  endfacet
  facet normal 0 0 -1
    outer loop
      vertex 5.7000 -61.3000 -3.0000
      vertex 8.7000 -61.3000 -3.0000
      vertex 11.0000 -66.0000 -3.0000
    endloop
  endfacet
  facet normal 1 0 0
    outer loop
      vertex 5.7000 -61.3000 0.0000
      vertex 5.7000 -57.3000 -3.0000
      vertex 5.7000 -57.3000 0.0000
    endloop
  endfacet
  facet normal 0 0 1
    outer loop
      vertex 5.7000 -61.3000 0.0000
      vertex 6.1000 -79.0000 0.0000
      vertex 11.0000 -66.0000 0.0000
    endloop
  endfacet
  facet normal 0 1 0
    outer loop
      vertex 5.7000 -61.3000 0.0000
      vertex 8.7000 -61.3000 0.0000
      vertex 8.7000 -61.3000 -3.0000
    endloop
  endfacet
  facet normal 0 0 1
    outer loop
      vertex 5.7000 -61.3000 0.0000
      vertex 11.0000 -66.0000 0.0000
      vertex 8.7000 -61.3000 0.0000
    endloop
  endfacet
  facet normal 0 0 -1
    outer loop
      vertex 5.7000 -57.3000 -3.0000
      vertex 5.7000 -40.9500 -3.0000
      vertex 8.7000 -40.9500 -3.0000
    endloop
  endfacet
  facet normal 0 -1 0
    outer loop
      vertex 5.7000 -57.3000 -3.0000
      vertex 8.7000 -57.3000 -3.0000
      vertex 8.7000 -57.3000 0.0000
    endloop
  endfacet
  facet normal 0 -1 0
    outer loop
      vertex 5.7000 -57.3000 -3.0000
      vertex 8.7000 -57.3000 0.0000
      vertex 5.7000 -57.3000 0.0000
    endloop
  endfacet
  facet normal 0 0 -1
    outer loop
      vertex 5.7000 -57.3000 -3.0000
      vertex 8.7000 -40.9500 -3.0000
      vertex 8.7000 -57.3000 -3.0000
    endloop
  endfacet
  facet normal 0 0 1
    outer loop
      vertex 5.7000 -57.3000 0.0000
      vertex 8.7000 -57.3000 0.0000
      vertex 5.7000 -40.9500 0.0000
    endloop
  endfacet
  facet normal 0 1 0
    outer loop
      vertex 5.7000 -40.9500 -3.0000
      vertex 5.7000 -40.9500 0.0000
      vertex 8.7000 -40.9500 -3.0000
    endloop
  endfacet
  facet normal 1 0 0
    outer loop
      vertex 5.7000 -40.9500 -3.0000
      vertex 5.7000 -36.9500 -3.0000
      vertex 5.7000 -40.9500 0.0000
    endloop
  endfacet
  facet normal 1 0 0
    outer loop
      vertex 5.7000 -40.9500 0.0000
      vertex 5.7000 -36.9500 -3.0000
      vertex 5.7000 -36.9500 0.0000
    endloop
  endfacet
  facet normal 0 0 1
    outer loop
      vertex 5.7000 -40.9500 0.0000
      vertex 8.7000 -57.3000 0.0000
      vertex 8.7000 -40.9500 0.0000
    endloop
  endfacet
  facet normal 0 1 0
    outer loop
      vertex 5.7000 -40.9500 0.0000
      vertex 8.7000 -40.9500 0.0000
      vertex 8.7000 -40.9500 -3.0000
    endloop
  endfacet
  facet normal 0 0 -1
    outer loop
      vertex 5.7000 -36.9500 -3.0000
      vertex 5.7000 -20.6500 -3.0000
      vertex 8.7000 -20.6500 -3.0000
    endloop
  endfacet
  facet normal 0 -1 0
    outer loop
      vertex 5.7000 -36.9500 -3.0000
      vertex 8.7000 -36.9500 -3.0000
      vertex 8.7000 -36.9500 0.0000
    endloop
  endfacet
  facet normal 0 -1 0
    outer loop
      vertex 5.7000 -36.9500 -3.0000
      vertex 8.7000 -36.9500 0.0000
      vertex 5.7000 -36.9500 0.0000
    endloop
  endfacet
  facet normal 0 0 -1
    outer loop
      vertex 5.7000 -36.9500 -3.0000
      vertex 8.7000 -20.6500 -3.0000
      vertex 8.7000 -36.9500 -3.0000
    endloop
  endfacet
  facet normal 0 0 1
    outer loop
      vertex 5.7000 -36.9500 0.0000
      vertex 8.7000 -36.9500 0.0000
      vertex 5.7000 -20.6500 0.0000
    endloop
  endfacet
  facet normal 0 1 0
    outer loop
      vertex 5.7000 -20.6500 -3.0000
      vertex 5.7000 -20.6500 0.0000
      vertex 8.7000 -20.6500 -3.0000
    endloop
  endfacet
  facet normal 1 0 0
    outer loop
      vertex 5.7000 -20.6500 -3.0000
      vertex 5.7000 -16.6500 -3.0000
      vertex 5.7000 -20.6500 0.0000
    endloop
  endfacet
  facet normal 1 0 0
    outer loop
      vertex 5.7000 -20.6500 0.0000
      vertex 5.7000 -16.6500 -3.0000
      vertex 5.7000 -16.6500 0.0000
    endloop
  endfacet
  facet normal 0 0 1
    outer loop
      vertex 5.7000 -20.6500 0.0000
      vertex 8.7000 -36.9500 0.0000
      vertex 8.7000 -20.6500 0.0000
    endloop
  endfacet
  facet normal 0 1 0
    outer loop
      vertex 5.7000 -20.6500 0.0000
      vertex 8.7000 -20.6500 0.0000
      vertex 8.7000 -20.6500 -3.0000
    endloop
  endfacet
  facet normal 0 -1 0
    outer loop
      vertex 5.7000 -16.6500 -3.0000
      vertex 8.7000 -16.6500 -3.0000
      vertex 8.7000 -16.6500 0.0000
    endloop
  endfacet
  facet normal 0 -1 0
    outer loop
      vertex 5.7000 -16.6500 -3.0000
      vertex 8.7000 -16.6500 0.0000
      vertex 5.7000 -16.6500 0.0000
    endloop
  endfacet
  facet normal 0 0 -1
    outer loop
      vertex 5.7000 -16.6500 -3.0000
      vertex 11.0000 -16.0000 -3.0000
      vertex 8.7000 -16.6500 -3.0000
    endloop
  endfacet
  facet normal 0 0 1
    outer loop
      vertex 5.7000 -16.6500 0.0000
      vertex 8.7000 -16.6500 0.0000
      vertex 11.0000 -16.0000 0.0000
    endloop
  endfacet
  facet normal 0 0 1
    outer loop
      vertex 5.7000 -16.6500 0.0000
      vertex 11.0000 -16.0000 0.0000
      vertex 6.0000 26.9000 0.0000
    endloop
  endfacet
  facet normal 1 0 0
    outer loop
      vertex 6.0000 26.9000 0.0000
      vertex 6.0000 29.9000 0.0000
      vertex 6.0000 26.9000 13.0000
    endloop
  endfacet
  facet normal 0 0 1
    outer loop
      vertex 6.0000 26.9000 0.0000
      vertex 11.0000 -16.0000 0.0000
      vertex 24.9948 -10.9948 0.0000
    endloop
  endfacet
  facet normal 0 0 1
    outer loop
      vertex 6.0000 26.9000 0.0000
      vertex 24.9948 -10.9948 0.0000
      vertex 25.5019 -10.5617 0.0000
    endloop
  endfacet
  facet normal 0 0 1
    outer loop
      vertex 6.0000 26.9000 0.0000
      vertex 25.5019 -10.5617 0.0000
      vertex 26.0705 -10.2132 0.0000
    endloop
  endfacet
  facet normal 0 0 1
    outer loop
      vertex 6.0000 26.9000 0.0000
      vertex 26.0705 -10.2132 0.0000
      vertex 33.6000 23.3000 0.0000
    endloop
  endfacet
  facet normal 0 0 1
    outer loop
      vertex 6.0000 26.9000 0.0000
      vertex 33.6000 23.3000 0.0000
      vertex 33.6000 27.9187 0.0000
    endloop
  endfacet
  facet normal 0 0 1
    outer loop
      vertex 6.0000 26.9000 0.0000
      vertex 33.6000 27.9187 0.0000
      vertex 6.0000 29.9000 0.0000
    endloop
  endfacet
  facet normal 1 0 0
    outer loop
      vertex 6.0000 26.9000 13.0000
      vertex 6.0000 29.9000 0.0000
      vertex 6.0000 29.9000 13.0000
    endloop
  endfacet
  facet normal 0 0 1
    outer loop
      vertex 6.0000 29.9000 0.0000
      vertex 33.6000 27.9187 0.0000
      vertex 35.8000 30.0000 0.0000
    endloop
  endfacet
  facet normal -1 0 0
    outer loop
      vertex 6.1000 -87.2000 0.0000
      vertex 6.1000 -87.2000 21.0000
      vertex 6.1000 -84.7628 15.6465
    endloop
  endfacet
  facet normal -1 0 0
    outer loop
      vertex 6.1000 -87.2000 0.0000
      vertex 6.1000 -84.7628 15.6465
      vertex 6.1000 -84.6530 15.3085
    endloop
  endfacet
  facet normal -1 0 0
    outer loop
      vertex 6.1000 -87.2000 0.0000
      vertex 6.1000 -84.6530 15.3085
      vertex 6.1000 -84.4753 15.0008
    endloop
  endfacet
  facet normal -1 0 0
    outer loop
      vertex 6.1000 -87.2000 0.0000
      vertex 6.1000 -84.4753 15.0008
      vertex 6.1000 -84.2375 14.7367
    endloop
  endfacet
  facet normal -1 0 0
    outer loop
      vertex 6.1000 -87.2000 0.0000
      vertex 6.1000 -84.2375 14.7367
      vertex 6.1000 -83.9500 14.5278
    endloop
  endfacet
  facet normal -1 0 0
    outer loop
      vertex 6.1000 -87.2000 0.0000
      vertex 6.1000 -83.9500 14.5278
      vertex 6.1000 -83.6253 14.3832
    endloop
  endfacet
  facet normal -1 0 0
    outer loop
      vertex 6.1000 -87.2000 0.0000
      vertex 6.1000 -83.6253 14.3832
      vertex 6.1000 -83.2777 14.3093
    endloop
  endfacet
  facet normal -1 0 0
    outer loop
      vertex 6.1000 -87.2000 0.0000
      vertex 6.1000 -83.2777 14.3093
      vertex 6.1000 -79.0000 0.0000
    endloop
  endfacet
  facet normal 0 0 1
    outer loop
      vertex 6.1000 -87.2000 0.0000
      vertex 6.5000 -89.0000 0.0000
      vertex 6.5000 -87.5000 0.0000
    endloop
  endfacet
  facet normal 0 0 1
    outer loop
      vertex 6.1000 -87.2000 0.0000
      vertex 6.5000 -87.5000 0.0000
      vertex 9.1000 -87.2000 0.0000
    endloop
  endfacet
  facet normal 0 -1 0
    outer loop
      vertex 6.1000 -87.2000 0.0000
      vertex 9.1000 -87.2000 0.0000
      vertex 9.1000 -87.2000 21.0000
    endloop
  endfacet
  facet normal 0 -1 0
    outer loop
      vertex 6.1000 -87.2000 0.0000
      vertex 9.1000 -87.2000 21.0000
      vertex 6.1000 -87.2000 21.0000
    endloop
  endfacet
  facet normal -1 0 0
    outer loop
      vertex 6.1000 -87.2000 21.0000
      vertex 6.1000 -84.8000 16.0000
      vertex 6.1000 -84.7628 15.6465
    endloop
  endfacet
  facet normal -1 0 0
    outer loop
      vertex 6.1000 -87.2000 21.0000
      vertex 6.1000 -84.7628 16.3535
      vertex 6.1000 -84.8000 16.0000
    endloop
  endfacet
  facet normal -1 0 0
    outer loop
      vertex 6.1000 -87.2000 21.0000
      vertex 6.1000 -84.6530 16.6915
      vertex 6.1000 -84.7628 16.3535
    endloop
  endfacet
  facet normal -1 0 0
    outer loop
      vertex 6.1000 -87.2000 21.0000
      vertex 6.1000 -84.4753 16.9992
      vertex 6.1000 -84.6530 16.6915
    endloop
  endfacet
  facet normal -1 0 0
    outer loop
      vertex 6.1000 -87.2000 21.0000
      vertex 6.1000 -84.2375 17.2633
      vertex 6.1000 -84.4753 16.9992
    endloop
  endfacet
  facet normal -1 0 0
    outer loop
      vertex 6.1000 -87.2000 21.0000
      vertex 6.1000 -83.9500 17.4722
      vertex 6.1000 -84.2375 17.2633
    endloop
  endfacet
  facet normal -1 0 0
    outer loop
      vertex 6.1000 -87.2000 21.0000
      vertex 6.1000 -83.6253 17.6168
      vertex 6.1000 -83.9500 17.4722
    endloop
  endfacet
  facet normal -1 0 0
    outer loop
      vertex 6.1000 -87.2000 21.0000
      vertex 6.1000 -83.2777 17.6907
      vertex 6.1000 -83.6253 17.6168
    endloop
  endfacet
  facet normal -1 0 0
    outer loop
      vertex 6.1000 -87.2000 21.0000
      vertex 6.1000 -79.0000 21.0000
      vertex 6.1000 -83.2777 17.6907
    endloop
  endfacet
  facet normal 0 0 1
    outer loop
      vertex 6.1000 -87.2000 21.0000
      vertex 9.1000 -87.2000 21.0000
      vertex 6.1000 -79.0000 21.0000
    endloop
  endfacet
  facet normal 0 0.994509 -0.104655
    outer loop
      vertex 6.1000 -84.8000 16.0000
      vertex 6.1000 -84.7628 16.3535
      vertex 9.1000 -84.8000 16.0000
    endloop
  endfacet
  facet normal 0 0.994509 0.104655
    outer loop
      vertex 6.1000 -84.8000 16.0000
      vertex 9.1000 -84.8000 16.0000
      vertex 9.1000 -84.7628 15.6465
    endloop
  endfacet
  facet normal 0 0.994509 0.104655
    outer loop
      vertex 6.1000 -84.8000 16.0000
      vertex 9.1000 -84.7628 15.6465
      vertex 6.1000 -84.7628 15.6465
    endloop
  endfacet
  facet normal 0 0.951075 0.308959
    outer loop
      vertex 6.1000 -84.7628 15.6465
      vertex 9.1000 -84.7628 15.6465
      vertex 9.1000 -84.6530 15.3085
    endloop
  endfacet
  facet normal 0 0.951075 0.308959
    outer loop
      vertex 6.1000 -84.7628 15.6465
      vertex 9.1000 -84.6530 15.3085
      vertex 6.1000 -84.6530 15.3085
    endloop
  endfacet
  facet normal 0 0.951075 -0.308959
    outer loop
      vertex 6.1000 -84.7628 16.3535
      vertex 6.1000 -84.6530 16.6915
      vertex 9.1000 -84.7628 16.3535
    endloop
  endfacet
  facet normal 0 0.994509 -0.104655
    outer loop
      vertex 6.1000 -84.7628 16.3535
      vertex 9.1000 -84.7628 16.3535
      vertex 9.1000 -84.8000 16.0000
    endloop
  endfacet
  facet normal 0 0.865965 0.500104
    outer loop
      vertex 6.1000 -84.6530 15.3085
      vertex 9.1000 -84.6530 15.3085
      vertex 9.1000 -84.4753 15.0008
    endloop
  endfacet
  facet normal 0 0.865965 0.500104
    outer loop
      vertex 6.1000 -84.6530 15.3085
      vertex 9.1000 -84.4753 15.0008
      vertex 6.1000 -84.4753 15.0008
    endloop
  endfacet
  facet normal 0 0.865965 -0.500104
    outer loop
      vertex 6.1000 -84.6530 16.6915
      vertex 6.1000 -84.4753 16.9992
      vertex 9.1000 -84.6530 16.6915
    endloop
  endfacet
  facet normal 0 0.951075 -0.308959
    outer loop
      vertex 6.1000 -84.6530 16.6915
      vertex 9.1000 -84.6530 16.6915
      vertex 9.1000 -84.7628 16.3535
    endloop
  endfacet
  facet normal 0 0.74314 0.669136
    outer loop
      vertex 6.1000 -84.4753 15.0008
      vertex 9.1000 -84.4753 15.0008
      vertex 9.1000 -84.2375 14.7367
    endloop
  endfacet
  facet normal 0 0.74314 0.669136
    outer loop
      vertex 6.1000 -84.4753 15.0008
      vertex 9.1000 -84.2375 14.7367
      vertex 6.1000 -84.2375 14.7367
    endloop
  endfacet
  facet normal 0 0.74314 -0.669136
    outer loop
      vertex 6.1000 -84.4753 16.9992
      vertex 6.1000 -84.2375 17.2633
      vertex 9.1000 -84.4753 16.9992
    endloop
  endfacet
  facet normal 0 0.865965 -0.500104
    outer loop
      vertex 6.1000 -84.4753 16.9992
      vertex 9.1000 -84.4753 16.9992
      vertex 9.1000 -84.6530 16.6915
    endloop
  endfacet
  facet normal 0 0.58782 0.808992
    outer loop
      vertex 6.1000 -84.2375 14.7367
      vertex 9.1000 -84.2375 14.7367
      vertex 6.1000 -83.9500 14.5278
    endloop
  endfacet
  facet normal 0 0.58782 -0.808992
    outer loop
      vertex 6.1000 -84.2375 17.2633
      vertex 6.1000 -83.9500 17.4722
      vertex 9.1000 -83.9500 17.4722
    endloop
  endfacet
  facet normal 0 0.74314 -0.669136
    outer loop
      vertex 6.1000 -84.2375 17.2633
      vertex 9.1000 -84.2375 17.2633
      vertex 9.1000 -84.4753 16.9992
    endloop
  endfacet
  facet normal 0 0.58782 -0.808992
    outer loop
      vertex 6.1000 -84.2375 17.2633
      vertex 9.1000 -83.9500 17.4722
      vertex 9.1000 -84.2375 17.2633
    endloop
  endfacet
  facet normal 0 0.58782 0.808992
    outer loop
      vertex 6.1000 -83.9500 14.5278
      vertex 9.1000 -84.2375 14.7367
      vertex 9.1000 -83.9500 14.5278
    endloop
  endfacet
  facet normal 0 0.406817 0.91351
    outer loop
      vertex 6.1000 -83.9500 14.5278
      vertex 9.1000 -83.9500 14.5278
      vertex 6.1000 -83.6253 14.3832
    endloop
  endfacet
  facet normal 0 0.406817 -0.91351
    outer loop
      vertex 6.1000 -83.9500 17.4722
      vertex 6.1000 -83.6253 17.6168
      vertex 9.1000 -83.6253 17.6168
    endloop
  endfacet
  facet normal 0 0.406817 -0.91351
    outer loop
      vertex 6.1000 -83.9500 17.4722
      vertex 9.1000 -83.6253 17.6168
      vertex 9.1000 -83.9500 17.4722
    endloop
  endfacet
  facet normal 0 0.406817 0.91351
    outer loop
      vertex 6.1000 -83.6253 14.3832
      vertex 9.1000 -83.9500 14.5278
      vertex 9.1000 -83.6253 14.3832
    endloop
  endfacet
  facet normal 0 0.207953 0.978139
    outer loop
      vertex 6.1000 -83.6253 14.3832
      vertex 9.1000 -83.6253 14.3832
      vertex 6.1000 -83.2777 14.3093
    endloop
  endfacet
  facet normal 0 0.207953 -0.978139
    outer loop
      vertex 6.1000 -83.6253 17.6168
      vertex 6.1000 -83.2777 17.6907
      vertex 9.1000 -83.2777 17.6907
    endloop
  endfacet
  facet normal 0 0.207953 -0.978139
    outer loop
      vertex 6.1000 -83.6253 17.6168
      vertex 9.1000 -83.2777 17.6907
      vertex 9.1000 -83.6253 17.6168
    endloop
  endfacet
  facet normal -1 0 0
    outer loop
      vertex 6.1000 -83.2777 14.3093
      vertex 6.1000 -82.9223 14.3093
      vertex 6.1000 -79.0000 0.0000
    endloop
  endfacet
  facet normal 0 0.207953 0.978139
    outer loop
      vertex 6.1000 -83.2777 14.3093
      vertex 9.1000 -83.6253 14.3832
      vertex 9.1000 -83.2777 14.3093
    endloop
  endfacet
  facet normal 0 0 1
    outer loop
      vertex 6.1000 -83.2777 14.3093
      vertex 9.1000 -83.2777 14.3093
      vertex 6.1000 -82.9223 14.3093
    endloop
  endfacet
  facet normal 0 0 -1
    outer loop
      vertex 6.1000 -83.2777 17.6907
      vertex 6.1000 -82.9223 17.6907
      vertex 9.1000 -82.9223 17.6907
    endloop
  endfacet
  facet normal -1 0 0
    outer loop
      vertex 6.1000 -83.2777 17.6907
      vertex 6.1000 -79.0000 21.0000
      vertex 6.1000 -82.9223 17.6907
    endloop
  endfacet
  facet normal 0 0 -1
    outer loop
      vertex 6.1000 -83.2777 17.6907
      vertex 9.1000 -82.9223 17.6907
      vertex 9.1000 -83.2777 17.6907
    endloop
  endfacet
  facet normal -1 0 0
    outer loop
      vertex 6.1000 -82.9223 14.3093
      vertex 6.1000 -82.5747 14.3832
      vertex 6.1000 -79.0000 0.0000
    endloop
  endfacet
  facet normal 0 0 1
    outer loop
      vertex 6.1000 -82.9223 14.3093
      vertex 9.1000 -83.2777 14.3093
      vertex 9.1000 -82.9223 14.3093
    endloop
  endfacet
  facet normal 0 -0.207953 0.978139
    outer loop
      vertex 6.1000 -82.9223 14.3093
      vertex 9.1000 -82.9223 14.3093
      vertex 6.1000 -82.5747 14.3832
    endloop
  endfacet
  facet normal 0 -0.207953 -0.978139
    outer loop
      vertex 6.1000 -82.9223 17.6907
      vertex 6.1000 -82.5747 17.6168
      vertex 9.1000 -82.5747 17.6168
    endloop
  endfacet
  facet normal -1 0 0
    outer loop
      vertex 6.1000 -82.9223 17.6907
      vertex 6.1000 -79.0000 21.0000
      vertex 6.1000 -82.5747 17.6168
    endloop
  endfacet
  facet normal 0 -0.207953 -0.978139
    outer loop
      vertex 6.1000 -82.9223 17.6907
      vertex 9.1000 -82.5747 17.6168
      vertex 9.1000 -82.9223 17.6907
    endloop
  endfacet
  facet normal -1 0 0
    outer loop
      vertex 6.1000 -82.5747 14.3832
      vertex 6.1000 -82.2500 14.5278
      vertex 6.1000 -79.0000 0.0000
    endloop
  endfacet
  facet normal 0 -0.207953 0.978139
    outer loop
      vertex 6.1000 -82.5747 14.3832
      vertex 9.1000 -82.9223 14.3093
      vertex 9.1000 -82.5747 14.3832
    endloop
  endfacet
  facet normal 0 -0.406817 0.91351
    outer loop
      vertex 6.1000 -82.5747 14.3832
      vertex 9.1000 -82.5747 14.3832
      vertex 6.1000 -82.2500 14.5278
    endloop
  endfacet
  facet normal 0 -0.406817 -0.91351
    outer loop
      vertex 6.1000 -82.5747 17.6168
      vertex 6.1000 -82.2500 17.4722
      vertex 9.1000 -82.2500 17.4722
    endloop
  endfacet
  facet normal -1 0 0
    outer loop
      vertex 6.1000 -82.5747 17.6168
      vertex 6.1000 -79.0000 21.0000
      vertex 6.1000 -82.2500 17.4722
    endloop
  endfacet
  facet normal 0 -0.406817 -0.91351
    outer loop
      vertex 6.1000 -82.5747 17.6168
      vertex 9.1000 -82.2500 17.4722
      vertex 9.1000 -82.5747 17.6168
    endloop
  endfacet
  facet normal -1 0 0
    outer loop
      vertex 6.1000 -82.2500 14.5278
      vertex 6.1000 -81.9625 14.7367
      vertex 6.1000 -79.0000 0.0000
    endloop
  endfacet
  facet normal 0 -0.406817 0.91351
    outer loop
      vertex 6.1000 -82.2500 14.5278
      vertex 9.1000 -82.5747 14.3832
      vertex 9.1000 -82.2500 14.5278
    endloop
  endfacet
  facet normal 0 -0.58782 0.808992
    outer loop
      vertex 6.1000 -82.2500 14.5278
      vertex 9.1000 -82.2500 14.5278
      vertex 6.1000 -81.9625 14.7367
    endloop
  endfacet
  facet normal 0 -0.58782 -0.808992
    outer loop
      vertex 6.1000 -82.2500 17.4722
      vertex 6.1000 -81.9625 17.2633
      vertex 9.1000 -81.9625 17.2633
    endloop
  endfacet
  facet normal -1 0 0
    outer loop
      vertex 6.1000 -82.2500 17.4722
      vertex 6.1000 -79.0000 21.0000
      vertex 6.1000 -81.9625 17.2633
    endloop
  endfacet
  facet normal 0 -0.58782 -0.808992
    outer loop
      vertex 6.1000 -82.2500 17.4722
      vertex 9.1000 -81.9625 17.2633
      vertex 9.1000 -82.2500 17.4722
    endloop
  endfacet
  facet normal -1 0 0
    outer loop
      vertex 6.1000 -81.9625 14.7367
      vertex 6.1000 -81.7247 15.0008
      vertex 6.1000 -79.0000 0.0000
    endloop
  endfacet
  facet normal 0 -0.58782 0.808992
    outer loop
      vertex 6.1000 -81.9625 14.7367
      vertex 9.1000 -82.2500 14.5278
      vertex 9.1000 -81.9625 14.7367
    endloop
  endfacet
  facet normal 0 -0.74314 0.669136
    outer loop
      vertex 6.1000 -81.9625 14.7367
      vertex 9.1000 -81.9625 14.7367
      vertex 9.1000 -81.7247 15.0008
    endloop
  endfacet
  facet normal 0 -0.74314 0.669136
    outer loop
      vertex 6.1000 -81.9625 14.7367
      vertex 9.1000 -81.7247 15.0008
      vertex 6.1000 -81.7247 15.0008
    endloop
  endfacet
  facet normal 0 -0.74314 -0.669136
    outer loop
      vertex 6.1000 -81.9625 17.2633
      vertex 6.1000 -81.7247 16.9992
      vertex 9.1000 -81.9625 17.2633
    endloop
  endfacet
  facet normal -1 0 0
    outer loop
      vertex 6.1000 -81.9625 17.2633
      vertex 6.1000 -79.0000 21.0000
      vertex 6.1000 -81.7247 16.9992
    endloop
  endfacet
  facet normal -1 0 0
    outer loop
      vertex 6.1000 -81.7247 15.0008
      vertex 6.1000 -81.5470 15.3085
      vertex 6.1000 -79.0000 0.0000
    endloop
  endfacet
  facet normal 0 -0.865965 0.500104
    outer loop
      vertex 6.1000 -81.7247 15.0008
      vertex 9.1000 -81.7247 15.0008
      vertex 9.1000 -81.5470 15.3085
    endloop
  endfacet
  facet normal 0 -0.865965 0.500104
    outer loop
      vertex 6.1000 -81.7247 15.0008
      vertex 9.1000 -81.5470 15.3085
      vertex 6.1000 -81.5470 15.3085
    endloop
  endfacet
  facet normal 0 -0.865965 -0.500104
    outer loop
      vertex 6.1000 -81.7247 16.9992
      vertex 6.1000 -81.5470 16.6915
      vertex 9.1000 -81.7247 16.9992
    endloop
  endfacet
  facet normal -1 0 0
    outer loop
      vertex 6.1000 -81.7247 16.9992
      vertex 6.1000 -79.0000 21.0000
      vertex 6.1000 -81.5470 16.6915
    endloop
  endfacet
  facet normal 0 -0.74314 -0.669136
    outer loop
      vertex 6.1000 -81.7247 16.9992
      vertex 9.1000 -81.7247 16.9992
      vertex 9.1000 -81.9625 17.2633
    endloop
  endfacet
  facet normal -1 0 0
    outer loop
      vertex 6.1000 -81.5470 15.3085
      vertex 6.1000 -81.4371 15.6465
      vertex 6.1000 -79.0000 0.0000
    endloop
  endfacet
  facet normal 0 -0.950993 0.309213
    outer loop
      vertex 6.1000 -81.5470 15.3085
      vertex 9.1000 -81.5470 15.3085
      vertex 9.1000 -81.4371 15.6465
    endloop
  endfacet
  facet normal 0 -0.950993 0.309213
    outer loop
      vertex 6.1000 -81.5470 15.3085
      vertex 9.1000 -81.4371 15.6465
      vertex 6.1000 -81.4371 15.6465
    endloop
  endfacet
  facet normal 0 -0.950993 -0.309213
    outer loop
      vertex 6.1000 -81.5470 16.6915
      vertex 6.1000 -81.4371 16.3535
      vertex 9.1000 -81.5470 16.6915
    endloop
  endfacet
  facet normal -1 0 0
    outer loop
      vertex 6.1000 -81.5470 16.6915
      vertex 6.1000 -79.0000 21.0000
      vertex 6.1000 -81.4371 16.3535
    endloop
  endfacet
  facet normal 0 -0.865965 -0.500104
    outer loop
      vertex 6.1000 -81.5470 16.6915
      vertex 9.1000 -81.5470 16.6915
      vertex 9.1000 -81.7247 16.9992
    endloop
  endfacet
  facet normal -1 0 0
    outer loop
      vertex 6.1000 -81.4371 15.6465
      vertex 6.1000 -81.4000 16.0000
      vertex 6.1000 -79.0000 21.0000
    endloop
  endfacet
  facet normal -1 0 0
    outer loop
      vertex 6.1000 -81.4371 15.6465
      vertex 6.1000 -79.0000 21.0000
      vertex 6.1000 -79.0000 0.0000
    endloop
  endfacet
  facet normal 0 -0.994538 0.104377
    outer loop
      vertex 6.1000 -81.4371 15.6465
      vertex 9.1000 -81.4371 15.6465
      vertex 9.1000 -81.4000 16.0000
    endloop
  endfacet
  facet normal 0 -0.994538 0.104377
    outer loop
      vertex 6.1000 -81.4371 15.6465
      vertex 9.1000 -81.4000 16.0000
      vertex 6.1000 -81.4000 16.0000
    endloop
  endfacet
  facet normal 0 -0.994538 -0.104377
    outer loop
      vertex 6.1000 -81.4371 16.3535
      vertex 6.1000 -81.4000 16.0000
      vertex 9.1000 -81.4371 16.3535
    endloop
  endfacet
  facet normal -1 0 0
    outer loop
      vertex 6.1000 -81.4371 16.3535
      vertex 6.1000 -79.0000 21.0000
      vertex 6.1000 -81.4000 16.0000
    endloop
  endfacet
  facet normal 0 -0.950993 -0.309213
    outer loop
      vertex 6.1000 -81.4371 16.3535
      vertex 9.1000 -81.4371 16.3535
      vertex 9.1000 -81.5470 16.6915
    endloop
  endfacet
  facet normal 0 -0.994538 -0.104377
    outer loop
      vertex 6.1000 -81.4000 16.0000
      vertex 9.1000 -81.4000 16.0000
      vertex 9.1000 -81.4371 16.3535
    endloop
  endfacet
  facet normal 0 1 0
    outer loop
      vertex 6.1000 -79.0000 0.0000
      vertex 6.1000 -79.0000 21.0000
      vertex 9.1000 -79.0000 0.0000
    endloop
  endfacet
  facet normal 0 0 1
    outer loop
      vertex 6.1000 -79.0000 0.0000
      vertex 9.1000 -79.0000 0.0000
      vertex 11.0000 -66.0000 0.0000
    endloop
  endfacet
  facet normal 0 0 1
    outer loop
      vertex 6.1000 -79.0000 21.0000
      vertex 9.1000 -87.2000 21.0000
      vertex 9.1000 -79.0000 21.0000
    endloop
  endfacet
  facet normal 0 1 0
    outer loop
      vertex 6.1000 -79.0000 21.0000
      vertex 9.1000 -79.0000 21.0000
      vertex 9.1000 -79.0000 0.0000
    endloop
  endfacet
  facet normal -1 0 0
    outer loop
      vertex 6.5000 -89.0000 0.0000
      vertex 6.5000 -89.0000 3.0000
      vertex 6.5000 -87.5000 3.0000
    endloop
  endfacet
  facet normal -1 0 0
    outer loop
      vertex 6.5000 -89.0000 0.0000
      vertex 6.5000 -87.5000 3.0000
      vertex 6.5000 -87.5000 0.0000
    endloop
  endfacet
  facet normal 0 0 1
    outer loop
      vertex 6.5000 -89.0000 0.0000
      vertex 135.0000 -94.0000 0.0000
      vertex 135.0000 -89.0000 0.0000
    endloop
  endfacet
  facet normal 0 -1 0
    outer loop
      vertex 6.5000 -89.0000 0.0000
      vertex 135.0000 -89.0000 0.0000
      vertex 135.0000 -89.0000 3.0000
    endloop
  endfacet
  facet normal 0 -1 0
    outer loop
      vertex 6.5000 -89.0000 0.0000
      vertex 135.0000 -89.0000 3.0000
      vertex 6.5000 -89.0000 3.0000
    endloop
  endfacet
  facet normal 0 0 1
    outer loop
      vertex 6.5000 -89.0000 3.0000
      vertex 135.0000 -89.0000 3.0000
      vertex 6.5000 -87.5000 3.0000
    endloop
  endfacet
  facet normal 0 1 0
    outer loop
      vertex 6.5000 -87.5000 0.0000
      vertex 6.5000 -87.5000 3.0000
      vertex 135.0000 -87.5000 0.0000
    endloop
  endfacet
  facet normal 0 0 1
    outer loop
      vertex 6.5000 -87.5000 0.0000
      vertex 39.0000 -86.0000 0.0000
      vertex 9.1000 -87.2000 0.0000
    endloop
  endfacet
  facet normal 0 0 1
    outer loop
      vertex 6.5000 -87.5000 0.0000
      vertex 49.0000 -86.0000 0.0000
      vertex 39.0000 -86.0000 0.0000
    endloop
  endfacet
  facet normal 0 0 1
    outer loop
      vertex 6.5000 -87.5000 0.0000
      vertex 135.0000 -87.5000 0.0000
      vertex 49.0000 -86.0000 0.0000
    endloop
  endfacet
  facet normal 0 0 1
    outer loop
      vertex 6.5000 -87.5000 3.0000
      vertex 135.0000 -89.0000 3.0000
      vertex 135.0000 -87.5000 3.0000
    endloop
  endfacet
  facet normal 0 1 0
    outer loop
      vertex 6.5000 -87.5000 3.0000
      vertex 135.0000 -87.5000 3.0000
      vertex 135.0000 -87.5000 0.0000
    endloop
  endfacet
  facet normal -1 0 0
    outer loop
      vertex 8.7000 -61.3000 -3.0000
      vertex 8.7000 -61.3000 0.0000
      vertex 8.7000 -57.3000 0.0000
    endloop
  endfacet
  facet normal 0 0 -1
    outer loop
      vertex 8.7000 -61.3000 -3.0000
      vertex 8.7000 -57.3000 -3.0000
      vertex 11.0000 -66.0000 -3.0000
    endloop
  endfacet
  facet normal -1 0 0
    outer loop
      vertex 8.7000 -61.3000 -3.0000
      vertex 8.7000 -57.3000 0.0000
      vertex 8.7000 -57.3000 -3.0000
    endloop
  endfacet
  facet normal 0 0 1
    outer loop
      vertex 8.7000 -61.3000 0.0000
      vertex 11.0000 -66.0000 0.0000
      vertex 8.7000 -57.3000 0.0000
    endloop
  endfacet
  facet normal 0 0 -1
    outer loop
      vertex 8.7000 -57.3000 -3.0000
      vertex 8.7000 -40.9500 -3.0000
      vertex 11.0000 -66.0000 -3.0000
    endloop
  endfacet
  facet normal 0 0 1
    outer loop
      vertex 8.7000 -57.3000 0.0000
      vertex 11.0000 -66.0000 0.0000
      vertex 8.7000 -40.9500 0.0000
    endloop
  endfacet
  facet normal -1 0 0
    outer loop
      vertex 8.7000 -40.9500 -3.0000
      vertex 8.7000 -40.9500 0.0000
      vertex 8.7000 -36.9500 0.0000
    endloop
  endfacet
  facet normal 0 0 -1
    outer loop
      vertex 8.7000 -40.9500 -3.0000
      vertex 8.7000 -36.9500 -3.0000
      vertex 11.0000 -16.0000 -3.0000
    endloop
  endfacet
  facet normal -1 0 0
    outer loop
      vertex 8.7000 -40.9500 -3.0000
      vertex 8.7000 -36.9500 0.0000
      vertex 8.7000 -36.9500 -3.0000
    endloop
  endfacet
  facet normal 0 0 -1
    outer loop
      vertex 8.7000 -40.9500 -3.0000
      vertex 11.0000 -16.0000 -3.0000
      vertex 11.0000 -66.0000 -3.0000
    endloop
  endfacet
  facet normal 0 0 1
    outer loop
      vertex 8.7000 -40.9500 0.0000
      vertex 11.0000 -66.0000 0.0000
      vertex 11.0000 -16.0000 0.0000
    endloop
  endfacet
  facet normal 0 0 1
    outer loop
      vertex 8.7000 -40.9500 0.0000
      vertex 11.0000 -16.0000 0.0000
      vertex 8.7000 -36.9500 0.0000
    endloop
  endfacet
  facet normal 0 0 -1
    outer loop
      vertex 8.7000 -36.9500 -3.0000
      vertex 8.7000 -20.6500 -3.0000
      vertex 11.0000 -16.0000 -3.0000
    endloop
  endfacet
  facet normal 0 0 1
    outer loop
      vertex 8.7000 -36.9500 0.0000
      vertex 11.0000 -16.0000 0.0000
      vertex 8.7000 -20.6500 0.0000
    endloop
  endfacet
  facet normal -1 0 0
    outer loop
      vertex 8.7000 -20.6500 -3.0000
      vertex 8.7000 -20.6500 0.0000
      vertex 8.7000 -16.6500 0.0000
    endloop
  endfacet
  facet normal 0 0 -1
    outer loop
      vertex 8.7000 -20.6500 -3.0000
      vertex 8.7000 -16.6500 -3.0000
      vertex 11.0000 -16.0000 -3.0000
    endloop
  endfacet
  facet normal -1 0 0
    outer loop
      vertex 8.7000 -20.6500 -3.0000
      vertex 8.7000 -16.6500 0.0000
      vertex 8.7000 -16.6500 -3.0000
    endloop
  endfacet
  facet normal 0 0 1
    outer loop
      vertex 8.7000 -20.6500 0.0000
      vertex 11.0000 -16.0000 0.0000
      vertex 8.7000 -16.6500 0.0000
    endloop
  endfacet
  facet normal 1 0 0
    outer loop
      vertex 9.1000 -87.2000 0.0000
      vertex 9.1000 -84.7628 15.6465
      vertex 9.1000 -87.2000 21.0000
    endloop
  endfacet
  facet normal 1 0 0
    outer loop
      vertex 9.1000 -87.2000 0.0000
      vertex 9.1000 -84.6530 15.3085
      vertex 9.1000 -84.7628 15.6465
    endloop
  endfacet
  facet normal 1 0 0
    outer loop
      vertex 9.1000 -87.2000 0.0000
      vertex 9.1000 -84.4753 15.0008
      vertex 9.1000 -84.6530 15.3085
    endloop
  endfacet
  facet normal 1 0 0
    outer loop
      vertex 9.1000 -87.2000 0.0000
      vertex 9.1000 -84.2375 14.7367
      vertex 9.1000 -84.4753 15.0008
    endloop
  endfacet
  facet normal 1 0 0
    outer loop
      vertex 9.1000 -87.2000 0.0000
      vertex 9.1000 -83.9500 14.5278
      vertex 9.1000 -84.2375 14.7367
    endloop
  endfacet
  facet normal 1 0 0
    outer loop
      vertex 9.1000 -87.2000 0.0000
      vertex 9.1000 -83.6253 14.3832
      vertex 9.1000 -83.9500 14.5278
    endloop
  endfacet
  facet normal 1 0 0
    outer loop
      vertex 9.1000 -87.2000 0.0000
      vertex 9.1000 -83.2777 14.3093
      vertex 9.1000 -83.6253 14.3832
    endloop
  endfacet
  facet normal 1 0 0
    outer loop
      vertex 9.1000 -87.2000 0.0000
      vertex 9.1000 -79.0000 0.0000
      vertex 9.1000 -83.2777 14.3093
    endloop
  endfacet
  facet normal 0 0 1
    outer loop
      vertex 9.1000 -87.2000 0.0000
      vertex 39.0000 -86.0000 0.0000
      vertex 39.0000 -84.9000 0.0000
    endloop
  endfacet
  facet normal 0 0 1
    outer loop
      vertex 9.1000 -87.2000 0.0000
      vertex 39.0000 -84.9000 0.0000
      vertex 9.1000 -79.0000 0.0000
    endloop
  endfacet
  facet normal 1 0 0
    outer loop
      vertex 9.1000 -87.2000 21.0000
      vertex 9.1000 -84.8000 16.0000
      vertex 9.1000 -84.7628 16.3535
    endloop
  endfacet
  facet normal 1 0 0
    outer loop
      vertex 9.1000 -87.2000 21.0000
      vertex 9.1000 -84.7628 15.6465
      vertex 9.1000 -84.8000 16.0000
    endloop
  endfacet
  facet normal 1 0 0
    outer loop
      vertex 9.1000 -87.2000 21.0000
      vertex 9.1000 -84.7628 16.3535
      vertex 9.1000 -84.6530 16.6915
    endloop
  endfacet
  facet normal 1 0 0
    outer loop
      vertex 9.1000 -87.2000 21.0000
      vertex 9.1000 -84.6530 16.6915
      vertex 9.1000 -84.4753 16.9992
    endloop
  endfacet
  facet normal 1 0 0
    outer loop
      vertex 9.1000 -87.2000 21.0000
      vertex 9.1000 -84.4753 16.9992
      vertex 9.1000 -84.2375 17.2633
    endloop
  endfacet
  facet normal 1 0 0
    outer loop
      vertex 9.1000 -87.2000 21.0000
      vertex 9.1000 -84.2375 17.2633
      vertex 9.1000 -83.9500 17.4722
    endloop
  endfacet
  facet normal 1 0 0
    outer loop
      vertex 9.1000 -87.2000 21.0000
      vertex 9.1000 -83.9500 17.4722
      vertex 9.1000 -83.6253 17.6168
    endloop
  endfacet
  facet normal 1 0 0
    outer loop
      vertex 9.1000 -87.2000 21.0000
      vertex 9.1000 -83.6253 17.6168
      vertex 9.1000 -83.2777 17.6907
    endloop
  endfacet
  facet normal 1 0 0
    outer loop
      vertex 9.1000 -87.2000 21.0000
      vertex 9.1000 -83.2777 17.6907
      vertex 9.1000 -79.0000 21.0000
    endloop
  endfacet
  facet normal 1 0 0
    outer loop
      vertex 9.1000 -83.2777 14.3093
      vertex 9.1000 -79.0000 0.0000
      vertex 9.1000 -82.9223 14.3093
    endloop
  endfacet
  facet normal 1 0 0
    outer loop
      vertex 9.1000 -83.2777 17.6907
      vertex 9.1000 -82.9223 17.6907
      vertex 9.1000 -79.0000 21.0000
    endloop
  endfacet
  facet normal 1 0 0
    outer loop
      vertex 9.1000 -82.9223 14.3093
      vertex 9.1000 -79.0000 0.0000
      vertex 9.1000 -82.5747 14.3832
    endloop
  endfacet
  facet normal 1 0 0
    outer loop
      vertex 9.1000 -82.9223 17.6907
      vertex 9.1000 -82.5747 17.6168
      vertex 9.1000 -79.0000 21.0000
    endloop
  endfacet
  facet normal 1 0 0
    outer loop
      vertex 9.1000 -82.5747 14.3832
      vertex 9.1000 -79.0000 0.0000
      vertex 9.1000 -82.2500 14.5278
    endloop
  endfacet
  facet normal 1 0 0
    outer loop
      vertex 9.1000 -82.5747 17.6168
      vertex 9.1000 -82.2500 17.4722
      vertex 9.1000 -79.0000 21.0000
    endloop
  endfacet
  facet normal 1 0 0
    outer loop
      vertex 9.1000 -82.2500 14.5278
      vertex 9.1000 -79.0000 0.0000
      vertex 9.1000 -81.9625 14.7367
    endloop
  endfacet
  facet normal 1 0 0
    outer loop
      vertex 9.1000 -82.2500 17.4722
      vertex 9.1000 -81.9625 17.2633
      vertex 9.1000 -79.0000 21.0000
    endloop
  endfacet
  facet normal 1 0 0
    outer loop
      vertex 9.1000 -81.9625 14.7367
      vertex 9.1000 -79.0000 0.0000
      vertex 9.1000 -81.7247 15.0008
    endloop
  endfacet
  facet normal 1 0 0
    outer loop
      vertex 9.1000 -81.9625 17.2633
      vertex 9.1000 -81.7247 16.9992
      vertex 9.1000 -79.0000 21.0000
    endloop
  endfacet
  facet normal 1 0 0
    outer loop
      vertex 9.1000 -81.7247 15.0008
      vertex 9.1000 -79.0000 0.0000
      vertex 9.1000 -81.5470 15.3085
    endloop
  endfacet
  facet normal 1 0 0
    outer loop
      vertex 9.1000 -81.7247 16.9992
      vertex 9.1000 -81.5470 16.6915
      vertex 9.1000 -79.0000 21.0000
    endloop
  endfacet
  facet normal 1 0 0
    outer loop
      vertex 9.1000 -81.5470 15.3085
      vertex 9.1000 -79.0000 0.0000
      vertex 9.1000 -81.4371 15.6465
    endloop
  endfacet
  facet normal 1 0 0
    outer loop
      vertex 9.1000 -81.5470 16.6915
      vertex 9.1000 -81.4371 16.3535
      vertex 9.1000 -79.0000 21.0000
    endloop
  endfacet
  facet normal 1 0 0
    outer loop
      vertex 9.1000 -81.4371 15.6465
      vertex 9.1000 -79.0000 0.0000
      vertex 9.1000 -79.0000 21.0000
    endloop
  endfacet
  facet normal 1 0 0
    outer loop
      vertex 9.1000 -81.4371 15.6465
      vertex 9.1000 -79.0000 21.0000
      vertex 9.1000 -81.4000 16.0000
    endloop
  endfacet
  facet normal 1 0 0
    outer loop
      vertex 9.1000 -81.4371 16.3535
      vertex 9.1000 -81.4000 16.0000
      vertex 9.1000 -79.0000 21.0000
    endloop
  endfacet
  facet normal 0 0 1
    outer loop
      vertex 9.1000 -79.0000 0.0000
      vertex 16.4000 -66.0000 0.0000
      vertex 11.0000 -66.0000 0.0000
    endloop
  endfacet
  facet normal 0 0 1
    outer loop
      vertex 9.1000 -79.0000 0.0000
      vertex 39.0000 -84.9000 0.0000
      vertex 16.4000 -66.0000 0.0000
    endloop
  endfacet
  facet normal 0 1 0
    outer loop
      vertex 11.0000 -66.0000 -3.0000
      vertex 11.0000 -66.0000 0.0000
      vertex 16.4000 -66.0000 -3.0000
    endloop
  endfacet
  facet normal 1 0 0
    outer loop
      vertex 11.0000 -66.0000 -3.0000
      vertex 11.0000 -16.0000 -3.0000
      vertex 11.0000 -66.0000 0.0000
    endloop
  endfacet
  facet normal 1 0 0
    outer loop
      vertex 11.0000 -66.0000 0.0000
      vertex 11.0000 -16.0000 -3.0000
      vertex 11.0000 -16.0000 0.0000
    endloop
  endfacet
  facet normal 0 1 0
    outer loop
      vertex 11.0000 -66.0000 0.0000
      vertex 16.4000 -66.0000 0.0000
      vertex 16.4000 -66.0000 -3.0000
    endloop
  endfacet
  facet normal 0 -1 0
    outer loop
      vertex 11.0000 -16.0000 -3.0000
      vertex 16.4000 -16.0000 -3.0000
      vertex 16.4000 -16.0000 0.0000
    endloop
  endfacet
  facet normal 0 -1 0
    outer loop
      vertex 11.0000 -16.0000 -3.0000
      vertex 16.4000 -16.0000 0.0000
      vertex 11.0000 -16.0000 0.0000
    endloop
  endfacet
  facet normal 0 0 -1
    outer loop
      vertex 11.0000 -16.0000 -3.0000
      vertex 33.6000 23.3000 -3.0000
      vertex 16.4000 -16.0000 -3.0000
    endloop
  endfacet
  facet normal 0 0 1
    outer loop
      vertex 11.0000 -16.0000 0.0000
      vertex 16.4000 -16.0000 0.0000
      vertex 24.9948 -10.9948 0.0000
    endloop
  endfacet
  facet normal -1 0 0
    outer loop
      vertex 16.4000 -66.0000 -3.0000
      vertex 16.4000 -66.0000 0.0000
      vertex 16.4000 -16.0000 0.0000
    endloop
  endfacet
  facet normal 0 0 -1
    outer loop
      vertex 16.4000 -66.0000 -3.0000
      vertex 16.4000 -16.0000 -3.0000
      vertex 135.0000 -49.6667 -3.0000
    endloop
  endfacet
  facet normal -1 0 0
    outer loop
      vertex 16.4000 -66.0000 -3.0000
      vertex 16.4000 -16.0000 0.0000
      vertex 16.4000 -16.0000 -3.0000
    endloop
  endfacet
  facet normal 0 0 -1
    outer loop
      vertex 16.4000 -66.0000 -3.0000
      vertex 135.0000 -55.6667 -3.0000
      vertex 135.0000 -94.0000 -3.0000
    endloop
  endfacet
  facet normal 0 0 -1
    outer loop
      vertex 16.4000 -66.0000 -3.0000
      vertex 135.0000 -49.6667 -3.0000
      vertex 135.0000 -55.6667 -3.0000
    endloop
  endfacet
  facet normal 0 0 1
    outer loop
      vertex 16.4000 -66.0000 0.0000
      vertex 23.7500 -51.0000 0.0000
      vertex 23.8023 -50.3352 0.0000
    endloop
  endfacet
  facet normal 0 0 1
    outer loop
      vertex 16.4000 -66.0000 0.0000
      vertex 23.8023 -51.6648 0.0000
      vertex 23.7500 -51.0000 0.0000
    endloop
  endfacet
  facet normal 0 0 1
    outer loop
      vertex 16.4000 -66.0000 0.0000
      vertex 23.8023 -50.3352 0.0000
      vertex 16.4000 -16.0000 0.0000
    endloop
  endfacet
  facet normal 0 0 1
    outer loop
      vertex 16.4000 -66.0000 0.0000
      vertex 23.9580 -52.3133 0.0000
      vertex 23.8023 -51.6648 0.0000
    endloop
  endfacet
  facet normal 0 0 1
    outer loop
      vertex 16.4000 -66.0000 0.0000
      vertex 24.2132 -52.9295 0.0000
      vertex 23.9580 -52.3133 0.0000
    endloop
  endfacet
  facet normal 0 0 1
    outer loop
      vertex 16.4000 -66.0000 0.0000
      vertex 24.5617 -53.4981 0.0000
      vertex 24.2132 -52.9295 0.0000
    endloop
  endfacet
  facet normal 0 0 1
    outer loop
      vertex 16.4000 -66.0000 0.0000
      vertex 24.9948 -54.0052 0.0000
      vertex 24.5617 -53.4981 0.0000
    endloop
  endfacet
  facet normal 0 0 1
    outer loop
      vertex 16.4000 -66.0000 0.0000
      vertex 25.5019 -54.4383 0.0000
      vertex 24.9948 -54.0052 0.0000
    endloop
  endfacet
  facet normal 0 0 1
    outer loop
      vertex 16.4000 -66.0000 0.0000
      vertex 26.0705 -54.7868 0.0000
      vertex 25.5019 -54.4383 0.0000
    endloop
  endfacet
  facet normal 0 0 1
    outer loop
      vertex 16.4000 -66.0000 0.0000
      vertex 26.6867 -55.0420 0.0000
      vertex 26.0705 -54.7868 0.0000
    endloop
  endfacet
  facet normal 0 0 1
    outer loop
      vertex 16.4000 -66.0000 0.0000
      vertex 27.3352 -55.1977 0.0000
      vertex 26.6867 -55.0420 0.0000
    endloop
  endfacet
  facet normal 0 0 1
    outer loop
      vertex 16.4000 -66.0000 0.0000
      vertex 28.0000 -55.2500 0.0000
      vertex 27.3352 -55.1977 0.0000
    endloop
  endfacet
  facet normal 0 0 1
    outer loop
      vertex 16.4000 -66.0000 0.0000
      vertex 39.0000 -84.9000 0.0000
      vertex 39.0000 -69.1000 0.0000
    endloop
  endfacet
  facet normal 0 0 1
    outer loop
      vertex 16.4000 -66.0000 0.0000
      vertex 39.0000 -69.1000 0.0000
      vertex 39.0000 -68.0000 0.0000
    endloop
  endfacet
  facet normal 0 0 1
    outer loop
      vertex 16.4000 -66.0000 0.0000
      vertex 39.0000 -68.0000 0.0000
      vertex 28.0000 -55.2500 0.0000
    endloop
  endfacet
  facet normal 0 0 -1
    outer loop
      vertex 16.4000 -16.0000 -3.0000
      vertex 33.6000 23.3000 -3.0000
      vertex 44.4000 23.3000 -3.0000
    endloop
  endfacet
  facet normal 0 0 -1
    outer loop
      vertex 16.4000 -16.0000 -3.0000
      vertex 44.4000 23.3000 -3.0000
      vertex 81.6000 23.3000 -3.0000
    endloop
  endfacet
  facet normal 0 0 -1
    outer loop
      vertex 16.4000 -16.0000 -3.0000
      vertex 81.6000 23.3000 -3.0000
      vertex 135.0000 -49.6667 -3.0000
    endloop
  endfacet
  facet normal 0 0 1
    outer loop
      vertex 16.4000 -16.0000 0.0000
      vertex 23.7500 -14.0000 0.0000
      vertex 23.8023 -13.3352 0.0000
    endloop
  endfacet
  facet normal 0 0 1
    outer loop
      vertex 16.4000 -16.0000 0.0000
      vertex 23.8023 -50.3352 0.0000
      vertex 23.9580 -49.6867 0.0000
    endloop
  endfacet
  facet normal 0 0 1
    outer loop
      vertex 16.4000 -16.0000 0.0000
      vertex 23.8023 -14.6648 0.0000
      vertex 23.7500 -14.0000 0.0000
    endloop
  endfacet
  facet normal 0 0 1
    outer loop
      vertex 16.4000 -16.0000 0.0000
      vertex 23.8023 -13.3352 0.0000
      vertex 23.9580 -12.6867 0.0000
    endloop
  endfacet
  facet normal 0 0 1
    outer loop
      vertex 16.4000 -16.0000 0.0000
      vertex 23.9580 -49.6867 0.0000
      vertex 24.2132 -49.0705 0.0000
    endloop
  endfacet
  facet normal 0 0 1
    outer loop
      vertex 16.4000 -16.0000 0.0000
      vertex 23.9580 -15.3133 0.0000
      vertex 23.8023 -14.6648 0.0000
    endloop
  endfacet
  facet normal 0 0 1
    outer loop
      vertex 16.4000 -16.0000 0.0000
      vertex 23.9580 -12.6867 0.0000
      vertex 24.2132 -12.0705 0.0000
    endloop
  endfacet
  facet normal 0 0 1
    outer loop
      vertex 16.4000 -16.0000 0.0000
      vertex 24.2132 -49.0705 0.0000
      vertex 24.5617 -48.5019 0.0000
    endloop
  endfacet
  facet normal 0 0 1
    outer loop
      vertex 16.4000 -16.0000 0.0000
      vertex 24.2132 -15.9295 0.0000
      vertex 23.9580 -15.3133 0.0000
    endloop
  endfacet
  facet normal 0 0 1
    outer loop
      vertex 16.4000 -16.0000 0.0000
      vertex 24.2132 -12.0705 0.0000
      vertex 24.5617 -11.5019 0.0000
    endloop
  endfacet
  facet normal 0 0 1
    outer loop
      vertex 16.4000 -16.0000 0.0000
      vertex 24.5617 -48.5019 0.0000
      vertex 24.9948 -47.9948 0.0000
    endloop
  endfacet
  facet normal 0 0 1
    outer loop
      vertex 16.4000 -16.0000 0.0000
      vertex 24.5617 -16.4981 0.0000
      vertex 24.2132 -15.9295 0.0000
    endloop
  endfacet
  facet normal 0 0 1
    outer loop
      vertex 16.4000 -16.0000 0.0000
      vertex 24.5617 -11.5019 0.0000
      vertex 24.9948 -10.9948 0.0000
    endloop
  endfacet
  facet normal 0 0 1
    outer loop
      vertex 16.4000 -16.0000 0.0000
      vertex 24.9948 -47.9948 0.0000
      vertex 25.5019 -47.5617 0.0000
    endloop
  endfacet
  facet normal 0 0 1
    outer loop
      vertex 16.4000 -16.0000 0.0000
      vertex 24.9948 -17.0052 0.0000
      vertex 24.5617 -16.4981 0.0000
    endloop
  endfacet
  facet normal 0 0 1
    outer loop
      vertex 16.4000 -16.0000 0.0000
      vertex 25.5019 -47.5617 0.0000
      vertex 26.0705 -47.2132 0.0000
    endloop
  endfacet
  facet normal 0 0 1
    outer loop
      vertex 16.4000 -16.0000 0.0000
      vertex 25.5019 -17.4383 0.0000
      vertex 24.9948 -17.0052 0.0000
    endloop
  endfacet
  facet normal 0 0 1
    outer loop
      vertex 16.4000 -16.0000 0.0000
      vertex 26.0705 -47.2132 0.0000
      vertex 26.0705 -17.7868 0.0000
    endloop
  endfacet
  facet normal 0 0 1
    outer loop
      vertex 16.4000 -16.0000 0.0000
      vertex 26.0705 -17.7868 0.0000
      vertex 25.5019 -17.4383 0.0000
    endloop
  endfacet
  facet normal -0.99692 0.078428 0
    outer loop
      vertex 23.7500 -51.0000 0.0000
      vertex 23.7500 -51.0000 6.9500
      vertex 23.8023 -50.3352 6.9500
    endloop
  endfacet
  facet normal -0.99692 -0.078428 0
    outer loop
      vertex 23.7500 -51.0000 0.0000
      vertex 23.8023 -51.6648 0.0000
      vertex 23.7500 -51.0000 6.9500
    endloop
  endfacet
  facet normal -0.99692 0.078428 0
    outer loop
      vertex 23.7500 -51.0000 0.0000
      vertex 23.8023 -50.3352 6.9500
      vertex 23.8023 -50.3352 0.0000
    endloop
  endfacet
  facet normal -0.99692 -0.078428 0
    outer loop
      vertex 23.7500 -51.0000 6.9500
      vertex 23.8023 -51.6648 0.0000
      vertex 23.8023 -51.6648 6.9500
    endloop
  endfacet
  facet normal 0 0 1
    outer loop
      vertex 23.7500 -51.0000 6.9500
      vertex 23.8023 -51.6648 6.9500
      vertex 26.0000 -51.0000 6.9500
    endloop
  endfacet
  facet normal 0 0 1
    outer loop
      vertex 23.7500 -51.0000 6.9500
      vertex 26.0000 -51.0000 6.9500
      vertex 23.8023 -50.3352 6.9500
    endloop
  endfacet
  facet normal -0.99692 0.078428 0
    outer loop
      vertex 23.7500 -14.0000 0.0000
      vertex 23.7500 -14.0000 6.9500
      vertex 23.8023 -13.3352 6.9500
    endloop
  endfacet
  facet normal -0.99692 -0.078428 0
    outer loop
      vertex 23.7500 -14.0000 0.0000
      vertex 23.8023 -14.6648 0.0000
      vertex 23.7500 -14.0000 6.9500
    endloop
  endfacet
  facet normal -0.99692 0.078428 0
    outer loop
      vertex 23.7500 -14.0000 0.0000
      vertex 23.8023 -13.3352 6.9500
      vertex 23.8023 -13.3352 0.0000
    endloop
  endfacet
  facet normal -0.99692 -0.078428 0
    outer loop
      vertex 23.7500 -14.0000 6.9500
      vertex 23.8023 -14.6648 0.0000
      vertex 23.8023 -14.6648 6.9500
    endloop
  endfacet
  facet normal 0 0 1
    outer loop
      vertex 23.7500 -14.0000 6.9500
      vertex 23.8023 -14.6648 6.9500
      vertex 26.0000 -14.0000 6.9500
    endloop
  endfacet
  facet normal 0 0 1
    outer loop
      vertex 23.7500 -14.0000 6.9500
      vertex 26.0000 -14.0000 6.9500
      vertex 23.8023 -13.3352 6.9500
    endloop
  endfacet
  facet normal -0.972367 -0.233458 0
    outer loop
      vertex 23.8023 -51.6648 0.0000
      vertex 23.9580 -52.3133 0.0000
      vertex 23.8023 -51.6648 6.9500
    endloop
  endfacet
  facet normal -0.972367 -0.233458 0
    outer loop
      vertex 23.8023 -51.6648 6.9500
      vertex 23.9580 -52.3133 0.0000
      vertex 23.9580 -52.3133 6.9500
    endloop
  endfacet
  facet normal 0 0 1
    outer loop
      vertex 23.8023 -51.6648 6.9500
      vertex 23.9580 -52.3133 6.9500
      vertex 26.0246 -51.3129 6.9500
    endloop
  endfacet
  facet normal 0 0 1
    outer loop
      vertex 23.8023 -51.6648 6.9500
      vertex 26.0246 -51.3129 6.9500
      vertex 26.0000 -51.0000 6.9500
    endloop
  endfacet
  facet normal -0.972367 0.233458 0
    outer loop
      vertex 23.8023 -50.3352 0.0000
      vertex 23.8023 -50.3352 6.9500
      vertex 23.9580 -49.6867 6.9500
    endloop
  endfacet
  facet normal -0.972367 0.233458 0
    outer loop
      vertex 23.8023 -50.3352 0.0000
      vertex 23.9580 -49.6867 6.9500
      vertex 23.9580 -49.6867 0.0000
    endloop
  endfacet
  facet normal 0 0 1
    outer loop
      vertex 23.8023 -50.3352 6.9500
      vertex 26.0000 -51.0000 6.9500
      vertex 26.0246 -50.6871 6.9500
    endloop
  endfacet
  facet normal 0 0 1
    outer loop
      vertex 23.8023 -50.3352 6.9500
      vertex 26.0246 -50.6871 6.9500
      vertex 23.9580 -49.6867 6.9500
    endloop
  endfacet
  facet normal -0.972367 -0.233458 0
    outer loop
      vertex 23.8023 -14.6648 0.0000
      vertex 23.9580 -15.3133 0.0000
      vertex 23.8023 -14.6648 6.9500
    endloop
  endfacet
  facet normal -0.972367 -0.233458 0
    outer loop
      vertex 23.8023 -14.6648 6.9500
      vertex 23.9580 -15.3133 0.0000
      vertex 23.9580 -15.3133 6.9500
    endloop
  endfacet
  facet normal 0 0 1
    outer loop
      vertex 23.8023 -14.6648 6.9500
      vertex 23.9580 -15.3133 6.9500
      vertex 26.0246 -14.3129 6.9500
    endloop
  endfacet
  facet normal 0 0 1
    outer loop
      vertex 23.8023 -14.6648 6.9500
      vertex 26.0246 -14.3129 6.9500
      vertex 26.0000 -14.0000 6.9500
    endloop
  endfacet
  facet normal -0.972367 0.233458 0
    outer loop
      vertex 23.8023 -13.3352 0.0000
      vertex 23.8023 -13.3352 6.9500
      vertex 23.9580 -12.6867 6.9500
    endloop
  endfacet
  facet normal -0.972367 0.233458 0
    outer loop
      vertex 23.8023 -13.3352 0.0000
      vertex 23.9580 -12.6867 6.9500
      vertex 23.9580 -12.6867 0.0000
    endloop
  endfacet
  facet normal 0 0 1
    outer loop
      vertex 23.8023 -13.3352 6.9500
      vertex 26.0000 -14.0000 6.9500
      vertex 26.0246 -13.6871 6.9500
    endloop
  endfacet
  facet normal 0 0 1
    outer loop
      vertex 23.8023 -13.3352 6.9500
      vertex 26.0246 -13.6871 6.9500
      vertex 23.9580 -12.6867 6.9500
    endloop
  endfacet
  facet normal -0.9239 -0.382634 0
    outer loop
      vertex 23.9580 -52.3133 0.0000
      vertex 24.2132 -52.9295 0.0000
      vertex 23.9580 -52.3133 6.9500
    endloop
  endfacet
  facet normal -0.9239 -0.382634 0
    outer loop
      vertex 23.9580 -52.3133 6.9500
      vertex 24.2132 -52.9295 0.0000
      vertex 24.2132 -52.9295 6.9500
    endloop
  endfacet
  facet normal 0 0 1
    outer loop
      vertex 23.9580 -52.3133 6.9500
      vertex 24.2132 -52.9295 6.9500
      vertex 26.0979 -51.6180 6.9500
    endloop
  endfacet
  facet normal 0 0 1
    outer loop
      vertex 23.9580 -52.3133 6.9500
      vertex 26.0979 -51.6180 6.9500
      vertex 26.0246 -51.3129 6.9500
    endloop
  endfacet
  facet normal -0.9239 0.382634 0
    outer loop
      vertex 23.9580 -49.6867 0.0000
      vertex 23.9580 -49.6867 6.9500
      vertex 24.2132 -49.0705 6.9500
    endloop
  endfacet
  facet normal -0.9239 0.382634 0
    outer loop
      vertex 23.9580 -49.6867 0.0000
      vertex 24.2132 -49.0705 6.9500
      vertex 24.2132 -49.0705 0.0000
    endloop
  endfacet
  facet normal 0 0 1
    outer loop
      vertex 23.9580 -49.6867 6.9500
      vertex 26.0246 -50.6871 6.9500
      vertex 26.0979 -50.3820 6.9500
    endloop
  endfacet
  facet normal 0 0 1
    outer loop
      vertex 23.9580 -49.6867 6.9500
      vertex 26.0979 -50.3820 6.9500
      vertex 24.2132 -49.0705 6.9500
    endloop
  endfacet
  facet normal -0.9239 -0.382634 0
    outer loop
      vertex 23.9580 -15.3133 0.0000
      vertex 24.2132 -15.9295 0.0000
      vertex 23.9580 -15.3133 6.9500
    endloop
  endfacet
  facet normal -0.9239 -0.382634 0
    outer loop
      vertex 23.9580 -15.3133 6.9500
      vertex 24.2132 -15.9295 0.0000
      vertex 24.2132 -15.9295 6.9500
    endloop
  endfacet
  facet normal 0 0 1
    outer loop
      vertex 23.9580 -15.3133 6.9500
      vertex 24.2132 -15.9295 6.9500
      vertex 26.0979 -14.6180 6.9500
    endloop
  endfacet
  facet normal 0 0 1
    outer loop
      vertex 23.9580 -15.3133 6.9500
      vertex 26.0979 -14.6180 6.9500
      vertex 26.0246 -14.3129 6.9500
    endloop
  endfacet
  facet normal -0.9239 0.382634 0
    outer loop
      vertex 23.9580 -12.6867 0.0000
      vertex 23.9580 -12.6867 6.9500
      vertex 24.2132 -12.0705 6.9500
    endloop
  endfacet
  facet normal -0.9239 0.382634 0
    outer loop
      vertex 23.9580 -12.6867 0.0000
      vertex 24.2132 -12.0705 6.9500
      vertex 24.2132 -12.0705 0.0000
    endloop
  endfacet
  facet normal 0 0 1
    outer loop
      vertex 23.9580 -12.6867 6.9500
      vertex 26.0246 -13.6871 6.9500
      vertex 26.0979 -13.3820 6.9500
    endloop
  endfacet
  facet normal 0 0 1
    outer loop
      vertex 23.9580 -12.6867 6.9500
      vertex 26.0979 -13.3820 6.9500
      vertex 24.2132 -12.0705 6.9500
    endloop
  endfacet
  facet normal -0.852599 -0.522566 0
    outer loop
      vertex 24.2132 -52.9295 0.0000
      vertex 24.5617 -53.4981 0.0000
      vertex 24.2132 -52.9295 6.9500
    endloop
  endfacet
  facet normal -0.852599 -0.522566 0
    outer loop
      vertex 24.2132 -52.9295 6.9500
      vertex 24.5617 -53.4981 0.0000
      vertex 24.5617 -53.4981 6.9500
    endloop
  endfacet
  facet normal 0 0 1
    outer loop
      vertex 24.2132 -52.9295 6.9500
      vertex 24.5617 -53.4981 6.9500
      vertex 26.2180 -51.9080 6.9500
    endloop
  endfacet
  facet normal 0 0 1
    outer loop
      vertex 24.2132 -52.9295 6.9500
      vertex 26.2180 -51.9080 6.9500
      vertex 26.0979 -51.6180 6.9500
    endloop
  endfacet
  facet normal -0.852599 0.522566 0
    outer loop
      vertex 24.2132 -49.0705 0.0000
      vertex 24.2132 -49.0705 6.9500
      vertex 24.5617 -48.5019 6.9500
    endloop
  endfacet
  facet normal -0.852599 0.522566 0
    outer loop
      vertex 24.2132 -49.0705 0.0000
      vertex 24.5617 -48.5019 6.9500
      vertex 24.5617 -48.5019 0.0000
    endloop
  endfacet
  facet normal 0 0 1
    outer loop
      vertex 24.2132 -49.0705 6.9500
      vertex 26.0979 -50.3820 6.9500
      vertex 26.2180 -50.0920 6.9500
    endloop
  endfacet
  facet normal 0 0 1
    outer loop
      vertex 24.2132 -49.0705 6.9500
      vertex 26.2180 -50.0920 6.9500
      vertex 24.5617 -48.5019 6.9500
    endloop
  endfacet
  facet normal -0.852599 -0.522566 0
    outer loop
      vertex 24.2132 -15.9295 0.0000
      vertex 24.5617 -16.4981 0.0000
      vertex 24.2132 -15.9295 6.9500
    endloop
  endfacet
  facet normal -0.852599 -0.522566 0
    outer loop
      vertex 24.2132 -15.9295 6.9500
      vertex 24.5617 -16.4981 0.0000
      vertex 24.5617 -16.4981 6.9500
    endloop
  endfacet
  facet normal 0 0 1
    outer loop
      vertex 24.2132 -15.9295 6.9500
      vertex 24.5617 -16.4981 6.9500
      vertex 26.2180 -14.9080 6.9500
    endloop
  endfacet
  facet normal 0 0 1
    outer loop
      vertex 24.2132 -15.9295 6.9500
      vertex 26.2180 -14.9080 6.9500
      vertex 26.0979 -14.6180 6.9500
    endloop
  endfacet
  facet normal -0.852599 0.522566 0
    outer loop
      vertex 24.2132 -12.0705 0.0000
      vertex 24.2132 -12.0705 6.9500
      vertex 24.5617 -11.5019 6.9500
    endloop
  endfacet
  facet normal -0.852599 0.522566 0
    outer loop
      vertex 24.2132 -12.0705 0.0000
      vertex 24.5617 -11.5019 6.9500
      vertex 24.5617 -11.5019 0.0000
    endloop
  endfacet
  facet normal 0 0 1
    outer loop
      vertex 24.2132 -12.0705 6.9500
      vertex 26.0979 -13.3820 6.9500
      vertex 26.2180 -13.0920 6.9500
    endloop
  endfacet
  facet normal 0 0 1
    outer loop
      vertex 24.2132 -12.0705 6.9500
      vertex 26.2180 -13.0920 6.9500
      vertex 24.5617 -11.5019 6.9500
    endloop
  endfacet
  facet normal -0.760409 -0.649444 0
    outer loop
      vertex 24.5617 -53.4981 0.0000
      vertex 24.9948 -54.0052 0.0000
      vertex 24.5617 -53.4981 6.9500
    endloop
  endfacet
  facet normal -0.760409 -0.649444 0
    outer loop
      vertex 24.5617 -53.4981 6.9500
      vertex 24.9948 -54.0052 0.0000
      vertex 24.9948 -54.0052 6.9500
    endloop
  endfacet
  facet normal 0 0 1
    outer loop
      vertex 24.5617 -53.4981 6.9500
      vertex 24.9948 -54.0052 6.9500
      vertex 26.3820 -52.1756 6.9500
    endloop
  endfacet
  facet normal 0 0 1
    outer loop
      vertex 24.5617 -53.4981 6.9500
      vertex 26.3820 -52.1756 6.9500
      vertex 26.2180 -51.9080 6.9500
    endloop
  endfacet
  facet normal -0.760409 0.649444 0
    outer loop
      vertex 24.5617 -48.5019 0.0000
      vertex 24.5617 -48.5019 6.9500
      vertex 24.9948 -47.9948 6.9500
    endloop
  endfacet
  facet normal -0.760409 0.649444 0
    outer loop
      vertex 24.5617 -48.5019 0.0000
      vertex 24.9948 -47.9948 6.9500
      vertex 24.9948 -47.9948 0.0000
    endloop
  endfacet
  facet normal 0 0 1
    outer loop
      vertex 24.5617 -48.5019 6.9500
      vertex 26.2180 -50.0920 6.9500
      vertex 26.3820 -49.8244 6.9500
    endloop
  endfacet
  facet normal 0 0 1
    outer loop
      vertex 24.5617 -48.5019 6.9500
      vertex 26.3820 -49.8244 6.9500
      vertex 24.9948 -47.9948 6.9500
    endloop
  endfacet
  facet normal -0.760409 -0.649444 0
    outer loop
      vertex 24.5617 -16.4981 0.0000
      vertex 24.9948 -17.0052 0.0000
      vertex 24.5617 -16.4981 6.9500
    endloop
  endfacet
  facet normal -0.760409 -0.649444 0
    outer loop
      vertex 24.5617 -16.4981 6.9500
      vertex 24.9948 -17.0052 0.0000
      vertex 24.9948 -17.0052 6.9500
    endloop
  endfacet
  facet normal 0 0 1
    outer loop
      vertex 24.5617 -16.4981 6.9500
      vertex 24.9948 -17.0052 6.9500
      vertex 26.3820 -15.1756 6.9500
    endloop
  endfacet
  facet normal 0 0 1
    outer loop
      vertex 24.5617 -16.4981 6.9500
      vertex 26.3820 -15.1756 6.9500
      vertex 26.2180 -14.9080 6.9500
    endloop
  endfacet
  facet normal -0.760409 0.649444 0
    outer loop
      vertex 24.5617 -11.5019 0.0000
      vertex 24.5617 -11.5019 6.9500
      vertex 24.9948 -10.9948 6.9500
    endloop
  endfacet
  facet normal -0.760409 0.649444 0
    outer loop
      vertex 24.5617 -11.5019 0.0000
      vertex 24.9948 -10.9948 6.9500
      vertex 24.9948 -10.9948 0.0000
    endloop
  endfacet
  facet normal 0 0 1
    outer loop
      vertex 24.5617 -11.5019 6.9500
      vertex 26.2180 -13.0920 6.9500
      vertex 26.3820 -12.8244 6.9500
    endloop
  endfacet
  facet normal 0 0 1
    outer loop
      vertex 24.5617 -11.5019 6.9500
      vertex 26.3820 -12.8244 6.9500
      vertex 24.9948 -10.9948 6.9500
    endloop
  endfacet
  facet normal -0.649444 -0.760409 0
    outer loop
      vertex 24.9948 -54.0052 0.0000
      vertex 25.5019 -54.4383 0.0000
      vertex 25.5019 -54.4383 6.9500
    endloop
  endfacet
  facet normal -0.649444 -0.760409 0
    outer loop
      vertex 24.9948 -54.0052 0.0000
      vertex 25.5019 -54.4383 6.9500
      vertex 24.9948 -54.0052 6.9500
    endloop
  endfacet
  facet normal 0 0 1
    outer loop
      vertex 24.9948 -54.0052 6.9500
      vertex 25.5019 -54.4383 6.9500
      vertex 26.5858 -52.4142 6.9500
    endloop
  endfacet
  facet normal 0 0 1
    outer loop
      vertex 24.9948 -54.0052 6.9500
      vertex 26.5858 -52.4142 6.9500
      vertex 26.3820 -52.1756 6.9500
    endloop
  endfacet
  facet normal -0.649444 0.760409 0
    outer loop
      vertex 24.9948 -47.9948 0.0000
      vertex 24.9948 -47.9948 6.9500
      vertex 25.5019 -47.5617 0.0000
    endloop
  endfacet
  facet normal -0.649444 0.760409 0
    outer loop
      vertex 24.9948 -47.9948 6.9500
      vertex 25.5019 -47.5617 6.9500
      vertex 25.5019 -47.5617 0.0000
    endloop
  endfacet
  facet normal 0 0 1
    outer loop
      vertex 24.9948 -47.9948 6.9500
      vertex 26.3820 -49.8244 6.9500
      vertex 26.5858 -49.5858 6.9500
    endloop
  endfacet
  facet normal 0 0 1
    outer loop
      vertex 24.9948 -47.9948 6.9500
      vertex 26.5858 -49.5858 6.9500
      vertex 25.5019 -47.5617 6.9500
    endloop
  endfacet
  facet normal -0.649444 -0.760409 0
    outer loop
      vertex 24.9948 -17.0052 0.0000
      vertex 25.5019 -17.4383 0.0000
      vertex 25.5019 -17.4383 6.9500
    endloop
  endfacet
  facet normal -0.649444 -0.760409 0
    outer loop
      vertex 24.9948 -17.0052 0.0000
      vertex 25.5019 -17.4383 6.9500
      vertex 24.9948 -17.0052 6.9500
    endloop
  endfacet
  facet normal 0 0 1
    outer loop
      vertex 24.9948 -17.0052 6.9500
      vertex 25.5019 -17.4383 6.9500
      vertex 26.5858 -15.4142 6.9500
    endloop
  endfacet
  facet normal 0 0 1
    outer loop
      vertex 24.9948 -17.0052 6.9500
      vertex 26.5858 -15.4142 6.9500
      vertex 26.3820 -15.1756 6.9500
    endloop
  endfacet
  facet normal -0.649444 0.760409 0
    outer loop
      vertex 24.9948 -10.9948 0.0000
      vertex 24.9948 -10.9948 6.9500
      vertex 25.5019 -10.5617 0.0000
    endloop
  endfacet
  facet normal -0.649444 0.760409 0
    outer loop
      vertex 24.9948 -10.9948 6.9500
      vertex 25.5019 -10.5617 6.9500
      vertex 25.5019 -10.5617 0.0000
    endloop
  endfacet
  facet normal 0 0 1
    outer loop
      vertex 24.9948 -10.9948 6.9500
      vertex 26.3820 -12.8244 6.9500
      vertex 26.5858 -12.5858 6.9500
    endloop
  endfacet
  facet normal 0 0 1
    outer loop
      vertex 24.9948 -10.9948 6.9500
      vertex 26.5858 -12.5858 6.9500
      vertex 25.5019 -10.5617 6.9500
    endloop
  endfacet
  facet normal -0.522566 -0.852599 0
    outer loop
      vertex 25.5019 -54.4383 0.0000
      vertex 26.0705 -54.7868 0.0000
      vertex 26.0705 -54.7868 6.9500
    endloop
  endfacet
  facet normal -0.522566 -0.852599 0
    outer loop
      vertex 25.5019 -54.4383 0.0000
      vertex 26.0705 -54.7868 6.9500
      vertex 25.5019 -54.4383 6.9500
    endloop
  endfacet
  facet normal 0 0 1
    outer loop
      vertex 25.5019 -54.4383 6.9500
      vertex 26.0705 -54.7868 6.9500
      vertex 26.8244 -52.6180 6.9500
    endloop
  endfacet
  facet normal 0 0 1
    outer loop
      vertex 25.5019 -54.4383 6.9500
      vertex 26.8244 -52.6180 6.9500
      vertex 26.5858 -52.4142 6.9500
    endloop
  endfacet
  facet normal -0.522566 0.852599 0
    outer loop
      vertex 25.5019 -47.5617 0.0000
      vertex 25.5019 -47.5617 6.9500
      vertex 26.0705 -47.2132 0.0000
    endloop
  endfacet
  facet normal -0.522566 0.852599 0
    outer loop
      vertex 25.5019 -47.5617 6.9500
      vertex 26.0705 -47.2132 6.9500
      vertex 26.0705 -47.2132 0.0000
    endloop
  endfacet
  facet normal 0 0 1
    outer loop
      vertex 25.5019 -47.5617 6.9500
      vertex 26.5858 -49.5858 6.9500
      vertex 26.8244 -49.3820 6.9500
    endloop
  endfacet
  facet normal 0 0 1
    outer loop
      vertex 25.5019 -47.5617 6.9500
      vertex 26.8244 -49.3820 6.9500
      vertex 26.0705 -47.2132 6.9500
    endloop
  endfacet
  facet normal -0.522566 -0.852599 0
    outer loop
      vertex 25.5019 -17.4383 0.0000
      vertex 26.0705 -17.7868 0.0000
      vertex 26.0705 -17.7868 6.9500
    endloop
  endfacet
  facet normal -0.522566 -0.852599 0
    outer loop
      vertex 25.5019 -17.4383 0.0000
      vertex 26.0705 -17.7868 6.9500
      vertex 25.5019 -17.4383 6.9500
    endloop
  endfacet
  facet normal 0 0 1
    outer loop
      vertex 25.5019 -17.4383 6.9500
      vertex 26.0705 -17.7868 6.9500
      vertex 26.8244 -15.6180 6.9500
    endloop
  endfacet
  facet normal 0 0 1
    outer loop
      vertex 25.5019 -17.4383 6.9500
      vertex 26.8244 -15.6180 6.9500
      vertex 26.5858 -15.4142 6.9500
    endloop
  endfacet
  facet normal -0.522566 0.852599 0
    outer loop
      vertex 25.5019 -10.5617 0.0000
      vertex 25.5019 -10.5617 6.9500
      vertex 26.0705 -10.2132 0.0000
    endloop
  endfacet
  facet normal -0.522566 0.852599 0
    outer loop
      vertex 25.5019 -10.5617 6.9500
      vertex 26.0705 -10.2132 6.9500
      vertex 26.0705 -10.2132 0.0000
    endloop
  endfacet
  facet normal 0 0 1
    outer loop
      vertex 25.5019 -10.5617 6.9500
      vertex 26.5858 -12.5858 6.9500
      vertex 26.8244 -12.3820 6.9500
    endloop
  endfacet
  facet normal 0 0 1
    outer loop
      vertex 25.5019 -10.5617 6.9500
      vertex 26.8244 -12.3820 6.9500
      vertex 26.0705 -10.2132 6.9500
    endloop
  endfacet
  facet normal 0.996924 0.078378 0
    outer loop
      vertex 26.0000 -51.0000 1.4000
      vertex 26.0000 -51.0000 6.9500
      vertex 26.0246 -51.3129 6.9500
    endloop
  endfacet
  facet normal 0 0 1
    outer loop
      vertex 26.0000 -51.0000 1.4000
      vertex 26.0246 -51.3129 1.4000
      vertex 26.4000 -51.0000 1.4000
    endloop
  endfacet
  facet normal 0.996924 0.078378 0
    outer loop
      vertex 26.0000 -51.0000 1.4000
      vertex 26.0246 -51.3129 6.9500
      vertex 26.0246 -51.3129 1.4000
    endloop
  endfacet
  facet normal 0.996924 -0.078378 0
    outer loop
      vertex 26.0000 -51.0000 1.4000
      vertex 26.0246 -50.6871 1.4000
      vertex 26.0000 -51.0000 6.9500
    endloop
  endfacet
  facet normal 0 0 1
    outer loop
      vertex 26.0000 -51.0000 1.4000
      vertex 26.4000 -51.0000 1.4000
      vertex 26.0246 -50.6871 1.4000
    endloop
  endfacet
  facet normal 0.996924 -0.078378 0
    outer loop
      vertex 26.0000 -51.0000 6.9500
      vertex 26.0246 -50.6871 1.4000
      vertex 26.0246 -50.6871 6.9500
    endloop
  endfacet
  facet normal 0.996924 0.078378 0
    outer loop
      vertex 26.0000 -14.0000 1.4000
      vertex 26.0000 -14.0000 6.9500
      vertex 26.0246 -14.3129 6.9500
    endloop
  endfacet
  facet normal 0 0 1
    outer loop
      vertex 26.0000 -14.0000 1.4000
      vertex 26.0246 -14.3129 1.4000
      vertex 26.4000 -14.0000 1.4000
    endloop
  endfacet
  facet normal 0.996924 0.078378 0
    outer loop
      vertex 26.0000 -14.0000 1.4000
      vertex 26.0246 -14.3129 6.9500
      vertex 26.0246 -14.3129 1.4000
    endloop
  endfacet
  facet normal 0.996924 -0.078378 0
    outer loop
      vertex 26.0000 -14.0000 1.4000
      vertex 26.0246 -13.6871 1.4000
      vertex 26.0000 -14.0000 6.9500
    endloop
  endfacet
  facet normal 0 0 1
    outer loop
      vertex 26.0000 -14.0000 1.4000
      vertex 26.4000 -14.0000 1.4000
      vertex 26.0246 -13.6871 1.4000
    endloop
  endfacet
  facet normal 0.996924 -0.078378 0
    outer loop
      vertex 26.0000 -14.0000 6.9500
      vertex 26.0246 -13.6871 1.4000
      vertex 26.0246 -13.6871 6.9500
    endloop
  endfacet
  facet normal 0.972332 0.233602 0
    outer loop
      vertex 26.0246 -51.3129 1.4000
      vertex 26.0246 -51.3129 6.9500
      vertex 26.0979 -51.6180 6.9500
    endloop
  endfacet
  facet normal 0 0 1
    outer loop
      vertex 26.0246 -51.3129 1.4000
      vertex 26.0979 -51.6180 1.4000
      vertex 26.4350 -51.3327 1.4000
    endloop
  endfacet
  facet normal 0.972332 0.233602 0
    outer loop
      vertex 26.0246 -51.3129 1.4000
      vertex 26.0979 -51.6180 6.9500
      vertex 26.0979 -51.6180 1.4000
    endloop
  endfacet
  facet normal 0 0 1
    outer loop
      vertex 26.0246 -51.3129 1.4000
      vertex 26.4350 -51.3327 1.4000
      vertex 26.4000 -51.0000 1.4000
    endloop
  endfacet
  facet normal 0.972332 -0.233602 0
    outer loop
      vertex 26.0246 -50.6871 1.4000
      vertex 26.0979 -50.3820 1.4000
      vertex 26.0246 -50.6871 6.9500
    endloop
  endfacet
  facet normal 0 0 1
    outer loop
      vertex 26.0246 -50.6871 1.4000
      vertex 26.4000 -51.0000 1.4000
      vertex 26.4350 -50.6673 1.4000
    endloop
  endfacet
  facet normal 0 0 1
    outer loop
      vertex 26.0246 -50.6871 1.4000
      vertex 26.4350 -50.6673 1.4000
      vertex 26.0979 -50.3820 1.4000
    endloop
  endfacet
  facet normal 0.972332 -0.233602 0
    outer loop
      vertex 26.0246 -50.6871 6.9500
      vertex 26.0979 -50.3820 1.4000
      vertex 26.0979 -50.3820 6.9500
    endloop
  endfacet
  facet normal 0.972332 0.233602 0
    outer loop
      vertex 26.0246 -14.3129 1.4000
      vertex 26.0246 -14.3129 6.9500
      vertex 26.0979 -14.6180 6.9500
    endloop
  endfacet
  facet normal 0 0 1
    outer loop
      vertex 26.0246 -14.3129 1.4000
      vertex 26.0979 -14.6180 1.4000
      vertex 26.4350 -14.3327 1.4000
    endloop
  endfacet
  facet normal 0.972332 0.233602 0
    outer loop
      vertex 26.0246 -14.3129 1.4000
      vertex 26.0979 -14.6180 6.9500
      vertex 26.0979 -14.6180 1.4000
    endloop
  endfacet
  facet normal 0 0 1
    outer loop
      vertex 26.0246 -14.3129 1.4000
      vertex 26.4350 -14.3327 1.4000
      vertex 26.4000 -14.0000 1.4000
    endloop
  endfacet
  facet normal 0.972332 -0.233602 0
    outer loop
      vertex 26.0246 -13.6871 1.4000
      vertex 26.0979 -13.3820 1.4000
      vertex 26.0246 -13.6871 6.9500
    endloop
  endfacet
  facet normal 0 0 1
    outer loop
      vertex 26.0246 -13.6871 1.4000
      vertex 26.4000 -14.0000 1.4000
      vertex 26.4350 -13.6673 1.4000
    endloop
  endfacet
  facet normal 0 0 1
    outer loop
      vertex 26.0246 -13.6871 1.4000
      vertex 26.4350 -13.6673 1.4000
      vertex 26.0979 -13.3820 1.4000
    endloop
  endfacet
  facet normal 0.972332 -0.233602 0
    outer loop
      vertex 26.0246 -13.6871 6.9500
      vertex 26.0979 -13.3820 1.4000
      vertex 26.0979 -13.3820 6.9500
    endloop
  endfacet
  facet normal -0.382634 -0.9239 0
    outer loop
      vertex 26.0705 -54.7868 0.0000
      vertex 26.6867 -55.0420 0.0000
      vertex 26.6867 -55.0420 6.9500
    endloop
  endfacet
  facet normal -0.382634 -0.9239 0
    outer loop
      vertex 26.0705 -54.7868 0.0000
      vertex 26.6867 -55.0420 6.9500
      vertex 26.0705 -54.7868 6.9500
    endloop
  endfacet
  facet normal 0 0 1
    outer loop
      vertex 26.0705 -54.7868 6.9500
      vertex 26.6867 -55.0420 6.9500
      vertex 27.0920 -52.7820 6.9500
    endloop
  endfacet
  facet normal 0 0 1
    outer loop
      vertex 26.0705 -54.7868 6.9500
      vertex 27.0920 -52.7820 6.9500
      vertex 26.8244 -52.6180 6.9500
    endloop
  endfacet
  facet normal -0.382634 0.9239 0
    outer loop
      vertex 26.0705 -47.2132 0.0000
      vertex 26.0705 -47.2132 6.9500
      vertex 26.6867 -46.9580 0.0000
    endloop
  endfacet
  facet normal 0 0 1
    outer loop
      vertex 26.0705 -47.2132 0.0000
      vertex 26.6867 -46.9580 0.0000
      vertex 26.0705 -17.7868 0.0000
    endloop
  endfacet
  facet normal -0.382634 0.9239 0
    outer loop
      vertex 26.0705 -47.2132 6.9500
      vertex 26.6867 -46.9580 6.9500
      vertex 26.6867 -46.9580 0.0000
    endloop
  endfacet
  facet normal 0 0 1
    outer loop
      vertex 26.0705 -47.2132 6.9500
      vertex 26.8244 -49.3820 6.9500
      vertex 27.0920 -49.2180 6.9500
    endloop
  endfacet
  facet normal 0 0 1
    outer loop
      vertex 26.0705 -47.2132 6.9500
      vertex 27.0920 -49.2180 6.9500
      vertex 26.6867 -46.9580 6.9500
    endloop
  endfacet
  facet normal 0 0 1
    outer loop
      vertex 26.0705 -17.7868 0.0000
      vertex 26.6867 -46.9580 0.0000
      vertex 26.6867 -18.0420 0.0000
    endloop
  endfacet
  facet normal -0.382634 -0.9239 0
    outer loop
      vertex 26.0705 -17.7868 0.0000
      vertex 26.6867 -18.0420 0.0000
      vertex 26.6867 -18.0420 6.9500
    endloop
  endfacet
  facet normal -0.382634 -0.9239 0
    outer loop
      vertex 26.0705 -17.7868 0.0000
      vertex 26.6867 -18.0420 6.9500
      vertex 26.0705 -17.7868 6.9500
    endloop
  endfacet
  facet normal 0 0 1
    outer loop
      vertex 26.0705 -17.7868 6.9500
      vertex 26.6867 -18.0420 6.9500
      vertex 27.0920 -15.7820 6.9500
    endloop
  endfacet
  facet normal 0 0 1
    outer loop
      vertex 26.0705 -17.7868 6.9500
      vertex 27.0920 -15.7820 6.9500
      vertex 26.8244 -15.6180 6.9500
    endloop
  endfacet
  facet normal -0.382634 0.9239 0
    outer loop
      vertex 26.0705 -10.2132 0.0000
      vertex 26.0705 -10.2132 6.9500
      vertex 26.6867 -9.9580 0.0000
    endloop
  endfacet
  facet normal 0 0 1
    outer loop
      vertex 26.0705 -10.2132 0.0000
      vertex 26.6867 -9.9580 0.0000
      vertex 33.6000 23.3000 0.0000
    endloop
  endfacet
  facet normal -0.382634 0.9239 0
    outer loop
      vertex 26.0705 -10.2132 6.9500
      vertex 26.6867 -9.9580 6.9500
      vertex 26.6867 -9.9580 0.0000
    endloop
  endfacet
  facet normal 0 0 1
    outer loop
      vertex 26.0705 -10.2132 6.9500
      vertex 26.8244 -12.3820 6.9500
      vertex 27.0920 -12.2180 6.9500
    endloop
  endfacet
  facet normal 0 0 1
    outer loop
      vertex 26.0705 -10.2132 6.9500
      vertex 27.0920 -12.2180 6.9500
      vertex 26.6867 -9.9580 6.9500
    endloop
  endfacet
  facet normal 0.923904 0.382624 0
    outer loop
      vertex 26.0979 -51.6180 1.4000
      vertex 26.0979 -51.6180 6.9500
      vertex 26.2180 -51.9080 6.9500
    endloop
  endfacet
  facet normal 0 0 1
    outer loop
      vertex 26.0979 -51.6180 1.4000
      vertex 26.2180 -51.9080 1.4000
      vertex 26.5383 -51.6508 1.4000
    endloop
  endfacet
  facet normal 0.923904 0.382624 0
    outer loop
      vertex 26.0979 -51.6180 1.4000
      vertex 26.2180 -51.9080 6.9500
      vertex 26.2180 -51.9080 1.4000
    endloop
  endfacet
  facet normal 0 0 1
    outer loop
      vertex 26.0979 -51.6180 1.4000
      vertex 26.5383 -51.6508 1.4000
      vertex 26.4350 -51.3327 1.4000
    endloop
  endfacet
  facet normal 0.923904 -0.382624 0
    outer loop
      vertex 26.0979 -50.3820 1.4000
      vertex 26.2180 -50.0920 1.4000
      vertex 26.0979 -50.3820 6.9500
    endloop
  endfacet
  facet normal 0 0 1
    outer loop
      vertex 26.0979 -50.3820 1.4000
      vertex 26.4350 -50.6673 1.4000
      vertex 26.5383 -50.3492 1.4000
    endloop
  endfacet
  facet normal 0 0 1
    outer loop
      vertex 26.0979 -50.3820 1.4000
      vertex 26.5383 -50.3492 1.4000
      vertex 26.2180 -50.0920 1.4000
    endloop
  endfacet
  facet normal 0.923904 -0.382624 0
    outer loop
      vertex 26.0979 -50.3820 6.9500
      vertex 26.2180 -50.0920 1.4000
      vertex 26.2180 -50.0920 6.9500
    endloop
  endfacet
  facet normal 0.923904 0.382624 0
    outer loop
      vertex 26.0979 -14.6180 1.4000
      vertex 26.0979 -14.6180 6.9500
      vertex 26.2180 -14.9080 6.9500
    endloop
  endfacet
  facet normal 0 0 1
    outer loop
      vertex 26.0979 -14.6180 1.4000
      vertex 26.2180 -14.9080 1.4000
      vertex 26.5383 -14.6508 1.4000
    endloop
  endfacet
  facet normal 0.923904 0.382624 0
    outer loop
      vertex 26.0979 -14.6180 1.4000
      vertex 26.2180 -14.9080 6.9500
      vertex 26.2180 -14.9080 1.4000
    endloop
  endfacet
  facet normal 0 0 1
    outer loop
      vertex 26.0979 -14.6180 1.4000
      vertex 26.5383 -14.6508 1.4000
      vertex 26.4350 -14.3327 1.4000
    endloop
  endfacet
  facet normal 0.923904 -0.382624 0
    outer loop
      vertex 26.0979 -13.3820 1.4000
      vertex 26.2180 -13.0920 1.4000
      vertex 26.0979 -13.3820 6.9500
    endloop
  endfacet
  facet normal 0 0 1
    outer loop
      vertex 26.0979 -13.3820 1.4000
      vertex 26.4350 -13.6673 1.4000
      vertex 26.5383 -13.3492 1.4000
    endloop
  endfacet
  facet normal 0 0 1
    outer loop
      vertex 26.0979 -13.3820 1.4000
      vertex 26.5383 -13.3492 1.4000
      vertex 26.2180 -13.0920 1.4000
    endloop
  endfacet
  facet normal 0.923904 -0.382624 0
    outer loop
      vertex 26.0979 -13.3820 6.9500
      vertex 26.2180 -13.0920 1.4000
      vertex 26.2180 -13.0920 6.9500
    endloop
  endfacet
  facet normal 0.85262 0.522532 0
    outer loop
      vertex 26.2180 -51.9080 1.4000
      vertex 26.2180 -51.9080 6.9500
      vertex 26.3820 -52.1756 6.9500
    endloop
  endfacet
  facet normal 0 0 1
    outer loop
      vertex 26.2180 -51.9080 1.4000
      vertex 26.3820 -52.1756 1.4000
      vertex 26.7056 -51.9405 1.4000
    endloop
  endfacet
  facet normal 0.85262 0.522532 0
    outer loop
      vertex 26.2180 -51.9080 1.4000
      vertex 26.3820 -52.1756 6.9500
      vertex 26.3820 -52.1756 1.4000
    endloop
  endfacet
  facet normal 0 0 1
    outer loop
      vertex 26.2180 -51.9080 1.4000
      vertex 26.7056 -51.9405 1.4000
      vertex 26.5383 -51.6508 1.4000
    endloop
  endfacet
  facet normal 0.85262 -0.522532 0
    outer loop
      vertex 26.2180 -50.0920 1.4000
      vertex 26.3820 -49.8244 1.4000
      vertex 26.2180 -50.0920 6.9500
    endloop
  endfacet
  facet normal 0 0 1
    outer loop
      vertex 26.2180 -50.0920 1.4000
      vertex 26.5383 -50.3492 1.4000
      vertex 26.7056 -50.0595 1.4000
    endloop
  endfacet
  facet normal 0 0 1
    outer loop
      vertex 26.2180 -50.0920 1.4000
      vertex 26.7056 -50.0595 1.4000
      vertex 26.3820 -49.8244 1.4000
    endloop
  endfacet
  facet normal 0.85262 -0.522532 0
    outer loop
      vertex 26.2180 -50.0920 6.9500
      vertex 26.3820 -49.8244 1.4000
      vertex 26.3820 -49.8244 6.9500
    endloop
  endfacet
  facet normal 0.85262 0.522532 0
    outer loop
      vertex 26.2180 -14.9080 1.4000
      vertex 26.2180 -14.9080 6.9500
      vertex 26.3820 -15.1756 6.9500
    endloop
  endfacet
  facet normal 0 0 1
    outer loop
      vertex 26.2180 -14.9080 1.4000
      vertex 26.3820 -15.1756 1.4000
      vertex 26.7056 -14.9405 1.4000
    endloop
  endfacet
  facet normal 0.85262 0.522532 0
    outer loop
      vertex 26.2180 -14.9080 1.4000
      vertex 26.3820 -15.1756 6.9500
      vertex 26.3820 -15.1756 1.4000
    endloop
  endfacet
  facet normal 0 0 1
    outer loop
      vertex 26.2180 -14.9080 1.4000
      vertex 26.7056 -14.9405 1.4000
      vertex 26.5383 -14.6508 1.4000
    endloop
  endfacet
  facet normal 0.85262 -0.522532 0
    outer loop
      vertex 26.2180 -13.0920 1.4000
      vertex 26.3820 -12.8244 1.4000
      vertex 26.2180 -13.0920 6.9500
    endloop
  endfacet
  facet normal 0 0 1
    outer loop
      vertex 26.2180 -13.0920 1.4000
      vertex 26.5383 -13.3492 1.4000
      vertex 26.7056 -13.0595 1.4000
    endloop
  endfacet
  facet normal 0 0 1
    outer loop
      vertex 26.2180 -13.0920 1.4000
      vertex 26.7056 -13.0595 1.4000
      vertex 26.3820 -12.8244 1.4000
    endloop
  endfacet
  facet normal 0.85262 -0.522532 0
    outer loop
      vertex 26.2180 -13.0920 6.9500
      vertex 26.3820 -12.8244 1.4000
      vertex 26.3820 -12.8244 6.9500
    endloop
  endfacet
  facet normal 0.76038 0.649478 0
    outer loop
      vertex 26.3820 -52.1756 1.4000
      vertex 26.3820 -52.1756 6.9500
      vertex 26.5858 -52.4142 6.9500
    endloop
  endfacet
  facet normal 0 0 1
    outer loop
      vertex 26.3820 -52.1756 1.4000
      vertex 26.5858 -52.4142 1.4000
      vertex 26.7056 -51.9405 1.4000
    endloop
  endfacet
  facet normal 0.76038 0.649478 0
    outer loop
      vertex 26.3820 -52.1756 1.4000
      vertex 26.5858 -52.4142 6.9500
      vertex 26.5858 -52.4142 1.4000
    endloop
  endfacet
  facet normal 0.76038 -0.649478 0
    outer loop
      vertex 26.3820 -49.8244 1.4000
      vertex 26.5858 -49.5858 1.4000
      vertex 26.3820 -49.8244 6.9500
    endloop
  endfacet
  facet normal 0 0 1
    outer loop
      vertex 26.3820 -49.8244 1.4000
      vertex 26.7056 -50.0595 1.4000
      vertex 26.5858 -49.5858 1.4000
    endloop
  endfacet
  facet normal 0.76038 -0.649478 0
    outer loop
      vertex 26.3820 -49.8244 6.9500
      vertex 26.5858 -49.5858 1.4000
      vertex 26.5858 -49.5858 6.9500
    endloop
  endfacet
  facet normal 0.76038 0.649478 0
    outer loop
      vertex 26.3820 -15.1756 1.4000
      vertex 26.3820 -15.1756 6.9500
      vertex 26.5858 -15.4142 6.9500
    endloop
  endfacet
  facet normal 0 0 1
    outer loop
      vertex 26.3820 -15.1756 1.4000
      vertex 26.5858 -15.4142 1.4000
      vertex 26.7056 -14.9405 1.4000
    endloop
  endfacet
  facet normal 0.76038 0.649478 0
    outer loop
      vertex 26.3820 -15.1756 1.4000
      vertex 26.5858 -15.4142 6.9500
      vertex 26.5858 -15.4142 1.4000
    endloop
  endfacet
  facet normal 0.76038 -0.649478 0
    outer loop
      vertex 26.3820 -12.8244 1.4000
      vertex 26.5858 -12.5858 1.4000
      vertex 26.3820 -12.8244 6.9500
    endloop
  endfacet
  facet normal 0 0 1
    outer loop
      vertex 26.3820 -12.8244 1.4000
      vertex 26.7056 -13.0595 1.4000
      vertex 26.5858 -12.5858 1.4000
    endloop
  endfacet
  facet normal 0.76038 -0.649478 0
    outer loop
      vertex 26.3820 -12.8244 6.9500
      vertex 26.5858 -12.5858 1.4000
      vertex 26.5858 -12.5858 6.9500
    endloop
  endfacet
  facet normal 0.994512 0.104623 0
    outer loop
      vertex 26.4000 -51.0000 -1.0000
      vertex 26.4000 -51.0000 1.4000
      vertex 26.4350 -51.3327 1.4000
    endloop
  endfacet
  facet normal 0 0 1
    outer loop
      vertex 26.4000 -51.0000 -1.0000
      vertex 26.4350 -51.3327 -1.0000
      vertex 26.4350 -50.6673 -1.0000
    endloop
  endfacet
  facet normal 0.994512 0.104623 0
    outer loop
      vertex 26.4000 -51.0000 -1.0000
      vertex 26.4350 -51.3327 1.4000
      vertex 26.4350 -51.3327 -1.0000
    endloop
  endfacet
  facet normal 0.994512 -0.104623 0
    outer loop
      vertex 26.4000 -51.0000 -1.0000
      vertex 26.4350 -50.6673 -1.0000
      vertex 26.4000 -51.0000 1.4000
    endloop
  endfacet
  facet normal 0.994512 -0.104623 0
    outer loop
      vertex 26.4000 -51.0000 1.4000
      vertex 26.4350 -50.6673 -1.0000
      vertex 26.4350 -50.6673 1.4000
    endloop
  endfacet
  facet normal 0.994512 0.104623 0
    outer loop
      vertex 26.4000 -14.0000 -1.0000
      vertex 26.4000 -14.0000 1.4000
      vertex 26.4350 -14.3327 1.4000
    endloop
  endfacet
  facet normal 0 0 1
    outer loop
      vertex 26.4000 -14.0000 -1.0000
      vertex 26.4350 -14.3327 -1.0000
      vertex 26.4350 -13.6673 -1.0000
    endloop
  endfacet
  facet normal 0.994512 0.104623 0
    outer loop
      vertex 26.4000 -14.0000 -1.0000
      vertex 26.4350 -14.3327 1.4000
      vertex 26.4350 -14.3327 -1.0000
    endloop
  endfacet
  facet normal 0.994512 -0.104623 0
    outer loop
      vertex 26.4000 -14.0000 -1.0000
      vertex 26.4350 -13.6673 -1.0000
      vertex 26.4000 -14.0000 1.4000
    endloop
  endfacet
  facet normal 0.994512 -0.104623 0
    outer loop
      vertex 26.4000 -14.0000 1.4000
      vertex 26.4350 -13.6673 -1.0000
      vertex 26.4350 -13.6673 1.4000
    endloop
  endfacet
  facet normal 0.951107 0.308863 0
    outer loop
      vertex 26.4350 -51.3327 -1.0000
      vertex 26.4350 -51.3327 1.4000
      vertex 26.5383 -51.6508 1.4000
    endloop
  endfacet
  facet normal 0 0 1
    outer loop
      vertex 26.4350 -51.3327 -1.0000
      vertex 26.5383 -51.6508 -1.0000
      vertex 26.4350 -50.6673 -1.0000
    endloop
  endfacet
  facet normal 0.951107 0.308863 0
    outer loop
      vertex 26.4350 -51.3327 -1.0000
      vertex 26.5383 -51.6508 1.4000
      vertex 26.5383 -51.6508 -1.0000
    endloop
  endfacet
  facet normal 0 0 1
    outer loop
      vertex 26.4350 -50.6673 -1.0000
      vertex 26.5383 -51.6508 -1.0000
      vertex 26.5383 -50.3492 -1.0000
    endloop
  endfacet
  facet normal 0.951107 -0.308863 0
    outer loop
      vertex 26.4350 -50.6673 -1.0000
      vertex 26.5383 -50.3492 -1.0000
      vertex 26.4350 -50.6673 1.4000
    endloop
  endfacet
  facet normal 0.951107 -0.308863 0
    outer loop
      vertex 26.4350 -50.6673 1.4000
      vertex 26.5383 -50.3492 -1.0000
      vertex 26.5383 -50.3492 1.4000
    endloop
  endfacet
  facet normal 0.951107 0.308863 0
    outer loop
      vertex 26.4350 -14.3327 -1.0000
      vertex 26.4350 -14.3327 1.4000
      vertex 26.5383 -14.6508 1.4000
    endloop
  endfacet
  facet normal 0 0 1
    outer loop
      vertex 26.4350 -14.3327 -1.0000
      vertex 26.5383 -14.6508 -1.0000
      vertex 26.4350 -13.6673 -1.0000
    endloop
  endfacet
  facet normal 0.951107 0.308863 0
    outer loop
      vertex 26.4350 -14.3327 -1.0000
      vertex 26.5383 -14.6508 1.4000
      vertex 26.5383 -14.6508 -1.0000
    endloop
  endfacet
  facet normal 0 0 1
    outer loop
      vertex 26.4350 -13.6673 -1.0000
      vertex 26.5383 -14.6508 -1.0000
      vertex 26.5383 -13.3492 -1.0000
    endloop
  endfacet
  facet normal 0.951107 -0.308863 0
    outer loop
      vertex 26.4350 -13.6673 -1.0000
      vertex 26.5383 -13.3492 -1.0000
      vertex 26.4350 -13.6673 1.4000
    endloop
  endfacet
  facet normal 0.951107 -0.308863 0
    outer loop
      vertex 26.4350 -13.6673 1.4000
      vertex 26.5383 -13.3492 -1.0000
      vertex 26.5383 -13.3492 1.4000
    endloop
  endfacet
  facet normal 0.865972 0.500093 0
    outer loop
      vertex 26.5383 -51.6508 -1.0000
      vertex 26.5383 -51.6508 1.4000
      vertex 26.7056 -51.9405 1.4000
    endloop
  endfacet
  facet normal 0 0 1
    outer loop
      vertex 26.5383 -51.6508 -1.0000
      vertex 26.7056 -51.9405 -1.0000
      vertex 26.5383 -50.3492 -1.0000
    endloop
  endfacet
  facet normal 0.865972 0.500093 0
    outer loop
      vertex 26.5383 -51.6508 -1.0000
      vertex 26.7056 -51.9405 1.4000
      vertex 26.7056 -51.9405 -1.0000
    endloop
  endfacet
  facet normal 0 0 1
    outer loop
      vertex 26.5383 -50.3492 -1.0000
      vertex 26.7056 -51.9405 -1.0000
      vertex 26.7056 -50.0595 -1.0000
    endloop
  endfacet
  facet normal 0.865972 -0.500093 0
    outer loop
      vertex 26.5383 -50.3492 -1.0000
      vertex 26.7056 -50.0595 -1.0000
      vertex 26.5383 -50.3492 1.4000
    endloop
  endfacet
  facet normal 0.865972 -0.500093 0
    outer loop
      vertex 26.5383 -50.3492 1.4000
      vertex 26.7056 -50.0595 -1.0000
      vertex 26.7056 -50.0595 1.4000
    endloop
  endfacet
  facet normal 0.865972 0.500093 0
    outer loop
      vertex 26.5383 -14.6508 -1.0000
      vertex 26.5383 -14.6508 1.4000
      vertex 26.7056 -14.9405 1.4000
    endloop
  endfacet
  facet normal 0 0 1
    outer loop
      vertex 26.5383 -14.6508 -1.0000
      vertex 26.7056 -14.9405 -1.0000
      vertex 26.5383 -13.3492 -1.0000
    endloop
  endfacet
  facet normal 0.865972 0.500093 0
    outer loop
      vertex 26.5383 -14.6508 -1.0000
      vertex 26.7056 -14.9405 1.4000
      vertex 26.7056 -14.9405 -1.0000
    endloop
  endfacet
  facet normal 0 0 1
    outer loop
      vertex 26.5383 -13.3492 -1.0000
      vertex 26.7056 -14.9405 -1.0000
      vertex 26.7056 -13.0595 -1.0000
    endloop
  endfacet
  facet normal 0.865972 -0.500093 0
    outer loop
      vertex 26.5383 -13.3492 -1.0000
      vertex 26.7056 -13.0595 -1.0000
      vertex 26.5383 -13.3492 1.4000
    endloop
  endfacet
  facet normal 0.865972 -0.500093 0
    outer loop
      vertex 26.5383 -13.3492 1.4000
      vertex 26.7056 -13.0595 -1.0000
      vertex 26.7056 -13.0595 1.4000
    endloop
  endfacet
  facet normal 0.649478 0.76038 0
    outer loop
      vertex 26.5858 -52.4142 1.4000
      vertex 26.5858 -52.4142 6.9500
      vertex 26.8244 -52.6180 1.4000
    endloop
  endfacet
  facet normal 0 0 1
    outer loop
      vertex 26.5858 -52.4142 1.4000
      vertex 26.8244 -52.6180 1.4000
      vertex 26.9294 -52.1890 1.4000
    endloop
  endfacet
  facet normal 0 0 1
    outer loop
      vertex 26.5858 -52.4142 1.4000
      vertex 26.9294 -52.1890 1.4000
      vertex 26.7056 -51.9405 1.4000
    endloop
  endfacet
  facet normal 0.649478 0.76038 0
    outer loop
      vertex 26.5858 -52.4142 6.9500
      vertex 26.8244 -52.6180 6.9500
      vertex 26.8244 -52.6180 1.4000
    endloop
  endfacet
  facet normal 0 0 1
    outer loop
      vertex 26.5858 -49.5858 1.4000
      vertex 26.7056 -50.0595 1.4000
      vertex 26.9294 -49.8110 1.4000
    endloop
  endfacet
  facet normal 0.649478 -0.76038 0
    outer loop
      vertex 26.5858 -49.5858 1.4000
      vertex 26.8244 -49.3820 1.4000
      vertex 26.8244 -49.3820 6.9500
    endloop
  endfacet
  facet normal 0.649478 -0.76038 0
    outer loop
      vertex 26.5858 -49.5858 1.4000
      vertex 26.8244 -49.3820 6.9500
      vertex 26.5858 -49.5858 6.9500
    endloop
  endfacet
  facet normal 0 0 1
    outer loop
      vertex 26.5858 -49.5858 1.4000
      vertex 26.9294 -49.8110 1.4000
      vertex 26.8244 -49.3820 1.4000
    endloop
  endfacet
  facet normal 0.649478 0.76038 0
    outer loop
      vertex 26.5858 -15.4142 1.4000
      vertex 26.5858 -15.4142 6.9500
      vertex 26.8244 -15.6180 1.4000
    endloop
  endfacet
  facet normal 0 0 1
    outer loop
      vertex 26.5858 -15.4142 1.4000
      vertex 26.8244 -15.6180 1.4000
      vertex 26.9294 -15.1890 1.4000
    endloop
  endfacet
  facet normal 0 0 1
    outer loop
      vertex 26.5858 -15.4142 1.4000
      vertex 26.9294 -15.1890 1.4000
      vertex 26.7056 -14.9405 1.4000
    endloop
  endfacet
  facet normal 0.649478 0.76038 0
    outer loop
      vertex 26.5858 -15.4142 6.9500
      vertex 26.8244 -15.6180 6.9500
      vertex 26.8244 -15.6180 1.4000
    endloop
  endfacet
  facet normal 0 0 1
    outer loop
      vertex 26.5858 -12.5858 1.4000
      vertex 26.7056 -13.0595 1.4000
      vertex 26.9294 -12.8110 1.4000
    endloop
  endfacet
  facet normal 0.649478 -0.76038 0
    outer loop
      vertex 26.5858 -12.5858 1.4000
      vertex 26.8244 -12.3820 1.4000
      vertex 26.8244 -12.3820 6.9500
    endloop
  endfacet
  facet normal 0.649478 -0.76038 0
    outer loop
      vertex 26.5858 -12.5858 1.4000
      vertex 26.8244 -12.3820 6.9500
      vertex 26.5858 -12.5858 6.9500
    endloop
  endfacet
  facet normal 0 0 1
    outer loop
      vertex 26.5858 -12.5858 1.4000
      vertex 26.9294 -12.8110 1.4000
      vertex 26.8244 -12.3820 1.4000
    endloop
  endfacet
  facet normal -0.233458 -0.972367 0
    outer loop
      vertex 26.6867 -55.0420 0.0000
      vertex 27.3352 -55.1977 0.0000
      vertex 27.3352 -55.1977 6.9500
    endloop
  endfacet
  facet normal -0.233458 -0.972367 0
    outer loop
      vertex 26.6867 -55.0420 0.0000
      vertex 27.3352 -55.1977 6.9500
      vertex 26.6867 -55.0420 6.9500
    endloop
  endfacet
  facet normal 0 0 1
    outer loop
      vertex 26.6867 -55.0420 6.9500
      vertex 27.3352 -55.1977 6.9500
      vertex 27.3820 -52.9021 6.9500
    endloop
  endfacet
  facet normal 0 0 1
    outer loop
      vertex 26.6867 -55.0420 6.9500
      vertex 27.3820 -52.9021 6.9500
      vertex 27.0920 -52.7820 6.9500
    endloop
  endfacet
  facet normal -0.233458 0.972367 0
    outer loop
      vertex 26.6867 -46.9580 0.0000
      vertex 26.6867 -46.9580 6.9500
      vertex 27.3352 -46.8023 0.0000
    endloop
  endfacet
  facet normal 0 0 1
    outer loop
      vertex 26.6867 -46.9580 0.0000
      vertex 27.3352 -46.8023 0.0000
      vertex 26.6867 -18.0420 0.0000
    endloop
  endfacet
  facet normal 0 0 1
    outer loop
      vertex 26.6867 -46.9580 6.9500
      vertex 27.0920 -49.2180 6.9500
      vertex 27.3820 -49.0979 6.9500
    endloop
  endfacet
  facet normal -0.233458 0.972367 0
    outer loop
      vertex 26.6867 -46.9580 6.9500
      vertex 27.3352 -46.8023 6.9500
      vertex 27.3352 -46.8023 0.0000
    endloop
  endfacet
  facet normal 0 0 1
    outer loop
      vertex 26.6867 -46.9580 6.9500
      vertex 27.3820 -49.0979 6.9500
      vertex 27.3352 -46.8023 6.9500
    endloop
  endfacet
  facet normal 0 0 1
    outer loop
      vertex 26.6867 -18.0420 0.0000
      vertex 27.3352 -46.8023 0.0000
      vertex 27.3352 -18.1977 0.0000
    endloop
  endfacet
  facet normal -0.233458 -0.972367 0
    outer loop
      vertex 26.6867 -18.0420 0.0000
      vertex 27.3352 -18.1977 0.0000
      vertex 27.3352 -18.1977 6.9500
    endloop
  endfacet
  facet normal -0.233458 -0.972367 0
    outer loop
      vertex 26.6867 -18.0420 0.0000
      vertex 27.3352 -18.1977 6.9500
      vertex 26.6867 -18.0420 6.9500
    endloop
  endfacet
  facet normal 0 0 1
    outer loop
      vertex 26.6867 -18.0420 6.9500
      vertex 27.3352 -18.1977 6.9500
      vertex 27.3820 -15.9021 6.9500
    endloop
  endfacet
  facet normal 0 0 1
    outer loop
      vertex 26.6867 -18.0420 6.9500
      vertex 27.3820 -15.9021 6.9500
      vertex 27.0920 -15.7820 6.9500
    endloop
  endfacet
  facet normal -0.233458 0.972367 0
    outer loop
      vertex 26.6867 -9.9580 0.0000
      vertex 26.6867 -9.9580 6.9500
      vertex 27.3352 -9.8023 0.0000
    endloop
  endfacet
  facet normal 0 0 1
    outer loop
      vertex 26.6867 -9.9580 0.0000
      vertex 27.3352 -9.8023 0.0000
      vertex 33.6000 23.3000 0.0000
    endloop
  endfacet
  facet normal 0 0 1
    outer loop
      vertex 26.6867 -9.9580 6.9500
      vertex 27.0920 -12.2180 6.9500
      vertex 27.3820 -12.0979 6.9500
    endloop
  endfacet
  facet normal -0.233458 0.972367 0
    outer loop
      vertex 26.6867 -9.9580 6.9500
      vertex 27.3352 -9.8023 6.9500
      vertex 27.3352 -9.8023 0.0000
    endloop
  endfacet
  facet normal 0 0 1
    outer loop
      vertex 26.6867 -9.9580 6.9500
      vertex 27.3820 -12.0979 6.9500
      vertex 27.3352 -9.8023 6.9500
    endloop
  endfacet
  facet normal 0.743071 0.669213 0
    outer loop
      vertex 26.7056 -51.9405 -1.0000
      vertex 26.7056 -51.9405 1.4000
      vertex 26.9294 -52.1890 1.4000
    endloop
  endfacet
  facet normal 0 0 1
    outer loop
      vertex 26.7056 -51.9405 -1.0000
      vertex 26.9294 -52.1890 -1.0000
      vertex 26.7056 -50.0595 -1.0000
    endloop
  endfacet
  facet normal 0.743071 0.669213 0
    outer loop
      vertex 26.7056 -51.9405 -1.0000
      vertex 26.9294 -52.1890 1.4000
      vertex 26.9294 -52.1890 -1.0000
    endloop
  endfacet
  facet normal 0 0 1
    outer loop
      vertex 26.7056 -50.0595 -1.0000
      vertex 26.9294 -52.1890 -1.0000
      vertex 26.9294 -49.8110 -1.0000
    endloop
  endfacet
  facet normal 0.743071 -0.669213 0
    outer loop
      vertex 26.7056 -50.0595 -1.0000
      vertex 26.9294 -49.8110 -1.0000
      vertex 26.7056 -50.0595 1.4000
    endloop
  endfacet
  facet normal 0.743071 -0.669213 0
    outer loop
      vertex 26.7056 -50.0595 1.4000
      vertex 26.9294 -49.8110 -1.0000
      vertex 26.9294 -49.8110 1.4000
    endloop
  endfacet
  facet normal 0.743071 0.669213 0
    outer loop
      vertex 26.7056 -14.9405 -1.0000
      vertex 26.7056 -14.9405 1.4000
      vertex 26.9294 -15.1890 1.4000
    endloop
  endfacet
  facet normal 0 0 1
    outer loop
      vertex 26.7056 -14.9405 -1.0000
      vertex 26.9294 -15.1890 -1.0000
      vertex 26.7056 -13.0595 -1.0000
    endloop
  endfacet
  facet normal 0.743071 0.669213 0
    outer loop
      vertex 26.7056 -14.9405 -1.0000
      vertex 26.9294 -15.1890 1.4000
      vertex 26.9294 -15.1890 -1.0000
    endloop
  endfacet
  facet normal 0 0 1
    outer loop
      vertex 26.7056 -13.0595 -1.0000
      vertex 26.9294 -15.1890 -1.0000
      vertex 26.9294 -12.8110 -1.0000
    endloop
  endfacet
  facet normal 0.743071 -0.669213 0
    outer loop
      vertex 26.7056 -13.0595 -1.0000
      vertex 26.9294 -12.8110 -1.0000
      vertex 26.7056 -13.0595 1.4000
    endloop
  endfacet
  facet normal 0.743071 -0.669213 0
    outer loop
      vertex 26.7056 -13.0595 1.4000
      vertex 26.9294 -12.8110 -1.0000
      vertex 26.9294 -12.8110 1.4000
    endloop
  endfacet
  facet normal 0.522532 0.85262 0
    outer loop
      vertex 26.8244 -52.6180 1.4000
      vertex 26.8244 -52.6180 6.9500
      vertex 27.0920 -52.7820 1.4000
    endloop
  endfacet
  facet normal 0 0 1
    outer loop
      vertex 26.8244 -52.6180 1.4000
      vertex 27.0920 -52.7820 1.4000
      vertex 27.2000 -52.3856 1.4000
    endloop
  endfacet
  facet normal 0 0 1
    outer loop
      vertex 26.8244 -52.6180 1.4000
      vertex 27.2000 -52.3856 1.4000
      vertex 26.9294 -52.1890 1.4000
    endloop
  endfacet
  facet normal 0.522532 0.85262 0
    outer loop
      vertex 26.8244 -52.6180 6.9500
      vertex 27.0920 -52.7820 6.9500
      vertex 27.0920 -52.7820 1.4000
    endloop
  endfacet
  facet normal 0 0 1
    outer loop
      vertex 26.8244 -49.3820 1.4000
      vertex 26.9294 -49.8110 1.4000
      vertex 27.2000 -49.6144 1.4000
    endloop
  endfacet
  facet normal 0.522532 -0.85262 0
    outer loop
      vertex 26.8244 -49.3820 1.4000
      vertex 27.0920 -49.2180 1.4000
      vertex 27.0920 -49.2180 6.9500
    endloop
  endfacet
  facet normal 0.522532 -0.85262 0
    outer loop
      vertex 26.8244 -49.3820 1.4000
      vertex 27.0920 -49.2180 6.9500
      vertex 26.8244 -49.3820 6.9500
    endloop
  endfacet
  facet normal 0 0 1
    outer loop
      vertex 26.8244 -49.3820 1.4000
      vertex 27.2000 -49.6144 1.4000
      vertex 27.0920 -49.2180 1.4000
    endloop
  endfacet
  facet normal 0.522532 0.85262 0
    outer loop
      vertex 26.8244 -15.6180 1.4000
      vertex 26.8244 -15.6180 6.9500
      vertex 27.0920 -15.7820 1.4000
    endloop
  endfacet
  facet normal 0 0 1
    outer loop
      vertex 26.8244 -15.6180 1.4000
      vertex 27.0920 -15.7820 1.4000
      vertex 27.2000 -15.3856 1.4000
    endloop
  endfacet
  facet normal 0 0 1
    outer loop
      vertex 26.8244 -15.6180 1.4000
      vertex 27.2000 -15.3856 1.4000
      vertex 26.9294 -15.1890 1.4000
    endloop
  endfacet
  facet normal 0.522532 0.85262 0
    outer loop
      vertex 26.8244 -15.6180 6.9500
      vertex 27.0920 -15.7820 6.9500
      vertex 27.0920 -15.7820 1.4000
    endloop
  endfacet
  facet normal 0 0 1
    outer loop
      vertex 26.8244 -12.3820 1.4000
      vertex 26.9294 -12.8110 1.4000
      vertex 27.2000 -12.6144 1.4000
    endloop
  endfacet
  facet normal 0.522532 -0.85262 0
    outer loop
      vertex 26.8244 -12.3820 1.4000
      vertex 27.0920 -12.2180 1.4000
      vertex 27.0920 -12.2180 6.9500
    endloop
  endfacet
  facet normal 0.522532 -0.85262 0
    outer loop
      vertex 26.8244 -12.3820 1.4000
      vertex 27.0920 -12.2180 6.9500
      vertex 26.8244 -12.3820 6.9500
    endloop
  endfacet
  facet normal 0 0 1
    outer loop
      vertex 26.8244 -12.3820 1.4000
      vertex 27.2000 -12.6144 1.4000
      vertex 27.0920 -12.2180 1.4000
    endloop
  endfacet
  facet normal 0.587781 0.80902 0
    outer loop
      vertex 26.9294 -52.1890 -1.0000
      vertex 26.9294 -52.1890 1.4000
      vertex 27.2000 -52.3856 -1.0000
    endloop
  endfacet
  facet normal 0 0 1
    outer loop
      vertex 26.9294 -52.1890 -1.0000
      vertex 27.2000 -52.3856 -1.0000
      vertex 26.9294 -49.8110 -1.0000
    endloop
  endfacet
  facet normal 0.587781 0.80902 0
    outer loop
      vertex 26.9294 -52.1890 1.4000
      vertex 27.2000 -52.3856 1.4000
      vertex 27.2000 -52.3856 -1.0000
    endloop
  endfacet
  facet normal 0 0 1
    outer loop
      vertex 26.9294 -49.8110 -1.0000
      vertex 27.2000 -52.3856 -1.0000
      vertex 27.2000 -49.6144 -1.0000
    endloop
  endfacet
  facet normal 0.587781 -0.80902 0
    outer loop
      vertex 26.9294 -49.8110 -1.0000
      vertex 27.2000 -49.6144 -1.0000
      vertex 27.2000 -49.6144 1.4000
    endloop
  endfacet
  facet normal 0.587781 -0.80902 0
    outer loop
      vertex 26.9294 -49.8110 -1.0000
      vertex 27.2000 -49.6144 1.4000
      vertex 26.9294 -49.8110 1.4000
    endloop
  endfacet
  facet normal 0.587781 0.80902 0
    outer loop
      vertex 26.9294 -15.1890 -1.0000
      vertex 26.9294 -15.1890 1.4000
      vertex 27.2000 -15.3856 -1.0000
    endloop
  endfacet
  facet normal 0 0 1
    outer loop
      vertex 26.9294 -15.1890 -1.0000
      vertex 27.2000 -15.3856 -1.0000
      vertex 26.9294 -12.8110 -1.0000
    endloop
  endfacet
  facet normal 0.587781 0.80902 0
    outer loop
      vertex 26.9294 -15.1890 1.4000
      vertex 27.2000 -15.3856 1.4000
      vertex 27.2000 -15.3856 -1.0000
    endloop
  endfacet
  facet normal 0 0 1
    outer loop
      vertex 26.9294 -12.8110 -1.0000
      vertex 27.2000 -15.3856 -1.0000
      vertex 27.2000 -12.6144 -1.0000
    endloop
  endfacet
  facet normal 0.587781 -0.80902 0
    outer loop
      vertex 26.9294 -12.8110 -1.0000
      vertex 27.2000 -12.6144 -1.0000
      vertex 27.2000 -12.6144 1.4000
    endloop
  endfacet
  facet normal 0.587781 -0.80902 0
    outer loop
      vertex 26.9294 -12.8110 -1.0000
      vertex 27.2000 -12.6144 1.4000
      vertex 26.9294 -12.8110 1.4000
    endloop
  endfacet
  facet normal 0.382624 0.923904 0
    outer loop
      vertex 27.0920 -52.7820 1.4000
      vertex 27.0920 -52.7820 6.9500
      vertex 27.3820 -52.9021 1.4000
    endloop
  endfacet
  facet normal 0 0 1
    outer loop
      vertex 27.0920 -52.7820 1.4000
      vertex 27.3820 -52.9021 1.4000
      vertex 27.5056 -52.5217 1.4000
    endloop
  endfacet
  facet normal 0 0 1
    outer loop
      vertex 27.0920 -52.7820 1.4000
      vertex 27.5056 -52.5217 1.4000
      vertex 27.2000 -52.3856 1.4000
    endloop
  endfacet
  facet normal 0.382624 0.923904 0
    outer loop
      vertex 27.0920 -52.7820 6.9500
      vertex 27.3820 -52.9021 6.9500
      vertex 27.3820 -52.9021 1.4000
    endloop
  endfacet
  facet normal 0 0 1
    outer loop
      vertex 27.0920 -49.2180 1.4000
      vertex 27.2000 -49.6144 1.4000
      vertex 27.5056 -49.4783 1.4000
    endloop
  endfacet
  facet normal 0.382624 -0.923904 0
    outer loop
      vertex 27.0920 -49.2180 1.4000
      vertex 27.3820 -49.0979 1.4000
      vertex 27.3820 -49.0979 6.9500
    endloop
  endfacet
  facet normal 0.382624 -0.923904 0
    outer loop
      vertex 27.0920 -49.2180 1.4000
      vertex 27.3820 -49.0979 6.9500
      vertex 27.0920 -49.2180 6.9500
    endloop
  endfacet
  facet normal 0 0 1
    outer loop
      vertex 27.0920 -49.2180 1.4000
      vertex 27.5056 -49.4783 1.4000
      vertex 27.3820 -49.0979 1.4000
    endloop
  endfacet
  facet normal 0.382624 0.923904 0
    outer loop
      vertex 27.0920 -15.7820 1.4000
      vertex 27.0920 -15.7820 6.9500
      vertex 27.3820 -15.9021 1.4000
    endloop
  endfacet
  facet normal 0 0 1
    outer loop
      vertex 27.0920 -15.7820 1.4000
      vertex 27.3820 -15.9021 1.4000
      vertex 27.5056 -15.5217 1.4000
    endloop
  endfacet
  facet normal 0 0 1
    outer loop
      vertex 27.0920 -15.7820 1.4000
      vertex 27.5056 -15.5217 1.4000
      vertex 27.2000 -15.3856 1.4000
    endloop
  endfacet
  facet normal 0.382624 0.923904 0
    outer loop
      vertex 27.0920 -15.7820 6.9500
      vertex 27.3820 -15.9021 6.9500
      vertex 27.3820 -15.9021 1.4000
    endloop
  endfacet
  facet normal 0 0 1
    outer loop
      vertex 27.0920 -12.2180 1.4000
      vertex 27.2000 -12.6144 1.4000
      vertex 27.5056 -12.4783 1.4000
    endloop
  endfacet
  facet normal 0.382624 -0.923904 0
    outer loop
      vertex 27.0920 -12.2180 1.4000
      vertex 27.3820 -12.0979 1.4000
      vertex 27.3820 -12.0979 6.9500
    endloop
  endfacet
  facet normal 0.382624 -0.923904 0
    outer loop
      vertex 27.0920 -12.2180 1.4000
      vertex 27.3820 -12.0979 6.9500
      vertex 27.0920 -12.2180 6.9500
    endloop
  endfacet
  facet normal 0 0 1
    outer loop
      vertex 27.0920 -12.2180 1.4000
      vertex 27.5056 -12.4783 1.4000
      vertex 27.3820 -12.0979 1.4000
    endloop
  endfacet
  facet normal 0.406832 0.913503 0
    outer loop
      vertex 27.2000 -52.3856 -1.0000
      vertex 27.2000 -52.3856 1.4000
      vertex 27.5056 -52.5217 -1.0000
    endloop
  endfacet
  facet normal 0 0 1
    outer loop
      vertex 27.2000 -52.3856 -1.0000
      vertex 27.5056 -52.5217 -1.0000
      vertex 27.2000 -49.6144 -1.0000
    endloop
  endfacet
  facet normal 0.406832 0.913503 0
    outer loop
      vertex 27.2000 -52.3856 1.4000
      vertex 27.5056 -52.5217 1.4000
      vertex 27.5056 -52.5217 -1.0000
    endloop
  endfacet
  facet normal 0 0 1
    outer loop
      vertex 27.2000 -49.6144 -1.0000
      vertex 27.5056 -52.5217 -1.0000
      vertex 27.5056 -49.4783 -1.0000
    endloop
  endfacet
  facet normal 0.406832 -0.913503 0
    outer loop
      vertex 27.2000 -49.6144 -1.0000
      vertex 27.5056 -49.4783 -1.0000
      vertex 27.5056 -49.4783 1.4000
    endloop
  endfacet
  facet normal 0.406832 -0.913503 0
    outer loop
      vertex 27.2000 -49.6144 -1.0000
      vertex 27.5056 -49.4783 1.4000
      vertex 27.2000 -49.6144 1.4000
    endloop
  endfacet
  facet normal 0.406832 0.913503 0
    outer loop
      vertex 27.2000 -15.3856 -1.0000
      vertex 27.2000 -15.3856 1.4000
      vertex 27.5056 -15.5217 -1.0000
    endloop
  endfacet
  facet normal 0 0 1
    outer loop
      vertex 27.2000 -15.3856 -1.0000
      vertex 27.5056 -15.5217 -1.0000
      vertex 27.2000 -12.6144 -1.0000
    endloop
  endfacet
  facet normal 0.406832 0.913503 0
    outer loop
      vertex 27.2000 -15.3856 1.4000
      vertex 27.5056 -15.5217 1.4000
      vertex 27.5056 -15.5217 -1.0000
    endloop
  endfacet
  facet normal 0 0 1
    outer loop
      vertex 27.2000 -12.6144 -1.0000
      vertex 27.5056 -15.5217 -1.0000
      vertex 27.5056 -12.4783 -1.0000
    endloop
  endfacet
  facet normal 0.406832 -0.913503 0
    outer loop
      vertex 27.2000 -12.6144 -1.0000
      vertex 27.5056 -12.4783 -1.0000
      vertex 27.5056 -12.4783 1.4000
    endloop
  endfacet
  facet normal 0.406832 -0.913503 0
    outer loop
      vertex 27.2000 -12.6144 -1.0000
      vertex 27.5056 -12.4783 1.4000
      vertex 27.2000 -12.6144 1.4000
    endloop
  endfacet
  facet normal -0.078428 -0.99692 0
    outer loop
      vertex 27.3352 -55.1977 0.0000
      vertex 28.0000 -55.2500 0.0000
      vertex 28.0000 -55.2500 6.9500
    endloop
  endfacet
  facet normal -0.078428 -0.99692 0
    outer loop
      vertex 27.3352 -55.1977 0.0000
      vertex 28.0000 -55.2500 6.9500
      vertex 27.3352 -55.1977 6.9500
    endloop
  endfacet
  facet normal 0 0 1
    outer loop
      vertex 27.3352 -55.1977 6.9500
      vertex 27.6871 -52.9754 6.9500
      vertex 27.3820 -52.9021 6.9500
    endloop
  endfacet
  facet normal 0 0 1
    outer loop
      vertex 27.3352 -55.1977 6.9500
      vertex 28.0000 -55.2500 6.9500
      vertex 27.6871 -52.9754 6.9500
    endloop
  endfacet
  facet normal -0.078428 0.99692 0
    outer loop
      vertex 27.3352 -46.8023 0.0000
      vertex 27.3352 -46.8023 6.9500
      vertex 28.0000 -46.7500 0.0000
    endloop
  endfacet
  facet normal 0 0 1
    outer loop
      vertex 27.3352 -46.8023 0.0000
      vertex 28.0000 -46.7500 0.0000
      vertex 27.3352 -18.1977 0.0000
    endloop
  endfacet
  facet normal 0 0 1
    outer loop
      vertex 27.3352 -46.8023 6.9500
      vertex 27.3820 -49.0979 6.9500
      vertex 27.6871 -49.0246 6.9500
    endloop
  endfacet
  facet normal 0 0 1
    outer loop
      vertex 27.3352 -46.8023 6.9500
      vertex 27.6871 -49.0246 6.9500
      vertex 28.0000 -46.7500 6.9500
    endloop
  endfacet
  facet normal -0.078428 0.99692 0
    outer loop
      vertex 27.3352 -46.8023 6.9500
      vertex 28.0000 -46.7500 6.9500
      vertex 28.0000 -46.7500 0.0000
    endloop
  endfacet
  facet normal 0 0 1
    outer loop
      vertex 27.3352 -18.1977 0.0000
      vertex 28.0000 -46.7500 0.0000
      vertex 28.0000 -18.2500 0.0000
    endloop
  endfacet
  facet normal -0.078428 -0.99692 0
    outer loop
      vertex 27.3352 -18.1977 0.0000
      vertex 28.0000 -18.2500 0.0000
      vertex 28.0000 -18.2500 6.9500
    endloop
  endfacet
  facet normal -0.078428 -0.99692 0
    outer loop
      vertex 27.3352 -18.1977 0.0000
      vertex 28.0000 -18.2500 6.9500
      vertex 27.3352 -18.1977 6.9500
    endloop
  endfacet
  facet normal 0 0 1
    outer loop
      vertex 27.3352 -18.1977 6.9500
      vertex 27.6871 -15.9754 6.9500
      vertex 27.3820 -15.9021 6.9500
    endloop
  endfacet
  facet normal 0 0 1
    outer loop
      vertex 27.3352 -18.1977 6.9500
      vertex 28.0000 -18.2500 6.9500
      vertex 27.6871 -15.9754 6.9500
    endloop
  endfacet
  facet normal -0.078428 0.99692 0
    outer loop
      vertex 27.3352 -9.8023 0.0000
      vertex 27.3352 -9.8023 6.9500
      vertex 28.0000 -9.7500 0.0000
    endloop
  endfacet
  facet normal 0 0 1
    outer loop
      vertex 27.3352 -9.8023 0.0000
      vertex 28.0000 -9.7500 0.0000
      vertex 33.6000 23.3000 0.0000
    endloop
  endfacet
  facet normal 0 0 1
    outer loop
      vertex 27.3352 -9.8023 6.9500
      vertex 27.3820 -12.0979 6.9500
      vertex 27.6871 -12.0246 6.9500
    endloop
  endfacet
  facet normal 0 0 1
    outer loop
      vertex 27.3352 -9.8023 6.9500
      vertex 27.6871 -12.0246 6.9500
      vertex 28.0000 -9.7500 6.9500
    endloop
  endfacet
  facet normal -0.078428 0.99692 0
    outer loop
      vertex 27.3352 -9.8023 6.9500
      vertex 28.0000 -9.7500 6.9500
      vertex 28.0000 -9.7500 0.0000
    endloop
  endfacet
  facet normal 0.233602 0.972332 0
    outer loop
      vertex 27.3820 -52.9021 1.4000
      vertex 27.3820 -52.9021 6.9500
      vertex 27.6871 -52.9754 1.4000
    endloop
  endfacet
  facet normal 0 0 1
    outer loop
      vertex 27.3820 -52.9021 1.4000
      vertex 27.6871 -52.9754 1.4000
      vertex 27.5056 -52.5217 1.4000
    endloop
  endfacet
  facet normal 0.233602 0.972332 0
    outer loop
      vertex 27.3820 -52.9021 6.9500
      vertex 27.6871 -52.9754 6.9500
      vertex 27.6871 -52.9754 1.4000
    endloop
  endfacet
  facet normal 0 0 1
    outer loop
      vertex 27.3820 -49.0979 1.4000
      vertex 27.5056 -49.4783 1.4000
      vertex 27.6871 -49.0246 1.4000
    endloop
  endfacet
  facet normal 0.233602 -0.972332 0
    outer loop
      vertex 27.3820 -49.0979 1.4000
      vertex 27.6871 -49.0246 1.4000
      vertex 27.6871 -49.0246 6.9500
    endloop
  endfacet
  facet normal 0.233602 -0.972332 0
    outer loop
      vertex 27.3820 -49.0979 1.4000
      vertex 27.6871 -49.0246 6.9500
      vertex 27.3820 -49.0979 6.9500
    endloop
  endfacet
  facet normal 0.233602 0.972332 0
    outer loop
      vertex 27.3820 -15.9021 1.4000
      vertex 27.3820 -15.9021 6.9500
      vertex 27.6871 -15.9754 1.4000
    endloop
  endfacet
  facet normal 0 0 1
    outer loop
      vertex 27.3820 -15.9021 1.4000
      vertex 27.6871 -15.9754 1.4000
      vertex 27.5056 -15.5217 1.4000
    endloop
  endfacet
  facet normal 0.233602 0.972332 0
    outer loop
      vertex 27.3820 -15.9021 6.9500
      vertex 27.6871 -15.9754 6.9500
      vertex 27.6871 -15.9754 1.4000
    endloop
  endfacet
  facet normal 0 0 1
    outer loop
      vertex 27.3820 -12.0979 1.4000
      vertex 27.5056 -12.4783 1.4000
      vertex 27.6871 -12.0246 1.4000
    endloop
  endfacet
  facet normal 0.233602 -0.972332 0
    outer loop
      vertex 27.3820 -12.0979 1.4000
      vertex 27.6871 -12.0246 1.4000
      vertex 27.6871 -12.0246 6.9500
    endloop
  endfacet
  facet normal 0.233602 -0.972332 0
    outer loop
      vertex 27.3820 -12.0979 1.4000
      vertex 27.6871 -12.0246 6.9500
      vertex 27.3820 -12.0979 6.9500
    endloop
  endfacet
  facet normal 0.207773 0.978177 0
    outer loop
      vertex 27.5056 -52.5217 -1.0000
      vertex 27.5056 -52.5217 1.4000
      vertex 27.8328 -52.5912 -1.0000
    endloop
  endfacet
  facet normal 0 0 1
    outer loop
      vertex 27.5056 -52.5217 -1.0000
      vertex 27.8328 -52.5912 -1.0000
      vertex 27.5056 -49.4783 -1.0000
    endloop
  endfacet
  facet normal 0 0 1
    outer loop
      vertex 27.5056 -52.5217 1.4000
      vertex 27.6871 -52.9754 1.4000
      vertex 27.8328 -52.5912 1.4000
    endloop
  endfacet
  facet normal 0.207773 0.978177 0
    outer loop
      vertex 27.5056 -52.5217 1.4000
      vertex 27.8328 -52.5912 1.4000
      vertex 27.8328 -52.5912 -1.0000
    endloop
  endfacet
  facet normal 0 0 1
    outer loop
      vertex 27.5056 -49.4783 -1.0000
      vertex 27.8328 -52.5912 -1.0000
      vertex 27.8328 -49.4088 -1.0000
    endloop
  endfacet
  facet normal 0.207773 -0.978177 0
    outer loop
      vertex 27.5056 -49.4783 -1.0000
      vertex 27.8328 -49.4088 -1.0000
      vertex 27.8328 -49.4088 1.4000
    endloop
  endfacet
  facet normal 0.207773 -0.978177 0
    outer loop
      vertex 27.5056 -49.4783 -1.0000
      vertex 27.8328 -49.4088 1.4000
      vertex 27.5056 -49.4783 1.4000
    endloop
  endfacet
  facet normal 0 0 1
    outer loop
      vertex 27.5056 -49.4783 1.4000
      vertex 27.8328 -49.4088 1.4000
      vertex 27.6871 -49.0246 1.4000
    endloop
  endfacet
  facet normal 0.207773 0.978177 0
    outer loop
      vertex 27.5056 -15.5217 -1.0000
      vertex 27.5056 -15.5217 1.4000
      vertex 27.8328 -15.5912 -1.0000
    endloop
  endfacet
  facet normal 0 0 1
    outer loop
      vertex 27.5056 -15.5217 -1.0000
      vertex 27.8328 -15.5912 -1.0000
      vertex 27.5056 -12.4783 -1.0000
    endloop
  endfacet
  facet normal 0 0 1
    outer loop
      vertex 27.5056 -15.5217 1.4000
      vertex 27.6871 -15.9754 1.4000
      vertex 27.8328 -15.5912 1.4000
    endloop
  endfacet
  facet normal 0.207773 0.978177 0
    outer loop
      vertex 27.5056 -15.5217 1.4000
      vertex 27.8328 -15.5912 1.4000
      vertex 27.8328 -15.5912 -1.0000
    endloop
  endfacet
  facet normal 0 0 1
    outer loop
      vertex 27.5056 -12.4783 -1.0000
      vertex 27.8328 -15.5912 -1.0000
      vertex 27.8328 -12.4088 -1.0000
    endloop
  endfacet
  facet normal 0.207773 -0.978177 0
    outer loop
      vertex 27.5056 -12.4783 -1.0000
      vertex 27.8328 -12.4088 -1.0000
      vertex 27.8328 -12.4088 1.4000
    endloop
  endfacet
  facet normal 0.207773 -0.978177 0
    outer loop
      vertex 27.5056 -12.4783 -1.0000
      vertex 27.8328 -12.4088 1.4000
      vertex 27.5056 -12.4783 1.4000
    endloop
  endfacet
  facet normal 0 0 1
    outer loop
      vertex 27.5056 -12.4783 1.4000
      vertex 27.8328 -12.4088 1.4000
      vertex 27.6871 -12.0246 1.4000
    endloop
  endfacet
  facet normal 0.078378 0.996924 0
    outer loop
      vertex 27.6871 -52.9754 1.4000
      vertex 27.6871 -52.9754 6.9500
      vertex 28.0000 -53.0000 1.4000
    endloop
  endfacet
  facet normal 0 0 1
    outer loop
      vertex 27.6871 -52.9754 1.4000
      vertex 28.0000 -53.0000 1.4000
      vertex 27.8328 -52.5912 1.4000
    endloop
  endfacet
  facet normal 0 0 1
    outer loop
      vertex 27.6871 -52.9754 6.9500
      vertex 28.0000 -55.2500 6.9500
      vertex 28.0000 -53.0000 6.9500
    endloop
  endfacet
  facet normal 0.078378 0.996924 0
    outer loop
      vertex 27.6871 -52.9754 6.9500
      vertex 28.0000 -53.0000 6.9500
      vertex 28.0000 -53.0000 1.4000
    endloop
  endfacet
  facet normal 0 0 1
    outer loop
      vertex 27.6871 -49.0246 1.4000
      vertex 27.8328 -49.4088 1.4000
      vertex 28.0000 -49.0000 1.4000
    endloop
  endfacet
  facet normal 0.078378 -0.996924 0
    outer loop
      vertex 27.6871 -49.0246 1.4000
      vertex 28.0000 -49.0000 1.4000
      vertex 28.0000 -49.0000 6.9500
    endloop
  endfacet
  facet normal 0.078378 -0.996924 0
    outer loop
      vertex 27.6871 -49.0246 1.4000
      vertex 28.0000 -49.0000 6.9500
      vertex 27.6871 -49.0246 6.9500
    endloop
  endfacet
  facet normal 0 0 1
    outer loop
      vertex 27.6871 -49.0246 6.9500
      vertex 28.0000 -49.0000 6.9500
      vertex 28.0000 -46.7500 6.9500
    endloop
  endfacet
  facet normal 0.078378 0.996924 0
    outer loop
      vertex 27.6871 -15.9754 1.4000
      vertex 27.6871 -15.9754 6.9500
      vertex 28.0000 -16.0000 1.4000
    endloop
  endfacet
  facet normal 0 0 1
    outer loop
      vertex 27.6871 -15.9754 1.4000
      vertex 28.0000 -16.0000 1.4000
      vertex 27.8328 -15.5912 1.4000
    endloop
  endfacet
  facet normal 0 0 1
    outer loop
      vertex 27.6871 -15.9754 6.9500
      vertex 28.0000 -18.2500 6.9500
      vertex 28.0000 -16.0000 6.9500
    endloop
  endfacet
  facet normal 0.078378 0.996924 0
    outer loop
      vertex 27.6871 -15.9754 6.9500
      vertex 28.0000 -16.0000 6.9500
      vertex 28.0000 -16.0000 1.4000
    endloop
  endfacet
  facet normal 0 0 1
    outer loop
      vertex 27.6871 -12.0246 1.4000
      vertex 27.8328 -12.4088 1.4000
      vertex 28.0000 -12.0000 1.4000
    endloop
  endfacet
  facet normal 0.078378 -0.996924 0
    outer loop
      vertex 27.6871 -12.0246 1.4000
      vertex 28.0000 -12.0000 1.4000
      vertex 28.0000 -12.0000 6.9500
    endloop
  endfacet
  facet normal 0.078378 -0.996924 0
    outer loop
      vertex 27.6871 -12.0246 1.4000
      vertex 28.0000 -12.0000 6.9500
      vertex 27.6871 -12.0246 6.9500
    endloop
  endfacet
  facet normal 0 0 1
    outer loop
      vertex 27.6871 -12.0246 6.9500
      vertex 28.0000 -12.0000 6.9500
      vertex 28.0000 -9.7500 6.9500
    endloop
  endfacet
  facet normal 0 1 0
    outer loop
      vertex 27.8328 -52.5912 -1.0000
      vertex 27.8328 -52.5912 1.4000
      vertex 28.1672 -52.5912 -1.0000
    endloop
  endfacet
  facet normal 0 0 1
    outer loop
      vertex 27.8328 -52.5912 -1.0000
      vertex 28.1672 -52.5912 -1.0000
      vertex 27.8328 -49.4088 -1.0000
    endloop
  endfacet
  facet normal 0 0 1
    outer loop
      vertex 27.8328 -52.5912 1.4000
      vertex 28.0000 -53.0000 1.4000
      vertex 28.1672 -52.5912 1.4000
    endloop
  endfacet
  facet normal 0 1 0
    outer loop
      vertex 27.8328 -52.5912 1.4000
      vertex 28.1672 -52.5912 1.4000
      vertex 28.1672 -52.5912 -1.0000
    endloop
  endfacet
  facet normal 0 0 1
    outer loop
      vertex 27.8328 -49.4088 -1.0000
      vertex 28.1672 -52.5912 -1.0000
      vertex 28.1672 -49.4088 -1.0000
    endloop
  endfacet
  facet normal 0 -1 0
    outer loop
      vertex 27.8328 -49.4088 -1.0000
      vertex 28.1672 -49.4088 -1.0000
      vertex 28.1672 -49.4088 1.4000
    endloop
  endfacet
  facet normal 0 -1 0
    outer loop
      vertex 27.8328 -49.4088 -1.0000
      vertex 28.1672 -49.4088 1.4000
      vertex 27.8328 -49.4088 1.4000
    endloop
  endfacet
  facet normal 0 0 1
    outer loop
      vertex 27.8328 -49.4088 1.4000
      vertex 28.1672 -49.4088 1.4000
      vertex 28.0000 -49.0000 1.4000
    endloop
  endfacet
  facet normal 0 1 0
    outer loop
      vertex 27.8328 -15.5912 -1.0000
      vertex 27.8328 -15.5912 1.4000
      vertex 28.1672 -15.5912 -1.0000
    endloop
  endfacet
  facet normal 0 0 1
    outer loop
      vertex 27.8328 -15.5912 -1.0000
      vertex 28.1672 -15.5912 -1.0000
      vertex 27.8328 -12.4088 -1.0000
    endloop
  endfacet
  facet normal 0 0 1
    outer loop
      vertex 27.8328 -15.5912 1.4000
      vertex 28.0000 -16.0000 1.4000
      vertex 28.1672 -15.5912 1.4000
    endloop
  endfacet
  facet normal 0 1 0
    outer loop
      vertex 27.8328 -15.5912 1.4000
      vertex 28.1672 -15.5912 1.4000
      vertex 28.1672 -15.5912 -1.0000
    endloop
  endfacet
  facet normal 0 0 1
    outer loop
      vertex 27.8328 -12.4088 -1.0000
      vertex 28.1672 -15.5912 -1.0000
      vertex 28.1672 -12.4088 -1.0000
    endloop
  endfacet
  facet normal 0 -1 0
    outer loop
      vertex 27.8328 -12.4088 -1.0000
      vertex 28.1672 -12.4088 -1.0000
      vertex 28.1672 -12.4088 1.4000
    endloop
  endfacet
  facet normal 0 -1 0
    outer loop
      vertex 27.8328 -12.4088 -1.0000
      vertex 28.1672 -12.4088 1.4000
      vertex 27.8328 -12.4088 1.4000
    endloop
  endfacet
  facet normal 0 0 1
    outer loop
      vertex 27.8328 -12.4088 1.4000
      vertex 28.1672 -12.4088 1.4000
      vertex 28.0000 -12.0000 1.4000
    endloop
  endfacet
  facet normal 0.078428 -0.99692 0
    outer loop
      vertex 28.0000 -55.2500 0.0000
      vertex 28.6648 -55.1977 0.0000
      vertex 28.6648 -55.1977 6.9500
    endloop
  endfacet
  facet normal 0.078428 -0.99692 0
    outer loop
      vertex 28.0000 -55.2500 0.0000
      vertex 28.6648 -55.1977 6.9500
      vertex 28.0000 -55.2500 6.9500
    endloop
  endfacet
  facet normal 0 0 1
    outer loop
      vertex 28.0000 -55.2500 0.0000
      vertex 39.0000 -68.0000 0.0000
      vertex 28.6648 -55.1977 0.0000
    endloop
  endfacet
  facet normal 0 0 1
    outer loop
      vertex 28.0000 -55.2500 6.9500
      vertex 28.6648 -55.1977 6.9500
      vertex 28.0000 -53.0000 6.9500
    endloop
  endfacet
  facet normal -0.078378 0.996924 0
    outer loop
      vertex 28.0000 -53.0000 1.4000
      vertex 28.0000 -53.0000 6.9500
      vertex 28.3129 -52.9754 1.4000
    endloop
  endfacet
  facet normal 0 0 1
    outer loop
      vertex 28.0000 -53.0000 1.4000
      vertex 28.3129 -52.9754 1.4000
      vertex 28.1672 -52.5912 1.4000
    endloop
  endfacet
  facet normal -0.078378 0.996924 0
    outer loop
      vertex 28.0000 -53.0000 6.9500
      vertex 28.3129 -52.9754 6.9500
      vertex 28.3129 -52.9754 1.4000
    endloop
  endfacet
  facet normal 0 0 1
    outer loop
      vertex 28.0000 -53.0000 6.9500
      vertex 28.6648 -55.1977 6.9500
      vertex 28.3129 -52.9754 6.9500
    endloop
  endfacet
  facet normal 0 0 1
    outer loop
      vertex 28.0000 -49.0000 1.4000
      vertex 28.1672 -49.4088 1.4000
      vertex 28.3129 -49.0246 1.4000
    endloop
  endfacet
  facet normal -0.078378 -0.996924 0
    outer loop
      vertex 28.0000 -49.0000 1.4000
      vertex 28.3129 -49.0246 1.4000
      vertex 28.3129 -49.0246 6.9500
    endloop
  endfacet
  facet normal -0.078378 -0.996924 0
    outer loop
      vertex 28.0000 -49.0000 1.4000
      vertex 28.3129 -49.0246 6.9500
      vertex 28.0000 -49.0000 6.9500
    endloop
  endfacet
  facet normal 0 0 1
    outer loop
      vertex 28.0000 -49.0000 6.9500
      vertex 28.3129 -49.0246 6.9500
      vertex 28.0000 -46.7500 6.9500
    endloop
  endfacet
  facet normal 0.078428 0.99692 0
    outer loop
      vertex 28.0000 -46.7500 0.0000
      vertex 28.0000 -46.7500 6.9500
      vertex 28.6648 -46.8023 0.0000
    endloop
  endfacet
  facet normal 0 0 1
    outer loop
      vertex 28.0000 -46.7500 0.0000
      vertex 28.6648 -46.8023 0.0000
      vertex 28.0000 -18.2500 0.0000
    endloop
  endfacet
  facet normal 0 0 1
    outer loop
      vertex 28.0000 -46.7500 6.9500
      vertex 28.3129 -49.0246 6.9500
      vertex 28.6648 -46.8023 6.9500
    endloop
  endfacet
  facet normal 0.078428 0.99692 0
    outer loop
      vertex 28.0000 -46.7500 6.9500
      vertex 28.6648 -46.8023 6.9500
      vertex 28.6648 -46.8023 0.0000
    endloop
  endfacet
  facet normal 0 0 1
    outer loop
      vertex 28.0000 -18.2500 0.0000
      vertex 28.6648 -46.8023 0.0000
      vertex 28.6648 -18.1977 0.0000
    endloop
  endfacet
  facet normal 0.078428 -0.99692 0
    outer loop
      vertex 28.0000 -18.2500 0.0000
      vertex 28.6648 -18.1977 0.0000
      vertex 28.6648 -18.1977 6.9500
    endloop
  endfacet
  facet normal 0.078428 -0.99692 0
    outer loop
      vertex 28.0000 -18.2500 0.0000
      vertex 28.6648 -18.1977 6.9500
      vertex 28.0000 -18.2500 6.9500
    endloop
  endfacet
  facet normal 0 0 1
    outer loop
      vertex 28.0000 -18.2500 6.9500
      vertex 28.6648 -18.1977 6.9500
      vertex 28.0000 -16.0000 6.9500
    endloop
  endfacet
  facet normal -0.078378 0.996924 0
    outer loop
      vertex 28.0000 -16.0000 1.4000
      vertex 28.0000 -16.0000 6.9500
      vertex 28.3129 -15.9754 1.4000
    endloop
  endfacet
  facet normal 0 0 1
    outer loop
      vertex 28.0000 -16.0000 1.4000
      vertex 28.3129 -15.9754 1.4000
      vertex 28.1672 -15.5912 1.4000
    endloop
  endfacet
  facet normal -0.078378 0.996924 0
    outer loop
      vertex 28.0000 -16.0000 6.9500
      vertex 28.3129 -15.9754 6.9500
      vertex 28.3129 -15.9754 1.4000
    endloop
  endfacet
  facet normal 0 0 1
    outer loop
      vertex 28.0000 -16.0000 6.9500
      vertex 28.6648 -18.1977 6.9500
      vertex 28.3129 -15.9754 6.9500
    endloop
  endfacet
  facet normal 0 0 1
    outer loop
      vertex 28.0000 -12.0000 1.4000
      vertex 28.1672 -12.4088 1.4000
      vertex 28.3129 -12.0246 1.4000
    endloop
  endfacet
  facet normal -0.078378 -0.996924 0
    outer loop
      vertex 28.0000 -12.0000 1.4000
      vertex 28.3129 -12.0246 1.4000
      vertex 28.3129 -12.0246 6.9500
    endloop
  endfacet
  facet normal -0.078378 -0.996924 0
    outer loop
      vertex 28.0000 -12.0000 1.4000
      vertex 28.3129 -12.0246 6.9500
      vertex 28.0000 -12.0000 6.9500
    endloop
  endfacet
  facet normal 0 0 1
    outer loop
      vertex 28.0000 -12.0000 6.9500
      vertex 28.3129 -12.0246 6.9500
      vertex 28.0000 -9.7500 6.9500
    endloop
  endfacet
  facet normal 0.078428 0.99692 0
    outer loop
      vertex 28.0000 -9.7500 0.0000
      vertex 28.0000 -9.7500 6.9500
      vertex 28.6648 -9.8023 0.0000
    endloop
  endfacet
  facet normal 0 0 1
    outer loop
      vertex 28.0000 -9.7500 0.0000
      vertex 28.6648 -9.8023 0.0000
      vertex 33.6000 23.3000 0.0000
    endloop
  endfacet
  facet normal 0 0 1
    outer loop
      vertex 28.0000 -9.7500 6.9500
      vertex 28.3129 -12.0246 6.9500
      vertex 28.6648 -9.8023 6.9500
    endloop
  endfacet
  facet normal 0.078428 0.99692 0
    outer loop
      vertex 28.0000 -9.7500 6.9500
      vertex 28.6648 -9.8023 6.9500
      vertex 28.6648 -9.8023 0.0000
    endloop
  endfacet
  facet normal -0.207773 0.978177 0
    outer loop
      vertex 28.1672 -52.5912 -1.0000
      vertex 28.1672 -52.5912 1.4000
      vertex 28.4944 -52.5217 -1.0000
    endloop
  endfacet
  facet normal 0 0 1
    outer loop
      vertex 28.1672 -52.5912 -1.0000
      vertex 28.4944 -52.5217 -1.0000
      vertex 28.1672 -49.4088 -1.0000
    endloop
  endfacet
  facet normal 0 0 1
    outer loop
      vertex 28.1672 -52.5912 1.4000
      vertex 28.3129 -52.9754 1.4000
      vertex 28.4944 -52.5217 1.4000
    endloop
  endfacet
  facet normal -0.207773 0.978177 0
    outer loop
      vertex 28.1672 -52.5912 1.4000
      vertex 28.4944 -52.5217 1.4000
      vertex 28.4944 -52.5217 -1.0000
    endloop
  endfacet
  facet normal 0 0 1
    outer loop
      vertex 28.1672 -49.4088 -1.0000
      vertex 28.4944 -52.5217 -1.0000
      vertex 28.4944 -49.4783 -1.0000
    endloop
  endfacet
  facet normal -0.207773 -0.978177 0
    outer loop
      vertex 28.1672 -49.4088 -1.0000
      vertex 28.4944 -49.4783 -1.0000
      vertex 28.4944 -49.4783 1.4000
    endloop
  endfacet
  facet normal -0.207773 -0.978177 0
    outer loop
      vertex 28.1672 -49.4088 -1.0000
      vertex 28.4944 -49.4783 1.4000
      vertex 28.1672 -49.4088 1.4000
    endloop
  endfacet
  facet normal 0 0 1
    outer loop
      vertex 28.1672 -49.4088 1.4000
      vertex 28.4944 -49.4783 1.4000
      vertex 28.3129 -49.0246 1.4000
    endloop
  endfacet
  facet normal -0.207773 0.978177 0
    outer loop
      vertex 28.1672 -15.5912 -1.0000
      vertex 28.1672 -15.5912 1.4000
      vertex 28.4944 -15.5217 -1.0000
    endloop
  endfacet
  facet normal 0 0 1
    outer loop
      vertex 28.1672 -15.5912 -1.0000
      vertex 28.4944 -15.5217 -1.0000
      vertex 28.1672 -12.4088 -1.0000
    endloop
  endfacet
  facet normal 0 0 1
    outer loop
      vertex 28.1672 -15.5912 1.4000
      vertex 28.3129 -15.9754 1.4000
      vertex 28.4944 -15.5217 1.4000
    endloop
  endfacet
  facet normal -0.207773 0.978177 0
    outer loop
      vertex 28.1672 -15.5912 1.4000
      vertex 28.4944 -15.5217 1.4000
      vertex 28.4944 -15.5217 -1.0000
    endloop
  endfacet
  facet normal 0 0 1
    outer loop
      vertex 28.1672 -12.4088 -1.0000
      vertex 28.4944 -15.5217 -1.0000
      vertex 28.4944 -12.4783 -1.0000
    endloop
  endfacet
  facet normal -0.207773 -0.978177 0
    outer loop
      vertex 28.1672 -12.4088 -1.0000
      vertex 28.4944 -12.4783 -1.0000
      vertex 28.4944 -12.4783 1.4000
    endloop
  endfacet
  facet normal -0.207773 -0.978177 0
    outer loop
      vertex 28.1672 -12.4088 -1.0000
      vertex 28.4944 -12.4783 1.4000
      vertex 28.1672 -12.4088 1.4000
    endloop
  endfacet
  facet normal 0 0 1
    outer loop
      vertex 28.1672 -12.4088 1.4000
      vertex 28.4944 -12.4783 1.4000
      vertex 28.3129 -12.0246 1.4000
    endloop
  endfacet
  facet normal -0.233602 0.972332 0
    outer loop
      vertex 28.3129 -52.9754 1.4000
      vertex 28.3129 -52.9754 6.9500
      vertex 28.6180 -52.9021 1.4000
    endloop
  endfacet
  facet normal 0 0 1
    outer loop
      vertex 28.3129 -52.9754 1.4000
      vertex 28.6180 -52.9021 1.4000
      vertex 28.4944 -52.5217 1.4000
    endloop
  endfacet
  facet normal -0.233602 0.972332 0
    outer loop
      vertex 28.3129 -52.9754 6.9500
      vertex 28.6180 -52.9021 6.9500
      vertex 28.6180 -52.9021 1.4000
    endloop
  endfacet
  facet normal 0 0 1
    outer loop
      vertex 28.3129 -52.9754 6.9500
      vertex 28.6648 -55.1977 6.9500
      vertex 28.6180 -52.9021 6.9500
    endloop
  endfacet
  facet normal 0 0 1
    outer loop
      vertex 28.3129 -49.0246 1.4000
      vertex 28.4944 -49.4783 1.4000
      vertex 28.6180 -49.0979 1.4000
    endloop
  endfacet
  facet normal -0.233602 -0.972332 0
    outer loop
      vertex 28.3129 -49.0246 1.4000
      vertex 28.6180 -49.0979 1.4000
      vertex 28.6180 -49.0979 6.9500
    endloop
  endfacet
  facet normal -0.233602 -0.972332 0
    outer loop
      vertex 28.3129 -49.0246 1.4000
      vertex 28.6180 -49.0979 6.9500
      vertex 28.3129 -49.0246 6.9500
    endloop
  endfacet
  facet normal 0 0 1
    outer loop
      vertex 28.3129 -49.0246 6.9500
      vertex 28.6180 -49.0979 6.9500
      vertex 28.6648 -46.8023 6.9500
    endloop
  endfacet
  facet normal -0.233602 0.972332 0
    outer loop
      vertex 28.3129 -15.9754 1.4000
      vertex 28.3129 -15.9754 6.9500
      vertex 28.6180 -15.9021 1.4000
    endloop
  endfacet
  facet normal 0 0 1
    outer loop
      vertex 28.3129 -15.9754 1.4000
      vertex 28.6180 -15.9021 1.4000
      vertex 28.4944 -15.5217 1.4000
    endloop
  endfacet
  facet normal -0.233602 0.972332 0
    outer loop
      vertex 28.3129 -15.9754 6.9500
      vertex 28.6180 -15.9021 6.9500
      vertex 28.6180 -15.9021 1.4000
    endloop
  endfacet
  facet normal 0 0 1
    outer loop
      vertex 28.3129 -15.9754 6.9500
      vertex 28.6648 -18.1977 6.9500
      vertex 28.6180 -15.9021 6.9500
    endloop
  endfacet
  facet normal 0 0 1
    outer loop
      vertex 28.3129 -12.0246 1.4000
      vertex 28.4944 -12.4783 1.4000
      vertex 28.6180 -12.0979 1.4000
    endloop
  endfacet
  facet normal -0.233602 -0.972332 0
    outer loop
      vertex 28.3129 -12.0246 1.4000
      vertex 28.6180 -12.0979 1.4000
      vertex 28.6180 -12.0979 6.9500
    endloop
  endfacet
  facet normal -0.233602 -0.972332 0
    outer loop
      vertex 28.3129 -12.0246 1.4000
      vertex 28.6180 -12.0979 6.9500
      vertex 28.3129 -12.0246 6.9500
    endloop
  endfacet
  facet normal 0 0 1
    outer loop
      vertex 28.3129 -12.0246 6.9500
      vertex 28.6180 -12.0979 6.9500
      vertex 28.6648 -9.8023 6.9500
    endloop
  endfacet
  facet normal -0.406832 0.913503 0
    outer loop
      vertex 28.4944 -52.5217 -1.0000
      vertex 28.4944 -52.5217 1.4000
      vertex 28.8000 -52.3856 -1.0000
    endloop
  endfacet
  facet normal 0 0 1
    outer loop
      vertex 28.4944 -52.5217 -1.0000
      vertex 28.8000 -52.3856 -1.0000
      vertex 28.4944 -49.4783 -1.0000
    endloop
  endfacet
  facet normal 0 0 1
    outer loop
      vertex 28.4944 -52.5217 1.4000
      vertex 28.6180 -52.9021 1.4000
      vertex 28.9080 -52.7820 1.4000
    endloop
  endfacet
  facet normal -0.406832 0.913503 0
    outer loop
      vertex 28.4944 -52.5217 1.4000
      vertex 28.8000 -52.3856 1.4000
      vertex 28.8000 -52.3856 -1.0000
    endloop
  endfacet
  facet normal 0 0 1
    outer loop
      vertex 28.4944 -52.5217 1.4000
      vertex 28.9080 -52.7820 1.4000
      vertex 28.8000 -52.3856 1.4000
    endloop
  endfacet
  facet normal 0 0 1
    outer loop
      vertex 28.4944 -49.4783 -1.0000
      vertex 28.8000 -52.3856 -1.0000
      vertex 28.8000 -49.6144 -1.0000
    endloop
  endfacet
  facet normal -0.406832 -0.913503 0
    outer loop
      vertex 28.4944 -49.4783 -1.0000
      vertex 28.8000 -49.6144 -1.0000
      vertex 28.8000 -49.6144 1.4000
    endloop
  endfacet
  facet normal -0.406832 -0.913503 0
    outer loop
      vertex 28.4944 -49.4783 -1.0000
      vertex 28.8000 -49.6144 1.4000
      vertex 28.4944 -49.4783 1.4000
    endloop
  endfacet
  facet normal 0 0 1
    outer loop
      vertex 28.4944 -49.4783 1.4000
      vertex 28.8000 -49.6144 1.4000
      vertex 28.9080 -49.2180 1.4000
    endloop
  endfacet
  facet normal 0 0 1
    outer loop
      vertex 28.4944 -49.4783 1.4000
      vertex 28.9080 -49.2180 1.4000
      vertex 28.6180 -49.0979 1.4000
    endloop
  endfacet
  facet normal -0.406832 0.913503 0
    outer loop
      vertex 28.4944 -15.5217 -1.0000
      vertex 28.4944 -15.5217 1.4000
      vertex 28.8000 -15.3856 -1.0000
    endloop
  endfacet
  facet normal 0 0 1
    outer loop
      vertex 28.4944 -15.5217 -1.0000
      vertex 28.8000 -15.3856 -1.0000
      vertex 28.4944 -12.4783 -1.0000
    endloop
  endfacet
  facet normal 0 0 1
    outer loop
      vertex 28.4944 -15.5217 1.4000
      vertex 28.6180 -15.9021 1.4000
      vertex 28.9080 -15.7820 1.4000
    endloop
  endfacet
  facet normal -0.406832 0.913503 0
    outer loop
      vertex 28.4944 -15.5217 1.4000
      vertex 28.8000 -15.3856 1.4000
      vertex 28.8000 -15.3856 -1.0000
    endloop
  endfacet
  facet normal 0 0 1
    outer loop
      vertex 28.4944 -15.5217 1.4000
      vertex 28.9080 -15.7820 1.4000
      vertex 28.8000 -15.3856 1.4000
    endloop
  endfacet
  facet normal 0 0 1
    outer loop
      vertex 28.4944 -12.4783 -1.0000
      vertex 28.8000 -15.3856 -1.0000
      vertex 28.8000 -12.6144 -1.0000
    endloop
  endfacet
  facet normal -0.406832 -0.913503 0
    outer loop
      vertex 28.4944 -12.4783 -1.0000
      vertex 28.8000 -12.6144 -1.0000
      vertex 28.8000 -12.6144 1.4000
    endloop
  endfacet
  facet normal -0.406832 -0.913503 0
    outer loop
      vertex 28.4944 -12.4783 -1.0000
      vertex 28.8000 -12.6144 1.4000
      vertex 28.4944 -12.4783 1.4000
    endloop
  endfacet
  facet normal 0 0 1
    outer loop
      vertex 28.4944 -12.4783 1.4000
      vertex 28.8000 -12.6144 1.4000
      vertex 28.9080 -12.2180 1.4000
    endloop
  endfacet
  facet normal 0 0 1
    outer loop
      vertex 28.4944 -12.4783 1.4000
      vertex 28.9080 -12.2180 1.4000
      vertex 28.6180 -12.0979 1.4000
    endloop
  endfacet
  facet normal -0.382624 0.923904 0
    outer loop
      vertex 28.6180 -52.9021 1.4000
      vertex 28.6180 -52.9021 6.9500
      vertex 28.9080 -52.7820 1.4000
    endloop
  endfacet
  facet normal 0 0 1
    outer loop
      vertex 28.6180 -52.9021 6.9500
      vertex 28.6648 -55.1977 6.9500
      vertex 29.3133 -55.0420 6.9500
    endloop
  endfacet
  facet normal -0.382624 0.923904 0
    outer loop
      vertex 28.6180 -52.9021 6.9500
      vertex 28.9080 -52.7820 6.9500
      vertex 28.9080 -52.7820 1.4000
    endloop
  endfacet
  facet normal 0 0 1
    outer loop
      vertex 28.6180 -52.9021 6.9500
      vertex 29.3133 -55.0420 6.9500
      vertex 28.9080 -52.7820 6.9500
    endloop
  endfacet
  facet normal -0.382624 -0.923904 0
    outer loop
      vertex 28.6180 -49.0979 1.4000
      vertex 28.9080 -49.2180 1.4000
      vertex 28.9080 -49.2180 6.9500
    endloop
  endfacet
  facet normal -0.382624 -0.923904 0
    outer loop
      vertex 28.6180 -49.0979 1.4000
      vertex 28.9080 -49.2180 6.9500
      vertex 28.6180 -49.0979 6.9500
    endloop
  endfacet
  facet normal 0 0 1
    outer loop
      vertex 28.6180 -49.0979 6.9500
      vertex 28.9080 -49.2180 6.9500
      vertex 29.3133 -46.9580 6.9500
    endloop
  endfacet
  facet normal 0 0 1
    outer loop
      vertex 28.6180 -49.0979 6.9500
      vertex 29.3133 -46.9580 6.9500
      vertex 28.6648 -46.8023 6.9500
    endloop
  endfacet
  facet normal -0.382624 0.923904 0
    outer loop
      vertex 28.6180 -15.9021 1.4000
      vertex 28.6180 -15.9021 6.9500
      vertex 28.9080 -15.7820 1.4000
    endloop
  endfacet
  facet normal 0 0 1
    outer loop
      vertex 28.6180 -15.9021 6.9500
      vertex 28.6648 -18.1977 6.9500
      vertex 29.3133 -18.0420 6.9500
    endloop
  endfacet
  facet normal -0.382624 0.923904 0
    outer loop
      vertex 28.6180 -15.9021 6.9500
      vertex 28.9080 -15.7820 6.9500
      vertex 28.9080 -15.7820 1.4000
    endloop
  endfacet
  facet normal 0 0 1
    outer loop
      vertex 28.6180 -15.9021 6.9500
      vertex 29.3133 -18.0420 6.9500
      vertex 28.9080 -15.7820 6.9500
    endloop
  endfacet
  facet normal -0.382624 -0.923904 0
    outer loop
      vertex 28.6180 -12.0979 1.4000
      vertex 28.9080 -12.2180 1.4000
      vertex 28.9080 -12.2180 6.9500
    endloop
  endfacet
  facet normal -0.382624 -0.923904 0
    outer loop
      vertex 28.6180 -12.0979 1.4000
      vertex 28.9080 -12.2180 6.9500
      vertex 28.6180 -12.0979 6.9500
    endloop
  endfacet
  facet normal 0 0 1
    outer loop
      vertex 28.6180 -12.0979 6.9500
      vertex 28.9080 -12.2180 6.9500
      vertex 29.3133 -9.9580 6.9500
    endloop
  endfacet
  facet normal 0 0 1
    outer loop
      vertex 28.6180 -12.0979 6.9500
      vertex 29.3133 -9.9580 6.9500
      vertex 28.6648 -9.8023 6.9500
    endloop
  endfacet
  facet normal 0.233458 -0.972367 0
    outer loop
      vertex 28.6648 -55.1977 0.0000
      vertex 29.3133 -55.0420 0.0000
      vertex 29.3133 -55.0420 6.9500
    endloop
  endfacet
  facet normal 0.233458 -0.972367 0
    outer loop
      vertex 28.6648 -55.1977 0.0000
      vertex 29.3133 -55.0420 6.9500
      vertex 28.6648 -55.1977 6.9500
    endloop
  endfacet
  facet normal 0 0 1
    outer loop
      vertex 28.6648 -55.1977 0.0000
      vertex 39.0000 -68.0000 0.0000
      vertex 29.3133 -55.0420 0.0000
    endloop
  endfacet
  facet normal 0.233458 0.972367 0
    outer loop
      vertex 28.6648 -46.8023 0.0000
      vertex 28.6648 -46.8023 6.9500
      vertex 29.3133 -46.9580 0.0000
    endloop
  endfacet
  facet normal 0 0 1
    outer loop
      vertex 28.6648 -46.8023 0.0000
      vertex 29.3133 -46.9580 0.0000
      vertex 28.6648 -18.1977 0.0000
    endloop
  endfacet
  facet normal 0.233458 0.972367 0
    outer loop
      vertex 28.6648 -46.8023 6.9500
      vertex 29.3133 -46.9580 6.9500
      vertex 29.3133 -46.9580 0.0000
    endloop
  endfacet
  facet normal 0 0 1
    outer loop
      vertex 28.6648 -18.1977 0.0000
      vertex 29.3133 -46.9580 0.0000
      vertex 29.3133 -18.0420 0.0000
    endloop
  endfacet
  facet normal 0.233458 -0.972367 0
    outer loop
      vertex 28.6648 -18.1977 0.0000
      vertex 29.3133 -18.0420 0.0000
      vertex 29.3133 -18.0420 6.9500
    endloop
  endfacet
  facet normal 0.233458 -0.972367 0
    outer loop
      vertex 28.6648 -18.1977 0.0000
      vertex 29.3133 -18.0420 6.9500
      vertex 28.6648 -18.1977 6.9500
    endloop
  endfacet
  facet normal 0.233458 0.972367 0
    outer loop
      vertex 28.6648 -9.8023 0.0000
      vertex 28.6648 -9.8023 6.9500
      vertex 29.3133 -9.9580 0.0000
    endloop
  endfacet
  facet normal 0 0 1
    outer loop
      vertex 28.6648 -9.8023 0.0000
      vertex 29.3133 -9.9580 0.0000
      vertex 33.6000 23.3000 0.0000
    endloop
  endfacet
  facet normal 0.233458 0.972367 0
    outer loop
      vertex 28.6648 -9.8023 6.9500
      vertex 29.3133 -9.9580 6.9500
      vertex 29.3133 -9.9580 0.0000
    endloop
  endfacet
  facet normal -0.587781 0.80902 0
    outer loop
      vertex 28.8000 -52.3856 -1.0000
      vertex 28.8000 -52.3856 1.4000
      vertex 29.0706 -52.1890 -1.0000
    endloop
  endfacet
  facet normal 0 0 1
    outer loop
      vertex 28.8000 -52.3856 -1.0000
      vertex 29.0706 -52.1890 -1.0000
      vertex 28.8000 -49.6144 -1.0000
    endloop
  endfacet
  facet normal 0 0 1
    outer loop
      vertex 28.8000 -52.3856 1.4000
      vertex 28.9080 -52.7820 1.4000
      vertex 29.1756 -52.6180 1.4000
    endloop
  endfacet
  facet normal -0.587781 0.80902 0
    outer loop
      vertex 28.8000 -52.3856 1.4000
      vertex 29.0706 -52.1890 1.4000
      vertex 29.0706 -52.1890 -1.0000
    endloop
  endfacet
  facet normal 0 0 1
    outer loop
      vertex 28.8000 -52.3856 1.4000
      vertex 29.1756 -52.6180 1.4000
      vertex 29.0706 -52.1890 1.4000
    endloop
  endfacet
  facet normal 0 0 1
    outer loop
      vertex 28.8000 -49.6144 -1.0000
      vertex 29.0706 -52.1890 -1.0000
      vertex 29.0706 -49.8110 -1.0000
    endloop
  endfacet
  facet normal -0.587781 -0.80902 0
    outer loop
      vertex 28.8000 -49.6144 -1.0000
      vertex 29.0706 -49.8110 -1.0000
      vertex 29.0706 -49.8110 1.4000
    endloop
  endfacet
  facet normal -0.587781 -0.80902 0
    outer loop
      vertex 28.8000 -49.6144 -1.0000
      vertex 29.0706 -49.8110 1.4000
      vertex 28.8000 -49.6144 1.4000
    endloop
  endfacet
  facet normal 0 0 1
    outer loop
      vertex 28.8000 -49.6144 1.4000
      vertex 29.0706 -49.8110 1.4000
      vertex 29.1756 -49.3820 1.4000
    endloop
  endfacet
  facet normal 0 0 1
    outer loop
      vertex 28.8000 -49.6144 1.4000
      vertex 29.1756 -49.3820 1.4000
      vertex 28.9080 -49.2180 1.4000
    endloop
  endfacet
  facet normal -0.587781 0.80902 0
    outer loop
      vertex 28.8000 -15.3856 -1.0000
      vertex 28.8000 -15.3856 1.4000
      vertex 29.0706 -15.1890 -1.0000
    endloop
  endfacet
  facet normal 0 0 1
    outer loop
      vertex 28.8000 -15.3856 -1.0000
      vertex 29.0706 -15.1890 -1.0000
      vertex 28.8000 -12.6144 -1.0000
    endloop
  endfacet
  facet normal 0 0 1
    outer loop
      vertex 28.8000 -15.3856 1.4000
      vertex 28.9080 -15.7820 1.4000
      vertex 29.1756 -15.6180 1.4000
    endloop
  endfacet
  facet normal -0.587781 0.80902 0
    outer loop
      vertex 28.8000 -15.3856 1.4000
      vertex 29.0706 -15.1890 1.4000
      vertex 29.0706 -15.1890 -1.0000
    endloop
  endfacet
  facet normal 0 0 1
    outer loop
      vertex 28.8000 -15.3856 1.4000
      vertex 29.1756 -15.6180 1.4000
      vertex 29.0706 -15.1890 1.4000
    endloop
  endfacet
  facet normal 0 0 1
    outer loop
      vertex 28.8000 -12.6144 -1.0000
      vertex 29.0706 -15.1890 -1.0000
      vertex 29.0706 -12.8110 -1.0000
    endloop
  endfacet
  facet normal -0.587781 -0.80902 0
    outer loop
      vertex 28.8000 -12.6144 -1.0000
      vertex 29.0706 -12.8110 -1.0000
      vertex 29.0706 -12.8110 1.4000
    endloop
  endfacet
  facet normal -0.587781 -0.80902 0
    outer loop
      vertex 28.8000 -12.6144 -1.0000
      vertex 29.0706 -12.8110 1.4000
      vertex 28.8000 -12.6144 1.4000
    endloop
  endfacet
  facet normal 0 0 1
    outer loop
      vertex 28.8000 -12.6144 1.4000
      vertex 29.0706 -12.8110 1.4000
      vertex 29.1756 -12.3820 1.4000
    endloop
  endfacet
  facet normal 0 0 1
    outer loop
      vertex 28.8000 -12.6144 1.4000
      vertex 29.1756 -12.3820 1.4000
      vertex 28.9080 -12.2180 1.4000
    endloop
  endfacet
  facet normal -0.522532 0.85262 0
    outer loop
      vertex 28.9080 -52.7820 1.4000
      vertex 28.9080 -52.7820 6.9500
      vertex 29.1756 -52.6180 1.4000
    endloop
  endfacet
  facet normal -0.522532 0.85262 0
    outer loop
      vertex 28.9080 -52.7820 6.9500
      vertex 29.1756 -52.6180 6.9500
      vertex 29.1756 -52.6180 1.4000
    endloop
  endfacet
  facet normal 0 0 1
    outer loop
      vertex 28.9080 -52.7820 6.9500
      vertex 29.3133 -55.0420 6.9500
      vertex 29.9295 -54.7868 6.9500
    endloop
  endfacet
  facet normal 0 0 1
    outer loop
      vertex 28.9080 -52.7820 6.9500
      vertex 29.9295 -54.7868 6.9500
      vertex 29.1756 -52.6180 6.9500
    endloop
  endfacet
  facet normal -0.522532 -0.85262 0
    outer loop
      vertex 28.9080 -49.2180 1.4000
      vertex 29.1756 -49.3820 1.4000
      vertex 29.1756 -49.3820 6.9500
    endloop
  endfacet
  facet normal -0.522532 -0.85262 0
    outer loop
      vertex 28.9080 -49.2180 1.4000
      vertex 29.1756 -49.3820 6.9500
      vertex 28.9080 -49.2180 6.9500
    endloop
  endfacet
  facet normal 0 0 1
    outer loop
      vertex 28.9080 -49.2180 6.9500
      vertex 29.1756 -49.3820 6.9500
      vertex 29.9295 -47.2132 6.9500
    endloop
  endfacet
  facet normal 0 0 1
    outer loop
      vertex 28.9080 -49.2180 6.9500
      vertex 29.9295 -47.2132 6.9500
      vertex 29.3133 -46.9580 6.9500
    endloop
  endfacet
  facet normal -0.522532 0.85262 0
    outer loop
      vertex 28.9080 -15.7820 1.4000
      vertex 28.9080 -15.7820 6.9500
      vertex 29.1756 -15.6180 1.4000
    endloop
  endfacet
  facet normal -0.522532 0.85262 0
    outer loop
      vertex 28.9080 -15.7820 6.9500
      vertex 29.1756 -15.6180 6.9500
      vertex 29.1756 -15.6180 1.4000
    endloop
  endfacet
  facet normal 0 0 1
    outer loop
      vertex 28.9080 -15.7820 6.9500
      vertex 29.3133 -18.0420 6.9500
      vertex 29.9295 -17.7868 6.9500
    endloop
  endfacet
  facet normal 0 0 1
    outer loop
      vertex 28.9080 -15.7820 6.9500
      vertex 29.9295 -17.7868 6.9500
      vertex 29.1756 -15.6180 6.9500
    endloop
  endfacet
  facet normal -0.522532 -0.85262 0
    outer loop
      vertex 28.9080 -12.2180 1.4000
      vertex 29.1756 -12.3820 1.4000
      vertex 29.1756 -12.3820 6.9500
    endloop
  endfacet
  facet normal -0.522532 -0.85262 0
    outer loop
      vertex 28.9080 -12.2180 1.4000
      vertex 29.1756 -12.3820 6.9500
      vertex 28.9080 -12.2180 6.9500
    endloop
  endfacet
  facet normal 0 0 1
    outer loop
      vertex 28.9080 -12.2180 6.9500
      vertex 29.1756 -12.3820 6.9500
      vertex 29.9295 -10.2132 6.9500
    endloop
  endfacet
  facet normal 0 0 1
    outer loop
      vertex 28.9080 -12.2180 6.9500
      vertex 29.9295 -10.2132 6.9500
      vertex 29.3133 -9.9580 6.9500
    endloop
  endfacet
  facet normal -0.743071 0.669213 0
    outer loop
      vertex 29.0706 -52.1890 -1.0000
      vertex 29.0706 -52.1890 1.4000
      vertex 29.2944 -51.9405 1.4000
    endloop
  endfacet
  facet normal 0 0 1
    outer loop
      vertex 29.0706 -52.1890 -1.0000
      vertex 29.2944 -51.9405 -1.0000
      vertex 29.0706 -49.8110 -1.0000
    endloop
  endfacet
  facet normal -0.743071 0.669213 0
    outer loop
      vertex 29.0706 -52.1890 -1.0000
      vertex 29.2944 -51.9405 1.4000
      vertex 29.2944 -51.9405 -1.0000
    endloop
  endfacet
  facet normal 0 0 1
    outer loop
      vertex 29.0706 -52.1890 1.4000
      vertex 29.1756 -52.6180 1.4000
      vertex 29.4142 -52.4142 1.4000
    endloop
  endfacet
  facet normal 0 0 1
    outer loop
      vertex 29.0706 -52.1890 1.4000
      vertex 29.4142 -52.4142 1.4000
      vertex 29.2944 -51.9405 1.4000
    endloop
  endfacet
  facet normal 0 0 1
    outer loop
      vertex 29.0706 -49.8110 -1.0000
      vertex 29.2944 -51.9405 -1.0000
      vertex 29.2944 -50.0595 -1.0000
    endloop
  endfacet
  facet normal -0.743071 -0.669213 0
    outer loop
      vertex 29.0706 -49.8110 -1.0000
      vertex 29.2944 -50.0595 -1.0000
      vertex 29.0706 -49.8110 1.4000
    endloop
  endfacet
  facet normal -0.743071 -0.669213 0
    outer loop
      vertex 29.0706 -49.8110 1.4000
      vertex 29.2944 -50.0595 -1.0000
      vertex 29.2944 -50.0595 1.4000
    endloop
  endfacet
  facet normal 0 0 1
    outer loop
      vertex 29.0706 -49.8110 1.4000
      vertex 29.2944 -50.0595 1.4000
      vertex 29.4142 -49.5858 1.4000
    endloop
  endfacet
  facet normal 0 0 1
    outer loop
      vertex 29.0706 -49.8110 1.4000
      vertex 29.4142 -49.5858 1.4000
      vertex 29.1756 -49.3820 1.4000
    endloop
  endfacet
  facet normal -0.743071 0.669213 0
    outer loop
      vertex 29.0706 -15.1890 -1.0000
      vertex 29.0706 -15.1890 1.4000
      vertex 29.2944 -14.9405 1.4000
    endloop
  endfacet
  facet normal 0 0 1
    outer loop
      vertex 29.0706 -15.1890 -1.0000
      vertex 29.2944 -14.9405 -1.0000
      vertex 29.0706 -12.8110 -1.0000
    endloop
  endfacet
  facet normal -0.743071 0.669213 0
    outer loop
      vertex 29.0706 -15.1890 -1.0000
      vertex 29.2944 -14.9405 1.4000
      vertex 29.2944 -14.9405 -1.0000
    endloop
  endfacet
  facet normal 0 0 1
    outer loop
      vertex 29.0706 -15.1890 1.4000
      vertex 29.1756 -15.6180 1.4000
      vertex 29.4142 -15.4142 1.4000
    endloop
  endfacet
  facet normal 0 0 1
    outer loop
      vertex 29.0706 -15.1890 1.4000
      vertex 29.4142 -15.4142 1.4000
      vertex 29.2944 -14.9405 1.4000
    endloop
  endfacet
  facet normal 0 0 1
    outer loop
      vertex 29.0706 -12.8110 -1.0000
      vertex 29.2944 -14.9405 -1.0000
      vertex 29.2944 -13.0595 -1.0000
    endloop
  endfacet
  facet normal -0.743071 -0.669213 0
    outer loop
      vertex 29.0706 -12.8110 -1.0000
      vertex 29.2944 -13.0595 -1.0000
      vertex 29.0706 -12.8110 1.4000
    endloop
  endfacet
  facet normal -0.743071 -0.669213 0
    outer loop
      vertex 29.0706 -12.8110 1.4000
      vertex 29.2944 -13.0595 -1.0000
      vertex 29.2944 -13.0595 1.4000
    endloop
  endfacet
  facet normal 0 0 1
    outer loop
      vertex 29.0706 -12.8110 1.4000
      vertex 29.2944 -13.0595 1.4000
      vertex 29.4142 -12.5858 1.4000
    endloop
  endfacet
  facet normal 0 0 1
    outer loop
      vertex 29.0706 -12.8110 1.4000
      vertex 29.4142 -12.5858 1.4000
      vertex 29.1756 -12.3820 1.4000
    endloop
  endfacet
  facet normal -0.649478 0.76038 0
    outer loop
      vertex 29.1756 -52.6180 1.4000
      vertex 29.1756 -52.6180 6.9500
      vertex 29.4142 -52.4142 1.4000
    endloop
  endfacet
  facet normal -0.649478 0.76038 0
    outer loop
      vertex 29.1756 -52.6180 6.9500
      vertex 29.4142 -52.4142 6.9500
      vertex 29.4142 -52.4142 1.4000
    endloop
  endfacet
  facet normal 0 0 1
    outer loop
      vertex 29.1756 -52.6180 6.9500
      vertex 29.9295 -54.7868 6.9500
      vertex 30.4981 -54.4383 6.9500
    endloop
  endfacet
  facet normal 0 0 1
    outer loop
      vertex 29.1756 -52.6180 6.9500
      vertex 30.4981 -54.4383 6.9500
      vertex 29.4142 -52.4142 6.9500
    endloop
  endfacet
  facet normal -0.649478 -0.76038 0
    outer loop
      vertex 29.1756 -49.3820 1.4000
      vertex 29.4142 -49.5858 1.4000
      vertex 29.4142 -49.5858 6.9500
    endloop
  endfacet
  facet normal -0.649478 -0.76038 0
    outer loop
      vertex 29.1756 -49.3820 1.4000
      vertex 29.4142 -49.5858 6.9500
      vertex 29.1756 -49.3820 6.9500
    endloop
  endfacet
  facet normal 0 0 1
    outer loop
      vertex 29.1756 -49.3820 6.9500
      vertex 29.4142 -49.5858 6.9500
      vertex 30.4981 -47.5617 6.9500
    endloop
  endfacet
  facet normal 0 0 1
    outer loop
      vertex 29.1756 -49.3820 6.9500
      vertex 30.4981 -47.5617 6.9500
      vertex 29.9295 -47.2132 6.9500
    endloop
  endfacet
  facet normal -0.649478 0.76038 0
    outer loop
      vertex 29.1756 -15.6180 1.4000
      vertex 29.1756 -15.6180 6.9500
      vertex 29.4142 -15.4142 1.4000
    endloop
  endfacet
  facet normal -0.649478 0.76038 0
    outer loop
      vertex 29.1756 -15.6180 6.9500
      vertex 29.4142 -15.4142 6.9500
      vertex 29.4142 -15.4142 1.4000
    endloop
  endfacet
  facet normal 0 0 1
    outer loop
      vertex 29.1756 -15.6180 6.9500
      vertex 29.9295 -17.7868 6.9500
      vertex 30.4981 -17.4383 6.9500
    endloop
  endfacet
  facet normal 0 0 1
    outer loop
      vertex 29.1756 -15.6180 6.9500
      vertex 30.4981 -17.4383 6.9500
      vertex 29.4142 -15.4142 6.9500
    endloop
  endfacet
  facet normal -0.649478 -0.76038 0
    outer loop
      vertex 29.1756 -12.3820 1.4000
      vertex 29.4142 -12.5858 1.4000
      vertex 29.4142 -12.5858 6.9500
    endloop
  endfacet
  facet normal -0.649478 -0.76038 0
    outer loop
      vertex 29.1756 -12.3820 1.4000
      vertex 29.4142 -12.5858 6.9500
      vertex 29.1756 -12.3820 6.9500
    endloop
  endfacet
  facet normal 0 0 1
    outer loop
      vertex 29.1756 -12.3820 6.9500
      vertex 29.4142 -12.5858 6.9500
      vertex 30.4981 -10.5617 6.9500
    endloop
  endfacet
  facet normal 0 0 1
    outer loop
      vertex 29.1756 -12.3820 6.9500
      vertex 30.4981 -10.5617 6.9500
      vertex 29.9295 -10.2132 6.9500
    endloop
  endfacet
  facet normal -0.865972 0.500093 0
    outer loop
      vertex 29.2944 -51.9405 -1.0000
      vertex 29.2944 -51.9405 1.4000
      vertex 29.4617 -51.6508 1.4000
    endloop
  endfacet
  facet normal 0 0 1
    outer loop
      vertex 29.2944 -51.9405 -1.0000
      vertex 29.4617 -51.6508 -1.0000
      vertex 29.2944 -50.0595 -1.0000
    endloop
  endfacet
  facet normal -0.865972 0.500093 0
    outer loop
      vertex 29.2944 -51.9405 -1.0000
      vertex 29.4617 -51.6508 1.4000
      vertex 29.4617 -51.6508 -1.0000
    endloop
  endfacet
  facet normal 0 0 1
    outer loop
      vertex 29.2944 -51.9405 1.4000
      vertex 29.4142 -52.4142 1.4000
      vertex 29.6180 -52.1756 1.4000
    endloop
  endfacet
  facet normal 0 0 1
    outer loop
      vertex 29.2944 -51.9405 1.4000
      vertex 29.6180 -52.1756 1.4000
      vertex 29.7820 -51.9080 1.4000
    endloop
  endfacet
  facet normal 0 0 1
    outer loop
      vertex 29.2944 -51.9405 1.4000
      vertex 29.7820 -51.9080 1.4000
      vertex 29.4617 -51.6508 1.4000
    endloop
  endfacet
  facet normal 0 0 1
    outer loop
      vertex 29.2944 -50.0595 -1.0000
      vertex 29.4617 -51.6508 -1.0000
      vertex 29.4617 -50.3492 -1.0000
    endloop
  endfacet
  facet normal -0.865972 -0.500093 0
    outer loop
      vertex 29.2944 -50.0595 -1.0000
      vertex 29.4617 -50.3492 -1.0000
      vertex 29.2944 -50.0595 1.4000
    endloop
  endfacet
  facet normal -0.865972 -0.500093 0
    outer loop
      vertex 29.2944 -50.0595 1.4000
      vertex 29.4617 -50.3492 -1.0000
      vertex 29.4617 -50.3492 1.4000
    endloop
  endfacet
  facet normal 0 0 1
    outer loop
      vertex 29.2944 -50.0595 1.4000
      vertex 29.4617 -50.3492 1.4000
      vertex 29.7820 -50.0920 1.4000
    endloop
  endfacet
  facet normal 0 0 1
    outer loop
      vertex 29.2944 -50.0595 1.4000
      vertex 29.6180 -49.8244 1.4000
      vertex 29.4142 -49.5858 1.4000
    endloop
  endfacet
  facet normal 0 0 1
    outer loop
      vertex 29.2944 -50.0595 1.4000
      vertex 29.7820 -50.0920 1.4000
      vertex 29.6180 -49.8244 1.4000
    endloop
  endfacet
  facet normal -0.865972 0.500093 0
    outer loop
      vertex 29.2944 -14.9405 -1.0000
      vertex 29.2944 -14.9405 1.4000
      vertex 29.4617 -14.6508 1.4000
    endloop
  endfacet
  facet normal 0 0 1
    outer loop
      vertex 29.2944 -14.9405 -1.0000
      vertex 29.4617 -14.6508 -1.0000
      vertex 29.2944 -13.0595 -1.0000
    endloop
  endfacet
  facet normal -0.865972 0.500093 0
    outer loop
      vertex 29.2944 -14.9405 -1.0000
      vertex 29.4617 -14.6508 1.4000
      vertex 29.4617 -14.6508 -1.0000
    endloop
  endfacet
  facet normal 0 0 1
    outer loop
      vertex 29.2944 -14.9405 1.4000
      vertex 29.4142 -15.4142 1.4000
      vertex 29.6180 -15.1756 1.4000
    endloop
  endfacet
  facet normal 0 0 1
    outer loop
      vertex 29.2944 -14.9405 1.4000
      vertex 29.6180 -15.1756 1.4000
      vertex 29.7820 -14.9080 1.4000
    endloop
  endfacet
  facet normal 0 0 1
    outer loop
      vertex 29.2944 -14.9405 1.4000
      vertex 29.7820 -14.9080 1.4000
      vertex 29.4617 -14.6508 1.4000
    endloop
  endfacet
  facet normal 0 0 1
    outer loop
      vertex 29.2944 -13.0595 -1.0000
      vertex 29.4617 -14.6508 -1.0000
      vertex 29.4617 -13.3492 -1.0000
    endloop
  endfacet
  facet normal -0.865972 -0.500093 0
    outer loop
      vertex 29.2944 -13.0595 -1.0000
      vertex 29.4617 -13.3492 -1.0000
      vertex 29.2944 -13.0595 1.4000
    endloop
  endfacet
  facet normal -0.865972 -0.500093 0
    outer loop
      vertex 29.2944 -13.0595 1.4000
      vertex 29.4617 -13.3492 -1.0000
      vertex 29.4617 -13.3492 1.4000
    endloop
  endfacet
  facet normal 0 0 1
    outer loop
      vertex 29.2944 -13.0595 1.4000
      vertex 29.4617 -13.3492 1.4000
      vertex 29.7820 -13.0920 1.4000
    endloop
  endfacet
  facet normal 0 0 1
    outer loop
      vertex 29.2944 -13.0595 1.4000
      vertex 29.6180 -12.8244 1.4000
      vertex 29.4142 -12.5858 1.4000
    endloop
  endfacet
  facet normal 0 0 1
    outer loop
      vertex 29.2944 -13.0595 1.4000
      vertex 29.7820 -13.0920 1.4000
      vertex 29.6180 -12.8244 1.4000
    endloop
  endfacet
  facet normal 0.382634 -0.9239 0
    outer loop
      vertex 29.3133 -55.0420 0.0000
      vertex 29.9295 -54.7868 0.0000
      vertex 29.9295 -54.7868 6.9500
    endloop
  endfacet
  facet normal 0.382634 -0.9239 0
    outer loop
      vertex 29.3133 -55.0420 0.0000
      vertex 29.9295 -54.7868 6.9500
      vertex 29.3133 -55.0420 6.9500
    endloop
  endfacet
  facet normal 0 0 1
    outer loop
      vertex 29.3133 -55.0420 0.0000
      vertex 39.0000 -68.0000 0.0000
      vertex 29.9295 -54.7868 0.0000
    endloop
  endfacet
  facet normal 0.382634 0.9239 0
    outer loop
      vertex 29.3133 -46.9580 0.0000
      vertex 29.3133 -46.9580 6.9500
      vertex 29.9295 -47.2132 0.0000
    endloop
  endfacet
  facet normal 0 0 1
    outer loop
      vertex 29.3133 -46.9580 0.0000
      vertex 29.9295 -47.2132 0.0000
      vertex 29.3133 -18.0420 0.0000
    endloop
  endfacet
  facet normal 0.382634 0.9239 0
    outer loop
      vertex 29.3133 -46.9580 6.9500
      vertex 29.9295 -47.2132 6.9500
      vertex 29.9295 -47.2132 0.0000
    endloop
  endfacet
  facet normal 0 0 1
    outer loop
      vertex 29.3133 -18.0420 0.0000
      vertex 29.9295 -47.2132 0.0000
      vertex 29.9295 -17.7868 0.0000
    endloop
  endfacet
  facet normal 0.382634 -0.9239 0
    outer loop
      vertex 29.3133 -18.0420 0.0000
      vertex 29.9295 -17.7868 0.0000
      vertex 29.9295 -17.7868 6.9500
    endloop
  endfacet
  facet normal 0.382634 -0.9239 0
    outer loop
      vertex 29.3133 -18.0420 0.0000
      vertex 29.9295 -17.7868 6.9500
      vertex 29.3133 -18.0420 6.9500
    endloop
  endfacet
  facet normal 0.382634 0.9239 0
    outer loop
      vertex 29.3133 -9.9580 0.0000
      vertex 29.3133 -9.9580 6.9500
      vertex 29.9295 -10.2132 0.0000
    endloop
  endfacet
  facet normal 0 0 1
    outer loop
      vertex 29.3133 -9.9580 0.0000
      vertex 29.9295 -10.2132 0.0000
      vertex 33.6000 23.3000 0.0000
    endloop
  endfacet
  facet normal 0.382634 0.9239 0
    outer loop
      vertex 29.3133 -9.9580 6.9500
      vertex 29.9295 -10.2132 6.9500
      vertex 29.9295 -10.2132 0.0000
    endloop
  endfacet
  facet normal -0.76038 0.649478 0
    outer loop
      vertex 29.4142 -52.4142 1.4000
      vertex 29.4142 -52.4142 6.9500
      vertex 29.6180 -52.1756 6.9500
    endloop
  endfacet
  facet normal -0.76038 0.649478 0
    outer loop
      vertex 29.4142 -52.4142 1.4000
      vertex 29.6180 -52.1756 6.9500
      vertex 29.6180 -52.1756 1.4000
    endloop
  endfacet
  facet normal 0 0 1
    outer loop
      vertex 29.4142 -52.4142 6.9500
      vertex 30.4981 -54.4383 6.9500
      vertex 31.0052 -54.0052 6.9500
    endloop
  endfacet
  facet normal 0 0 1
    outer loop
      vertex 29.4142 -52.4142 6.9500
      vertex 31.0052 -54.0052 6.9500
      vertex 29.6180 -52.1756 6.9500
    endloop
  endfacet
  facet normal -0.76038 -0.649478 0
    outer loop
      vertex 29.4142 -49.5858 1.4000
      vertex 29.6180 -49.8244 1.4000
      vertex 29.4142 -49.5858 6.9500
    endloop
  endfacet
  facet normal -0.76038 -0.649478 0
    outer loop
      vertex 29.4142 -49.5858 6.9500
      vertex 29.6180 -49.8244 1.4000
      vertex 29.6180 -49.8244 6.9500
    endloop
  endfacet
  facet normal 0 0 1
    outer loop
      vertex 29.4142 -49.5858 6.9500
      vertex 29.6180 -49.8244 6.9500
      vertex 31.0052 -47.9948 6.9500
    endloop
  endfacet
  facet normal 0 0 1
    outer loop
      vertex 29.4142 -49.5858 6.9500
      vertex 31.0052 -47.9948 6.9500
      vertex 30.4981 -47.5617 6.9500
    endloop
  endfacet
  facet normal -0.76038 0.649478 0
    outer loop
      vertex 29.4142 -15.4142 1.4000
      vertex 29.4142 -15.4142 6.9500
      vertex 29.6180 -15.1756 6.9500
    endloop
  endfacet
  facet normal -0.76038 0.649478 0
    outer loop
      vertex 29.4142 -15.4142 1.4000
      vertex 29.6180 -15.1756 6.9500
      vertex 29.6180 -15.1756 1.4000
    endloop
  endfacet
  facet normal 0 0 1
    outer loop
      vertex 29.4142 -15.4142 6.9500
      vertex 30.4981 -17.4383 6.9500
      vertex 31.0052 -17.0052 6.9500
    endloop
  endfacet
  facet normal 0 0 1
    outer loop
      vertex 29.4142 -15.4142 6.9500
      vertex 31.0052 -17.0052 6.9500
      vertex 29.6180 -15.1756 6.9500
    endloop
  endfacet
  facet normal -0.76038 -0.649478 0
    outer loop
      vertex 29.4142 -12.5858 1.4000
      vertex 29.6180 -12.8244 1.4000
      vertex 29.4142 -12.5858 6.9500
    endloop
  endfacet
  facet normal -0.76038 -0.649478 0
    outer loop
      vertex 29.4142 -12.5858 6.9500
      vertex 29.6180 -12.8244 1.4000
      vertex 29.6180 -12.8244 6.9500
    endloop
  endfacet
  facet normal 0 0 1
    outer loop
      vertex 29.4142 -12.5858 6.9500
      vertex 29.6180 -12.8244 6.9500
      vertex 31.0052 -10.9948 6.9500
    endloop
  endfacet
  facet normal 0 0 1
    outer loop
      vertex 29.4142 -12.5858 6.9500
      vertex 31.0052 -10.9948 6.9500
      vertex 30.4981 -10.5617 6.9500
    endloop
  endfacet
  facet normal -0.951107 0.308863 0
    outer loop
      vertex 29.4617 -51.6508 -1.0000
      vertex 29.4617 -51.6508 1.4000
      vertex 29.5650 -51.3327 1.4000
    endloop
  endfacet
  facet normal 0 0 1
    outer loop
      vertex 29.4617 -51.6508 -1.0000
      vertex 29.5650 -51.3327 -1.0000
      vertex 29.4617 -50.3492 -1.0000
    endloop
  endfacet
  facet normal -0.951107 0.308863 0
    outer loop
      vertex 29.4617 -51.6508 -1.0000
      vertex 29.5650 -51.3327 1.4000
      vertex 29.5650 -51.3327 -1.0000
    endloop
  endfacet
  facet normal 0 0 1
    outer loop
      vertex 29.4617 -51.6508 1.4000
      vertex 29.7820 -51.9080 1.4000
      vertex 29.9021 -51.6180 1.4000
    endloop
  endfacet
  facet normal 0 0 1
    outer loop
      vertex 29.4617 -51.6508 1.4000
      vertex 29.9021 -51.6180 1.4000
      vertex 29.5650 -51.3327 1.4000
    endloop
  endfacet
  facet normal 0 0 1
    outer loop
      vertex 29.4617 -50.3492 -1.0000
      vertex 29.5650 -51.3327 -1.0000
      vertex 29.5650 -50.6673 -1.0000
    endloop
  endfacet
  facet normal -0.951107 -0.308863 0
    outer loop
      vertex 29.4617 -50.3492 -1.0000
      vertex 29.5650 -50.6673 -1.0000
      vertex 29.4617 -50.3492 1.4000
    endloop
  endfacet
  facet normal -0.951107 -0.308863 0
    outer loop
      vertex 29.4617 -50.3492 1.4000
      vertex 29.5650 -50.6673 -1.0000
      vertex 29.5650 -50.6673 1.4000
    endloop
  endfacet
  facet normal 0 0 1
    outer loop
      vertex 29.4617 -50.3492 1.4000
      vertex 29.5650 -50.6673 1.4000
      vertex 29.9021 -50.3820 1.4000
    endloop
  endfacet
  facet normal 0 0 1
    outer loop
      vertex 29.4617 -50.3492 1.4000
      vertex 29.9021 -50.3820 1.4000
      vertex 29.7820 -50.0920 1.4000
    endloop
  endfacet
  facet normal -0.951107 0.308863 0
    outer loop
      vertex 29.4617 -14.6508 -1.0000
      vertex 29.4617 -14.6508 1.4000
      vertex 29.5650 -14.3327 1.4000
    endloop
  endfacet
  facet normal 0 0 1
    outer loop
      vertex 29.4617 -14.6508 -1.0000
      vertex 29.5650 -14.3327 -1.0000
      vertex 29.4617 -13.3492 -1.0000
    endloop
  endfacet
  facet normal -0.951107 0.308863 0
    outer loop
      vertex 29.4617 -14.6508 -1.0000
      vertex 29.5650 -14.3327 1.4000
      vertex 29.5650 -14.3327 -1.0000
    endloop
  endfacet
  facet normal 0 0 1
    outer loop
      vertex 29.4617 -14.6508 1.4000
      vertex 29.7820 -14.9080 1.4000
      vertex 29.9021 -14.6180 1.4000
    endloop
  endfacet
  facet normal 0 0 1
    outer loop
      vertex 29.4617 -14.6508 1.4000
      vertex 29.9021 -14.6180 1.4000
      vertex 29.5650 -14.3327 1.4000
    endloop
  endfacet
  facet normal 0 0 1
    outer loop
      vertex 29.4617 -13.3492 -1.0000
      vertex 29.5650 -14.3327 -1.0000
      vertex 29.5650 -13.6673 -1.0000
    endloop
  endfacet
  facet normal -0.951107 -0.308863 0
    outer loop
      vertex 29.4617 -13.3492 -1.0000
      vertex 29.5650 -13.6673 -1.0000
      vertex 29.4617 -13.3492 1.4000
    endloop
  endfacet
  facet normal -0.951107 -0.308863 0
    outer loop
      vertex 29.4617 -13.3492 1.4000
      vertex 29.5650 -13.6673 -1.0000
      vertex 29.5650 -13.6673 1.4000
    endloop
  endfacet
  facet normal 0 0 1
    outer loop
      vertex 29.4617 -13.3492 1.4000
      vertex 29.5650 -13.6673 1.4000
      vertex 29.9021 -13.3820 1.4000
    endloop
  endfacet
  facet normal 0 0 1
    outer loop
      vertex 29.4617 -13.3492 1.4000
      vertex 29.9021 -13.3820 1.4000
      vertex 29.7820 -13.0920 1.4000
    endloop
  endfacet
  facet normal -0.994512 0.104623 0
    outer loop
      vertex 29.5650 -51.3327 -1.0000
      vertex 29.5650 -51.3327 1.4000
      vertex 29.6000 -51.0000 1.4000
    endloop
  endfacet
  facet normal 0 0 1
    outer loop
      vertex 29.5650 -51.3327 -1.0000
      vertex 29.6000 -51.0000 -1.0000
      vertex 29.5650 -50.6673 -1.0000
    endloop
  endfacet
  facet normal -0.994512 0.104623 0
    outer loop
      vertex 29.5650 -51.3327 -1.0000
      vertex 29.6000 -51.0000 1.4000
      vertex 29.6000 -51.0000 -1.0000
    endloop
  endfacet
  facet normal 0 0 1
    outer loop
      vertex 29.5650 -51.3327 1.4000
      vertex 29.9021 -51.6180 1.4000
      vertex 29.9754 -51.3129 1.4000
    endloop
  endfacet
  facet normal 0 0 1
    outer loop
      vertex 29.5650 -51.3327 1.4000
      vertex 29.9754 -51.3129 1.4000
      vertex 29.6000 -51.0000 1.4000
    endloop
  endfacet
  facet normal -0.994512 -0.104623 0
    outer loop
      vertex 29.5650 -50.6673 -1.0000
      vertex 29.6000 -51.0000 -1.0000
      vertex 29.5650 -50.6673 1.4000
    endloop
  endfacet
  facet normal -0.994512 -0.104623 0
    outer loop
      vertex 29.5650 -50.6673 1.4000
      vertex 29.6000 -51.0000 -1.0000
      vertex 29.6000 -51.0000 1.4000
    endloop
  endfacet
  facet normal 0 0 1
    outer loop
      vertex 29.5650 -50.6673 1.4000
      vertex 29.6000 -51.0000 1.4000
      vertex 29.9754 -50.6871 1.4000
    endloop
  endfacet
  facet normal 0 0 1
    outer loop
      vertex 29.5650 -50.6673 1.4000
      vertex 29.9754 -50.6871 1.4000
      vertex 29.9021 -50.3820 1.4000
    endloop
  endfacet
  facet normal -0.994512 0.104623 0
    outer loop
      vertex 29.5650 -14.3327 -1.0000
      vertex 29.5650 -14.3327 1.4000
      vertex 29.6000 -14.0000 1.4000
    endloop
  endfacet
  facet normal 0 0 1
    outer loop
      vertex 29.5650 -14.3327 -1.0000
      vertex 29.6000 -14.0000 -1.0000
      vertex 29.5650 -13.6673 -1.0000
    endloop
  endfacet
  facet normal -0.994512 0.104623 0
    outer loop
      vertex 29.5650 -14.3327 -1.0000
      vertex 29.6000 -14.0000 1.4000
      vertex 29.6000 -14.0000 -1.0000
    endloop
  endfacet
  facet normal 0 0 1
    outer loop
      vertex 29.5650 -14.3327 1.4000
      vertex 29.9021 -14.6180 1.4000
      vertex 29.9754 -14.3129 1.4000
    endloop
  endfacet
  facet normal 0 0 1
    outer loop
      vertex 29.5650 -14.3327 1.4000
      vertex 29.9754 -14.3129 1.4000
      vertex 29.6000 -14.0000 1.4000
    endloop
  endfacet
  facet normal -0.994512 -0.104623 0
    outer loop
      vertex 29.5650 -13.6673 -1.0000
      vertex 29.6000 -14.0000 -1.0000
      vertex 29.5650 -13.6673 1.4000
    endloop
  endfacet
  facet normal -0.994512 -0.104623 0
    outer loop
      vertex 29.5650 -13.6673 1.4000
      vertex 29.6000 -14.0000 -1.0000
      vertex 29.6000 -14.0000 1.4000
    endloop
  endfacet
  facet normal 0 0 1
    outer loop
      vertex 29.5650 -13.6673 1.4000
      vertex 29.6000 -14.0000 1.4000
      vertex 29.9754 -13.6871 1.4000
    endloop
  endfacet
  facet normal 0 0 1
    outer loop
      vertex 29.5650 -13.6673 1.4000
      vertex 29.9754 -13.6871 1.4000
      vertex 29.9021 -13.3820 1.4000
    endloop
  endfacet
  facet normal 0 0 1
    outer loop
      vertex 29.6000 -51.0000 1.4000
      vertex 29.9754 -51.3129 1.4000
      vertex 30.0000 -51.0000 1.4000
    endloop
  endfacet
  facet normal 0 0 1
    outer loop
      vertex 29.6000 -51.0000 1.4000
      vertex 30.0000 -51.0000 1.4000
      vertex 29.9754 -50.6871 1.4000
    endloop
  endfacet
  facet normal 0 0 1
    outer loop
      vertex 29.6000 -14.0000 1.4000
      vertex 29.9754 -14.3129 1.4000
      vertex 30.0000 -14.0000 1.4000
    endloop
  endfacet
  facet normal 0 0 1
    outer loop
      vertex 29.6000 -14.0000 1.4000
      vertex 30.0000 -14.0000 1.4000
      vertex 29.9754 -13.6871 1.4000
    endloop
  endfacet
  facet normal -0.85262 0.522532 0
    outer loop
      vertex 29.6180 -52.1756 1.4000
      vertex 29.6180 -52.1756 6.9500
      vertex 29.7820 -51.9080 6.9500
    endloop
  endfacet
  facet normal -0.85262 0.522532 0
    outer loop
      vertex 29.6180 -52.1756 1.4000
      vertex 29.7820 -51.9080 6.9500
      vertex 29.7820 -51.9080 1.4000
    endloop
  endfacet
  facet normal 0 0 1
    outer loop
      vertex 29.6180 -52.1756 6.9500
      vertex 31.0052 -54.0052 6.9500
      vertex 31.4383 -53.4981 6.9500
    endloop
  endfacet
  facet normal 0 0 1
    outer loop
      vertex 29.6180 -52.1756 6.9500
      vertex 31.4383 -53.4981 6.9500
      vertex 29.7820 -51.9080 6.9500
    endloop
  endfacet
  facet normal -0.85262 -0.522532 0
    outer loop
      vertex 29.6180 -49.8244 1.4000
      vertex 29.7820 -50.0920 1.4000
      vertex 29.6180 -49.8244 6.9500
    endloop
  endfacet
  facet normal -0.85262 -0.522532 0
    outer loop
      vertex 29.6180 -49.8244 6.9500
      vertex 29.7820 -50.0920 1.4000
      vertex 29.7820 -50.0920 6.9500
    endloop
  endfacet
  facet normal 0 0 1
    outer loop
      vertex 29.6180 -49.8244 6.9500
      vertex 29.7820 -50.0920 6.9500
      vertex 31.4383 -48.5019 6.9500
    endloop
  endfacet
  facet normal 0 0 1
    outer loop
      vertex 29.6180 -49.8244 6.9500
      vertex 31.4383 -48.5019 6.9500
      vertex 31.0052 -47.9948 6.9500
    endloop
  endfacet
  facet normal -0.85262 0.522532 0
    outer loop
      vertex 29.6180 -15.1756 1.4000
      vertex 29.6180 -15.1756 6.9500
      vertex 29.7820 -14.9080 6.9500
    endloop
  endfacet
  facet normal -0.85262 0.522532 0
    outer loop
      vertex 29.6180 -15.1756 1.4000
      vertex 29.7820 -14.9080 6.9500
      vertex 29.7820 -14.9080 1.4000
    endloop
  endfacet
  facet normal 0 0 1
    outer loop
      vertex 29.6180 -15.1756 6.9500
      vertex 31.0052 -17.0052 6.9500
      vertex 31.4383 -16.4981 6.9500
    endloop
  endfacet
  facet normal 0 0 1
    outer loop
      vertex 29.6180 -15.1756 6.9500
      vertex 31.4383 -16.4981 6.9500
      vertex 29.7820 -14.9080 6.9500
    endloop
  endfacet
  facet normal -0.85262 -0.522532 0
    outer loop
      vertex 29.6180 -12.8244 1.4000
      vertex 29.7820 -13.0920 1.4000
      vertex 29.6180 -12.8244 6.9500
    endloop
  endfacet
  facet normal -0.85262 -0.522532 0
    outer loop
      vertex 29.6180 -12.8244 6.9500
      vertex 29.7820 -13.0920 1.4000
      vertex 29.7820 -13.0920 6.9500
    endloop
  endfacet
  facet normal 0 0 1
    outer loop
      vertex 29.6180 -12.8244 6.9500
      vertex 29.7820 -13.0920 6.9500
      vertex 31.4383 -11.5019 6.9500
    endloop
  endfacet
  facet normal 0 0 1
    outer loop
      vertex 29.6180 -12.8244 6.9500
      vertex 31.4383 -11.5019 6.9500
      vertex 31.0052 -10.9948 6.9500
    endloop
  endfacet
  facet normal -0.923904 0.382624 0
    outer loop
      vertex 29.7820 -51.9080 1.4000
      vertex 29.7820 -51.9080 6.9500
      vertex 29.9021 -51.6180 6.9500
    endloop
  endfacet
  facet normal -0.923904 0.382624 0
    outer loop
      vertex 29.7820 -51.9080 1.4000
      vertex 29.9021 -51.6180 6.9500
      vertex 29.9021 -51.6180 1.4000
    endloop
  endfacet
  facet normal 0 0 1
    outer loop
      vertex 29.7820 -51.9080 6.9500
      vertex 31.4383 -53.4981 6.9500
      vertex 31.7868 -52.9295 6.9500
    endloop
  endfacet
  facet normal 0 0 1
    outer loop
      vertex 29.7820 -51.9080 6.9500
      vertex 31.7868 -52.9295 6.9500
      vertex 29.9021 -51.6180 6.9500
    endloop
  endfacet
  facet normal -0.923904 -0.382624 0
    outer loop
      vertex 29.7820 -50.0920 1.4000
      vertex 29.9021 -50.3820 1.4000
      vertex 29.7820 -50.0920 6.9500
    endloop
  endfacet
  facet normal -0.923904 -0.382624 0
    outer loop
      vertex 29.7820 -50.0920 6.9500
      vertex 29.9021 -50.3820 1.4000
      vertex 29.9021 -50.3820 6.9500
    endloop
  endfacet
  facet normal 0 0 1
    outer loop
      vertex 29.7820 -50.0920 6.9500
      vertex 29.9021 -50.3820 6.9500
      vertex 31.7868 -49.0705 6.9500
    endloop
  endfacet
  facet normal 0 0 1
    outer loop
      vertex 29.7820 -50.0920 6.9500
      vertex 31.7868 -49.0705 6.9500
      vertex 31.4383 -48.5019 6.9500
    endloop
  endfacet
  facet normal -0.923904 0.382624 0
    outer loop
      vertex 29.7820 -14.9080 1.4000
      vertex 29.7820 -14.9080 6.9500
      vertex 29.9021 -14.6180 6.9500
    endloop
  endfacet
  facet normal -0.923904 0.382624 0
    outer loop
      vertex 29.7820 -14.9080 1.4000
      vertex 29.9021 -14.6180 6.9500
      vertex 29.9021 -14.6180 1.4000
    endloop
  endfacet
  facet normal 0 0 1
    outer loop
      vertex 29.7820 -14.9080 6.9500
      vertex 31.4383 -16.4981 6.9500
      vertex 31.7868 -15.9295 6.9500
    endloop
  endfacet
  facet normal 0 0 1
    outer loop
      vertex 29.7820 -14.9080 6.9500
      vertex 31.7868 -15.9295 6.9500
      vertex 29.9021 -14.6180 6.9500
    endloop
  endfacet
  facet normal -0.923904 -0.382624 0
    outer loop
      vertex 29.7820 -13.0920 1.4000
      vertex 29.9021 -13.3820 1.4000
      vertex 29.7820 -13.0920 6.9500
    endloop
  endfacet
  facet normal -0.923904 -0.382624 0
    outer loop
      vertex 29.7820 -13.0920 6.9500
      vertex 29.9021 -13.3820 1.4000
      vertex 29.9021 -13.3820 6.9500
    endloop
  endfacet
  facet normal 0 0 1
    outer loop
      vertex 29.7820 -13.0920 6.9500
      vertex 29.9021 -13.3820 6.9500
      vertex 31.7868 -12.0705 6.9500
    endloop
  endfacet
  facet normal 0 0 1
    outer loop
      vertex 29.7820 -13.0920 6.9500
      vertex 31.7868 -12.0705 6.9500
      vertex 31.4383 -11.5019 6.9500
    endloop
  endfacet
  facet normal -0.972332 0.233602 0
    outer loop
      vertex 29.9021 -51.6180 1.4000
      vertex 29.9021 -51.6180 6.9500
      vertex 29.9754 -51.3129 6.9500
    endloop
  endfacet
  facet normal -0.972332 0.233602 0
    outer loop
      vertex 29.9021 -51.6180 1.4000
      vertex 29.9754 -51.3129 6.9500
      vertex 29.9754 -51.3129 1.4000
    endloop
  endfacet
  facet normal 0 0 1
    outer loop
      vertex 29.9021 -51.6180 6.9500
      vertex 31.7868 -52.9295 6.9500
      vertex 32.0420 -52.3133 6.9500
    endloop
  endfacet
  facet normal 0 0 1
    outer loop
      vertex 29.9021 -51.6180 6.9500
      vertex 32.0420 -52.3133 6.9500
      vertex 29.9754 -51.3129 6.9500
    endloop
  endfacet
  facet normal -0.972332 -0.233602 0
    outer loop
      vertex 29.9021 -50.3820 1.4000
      vertex 29.9754 -50.6871 1.4000
      vertex 29.9021 -50.3820 6.9500
    endloop
  endfacet
  facet normal -0.972332 -0.233602 0
    outer loop
      vertex 29.9021 -50.3820 6.9500
      vertex 29.9754 -50.6871 1.4000
      vertex 29.9754 -50.6871 6.9500
    endloop
  endfacet
  facet normal 0 0 1
    outer loop
      vertex 29.9021 -50.3820 6.9500
      vertex 29.9754 -50.6871 6.9500
      vertex 32.0420 -49.6867 6.9500
    endloop
  endfacet
  facet normal 0 0 1
    outer loop
      vertex 29.9021 -50.3820 6.9500
      vertex 32.0420 -49.6867 6.9500
      vertex 31.7868 -49.0705 6.9500
    endloop
  endfacet
  facet normal -0.972332 0.233602 0
    outer loop
      vertex 29.9021 -14.6180 1.4000
      vertex 29.9021 -14.6180 6.9500
      vertex 29.9754 -14.3129 6.9500
    endloop
  endfacet
  facet normal -0.972332 0.233602 0
    outer loop
      vertex 29.9021 -14.6180 1.4000
      vertex 29.9754 -14.3129 6.9500
      vertex 29.9754 -14.3129 1.4000
    endloop
  endfacet
  facet normal 0 0 1
    outer loop
      vertex 29.9021 -14.6180 6.9500
      vertex 31.7868 -15.9295 6.9500
      vertex 32.0420 -15.3133 6.9500
    endloop
  endfacet
  facet normal 0 0 1
    outer loop
      vertex 29.9021 -14.6180 6.9500
      vertex 32.0420 -15.3133 6.9500
      vertex 29.9754 -14.3129 6.9500
    endloop
  endfacet
  facet normal -0.972332 -0.233602 0
    outer loop
      vertex 29.9021 -13.3820 1.4000
      vertex 29.9754 -13.6871 1.4000
      vertex 29.9021 -13.3820 6.9500
    endloop
  endfacet
  facet normal -0.972332 -0.233602 0
    outer loop
      vertex 29.9021 -13.3820 6.9500
      vertex 29.9754 -13.6871 1.4000
      vertex 29.9754 -13.6871 6.9500
    endloop
  endfacet
  facet normal 0 0 1
    outer loop
      vertex 29.9021 -13.3820 6.9500
      vertex 29.9754 -13.6871 6.9500
      vertex 32.0420 -12.6867 6.9500
    endloop
  endfacet
  facet normal 0 0 1
    outer loop
      vertex 29.9021 -13.3820 6.9500
      vertex 32.0420 -12.6867 6.9500
      vertex 31.7868 -12.0705 6.9500
    endloop
  endfacet
  facet normal 0.522566 -0.852599 0
    outer loop
      vertex 29.9295 -54.7868 0.0000
      vertex 30.4981 -54.4383 0.0000
      vertex 30.4981 -54.4383 6.9500
    endloop
  endfacet
  facet normal 0.522566 -0.852599 0
    outer loop
      vertex 29.9295 -54.7868 0.0000
      vertex 30.4981 -54.4383 6.9500
      vertex 29.9295 -54.7868 6.9500
    endloop
  endfacet
  facet normal 0 0 1
    outer loop
      vertex 29.9295 -54.7868 0.0000
      vertex 39.0000 -68.0000 0.0000
      vertex 30.4981 -54.4383 0.0000
    endloop
  endfacet
  facet normal 0.522566 0.852599 0
    outer loop
      vertex 29.9295 -47.2132 0.0000
      vertex 29.9295 -47.2132 6.9500
      vertex 30.4981 -47.5617 0.0000
    endloop
  endfacet
  facet normal 0 0 1
    outer loop
      vertex 29.9295 -47.2132 0.0000
      vertex 30.4981 -47.5617 0.0000
      vertex 29.9295 -17.7868 0.0000
    endloop
  endfacet
  facet normal 0.522566 0.852599 0
    outer loop
      vertex 29.9295 -47.2132 6.9500
      vertex 30.4981 -47.5617 6.9500
      vertex 30.4981 -47.5617 0.0000
    endloop
  endfacet
  facet normal 0 0 1
    outer loop
      vertex 29.9295 -17.7868 0.0000
      vertex 30.4981 -47.5617 0.0000
      vertex 30.4981 -17.4383 0.0000
    endloop
  endfacet
  facet normal 0.522566 -0.852599 0
    outer loop
      vertex 29.9295 -17.7868 0.0000
      vertex 30.4981 -17.4383 0.0000
      vertex 30.4981 -17.4383 6.9500
    endloop
  endfacet
  facet normal 0.522566 -0.852599 0
    outer loop
      vertex 29.9295 -17.7868 0.0000
      vertex 30.4981 -17.4383 6.9500
      vertex 29.9295 -17.7868 6.9500
    endloop
  endfacet
  facet normal 0.522566 0.852599 0
    outer loop
      vertex 29.9295 -10.2132 0.0000
      vertex 29.9295 -10.2132 6.9500
      vertex 30.4981 -10.5617 0.0000
    endloop
  endfacet
  facet normal 0 0 1
    outer loop
      vertex 29.9295 -10.2132 0.0000
      vertex 30.4981 -10.5617 0.0000
      vertex 33.6000 23.3000 0.0000
    endloop
  endfacet
  facet normal 0.522566 0.852599 0
    outer loop
      vertex 29.9295 -10.2132 6.9500
      vertex 30.4981 -10.5617 6.9500
      vertex 30.4981 -10.5617 0.0000
    endloop
  endfacet
  facet normal -0.996924 0.078378 0
    outer loop
      vertex 29.9754 -51.3129 1.4000
      vertex 29.9754 -51.3129 6.9500
      vertex 30.0000 -51.0000 6.9500
    endloop
  endfacet
  facet normal -0.996924 0.078378 0
    outer loop
      vertex 29.9754 -51.3129 1.4000
      vertex 30.0000 -51.0000 6.9500
      vertex 30.0000 -51.0000 1.4000
    endloop
  endfacet
  facet normal 0 0 1
    outer loop
      vertex 29.9754 -51.3129 6.9500
      vertex 32.0420 -52.3133 6.9500
      vertex 32.1977 -51.6648 6.9500
    endloop
  endfacet
  facet normal 0 0 1
    outer loop
      vertex 29.9754 -51.3129 6.9500
      vertex 32.1977 -51.6648 6.9500
      vertex 30.0000 -51.0000 6.9500
    endloop
  endfacet
  facet normal -0.996924 -0.078378 0
    outer loop
      vertex 29.9754 -50.6871 1.4000
      vertex 30.0000 -51.0000 1.4000
      vertex 29.9754 -50.6871 6.9500
    endloop
  endfacet
  facet normal -0.996924 -0.078378 0
    outer loop
      vertex 29.9754 -50.6871 6.9500
      vertex 30.0000 -51.0000 1.4000
      vertex 30.0000 -51.0000 6.9500
    endloop
  endfacet
  facet normal 0 0 1
    outer loop
      vertex 29.9754 -50.6871 6.9500
      vertex 30.0000 -51.0000 6.9500
      vertex 32.1977 -50.3352 6.9500
    endloop
  endfacet
  facet normal 0 0 1
    outer loop
      vertex 29.9754 -50.6871 6.9500
      vertex 32.1977 -50.3352 6.9500
      vertex 32.0420 -49.6867 6.9500
    endloop
  endfacet
  facet normal -0.996924 0.078378 0
    outer loop
      vertex 29.9754 -14.3129 1.4000
      vertex 29.9754 -14.3129 6.9500
      vertex 30.0000 -14.0000 6.9500
    endloop
  endfacet
  facet normal -0.996924 0.078378 0
    outer loop
      vertex 29.9754 -14.3129 1.4000
      vertex 30.0000 -14.0000 6.9500
      vertex 30.0000 -14.0000 1.4000
    endloop
  endfacet
  facet normal 0 0 1
    outer loop
      vertex 29.9754 -14.3129 6.9500
      vertex 32.0420 -15.3133 6.9500
      vertex 32.1977 -14.6648 6.9500
    endloop
  endfacet
  facet normal 0 0 1
    outer loop
      vertex 29.9754 -14.3129 6.9500
      vertex 32.1977 -14.6648 6.9500
      vertex 30.0000 -14.0000 6.9500
    endloop
  endfacet
  facet normal -0.996924 -0.078378 0
    outer loop
      vertex 29.9754 -13.6871 1.4000
      vertex 30.0000 -14.0000 1.4000
      vertex 29.9754 -13.6871 6.9500
    endloop
  endfacet
  facet normal -0.996924 -0.078378 0
    outer loop
      vertex 29.9754 -13.6871 6.9500
      vertex 30.0000 -14.0000 1.4000
      vertex 30.0000 -14.0000 6.9500
    endloop
  endfacet
  facet normal 0 0 1
    outer loop
      vertex 29.9754 -13.6871 6.9500
      vertex 30.0000 -14.0000 6.9500
      vertex 32.1977 -13.3352 6.9500
    endloop
  endfacet
  facet normal 0 0 1
    outer loop
      vertex 29.9754 -13.6871 6.9500
      vertex 32.1977 -13.3352 6.9500
      vertex 32.0420 -12.6867 6.9500
    endloop
  endfacet
  facet normal 0 0 1
    outer loop
      vertex 30.0000 -51.0000 6.9500
      vertex 32.1977 -51.6648 6.9500
      vertex 32.2500 -51.0000 6.9500
    endloop
  endfacet
  facet normal 0 0 1
    outer loop
      vertex 30.0000 -51.0000 6.9500
      vertex 32.2500 -51.0000 6.9500
      vertex 32.1977 -50.3352 6.9500
    endloop
  endfacet
  facet normal 0 0 1
    outer loop
      vertex 30.0000 -14.0000 6.9500
      vertex 32.1977 -14.6648 6.9500
      vertex 32.2500 -14.0000 6.9500
    endloop
  endfacet
  facet normal 0 0 1
    outer loop
      vertex 30.0000 -14.0000 6.9500
      vertex 32.2500 -14.0000 6.9500
      vertex 32.1977 -13.3352 6.9500
    endloop
  endfacet
  facet normal 0.649444 -0.760409 0
    outer loop
      vertex 30.4981 -54.4383 0.0000
      vertex 31.0052 -54.0052 0.0000
      vertex 31.0052 -54.0052 6.9500
    endloop
  endfacet
  facet normal 0.649444 -0.760409 0
    outer loop
      vertex 30.4981 -54.4383 0.0000
      vertex 31.0052 -54.0052 6.9500
      vertex 30.4981 -54.4383 6.9500
    endloop
  endfacet
  facet normal 0 0 1
    outer loop
      vertex 30.4981 -54.4383 0.0000
      vertex 39.0000 -68.0000 0.0000
      vertex 31.0052 -54.0052 0.0000
    endloop
  endfacet
  facet normal 0.649444 0.760409 0
    outer loop
      vertex 30.4981 -47.5617 0.0000
      vertex 30.4981 -47.5617 6.9500
      vertex 31.0052 -47.9948 0.0000
    endloop
  endfacet
  facet normal 0 0 1
    outer loop
      vertex 30.4981 -47.5617 0.0000
      vertex 31.0052 -47.9948 0.0000
      vertex 30.4981 -17.4383 0.0000
    endloop
  endfacet
  facet normal 0.649444 0.760409 0
    outer loop
      vertex 30.4981 -47.5617 6.9500
      vertex 31.0052 -47.9948 6.9500
      vertex 31.0052 -47.9948 0.0000
    endloop
  endfacet
  facet normal 0 0 1
    outer loop
      vertex 30.4981 -17.4383 0.0000
      vertex 31.0052 -47.9948 0.0000
      vertex 31.0052 -17.0052 0.0000
    endloop
  endfacet
  facet normal 0.649444 -0.760409 0
    outer loop
      vertex 30.4981 -17.4383 0.0000
      vertex 31.0052 -17.0052 0.0000
      vertex 31.0052 -17.0052 6.9500
    endloop
  endfacet
  facet normal 0.649444 -0.760409 0
    outer loop
      vertex 30.4981 -17.4383 0.0000
      vertex 31.0052 -17.0052 6.9500
      vertex 30.4981 -17.4383 6.9500
    endloop
  endfacet
  facet normal 0.649444 0.760409 0
    outer loop
      vertex 30.4981 -10.5617 0.0000
      vertex 30.4981 -10.5617 6.9500
      vertex 31.0052 -10.9948 0.0000
    endloop
  endfacet
  facet normal 0 0 1
    outer loop
      vertex 30.4981 -10.5617 0.0000
      vertex 31.0052 -10.9948 0.0000
      vertex 33.6000 23.3000 0.0000
    endloop
  endfacet
  facet normal 0.649444 0.760409 0
    outer loop
      vertex 30.4981 -10.5617 6.9500
      vertex 31.0052 -10.9948 6.9500
      vertex 31.0052 -10.9948 0.0000
    endloop
  endfacet
  facet normal 0.760409 -0.649444 0
    outer loop
      vertex 31.0052 -54.0052 0.0000
      vertex 31.4383 -53.4981 0.0000
      vertex 31.0052 -54.0052 6.9500
    endloop
  endfacet
  facet normal 0 0 1
    outer loop
      vertex 31.0052 -54.0052 0.0000
      vertex 39.0000 -68.0000 0.0000
      vertex 31.4383 -53.4981 0.0000
    endloop
  endfacet
  facet normal 0.760409 -0.649444 0
    outer loop
      vertex 31.0052 -54.0052 6.9500
      vertex 31.4383 -53.4981 0.0000
      vertex 31.4383 -53.4981 6.9500
    endloop
  endfacet
  facet normal 0.760409 0.649444 0
    outer loop
      vertex 31.0052 -47.9948 0.0000
      vertex 31.0052 -47.9948 6.9500
      vertex 31.4383 -48.5019 6.9500
    endloop
  endfacet
  facet normal 0 0 1
    outer loop
      vertex 31.0052 -47.9948 0.0000
      vertex 31.4383 -48.5019 0.0000
      vertex 31.0052 -17.0052 0.0000
    endloop
  endfacet
  facet normal 0.760409 0.649444 0
    outer loop
      vertex 31.0052 -47.9948 0.0000
      vertex 31.4383 -48.5019 6.9500
      vertex 31.4383 -48.5019 0.0000
    endloop
  endfacet
  facet normal 0 0 1
    outer loop
      vertex 31.0052 -17.0052 0.0000
      vertex 31.4383 -48.5019 0.0000
      vertex 31.4383 -16.4981 0.0000
    endloop
  endfacet
  facet normal 0.760409 -0.649444 0
    outer loop
      vertex 31.0052 -17.0052 0.0000
      vertex 31.4383 -16.4981 0.0000
      vertex 31.0052 -17.0052 6.9500
    endloop
  endfacet
  facet normal 0.760409 -0.649444 0
    outer loop
      vertex 31.0052 -17.0052 6.9500
      vertex 31.4383 -16.4981 0.0000
      vertex 31.4383 -16.4981 6.9500
    endloop
  endfacet
  facet normal 0.760409 0.649444 0
    outer loop
      vertex 31.0052 -10.9948 0.0000
      vertex 31.0052 -10.9948 6.9500
      vertex 31.4383 -11.5019 6.9500
    endloop
  endfacet
  facet normal 0 0 1
    outer loop
      vertex 31.0052 -10.9948 0.0000
      vertex 31.4383 -11.5019 0.0000
      vertex 33.6000 23.3000 0.0000
    endloop
  endfacet
  facet normal 0.760409 0.649444 0
    outer loop
      vertex 31.0052 -10.9948 0.0000
      vertex 31.4383 -11.5019 6.9500
      vertex 31.4383 -11.5019 0.0000
    endloop
  endfacet
  facet normal 0.852599 -0.522566 0
    outer loop
      vertex 31.4383 -53.4981 0.0000
      vertex 31.7868 -52.9295 0.0000
      vertex 31.4383 -53.4981 6.9500
    endloop
  endfacet
  facet normal 0 0 1
    outer loop
      vertex 31.4383 -53.4981 0.0000
      vertex 39.0000 -68.0000 0.0000
      vertex 31.7868 -52.9295 0.0000
    endloop
  endfacet
  facet normal 0.852599 -0.522566 0
    outer loop
      vertex 31.4383 -53.4981 6.9500
      vertex 31.7868 -52.9295 0.0000
      vertex 31.7868 -52.9295 6.9500
    endloop
  endfacet
  facet normal 0.852599 0.522566 0
    outer loop
      vertex 31.4383 -48.5019 0.0000
      vertex 31.4383 -48.5019 6.9500
      vertex 31.7868 -49.0705 6.9500
    endloop
  endfacet
  facet normal 0 0 1
    outer loop
      vertex 31.4383 -48.5019 0.0000
      vertex 31.7868 -49.0705 0.0000
      vertex 31.4383 -16.4981 0.0000
    endloop
  endfacet
  facet normal 0.852599 0.522566 0
    outer loop
      vertex 31.4383 -48.5019 0.0000
      vertex 31.7868 -49.0705 6.9500
      vertex 31.7868 -49.0705 0.0000
    endloop
  endfacet
  facet normal 0 0 1
    outer loop
      vertex 31.4383 -16.4981 0.0000
      vertex 31.7868 -49.0705 0.0000
      vertex 31.7868 -15.9295 0.0000
    endloop
  endfacet
  facet normal 0.852599 -0.522566 0
    outer loop
      vertex 31.4383 -16.4981 0.0000
      vertex 31.7868 -15.9295 0.0000
      vertex 31.4383 -16.4981 6.9500
    endloop
  endfacet
  facet normal 0.852599 -0.522566 0
    outer loop
      vertex 31.4383 -16.4981 6.9500
      vertex 31.7868 -15.9295 0.0000
      vertex 31.7868 -15.9295 6.9500
    endloop
  endfacet
  facet normal 0.852599 0.522566 0
    outer loop
      vertex 31.4383 -11.5019 0.0000
      vertex 31.4383 -11.5019 6.9500
      vertex 31.7868 -12.0705 6.9500
    endloop
  endfacet
  facet normal 0 0 1
    outer loop
      vertex 31.4383 -11.5019 0.0000
      vertex 31.7868 -12.0705 0.0000
      vertex 33.6000 23.3000 0.0000
    endloop
  endfacet
  facet normal 0.852599 0.522566 0
    outer loop
      vertex 31.4383 -11.5019 0.0000
      vertex 31.7868 -12.0705 6.9500
      vertex 31.7868 -12.0705 0.0000
    endloop
  endfacet
  facet normal 0.9239 -0.382634 0
    outer loop
      vertex 31.7868 -52.9295 0.0000
      vertex 32.0420 -52.3133 0.0000
      vertex 31.7868 -52.9295 6.9500
    endloop
  endfacet
  facet normal 0 0 1
    outer loop
      vertex 31.7868 -52.9295 0.0000
      vertex 39.0000 -68.0000 0.0000
      vertex 32.0420 -52.3133 0.0000
    endloop
  endfacet
  facet normal 0.9239 -0.382634 0
    outer loop
      vertex 31.7868 -52.9295 6.9500
      vertex 32.0420 -52.3133 0.0000
      vertex 32.0420 -52.3133 6.9500
    endloop
  endfacet
  facet normal 0.9239 0.382634 0
    outer loop
      vertex 31.7868 -49.0705 0.0000
      vertex 31.7868 -49.0705 6.9500
      vertex 32.0420 -49.6867 6.9500
    endloop
  endfacet
  facet normal 0 0 1
    outer loop
      vertex 31.7868 -49.0705 0.0000
      vertex 32.0420 -49.6867 0.0000
      vertex 49.0000 -68.0000 0.0000
    endloop
  endfacet
  facet normal 0.9239 0.382634 0
    outer loop
      vertex 31.7868 -49.0705 0.0000
      vertex 32.0420 -49.6867 6.9500
      vertex 32.0420 -49.6867 0.0000
    endloop
  endfacet
  facet normal 0 0 1
    outer loop
      vertex 31.7868 -49.0705 0.0000
      vertex 49.0000 -68.0000 0.0000
      vertex 31.7868 -15.9295 0.0000
    endloop
  endfacet
  facet normal 0.9239 -0.382634 0
    outer loop
      vertex 31.7868 -15.9295 0.0000
      vertex 32.0420 -15.3133 0.0000
      vertex 31.7868 -15.9295 6.9500
    endloop
  endfacet
  facet normal 0 0 1
    outer loop
      vertex 31.7868 -15.9295 0.0000
      vertex 49.0000 -68.0000 0.0000
      vertex 32.0420 -15.3133 0.0000
    endloop
  endfacet
  facet normal 0.9239 -0.382634 0
    outer loop
      vertex 31.7868 -15.9295 6.9500
      vertex 32.0420 -15.3133 0.0000
      vertex 32.0420 -15.3133 6.9500
    endloop
  endfacet
  facet normal 0.9239 0.382634 0
    outer loop
      vertex 31.7868 -12.0705 0.0000
      vertex 31.7868 -12.0705 6.9500
      vertex 32.0420 -12.6867 6.9500
    endloop
  endfacet
  facet normal 0 0 1
    outer loop
      vertex 31.7868 -12.0705 0.0000
      vertex 32.0420 -12.6867 0.0000
      vertex 33.6000 23.3000 0.0000
    endloop
  endfacet
  facet normal 0.9239 0.382634 0
    outer loop
      vertex 31.7868 -12.0705 0.0000
      vertex 32.0420 -12.6867 6.9500
      vertex 32.0420 -12.6867 0.0000
    endloop
  endfacet
  facet normal 0.972367 -0.233458 0
    outer loop
      vertex 32.0420 -52.3133 0.0000
      vertex 32.1977 -51.6648 0.0000
      vertex 32.0420 -52.3133 6.9500
    endloop
  endfacet
  facet normal 0 0 1
    outer loop
      vertex 32.0420 -52.3133 0.0000
      vertex 39.0000 -68.0000 0.0000
      vertex 49.0000 -68.0000 0.0000
    endloop
  endfacet
  facet normal 0 0 1
    outer loop
      vertex 32.0420 -52.3133 0.0000
      vertex 49.0000 -68.0000 0.0000
      vertex 32.1977 -51.6648 0.0000
    endloop
  endfacet
  facet normal 0.972367 -0.233458 0
    outer loop
      vertex 32.0420 -52.3133 6.9500
      vertex 32.1977 -51.6648 0.0000
      vertex 32.1977 -51.6648 6.9500
    endloop
  endfacet
  facet normal 0.972367 0.233458 0
    outer loop
      vertex 32.0420 -49.6867 0.0000
      vertex 32.0420 -49.6867 6.9500
      vertex 32.1977 -50.3352 6.9500
    endloop
  endfacet
  facet normal 0 0 1
    outer loop
      vertex 32.0420 -49.6867 0.0000
      vertex 32.1977 -50.3352 0.0000
      vertex 49.0000 -68.0000 0.0000
    endloop
  endfacet
  facet normal 0.972367 0.233458 0
    outer loop
      vertex 32.0420 -49.6867 0.0000
      vertex 32.1977 -50.3352 6.9500
      vertex 32.1977 -50.3352 0.0000
    endloop
  endfacet
  facet normal 0.972367 -0.233458 0
    outer loop
      vertex 32.0420 -15.3133 0.0000
      vertex 32.1977 -14.6648 0.0000
      vertex 32.0420 -15.3133 6.9500
    endloop
  endfacet
  facet normal 0 0 1
    outer loop
      vertex 32.0420 -15.3133 0.0000
      vertex 49.0000 -68.0000 0.0000
      vertex 112.7500 -32.5000 0.0000
    endloop
  endfacet
  facet normal 0 0 1
    outer loop
      vertex 32.0420 -15.3133 0.0000
      vertex 112.7500 -32.5000 0.0000
      vertex 112.8020 -31.8352 0.0000
    endloop
  endfacet
  facet normal 0 0 1
    outer loop
      vertex 32.0420 -15.3133 0.0000
      vertex 112.8020 -31.8352 0.0000
      vertex 32.1977 -14.6648 0.0000
    endloop
  endfacet
  facet normal 0.972367 -0.233458 0
    outer loop
      vertex 32.0420 -15.3133 6.9500
      vertex 32.1977 -14.6648 0.0000
      vertex 32.1977 -14.6648 6.9500
    endloop
  endfacet
  facet normal 0.972367 0.233458 0
    outer loop
      vertex 32.0420 -12.6867 0.0000
      vertex 32.0420 -12.6867 6.9500
      vertex 32.1977 -13.3352 6.9500
    endloop
  endfacet
  facet normal 0 0 1
    outer loop
      vertex 32.0420 -12.6867 0.0000
      vertex 32.1977 -13.3352 0.0000
      vertex 33.6000 23.3000 0.0000
    endloop
  endfacet
  facet normal 0.972367 0.233458 0
    outer loop
      vertex 32.0420 -12.6867 0.0000
      vertex 32.1977 -13.3352 6.9500
      vertex 32.1977 -13.3352 0.0000
    endloop
  endfacet
  facet normal 0.99692 -0.078428 0
    outer loop
      vertex 32.1977 -51.6648 0.0000
      vertex 32.2500 -51.0000 0.0000
      vertex 32.1977 -51.6648 6.9500
    endloop
  endfacet
  facet normal 0 0 1
    outer loop
      vertex 32.1977 -51.6648 0.0000
      vertex 49.0000 -68.0000 0.0000
      vertex 32.2500 -51.0000 0.0000
    endloop
  endfacet
  facet normal 0.99692 -0.078428 0
    outer loop
      vertex 32.1977 -51.6648 6.9500
      vertex 32.2500 -51.0000 0.0000
      vertex 32.2500 -51.0000 6.9500
    endloop
  endfacet
  facet normal 0.99692 0.078428 0
    outer loop
      vertex 32.1977 -50.3352 0.0000
      vertex 32.1977 -50.3352 6.9500
      vertex 32.2500 -51.0000 6.9500
    endloop
  endfacet
  facet normal 0 0 1
    outer loop
      vertex 32.1977 -50.3352 0.0000
      vertex 32.2500 -51.0000 0.0000
      vertex 49.0000 -68.0000 0.0000
    endloop
  endfacet
  facet normal 0.99692 0.078428 0
    outer loop
      vertex 32.1977 -50.3352 0.0000
      vertex 32.2500 -51.0000 6.9500
      vertex 32.2500 -51.0000 0.0000
    endloop
  endfacet
  facet normal 0.99692 -0.078428 0
    outer loop
      vertex 32.1977 -14.6648 0.0000
      vertex 32.2500 -14.0000 0.0000
      vertex 32.1977 -14.6648 6.9500
    endloop
  endfacet
  facet normal 0 0 1
    outer loop
      vertex 32.1977 -14.6648 0.0000
      vertex 81.6000 23.3000 0.0000
      vertex 32.2500 -14.0000 0.0000
    endloop
  endfacet
  facet normal 0 0 1
    outer loop
      vertex 32.1977 -14.6648 0.0000
      vertex 112.8020 -31.8352 0.0000
      vertex 112.9580 -31.1867 0.0000
    endloop
  endfacet
  facet normal 0 0 1
    outer loop
      vertex 32.1977 -14.6648 0.0000
      vertex 112.9580 -31.1867 0.0000
      vertex 81.6000 23.3000 0.0000
    endloop
  endfacet
  facet normal 0.99692 -0.078428 0
    outer loop
      vertex 32.1977 -14.6648 6.9500
      vertex 32.2500 -14.0000 0.0000
      vertex 32.2500 -14.0000 6.9500
    endloop
  endfacet
  facet normal 0.99692 0.078428 0
    outer loop
      vertex 32.1977 -13.3352 0.0000
      vertex 32.1977 -13.3352 6.9500
      vertex 32.2500 -14.0000 6.9500
    endloop
  endfacet
  facet normal 0 0 1
    outer loop
      vertex 32.1977 -13.3352 0.0000
      vertex 32.2500 -14.0000 0.0000
      vertex 33.6000 23.3000 0.0000
    endloop
  endfacet
  facet normal 0.99692 0.078428 0
    outer loop
      vertex 32.1977 -13.3352 0.0000
      vertex 32.2500 -14.0000 6.9500
      vertex 32.2500 -14.0000 0.0000
    endloop
  endfacet
  facet normal 0 0 1
    outer loop
      vertex 32.2500 -14.0000 0.0000
      vertex 44.4000 23.3000 0.0000
      vertex 33.6000 23.3000 0.0000
    endloop
  endfacet
  facet normal 0 0 1
    outer loop
      vertex 32.2500 -14.0000 0.0000
      vertex 81.6000 23.3000 0.0000
      vertex 44.4000 23.3000 0.0000
    endloop
  endfacet
  facet normal 0 1 0
    outer loop
      vertex 33.6000 23.3000 -3.0000
      vertex 33.6000 23.3000 0.0000
      vertex 44.4000 23.3000 -3.0000
    endloop
  endfacet
  facet normal 1 0 0
    outer loop
      vertex 33.6000 23.3000 -3.0000
      vertex 33.6000 27.9187 -3.0000
      vertex 33.6000 23.3000 0.0000
    endloop
  endfacet
  facet normal 1 0 0
    outer loop
      vertex 33.6000 23.3000 0.0000
      vertex 33.6000 27.9187 -3.0000
      vertex 33.6000 27.9187 0.0000
    endloop
  endfacet
  facet normal 0 1 0
    outer loop
      vertex 33.6000 23.3000 0.0000
      vertex 44.4000 23.3000 0.0000
      vertex 44.4000 23.3000 -3.0000
    endloop
  endfacet
  facet normal 0.478852 -0.877896 0
    outer loop
      vertex 33.6000 27.9187 -3.0000
      vertex 35.8000 29.1187 -3.0000
      vertex 35.8000 29.1187 0.0000
    endloop
  endfacet
  facet normal 0.478852 -0.877896 0
    outer loop
      vertex 33.6000 27.9187 -3.0000
      vertex 35.8000 29.1187 0.0000
      vertex 33.6000 27.9187 0.0000
    endloop
  endfacet
  facet normal 0 0 -1
    outer loop
      vertex 33.6000 27.9187 -3.0000
      vertex 35.8000 30.0000 -3.0000
      vertex 35.8000 29.1187 -3.0000
    endloop
  endfacet
  facet normal 0 0 1
    outer loop
      vertex 33.6000 27.9187 0.0000
      vertex 35.8000 29.1187 0.0000
      vertex 35.8000 30.0000 0.0000
    endloop
  endfacet
  facet normal 1 0 0
    outer loop
      vertex 35.8000 29.1187 -3.0000
      vertex 35.8000 30.0000 -3.0000
      vertex 35.8000 29.1187 0.0000
    endloop
  endfacet
  facet normal 1 0 0
    outer loop
      vertex 35.8000 29.1187 0.0000
      vertex 35.8000 30.0000 -3.0000
      vertex 35.8000 30.0000 0.0000
    endloop
  endfacet
  facet normal -1 0 0
    outer loop
      vertex 39.0000 -86.0000 0.0000
      vertex 39.0000 -86.0000 0.0100
      vertex 39.0000 -84.9000 0.0100
    endloop
  endfacet
  facet normal -1 0 0
    outer loop
      vertex 39.0000 -86.0000 0.0000
      vertex 39.0000 -84.9000 0.0100
      vertex 39.0000 -84.9000 0.0000
    endloop
  endfacet
  facet normal 0 -1 0
    outer loop
      vertex 39.0000 -86.0000 0.0000
      vertex 49.0000 -86.0000 0.0000
      vertex 49.0000 -86.0000 0.0100
    endloop
  endfacet
  facet normal 0 -1 0
    outer loop
      vertex 39.0000 -86.0000 0.0000
      vertex 49.0000 -86.0000 0.0100
      vertex 39.0000 -86.0000 0.0100
    endloop
  endfacet
  facet normal -0.93255 0 0.36104
    outer loop
      vertex 39.0000 -86.0000 0.0100
      vertex 43.4000 -86.0000 11.3750
      vertex 43.4000 -84.9000 11.3750
    endloop
  endfacet
  facet normal -0.93255 0 0.36104
    outer loop
      vertex 39.0000 -86.0000 0.0100
      vertex 43.4000 -84.9000 11.3750
      vertex 39.0000 -84.9000 0.0100
    endloop
  endfacet
  facet normal 0 -1 0
    outer loop
      vertex 39.0000 -86.0000 0.0100
      vertex 44.6000 -86.0000 11.3750
      vertex 43.4000 -86.0000 11.3750
    endloop
  endfacet
  facet normal 0 -1 0
    outer loop
      vertex 39.0000 -86.0000 0.0100
      vertex 49.0000 -86.0000 0.0100
      vertex 44.6000 -86.0000 11.3750
    endloop
  endfacet
  facet normal 0 1 0
    outer loop
      vertex 39.0000 -84.9000 0.0000
      vertex 39.0000 -84.9000 0.0100
      vertex 43.4000 -84.9000 0.0000
    endloop
  endfacet
  facet normal 0 0 1
    outer loop
      vertex 39.0000 -84.9000 0.0000
      vertex 43.4000 -84.9000 0.0000
      vertex 39.0000 -69.1000 0.0000
    endloop
  endfacet
  facet normal 0 1 0
    outer loop
      vertex 39.0000 -84.9000 0.0100
      vertex 43.4000 -84.9000 11.3750
      vertex 43.4000 -84.9000 0.0000
    endloop
  endfacet
  facet normal -1 0 0
    outer loop
      vertex 39.0000 -69.1000 0.0000
      vertex 39.0000 -69.1000 0.0100
      vertex 39.0000 -68.0000 0.0100
    endloop
  endfacet
  facet normal -1 0 0
    outer loop
      vertex 39.0000 -69.1000 0.0000
      vertex 39.0000 -68.0000 0.0100
      vertex 39.0000 -68.0000 0.0000
    endloop
  endfacet
  facet normal 0 0 1
    outer loop
      vertex 39.0000 -69.1000 0.0000
      vertex 43.4000 -84.9000 0.0000
      vertex 43.4000 -69.1000 0.0000
    endloop
  endfacet
  facet normal 0 -1 0
    outer loop
      vertex 39.0000 -69.1000 0.0000
      vertex 43.4000 -69.1000 0.0000
      vertex 39.0000 -69.1000 0.0100
    endloop
  endfacet
  facet normal 0 -1 0
    outer loop
      vertex 39.0000 -69.1000 0.0100
      vertex 43.4000 -69.1000 0.0000
      vertex 43.4000 -69.1000 11.3750
    endloop
  endfacet
  facet normal -0.93255 0 0.36104
    outer loop
      vertex 39.0000 -69.1000 0.0100
      vertex 43.4000 -69.1000 11.3750
      vertex 43.4000 -68.0000 11.3750
    endloop
  endfacet
  facet normal -0.93255 0 0.36104
    outer loop
      vertex 39.0000 -69.1000 0.0100
      vertex 43.4000 -68.0000 11.3750
      vertex 39.0000 -68.0000 0.0100
    endloop
  endfacet
  facet normal 0 1 0
    outer loop
      vertex 39.0000 -68.0000 0.0000
      vertex 39.0000 -68.0000 0.0100
      vertex 49.0000 -68.0000 0.0000
    endloop
  endfacet
  facet normal 0 1 0
    outer loop
      vertex 39.0000 -68.0000 0.0100
      vertex 43.4000 -68.0000 11.3750
      vertex 49.0000 -68.0000 0.0100
    endloop
  endfacet
  facet normal 0 1 0
    outer loop
      vertex 39.0000 -68.0000 0.0100
      vertex 49.0000 -68.0000 0.0100
      vertex 49.0000 -68.0000 0.0000
    endloop
  endfacet
  facet normal -1 0 0
    outer loop
      vertex 42.2000 29.1187 -3.0000
      vertex 42.2000 29.1187 0.0000
      vertex 42.2000 30.0000 0.0000
    endloop
  endfacet
  facet normal 0 0 -1
    outer loop
      vertex 42.2000 29.1187 -3.0000
      vertex 42.2000 30.0000 -3.0000
      vertex 44.4000 27.9187 -3.0000
    endloop
  endfacet
  facet normal -1 0 0
    outer loop
      vertex 42.2000 29.1187 -3.0000
      vertex 42.2000 30.0000 0.0000
      vertex 42.2000 30.0000 -3.0000
    endloop
  endfacet
  facet normal -0.478852 -0.877896 0
    outer loop
      vertex 42.2000 29.1187 -3.0000
      vertex 44.4000 27.9187 -3.0000
      vertex 44.4000 27.9187 0.0000
    endloop
  endfacet
  facet normal -0.478852 -0.877896 0
    outer loop
      vertex 42.2000 29.1187 -3.0000
      vertex 44.4000 27.9187 0.0000
      vertex 42.2000 29.1187 0.0000
    endloop
  endfacet
  facet normal 0 0 1
    outer loop
      vertex 42.2000 29.1187 0.0000
      vertex 44.4000 27.9187 0.0000
      vertex 42.2000 30.0000 0.0000
    endloop
  endfacet
  facet normal 0 1 0
    outer loop
      vertex 42.2000 30.0000 -3.0000
      vertex 42.2000 30.0000 0.0000
      vertex 83.8000 30.0000 -3.0000
    endloop
  endfacet
  facet normal 0 0 -1
    outer loop
      vertex 42.2000 30.0000 -3.0000
      vertex 83.8000 30.0000 -3.0000
      vertex 44.4000 27.9187 -3.0000
    endloop
  endfacet
  facet normal 0 0 1
    outer loop
      vertex 42.2000 30.0000 0.0000
      vertex 44.4000 27.9187 0.0000
      vertex 83.8000 30.0000 0.0000
    endloop
  endfacet
  facet normal 0 1 0
    outer loop
      vertex 42.2000 30.0000 0.0000
      vertex 83.8000 30.0000 0.0000
      vertex 83.8000 30.0000 -3.0000
    endloop
  endfacet
  facet normal -1 0 0
    outer loop
      vertex 43.4000 -86.0000 11.3750
      vertex 43.4000 -86.0000 16.2500
      vertex 43.4000 -84.9000 11.3750
    endloop
  endfacet
  facet normal 0 -1 0
    outer loop
      vertex 43.4000 -86.0000 11.3750
      vertex 44.6000 -86.0000 11.3750
      vertex 44.6000 -86.0000 16.2500
    endloop
  endfacet
  facet normal 0 -1 0
    outer loop
      vertex 43.4000 -86.0000 11.3750
      vertex 44.6000 -86.0000 16.2500
      vertex 43.4000 -86.0000 16.2500
    endloop
  endfacet
  facet normal -1 0 0
    outer loop
      vertex 43.4000 -86.0000 16.2500
      vertex 43.4000 -82.7500 13.7500
      vertex 43.4000 -84.9000 11.3750
    endloop
  endfacet
  facet normal -1 0 0
    outer loop
      vertex 43.4000 -86.0000 16.2500
      vertex 43.4000 -82.1500 16.2500
      vertex 43.4000 -82.7500 13.7500
    endloop
  endfacet
  facet normal 0 0 1
    outer loop
      vertex 43.4000 -86.0000 16.2500
      vertex 44.6000 -86.0000 16.2500
      vertex 43.4000 -82.1500 16.2500
    endloop
  endfacet
  facet normal -1 0 0
    outer loop
      vertex 43.4000 -84.9000 0.0000
      vertex 43.4000 -84.9000 11.3750
      vertex 43.4000 -82.6244 6.8045
    endloop
  endfacet
  facet normal -1 0 0
    outer loop
      vertex 43.4000 -84.9000 0.0000
      vertex 43.4000 -82.6244 6.8045
      vertex 43.4000 -82.4686 6.2232
    endloop
  endfacet
  facet normal -1 0 0
    outer loop
      vertex 43.4000 -84.9000 0.0000
      vertex 43.4000 -82.4686 6.2232
      vertex 43.4000 -82.2529 5.6613
    endloop
  endfacet
  facet normal -1 0 0
    outer loop
      vertex 43.4000 -84.9000 0.0000
      vertex 43.4000 -82.2529 5.6613
      vertex 43.4000 -81.9796 5.1250
    endloop
  endfacet
  facet normal -1 0 0
    outer loop
      vertex 43.4000 -84.9000 0.0000
      vertex 43.4000 -81.9796 5.1250
      vertex 43.4000 -81.6518 4.6202
    endloop
  endfacet
  facet normal -1 0 0
    outer loop
      vertex 43.4000 -84.9000 0.0000
      vertex 43.4000 -81.6518 4.6202
      vertex 43.4000 -81.2731 4.1525
    endloop
  endfacet
  facet normal -1 0 0
    outer loop
      vertex 43.4000 -84.9000 0.0000
      vertex 43.4000 -81.2731 4.1525
      vertex 43.4000 -80.8475 3.7269
    endloop
  endfacet
  facet normal -1 0 0
    outer loop
      vertex 43.4000 -84.9000 0.0000
      vertex 43.4000 -80.8475 3.7269
      vertex 43.4000 -80.3798 3.3481
    endloop
  endfacet
  facet normal -1 0 0
    outer loop
      vertex 43.4000 -84.9000 0.0000
      vertex 43.4000 -80.3798 3.3481
      vertex 43.4000 -79.8750 3.0204
    endloop
  endfacet
  facet normal -1 0 0
    outer loop
      vertex 43.4000 -84.9000 0.0000
      vertex 43.4000 -79.8750 3.0204
      vertex 43.4000 -79.3387 2.7471
    endloop
  endfacet
  facet normal -1 0 0
    outer loop
      vertex 43.4000 -84.9000 0.0000
      vertex 43.4000 -79.3387 2.7471
      vertex 43.4000 -78.7768 2.5314
    endloop
  endfacet
  facet normal -1 0 0
    outer loop
      vertex 43.4000 -84.9000 0.0000
      vertex 43.4000 -78.7768 2.5314
      vertex 43.4000 -78.1955 2.3756
    endloop
  endfacet
  facet normal -1 0 0
    outer loop
      vertex 43.4000 -84.9000 0.0000
      vertex 43.4000 -78.1955 2.3756
      vertex 43.4000 -77.6010 2.2815
    endloop
  endfacet
  facet normal -1 0 0
    outer loop
      vertex 43.4000 -84.9000 0.0000
      vertex 43.4000 -77.6010 2.2815
      vertex 43.4000 -77.0000 2.2500
    endloop
  endfacet
  facet normal -1 0 0
    outer loop
      vertex 43.4000 -84.9000 0.0000
      vertex 43.4000 -77.0000 2.2500
      vertex 43.4000 -69.1000 0.0000
    endloop
  endfacet
  facet normal -1 0 0
    outer loop
      vertex 43.4000 -84.9000 11.3750
      vertex 43.4000 -82.7500 8.0000
      vertex 43.4000 -82.7185 7.3990
    endloop
  endfacet
  facet normal -1 0 0
    outer loop
      vertex 43.4000 -84.9000 11.3750
      vertex 43.4000 -82.7500 13.7500
      vertex 43.4000 -82.7500 8.0000
    endloop
  endfacet
  facet normal -1 0 0
    outer loop
      vertex 43.4000 -84.9000 11.3750
      vertex 43.4000 -82.7185 7.3990
      vertex 43.4000 -82.6244 6.8045
    endloop
  endfacet
  facet normal 0 1 0
    outer loop
      vertex 43.4000 -82.7500 8.0000
      vertex 43.4000 -82.7500 13.7500
      vertex 44.6000 -82.7500 8.0000
    endloop
  endfacet
  facet normal 0 0.998629 0.052341
    outer loop
      vertex 43.4000 -82.7500 8.0000
      vertex 44.6000 -82.7500 8.0000
      vertex 44.6000 -82.7185 7.3990
    endloop
  endfacet
  facet normal 0 0.998629 0.052341
    outer loop
      vertex 43.4000 -82.7500 8.0000
      vertex 44.6000 -82.7185 7.3990
      vertex 43.4000 -82.7185 7.3990
    endloop
  endfacet
  facet normal 0 0 -1
    outer loop
      vertex 43.4000 -82.7500 13.7500
      vertex 43.4000 -82.1500 13.7500
      vertex 44.6000 -82.1500 13.7500
    endloop
  endfacet
  facet normal -1 0 0
    outer loop
      vertex 43.4000 -82.7500 13.7500
      vertex 43.4000 -82.1500 16.2500
      vertex 43.4000 -82.1500 13.7500
    endloop
  endfacet
  facet normal 0 1 0
    outer loop
      vertex 43.4000 -82.7500 13.7500
      vertex 44.6000 -82.7500 13.7500
      vertex 44.6000 -82.7500 8.0000
    endloop
  endfacet
  facet normal 0 0 -1
    outer loop
      vertex 43.4000 -82.7500 13.7500
      vertex 44.6000 -82.1500 13.7500
      vertex 44.6000 -82.7500 13.7500
    endloop
  endfacet
  facet normal 0 0.987704 0.156338
    outer loop
      vertex 43.4000 -82.7185 7.3990
      vertex 44.6000 -82.7185 7.3990
      vertex 44.6000 -82.6244 6.8045
    endloop
  endfacet
  facet normal 0 0.987704 0.156338
    outer loop
      vertex 43.4000 -82.7185 7.3990
      vertex 44.6000 -82.6244 6.8045
      vertex 43.4000 -82.6244 6.8045
    endloop
  endfacet
  facet normal 0 0.965909 0.258883
    outer loop
      vertex 43.4000 -82.6244 6.8045
      vertex 44.6000 -82.6244 6.8045
      vertex 44.6000 -82.4686 6.2232
    endloop
  endfacet
  facet normal 0 0.965909 0.258883
    outer loop
      vertex 43.4000 -82.6244 6.8045
      vertex 44.6000 -82.4686 6.2232
      vertex 43.4000 -82.4686 6.2232
    endloop
  endfacet
  facet normal 0 0.933577 0.358378
    outer loop
      vertex 43.4000 -82.4686 6.2232
      vertex 44.6000 -82.4686 6.2232
      vertex 44.6000 -82.2529 5.6613
    endloop
  endfacet
  facet normal 0 0.933577 0.358378
    outer loop
      vertex 43.4000 -82.4686 6.2232
      vertex 44.6000 -82.2529 5.6613
      vertex 43.4000 -82.2529 5.6613
    endloop
  endfacet
  facet normal 0 0.890979 0.454045
    outer loop
      vertex 43.4000 -82.2529 5.6613
      vertex 44.6000 -82.2529 5.6613
      vertex 44.6000 -81.9796 5.1250
    endloop
  endfacet
  facet normal 0 0.890979 0.454045
    outer loop
      vertex 43.4000 -82.2529 5.6613
      vertex 44.6000 -81.9796 5.1250
      vertex 43.4000 -81.9796 5.1250
    endloop
  endfacet
  facet normal 0 1 0
    outer loop
      vertex 43.4000 -82.1500 13.7500
      vertex 43.4000 -82.1500 16.2500
      vertex 44.6000 -82.1500 13.7500
    endloop
  endfacet
  facet normal 0 0 1
    outer loop
      vertex 43.4000 -82.1500 16.2500
      vertex 44.6000 -86.0000 16.2500
      vertex 44.6000 -82.1500 16.2500
    endloop
  endfacet
  facet normal 0 1 0
    outer loop
      vertex 43.4000 -82.1500 16.2500
      vertex 44.6000 -82.1500 16.2500
      vertex 44.6000 -82.1500 13.7500
    endloop
  endfacet
  facet normal 0 0.838686 0.544615
    outer loop
      vertex 43.4000 -81.9796 5.1250
      vertex 44.6000 -81.9796 5.1250
      vertex 44.6000 -81.6518 4.6202
    endloop
  endfacet
  facet normal 0 0.838686 0.544615
    outer loop
      vertex 43.4000 -81.9796 5.1250
      vertex 44.6000 -81.6518 4.6202
      vertex 43.4000 -81.6518 4.6202
    endloop
  endfacet
  facet normal 0 0.777175 0.629284
    outer loop
      vertex 43.4000 -81.6518 4.6202
      vertex 44.6000 -81.6518 4.6202
      vertex 44.6000 -81.2731 4.1525
    endloop
  endfacet
  facet normal 0 0.777175 0.629284
    outer loop
      vertex 43.4000 -81.6518 4.6202
      vertex 44.6000 -81.2731 4.1525
      vertex 43.4000 -81.2731 4.1525
    endloop
  endfacet
  facet normal 0 0.707107 0.707107
    outer loop
      vertex 43.4000 -81.2731 4.1525
      vertex 44.6000 -81.2731 4.1525
      vertex 43.4000 -80.8475 3.7269
    endloop
  endfacet
  facet normal 0 0.707107 0.707107
    outer loop
      vertex 43.4000 -80.8475 3.7269
      vertex 44.6000 -81.2731 4.1525
      vertex 44.6000 -80.8475 3.7269
    endloop
  endfacet
  facet normal 0 0.629385 0.777094
    outer loop
      vertex 43.4000 -80.8475 3.7269
      vertex 44.6000 -80.8475 3.7269
      vertex 43.4000 -80.3798 3.3481
    endloop
  endfacet
  facet normal 0 0.629385 0.777094
    outer loop
      vertex 43.4000 -80.3798 3.3481
      vertex 44.6000 -80.8475 3.7269
      vertex 44.6000 -80.3798 3.3481
    endloop
  endfacet
  facet normal 0 0.544498 0.838762
    outer loop
      vertex 43.4000 -80.3798 3.3481
      vertex 44.6000 -80.3798 3.3481
      vertex 43.4000 -79.8750 3.0204
    endloop
  endfacet
  facet normal 0 0.544498 0.838762
    outer loop
      vertex 43.4000 -79.8750 3.0204
      vertex 44.6000 -80.3798 3.3481
      vertex 44.6000 -79.8750 3.0204
    endloop
  endfacet
  facet normal 0 0.454045 0.890979
    outer loop
      vertex 43.4000 -79.8750 3.0204
      vertex 44.6000 -79.8750 3.0204
      vertex 43.4000 -79.3387 2.7471
    endloop
  endfacet
  facet normal 0 0.454045 0.890979
    outer loop
      vertex 43.4000 -79.3387 2.7471
      vertex 44.6000 -79.8750 3.0204
      vertex 44.6000 -79.3387 2.7471
    endloop
  endfacet
  facet normal 0 0.358378 0.933577
    outer loop
      vertex 43.4000 -79.3387 2.7471
      vertex 44.6000 -79.3387 2.7471
      vertex 43.4000 -78.7768 2.5314
    endloop
  endfacet
  facet normal 0 0.358378 0.933577
    outer loop
      vertex 43.4000 -78.7768 2.5314
      vertex 44.6000 -79.3387 2.7471
      vertex 44.6000 -78.7768 2.5314
    endloop
  endfacet
  facet normal 0 0.258883 0.965909
    outer loop
      vertex 43.4000 -78.7768 2.5314
      vertex 44.6000 -78.7768 2.5314
      vertex 43.4000 -78.1955 2.3756
    endloop
  endfacet
  facet normal 0 0.258883 0.965909
    outer loop
      vertex 43.4000 -78.1955 2.3756
      vertex 44.6000 -78.7768 2.5314
      vertex 44.6000 -78.1955 2.3756
    endloop
  endfacet
  facet normal 0 0.156338 0.987704
    outer loop
      vertex 43.4000 -78.1955 2.3756
      vertex 44.6000 -78.1955 2.3756
      vertex 43.4000 -77.6010 2.2815
    endloop
  endfacet
  facet normal 0 0.156338 0.987704
    outer loop
      vertex 43.4000 -77.6010 2.2815
      vertex 44.6000 -78.1955 2.3756
      vertex 44.6000 -77.6010 2.2815
    endloop
  endfacet
  facet normal 0 0.052341 0.998629
    outer loop
      vertex 43.4000 -77.6010 2.2815
      vertex 44.6000 -77.6010 2.2815
      vertex 43.4000 -77.0000 2.2500
    endloop
  endfacet
  facet normal -1 0 0
    outer loop
      vertex 43.4000 -77.0000 2.2500
      vertex 43.4000 -76.3990 2.2815
      vertex 43.4000 -69.1000 0.0000
    endloop
  endfacet
  facet normal 0 0.052341 0.998629
    outer loop
      vertex 43.4000 -77.0000 2.2500
      vertex 44.6000 -77.6010 2.2815
      vertex 44.6000 -77.0000 2.2500
    endloop
  endfacet
  facet normal 0 -0.052341 0.998629
    outer loop
      vertex 43.4000 -77.0000 2.2500
      vertex 44.6000 -77.0000 2.2500
      vertex 43.4000 -76.3990 2.2815
    endloop
  endfacet
  facet normal -1 0 0
    outer loop
      vertex 43.4000 -76.3990 2.2815
      vertex 43.4000 -75.8045 2.3756
      vertex 43.4000 -69.1000 0.0000
    endloop
  endfacet
  facet normal 0 -0.052341 0.998629
    outer loop
      vertex 43.4000 -76.3990 2.2815
      vertex 44.6000 -77.0000 2.2500
      vertex 44.6000 -76.3990 2.2815
    endloop
  endfacet
  facet normal 0 -0.156338 0.987704
    outer loop
      vertex 43.4000 -76.3990 2.2815
      vertex 44.6000 -76.3990 2.2815
      vertex 43.4000 -75.8045 2.3756
    endloop
  endfacet
  facet normal -1 0 0
    outer loop
      vertex 43.4000 -75.8045 2.3756
      vertex 43.4000 -75.2232 2.5314
      vertex 43.4000 -69.1000 0.0000
    endloop
  endfacet
  facet normal 0 -0.156338 0.987704
    outer loop
      vertex 43.4000 -75.8045 2.3756
      vertex 44.6000 -76.3990 2.2815
      vertex 44.6000 -75.8045 2.3756
    endloop
  endfacet
  facet normal 0 -0.258883 0.965909
    outer loop
      vertex 43.4000 -75.8045 2.3756
      vertex 44.6000 -75.8045 2.3756
      vertex 43.4000 -75.2232 2.5314
    endloop
  endfacet
  facet normal -1 0 0
    outer loop
      vertex 43.4000 -75.2232 2.5314
      vertex 43.4000 -74.6613 2.7471
      vertex 43.4000 -69.1000 0.0000
    endloop
  endfacet
  facet normal 0 -0.258883 0.965909
    outer loop
      vertex 43.4000 -75.2232 2.5314
      vertex 44.6000 -75.8045 2.3756
      vertex 44.6000 -75.2232 2.5314
    endloop
  endfacet
  facet normal 0 -0.358378 0.933577
    outer loop
      vertex 43.4000 -75.2232 2.5314
      vertex 44.6000 -75.2232 2.5314
      vertex 43.4000 -74.6613 2.7471
    endloop
  endfacet
  facet normal -1 0 0
    outer loop
      vertex 43.4000 -74.6613 2.7471
      vertex 43.4000 -74.1250 3.0204
      vertex 43.4000 -69.1000 0.0000
    endloop
  endfacet
  facet normal 0 -0.358378 0.933577
    outer loop
      vertex 43.4000 -74.6613 2.7471
      vertex 44.6000 -75.2232 2.5314
      vertex 44.6000 -74.6613 2.7471
    endloop
  endfacet
  facet normal 0 -0.454045 0.890979
    outer loop
      vertex 43.4000 -74.6613 2.7471
      vertex 44.6000 -74.6613 2.7471
      vertex 43.4000 -74.1250 3.0204
    endloop
  endfacet
  facet normal -1 0 0
    outer loop
      vertex 43.4000 -74.1250 3.0204
      vertex 43.4000 -73.6202 3.3481
      vertex 43.4000 -69.1000 0.0000
    endloop
  endfacet
  facet normal 0 -0.454045 0.890979
    outer loop
      vertex 43.4000 -74.1250 3.0204
      vertex 44.6000 -74.6613 2.7471
      vertex 44.6000 -74.1250 3.0204
    endloop
  endfacet
  facet normal 0 -0.544498 0.838762
    outer loop
      vertex 43.4000 -74.1250 3.0204
      vertex 44.6000 -74.1250 3.0204
      vertex 43.4000 -73.6202 3.3481
    endloop
  endfacet
  facet normal -1 0 0
    outer loop
      vertex 43.4000 -73.6202 3.3481
      vertex 43.4000 -73.1525 3.7269
      vertex 43.4000 -69.1000 0.0000
    endloop
  endfacet
  facet normal 0 -0.544498 0.838762
    outer loop
      vertex 43.4000 -73.6202 3.3481
      vertex 44.6000 -74.1250 3.0204
      vertex 44.6000 -73.6202 3.3481
    endloop
  endfacet
  facet normal 0 -0.629385 0.777094
    outer loop
      vertex 43.4000 -73.6202 3.3481
      vertex 44.6000 -73.6202 3.3481
      vertex 43.4000 -73.1525 3.7269
    endloop
  endfacet
  facet normal -1 0 0
    outer loop
      vertex 43.4000 -73.1525 3.7269
      vertex 43.4000 -72.7269 4.1525
      vertex 43.4000 -69.1000 0.0000
    endloop
  endfacet
  facet normal 0 -0.629385 0.777094
    outer loop
      vertex 43.4000 -73.1525 3.7269
      vertex 44.6000 -73.6202 3.3481
      vertex 44.6000 -73.1525 3.7269
    endloop
  endfacet
  facet normal 0 -0.707107 0.707107
    outer loop
      vertex 43.4000 -73.1525 3.7269
      vertex 44.6000 -73.1525 3.7269
      vertex 43.4000 -72.7269 4.1525
    endloop
  endfacet
  facet normal -1 0 0
    outer loop
      vertex 43.4000 -72.7269 4.1525
      vertex 43.4000 -72.3482 4.6202
      vertex 43.4000 -69.1000 0.0000
    endloop
  endfacet
  facet normal 0 -0.707107 0.707107
    outer loop
      vertex 43.4000 -72.7269 4.1525
      vertex 44.6000 -73.1525 3.7269
      vertex 44.6000 -72.7269 4.1525
    endloop
  endfacet
  facet normal 0 -0.777175 0.629284
    outer loop
      vertex 43.4000 -72.7269 4.1525
      vertex 44.6000 -72.7269 4.1525
      vertex 44.6000 -72.3482 4.6202
    endloop
  endfacet
  facet normal 0 -0.777175 0.629284
    outer loop
      vertex 43.4000 -72.7269 4.1525
      vertex 44.6000 -72.3482 4.6202
      vertex 43.4000 -72.3482 4.6202
    endloop
  endfacet
  facet normal -1 0 0
    outer loop
      vertex 43.4000 -72.3482 4.6202
      vertex 43.4000 -72.0204 5.1250
      vertex 43.4000 -69.1000 0.0000
    endloop
  endfacet
  facet normal 0 -0.838686 0.544615
    outer loop
      vertex 43.4000 -72.3482 4.6202
      vertex 44.6000 -72.3482 4.6202
      vertex 44.6000 -72.0204 5.1250
    endloop
  endfacet
  facet normal 0 -0.838686 0.544615
    outer loop
      vertex 43.4000 -72.3482 4.6202
      vertex 44.6000 -72.0204 5.1250
      vertex 43.4000 -72.0204 5.1250
    endloop
  endfacet
  facet normal -1 0 0
    outer loop
      vertex 43.4000 -72.0204 5.1250
      vertex 43.4000 -71.7471 5.6613
      vertex 43.4000 -69.1000 0.0000
    endloop
  endfacet
  facet normal 0 -0.890979 0.454045
    outer loop
      vertex 43.4000 -72.0204 5.1250
      vertex 44.6000 -72.0204 5.1250
      vertex 44.6000 -71.7471 5.6613
    endloop
  endfacet
  facet normal 0 -0.890979 0.454045
    outer loop
      vertex 43.4000 -72.0204 5.1250
      vertex 44.6000 -71.7471 5.6613
      vertex 43.4000 -71.7471 5.6613
    endloop
  endfacet
  facet normal -1 0 0
    outer loop
      vertex 43.4000 -71.8500 13.7500
      vertex 43.4000 -71.8500 16.2500
      vertex 43.4000 -71.2500 13.7500
    endloop
  endfacet
  facet normal 0 0 -1
    outer loop
      vertex 43.4000 -71.8500 13.7500
      vertex 43.4000 -71.2500 13.7500
      vertex 44.6000 -71.2500 13.7500
    endloop
  endfacet
  facet normal 0 -1 0
    outer loop
      vertex 43.4000 -71.8500 13.7500
      vertex 44.6000 -71.8500 13.7500
      vertex 44.6000 -71.8500 16.2500
    endloop
  endfacet
  facet normal 0 -1 0
    outer loop
      vertex 43.4000 -71.8500 13.7500
      vertex 44.6000 -71.8500 16.2500
      vertex 43.4000 -71.8500 16.2500
    endloop
  endfacet
  facet normal 0 0 -1
    outer loop
      vertex 43.4000 -71.8500 13.7500
      vertex 44.6000 -71.2500 13.7500
      vertex 44.6000 -71.8500 13.7500
    endloop
  endfacet
  facet normal -1 0 0
    outer loop
      vertex 43.4000 -71.8500 16.2500
      vertex 43.4000 -68.0000 16.2500
      vertex 43.4000 -71.2500 13.7500
    endloop
  endfacet
  facet normal 0 0 1
    outer loop
      vertex 43.4000 -71.8500 16.2500
      vertex 44.6000 -71.8500 16.2500
      vertex 43.4000 -68.0000 16.2500
    endloop
  endfacet
  facet normal -1 0 0
    outer loop
      vertex 43.4000 -71.7471 5.6613
      vertex 43.4000 -71.5314 6.2232
      vertex 43.4000 -69.1000 0.0000
    endloop
  endfacet
  facet normal 0 -0.933577 0.358378
    outer loop
      vertex 43.4000 -71.7471 5.6613
      vertex 44.6000 -71.7471 5.6613
      vertex 44.6000 -71.5314 6.2232
    endloop
  endfacet
  facet normal 0 -0.933577 0.358378
    outer loop
      vertex 43.4000 -71.7471 5.6613
      vertex 44.6000 -71.5314 6.2232
      vertex 43.4000 -71.5314 6.2232
    endloop
  endfacet
  facet normal -1 0 0
    outer loop
      vertex 43.4000 -71.5314 6.2232
      vertex 43.4000 -71.3756 6.8045
      vertex 43.4000 -69.1000 0.0000
    endloop
  endfacet
  facet normal 0 -0.965909 0.258883
    outer loop
      vertex 43.4000 -71.5314 6.2232
      vertex 44.6000 -71.5314 6.2232
      vertex 44.6000 -71.3756 6.8045
    endloop
  endfacet
  facet normal 0 -0.965909 0.258883
    outer loop
      vertex 43.4000 -71.5314 6.2232
      vertex 44.6000 -71.3756 6.8045
      vertex 43.4000 -71.3756 6.8045
    endloop
  endfacet
  facet normal -1 0 0
    outer loop
      vertex 43.4000 -71.3756 6.8045
      vertex 43.4000 -71.2815 7.3990
      vertex 43.4000 -69.1000 11.3750
    endloop
  endfacet
  facet normal -1 0 0
    outer loop
      vertex 43.4000 -71.3756 6.8045
      vertex 43.4000 -69.1000 11.3750
      vertex 43.4000 -69.1000 0.0000
    endloop
  endfacet
  facet normal 0 -0.987704 0.156338
    outer loop
      vertex 43.4000 -71.3756 6.8045
      vertex 44.6000 -71.3756 6.8045
      vertex 44.6000 -71.2815 7.3990
    endloop
  endfacet
  facet normal 0 -0.987704 0.156338
    outer loop
      vertex 43.4000 -71.3756 6.8045
      vertex 44.6000 -71.2815 7.3990
      vertex 43.4000 -71.2815 7.3990
    endloop
  endfacet
  facet normal -1 0 0
    outer loop
      vertex 43.4000 -71.2815 7.3990
      vertex 43.4000 -71.2500 8.0000
      vertex 43.4000 -69.1000 11.3750
    endloop
  endfacet
  facet normal 0 -0.998629 0.052341
    outer loop
      vertex 43.4000 -71.2815 7.3990
      vertex 44.6000 -71.2815 7.3990
      vertex 44.6000 -71.2500 8.0000
    endloop
  endfacet
  facet normal 0 -0.998629 0.052341
    outer loop
      vertex 43.4000 -71.2815 7.3990
      vertex 44.6000 -71.2500 8.0000
      vertex 43.4000 -71.2500 8.0000
    endloop
  endfacet
  facet normal -1 0 0
    outer loop
      vertex 43.4000 -71.2500 8.0000
      vertex 43.4000 -71.2500 13.7500
      vertex 43.4000 -69.1000 11.3750
    endloop
  endfacet
  facet normal 0 -1 0
    outer loop
      vertex 43.4000 -71.2500 8.0000
      vertex 44.6000 -71.2500 8.0000
      vertex 44.6000 -71.2500 13.7500
    endloop
  endfacet
  facet normal 0 -1 0
    outer loop
      vertex 43.4000 -71.2500 8.0000
      vertex 44.6000 -71.2500 13.7500
      vertex 43.4000 -71.2500 13.7500
    endloop
  endfacet
  facet normal -1 0 0
    outer loop
      vertex 43.4000 -71.2500 13.7500
      vertex 43.4000 -68.0000 16.2500
      vertex 43.4000 -69.1000 11.3750
    endloop
  endfacet
  facet normal -1 0 0
    outer loop
      vertex 43.4000 -69.1000 11.3750
      vertex 43.4000 -68.0000 16.2500
      vertex 43.4000 -68.0000 11.3750
    endloop
  endfacet
  facet normal 0 1 0
    outer loop
      vertex 43.4000 -68.0000 11.3750
      vertex 43.4000 -68.0000 16.2500
      vertex 44.6000 -68.0000 11.3750
    endloop
  endfacet
  facet normal 0 1 0
    outer loop
      vertex 43.4000 -68.0000 11.3750
      vertex 44.6000 -68.0000 11.3750
      vertex 49.0000 -68.0000 0.0100
    endloop
  endfacet
  facet normal 0 0 1
    outer loop
      vertex 43.4000 -68.0000 16.2500
      vertex 44.6000 -71.8500 16.2500
      vertex 44.6000 -68.0000 16.2500
    endloop
  endfacet
  facet normal 0 1 0
    outer loop
      vertex 43.4000 -68.0000 16.2500
      vertex 44.6000 -68.0000 16.2500
      vertex 44.6000 -68.0000 11.3750
    endloop
  endfacet
  facet normal -1 0 0
    outer loop
      vertex 44.4000 23.3000 -3.0000
      vertex 44.4000 23.3000 0.0000
      vertex 44.4000 27.9187 0.0000
    endloop
  endfacet
  facet normal 0 0 -1
    outer loop
      vertex 44.4000 23.3000 -3.0000
      vertex 44.4000 27.9187 -3.0000
      vertex 81.6000 27.9187 -3.0000
    endloop
  endfacet
  facet normal -1 0 0
    outer loop
      vertex 44.4000 23.3000 -3.0000
      vertex 44.4000 27.9187 0.0000
      vertex 44.4000 27.9187 -3.0000
    endloop
  endfacet
  facet normal 0 0 -1
    outer loop
      vertex 44.4000 23.3000 -3.0000
      vertex 81.6000 27.9187 -3.0000
      vertex 81.6000 23.3000 -3.0000
    endloop
  endfacet
  facet normal 0 0 1
    outer loop
      vertex 44.4000 23.3000 0.0000
      vertex 81.6000 23.3000 0.0000
      vertex 81.6000 27.9187 0.0000
    endloop
  endfacet
  facet normal 0 0 1
    outer loop
      vertex 44.4000 23.3000 0.0000
      vertex 81.6000 27.9187 0.0000
      vertex 44.4000 27.9187 0.0000
    endloop
  endfacet
  facet normal 0 0 -1
    outer loop
      vertex 44.4000 27.9187 -3.0000
      vertex 83.8000 30.0000 -3.0000
      vertex 81.6000 27.9187 -3.0000
    endloop
  endfacet
  facet normal 0 0 1
    outer loop
      vertex 44.4000 27.9187 0.0000
      vertex 81.6000 27.9187 0.0000
      vertex 83.8000 30.0000 0.0000
    endloop
  endfacet
  facet normal 1 0 0
    outer loop
      vertex 44.6000 -86.0000 11.3750
      vertex 44.6000 -84.9000 11.3750
      vertex 44.6000 -86.0000 16.2500
    endloop
  endfacet
  facet normal 0.93255 0 0.36104
    outer loop
      vertex 44.6000 -86.0000 11.3750
      vertex 49.0000 -86.0000 0.0100
      vertex 49.0000 -84.9000 0.0100
    endloop
  endfacet
  facet normal 0.93255 0 0.36104
    outer loop
      vertex 44.6000 -86.0000 11.3750
      vertex 49.0000 -84.9000 0.0100
      vertex 44.6000 -84.9000 11.3750
    endloop
  endfacet
  facet normal 1 0 0
    outer loop
      vertex 44.6000 -86.0000 16.2500
      vertex 44.6000 -84.9000 11.3750
      vertex 44.6000 -82.7500 13.7500
    endloop
  endfacet
  facet normal 1 0 0
    outer loop
      vertex 44.6000 -86.0000 16.2500
      vertex 44.6000 -82.7500 13.7500
      vertex 44.6000 -82.1500 16.2500
    endloop
  endfacet
  facet normal 0 1 0
    outer loop
      vertex 44.6000 -84.9000 0.0000
      vertex 44.6000 -84.9000 11.3750
      vertex 49.0000 -84.9000 0.0100
    endloop
  endfacet
  facet normal 1 0 0
    outer loop
      vertex 44.6000 -84.9000 0.0000
      vertex 44.6000 -82.6244 6.8045
      vertex 44.6000 -84.9000 11.3750
    endloop
  endfacet
  facet normal 1 0 0
    outer loop
      vertex 44.6000 -84.9000 0.0000
      vertex 44.6000 -82.4686 6.2232
      vertex 44.6000 -82.6244 6.8045
    endloop
  endfacet
  facet normal 1 0 0
    outer loop
      vertex 44.6000 -84.9000 0.0000
      vertex 44.6000 -82.2529 5.6613
      vertex 44.6000 -82.4686 6.2232
    endloop
  endfacet
  facet normal 1 0 0
    outer loop
      vertex 44.6000 -84.9000 0.0000
      vertex 44.6000 -81.9796 5.1250
      vertex 44.6000 -82.2529 5.6613
    endloop
  endfacet
  facet normal 1 0 0
    outer loop
      vertex 44.6000 -84.9000 0.0000
      vertex 44.6000 -81.6518 4.6202
      vertex 44.6000 -81.9796 5.1250
    endloop
  endfacet
  facet normal 1 0 0
    outer loop
      vertex 44.6000 -84.9000 0.0000
      vertex 44.6000 -81.2731 4.1525
      vertex 44.6000 -81.6518 4.6202
    endloop
  endfacet
  facet normal 1 0 0
    outer loop
      vertex 44.6000 -84.9000 0.0000
      vertex 44.6000 -80.8475 3.7269
      vertex 44.6000 -81.2731 4.1525
    endloop
  endfacet
  facet normal 1 0 0
    outer loop
      vertex 44.6000 -84.9000 0.0000
      vertex 44.6000 -80.3798 3.3481
      vertex 44.6000 -80.8475 3.7269
    endloop
  endfacet
  facet normal 1 0 0
    outer loop
      vertex 44.6000 -84.9000 0.0000
      vertex 44.6000 -79.8750 3.0204
      vertex 44.6000 -80.3798 3.3481
    endloop
  endfacet
  facet normal 1 0 0
    outer loop
      vertex 44.6000 -84.9000 0.0000
      vertex 44.6000 -79.3387 2.7471
      vertex 44.6000 -79.8750 3.0204
    endloop
  endfacet
  facet normal 1 0 0
    outer loop
      vertex 44.6000 -84.9000 0.0000
      vertex 44.6000 -78.7768 2.5314
      vertex 44.6000 -79.3387 2.7471
    endloop
  endfacet
  facet normal 1 0 0
    outer loop
      vertex 44.6000 -84.9000 0.0000
      vertex 44.6000 -78.1955 2.3756
      vertex 44.6000 -78.7768 2.5314
    endloop
  endfacet
  facet normal 1 0 0
    outer loop
      vertex 44.6000 -84.9000 0.0000
      vertex 44.6000 -77.6010 2.2815
      vertex 44.6000 -78.1955 2.3756
    endloop
  endfacet
  facet normal 1 0 0
    outer loop
      vertex 44.6000 -84.9000 0.0000
      vertex 44.6000 -77.0000 2.2500
      vertex 44.6000 -77.6010 2.2815
    endloop
  endfacet
  facet normal 1 0 0
    outer loop
      vertex 44.6000 -84.9000 0.0000
      vertex 44.6000 -69.1000 0.0000
      vertex 44.6000 -77.0000 2.2500
    endloop
  endfacet
  facet normal 0 0 1
    outer loop
      vertex 44.6000 -84.9000 0.0000
      vertex 49.0000 -84.9000 0.0000
      vertex 44.6000 -69.1000 0.0000
    endloop
  endfacet
  facet normal 0 1 0
    outer loop
      vertex 44.6000 -84.9000 0.0000
      vertex 49.0000 -84.9000 0.0100
      vertex 49.0000 -84.9000 0.0000
    endloop
  endfacet
  facet normal 1 0 0
    outer loop
      vertex 44.6000 -84.9000 11.3750
      vertex 44.6000 -82.7500 8.0000
      vertex 44.6000 -82.7500 13.7500
    endloop
  endfacet
  facet normal 1 0 0
    outer loop
      vertex 44.6000 -84.9000 11.3750
      vertex 44.6000 -82.7185 7.3990
      vertex 44.6000 -82.7500 8.0000
    endloop
  endfacet
  facet normal 1 0 0
    outer loop
      vertex 44.6000 -84.9000 11.3750
      vertex 44.6000 -82.6244 6.8045
      vertex 44.6000 -82.7185 7.3990
    endloop
  endfacet
  facet normal 1 0 0
    outer loop
      vertex 44.6000 -82.7500 13.7500
      vertex 44.6000 -82.1500 13.7500
      vertex 44.6000 -82.1500 16.2500
    endloop
  endfacet
  facet normal 1 0 0
    outer loop
      vertex 44.6000 -77.0000 2.2500
      vertex 44.6000 -69.1000 0.0000
      vertex 44.6000 -76.3990 2.2815
    endloop
  endfacet
  facet normal 1 0 0
    outer loop
      vertex 44.6000 -76.3990 2.2815
      vertex 44.6000 -69.1000 0.0000
      vertex 44.6000 -75.8045 2.3756
    endloop
  endfacet
  facet normal 1 0 0
    outer loop
      vertex 44.6000 -75.8045 2.3756
      vertex 44.6000 -69.1000 0.0000
      vertex 44.6000 -75.2232 2.5314
    endloop
  endfacet
  facet normal 1 0 0
    outer loop
      vertex 44.6000 -75.2232 2.5314
      vertex 44.6000 -69.1000 0.0000
      vertex 44.6000 -74.6613 2.7471
    endloop
  endfacet
  facet normal 1 0 0
    outer loop
      vertex 44.6000 -74.6613 2.7471
      vertex 44.6000 -69.1000 0.0000
      vertex 44.6000 -74.1250 3.0204
    endloop
  endfacet
  facet normal 1 0 0
    outer loop
      vertex 44.6000 -74.1250 3.0204
      vertex 44.6000 -69.1000 0.0000
      vertex 44.6000 -73.6202 3.3481
    endloop
  endfacet
  facet normal 1 0 0
    outer loop
      vertex 44.6000 -73.6202 3.3481
      vertex 44.6000 -69.1000 0.0000
      vertex 44.6000 -73.1525 3.7269
    endloop
  endfacet
  facet normal 1 0 0
    outer loop
      vertex 44.6000 -73.1525 3.7269
      vertex 44.6000 -69.1000 0.0000
      vertex 44.6000 -72.7269 4.1525
    endloop
  endfacet
  facet normal 1 0 0
    outer loop
      vertex 44.6000 -72.7269 4.1525
      vertex 44.6000 -69.1000 0.0000
      vertex 44.6000 -72.3482 4.6202
    endloop
  endfacet
  facet normal 1 0 0
    outer loop
      vertex 44.6000 -72.3482 4.6202
      vertex 44.6000 -69.1000 0.0000
      vertex 44.6000 -72.0204 5.1250
    endloop
  endfacet
  facet normal 1 0 0
    outer loop
      vertex 44.6000 -72.0204 5.1250
      vertex 44.6000 -69.1000 0.0000
      vertex 44.6000 -71.7471 5.6613
    endloop
  endfacet
  facet normal 1 0 0
    outer loop
      vertex 44.6000 -71.8500 13.7500
      vertex 44.6000 -71.2500 13.7500
      vertex 44.6000 -71.8500 16.2500
    endloop
  endfacet
  facet normal 1 0 0
    outer loop
      vertex 44.6000 -71.8500 16.2500
      vertex 44.6000 -71.2500 13.7500
      vertex 44.6000 -68.0000 16.2500
    endloop
  endfacet
  facet normal 1 0 0
    outer loop
      vertex 44.6000 -71.7471 5.6613
      vertex 44.6000 -69.1000 0.0000
      vertex 44.6000 -71.5314 6.2232
    endloop
  endfacet
  facet normal 1 0 0
    outer loop
      vertex 44.6000 -71.5314 6.2232
      vertex 44.6000 -69.1000 0.0000
      vertex 44.6000 -71.3756 6.8045
    endloop
  endfacet
  facet normal 1 0 0
    outer loop
      vertex 44.6000 -71.3756 6.8045
      vertex 44.6000 -69.1000 0.0000
      vertex 44.6000 -69.1000 11.3750
    endloop
  endfacet
  facet normal 1 0 0
    outer loop
      vertex 44.6000 -71.3756 6.8045
      vertex 44.6000 -69.1000 11.3750
      vertex 44.6000 -71.2815 7.3990
    endloop
  endfacet
  facet normal 1 0 0
    outer loop
      vertex 44.6000 -71.2815 7.3990
      vertex 44.6000 -69.1000 11.3750
      vertex 44.6000 -71.2500 8.0000
    endloop
  endfacet
  facet normal 1 0 0
    outer loop
      vertex 44.6000 -71.2500 8.0000
      vertex 44.6000 -69.1000 11.3750
      vertex 44.6000 -71.2500 13.7500
    endloop
  endfacet
  facet normal 1 0 0
    outer loop
      vertex 44.6000 -71.2500 13.7500
      vertex 44.6000 -69.1000 11.3750
      vertex 44.6000 -68.0000 16.2500
    endloop
  endfacet
  facet normal 0 0 1
    outer loop
      vertex 44.6000 -69.1000 0.0000
      vertex 49.0000 -84.9000 0.0000
      vertex 49.0000 -69.1000 0.0000
    endloop
  endfacet
  facet normal 0 -1 0
    outer loop
      vertex 44.6000 -69.1000 0.0000
      vertex 49.0000 -69.1000 0.0000
      vertex 49.0000 -69.1000 0.0100
    endloop
  endfacet
  facet normal 0 -1 0
    outer loop
      vertex 44.6000 -69.1000 0.0000
      vertex 49.0000 -69.1000 0.0100
      vertex 44.6000 -69.1000 11.3750
    endloop
  endfacet
  facet normal 1 0 0
    outer loop
      vertex 44.6000 -69.1000 11.3750
      vertex 44.6000 -68.0000 11.3750
      vertex 44.6000 -68.0000 16.2500
    endloop
  endfacet
  facet normal 0.93255 0 0.36104
    outer loop
      vertex 44.6000 -69.1000 11.3750
      vertex 49.0000 -69.1000 0.0100
      vertex 49.0000 -68.0000 0.0100
    endloop
  endfacet
  facet normal 0.93255 0 0.36104
    outer loop
      vertex 44.6000 -69.1000 11.3750
      vertex 49.0000 -68.0000 0.0100
      vertex 44.6000 -68.0000 11.3750
    endloop
  endfacet
  facet normal 1 0 0
    outer loop
      vertex 49.0000 -86.0000 0.0000
      vertex 49.0000 -84.9000 0.0000
      vertex 49.0000 -86.0000 0.0100
    endloop
  endfacet
  facet normal 0 0 1
    outer loop
      vertex 49.0000 -86.0000 0.0000
      vertex 131.9000 -87.2000 0.0000
      vertex 49.0000 -84.9000 0.0000
    endloop
  endfacet
  facet normal 0 0 1
    outer loop
      vertex 49.0000 -86.0000 0.0000
      vertex 135.0000 -87.5000 0.0000
      vertex 131.9000 -87.2000 0.0000
    endloop
  endfacet
  facet normal 1 0 0
    outer loop
      vertex 49.0000 -86.0000 0.0100
      vertex 49.0000 -84.9000 0.0000
      vertex 49.0000 -84.9000 0.0100
    endloop
  endfacet
  facet normal 0 0 1
    outer loop
      vertex 49.0000 -84.9000 0.0000
      vertex 131.9000 -87.2000 0.0000
      vertex 131.9000 -79.0000 0.0000
    endloop
  endfacet
  facet normal 0 0 1
    outer loop
      vertex 49.0000 -84.9000 0.0000
      vertex 131.9000 -79.0000 0.0000
      vertex 49.0000 -69.1000 0.0000
    endloop
  endfacet
  facet normal 1 0 0
    outer loop
      vertex 49.0000 -69.1000 0.0000
      vertex 49.0000 -68.0000 0.0000
      vertex 49.0000 -69.1000 0.0100
    endloop
  endfacet
  facet normal 0 0 1
    outer loop
      vertex 49.0000 -69.1000 0.0000
      vertex 114.5020 -35.9383 0.0000
      vertex 49.0000 -68.0000 0.0000
    endloop
  endfacet
  facet normal 0 0 1
    outer loop
      vertex 49.0000 -69.1000 0.0000
      vertex 131.9000 -79.0000 0.0000
      vertex 114.5020 -35.9383 0.0000
    endloop
  endfacet
  facet normal 1 0 0
    outer loop
      vertex 49.0000 -69.1000 0.0100
      vertex 49.0000 -68.0000 0.0000
      vertex 49.0000 -68.0000 0.0100
    endloop
  endfacet
  facet normal 0 0 1
    outer loop
      vertex 49.0000 -68.0000 0.0000
      vertex 112.8020 -33.1648 0.0000
      vertex 112.7500 -32.5000 0.0000
    endloop
  endfacet
  facet normal 0 0 1
    outer loop
      vertex 49.0000 -68.0000 0.0000
      vertex 112.9580 -33.8133 0.0000
      vertex 112.8020 -33.1648 0.0000
    endloop
  endfacet
  facet normal 0 0 1
    outer loop
      vertex 49.0000 -68.0000 0.0000
      vertex 113.2130 -34.4295 0.0000
      vertex 112.9580 -33.8133 0.0000
    endloop
  endfacet
  facet normal 0 0 1
    outer loop
      vertex 49.0000 -68.0000 0.0000
      vertex 113.5620 -34.9981 0.0000
      vertex 113.2130 -34.4295 0.0000
    endloop
  endfacet
  facet normal 0 0 1
    outer loop
      vertex 49.0000 -68.0000 0.0000
      vertex 113.9950 -35.5052 0.0000
      vertex 113.5620 -34.9981 0.0000
    endloop
  endfacet
  facet normal 0 0 1
    outer loop
      vertex 49.0000 -68.0000 0.0000
      vertex 114.5020 -35.9383 0.0000
      vertex 113.9950 -35.5052 0.0000
    endloop
  endfacet
  facet normal 0 1 0
    outer loop
      vertex 81.6000 23.3000 -3.0000
      vertex 81.6000 23.3000 0.0000
      vertex 92.4000 23.3000 -3.0000
    endloop
  endfacet
  facet normal 1 0 0
    outer loop
      vertex 81.6000 23.3000 -3.0000
      vertex 81.6000 27.9187 -3.0000
      vertex 81.6000 23.3000 0.0000
    endloop
  endfacet
  facet normal 0 0 -1
    outer loop
      vertex 81.6000 23.3000 -3.0000
      vertex 92.4000 23.3000 -3.0000
      vertex 135.0000 -14.3333 -3.0000
    endloop
  endfacet
  facet normal 0 0 -1
    outer loop
      vertex 81.6000 23.3000 -3.0000
      vertex 135.0000 -14.3333 -3.0000
      vertex 135.0000 -49.6667 -3.0000
    endloop
  endfacet
  facet normal 1 0 0
    outer loop
      vertex 81.6000 23.3000 0.0000
      vertex 81.6000 27.9187 -3.0000
      vertex 81.6000 27.9187 0.0000
    endloop
  endfacet
  facet normal 0 1 0
    outer loop
      vertex 81.6000 23.3000 0.0000
      vertex 92.4000 23.3000 0.0000
      vertex 92.4000 23.3000 -3.0000
    endloop
  endfacet
  facet normal 0 0 1
    outer loop
      vertex 81.6000 23.3000 0.0000
      vertex 107.5020 16.5617 0.0000
      vertex 92.4000 23.3000 0.0000
    endloop
  endfacet
  facet normal 0 0 1
    outer loop
      vertex 81.6000 23.3000 0.0000
      vertex 112.9580 -31.1867 0.0000
      vertex 113.2130 -30.5705 0.0000
    endloop
  endfacet
  facet normal 0 0 1
    outer loop
      vertex 81.6000 23.3000 0.0000
      vertex 113.2130 -30.5705 0.0000
      vertex 113.5620 -30.0019 0.0000
    endloop
  endfacet
  facet normal 0 0 1
    outer loop
      vertex 81.6000 23.3000 0.0000
      vertex 113.5620 -30.0019 0.0000
      vertex 107.5020 16.5617 0.0000
    endloop
  endfacet
  facet normal 0.478852 -0.877896 0
    outer loop
      vertex 81.6000 27.9187 -3.0000
      vertex 83.8000 29.1187 -3.0000
      vertex 83.8000 29.1187 0.0000
    endloop
  endfacet
  facet normal 0.478852 -0.877896 0
    outer loop
      vertex 81.6000 27.9187 -3.0000
      vertex 83.8000 29.1187 0.0000
      vertex 81.6000 27.9187 0.0000
    endloop
  endfacet
  facet normal 0 0 -1
    outer loop
      vertex 81.6000 27.9187 -3.0000
      vertex 83.8000 30.0000 -3.0000
      vertex 83.8000 29.1187 -3.0000
    endloop
  endfacet
  facet normal 0 0 1
    outer loop
      vertex 81.6000 27.9187 0.0000
      vertex 83.8000 29.1187 0.0000
      vertex 83.8000 30.0000 0.0000
    endloop
  endfacet
  facet normal 1 0 0
    outer loop
      vertex 83.8000 29.1187 -3.0000
      vertex 83.8000 30.0000 -3.0000
      vertex 83.8000 29.1187 0.0000
    endloop
  endfacet
  facet normal 1 0 0
    outer loop
      vertex 83.8000 29.1187 0.0000
      vertex 83.8000 30.0000 -3.0000
      vertex 83.8000 30.0000 0.0000
    endloop
  endfacet
  facet normal -1 0 0
    outer loop
      vertex 90.2000 29.1187 -3.0000
      vertex 90.2000 29.1187 0.0000
      vertex 90.2000 30.0000 0.0000
    endloop
  endfacet
  facet normal 0 0 -1
    outer loop
      vertex 90.2000 29.1187 -3.0000
      vertex 90.2000 30.0000 -3.0000
      vertex 92.4000 27.9187 -3.0000
    endloop
  endfacet
  facet normal -1 0 0
    outer loop
      vertex 90.2000 29.1187 -3.0000
      vertex 90.2000 30.0000 0.0000
      vertex 90.2000 30.0000 -3.0000
    endloop
  endfacet
  facet normal -0.478852 -0.877896 0
    outer loop
      vertex 90.2000 29.1187 -3.0000
      vertex 92.4000 27.9187 -3.0000
      vertex 92.4000 27.9187 0.0000
    endloop
  endfacet
  facet normal -0.478852 -0.877896 0
    outer loop
      vertex 90.2000 29.1187 -3.0000
      vertex 92.4000 27.9187 0.0000
      vertex 90.2000 29.1187 0.0000
    endloop
  endfacet
  facet normal 0 0 1
    outer loop
      vertex 90.2000 29.1187 0.0000
      vertex 92.4000 27.9187 0.0000
      vertex 90.2000 30.0000 0.0000
    endloop
  endfacet
  facet normal 0 1 0
    outer loop
      vertex 90.2000 30.0000 -3.0000
      vertex 90.2000 30.0000 0.0000
      vertex 135.0000 30.0000 -3.0000
    endloop
  endfacet
  facet normal 0 0 -1
    outer loop
      vertex 90.2000 30.0000 -3.0000
      vertex 135.0000 30.0000 -3.0000
      vertex 92.4000 27.9187 -3.0000
    endloop
  endfacet
  facet normal 0 0 1
    outer loop
      vertex 90.2000 30.0000 0.0000
      vertex 92.4000 27.9187 0.0000
      vertex 109.3350 24.1977 0.0000
    endloop
  endfacet
  facet normal 0 0 1
    outer loop
      vertex 90.2000 30.0000 0.0000
      vertex 109.3350 24.1977 0.0000
      vertex 110.0000 24.2500 0.0000
    endloop
  endfacet
  facet normal 0 0 1
    outer loop
      vertex 90.2000 30.0000 0.0000
      vertex 110.0000 24.2500 0.0000
      vertex 135.0000 30.0000 0.0000
    endloop
  endfacet
  facet normal 0 1 0
    outer loop
      vertex 90.2000 30.0000 0.0000
      vertex 135.0000 30.0000 0.0000
      vertex 135.0000 30.0000 -3.0000
    endloop
  endfacet
  facet normal -1 0 0
    outer loop
      vertex 92.4000 23.3000 -3.0000
      vertex 92.4000 23.3000 0.0000
      vertex 92.4000 27.9187 0.0000
    endloop
  endfacet
  facet normal 0 0 -1
    outer loop
      vertex 92.4000 23.3000 -3.0000
      vertex 92.4000 27.9187 -3.0000
      vertex 135.0000 30.0000 -3.0000
    endloop
  endfacet
  facet normal -1 0 0
    outer loop
      vertex 92.4000 23.3000 -3.0000
      vertex 92.4000 27.9187 0.0000
      vertex 92.4000 27.9187 -3.0000
    endloop
  endfacet
  facet normal 0 0 -1
    outer loop
      vertex 92.4000 23.3000 -3.0000
      vertex 135.0000 -8.3333 -3.0000
      vertex 135.0000 -14.3333 -3.0000
    endloop
  endfacet
  facet normal 0 0 -1
    outer loop
      vertex 92.4000 23.3000 -3.0000
      vertex 135.0000 30.0000 -3.0000
      vertex 135.0000 -8.3333 -3.0000
    endloop
  endfacet
  facet normal 0 0 1
    outer loop
      vertex 92.4000 23.3000 0.0000
      vertex 105.7500 20.0000 0.0000
      vertex 105.8020 20.6648 0.0000
    endloop
  endfacet
  facet normal 0 0 1
    outer loop
      vertex 92.4000 23.3000 0.0000
      vertex 105.8020 19.3352 0.0000
      vertex 105.7500 20.0000 0.0000
    endloop
  endfacet
  facet normal 0 0 1
    outer loop
      vertex 92.4000 23.3000 0.0000
      vertex 105.8020 20.6648 0.0000
      vertex 105.9580 21.3133 0.0000
    endloop
  endfacet
  facet normal 0 0 1
    outer loop
      vertex 92.4000 23.3000 0.0000
      vertex 105.9580 18.6867 0.0000
      vertex 105.8020 19.3352 0.0000
    endloop
  endfacet
  facet normal 0 0 1
    outer loop
      vertex 92.4000 23.3000 0.0000
      vertex 105.9580 21.3133 0.0000
      vertex 106.2130 21.9295 0.0000
    endloop
  endfacet
  facet normal 0 0 1
    outer loop
      vertex 92.4000 23.3000 0.0000
      vertex 106.2130 18.0705 0.0000
      vertex 105.9580 18.6867 0.0000
    endloop
  endfacet
  facet normal 0 0 1
    outer loop
      vertex 92.4000 23.3000 0.0000
      vertex 106.2130 21.9295 0.0000
      vertex 92.4000 27.9187 0.0000
    endloop
  endfacet
  facet normal 0 0 1
    outer loop
      vertex 92.4000 23.3000 0.0000
      vertex 106.5620 17.5019 0.0000
      vertex 106.2130 18.0705 0.0000
    endloop
  endfacet
  facet normal 0 0 1
    outer loop
      vertex 92.4000 23.3000 0.0000
      vertex 106.9950 16.9948 0.0000
      vertex 106.5620 17.5019 0.0000
    endloop
  endfacet
  facet normal 0 0 1
    outer loop
      vertex 92.4000 23.3000 0.0000
      vertex 107.5020 16.5617 0.0000
      vertex 106.9950 16.9948 0.0000
    endloop
  endfacet
  facet normal 0 0 1
    outer loop
      vertex 92.4000 27.9187 0.0000
      vertex 106.2130 21.9295 0.0000
      vertex 106.5620 22.4981 0.0000
    endloop
  endfacet
  facet normal 0 0 1
    outer loop
      vertex 92.4000 27.9187 0.0000
      vertex 106.5620 22.4981 0.0000
      vertex 106.9950 23.0052 0.0000
    endloop
  endfacet
  facet normal 0 0 1
    outer loop
      vertex 92.4000 27.9187 0.0000
      vertex 106.9950 23.0052 0.0000
      vertex 107.5020 23.4383 0.0000
    endloop
  endfacet
  facet normal 0 0 1
    outer loop
      vertex 92.4000 27.9187 0.0000
      vertex 107.5020 23.4383 0.0000
      vertex 108.0710 23.7868 0.0000
    endloop
  endfacet
  facet normal 0 0 1
    outer loop
      vertex 92.4000 27.9187 0.0000
      vertex 108.0710 23.7868 0.0000
      vertex 108.6870 24.0420 0.0000
    endloop
  endfacet
  facet normal 0 0 1
    outer loop
      vertex 92.4000 27.9187 0.0000
      vertex 108.6870 24.0420 0.0000
      vertex 109.3350 24.1977 0.0000
    endloop
  endfacet
  facet normal -0.996955 0.077981 0
    outer loop
      vertex 105.7500 20.0000 0.0000
      vertex 105.7500 20.0000 4.5000
      vertex 105.8020 20.6648 4.5000
    endloop
  endfacet
  facet normal -0.996955 -0.077981 0
    outer loop
      vertex 105.7500 20.0000 0.0000
      vertex 105.8020 19.3352 0.0000
      vertex 105.7500 20.0000 4.5000
    endloop
  endfacet
  facet normal -0.996955 0.077981 0
    outer loop
      vertex 105.7500 20.0000 0.0000
      vertex 105.8020 20.6648 4.5000
      vertex 105.8020 20.6648 0.0000
    endloop
  endfacet
  facet normal -0.996955 -0.077981 0
    outer loop
      vertex 105.7500 20.0000 4.5000
      vertex 105.8020 19.3352 0.0000
      vertex 105.8020 19.3352 4.5000
    endloop
  endfacet
  facet normal 0 0 1
    outer loop
      vertex 105.7500 20.0000 4.5000
      vertex 105.8020 19.3352 4.5000
      vertex 108.0000 20.0000 4.5000
    endloop
  endfacet
  facet normal 0 0 1
    outer loop
      vertex 105.7500 20.0000 4.5000
      vertex 108.0000 20.0000 4.5000
      vertex 105.8020 20.6648 4.5000
    endloop
  endfacet
  facet normal -0.972265 -0.233883 0
    outer loop
      vertex 105.8020 19.3352 0.0000
      vertex 105.9580 18.6867 0.0000
      vertex 105.8020 19.3352 4.5000
    endloop
  endfacet
  facet normal -0.972265 -0.233883 0
    outer loop
      vertex 105.8020 19.3352 4.5000
      vertex 105.9580 18.6867 0.0000
      vertex 105.9580 18.6867 4.5000
    endloop
  endfacet
  facet normal 0 0 1
    outer loop
      vertex 105.8020 19.3352 4.5000
      vertex 105.9580 18.6867 4.5000
      vertex 108.0250 19.6871 4.5000
    endloop
  endfacet
  facet normal 0 0 1
    outer loop
      vertex 105.8020 19.3352 4.5000
      vertex 108.0250 19.6871 4.5000
      vertex 108.0000 20.0000 4.5000
    endloop
  endfacet
  facet normal -0.972265 0.233883 0
    outer loop
      vertex 105.8020 20.6648 0.0000
      vertex 105.8020 20.6648 4.5000
      vertex 105.9580 21.3133 4.5000
    endloop
  endfacet
  facet normal -0.972265 0.233883 0
    outer loop
      vertex 105.8020 20.6648 0.0000
      vertex 105.9580 21.3133 4.5000
      vertex 105.9580 21.3133 0.0000
    endloop
  endfacet
  facet normal 0 0 1
    outer loop
      vertex 105.8020 20.6648 4.5000
      vertex 108.0000 20.0000 4.5000
      vertex 108.0250 20.3129 4.5000
    endloop
  endfacet
  facet normal 0 0 1
    outer loop
      vertex 105.8020 20.6648 4.5000
      vertex 108.0250 20.3129 4.5000
      vertex 105.9580 21.3133 4.5000
    endloop
  endfacet
  facet normal -0.924006 -0.382378 0
    outer loop
      vertex 105.9580 18.6867 0.0000
      vertex 106.2130 18.0705 0.0000
      vertex 105.9580 18.6867 4.5000
    endloop
  endfacet
  facet normal -0.924006 -0.382378 0
    outer loop
      vertex 105.9580 18.6867 4.5000
      vertex 106.2130 18.0705 0.0000
      vertex 106.2130 18.0705 4.5000
    endloop
  endfacet
  facet normal 0 0 1
    outer loop
      vertex 105.9580 18.6867 4.5000
      vertex 106.2130 18.0705 4.5000
      vertex 108.0980 19.3820 4.5000
    endloop
  endfacet
  facet normal 0 0 1
    outer loop
      vertex 105.9580 18.6867 4.5000
      vertex 108.0980 19.3820 4.5000
      vertex 108.0250 19.6871 4.5000
    endloop
  endfacet
  facet normal -0.924006 0.382378 0
    outer loop
      vertex 105.9580 21.3133 0.0000
      vertex 105.9580 21.3133 4.5000
      vertex 106.2130 21.9295 4.5000
    endloop
  endfacet
  facet normal -0.924006 0.382378 0
    outer loop
      vertex 105.9580 21.3133 0.0000
      vertex 106.2130 21.9295 4.5000
      vertex 106.2130 21.9295 0.0000
    endloop
  endfacet
  facet normal 0 0 1
    outer loop
      vertex 105.9580 21.3133 4.5000
      vertex 108.0250 20.3129 4.5000
      vertex 108.0980 20.6180 4.5000
    endloop
  endfacet
  facet normal 0 0 1
    outer loop
      vertex 105.9580 21.3133 4.5000
      vertex 108.0980 20.6180 4.5000
      vertex 106.2130 21.9295 4.5000
    endloop
  endfacet
  facet normal -0.852265 -0.52311 0
    outer loop
      vertex 106.2130 18.0705 0.0000
      vertex 106.5620 17.5019 0.0000
      vertex 106.2130 18.0705 4.5000
    endloop
  endfacet
  facet normal -0.852265 -0.52311 0
    outer loop
      vertex 106.2130 18.0705 4.5000
      vertex 106.5620 17.5019 0.0000
      vertex 106.5620 17.5019 4.5000
    endloop
  endfacet
  facet normal 0 0 1
    outer loop
      vertex 106.2130 18.0705 4.5000
      vertex 106.5620 17.5019 4.5000
      vertex 108.2180 19.0920 4.5000
    endloop
  endfacet
  facet normal 0 0 1
    outer loop
      vertex 106.2130 18.0705 4.5000
      vertex 108.2180 19.0920 4.5000
      vertex 108.0980 19.3820 4.5000
    endloop
  endfacet
  facet normal -0.852265 0.52311 0
    outer loop
      vertex 106.2130 21.9295 0.0000
      vertex 106.2130 21.9295 4.5000
      vertex 106.5620 22.4981 4.5000
    endloop
  endfacet
  facet normal -0.852265 0.52311 0
    outer loop
      vertex 106.2130 21.9295 0.0000
      vertex 106.5620 22.4981 4.5000
      vertex 106.5620 22.4981 0.0000
    endloop
  endfacet
  facet normal 0 0 1
    outer loop
      vertex 106.2130 21.9295 4.5000
      vertex 108.0980 20.6180 4.5000
      vertex 108.2180 20.9080 4.5000
    endloop
  endfacet
  facet normal 0 0 1
    outer loop
      vertex 106.2130 21.9295 4.5000
      vertex 108.2180 20.9080 4.5000
      vertex 106.5620 22.4981 4.5000
    endloop
  endfacet
  facet normal -0.760483 -0.649358 0
    outer loop
      vertex 106.5620 17.5019 0.0000
      vertex 106.9950 16.9948 0.0000
      vertex 106.5620 17.5019 4.5000
    endloop
  endfacet
  facet normal -0.760483 -0.649358 0
    outer loop
      vertex 106.5620 17.5019 4.5000
      vertex 106.9950 16.9948 0.0000
      vertex 106.9950 16.9948 4.5000
    endloop
  endfacet
  facet normal 0 0 1
    outer loop
      vertex 106.5620 17.5019 4.5000
      vertex 106.9950 16.9948 4.5000
      vertex 108.3820 18.8244 4.5000
    endloop
  endfacet
  facet normal 0 0 1
    outer loop
      vertex 106.5620 17.5019 4.5000
      vertex 108.3820 18.8244 4.5000
      vertex 108.2180 19.0920 4.5000
    endloop
  endfacet
  facet normal -0.760483 0.649358 0
    outer loop
      vertex 106.5620 22.4981 0.0000
      vertex 106.5620 22.4981 4.5000
      vertex 106.9950 23.0052 4.5000
    endloop
  endfacet
  facet normal -0.760483 0.649358 0
    outer loop
      vertex 106.5620 22.4981 0.0000
      vertex 106.9950 23.0052 4.5000
      vertex 106.9950 23.0052 0.0000
    endloop
  endfacet
  facet normal 0 0 1
    outer loop
      vertex 106.5620 22.4981 4.5000
      vertex 108.2180 20.9080 4.5000
      vertex 108.3820 21.1756 4.5000
    endloop
  endfacet
  facet normal 0 0 1
    outer loop
      vertex 106.5620 22.4981 4.5000
      vertex 108.3820 21.1756 4.5000
      vertex 106.9950 23.0052 4.5000
    endloop
  endfacet
  facet normal -0.649518 -0.760346 0
    outer loop
      vertex 106.9950 16.9948 0.0000
      vertex 107.5020 16.5617 0.0000
      vertex 107.5020 16.5617 4.5000
    endloop
  endfacet
  facet normal -0.649518 -0.760346 0
    outer loop
      vertex 106.9950 16.9948 0.0000
      vertex 107.5020 16.5617 4.5000
      vertex 106.9950 16.9948 4.5000
    endloop
  endfacet
  facet normal 0 0 1
    outer loop
      vertex 106.9950 16.9948 4.5000
      vertex 107.5020 16.5617 4.5000
      vertex 108.5860 18.5858 4.5000
    endloop
  endfacet
  facet normal 0 0 1
    outer loop
      vertex 106.9950 16.9948 4.5000
      vertex 108.5860 18.5858 4.5000
      vertex 108.3820 18.8244 4.5000
    endloop
  endfacet
  facet normal -0.649518 0.760346 0
    outer loop
      vertex 106.9950 23.0052 0.0000
      vertex 106.9950 23.0052 4.5000
      vertex 107.5020 23.4383 0.0000
    endloop
  endfacet
  facet normal -0.649518 0.760346 0
    outer loop
      vertex 106.9950 23.0052 4.5000
      vertex 107.5020 23.4383 4.5000
      vertex 107.5020 23.4383 0.0000
    endloop
  endfacet
  facet normal 0 0 1
    outer loop
      vertex 106.9950 23.0052 4.5000
      vertex 108.3820 21.1756 4.5000
      vertex 108.5860 21.4142 4.5000
    endloop
  endfacet
  facet normal 0 0 1
    outer loop
      vertex 106.9950 23.0052 4.5000
      vertex 108.5860 21.4142 4.5000
      vertex 107.5020 23.4383 4.5000
    endloop
  endfacet
  facet normal -0.522298 -0.852763 0
    outer loop
      vertex 107.5020 16.5617 0.0000
      vertex 108.0710 16.2132 0.0000
      vertex 108.0710 16.2132 4.5000
    endloop
  endfacet
  facet normal -0.522298 -0.852763 0
    outer loop
      vertex 107.5020 16.5617 0.0000
      vertex 108.0710 16.2132 4.5000
      vertex 107.5020 16.5617 4.5000
    endloop
  endfacet
  facet normal 0 0 1
    outer loop
      vertex 107.5020 16.5617 0.0000
      vertex 113.5620 -30.0019 0.0000
      vertex 113.9950 -29.4948 0.0000
    endloop
  endfacet
  facet normal 0 0 1
    outer loop
      vertex 107.5020 16.5617 0.0000
      vertex 113.9950 -29.4948 0.0000
      vertex 108.0710 16.2132 0.0000
    endloop
  endfacet
  facet normal 0 0 1
    outer loop
      vertex 107.5020 16.5617 4.5000
      vertex 108.0710 16.2132 4.5000
      vertex 108.8240 18.3820 4.5000
    endloop
  endfacet
  facet normal 0 0 1
    outer loop
      vertex 107.5020 16.5617 4.5000
      vertex 108.8240 18.3820 4.5000
      vertex 108.5860 18.5858 4.5000
    endloop
  endfacet
  facet normal -0.522298 0.852763 0
    outer loop
      vertex 107.5020 23.4383 0.0000
      vertex 107.5020 23.4383 4.5000
      vertex 108.0710 23.7868 0.0000
    endloop
  endfacet
  facet normal -0.522298 0.852763 0
    outer loop
      vertex 107.5020 23.4383 4.5000
      vertex 108.0710 23.7868 4.5000
      vertex 108.0710 23.7868 0.0000
    endloop
  endfacet
  facet normal 0 0 1
    outer loop
      vertex 107.5020 23.4383 4.5000
      vertex 108.5860 21.4142 4.5000
      vertex 108.8240 21.6180 4.5000
    endloop
  endfacet
  facet normal 0 0 1
    outer loop
      vertex 107.5020 23.4383 4.5000
      vertex 108.8240 21.6180 4.5000
      vertex 108.0710 23.7868 4.5000
    endloop
  endfacet
  facet normal 0.996823 0.079644 0
    outer loop
      vertex 108.0000 20.0000 -1.1000
      vertex 108.0000 20.0000 4.5000
      vertex 108.0250 19.6871 4.5000
    endloop
  endfacet
  facet normal 0 0 1
    outer loop
      vertex 108.0000 20.0000 -1.1000
      vertex 108.0250 19.6871 -1.1000
      vertex 108.0250 20.3129 -1.1000
    endloop
  endfacet
  facet normal 0.996823 0.079644 0
    outer loop
      vertex 108.0000 20.0000 -1.1000
      vertex 108.0250 19.6871 4.5000
      vertex 108.0250 19.6871 -1.1000
    endloop
  endfacet
  facet normal 0.996823 -0.079644 0
    outer loop
      vertex 108.0000 20.0000 -1.1000
      vertex 108.0250 20.3129 -1.1000
      vertex 108.0000 20.0000 4.5000
    endloop
  endfacet
  facet normal 0.996823 -0.079644 0
    outer loop
      vertex 108.0000 20.0000 4.5000
      vertex 108.0250 20.3129 -1.1000
      vertex 108.0250 20.3129 4.5000
    endloop
  endfacet
  facet normal 0.972549 0.232698 0
    outer loop
      vertex 108.0250 19.6871 -1.1000
      vertex 108.0250 19.6871 4.5000
      vertex 108.0980 19.3820 4.5000
    endloop
  endfacet
  facet normal 0 0 1
    outer loop
      vertex 108.0250 19.6871 -1.1000
      vertex 108.0980 19.3820 -1.1000
      vertex 108.0250 20.3129 -1.1000
    endloop
  endfacet
  facet normal 0.972549 0.232698 0
    outer loop
      vertex 108.0250 19.6871 -1.1000
      vertex 108.0980 19.3820 4.5000
      vertex 108.0980 19.3820 -1.1000
    endloop
  endfacet
  facet normal 0 0 1
    outer loop
      vertex 108.0250 20.3129 -1.1000
      vertex 108.0980 19.3820 -1.1000
      vertex 108.0980 20.6180 -1.1000
    endloop
  endfacet
  facet normal 0.972549 -0.232698 0
    outer loop
      vertex 108.0250 20.3129 -1.1000
      vertex 108.0980 20.6180 -1.1000
      vertex 108.0250 20.3129 4.5000
    endloop
  endfacet
  facet normal 0.972549 -0.232698 0
    outer loop
      vertex 108.0250 20.3129 4.5000
      vertex 108.0980 20.6180 -1.1000
      vertex 108.0980 20.6180 4.5000
    endloop
  endfacet
  facet normal -0.38274 -0.923856 0
    outer loop
      vertex 108.0710 16.2132 0.0000
      vertex 108.6870 15.9580 0.0000
      vertex 108.6870 15.9580 4.5000
    endloop
  endfacet
  facet normal -0.38274 -0.923856 0
    outer loop
      vertex 108.0710 16.2132 0.0000
      vertex 108.6870 15.9580 4.5000
      vertex 108.0710 16.2132 4.5000
    endloop
  endfacet
  facet normal 0 0 1
    outer loop
      vertex 108.0710 16.2132 0.0000
      vertex 113.9950 -29.4948 0.0000
      vertex 114.5020 -29.0617 0.0000
    endloop
  endfacet
  facet normal 0 0 1
    outer loop
      vertex 108.0710 16.2132 0.0000
      vertex 114.5020 -29.0617 0.0000
      vertex 108.6870 15.9580 0.0000
    endloop
  endfacet
  facet normal 0 0 1
    outer loop
      vertex 108.0710 16.2132 4.5000
      vertex 108.6870 15.9580 4.5000
      vertex 109.0920 18.2180 4.5000
    endloop
  endfacet
  facet normal 0 0 1
    outer loop
      vertex 108.0710 16.2132 4.5000
      vertex 109.0920 18.2180 4.5000
      vertex 108.8240 18.3820 4.5000
    endloop
  endfacet
  facet normal -0.38274 0.923856 0
    outer loop
      vertex 108.0710 23.7868 0.0000
      vertex 108.0710 23.7868 4.5000
      vertex 108.6870 24.0420 0.0000
    endloop
  endfacet
  facet normal -0.38274 0.923856 0
    outer loop
      vertex 108.0710 23.7868 4.5000
      vertex 108.6870 24.0420 4.5000
      vertex 108.6870 24.0420 0.0000
    endloop
  endfacet
  facet normal 0 0 1
    outer loop
      vertex 108.0710 23.7868 4.5000
      vertex 108.8240 21.6180 4.5000
      vertex 109.0920 21.7820 4.5000
    endloop
  endfacet
  facet normal 0 0 1
    outer loop
      vertex 108.0710 23.7868 4.5000
      vertex 109.0920 21.7820 4.5000
      vertex 108.6870 24.0420 4.5000
    endloop
  endfacet
  facet normal 0.924017 0.382352 0
    outer loop
      vertex 108.0980 19.3820 -1.1000
      vertex 108.0980 19.3820 4.5000
      vertex 108.2180 19.0920 4.5000
    endloop
  endfacet
  facet normal 0 0 1
    outer loop
      vertex 108.0980 19.3820 -1.1000
      vertex 108.2180 19.0920 -1.1000
      vertex 108.0980 20.6180 -1.1000
    endloop
  endfacet
  facet normal 0.924017 0.382352 0
    outer loop
      vertex 108.0980 19.3820 -1.1000
      vertex 108.2180 19.0920 4.5000
      vertex 108.2180 19.0920 -1.1000
    endloop
  endfacet
  facet normal 0 0 1
    outer loop
      vertex 108.0980 20.6180 -1.1000
      vertex 108.2180 19.0920 -1.1000
      vertex 108.2180 20.9080 -1.1000
    endloop
  endfacet
  facet normal 0.924017 -0.382352 0
    outer loop
      vertex 108.0980 20.6180 -1.1000
      vertex 108.2180 20.9080 -1.1000
      vertex 108.0980 20.6180 4.5000
    endloop
  endfacet
  facet normal 0.924017 -0.382352 0
    outer loop
      vertex 108.0980 20.6180 4.5000
      vertex 108.2180 20.9080 -1.1000
      vertex 108.2180 20.9080 4.5000
    endloop
  endfacet
  facet normal 0.85262 0.522532 0
    outer loop
      vertex 108.2180 19.0920 -1.1000
      vertex 108.2180 19.0920 4.5000
      vertex 108.3820 18.8244 4.5000
    endloop
  endfacet
  facet normal 0 0 1
    outer loop
      vertex 108.2180 19.0920 -1.1000
      vertex 108.3820 18.8244 -1.1000
      vertex 108.2180 20.9080 -1.1000
    endloop
  endfacet
  facet normal 0.85262 0.522532 0
    outer loop
      vertex 108.2180 19.0920 -1.1000
      vertex 108.3820 18.8244 4.5000
      vertex 108.3820 18.8244 -1.1000
    endloop
  endfacet
  facet normal 0 0 1
    outer loop
      vertex 108.2180 20.9080 -1.1000
      vertex 108.3820 18.8244 -1.1000
      vertex 108.3820 21.1756 -1.1000
    endloop
  endfacet
  facet normal 0.85262 -0.522532 0
    outer loop
      vertex 108.2180 20.9080 -1.1000
      vertex 108.3820 21.1756 -1.1000
      vertex 108.2180 20.9080 4.5000
    endloop
  endfacet
  facet normal 0.85262 -0.522532 0
    outer loop
      vertex 108.2180 20.9080 4.5000
      vertex 108.3820 21.1756 -1.1000
      vertex 108.3820 21.1756 4.5000
    endloop
  endfacet
  facet normal 0.760066 0.649846 0
    outer loop
      vertex 108.3820 18.8244 -1.1000
      vertex 108.3820 18.8244 4.5000
      vertex 108.5860 18.5858 4.5000
    endloop
  endfacet
  facet normal 0 0 1
    outer loop
      vertex 108.3820 18.8244 -1.1000
      vertex 108.5860 18.5858 -1.1000
      vertex 108.3820 21.1756 -1.1000
    endloop
  endfacet
  facet normal 0.760066 0.649846 0
    outer loop
      vertex 108.3820 18.8244 -1.1000
      vertex 108.5860 18.5858 4.5000
      vertex 108.5860 18.5858 -1.1000
    endloop
  endfacet
  facet normal 0 0 1
    outer loop
      vertex 108.3820 21.1756 -1.1000
      vertex 108.5860 18.5858 -1.1000
      vertex 108.5860 21.4142 -1.1000
    endloop
  endfacet
  facet normal 0.760066 -0.649846 0
    outer loop
      vertex 108.3820 21.1756 -1.1000
      vertex 108.5860 21.4142 -1.1000
      vertex 108.3820 21.1756 4.5000
    endloop
  endfacet
  facet normal 0.760066 -0.649846 0
    outer loop
      vertex 108.3820 21.1756 4.5000
      vertex 108.5860 21.4142 -1.1000
      vertex 108.5860 21.4142 4.5000
    endloop
  endfacet
  facet normal 0.650423 0.759572 0
    outer loop
      vertex 108.5860 18.5858 -1.1000
      vertex 108.5860 18.5858 4.5000
      vertex 108.8240 18.3820 -1.1000
    endloop
  endfacet
  facet normal 0 0 1
    outer loop
      vertex 108.5860 18.5858 -1.1000
      vertex 108.8240 18.3820 -1.1000
      vertex 108.5860 21.4142 -1.1000
    endloop
  endfacet
  facet normal 0.650423 0.759572 0
    outer loop
      vertex 108.5860 18.5858 4.5000
      vertex 108.8240 18.3820 4.5000
      vertex 108.8240 18.3820 -1.1000
    endloop
  endfacet
  facet normal 0 0 1
    outer loop
      vertex 108.5860 21.4142 -1.1000
      vertex 108.8240 18.3820 -1.1000
      vertex 108.8240 21.6180 -1.1000
    endloop
  endfacet
  facet normal 0.650423 -0.759572 0
    outer loop
      vertex 108.5860 21.4142 -1.1000
      vertex 108.8240 21.6180 -1.1000
      vertex 108.8240 21.6180 4.5000
    endloop
  endfacet
  facet normal 0.650423 -0.759572 0
    outer loop
      vertex 108.5860 21.4142 -1.1000
      vertex 108.8240 21.6180 4.5000
      vertex 108.5860 21.4142 4.5000
    endloop
  endfacet
  facet normal -0.233628 -0.972326 0
    outer loop
      vertex 108.6870 15.9580 0.0000
      vertex 109.3350 15.8023 0.0000
      vertex 109.3350 15.8023 4.5000
    endloop
  endfacet
  facet normal -0.233628 -0.972326 0
    outer loop
      vertex 108.6870 15.9580 0.0000
      vertex 109.3350 15.8023 4.5000
      vertex 108.6870 15.9580 4.5000
    endloop
  endfacet
  facet normal 0 0 1
    outer loop
      vertex 108.6870 15.9580 0.0000
      vertex 114.5020 -29.0617 0.0000
      vertex 115.0710 -28.7132 0.0000
    endloop
  endfacet
  facet normal 0 0 1
    outer loop
      vertex 108.6870 15.9580 0.0000
      vertex 115.0710 -28.7132 0.0000
      vertex 109.3350 15.8023 0.0000
    endloop
  endfacet
  facet normal 0 0 1
    outer loop
      vertex 108.6870 15.9580 4.5000
      vertex 109.3350 15.8023 4.5000
      vertex 109.3820 18.0979 4.5000
    endloop
  endfacet
  facet normal 0 0 1
    outer loop
      vertex 108.6870 15.9580 4.5000
      vertex 109.3820 18.0979 4.5000
      vertex 109.0920 18.2180 4.5000
    endloop
  endfacet
  facet normal -0.233628 0.972326 0
    outer loop
      vertex 108.6870 24.0420 0.0000
      vertex 108.6870 24.0420 4.5000
      vertex 109.3350 24.1977 0.0000
    endloop
  endfacet
  facet normal 0 0 1
    outer loop
      vertex 108.6870 24.0420 4.5000
      vertex 109.0920 21.7820 4.5000
      vertex 109.3820 21.9021 4.5000
    endloop
  endfacet
  facet normal -0.233628 0.972326 0
    outer loop
      vertex 108.6870 24.0420 4.5000
      vertex 109.3350 24.1977 4.5000
      vertex 109.3350 24.1977 0.0000
    endloop
  endfacet
  facet normal 0 0 1
    outer loop
      vertex 108.6870 24.0420 4.5000
      vertex 109.3820 21.9021 4.5000
      vertex 109.3350 24.1977 4.5000
    endloop
  endfacet
  facet normal 0.521965 0.852967 0
    outer loop
      vertex 108.8240 18.3820 -1.1000
      vertex 108.8240 18.3820 4.5000
      vertex 109.0920 18.2180 -1.1000
    endloop
  endfacet
  facet normal 0 0 1
    outer loop
      vertex 108.8240 18.3820 -1.1000
      vertex 109.0920 18.2180 -1.1000
      vertex 108.8240 21.6180 -1.1000
    endloop
  endfacet
  facet normal 0.521965 0.852967 0
    outer loop
      vertex 108.8240 18.3820 4.5000
      vertex 109.0920 18.2180 4.5000
      vertex 109.0920 18.2180 -1.1000
    endloop
  endfacet
  facet normal 0 0 1
    outer loop
      vertex 108.8240 21.6180 -1.1000
      vertex 109.0920 18.2180 -1.1000
      vertex 109.0920 21.7820 -1.1000
    endloop
  endfacet
  facet normal 0.521965 -0.852967 0
    outer loop
      vertex 108.8240 21.6180 -1.1000
      vertex 109.0920 21.7820 -1.1000
      vertex 109.0920 21.7820 4.5000
    endloop
  endfacet
  facet normal 0.521965 -0.852967 0
    outer loop
      vertex 108.8240 21.6180 -1.1000
      vertex 109.0920 21.7820 4.5000
      vertex 108.8240 21.6180 4.5000
    endloop
  endfacet
  facet normal 0.382624 0.923904 0
    outer loop
      vertex 109.0920 18.2180 -1.1000
      vertex 109.0920 18.2180 4.5000
      vertex 109.3820 18.0979 -1.1000
    endloop
  endfacet
  facet normal 0 0 1
    outer loop
      vertex 109.0920 18.2180 -1.1000
      vertex 109.3820 18.0979 -1.1000
      vertex 109.0920 21.7820 -1.1000
    endloop
  endfacet
  facet normal 0.382624 0.923904 0
    outer loop
      vertex 109.0920 18.2180 4.5000
      vertex 109.3820 18.0979 4.5000
      vertex 109.3820 18.0979 -1.1000
    endloop
  endfacet
  facet normal 0 0 1
    outer loop
      vertex 109.0920 21.7820 -1.1000
      vertex 109.3820 18.0979 -1.1000
      vertex 109.3820 21.9021 -1.1000
    endloop
  endfacet
  facet normal 0.382624 -0.923904 0
    outer loop
      vertex 109.0920 21.7820 -1.1000
      vertex 109.3820 21.9021 -1.1000
      vertex 109.3820 21.9021 4.5000
    endloop
  endfacet
  facet normal 0.382624 -0.923904 0
    outer loop
      vertex 109.0920 21.7820 -1.1000
      vertex 109.3820 21.9021 4.5000
      vertex 109.0920 21.7820 4.5000
    endloop
  endfacet
  facet normal -0.078405 -0.996922 0
    outer loop
      vertex 109.3350 15.8023 0.0000
      vertex 110.0000 15.7500 0.0000
      vertex 110.0000 15.7500 4.5000
    endloop
  endfacet
  facet normal -0.078405 -0.996922 0
    outer loop
      vertex 109.3350 15.8023 0.0000
      vertex 110.0000 15.7500 4.5000
      vertex 109.3350 15.8023 4.5000
    endloop
  endfacet
  facet normal 0 0 1
    outer loop
      vertex 109.3350 15.8023 0.0000
      vertex 115.0710 -28.7132 0.0000
      vertex 115.6870 -28.4580 0.0000
    endloop
  endfacet
  facet normal 0 0 1
    outer loop
      vertex 109.3350 15.8023 0.0000
      vertex 115.6870 -28.4580 0.0000
      vertex 110.0000 15.7500 0.0000
    endloop
  endfacet
  facet normal 0 0 1
    outer loop
      vertex 109.3350 15.8023 4.5000
      vertex 109.6870 18.0246 4.5000
      vertex 109.3820 18.0979 4.5000
    endloop
  endfacet
  facet normal 0 0 1
    outer loop
      vertex 109.3350 15.8023 4.5000
      vertex 110.0000 15.7500 4.5000
      vertex 109.6870 18.0246 4.5000
    endloop
  endfacet
  facet normal -0.078405 0.996922 0
    outer loop
      vertex 109.3350 24.1977 0.0000
      vertex 109.3350 24.1977 4.5000
      vertex 110.0000 24.2500 0.0000
    endloop
  endfacet
  facet normal 0 0 1
    outer loop
      vertex 109.3350 24.1977 4.5000
      vertex 109.3820 21.9021 4.5000
      vertex 109.6870 21.9754 4.5000
    endloop
  endfacet
  facet normal 0 0 1
    outer loop
      vertex 109.3350 24.1977 4.5000
      vertex 109.6870 21.9754 4.5000
      vertex 110.0000 24.2500 4.5000
    endloop
  endfacet
  facet normal -0.078405 0.996922 0
    outer loop
      vertex 109.3350 24.1977 4.5000
      vertex 110.0000 24.2500 4.5000
      vertex 110.0000 24.2500 0.0000
    endloop
  endfacet
  facet normal 0.233674 0.972315 0
    outer loop
      vertex 109.3820 18.0979 -1.1000
      vertex 109.3820 18.0979 4.5000
      vertex 109.6870 18.0246 -1.1000
    endloop
  endfacet
  facet normal 0 0 1
    outer loop
      vertex 109.3820 18.0979 -1.1000
      vertex 109.6870 18.0246 -1.1000
      vertex 109.3820 21.9021 -1.1000
    endloop
  endfacet
  facet normal 0.233674 0.972315 0
    outer loop
      vertex 109.3820 18.0979 4.5000
      vertex 109.6870 18.0246 4.5000
      vertex 109.6870 18.0246 -1.1000
    endloop
  endfacet
  facet normal 0 0 1
    outer loop
      vertex 109.3820 21.9021 -1.1000
      vertex 109.6870 18.0246 -1.1000
      vertex 109.6870 21.9754 -1.1000
    endloop
  endfacet
  facet normal 0.233674 -0.972315 0
    outer loop
      vertex 109.3820 21.9021 -1.1000
      vertex 109.6870 21.9754 -1.1000
      vertex 109.6870 21.9754 4.5000
    endloop
  endfacet
  facet normal 0.233674 -0.972315 0
    outer loop
      vertex 109.3820 21.9021 -1.1000
      vertex 109.6870 21.9754 4.5000
      vertex 109.3820 21.9021 4.5000
    endloop
  endfacet
  facet normal 0.078353 0.996926 0
    outer loop
      vertex 109.6870 18.0246 -1.1000
      vertex 109.6870 18.0246 4.5000
      vertex 110.0000 18.0000 -1.1000
    endloop
  endfacet
  facet normal 0 0 1
    outer loop
      vertex 109.6870 18.0246 -1.1000
      vertex 110.0000 18.0000 -1.1000
      vertex 109.6870 21.9754 -1.1000
    endloop
  endfacet
  facet normal 0 0 1
    outer loop
      vertex 109.6870 18.0246 4.5000
      vertex 110.0000 15.7500 4.5000
      vertex 110.0000 18.0000 4.5000
    endloop
  endfacet
  facet normal 0.078353 0.996926 0
    outer loop
      vertex 109.6870 18.0246 4.5000
      vertex 110.0000 18.0000 4.5000
      vertex 110.0000 18.0000 -1.1000
    endloop
  endfacet
  facet normal 0 0 1
    outer loop
      vertex 109.6870 21.9754 -1.1000
      vertex 110.0000 18.0000 -1.1000
      vertex 110.0000 22.0000 -1.1000
    endloop
  endfacet
  facet normal 0.078353 -0.996926 0
    outer loop
      vertex 109.6870 21.9754 -1.1000
      vertex 110.0000 22.0000 -1.1000
      vertex 110.0000 22.0000 4.5000
    endloop
  endfacet
  facet normal 0.078353 -0.996926 0
    outer loop
      vertex 109.6870 21.9754 -1.1000
      vertex 110.0000 22.0000 4.5000
      vertex 109.6870 21.9754 4.5000
    endloop
  endfacet
  facet normal 0 0 1
    outer loop
      vertex 109.6870 21.9754 4.5000
      vertex 110.0000 22.0000 4.5000
      vertex 110.0000 24.2500 4.5000
    endloop
  endfacet
  facet normal 0.078405 -0.996922 0
    outer loop
      vertex 110.0000 15.7500 0.0000
      vertex 110.6650 15.8023 0.0000
      vertex 110.6650 15.8023 4.5000
    endloop
  endfacet
  facet normal 0.078405 -0.996922 0
    outer loop
      vertex 110.0000 15.7500 0.0000
      vertex 110.6650 15.8023 4.5000
      vertex 110.0000 15.7500 4.5000
    endloop
  endfacet
  facet normal 0 0 1
    outer loop
      vertex 110.0000 15.7500 0.0000
      vertex 115.6870 -28.4580 0.0000
      vertex 116.3350 -28.3023 0.0000
    endloop
  endfacet
  facet normal 0 0 1
    outer loop
      vertex 110.0000 15.7500 0.0000
      vertex 116.3350 -28.3023 0.0000
      vertex 110.6650 15.8023 0.0000
    endloop
  endfacet
  facet normal 0 0 1
    outer loop
      vertex 110.0000 15.7500 4.5000
      vertex 110.6650 15.8023 4.5000
      vertex 110.0000 18.0000 4.5000
    endloop
  endfacet
  facet normal -0.078353 0.996926 0
    outer loop
      vertex 110.0000 18.0000 -1.1000
      vertex 110.0000 18.0000 4.5000
      vertex 110.3130 18.0246 -1.1000
    endloop
  endfacet
  facet normal 0 0 1
    outer loop
      vertex 110.0000 18.0000 -1.1000
      vertex 110.3130 18.0246 -1.1000
      vertex 110.0000 22.0000 -1.1000
    endloop
  endfacet
  facet normal -0.078353 0.996926 0
    outer loop
      vertex 110.0000 18.0000 4.5000
      vertex 110.3130 18.0246 4.5000
      vertex 110.3130 18.0246 -1.1000
    endloop
  endfacet
  facet normal 0 0 1
    outer loop
      vertex 110.0000 18.0000 4.5000
      vertex 110.6650 15.8023 4.5000
      vertex 110.3130 18.0246 4.5000
    endloop
  endfacet
  facet normal 0 0 1
    outer loop
      vertex 110.0000 22.0000 -1.1000
      vertex 110.3130 18.0246 -1.1000
      vertex 110.3130 21.9754 -1.1000
    endloop
  endfacet
  facet normal -0.078353 -0.996926 0
    outer loop
      vertex 110.0000 22.0000 -1.1000
      vertex 110.3130 21.9754 -1.1000
      vertex 110.3130 21.9754 4.5000
    endloop
  endfacet
  facet normal -0.078353 -0.996926 0
    outer loop
      vertex 110.0000 22.0000 -1.1000
      vertex 110.3130 21.9754 4.5000
      vertex 110.0000 22.0000 4.5000
    endloop
  endfacet
  facet normal 0 0 1
    outer loop
      vertex 110.0000 22.0000 4.5000
      vertex 110.3130 21.9754 4.5000
      vertex 110.0000 24.2500 4.5000
    endloop
  endfacet
  facet normal 0.078405 0.996922 0
    outer loop
      vertex 110.0000 24.2500 0.0000
      vertex 110.0000 24.2500 4.5000
      vertex 110.6650 24.1977 0.0000
    endloop
  endfacet
  facet normal 0 0 1
    outer loop
      vertex 110.0000 24.2500 0.0000
      vertex 110.6650 24.1977 0.0000
      vertex 135.0000 30.0000 0.0000
    endloop
  endfacet
  facet normal 0 0 1
    outer loop
      vertex 110.0000 24.2500 4.5000
      vertex 110.3130 21.9754 4.5000
      vertex 110.6650 24.1977 4.5000
    endloop
  endfacet
  facet normal 0.078405 0.996922 0
    outer loop
      vertex 110.0000 24.2500 4.5000
      vertex 110.6650 24.1977 4.5000
      vertex 110.6650 24.1977 0.0000
    endloop
  endfacet
  facet normal -0.233674 0.972315 0
    outer loop
      vertex 110.3130 18.0246 -1.1000
      vertex 110.3130 18.0246 4.5000
      vertex 110.6180 18.0979 -1.1000
    endloop
  endfacet
  facet normal 0 0 1
    outer loop
      vertex 110.3130 18.0246 -1.1000
      vertex 110.6180 18.0979 -1.1000
      vertex 110.3130 21.9754 -1.1000
    endloop
  endfacet
  facet normal -0.233674 0.972315 0
    outer loop
      vertex 110.3130 18.0246 4.5000
      vertex 110.6180 18.0979 4.5000
      vertex 110.6180 18.0979 -1.1000
    endloop
  endfacet
  facet normal 0 0 1
    outer loop
      vertex 110.3130 18.0246 4.5000
      vertex 110.6650 15.8023 4.5000
      vertex 110.6180 18.0979 4.5000
    endloop
  endfacet
  facet normal 0 0 1
    outer loop
      vertex 110.3130 21.9754 -1.1000
      vertex 110.6180 18.0979 -1.1000
      vertex 110.6180 21.9021 -1.1000
    endloop
  endfacet
  facet normal -0.233674 -0.972315 0
    outer loop
      vertex 110.3130 21.9754 -1.1000
      vertex 110.6180 21.9021 -1.1000
      vertex 110.6180 21.9021 4.5000
    endloop
  endfacet
  facet normal -0.233674 -0.972315 0
    outer loop
      vertex 110.3130 21.9754 -1.1000
      vertex 110.6180 21.9021 4.5000
      vertex 110.3130 21.9754 4.5000
    endloop
  endfacet
  facet normal 0 0 1
    outer loop
      vertex 110.3130 21.9754 4.5000
      vertex 110.6180 21.9021 4.5000
      vertex 110.6650 24.1977 4.5000
    endloop
  endfacet
  facet normal -0.382624 0.923904 0
    outer loop
      vertex 110.6180 18.0979 -1.1000
      vertex 110.6180 18.0979 4.5000
      vertex 110.9080 18.2180 -1.1000
    endloop
  endfacet
  facet normal 0 0 1
    outer loop
      vertex 110.6180 18.0979 -1.1000
      vertex 110.9080 18.2180 -1.1000
      vertex 110.6180 21.9021 -1.1000
    endloop
  endfacet
  facet normal 0 0 1
    outer loop
      vertex 110.6180 18.0979 4.5000
      vertex 110.6650 15.8023 4.5000
      vertex 111.3130 15.9580 4.5000
    endloop
  endfacet
  facet normal -0.382624 0.923904 0
    outer loop
      vertex 110.6180 18.0979 4.5000
      vertex 110.9080 18.2180 4.5000
      vertex 110.9080 18.2180 -1.1000
    endloop
  endfacet
  facet normal 0 0 1
    outer loop
      vertex 110.6180 18.0979 4.5000
      vertex 111.3130 15.9580 4.5000
      vertex 110.9080 18.2180 4.5000
    endloop
  endfacet
  facet normal 0 0 1
    outer loop
      vertex 110.6180 21.9021 -1.1000
      vertex 110.9080 18.2180 -1.1000
      vertex 110.9080 21.7820 -1.1000
    endloop
  endfacet
  facet normal -0.382624 -0.923904 0
    outer loop
      vertex 110.6180 21.9021 -1.1000
      vertex 110.9080 21.7820 -1.1000
      vertex 110.9080 21.7820 4.5000
    endloop
  endfacet
  facet normal -0.382624 -0.923904 0
    outer loop
      vertex 110.6180 21.9021 -1.1000
      vertex 110.9080 21.7820 4.5000
      vertex 110.6180 21.9021 4.5000
    endloop
  endfacet
  facet normal 0 0 1
    outer loop
      vertex 110.6180 21.9021 4.5000
      vertex 110.9080 21.7820 4.5000
      vertex 111.3130 24.0420 4.5000
    endloop
  endfacet
  facet normal 0 0 1
    outer loop
      vertex 110.6180 21.9021 4.5000
      vertex 111.3130 24.0420 4.5000
      vertex 110.6650 24.1977 4.5000
    endloop
  endfacet
  facet normal 0.233628 -0.972326 0
    outer loop
      vertex 110.6650 15.8023 0.0000
      vertex 111.3130 15.9580 0.0000
      vertex 111.3130 15.9580 4.5000
    endloop
  endfacet
  facet normal 0.233628 -0.972326 0
    outer loop
      vertex 110.6650 15.8023 0.0000
      vertex 111.3130 15.9580 4.5000
      vertex 110.6650 15.8023 4.5000
    endloop
  endfacet
  facet normal 0 0 1
    outer loop
      vertex 110.6650 15.8023 0.0000
      vertex 116.3350 -28.3023 0.0000
      vertex 117.0000 -28.2500 0.0000
    endloop
  endfacet
  facet normal 0 0 1
    outer loop
      vertex 110.6650 15.8023 0.0000
      vertex 117.0000 -28.2500 0.0000
      vertex 111.3130 15.9580 0.0000
    endloop
  endfacet
  facet normal 0.233628 0.972326 0
    outer loop
      vertex 110.6650 24.1977 0.0000
      vertex 110.6650 24.1977 4.5000
      vertex 111.3130 24.0420 0.0000
    endloop
  endfacet
  facet normal 0 0 1
    outer loop
      vertex 110.6650 24.1977 0.0000
      vertex 111.3130 24.0420 0.0000
      vertex 135.0000 30.0000 0.0000
    endloop
  endfacet
  facet normal 0.233628 0.972326 0
    outer loop
      vertex 110.6650 24.1977 4.5000
      vertex 111.3130 24.0420 4.5000
      vertex 111.3130 24.0420 0.0000
    endloop
  endfacet
  facet normal -0.521965 0.852967 0
    outer loop
      vertex 110.9080 18.2180 -1.1000
      vertex 110.9080 18.2180 4.5000
      vertex 111.1760 18.3820 -1.1000
    endloop
  endfacet
  facet normal 0 0 1
    outer loop
      vertex 110.9080 18.2180 -1.1000
      vertex 111.1760 18.3820 -1.1000
      vertex 110.9080 21.7820 -1.1000
    endloop
  endfacet
  facet normal -0.521965 0.852967 0
    outer loop
      vertex 110.9080 18.2180 4.5000
      vertex 111.1760 18.3820 4.5000
      vertex 111.1760 18.3820 -1.1000
    endloop
  endfacet
  facet normal 0 0 1
    outer loop
      vertex 110.9080 18.2180 4.5000
      vertex 111.3130 15.9580 4.5000
      vertex 111.9290 16.2132 4.5000
    endloop
  endfacet
  facet normal 0 0 1
    outer loop
      vertex 110.9080 18.2180 4.5000
      vertex 111.9290 16.2132 4.5000
      vertex 111.1760 18.3820 4.5000
    endloop
  endfacet
  facet normal 0 0 1
    outer loop
      vertex 110.9080 21.7820 -1.1000
      vertex 111.1760 18.3820 -1.1000
      vertex 111.1760 21.6180 -1.1000
    endloop
  endfacet
  facet normal -0.521965 -0.852967 0
    outer loop
      vertex 110.9080 21.7820 -1.1000
      vertex 111.1760 21.6180 -1.1000
      vertex 111.1760 21.6180 4.5000
    endloop
  endfacet
  facet normal -0.521965 -0.852967 0
    outer loop
      vertex 110.9080 21.7820 -1.1000
      vertex 111.1760 21.6180 4.5000
      vertex 110.9080 21.7820 4.5000
    endloop
  endfacet
  facet normal 0 0 1
    outer loop
      vertex 110.9080 21.7820 4.5000
      vertex 111.1760 21.6180 4.5000
      vertex 111.9290 23.7868 4.5000
    endloop
  endfacet
  facet normal 0 0 1
    outer loop
      vertex 110.9080 21.7820 4.5000
      vertex 111.9290 23.7868 4.5000
      vertex 111.3130 24.0420 4.5000
    endloop
  endfacet
  facet normal -0.650423 0.759572 0
    outer loop
      vertex 111.1760 18.3820 -1.1000
      vertex 111.1760 18.3820 4.5000
      vertex 111.4140 18.5858 -1.1000
    endloop
  endfacet
  facet normal 0 0 1
    outer loop
      vertex 111.1760 18.3820 -1.1000
      vertex 111.4140 18.5858 -1.1000
      vertex 111.1760 21.6180 -1.1000
    endloop
  endfacet
  facet normal -0.650423 0.759572 0
    outer loop
      vertex 111.1760 18.3820 4.5000
      vertex 111.4140 18.5858 4.5000
      vertex 111.4140 18.5858 -1.1000
    endloop
  endfacet
  facet normal 0 0 1
    outer loop
      vertex 111.1760 18.3820 4.5000
      vertex 111.9290 16.2132 4.5000
      vertex 112.4980 16.5617 4.5000
    endloop
  endfacet
  facet normal 0 0 1
    outer loop
      vertex 111.1760 18.3820 4.5000
      vertex 112.4980 16.5617 4.5000
      vertex 111.4140 18.5858 4.5000
    endloop
  endfacet
  facet normal 0 0 1
    outer loop
      vertex 111.1760 21.6180 -1.1000
      vertex 111.4140 18.5858 -1.1000
      vertex 111.4140 21.4142 -1.1000
    endloop
  endfacet
  facet normal -0.650423 -0.759572 0
    outer loop
      vertex 111.1760 21.6180 -1.1000
      vertex 111.4140 21.4142 -1.1000
      vertex 111.4140 21.4142 4.5000
    endloop
  endfacet
  facet normal -0.650423 -0.759572 0
    outer loop
      vertex 111.1760 21.6180 -1.1000
      vertex 111.4140 21.4142 4.5000
      vertex 111.1760 21.6180 4.5000
    endloop
  endfacet
  facet normal 0 0 1
    outer loop
      vertex 111.1760 21.6180 4.5000
      vertex 111.4140 21.4142 4.5000
      vertex 112.4980 23.4383 4.5000
    endloop
  endfacet
  facet normal 0 0 1
    outer loop
      vertex 111.1760 21.6180 4.5000
      vertex 112.4980 23.4383 4.5000
      vertex 111.9290 23.7868 4.5000
    endloop
  endfacet
  facet normal 0.38274 -0.923856 0
    outer loop
      vertex 111.3130 15.9580 0.0000
      vertex 111.9290 16.2132 0.0000
      vertex 111.9290 16.2132 4.5000
    endloop
  endfacet
  facet normal 0.38274 -0.923856 0
    outer loop
      vertex 111.3130 15.9580 0.0000
      vertex 111.9290 16.2132 4.5000
      vertex 111.3130 15.9580 4.5000
    endloop
  endfacet
  facet normal 0 0 1
    outer loop
      vertex 111.3130 15.9580 0.0000
      vertex 117.0000 -28.2500 0.0000
      vertex 117.6650 -28.3023 0.0000
    endloop
  endfacet
  facet normal 0 0 1
    outer loop
      vertex 111.3130 15.9580 0.0000
      vertex 117.6650 -28.3023 0.0000
      vertex 121.5620 17.5019 0.0000
    endloop
  endfacet
  facet normal 0 0 1
    outer loop
      vertex 111.3130 15.9580 0.0000
      vertex 121.5620 17.5019 0.0000
      vertex 111.9290 16.2132 0.0000
    endloop
  endfacet
  facet normal 0.38274 0.923856 0
    outer loop
      vertex 111.3130 24.0420 0.0000
      vertex 111.3130 24.0420 4.5000
      vertex 111.9290 23.7868 0.0000
    endloop
  endfacet
  facet normal 0 0 1
    outer loop
      vertex 111.3130 24.0420 0.0000
      vertex 111.9290 23.7868 0.0000
      vertex 123.0710 23.7868 0.0000
    endloop
  endfacet
  facet normal 0 0 1
    outer loop
      vertex 111.3130 24.0420 0.0000
      vertex 123.0710 23.7868 0.0000
      vertex 123.6870 24.0420 0.0000
    endloop
  endfacet
  facet normal 0 0 1
    outer loop
      vertex 111.3130 24.0420 0.0000
      vertex 123.6870 24.0420 0.0000
      vertex 135.0000 30.0000 0.0000
    endloop
  endfacet
  facet normal 0.38274 0.923856 0
    outer loop
      vertex 111.3130 24.0420 4.5000
      vertex 111.9290 23.7868 4.5000
      vertex 111.9290 23.7868 0.0000
    endloop
  endfacet
  facet normal -0.760066 0.649846 0
    outer loop
      vertex 111.4140 18.5858 -1.1000
      vertex 111.4140 18.5858 4.5000
      vertex 111.6180 18.8244 4.5000
    endloop
  endfacet
  facet normal 0 0 1
    outer loop
      vertex 111.4140 18.5858 -1.1000
      vertex 111.6180 18.8244 -1.1000
      vertex 111.4140 21.4142 -1.1000
    endloop
  endfacet
  facet normal -0.760066 0.649846 0
    outer loop
      vertex 111.4140 18.5858 -1.1000
      vertex 111.6180 18.8244 4.5000
      vertex 111.6180 18.8244 -1.1000
    endloop
  endfacet
  facet normal 0 0 1
    outer loop
      vertex 111.4140 18.5858 4.5000
      vertex 112.4980 16.5617 4.5000
      vertex 113.0050 16.9948 4.5000
    endloop
  endfacet
  facet normal 0 0 1
    outer loop
      vertex 111.4140 18.5858 4.5000
      vertex 113.0050 16.9948 4.5000
      vertex 111.6180 18.8244 4.5000
    endloop
  endfacet
  facet normal 0 0 1
    outer loop
      vertex 111.4140 21.4142 -1.1000
      vertex 111.6180 18.8244 -1.1000
      vertex 111.6180 21.1756 -1.1000
    endloop
  endfacet
  facet normal -0.760066 -0.649846 0
    outer loop
      vertex 111.4140 21.4142 -1.1000
      vertex 111.6180 21.1756 -1.1000
      vertex 111.4140 21.4142 4.5000
    endloop
  endfacet
  facet normal -0.760066 -0.649846 0
    outer loop
      vertex 111.4140 21.4142 4.5000
      vertex 111.6180 21.1756 -1.1000
      vertex 111.6180 21.1756 4.5000
    endloop
  endfacet
  facet normal 0 0 1
    outer loop
      vertex 111.4140 21.4142 4.5000
      vertex 111.6180 21.1756 4.5000
      vertex 113.0050 23.0052 4.5000
    endloop
  endfacet
  facet normal 0 0 1
    outer loop
      vertex 111.4140 21.4142 4.5000
      vertex 113.0050 23.0052 4.5000
      vertex 112.4980 23.4383 4.5000
    endloop
  endfacet
  facet normal -0.85262 0.522532 0
    outer loop
      vertex 111.6180 18.8244 -1.1000
      vertex 111.6180 18.8244 4.5000
      vertex 111.7820 19.0920 4.5000
    endloop
  endfacet
  facet normal 0 0 1
    outer loop
      vertex 111.6180 18.8244 -1.1000
      vertex 111.7820 19.0920 -1.1000
      vertex 111.6180 21.1756 -1.1000
    endloop
  endfacet
  facet normal -0.85262 0.522532 0
    outer loop
      vertex 111.6180 18.8244 -1.1000
      vertex 111.7820 19.0920 4.5000
      vertex 111.7820 19.0920 -1.1000
    endloop
  endfacet
  facet normal 0 0 1
    outer loop
      vertex 111.6180 18.8244 4.5000
      vertex 113.0050 16.9948 4.5000
      vertex 113.4380 17.5019 4.5000
    endloop
  endfacet
  facet normal 0 0 1
    outer loop
      vertex 111.6180 18.8244 4.5000
      vertex 113.4380 17.5019 4.5000
      vertex 111.7820 19.0920 4.5000
    endloop
  endfacet
  facet normal 0 0 1
    outer loop
      vertex 111.6180 21.1756 -1.1000
      vertex 111.7820 19.0920 -1.1000
      vertex 111.7820 20.9080 -1.1000
    endloop
  endfacet
  facet normal -0.85262 -0.522532 0
    outer loop
      vertex 111.6180 21.1756 -1.1000
      vertex 111.7820 20.9080 -1.1000
      vertex 111.6180 21.1756 4.5000
    endloop
  endfacet
  facet normal -0.85262 -0.522532 0
    outer loop
      vertex 111.6180 21.1756 4.5000
      vertex 111.7820 20.9080 -1.1000
      vertex 111.7820 20.9080 4.5000
    endloop
  endfacet
  facet normal 0 0 1
    outer loop
      vertex 111.6180 21.1756 4.5000
      vertex 111.7820 20.9080 4.5000
      vertex 113.4380 22.4981 4.5000
    endloop
  endfacet
  facet normal 0 0 1
    outer loop
      vertex 111.6180 21.1756 4.5000
      vertex 113.4380 22.4981 4.5000
      vertex 113.0050 23.0052 4.5000
    endloop
  endfacet
  facet normal -0.924017 0.382352 0
    outer loop
      vertex 111.7820 19.0920 -1.1000
      vertex 111.7820 19.0920 4.5000
      vertex 111.9020 19.3820 4.5000
    endloop
  endfacet
  facet normal 0 0 1
    outer loop
      vertex 111.7820 19.0920 -1.1000
      vertex 111.9020 19.3820 -1.1000
      vertex 111.7820 20.9080 -1.1000
    endloop
  endfacet
  facet normal -0.924017 0.382352 0
    outer loop
      vertex 111.7820 19.0920 -1.1000
      vertex 111.9020 19.3820 4.5000
      vertex 111.9020 19.3820 -1.1000
    endloop
  endfacet
  facet normal 0 0 1
    outer loop
      vertex 111.7820 19.0920 4.5000
      vertex 113.4380 17.5019 4.5000
      vertex 113.7870 18.0705 4.5000
    endloop
  endfacet
  facet normal 0 0 1
    outer loop
      vertex 111.7820 19.0920 4.5000
      vertex 113.7870 18.0705 4.5000
      vertex 111.9020 19.3820 4.5000
    endloop
  endfacet
  facet normal 0 0 1
    outer loop
      vertex 111.7820 20.9080 -1.1000
      vertex 111.9020 19.3820 -1.1000
      vertex 111.9020 20.6180 -1.1000
    endloop
  endfacet
  facet normal -0.924017 -0.382352 0
    outer loop
      vertex 111.7820 20.9080 -1.1000
      vertex 111.9020 20.6180 -1.1000
      vertex 111.7820 20.9080 4.5000
    endloop
  endfacet
  facet normal -0.924017 -0.382352 0
    outer loop
      vertex 111.7820 20.9080 4.5000
      vertex 111.9020 20.6180 -1.1000
      vertex 111.9020 20.6180 4.5000
    endloop
  endfacet
  facet normal 0 0 1
    outer loop
      vertex 111.7820 20.9080 4.5000
      vertex 111.9020 20.6180 4.5000
      vertex 113.7870 21.9295 4.5000
    endloop
  endfacet
  facet normal 0 0 1
    outer loop
      vertex 111.7820 20.9080 4.5000
      vertex 113.7870 21.9295 4.5000
      vertex 113.4380 22.4981 4.5000
    endloop
  endfacet
  facet normal -0.972549 0.232698 0
    outer loop
      vertex 111.9020 19.3820 -1.1000
      vertex 111.9020 19.3820 4.5000
      vertex 111.9750 19.6871 4.5000
    endloop
  endfacet
  facet normal 0 0 1
    outer loop
      vertex 111.9020 19.3820 -1.1000
      vertex 111.9750 19.6871 -1.1000
      vertex 111.9020 20.6180 -1.1000
    endloop
  endfacet
  facet normal -0.972549 0.232698 0
    outer loop
      vertex 111.9020 19.3820 -1.1000
      vertex 111.9750 19.6871 4.5000
      vertex 111.9750 19.6871 -1.1000
    endloop
  endfacet
  facet normal 0 0 1
    outer loop
      vertex 111.9020 19.3820 4.5000
      vertex 113.7870 18.0705 4.5000
      vertex 114.0420 18.6867 4.5000
    endloop
  endfacet
  facet normal 0 0 1
    outer loop
      vertex 111.9020 19.3820 4.5000
      vertex 114.0420 18.6867 4.5000
      vertex 111.9750 19.6871 4.5000
    endloop
  endfacet
  facet normal 0 0 1
    outer loop
      vertex 111.9020 20.6180 -1.1000
      vertex 111.9750 19.6871 -1.1000
      vertex 111.9750 20.3129 -1.1000
    endloop
  endfacet
  facet normal -0.972549 -0.232698 0
    outer loop
      vertex 111.9020 20.6180 -1.1000
      vertex 111.9750 20.3129 -1.1000
      vertex 111.9020 20.6180 4.5000
    endloop
  endfacet
  facet normal -0.972549 -0.232698 0
    outer loop
      vertex 111.9020 20.6180 4.5000
      vertex 111.9750 20.3129 -1.1000
      vertex 111.9750 20.3129 4.5000
    endloop
  endfacet
  facet normal 0 0 1
    outer loop
      vertex 111.9020 20.6180 4.5000
      vertex 111.9750 20.3129 4.5000
      vertex 114.0420 21.3133 4.5000
    endloop
  endfacet
  facet normal 0 0 1
    outer loop
      vertex 111.9020 20.6180 4.5000
      vertex 114.0420 21.3133 4.5000
      vertex 113.7870 21.9295 4.5000
    endloop
  endfacet
  facet normal 0.522298 -0.852763 0
    outer loop
      vertex 111.9290 16.2132 0.0000
      vertex 112.4980 16.5617 0.0000
      vertex 112.4980 16.5617 4.5000
    endloop
  endfacet
  facet normal 0.522298 -0.852763 0
    outer loop
      vertex 111.9290 16.2132 0.0000
      vertex 112.4980 16.5617 4.5000
      vertex 111.9290 16.2132 4.5000
    endloop
  endfacet
  facet normal 0 0 1
    outer loop
      vertex 111.9290 16.2132 0.0000
      vertex 121.5620 17.5019 0.0000
      vertex 112.4980 16.5617 0.0000
    endloop
  endfacet
  facet normal 0.522298 0.852763 0
    outer loop
      vertex 111.9290 23.7868 0.0000
      vertex 111.9290 23.7868 4.5000
      vertex 112.4980 23.4383 0.0000
    endloop
  endfacet
  facet normal 0 0 1
    outer loop
      vertex 111.9290 23.7868 0.0000
      vertex 112.4980 23.4383 0.0000
      vertex 123.0710 23.7868 0.0000
    endloop
  endfacet
  facet normal 0.522298 0.852763 0
    outer loop
      vertex 111.9290 23.7868 4.5000
      vertex 112.4980 23.4383 4.5000
      vertex 112.4980 23.4383 0.0000
    endloop
  endfacet
  facet normal -0.996823 0.079644 0
    outer loop
      vertex 111.9750 19.6871 -1.1000
      vertex 111.9750 19.6871 4.5000
      vertex 112.0000 20.0000 4.5000
    endloop
  endfacet
  facet normal 0 0 1
    outer loop
      vertex 111.9750 19.6871 -1.1000
      vertex 112.0000 20.0000 -1.1000
      vertex 111.9750 20.3129 -1.1000
    endloop
  endfacet
  facet normal -0.996823 0.079644 0
    outer loop
      vertex 111.9750 19.6871 -1.1000
      vertex 112.0000 20.0000 4.5000
      vertex 112.0000 20.0000 -1.1000
    endloop
  endfacet
  facet normal 0 0 1
    outer loop
      vertex 111.9750 19.6871 4.5000
      vertex 114.0420 18.6867 4.5000
      vertex 114.1980 19.3352 4.5000
    endloop
  endfacet
  facet normal 0 0 1
    outer loop
      vertex 111.9750 19.6871 4.5000
      vertex 114.1980 19.3352 4.5000
      vertex 112.0000 20.0000 4.5000
    endloop
  endfacet
  facet normal -0.996823 -0.079644 0
    outer loop
      vertex 111.9750 20.3129 -1.1000
      vertex 112.0000 20.0000 -1.1000
      vertex 111.9750 20.3129 4.5000
    endloop
  endfacet
  facet normal -0.996823 -0.079644 0
    outer loop
      vertex 111.9750 20.3129 4.5000
      vertex 112.0000 20.0000 -1.1000
      vertex 112.0000 20.0000 4.5000
    endloop
  endfacet
  facet normal 0 0 1
    outer loop
      vertex 111.9750 20.3129 4.5000
      vertex 112.0000 20.0000 4.5000
      vertex 114.1980 20.6648 4.5000
    endloop
  endfacet
  facet normal 0 0 1
    outer loop
      vertex 111.9750 20.3129 4.5000
      vertex 114.1980 20.6648 4.5000
      vertex 114.0420 21.3133 4.5000
    endloop
  endfacet
  facet normal 0 0 1
    outer loop
      vertex 112.0000 20.0000 4.5000
      vertex 114.1980 19.3352 4.5000
      vertex 114.2500 20.0000 4.5000
    endloop
  endfacet
  facet normal 0 0 1
    outer loop
      vertex 112.0000 20.0000 4.5000
      vertex 114.2500 20.0000 4.5000
      vertex 114.1980 20.6648 4.5000
    endloop
  endfacet
  facet normal 0.649518 -0.760346 0
    outer loop
      vertex 112.4980 16.5617 0.0000
      vertex 113.0050 16.9948 0.0000
      vertex 113.0050 16.9948 4.5000
    endloop
  endfacet
  facet normal 0.649518 -0.760346 0
    outer loop
      vertex 112.4980 16.5617 0.0000
      vertex 113.0050 16.9948 4.5000
      vertex 112.4980 16.5617 4.5000
    endloop
  endfacet
  facet normal 0 0 1
    outer loop
      vertex 112.4980 16.5617 0.0000
      vertex 121.5620 17.5019 0.0000
      vertex 113.0050 16.9948 0.0000
    endloop
  endfacet
  facet normal 0.649518 0.760346 0
    outer loop
      vertex 112.4980 23.4383 0.0000
      vertex 112.4980 23.4383 4.5000
      vertex 113.0050 23.0052 0.0000
    endloop
  endfacet
  facet normal 0 0 1
    outer loop
      vertex 112.4980 23.4383 0.0000
      vertex 113.0050 23.0052 0.0000
      vertex 122.5020 23.4383 0.0000
    endloop
  endfacet
  facet normal 0 0 1
    outer loop
      vertex 112.4980 23.4383 0.0000
      vertex 122.5020 23.4383 0.0000
      vertex 123.0710 23.7868 0.0000
    endloop
  endfacet
  facet normal 0.649518 0.760346 0
    outer loop
      vertex 112.4980 23.4383 4.5000
      vertex 113.0050 23.0052 4.5000
      vertex 113.0050 23.0052 0.0000
    endloop
  endfacet
  facet normal -0.996955 0.077981 0
    outer loop
      vertex 112.7500 -32.5000 0.0000
      vertex 112.7500 -32.5000 6.9500
      vertex 112.8020 -31.8352 6.9500
    endloop
  endfacet
  facet normal -0.996955 -0.077981 0
    outer loop
      vertex 112.7500 -32.5000 0.0000
      vertex 112.8020 -33.1648 0.0000
      vertex 112.7500 -32.5000 6.9500
    endloop
  endfacet
  facet normal -0.996955 0.077981 0
    outer loop
      vertex 112.7500 -32.5000 0.0000
      vertex 112.8020 -31.8352 6.9500
      vertex 112.8020 -31.8352 0.0000
    endloop
  endfacet
  facet normal -0.996955 -0.077981 0
    outer loop
      vertex 112.7500 -32.5000 6.9500
      vertex 112.8020 -33.1648 0.0000
      vertex 112.8020 -33.1648 6.9500
    endloop
  endfacet
  facet normal 0 0 1
    outer loop
      vertex 112.7500 -32.5000 6.9500
      vertex 112.8020 -33.1648 6.9500
      vertex 115.0000 -32.5000 6.9500
    endloop
  endfacet
  facet normal 0 0 1
    outer loop
      vertex 112.7500 -32.5000 6.9500
      vertex 115.0000 -32.5000 6.9500
      vertex 112.8020 -31.8352 6.9500
    endloop
  endfacet
  facet normal -0.972265 -0.233883 0
    outer loop
      vertex 112.8020 -33.1648 0.0000
      vertex 112.9580 -33.8133 0.0000
      vertex 112.8020 -33.1648 6.9500
    endloop
  endfacet
  facet normal -0.972265 -0.233883 0
    outer loop
      vertex 112.8020 -33.1648 6.9500
      vertex 112.9580 -33.8133 0.0000
      vertex 112.9580 -33.8133 6.9500
    endloop
  endfacet
  facet normal 0 0 1
    outer loop
      vertex 112.8020 -33.1648 6.9500
      vertex 112.9580 -33.8133 6.9500
      vertex 115.0250 -32.8129 6.9500
    endloop
  endfacet
  facet normal 0 0 1
    outer loop
      vertex 112.8020 -33.1648 6.9500
      vertex 115.0250 -32.8129 6.9500
      vertex 115.0000 -32.5000 6.9500
    endloop
  endfacet
  facet normal -0.972265 0.233883 0
    outer loop
      vertex 112.8020 -31.8352 0.0000
      vertex 112.8020 -31.8352 6.9500
      vertex 112.9580 -31.1867 6.9500
    endloop
  endfacet
  facet normal -0.972265 0.233883 0
    outer loop
      vertex 112.8020 -31.8352 0.0000
      vertex 112.9580 -31.1867 6.9500
      vertex 112.9580 -31.1867 0.0000
    endloop
  endfacet
  facet normal 0 0 1
    outer loop
      vertex 112.8020 -31.8352 6.9500
      vertex 115.0000 -32.5000 6.9500
      vertex 115.0250 -32.1871 6.9500
    endloop
  endfacet
  facet normal 0 0 1
    outer loop
      vertex 112.8020 -31.8352 6.9500
      vertex 115.0250 -32.1871 6.9500
      vertex 112.9580 -31.1867 6.9500
    endloop
  endfacet
  facet normal -0.924006 -0.382378 0
    outer loop
      vertex 112.9580 -33.8133 0.0000
      vertex 113.2130 -34.4295 0.0000
      vertex 112.9580 -33.8133 6.9500
    endloop
  endfacet
  facet normal -0.924006 -0.382378 0
    outer loop
      vertex 112.9580 -33.8133 6.9500
      vertex 113.2130 -34.4295 0.0000
      vertex 113.2130 -34.4295 6.9500
    endloop
  endfacet
  facet normal 0 0 1
    outer loop
      vertex 112.9580 -33.8133 6.9500
      vertex 113.2130 -34.4295 6.9500
      vertex 115.0980 -33.1180 6.9500
    endloop
  endfacet
  facet normal 0 0 1
    outer loop
      vertex 112.9580 -33.8133 6.9500
      vertex 115.0980 -33.1180 6.9500
      vertex 115.0250 -32.8129 6.9500
    endloop
  endfacet
  facet normal -0.924006 0.382378 0
    outer loop
      vertex 112.9580 -31.1867 0.0000
      vertex 112.9580 -31.1867 6.9500
      vertex 113.2130 -30.5705 6.9500
    endloop
  endfacet
  facet normal -0.924006 0.382378 0
    outer loop
      vertex 112.9580 -31.1867 0.0000
      vertex 113.2130 -30.5705 6.9500
      vertex 113.2130 -30.5705 0.0000
    endloop
  endfacet
  facet normal 0 0 1
    outer loop
      vertex 112.9580 -31.1867 6.9500
      vertex 115.0250 -32.1871 6.9500
      vertex 115.0980 -31.8820 6.9500
    endloop
  endfacet
  facet normal 0 0 1
    outer loop
      vertex 112.9580 -31.1867 6.9500
      vertex 115.0980 -31.8820 6.9500
      vertex 113.2130 -30.5705 6.9500
    endloop
  endfacet
  facet normal 0.760483 -0.649358 0
    outer loop
      vertex 113.0050 16.9948 0.0000
      vertex 113.4380 17.5019 0.0000
      vertex 113.0050 16.9948 4.5000
    endloop
  endfacet
  facet normal 0 0 1
    outer loop
      vertex 113.0050 16.9948 0.0000
      vertex 121.5620 17.5019 0.0000
      vertex 113.4380 17.5019 0.0000
    endloop
  endfacet
  facet normal 0.760483 -0.649358 0
    outer loop
      vertex 113.0050 16.9948 4.5000
      vertex 113.4380 17.5019 0.0000
      vertex 113.4380 17.5019 4.5000
    endloop
  endfacet
  facet normal 0.760483 0.649358 0
    outer loop
      vertex 113.0050 23.0052 0.0000
      vertex 113.0050 23.0052 4.5000
      vertex 113.4380 22.4981 4.5000
    endloop
  endfacet
  facet normal 0 0 1
    outer loop
      vertex 113.0050 23.0052 0.0000
      vertex 113.4380 22.4981 0.0000
      vertex 121.9950 23.0052 0.0000
    endloop
  endfacet
  facet normal 0.760483 0.649358 0
    outer loop
      vertex 113.0050 23.0052 0.0000
      vertex 113.4380 22.4981 4.5000
      vertex 113.4380 22.4981 0.0000
    endloop
  endfacet
  facet normal 0 0 1
    outer loop
      vertex 113.0050 23.0052 0.0000
      vertex 121.9950 23.0052 0.0000
      vertex 122.5020 23.4383 0.0000
    endloop
  endfacet
  facet normal -0.852265 -0.52311 0
    outer loop
      vertex 113.2130 -34.4295 0.0000
      vertex 113.5620 -34.9981 0.0000
      vertex 113.2130 -34.4295 6.9500
    endloop
  endfacet
  facet normal -0.852265 -0.52311 0
    outer loop
      vertex 113.2130 -34.4295 6.9500
      vertex 113.5620 -34.9981 0.0000
      vertex 113.5620 -34.9981 6.9500
    endloop
  endfacet
  facet normal 0 0 1
    outer loop
      vertex 113.2130 -34.4295 6.9500
      vertex 113.5620 -34.9981 6.9500
      vertex 115.2180 -33.4080 6.9500
    endloop
  endfacet
  facet normal 0 0 1
    outer loop
      vertex 113.2130 -34.4295 6.9500
      vertex 115.2180 -33.4080 6.9500
      vertex 115.0980 -33.1180 6.9500
    endloop
  endfacet
  facet normal -0.852265 0.52311 0
    outer loop
      vertex 113.2130 -30.5705 0.0000
      vertex 113.2130 -30.5705 6.9500
      vertex 113.5620 -30.0019 6.9500
    endloop
  endfacet
  facet normal -0.852265 0.52311 0
    outer loop
      vertex 113.2130 -30.5705 0.0000
      vertex 113.5620 -30.0019 6.9500
      vertex 113.5620 -30.0019 0.0000
    endloop
  endfacet
  facet normal 0 0 1
    outer loop
      vertex 113.2130 -30.5705 6.9500
      vertex 115.0980 -31.8820 6.9500
      vertex 115.2180 -31.5920 6.9500
    endloop
  endfacet
  facet normal 0 0 1
    outer loop
      vertex 113.2130 -30.5705 6.9500
      vertex 115.2180 -31.5920 6.9500
      vertex 113.5620 -30.0019 6.9500
    endloop
  endfacet
  facet normal 0.852265 -0.52311 0
    outer loop
      vertex 113.4380 17.5019 0.0000
      vertex 113.7870 18.0705 0.0000
      vertex 113.4380 17.5019 4.5000
    endloop
  endfacet
  facet normal 0 0 1
    outer loop
      vertex 113.4380 17.5019 0.0000
      vertex 121.2130 18.0705 0.0000
      vertex 113.7870 18.0705 0.0000
    endloop
  endfacet
  facet normal 0 0 1
    outer loop
      vertex 113.4380 17.5019 0.0000
      vertex 121.5620 17.5019 0.0000
      vertex 121.2130 18.0705 0.0000
    endloop
  endfacet
  facet normal 0.852265 -0.52311 0
    outer loop
      vertex 113.4380 17.5019 4.5000
      vertex 113.7870 18.0705 0.0000
      vertex 113.7870 18.0705 4.5000
    endloop
  endfacet
  facet normal 0.852265 0.52311 0
    outer loop
      vertex 113.4380 22.4981 0.0000
      vertex 113.4380 22.4981 4.5000
      vertex 113.7870 21.9295 4.5000
    endloop
  endfacet
  facet normal 0 0 1
    outer loop
      vertex 113.4380 22.4981 0.0000
      vertex 113.7870 21.9295 0.0000
      vertex 121.5620 22.4981 0.0000
    endloop
  endfacet
  facet normal 0.852265 0.52311 0
    outer loop
      vertex 113.4380 22.4981 0.0000
      vertex 113.7870 21.9295 4.5000
      vertex 113.7870 21.9295 0.0000
    endloop
  endfacet
  facet normal 0 0 1
    outer loop
      vertex 113.4380 22.4981 0.0000
      vertex 121.5620 22.4981 0.0000
      vertex 121.9950 23.0052 0.0000
    endloop
  endfacet
  facet normal -0.760483 -0.649358 0
    outer loop
      vertex 113.5620 -34.9981 0.0000
      vertex 113.9950 -35.5052 0.0000
      vertex 113.5620 -34.9981 6.9500
    endloop
  endfacet
  facet normal -0.760483 -0.649358 0
    outer loop
      vertex 113.5620 -34.9981 6.9500
      vertex 113.9950 -35.5052 0.0000
      vertex 113.9950 -35.5052 6.9500
    endloop
  endfacet
  facet normal 0 0 1
    outer loop
      vertex 113.5620 -34.9981 6.9500
      vertex 113.9950 -35.5052 6.9500
      vertex 115.3820 -33.6756 6.9500
    endloop
  endfacet
  facet normal 0 0 1
    outer loop
      vertex 113.5620 -34.9981 6.9500
      vertex 115.3820 -33.6756 6.9500
      vertex 115.2180 -33.4080 6.9500
    endloop
  endfacet
  facet normal -0.760483 0.649358 0
    outer loop
      vertex 113.5620 -30.0019 0.0000
      vertex 113.5620 -30.0019 6.9500
      vertex 113.9950 -29.4948 6.9500
    endloop
  endfacet
  facet normal -0.760483 0.649358 0
    outer loop
      vertex 113.5620 -30.0019 0.0000
      vertex 113.9950 -29.4948 6.9500
      vertex 113.9950 -29.4948 0.0000
    endloop
  endfacet
  facet normal 0 0 1
    outer loop
      vertex 113.5620 -30.0019 6.9500
      vertex 115.2180 -31.5920 6.9500
      vertex 115.3820 -31.3244 6.9500
    endloop
  endfacet
  facet normal 0 0 1
    outer loop
      vertex 113.5620 -30.0019 6.9500
      vertex 115.3820 -31.3244 6.9500
      vertex 113.9950 -29.4948 6.9500
    endloop
  endfacet
  facet normal 0.924006 -0.382378 0
    outer loop
      vertex 113.7870 18.0705 0.0000
      vertex 114.0420 18.6867 0.0000
      vertex 113.7870 18.0705 4.5000
    endloop
  endfacet
  facet normal 0 0 1
    outer loop
      vertex 113.7870 18.0705 0.0000
      vertex 120.9580 18.6867 0.0000
      vertex 114.0420 18.6867 0.0000
    endloop
  endfacet
  facet normal 0 0 1
    outer loop
      vertex 113.7870 18.0705 0.0000
      vertex 121.2130 18.0705 0.0000
      vertex 120.9580 18.6867 0.0000
    endloop
  endfacet
  facet normal 0.924006 -0.382378 0
    outer loop
      vertex 113.7870 18.0705 4.5000
      vertex 114.0420 18.6867 0.0000
      vertex 114.0420 18.6867 4.5000
    endloop
  endfacet
  facet normal 0.924006 0.382378 0
    outer loop
      vertex 113.7870 21.9295 0.0000
      vertex 113.7870 21.9295 4.5000
      vertex 114.0420 21.3133 4.5000
    endloop
  endfacet
  facet normal 0 0 1
    outer loop
      vertex 113.7870 21.9295 0.0000
      vertex 114.0420 21.3133 0.0000
      vertex 121.2130 21.9295 0.0000
    endloop
  endfacet
  facet normal 0.924006 0.382378 0
    outer loop
      vertex 113.7870 21.9295 0.0000
      vertex 114.0420 21.3133 4.5000
      vertex 114.0420 21.3133 0.0000
    endloop
  endfacet
  facet normal 0 0 1
    outer loop
      vertex 113.7870 21.9295 0.0000
      vertex 121.2130 21.9295 0.0000
      vertex 121.5620 22.4981 0.0000
    endloop
  endfacet
  facet normal -0.649518 -0.760346 0
    outer loop
      vertex 113.9950 -35.5052 0.0000
      vertex 114.5020 -35.9383 0.0000
      vertex 114.5020 -35.9383 6.9500
    endloop
  endfacet
  facet normal -0.649518 -0.760346 0
    outer loop
      vertex 113.9950 -35.5052 0.0000
      vertex 114.5020 -35.9383 6.9500
      vertex 113.9950 -35.5052 6.9500
    endloop
  endfacet
  facet normal 0 0 1
    outer loop
      vertex 113.9950 -35.5052 6.9500
      vertex 114.5020 -35.9383 6.9500
      vertex 115.5860 -33.9142 6.9500
    endloop
  endfacet
  facet normal 0 0 1
    outer loop
      vertex 113.9950 -35.5052 6.9500
      vertex 115.5860 -33.9142 6.9500
      vertex 115.3820 -33.6756 6.9500
    endloop
  endfacet
  facet normal -0.649518 0.760346 0
    outer loop
      vertex 113.9950 -29.4948 0.0000
      vertex 113.9950 -29.4948 6.9500
      vertex 114.5020 -29.0617 0.0000
    endloop
  endfacet
  facet normal -0.649518 0.760346 0
    outer loop
      vertex 113.9950 -29.4948 6.9500
      vertex 114.5020 -29.0617 6.9500
      vertex 114.5020 -29.0617 0.0000
    endloop
  endfacet
  facet normal 0 0 1
    outer loop
      vertex 113.9950 -29.4948 6.9500
      vertex 115.3820 -31.3244 6.9500
      vertex 115.5860 -31.0858 6.9500
    endloop
  endfacet
  facet normal 0 0 1
    outer loop
      vertex 113.9950 -29.4948 6.9500
      vertex 115.5860 -31.0858 6.9500
      vertex 114.5020 -29.0617 6.9500
    endloop
  endfacet
  facet normal 0.972265 -0.233883 0
    outer loop
      vertex 114.0420 18.6867 0.0000
      vertex 114.1980 19.3352 0.0000
      vertex 114.0420 18.6867 4.5000
    endloop
  endfacet
  facet normal 0 0 1
    outer loop
      vertex 114.0420 18.6867 0.0000
      vertex 120.8020 19.3352 0.0000
      vertex 114.1980 19.3352 0.0000
    endloop
  endfacet
  facet normal 0 0 1
    outer loop
      vertex 114.0420 18.6867 0.0000
      vertex 120.9580 18.6867 0.0000
      vertex 120.8020 19.3352 0.0000
    endloop
  endfacet
  facet normal 0.972265 -0.233883 0
    outer loop
      vertex 114.0420 18.6867 4.5000
      vertex 114.1980 19.3352 0.0000
      vertex 114.1980 19.3352 4.5000
    endloop
  endfacet
  facet normal 0.972265 0.233883 0
    outer loop
      vertex 114.0420 21.3133 0.0000
      vertex 114.0420 21.3133 4.5000
      vertex 114.1980 20.6648 4.5000
    endloop
  endfacet
  facet normal 0 0 1
    outer loop
      vertex 114.0420 21.3133 0.0000
      vertex 114.1980 20.6648 0.0000
      vertex 120.9580 21.3133 0.0000
    endloop
  endfacet
  facet normal 0.972265 0.233883 0
    outer loop
      vertex 114.0420 21.3133 0.0000
      vertex 114.1980 20.6648 4.5000
      vertex 114.1980 20.6648 0.0000
    endloop
  endfacet
  facet normal 0 0 1
    outer loop
      vertex 114.0420 21.3133 0.0000
      vertex 120.9580 21.3133 0.0000
      vertex 121.2130 21.9295 0.0000
    endloop
  endfacet
  facet normal 0.996955 -0.077981 0
    outer loop
      vertex 114.1980 19.3352 0.0000
      vertex 114.2500 20.0000 0.0000
      vertex 114.1980 19.3352 4.5000
    endloop
  endfacet
  facet normal 0 0 1
    outer loop
      vertex 114.1980 19.3352 0.0000
      vertex 120.7500 20.0000 0.0000
      vertex 114.2500 20.0000 0.0000
    endloop
  endfacet
  facet normal 0 0 1
    outer loop
      vertex 114.1980 19.3352 0.0000
      vertex 120.8020 19.3352 0.0000
      vertex 120.7500 20.0000 0.0000
    endloop
  endfacet
  facet normal 0.996955 -0.077981 0
    outer loop
      vertex 114.1980 19.3352 4.5000
      vertex 114.2500 20.0000 0.0000
      vertex 114.2500 20.0000 4.5000
    endloop
  endfacet
  facet normal 0.996955 0.077981 0
    outer loop
      vertex 114.1980 20.6648 0.0000
      vertex 114.1980 20.6648 4.5000
      vertex 114.2500 20.0000 4.5000
    endloop
  endfacet
  facet normal 0 0 1
    outer loop
      vertex 114.1980 20.6648 0.0000
      vertex 114.2500 20.0000 0.0000
      vertex 120.8020 20.6648 0.0000
    endloop
  endfacet
  facet normal 0.996955 0.077981 0
    outer loop
      vertex 114.1980 20.6648 0.0000
      vertex 114.2500 20.0000 4.5000
      vertex 114.2500 20.0000 0.0000
    endloop
  endfacet
  facet normal 0 0 1
    outer loop
      vertex 114.1980 20.6648 0.0000
      vertex 120.8020 20.6648 0.0000
      vertex 120.9580 21.3133 0.0000
    endloop
  endfacet
  facet normal 0 0 1
    outer loop
      vertex 114.2500 20.0000 0.0000
      vertex 120.7500 20.0000 0.0000
      vertex 120.8020 20.6648 0.0000
    endloop
  endfacet
  facet normal -0.522298 -0.852763 0
    outer loop
      vertex 114.5020 -35.9383 0.0000
      vertex 115.0710 -36.2868 0.0000
      vertex 115.0710 -36.2868 6.9500
    endloop
  endfacet
  facet normal -0.522298 -0.852763 0
    outer loop
      vertex 114.5020 -35.9383 0.0000
      vertex 115.0710 -36.2868 6.9500
      vertex 114.5020 -35.9383 6.9500
    endloop
  endfacet
  facet normal 0 0 1
    outer loop
      vertex 114.5020 -35.9383 0.0000
      vertex 131.9000 -79.0000 0.0000
      vertex 115.0710 -36.2868 0.0000
    endloop
  endfacet
  facet normal 0 0 1
    outer loop
      vertex 114.5020 -35.9383 6.9500
      vertex 115.0710 -36.2868 6.9500
      vertex 115.8240 -34.1180 6.9500
    endloop
  endfacet
  facet normal 0 0 1
    outer loop
      vertex 114.5020 -35.9383 6.9500
      vertex 115.8240 -34.1180 6.9500
      vertex 115.5860 -33.9142 6.9500
    endloop
  endfacet
  facet normal -0.522298 0.852763 0
    outer loop
      vertex 114.5020 -29.0617 0.0000
      vertex 114.5020 -29.0617 6.9500
      vertex 115.0710 -28.7132 0.0000
    endloop
  endfacet
  facet normal -0.522298 0.852763 0
    outer loop
      vertex 114.5020 -29.0617 6.9500
      vertex 115.0710 -28.7132 6.9500
      vertex 115.0710 -28.7132 0.0000
    endloop
  endfacet
  facet normal 0 0 1
    outer loop
      vertex 114.5020 -29.0617 6.9500
      vertex 115.5860 -31.0858 6.9500
      vertex 115.8240 -30.8820 6.9500
    endloop
  endfacet
  facet normal 0 0 1
    outer loop
      vertex 114.5020 -29.0617 6.9500
      vertex 115.8240 -30.8820 6.9500
      vertex 115.0710 -28.7132 6.9500
    endloop
  endfacet
  facet normal 0.996823 0.079644 0
    outer loop
      vertex 115.0000 -32.5000 1.4000
      vertex 115.0000 -32.5000 6.9500
      vertex 115.0250 -32.8129 6.9500
    endloop
  endfacet
  facet normal 0 0 1
    outer loop
      vertex 115.0000 -32.5000 1.4000
      vertex 115.0250 -32.8129 1.4000
      vertex 115.4000 -32.5000 1.4000
    endloop
  endfacet
  facet normal 0.996823 0.079644 0
    outer loop
      vertex 115.0000 -32.5000 1.4000
      vertex 115.0250 -32.8129 6.9500
      vertex 115.0250 -32.8129 1.4000
    endloop
  endfacet
  facet normal 0.996823 -0.079644 0
    outer loop
      vertex 115.0000 -32.5000 1.4000
      vertex 115.0250 -32.1871 1.4000
      vertex 115.0000 -32.5000 6.9500
    endloop
  endfacet
  facet normal 0 0 1
    outer loop
      vertex 115.0000 -32.5000 1.4000
      vertex 115.4000 -32.5000 1.4000
      vertex 115.0250 -32.1871 1.4000
    endloop
  endfacet
  facet normal 0.996823 -0.079644 0
    outer loop
      vertex 115.0000 -32.5000 6.9500
      vertex 115.0250 -32.1871 1.4000
      vertex 115.0250 -32.1871 6.9500
    endloop
  endfacet
  facet normal 0.972549 0.232698 0
    outer loop
      vertex 115.0250 -32.8129 1.4000
      vertex 115.0250 -32.8129 6.9500
      vertex 115.0980 -33.1180 6.9500
    endloop
  endfacet
  facet normal 0 0 1
    outer loop
      vertex 115.0250 -32.8129 1.4000
      vertex 115.0980 -33.1180 1.4000
      vertex 115.4350 -32.8327 1.4000
    endloop
  endfacet
  facet normal 0.972549 0.232698 0
    outer loop
      vertex 115.0250 -32.8129 1.4000
      vertex 115.0980 -33.1180 6.9500
      vertex 115.0980 -33.1180 1.4000
    endloop
  endfacet
  facet normal 0 0 1
    outer loop
      vertex 115.0250 -32.8129 1.4000
      vertex 115.4350 -32.8327 1.4000
      vertex 115.4000 -32.5000 1.4000
    endloop
  endfacet
  facet normal 0.972549 -0.232698 0
    outer loop
      vertex 115.0250 -32.1871 1.4000
      vertex 115.0980 -31.8820 1.4000
      vertex 115.0250 -32.1871 6.9500
    endloop
  endfacet
  facet normal 0 0 1
    outer loop
      vertex 115.0250 -32.1871 1.4000
      vertex 115.4000 -32.5000 1.4000
      vertex 115.4350 -32.1673 1.4000
    endloop
  endfacet
  facet normal 0 0 1
    outer loop
      vertex 115.0250 -32.1871 1.4000
      vertex 115.4350 -32.1673 1.4000
      vertex 115.0980 -31.8820 1.4000
    endloop
  endfacet
  facet normal 0.972549 -0.232698 0
    outer loop
      vertex 115.0250 -32.1871 6.9500
      vertex 115.0980 -31.8820 1.4000
      vertex 115.0980 -31.8820 6.9500
    endloop
  endfacet
  facet normal -0.38274 -0.923856 0
    outer loop
      vertex 115.0710 -36.2868 0.0000
      vertex 115.6870 -36.5420 0.0000
      vertex 115.6870 -36.5420 6.9500
    endloop
  endfacet
  facet normal -0.38274 -0.923856 0
    outer loop
      vertex 115.0710 -36.2868 0.0000
      vertex 115.6870 -36.5420 6.9500
      vertex 115.0710 -36.2868 6.9500
    endloop
  endfacet
  facet normal 0 0 1
    outer loop
      vertex 115.0710 -36.2868 0.0000
      vertex 131.9000 -79.0000 0.0000
      vertex 115.6870 -36.5420 0.0000
    endloop
  endfacet
  facet normal 0 0 1
    outer loop
      vertex 115.0710 -36.2868 6.9500
      vertex 115.6870 -36.5420 6.9500
      vertex 116.0920 -34.2820 6.9500
    endloop
  endfacet
  facet normal 0 0 1
    outer loop
      vertex 115.0710 -36.2868 6.9500
      vertex 116.0920 -34.2820 6.9500
      vertex 115.8240 -34.1180 6.9500
    endloop
  endfacet
  facet normal -0.38274 0.923856 0
    outer loop
      vertex 115.0710 -28.7132 0.0000
      vertex 115.0710 -28.7132 6.9500
      vertex 115.6870 -28.4580 0.0000
    endloop
  endfacet
  facet normal -0.38274 0.923856 0
    outer loop
      vertex 115.0710 -28.7132 6.9500
      vertex 115.6870 -28.4580 6.9500
      vertex 115.6870 -28.4580 0.0000
    endloop
  endfacet
  facet normal 0 0 1
    outer loop
      vertex 115.0710 -28.7132 6.9500
      vertex 115.8240 -30.8820 6.9500
      vertex 116.0920 -30.7180 6.9500
    endloop
  endfacet
  facet normal 0 0 1
    outer loop
      vertex 115.0710 -28.7132 6.9500
      vertex 116.0920 -30.7180 6.9500
      vertex 115.6870 -28.4580 6.9500
    endloop
  endfacet
  facet normal 0.924017 0.382352 0
    outer loop
      vertex 115.0980 -33.1180 1.4000
      vertex 115.0980 -33.1180 6.9500
      vertex 115.2180 -33.4080 6.9500
    endloop
  endfacet
  facet normal 0 0 1
    outer loop
      vertex 115.0980 -33.1180 1.4000
      vertex 115.2180 -33.4080 1.4000
      vertex 115.5380 -33.1508 1.4000
    endloop
  endfacet
  facet normal 0.924017 0.382352 0
    outer loop
      vertex 115.0980 -33.1180 1.4000
      vertex 115.2180 -33.4080 6.9500
      vertex 115.2180 -33.4080 1.4000
    endloop
  endfacet
  facet normal 0 0 1
    outer loop
      vertex 115.0980 -33.1180 1.4000
      vertex 115.5380 -33.1508 1.4000
      vertex 115.4350 -32.8327 1.4000
    endloop
  endfacet
  facet normal 0.924017 -0.382352 0
    outer loop
      vertex 115.0980 -31.8820 1.4000
      vertex 115.2180 -31.5920 1.4000
      vertex 115.0980 -31.8820 6.9500
    endloop
  endfacet
  facet normal 0 0 1
    outer loop
      vertex 115.0980 -31.8820 1.4000
      vertex 115.4350 -32.1673 1.4000
      vertex 115.5380 -31.8492 1.4000
    endloop
  endfacet
  facet normal 0 0 1
    outer loop
      vertex 115.0980 -31.8820 1.4000
      vertex 115.5380 -31.8492 1.4000
      vertex 115.2180 -31.5920 1.4000
    endloop
  endfacet
  facet normal 0.924017 -0.382352 0
    outer loop
      vertex 115.0980 -31.8820 6.9500
      vertex 115.2180 -31.5920 1.4000
      vertex 115.2180 -31.5920 6.9500
    endloop
  endfacet
  facet normal 0.85262 0.522532 0
    outer loop
      vertex 115.2180 -33.4080 1.4000
      vertex 115.2180 -33.4080 6.9500
      vertex 115.3820 -33.6756 6.9500
    endloop
  endfacet
  facet normal 0 0 1
    outer loop
      vertex 115.2180 -33.4080 1.4000
      vertex 115.3820 -33.6756 1.4000
      vertex 115.7060 -33.4405 1.4000
    endloop
  endfacet
  facet normal 0.85262 0.522532 0
    outer loop
      vertex 115.2180 -33.4080 1.4000
      vertex 115.3820 -33.6756 6.9500
      vertex 115.3820 -33.6756 1.4000
    endloop
  endfacet
  facet normal 0 0 1
    outer loop
      vertex 115.2180 -33.4080 1.4000
      vertex 115.7060 -33.4405 1.4000
      vertex 115.5380 -33.1508 1.4000
    endloop
  endfacet
  facet normal 0.85262 -0.522532 0
    outer loop
      vertex 115.2180 -31.5920 1.4000
      vertex 115.3820 -31.3244 1.4000
      vertex 115.2180 -31.5920 6.9500
    endloop
  endfacet
  facet normal 0 0 1
    outer loop
      vertex 115.2180 -31.5920 1.4000
      vertex 115.5380 -31.8492 1.4000
      vertex 115.7060 -31.5595 1.4000
    endloop
  endfacet
  facet normal 0 0 1
    outer loop
      vertex 115.2180 -31.5920 1.4000
      vertex 115.7060 -31.5595 1.4000
      vertex 115.3820 -31.3244 1.4000
    endloop
  endfacet
  facet normal 0.85262 -0.522532 0
    outer loop
      vertex 115.2180 -31.5920 6.9500
      vertex 115.3820 -31.3244 1.4000
      vertex 115.3820 -31.3244 6.9500
    endloop
  endfacet
  facet normal 0.760066 0.649846 0
    outer loop
      vertex 115.3820 -33.6756 1.4000
      vertex 115.3820 -33.6756 6.9500
      vertex 115.5860 -33.9142 6.9500
    endloop
  endfacet
  facet normal 0 0 1
    outer loop
      vertex 115.3820 -33.6756 1.4000
      vertex 115.5860 -33.9142 1.4000
      vertex 115.7060 -33.4405 1.4000
    endloop
  endfacet
  facet normal 0.760066 0.649846 0
    outer loop
      vertex 115.3820 -33.6756 1.4000
      vertex 115.5860 -33.9142 6.9500
      vertex 115.5860 -33.9142 1.4000
    endloop
  endfacet
  facet normal 0.760066 -0.649846 0
    outer loop
      vertex 115.3820 -31.3244 1.4000
      vertex 115.5860 -31.0858 1.4000
      vertex 115.3820 -31.3244 6.9500
    endloop
  endfacet
  facet normal 0 0 1
    outer loop
      vertex 115.3820 -31.3244 1.4000
      vertex 115.7060 -31.5595 1.4000
      vertex 115.5860 -31.0858 1.4000
    endloop
  endfacet
  facet normal 0.760066 -0.649846 0
    outer loop
      vertex 115.3820 -31.3244 6.9500
      vertex 115.5860 -31.0858 1.4000
      vertex 115.5860 -31.0858 6.9500
    endloop
  endfacet
  facet normal 0.994512 0.104623 0
    outer loop
      vertex 115.4000 -32.5000 -1.0000
      vertex 115.4000 -32.5000 1.4000
      vertex 115.4350 -32.8327 1.4000
    endloop
  endfacet
  facet normal 0 0 1
    outer loop
      vertex 115.4000 -32.5000 -1.0000
      vertex 115.4350 -32.8327 -1.0000
      vertex 115.4350 -32.1673 -1.0000
    endloop
  endfacet
  facet normal 0.994512 0.104623 0
    outer loop
      vertex 115.4000 -32.5000 -1.0000
      vertex 115.4350 -32.8327 1.4000
      vertex 115.4350 -32.8327 -1.0000
    endloop
  endfacet
  facet normal 0.994512 -0.104623 0
    outer loop
      vertex 115.4000 -32.5000 -1.0000
      vertex 115.4350 -32.1673 -1.0000
      vertex 115.4000 -32.5000 1.4000
    endloop
  endfacet
  facet normal 0.994512 -0.104623 0
    outer loop
      vertex 115.4000 -32.5000 1.4000
      vertex 115.4350 -32.1673 -1.0000
      vertex 115.4350 -32.1673 1.4000
    endloop
  endfacet
  facet normal 0.95137 0.308051 0
    outer loop
      vertex 115.4350 -32.8327 -1.0000
      vertex 115.4350 -32.8327 1.4000
      vertex 115.5380 -33.1508 1.4000
    endloop
  endfacet
  facet normal 0 0 1
    outer loop
      vertex 115.4350 -32.8327 -1.0000
      vertex 115.5380 -33.1508 -1.0000
      vertex 115.4350 -32.1673 -1.0000
    endloop
  endfacet
  facet normal 0.95137 0.308051 0
    outer loop
      vertex 115.4350 -32.8327 -1.0000
      vertex 115.5380 -33.1508 1.4000
      vertex 115.5380 -33.1508 -1.0000
    endloop
  endfacet
  facet normal 0 0 1
    outer loop
      vertex 115.4350 -32.1673 -1.0000
      vertex 115.5380 -33.1508 -1.0000
      vertex 115.5380 -31.8492 -1.0000
    endloop
  endfacet
  facet normal 0.95137 -0.308051 0
    outer loop
      vertex 115.4350 -32.1673 -1.0000
      vertex 115.5380 -31.8492 -1.0000
      vertex 115.4350 -32.1673 1.4000
    endloop
  endfacet
  facet normal 0.95137 -0.308051 0
    outer loop
      vertex 115.4350 -32.1673 1.4000
      vertex 115.5380 -31.8492 -1.0000
      vertex 115.5380 -31.8492 1.4000
    endloop
  endfacet
  facet normal 0.865065 0.50166 0
    outer loop
      vertex 115.5380 -33.1508 -1.0000
      vertex 115.5380 -33.1508 1.4000
      vertex 115.7060 -33.4405 1.4000
    endloop
  endfacet
  facet normal 0 0 1
    outer loop
      vertex 115.5380 -33.1508 -1.0000
      vertex 115.7060 -33.4405 -1.0000
      vertex 115.5380 -31.8492 -1.0000
    endloop
  endfacet
  facet normal 0.865065 0.50166 0
    outer loop
      vertex 115.5380 -33.1508 -1.0000
      vertex 115.7060 -33.4405 1.4000
      vertex 115.7060 -33.4405 -1.0000
    endloop
  endfacet
  facet normal 0 0 1
    outer loop
      vertex 115.5380 -31.8492 -1.0000
      vertex 115.7060 -33.4405 -1.0000
      vertex 115.7060 -31.5595 -1.0000
    endloop
  endfacet
  facet normal 0.865065 -0.50166 0
    outer loop
      vertex 115.5380 -31.8492 -1.0000
      vertex 115.7060 -31.5595 -1.0000
      vertex 115.5380 -31.8492 1.4000
    endloop
  endfacet
  facet normal 0.865065 -0.50166 0
    outer loop
      vertex 115.5380 -31.8492 1.4000
      vertex 115.7060 -31.5595 -1.0000
      vertex 115.7060 -31.5595 1.4000
    endloop
  endfacet
  facet normal 0.650423 0.759572 0
    outer loop
      vertex 115.5860 -33.9142 1.4000
      vertex 115.5860 -33.9142 6.9500
      vertex 115.8240 -34.1180 1.4000
    endloop
  endfacet
  facet normal 0 0 1
    outer loop
      vertex 115.5860 -33.9142 1.4000
      vertex 115.8240 -34.1180 1.4000
      vertex 115.9290 -33.6890 1.4000
    endloop
  endfacet
  facet normal 0 0 1
    outer loop
      vertex 115.5860 -33.9142 1.4000
      vertex 115.9290 -33.6890 1.4000
      vertex 115.7060 -33.4405 1.4000
    endloop
  endfacet
  facet normal 0.650423 0.759572 0
    outer loop
      vertex 115.5860 -33.9142 6.9500
      vertex 115.8240 -34.1180 6.9500
      vertex 115.8240 -34.1180 1.4000
    endloop
  endfacet
  facet normal 0 0 1
    outer loop
      vertex 115.5860 -31.0858 1.4000
      vertex 115.7060 -31.5595 1.4000
      vertex 115.9290 -31.3110 1.4000
    endloop
  endfacet
  facet normal 0.650423 -0.759572 0
    outer loop
      vertex 115.5860 -31.0858 1.4000
      vertex 115.8240 -30.8820 1.4000
      vertex 115.8240 -30.8820 6.9500
    endloop
  endfacet
  facet normal 0.650423 -0.759572 0
    outer loop
      vertex 115.5860 -31.0858 1.4000
      vertex 115.8240 -30.8820 6.9500
      vertex 115.5860 -31.0858 6.9500
    endloop
  endfacet
  facet normal 0 0 1
    outer loop
      vertex 115.5860 -31.0858 1.4000
      vertex 115.9290 -31.3110 1.4000
      vertex 115.8240 -30.8820 1.4000
    endloop
  endfacet
  facet normal -0.233628 -0.972326 0
    outer loop
      vertex 115.6870 -36.5420 0.0000
      vertex 116.3350 -36.6977 0.0000
      vertex 116.3350 -36.6977 6.9500
    endloop
  endfacet
  facet normal -0.233628 -0.972326 0
    outer loop
      vertex 115.6870 -36.5420 0.0000
      vertex 116.3350 -36.6977 6.9500
      vertex 115.6870 -36.5420 6.9500
    endloop
  endfacet
  facet normal 0 0 1
    outer loop
      vertex 115.6870 -36.5420 0.0000
      vertex 131.9000 -79.0000 0.0000
      vertex 135.0000 -55.6667 0.0000
    endloop
  endfacet
  facet normal 0 0 1
    outer loop
      vertex 115.6870 -36.5420 0.0000
      vertex 135.0000 -55.6667 0.0000
      vertex 116.3350 -36.6977 0.0000
    endloop
  endfacet
  facet normal 0 0 1
    outer loop
      vertex 115.6870 -36.5420 6.9500
      vertex 116.3350 -36.6977 6.9500
      vertex 116.3820 -34.4021 6.9500
    endloop
  endfacet
  facet normal 0 0 1
    outer loop
      vertex 115.6870 -36.5420 6.9500
      vertex 116.3820 -34.4021 6.9500
      vertex 116.0920 -34.2820 6.9500
    endloop
  endfacet
  facet normal -0.233628 0.972326 0
    outer loop
      vertex 115.6870 -28.4580 0.0000
      vertex 115.6870 -28.4580 6.9500
      vertex 116.3350 -28.3023 0.0000
    endloop
  endfacet
  facet normal 0 0 1
    outer loop
      vertex 115.6870 -28.4580 6.9500
      vertex 116.0920 -30.7180 6.9500
      vertex 116.3820 -30.5979 6.9500
    endloop
  endfacet
  facet normal -0.233628 0.972326 0
    outer loop
      vertex 115.6870 -28.4580 6.9500
      vertex 116.3350 -28.3023 6.9500
      vertex 116.3350 -28.3023 0.0000
    endloop
  endfacet
  facet normal 0 0 1
    outer loop
      vertex 115.6870 -28.4580 6.9500
      vertex 116.3820 -30.5979 6.9500
      vertex 116.3350 -28.3023 6.9500
    endloop
  endfacet
  facet normal 0.744261 0.667888 0
    outer loop
      vertex 115.7060 -33.4405 -1.0000
      vertex 115.7060 -33.4405 1.4000
      vertex 115.9290 -33.6890 1.4000
    endloop
  endfacet
  facet normal 0 0 1
    outer loop
      vertex 115.7060 -33.4405 -1.0000
      vertex 115.9290 -33.6890 -1.0000
      vertex 115.7060 -31.5595 -1.0000
    endloop
  endfacet
  facet normal 0.744261 0.667888 0
    outer loop
      vertex 115.7060 -33.4405 -1.0000
      vertex 115.9290 -33.6890 1.4000
      vertex 115.9290 -33.6890 -1.0000
    endloop
  endfacet
  facet normal 0 0 1
    outer loop
      vertex 115.7060 -31.5595 -1.0000
      vertex 115.9290 -33.6890 -1.0000
      vertex 115.9290 -31.3110 -1.0000
    endloop
  endfacet
  facet normal 0.744261 -0.667888 0
    outer loop
      vertex 115.7060 -31.5595 -1.0000
      vertex 115.9290 -31.3110 -1.0000
      vertex 115.7060 -31.5595 1.4000
    endloop
  endfacet
  facet normal 0.744261 -0.667888 0
    outer loop
      vertex 115.7060 -31.5595 1.4000
      vertex 115.9290 -31.3110 -1.0000
      vertex 115.9290 -31.3110 1.4000
    endloop
  endfacet
  facet normal 0.521965 0.852967 0
    outer loop
      vertex 115.8240 -34.1180 1.4000
      vertex 115.8240 -34.1180 6.9500
      vertex 116.0920 -34.2820 1.4000
    endloop
  endfacet
  facet normal 0 0 1
    outer loop
      vertex 115.8240 -34.1180 1.4000
      vertex 116.0920 -34.2820 1.4000
      vertex 116.2000 -33.8856 1.4000
    endloop
  endfacet
  facet normal 0 0 1
    outer loop
      vertex 115.8240 -34.1180 1.4000
      vertex 116.2000 -33.8856 1.4000
      vertex 115.9290 -33.6890 1.4000
    endloop
  endfacet
  facet normal 0.521965 0.852967 0
    outer loop
      vertex 115.8240 -34.1180 6.9500
      vertex 116.0920 -34.2820 6.9500
      vertex 116.0920 -34.2820 1.4000
    endloop
  endfacet
  facet normal 0 0 1
    outer loop
      vertex 115.8240 -30.8820 1.4000
      vertex 115.9290 -31.3110 1.4000
      vertex 116.2000 -31.1144 1.4000
    endloop
  endfacet
  facet normal 0.521965 -0.852967 0
    outer loop
      vertex 115.8240 -30.8820 1.4000
      vertex 116.0920 -30.7180 1.4000
      vertex 116.0920 -30.7180 6.9500
    endloop
  endfacet
  facet normal 0.521965 -0.852967 0
    outer loop
      vertex 115.8240 -30.8820 1.4000
      vertex 116.0920 -30.7180 6.9500
      vertex 115.8240 -30.8820 6.9500
    endloop
  endfacet
  facet normal 0 0 1
    outer loop
      vertex 115.8240 -30.8820 1.4000
      vertex 116.2000 -31.1144 1.4000
      vertex 116.0920 -30.7180 1.4000
    endloop
  endfacet
  facet normal 0.587212 0.809433 0
    outer loop
      vertex 115.9290 -33.6890 -1.0000
      vertex 115.9290 -33.6890 1.4000
      vertex 116.2000 -33.8856 -1.0000
    endloop
  endfacet
  facet normal 0 0 1
    outer loop
      vertex 115.9290 -33.6890 -1.0000
      vertex 116.2000 -33.8856 -1.0000
      vertex 115.9290 -31.3110 -1.0000
    endloop
  endfacet
  facet normal 0.587212 0.809433 0
    outer loop
      vertex 115.9290 -33.6890 1.4000
      vertex 116.2000 -33.8856 1.4000
      vertex 116.2000 -33.8856 -1.0000
    endloop
  endfacet
  facet normal 0 0 1
    outer loop
      vertex 115.9290 -31.3110 -1.0000
      vertex 116.2000 -33.8856 -1.0000
      vertex 116.2000 -31.1144 -1.0000
    endloop
  endfacet
  facet normal 0.587212 -0.809433 0
    outer loop
      vertex 115.9290 -31.3110 -1.0000
      vertex 116.2000 -31.1144 -1.0000
      vertex 116.2000 -31.1144 1.4000
    endloop
  endfacet
  facet normal 0.587212 -0.809433 0
    outer loop
      vertex 115.9290 -31.3110 -1.0000
      vertex 116.2000 -31.1144 1.4000
      vertex 115.9290 -31.3110 1.4000
    endloop
  endfacet
  facet normal 0.382624 0.923904 0
    outer loop
      vertex 116.0920 -34.2820 1.4000
      vertex 116.0920 -34.2820 6.9500
      vertex 116.3820 -34.4021 1.4000
    endloop
  endfacet
  facet normal 0 0 1
    outer loop
      vertex 116.0920 -34.2820 1.4000
      vertex 116.3820 -34.4021 1.4000
      vertex 116.5060 -34.0217 1.4000
    endloop
  endfacet
  facet normal 0 0 1
    outer loop
      vertex 116.0920 -34.2820 1.4000
      vertex 116.5060 -34.0217 1.4000
      vertex 116.2000 -33.8856 1.4000
    endloop
  endfacet
  facet normal 0.382624 0.923904 0
    outer loop
      vertex 116.0920 -34.2820 6.9500
      vertex 116.3820 -34.4021 6.9500
      vertex 116.3820 -34.4021 1.4000
    endloop
  endfacet
  facet normal 0 0 1
    outer loop
      vertex 116.0920 -30.7180 1.4000
      vertex 116.2000 -31.1144 1.4000
      vertex 116.5060 -30.9783 1.4000
    endloop
  endfacet
  facet normal 0.382624 -0.923904 0
    outer loop
      vertex 116.0920 -30.7180 1.4000
      vertex 116.3820 -30.5979 1.4000
      vertex 116.3820 -30.5979 6.9500
    endloop
  endfacet
  facet normal 0.382624 -0.923904 0
    outer loop
      vertex 116.0920 -30.7180 1.4000
      vertex 116.3820 -30.5979 6.9500
      vertex 116.0920 -30.7180 6.9500
    endloop
  endfacet
  facet normal 0 0 1
    outer loop
      vertex 116.0920 -30.7180 1.4000
      vertex 116.5060 -30.9783 1.4000
      vertex 116.3820 -30.5979 1.4000
    endloop
  endfacet
  facet normal 0.406388 0.913701 0
    outer loop
      vertex 116.2000 -33.8856 -1.0000
      vertex 116.2000 -33.8856 1.4000
      vertex 116.5060 -34.0217 -1.0000
    endloop
  endfacet
  facet normal 0 0 1
    outer loop
      vertex 116.2000 -33.8856 -1.0000
      vertex 116.5060 -34.0217 -1.0000
      vertex 116.2000 -31.1144 -1.0000
    endloop
  endfacet
  facet normal 0.406388 0.913701 0
    outer loop
      vertex 116.2000 -33.8856 1.4000
      vertex 116.5060 -34.0217 1.4000
      vertex 116.5060 -34.0217 -1.0000
    endloop
  endfacet
  facet normal 0 0 1
    outer loop
      vertex 116.2000 -31.1144 -1.0000
      vertex 116.5060 -34.0217 -1.0000
      vertex 116.5060 -30.9783 -1.0000
    endloop
  endfacet
  facet normal 0.406388 -0.913701 0
    outer loop
      vertex 116.2000 -31.1144 -1.0000
      vertex 116.5060 -30.9783 -1.0000
      vertex 116.5060 -30.9783 1.4000
    endloop
  endfacet
  facet normal 0.406388 -0.913701 0
    outer loop
      vertex 116.2000 -31.1144 -1.0000
      vertex 116.5060 -30.9783 1.4000
      vertex 116.2000 -31.1144 1.4000
    endloop
  endfacet
  facet normal -0.078405 -0.996922 0
    outer loop
      vertex 116.3350 -36.6977 0.0000
      vertex 117.0000 -36.7500 0.0000
      vertex 117.0000 -36.7500 6.9500
    endloop
  endfacet
  facet normal -0.078405 -0.996922 0
    outer loop
      vertex 116.3350 -36.6977 0.0000
      vertex 117.0000 -36.7500 6.9500
      vertex 116.3350 -36.6977 6.9500
    endloop
  endfacet
  facet normal 0 0 1
    outer loop
      vertex 116.3350 -36.6977 0.0000
      vertex 135.0000 -55.6667 0.0000
      vertex 117.0000 -36.7500 0.0000
    endloop
  endfacet
  facet normal 0 0 1
    outer loop
      vertex 116.3350 -36.6977 6.9500
      vertex 116.6870 -34.4754 6.9500
      vertex 116.3820 -34.4021 6.9500
    endloop
  endfacet
  facet normal 0 0 1
    outer loop
      vertex 116.3350 -36.6977 6.9500
      vertex 117.0000 -36.7500 6.9500
      vertex 116.6870 -34.4754 6.9500
    endloop
  endfacet
  facet normal -0.078405 0.996922 0
    outer loop
      vertex 116.3350 -28.3023 0.0000
      vertex 116.3350 -28.3023 6.9500
      vertex 117.0000 -28.2500 0.0000
    endloop
  endfacet
  facet normal 0 0 1
    outer loop
      vertex 116.3350 -28.3023 6.9500
      vertex 116.3820 -30.5979 6.9500
      vertex 116.6870 -30.5246 6.9500
    endloop
  endfacet
  facet normal 0 0 1
    outer loop
      vertex 116.3350 -28.3023 6.9500
      vertex 116.6870 -30.5246 6.9500
      vertex 117.0000 -28.2500 6.9500
    endloop
  endfacet
  facet normal -0.078405 0.996922 0
    outer loop
      vertex 116.3350 -28.3023 6.9500
      vertex 117.0000 -28.2500 6.9500
      vertex 117.0000 -28.2500 0.0000
    endloop
  endfacet
  facet normal 0.233674 0.972315 0
    outer loop
      vertex 116.3820 -34.4021 1.4000
      vertex 116.3820 -34.4021 6.9500
      vertex 116.6870 -34.4754 1.4000
    endloop
  endfacet
  facet normal 0 0 1
    outer loop
      vertex 116.3820 -34.4021 1.4000
      vertex 116.6870 -34.4754 1.4000
      vertex 116.5060 -34.0217 1.4000
    endloop
  endfacet
  facet normal 0.233674 0.972315 0
    outer loop
      vertex 116.3820 -34.4021 6.9500
      vertex 116.6870 -34.4754 6.9500
      vertex 116.6870 -34.4754 1.4000
    endloop
  endfacet
  facet normal 0 0 1
    outer loop
      vertex 116.3820 -30.5979 1.4000
      vertex 116.5060 -30.9783 1.4000
      vertex 116.6870 -30.5246 1.4000
    endloop
  endfacet
  facet normal 0.233674 -0.972315 0
    outer loop
      vertex 116.3820 -30.5979 1.4000
      vertex 116.6870 -30.5246 1.4000
      vertex 116.6870 -30.5246 6.9500
    endloop
  endfacet
  facet normal 0.233674 -0.972315 0
    outer loop
      vertex 116.3820 -30.5979 1.4000
      vertex 116.6870 -30.5246 6.9500
      vertex 116.3820 -30.5979 6.9500
    endloop
  endfacet
  facet normal 0.207895 0.978151 0
    outer loop
      vertex 116.5060 -34.0217 -1.0000
      vertex 116.5060 -34.0217 1.4000
      vertex 116.8330 -34.0912 -1.0000
    endloop
  endfacet
  facet normal 0 0 1
    outer loop
      vertex 116.5060 -34.0217 -1.0000
      vertex 116.8330 -34.0912 -1.0000
      vertex 116.5060 -30.9783 -1.0000
    endloop
  endfacet
  facet normal 0 0 1
    outer loop
      vertex 116.5060 -34.0217 1.4000
      vertex 116.6870 -34.4754 1.4000
      vertex 116.8330 -34.0912 1.4000
    endloop
  endfacet
  facet normal 0.207895 0.978151 0
    outer loop
      vertex 116.5060 -34.0217 1.4000
      vertex 116.8330 -34.0912 1.4000
      vertex 116.8330 -34.0912 -1.0000
    endloop
  endfacet
  facet normal 0 0 1
    outer loop
      vertex 116.5060 -30.9783 -1.0000
      vertex 116.8330 -34.0912 -1.0000
      vertex 116.8330 -30.9088 -1.0000
    endloop
  endfacet
  facet normal 0.207895 -0.978151 0
    outer loop
      vertex 116.5060 -30.9783 -1.0000
      vertex 116.8330 -30.9088 -1.0000
      vertex 116.8330 -30.9088 1.4000
    endloop
  endfacet
  facet normal 0.207895 -0.978151 0
    outer loop
      vertex 116.5060 -30.9783 -1.0000
      vertex 116.8330 -30.9088 1.4000
      vertex 116.5060 -30.9783 1.4000
    endloop
  endfacet
  facet normal 0 0 1
    outer loop
      vertex 116.5060 -30.9783 1.4000
      vertex 116.8330 -30.9088 1.4000
      vertex 116.6870 -30.5246 1.4000
    endloop
  endfacet
  facet normal 0.078353 0.996926 0
    outer loop
      vertex 116.6870 -34.4754 1.4000
      vertex 116.6870 -34.4754 6.9500
      vertex 117.0000 -34.5000 1.4000
    endloop
  endfacet
  facet normal 0 0 1
    outer loop
      vertex 116.6870 -34.4754 1.4000
      vertex 117.0000 -34.5000 1.4000
      vertex 116.8330 -34.0912 1.4000
    endloop
  endfacet
  facet normal 0 0 1
    outer loop
      vertex 116.6870 -34.4754 6.9500
      vertex 117.0000 -36.7500 6.9500
      vertex 117.0000 -34.5000 6.9500
    endloop
  endfacet
  facet normal 0.078353 0.996926 0
    outer loop
      vertex 116.6870 -34.4754 6.9500
      vertex 117.0000 -34.5000 6.9500
      vertex 117.0000 -34.5000 1.4000
    endloop
  endfacet
  facet normal 0 0 1
    outer loop
      vertex 116.6870 -30.5246 1.4000
      vertex 116.8330 -30.9088 1.4000
      vertex 117.0000 -30.5000 1.4000
    endloop
  endfacet
  facet normal 0.078353 -0.996926 0
    outer loop
      vertex 116.6870 -30.5246 1.4000
      vertex 117.0000 -30.5000 1.4000
      vertex 117.0000 -30.5000 6.9500
    endloop
  endfacet
  facet normal 0.078353 -0.996926 0
    outer loop
      vertex 116.6870 -30.5246 1.4000
      vertex 117.0000 -30.5000 6.9500
      vertex 116.6870 -30.5246 6.9500
    endloop
  endfacet
  facet normal 0 0 1
    outer loop
      vertex 116.6870 -30.5246 6.9500
      vertex 117.0000 -30.5000 6.9500
      vertex 117.0000 -28.2500 6.9500
    endloop
  endfacet
  facet normal 0 1 0
    outer loop
      vertex 116.8330 -34.0912 -1.0000
      vertex 116.8330 -34.0912 1.4000
      vertex 117.1670 -34.0912 -1.0000
    endloop
  endfacet
  facet normal 0 0 1
    outer loop
      vertex 116.8330 -34.0912 -1.0000
      vertex 117.1670 -34.0912 -1.0000
      vertex 116.8330 -30.9088 -1.0000
    endloop
  endfacet
  facet normal 0 0 1
    outer loop
      vertex 116.8330 -34.0912 1.4000
      vertex 117.0000 -34.5000 1.4000
      vertex 117.1670 -34.0912 1.4000
    endloop
  endfacet
  facet normal 0 1 0
    outer loop
      vertex 116.8330 -34.0912 1.4000
      vertex 117.1670 -34.0912 1.4000
      vertex 117.1670 -34.0912 -1.0000
    endloop
  endfacet
  facet normal 0 0 1
    outer loop
      vertex 116.8330 -30.9088 -1.0000
      vertex 117.1670 -34.0912 -1.0000
      vertex 117.1670 -30.9088 -1.0000
    endloop
  endfacet
  facet normal 0 -1 0
    outer loop
      vertex 116.8330 -30.9088 -1.0000
      vertex 117.1670 -30.9088 -1.0000
      vertex 117.1670 -30.9088 1.4000
    endloop
  endfacet
  facet normal 0 -1 0
    outer loop
      vertex 116.8330 -30.9088 -1.0000
      vertex 117.1670 -30.9088 1.4000
      vertex 116.8330 -30.9088 1.4000
    endloop
  endfacet
  facet normal 0 0 1
    outer loop
      vertex 116.8330 -30.9088 1.4000
      vertex 117.1670 -30.9088 1.4000
      vertex 117.0000 -30.5000 1.4000
    endloop
  endfacet
  facet normal 0.078405 -0.996922 0
    outer loop
      vertex 117.0000 -36.7500 0.0000
      vertex 117.6650 -36.6977 0.0000
      vertex 117.6650 -36.6977 6.9500
    endloop
  endfacet
  facet normal 0.078405 -0.996922 0
    outer loop
      vertex 117.0000 -36.7500 0.0000
      vertex 117.6650 -36.6977 6.9500
      vertex 117.0000 -36.7500 6.9500
    endloop
  endfacet
  facet normal 0 0 1
    outer loop
      vertex 117.0000 -36.7500 0.0000
      vertex 135.0000 -55.6667 0.0000
      vertex 117.6650 -36.6977 0.0000
    endloop
  endfacet
  facet normal 0 0 1
    outer loop
      vertex 117.0000 -36.7500 6.9500
      vertex 117.6650 -36.6977 6.9500
      vertex 117.0000 -34.5000 6.9500
    endloop
  endfacet
  facet normal -0.078353 0.996926 0
    outer loop
      vertex 117.0000 -34.5000 1.4000
      vertex 117.0000 -34.5000 6.9500
      vertex 117.3130 -34.4754 1.4000
    endloop
  endfacet
  facet normal 0 0 1
    outer loop
      vertex 117.0000 -34.5000 1.4000
      vertex 117.3130 -34.4754 1.4000
      vertex 117.1670 -34.0912 1.4000
    endloop
  endfacet
  facet normal -0.078353 0.996926 0
    outer loop
      vertex 117.0000 -34.5000 6.9500
      vertex 117.3130 -34.4754 6.9500
      vertex 117.3130 -34.4754 1.4000
    endloop
  endfacet
  facet normal 0 0 1
    outer loop
      vertex 117.0000 -34.5000 6.9500
      vertex 117.6650 -36.6977 6.9500
      vertex 117.3130 -34.4754 6.9500
    endloop
  endfacet
  facet normal 0 0 1
    outer loop
      vertex 117.0000 -30.5000 1.4000
      vertex 117.1670 -30.9088 1.4000
      vertex 117.3130 -30.5246 1.4000
    endloop
  endfacet
  facet normal -0.078353 -0.996926 0
    outer loop
      vertex 117.0000 -30.5000 1.4000
      vertex 117.3130 -30.5246 1.4000
      vertex 117.3130 -30.5246 6.9500
    endloop
  endfacet
  facet normal -0.078353 -0.996926 0
    outer loop
      vertex 117.0000 -30.5000 1.4000
      vertex 117.3130 -30.5246 6.9500
      vertex 117.0000 -30.5000 6.9500
    endloop
  endfacet
  facet normal 0 0 1
    outer loop
      vertex 117.0000 -30.5000 6.9500
      vertex 117.3130 -30.5246 6.9500
      vertex 117.0000 -28.2500 6.9500
    endloop
  endfacet
  facet normal 0.078405 0.996922 0
    outer loop
      vertex 117.0000 -28.2500 0.0000
      vertex 117.0000 -28.2500 6.9500
      vertex 117.6650 -28.3023 0.0000
    endloop
  endfacet
  facet normal 0 0 1
    outer loop
      vertex 117.0000 -28.2500 6.9500
      vertex 117.3130 -30.5246 6.9500
      vertex 117.6650 -28.3023 6.9500
    endloop
  endfacet
  facet normal 0.078405 0.996922 0
    outer loop
      vertex 117.0000 -28.2500 6.9500
      vertex 117.6650 -28.3023 6.9500
      vertex 117.6650 -28.3023 0.0000
    endloop
  endfacet
  facet normal -0.207895 0.978151 0
    outer loop
      vertex 117.1670 -34.0912 -1.0000
      vertex 117.1670 -34.0912 1.4000
      vertex 117.4940 -34.0217 -1.0000
    endloop
  endfacet
  facet normal 0 0 1
    outer loop
      vertex 117.1670 -34.0912 -1.0000
      vertex 117.4940 -34.0217 -1.0000
      vertex 117.1670 -30.9088 -1.0000
    endloop
  endfacet
  facet normal 0 0 1
    outer loop
      vertex 117.1670 -34.0912 1.4000
      vertex 117.3130 -34.4754 1.4000
      vertex 117.4940 -34.0217 1.4000
    endloop
  endfacet
  facet normal -0.207895 0.978151 0
    outer loop
      vertex 117.1670 -34.0912 1.4000
      vertex 117.4940 -34.0217 1.4000
      vertex 117.4940 -34.0217 -1.0000
    endloop
  endfacet
  facet normal 0 0 1
    outer loop
      vertex 117.1670 -30.9088 -1.0000
      vertex 117.4940 -34.0217 -1.0000
      vertex 117.4940 -30.9783 -1.0000
    endloop
  endfacet
  facet normal -0.207895 -0.978151 0
    outer loop
      vertex 117.1670 -30.9088 -1.0000
      vertex 117.4940 -30.9783 -1.0000
      vertex 117.4940 -30.9783 1.4000
    endloop
  endfacet
  facet normal -0.207895 -0.978151 0
    outer loop
      vertex 117.1670 -30.9088 -1.0000
      vertex 117.4940 -30.9783 1.4000
      vertex 117.1670 -30.9088 1.4000
    endloop
  endfacet
  facet normal 0 0 1
    outer loop
      vertex 117.1670 -30.9088 1.4000
      vertex 117.4940 -30.9783 1.4000
      vertex 117.3130 -30.5246 1.4000
    endloop
  endfacet
  facet normal -0.233674 0.972315 0
    outer loop
      vertex 117.3130 -34.4754 1.4000
      vertex 117.3130 -34.4754 6.9500
      vertex 117.6180 -34.4021 1.4000
    endloop
  endfacet
  facet normal 0 0 1
    outer loop
      vertex 117.3130 -34.4754 1.4000
      vertex 117.6180 -34.4021 1.4000
      vertex 117.4940 -34.0217 1.4000
    endloop
  endfacet
  facet normal -0.233674 0.972315 0
    outer loop
      vertex 117.3130 -34.4754 6.9500
      vertex 117.6180 -34.4021 6.9500
      vertex 117.6180 -34.4021 1.4000
    endloop
  endfacet
  facet normal 0 0 1
    outer loop
      vertex 117.3130 -34.4754 6.9500
      vertex 117.6650 -36.6977 6.9500
      vertex 117.6180 -34.4021 6.9500
    endloop
  endfacet
  facet normal 0 0 1
    outer loop
      vertex 117.3130 -30.5246 1.4000
      vertex 117.4940 -30.9783 1.4000
      vertex 117.6180 -30.5979 1.4000
    endloop
  endfacet
  facet normal -0.233674 -0.972315 0
    outer loop
      vertex 117.3130 -30.5246 1.4000
      vertex 117.6180 -30.5979 1.4000
      vertex 117.6180 -30.5979 6.9500
    endloop
  endfacet
  facet normal -0.233674 -0.972315 0
    outer loop
      vertex 117.3130 -30.5246 1.4000
      vertex 117.6180 -30.5979 6.9500
      vertex 117.3130 -30.5246 6.9500
    endloop
  endfacet
  facet normal 0 0 1
    outer loop
      vertex 117.3130 -30.5246 6.9500
      vertex 117.6180 -30.5979 6.9500
      vertex 117.6650 -28.3023 6.9500
    endloop
  endfacet
  facet normal -0.406388 0.913701 0
    outer loop
      vertex 117.4940 -34.0217 -1.0000
      vertex 117.4940 -34.0217 1.4000
      vertex 117.8000 -33.8856 -1.0000
    endloop
  endfacet
  facet normal 0 0 1
    outer loop
      vertex 117.4940 -34.0217 -1.0000
      vertex 117.8000 -33.8856 -1.0000
      vertex 117.4940 -30.9783 -1.0000
    endloop
  endfacet
  facet normal 0 0 1
    outer loop
      vertex 117.4940 -34.0217 1.4000
      vertex 117.6180 -34.4021 1.4000
      vertex 117.9080 -34.2820 1.4000
    endloop
  endfacet
  facet normal -0.406388 0.913701 0
    outer loop
      vertex 117.4940 -34.0217 1.4000
      vertex 117.8000 -33.8856 1.4000
      vertex 117.8000 -33.8856 -1.0000
    endloop
  endfacet
  facet normal 0 0 1
    outer loop
      vertex 117.4940 -34.0217 1.4000
      vertex 117.9080 -34.2820 1.4000
      vertex 117.8000 -33.8856 1.4000
    endloop
  endfacet
  facet normal 0 0 1
    outer loop
      vertex 117.4940 -30.9783 -1.0000
      vertex 117.8000 -33.8856 -1.0000
      vertex 117.8000 -31.1144 -1.0000
    endloop
  endfacet
  facet normal -0.406388 -0.913701 0
    outer loop
      vertex 117.4940 -30.9783 -1.0000
      vertex 117.8000 -31.1144 -1.0000
      vertex 117.8000 -31.1144 1.4000
    endloop
  endfacet
  facet normal -0.406388 -0.913701 0
    outer loop
      vertex 117.4940 -30.9783 -1.0000
      vertex 117.8000 -31.1144 1.4000
      vertex 117.4940 -30.9783 1.4000
    endloop
  endfacet
  facet normal 0 0 1
    outer loop
      vertex 117.4940 -30.9783 1.4000
      vertex 117.8000 -31.1144 1.4000
      vertex 117.9080 -30.7180 1.4000
    endloop
  endfacet
  facet normal 0 0 1
    outer loop
      vertex 117.4940 -30.9783 1.4000
      vertex 117.9080 -30.7180 1.4000
      vertex 117.6180 -30.5979 1.4000
    endloop
  endfacet
  facet normal -0.382624 0.923904 0
    outer loop
      vertex 117.6180 -34.4021 1.4000
      vertex 117.6180 -34.4021 6.9500
      vertex 117.9080 -34.2820 1.4000
    endloop
  endfacet
  facet normal 0 0 1
    outer loop
      vertex 117.6180 -34.4021 6.9500
      vertex 117.6650 -36.6977 6.9500
      vertex 118.3130 -36.5420 6.9500
    endloop
  endfacet
  facet normal -0.382624 0.923904 0
    outer loop
      vertex 117.6180 -34.4021 6.9500
      vertex 117.9080 -34.2820 6.9500
      vertex 117.9080 -34.2820 1.4000
    endloop
  endfacet
  facet normal 0 0 1
    outer loop
      vertex 117.6180 -34.4021 6.9500
      vertex 118.3130 -36.5420 6.9500
      vertex 117.9080 -34.2820 6.9500
    endloop
  endfacet
  facet normal -0.382624 -0.923904 0
    outer loop
      vertex 117.6180 -30.5979 1.4000
      vertex 117.9080 -30.7180 1.4000
      vertex 117.9080 -30.7180 6.9500
    endloop
  endfacet
  facet normal -0.382624 -0.923904 0
    outer loop
      vertex 117.6180 -30.5979 1.4000
      vertex 117.9080 -30.7180 6.9500
      vertex 117.6180 -30.5979 6.9500
    endloop
  endfacet
  facet normal 0 0 1
    outer loop
      vertex 117.6180 -30.5979 6.9500
      vertex 117.9080 -30.7180 6.9500
      vertex 118.3130 -28.4580 6.9500
    endloop
  endfacet
  facet normal 0 0 1
    outer loop
      vertex 117.6180 -30.5979 6.9500
      vertex 118.3130 -28.4580 6.9500
      vertex 117.6650 -28.3023 6.9500
    endloop
  endfacet
  facet normal 0.233628 -0.972326 0
    outer loop
      vertex 117.6650 -36.6977 0.0000
      vertex 118.3130 -36.5420 0.0000
      vertex 118.3130 -36.5420 6.9500
    endloop
  endfacet
  facet normal 0.233628 -0.972326 0
    outer loop
      vertex 117.6650 -36.6977 0.0000
      vertex 118.3130 -36.5420 6.9500
      vertex 117.6650 -36.6977 6.9500
    endloop
  endfacet
  facet normal 0 0 1
    outer loop
      vertex 117.6650 -36.6977 0.0000
      vertex 135.0000 -55.6667 0.0000
      vertex 135.0000 -49.6667 0.0000
    endloop
  endfacet
  facet normal 0 0 1
    outer loop
      vertex 117.6650 -36.6977 0.0000
      vertex 135.0000 -49.6667 0.0000
      vertex 118.3130 -36.5420 0.0000
    endloop
  endfacet
  facet normal 0.233628 0.972326 0
    outer loop
      vertex 117.6650 -28.3023 0.0000
      vertex 117.6650 -28.3023 6.9500
      vertex 118.3130 -28.4580 0.0000
    endloop
  endfacet
  facet normal 0 0 1
    outer loop
      vertex 117.6650 -28.3023 0.0000
      vertex 118.3130 -28.4580 0.0000
      vertex 121.5620 17.5019 0.0000
    endloop
  endfacet
  facet normal 0.233628 0.972326 0
    outer loop
      vertex 117.6650 -28.3023 6.9500
      vertex 118.3130 -28.4580 6.9500
      vertex 118.3130 -28.4580 0.0000
    endloop
  endfacet
  facet normal -0.587212 0.809433 0
    outer loop
      vertex 117.8000 -33.8856 -1.0000
      vertex 117.8000 -33.8856 1.4000
      vertex 118.0710 -33.6890 -1.0000
    endloop
  endfacet
  facet normal 0 0 1
    outer loop
      vertex 117.8000 -33.8856 -1.0000
      vertex 118.0710 -33.6890 -1.0000
      vertex 117.8000 -31.1144 -1.0000
    endloop
  endfacet
  facet normal 0 0 1
    outer loop
      vertex 117.8000 -33.8856 1.4000
      vertex 117.9080 -34.2820 1.4000
      vertex 118.1760 -34.1180 1.4000
    endloop
  endfacet
  facet normal -0.587212 0.809433 0
    outer loop
      vertex 117.8000 -33.8856 1.4000
      vertex 118.0710 -33.6890 1.4000
      vertex 118.0710 -33.6890 -1.0000
    endloop
  endfacet
  facet normal 0 0 1
    outer loop
      vertex 117.8000 -33.8856 1.4000
      vertex 118.1760 -34.1180 1.4000
      vertex 118.0710 -33.6890 1.4000
    endloop
  endfacet
  facet normal 0 0 1
    outer loop
      vertex 117.8000 -31.1144 -1.0000
      vertex 118.0710 -33.6890 -1.0000
      vertex 118.0710 -31.3110 -1.0000
    endloop
  endfacet
  facet normal -0.587212 -0.809433 0
    outer loop
      vertex 117.8000 -31.1144 -1.0000
      vertex 118.0710 -31.3110 -1.0000
      vertex 118.0710 -31.3110 1.4000
    endloop
  endfacet
  facet normal -0.587212 -0.809433 0
    outer loop
      vertex 117.8000 -31.1144 -1.0000
      vertex 118.0710 -31.3110 1.4000
      vertex 117.8000 -31.1144 1.4000
    endloop
  endfacet
  facet normal 0 0 1
    outer loop
      vertex 117.8000 -31.1144 1.4000
      vertex 118.0710 -31.3110 1.4000
      vertex 118.1760 -30.8820 1.4000
    endloop
  endfacet
  facet normal 0 0 1
    outer loop
      vertex 117.8000 -31.1144 1.4000
      vertex 118.1760 -30.8820 1.4000
      vertex 117.9080 -30.7180 1.4000
    endloop
  endfacet
  facet normal -0.521965 0.852967 0
    outer loop
      vertex 117.9080 -34.2820 1.4000
      vertex 117.9080 -34.2820 6.9500
      vertex 118.1760 -34.1180 1.4000
    endloop
  endfacet
  facet normal -0.521965 0.852967 0
    outer loop
      vertex 117.9080 -34.2820 6.9500
      vertex 118.1760 -34.1180 6.9500
      vertex 118.1760 -34.1180 1.4000
    endloop
  endfacet
  facet normal 0 0 1
    outer loop
      vertex 117.9080 -34.2820 6.9500
      vertex 118.3130 -36.5420 6.9500
      vertex 118.9290 -36.2868 6.9500
    endloop
  endfacet
  facet normal 0 0 1
    outer loop
      vertex 117.9080 -34.2820 6.9500
      vertex 118.9290 -36.2868 6.9500
      vertex 118.1760 -34.1180 6.9500
    endloop
  endfacet
  facet normal -0.521965 -0.852967 0
    outer loop
      vertex 117.9080 -30.7180 1.4000
      vertex 118.1760 -30.8820 1.4000
      vertex 118.1760 -30.8820 6.9500
    endloop
  endfacet
  facet normal -0.521965 -0.852967 0
    outer loop
      vertex 117.9080 -30.7180 1.4000
      vertex 118.1760 -30.8820 6.9500
      vertex 117.9080 -30.7180 6.9500
    endloop
  endfacet
  facet normal 0 0 1
    outer loop
      vertex 117.9080 -30.7180 6.9500
      vertex 118.1760 -30.8820 6.9500
      vertex 118.9290 -28.7132 6.9500
    endloop
  endfacet
  facet normal 0 0 1
    outer loop
      vertex 117.9080 -30.7180 6.9500
      vertex 118.9290 -28.7132 6.9500
      vertex 118.3130 -28.4580 6.9500
    endloop
  endfacet
  facet normal -0.744261 0.667888 0
    outer loop
      vertex 118.0710 -33.6890 -1.0000
      vertex 118.0710 -33.6890 1.4000
      vertex 118.2940 -33.4405 1.4000
    endloop
  endfacet
  facet normal 0 0 1
    outer loop
      vertex 118.0710 -33.6890 -1.0000
      vertex 118.2940 -33.4405 -1.0000
      vertex 118.0710 -31.3110 -1.0000
    endloop
  endfacet
  facet normal -0.744261 0.667888 0
    outer loop
      vertex 118.0710 -33.6890 -1.0000
      vertex 118.2940 -33.4405 1.4000
      vertex 118.2940 -33.4405 -1.0000
    endloop
  endfacet
  facet normal 0 0 1
    outer loop
      vertex 118.0710 -33.6890 1.4000
      vertex 118.1760 -34.1180 1.4000
      vertex 118.4140 -33.9142 1.4000
    endloop
  endfacet
  facet normal 0 0 1
    outer loop
      vertex 118.0710 -33.6890 1.4000
      vertex 118.4140 -33.9142 1.4000
      vertex 118.2940 -33.4405 1.4000
    endloop
  endfacet
  facet normal 0 0 1
    outer loop
      vertex 118.0710 -31.3110 -1.0000
      vertex 118.2940 -33.4405 -1.0000
      vertex 118.2940 -31.5595 -1.0000
    endloop
  endfacet
  facet normal -0.744261 -0.667888 0
    outer loop
      vertex 118.0710 -31.3110 -1.0000
      vertex 118.2940 -31.5595 -1.0000
      vertex 118.0710 -31.3110 1.4000
    endloop
  endfacet
  facet normal -0.744261 -0.667888 0
    outer loop
      vertex 118.0710 -31.3110 1.4000
      vertex 118.2940 -31.5595 -1.0000
      vertex 118.2940 -31.5595 1.4000
    endloop
  endfacet
  facet normal 0 0 1
    outer loop
      vertex 118.0710 -31.3110 1.4000
      vertex 118.2940 -31.5595 1.4000
      vertex 118.4140 -31.0858 1.4000
    endloop
  endfacet
  facet normal 0 0 1
    outer loop
      vertex 118.0710 -31.3110 1.4000
      vertex 118.4140 -31.0858 1.4000
      vertex 118.1760 -30.8820 1.4000
    endloop
  endfacet
  facet normal -0.650423 0.759572 0
    outer loop
      vertex 118.1760 -34.1180 1.4000
      vertex 118.1760 -34.1180 6.9500
      vertex 118.4140 -33.9142 1.4000
    endloop
  endfacet
  facet normal -0.650423 0.759572 0
    outer loop
      vertex 118.1760 -34.1180 6.9500
      vertex 118.4140 -33.9142 6.9500
      vertex 118.4140 -33.9142 1.4000
    endloop
  endfacet
  facet normal 0 0 1
    outer loop
      vertex 118.1760 -34.1180 6.9500
      vertex 118.9290 -36.2868 6.9500
      vertex 119.4980 -35.9383 6.9500
    endloop
  endfacet
  facet normal 0 0 1
    outer loop
      vertex 118.1760 -34.1180 6.9500
      vertex 119.4980 -35.9383 6.9500
      vertex 118.4140 -33.9142 6.9500
    endloop
  endfacet
  facet normal -0.650423 -0.759572 0
    outer loop
      vertex 118.1760 -30.8820 1.4000
      vertex 118.4140 -31.0858 1.4000
      vertex 118.4140 -31.0858 6.9500
    endloop
  endfacet
  facet normal -0.650423 -0.759572 0
    outer loop
      vertex 118.1760 -30.8820 1.4000
      vertex 118.4140 -31.0858 6.9500
      vertex 118.1760 -30.8820 6.9500
    endloop
  endfacet
  facet normal 0 0 1
    outer loop
      vertex 118.1760 -30.8820 6.9500
      vertex 118.4140 -31.0858 6.9500
      vertex 119.4980 -29.0617 6.9500
    endloop
  endfacet
  facet normal 0 0 1
    outer loop
      vertex 118.1760 -30.8820 6.9500
      vertex 119.4980 -29.0617 6.9500
      vertex 118.9290 -28.7132 6.9500
    endloop
  endfacet
  facet normal -0.865065 0.50166 0
    outer loop
      vertex 118.2940 -33.4405 -1.0000
      vertex 118.2940 -33.4405 1.4000
      vertex 118.4620 -33.1508 1.4000
    endloop
  endfacet
  facet normal 0 0 1
    outer loop
      vertex 118.2940 -33.4405 -1.0000
      vertex 118.4620 -33.1508 -1.0000
      vertex 118.2940 -31.5595 -1.0000
    endloop
  endfacet
  facet normal -0.865065 0.50166 0
    outer loop
      vertex 118.2940 -33.4405 -1.0000
      vertex 118.4620 -33.1508 1.4000
      vertex 118.4620 -33.1508 -1.0000
    endloop
  endfacet
  facet normal 0 0 1
    outer loop
      vertex 118.2940 -33.4405 1.4000
      vertex 118.4140 -33.9142 1.4000
      vertex 118.6180 -33.6756 1.4000
    endloop
  endfacet
  facet normal 0 0 1
    outer loop
      vertex 118.2940 -33.4405 1.4000
      vertex 118.6180 -33.6756 1.4000
      vertex 118.7820 -33.4080 1.4000
    endloop
  endfacet
  facet normal 0 0 1
    outer loop
      vertex 118.2940 -33.4405 1.4000
      vertex 118.7820 -33.4080 1.4000
      vertex 118.4620 -33.1508 1.4000
    endloop
  endfacet
  facet normal 0 0 1
    outer loop
      vertex 118.2940 -31.5595 -1.0000
      vertex 118.4620 -33.1508 -1.0000
      vertex 118.4620 -31.8492 -1.0000
    endloop
  endfacet
  facet normal -0.865065 -0.50166 0
    outer loop
      vertex 118.2940 -31.5595 -1.0000
      vertex 118.4620 -31.8492 -1.0000
      vertex 118.2940 -31.5595 1.4000
    endloop
  endfacet
  facet normal -0.865065 -0.50166 0
    outer loop
      vertex 118.2940 -31.5595 1.4000
      vertex 118.4620 -31.8492 -1.0000
      vertex 118.4620 -31.8492 1.4000
    endloop
  endfacet
  facet normal 0 0 1
    outer loop
      vertex 118.2940 -31.5595 1.4000
      vertex 118.4620 -31.8492 1.4000
      vertex 118.7820 -31.5920 1.4000
    endloop
  endfacet
  facet normal 0 0 1
    outer loop
      vertex 118.2940 -31.5595 1.4000
      vertex 118.6180 -31.3244 1.4000
      vertex 118.4140 -31.0858 1.4000
    endloop
  endfacet
  facet normal 0 0 1
    outer loop
      vertex 118.2940 -31.5595 1.4000
      vertex 118.7820 -31.5920 1.4000
      vertex 118.6180 -31.3244 1.4000
    endloop
  endfacet
  facet normal 0.38274 -0.923856 0
    outer loop
      vertex 118.3130 -36.5420 0.0000
      vertex 118.9290 -36.2868 0.0000
      vertex 118.9290 -36.2868 6.9500
    endloop
  endfacet
  facet normal 0.38274 -0.923856 0
    outer loop
      vertex 118.3130 -36.5420 0.0000
      vertex 118.9290 -36.2868 6.9500
      vertex 118.3130 -36.5420 6.9500
    endloop
  endfacet
  facet normal 0 0 1
    outer loop
      vertex 118.3130 -36.5420 0.0000
      vertex 135.0000 -49.6667 0.0000
      vertex 118.9290 -36.2868 0.0000
    endloop
  endfacet
  facet normal 0.38274 0.923856 0
    outer loop
      vertex 118.3130 -28.4580 0.0000
      vertex 118.3130 -28.4580 6.9500
      vertex 118.9290 -28.7132 0.0000
    endloop
  endfacet
  facet normal 0 0 1
    outer loop
      vertex 118.3130 -28.4580 0.0000
      vertex 118.9290 -28.7132 0.0000
      vertex 121.5620 17.5019 0.0000
    endloop
  endfacet
  facet normal 0.38274 0.923856 0
    outer loop
      vertex 118.3130 -28.4580 6.9500
      vertex 118.9290 -28.7132 6.9500
      vertex 118.9290 -28.7132 0.0000
    endloop
  endfacet
  facet normal -0.760066 0.649846 0
    outer loop
      vertex 118.4140 -33.9142 1.4000
      vertex 118.4140 -33.9142 6.9500
      vertex 118.6180 -33.6756 6.9500
    endloop
  endfacet
  facet normal -0.760066 0.649846 0
    outer loop
      vertex 118.4140 -33.9142 1.4000
      vertex 118.6180 -33.6756 6.9500
      vertex 118.6180 -33.6756 1.4000
    endloop
  endfacet
  facet normal 0 0 1
    outer loop
      vertex 118.4140 -33.9142 6.9500
      vertex 119.4980 -35.9383 6.9500
      vertex 120.0050 -35.5052 6.9500
    endloop
  endfacet
  facet normal 0 0 1
    outer loop
      vertex 118.4140 -33.9142 6.9500
      vertex 120.0050 -35.5052 6.9500
      vertex 118.6180 -33.6756 6.9500
    endloop
  endfacet
  facet normal -0.760066 -0.649846 0
    outer loop
      vertex 118.4140 -31.0858 1.4000
      vertex 118.6180 -31.3244 1.4000
      vertex 118.4140 -31.0858 6.9500
    endloop
  endfacet
  facet normal -0.760066 -0.649846 0
    outer loop
      vertex 118.4140 -31.0858 6.9500
      vertex 118.6180 -31.3244 1.4000
      vertex 118.6180 -31.3244 6.9500
    endloop
  endfacet
  facet normal 0 0 1
    outer loop
      vertex 118.4140 -31.0858 6.9500
      vertex 118.6180 -31.3244 6.9500
      vertex 120.0050 -29.4948 6.9500
    endloop
  endfacet
  facet normal 0 0 1
    outer loop
      vertex 118.4140 -31.0858 6.9500
      vertex 120.0050 -29.4948 6.9500
      vertex 119.4980 -29.0617 6.9500
    endloop
  endfacet
  facet normal -0.95137 0.308051 0
    outer loop
      vertex 118.4620 -33.1508 -1.0000
      vertex 118.4620 -33.1508 1.4000
      vertex 118.5650 -32.8327 1.4000
    endloop
  endfacet
  facet normal 0 0 1
    outer loop
      vertex 118.4620 -33.1508 -1.0000
      vertex 118.5650 -32.8327 -1.0000
      vertex 118.4620 -31.8492 -1.0000
    endloop
  endfacet
  facet normal -0.95137 0.308051 0
    outer loop
      vertex 118.4620 -33.1508 -1.0000
      vertex 118.5650 -32.8327 1.4000
      vertex 118.5650 -32.8327 -1.0000
    endloop
  endfacet
  facet normal 0 0 1
    outer loop
      vertex 118.4620 -33.1508 1.4000
      vertex 118.7820 -33.4080 1.4000
      vertex 118.9020 -33.1180 1.4000
    endloop
  endfacet
  facet normal 0 0 1
    outer loop
      vertex 118.4620 -33.1508 1.4000
      vertex 118.9020 -33.1180 1.4000
      vertex 118.5650 -32.8327 1.4000
    endloop
  endfacet
  facet normal 0 0 1
    outer loop
      vertex 118.4620 -31.8492 -1.0000
      vertex 118.5650 -32.8327 -1.0000
      vertex 118.5650 -32.1673 -1.0000
    endloop
  endfacet
  facet normal -0.95137 -0.308051 0
    outer loop
      vertex 118.4620 -31.8492 -1.0000
      vertex 118.5650 -32.1673 -1.0000
      vertex 118.4620 -31.8492 1.4000
    endloop
  endfacet
  facet normal -0.95137 -0.308051 0
    outer loop
      vertex 118.4620 -31.8492 1.4000
      vertex 118.5650 -32.1673 -1.0000
      vertex 118.5650 -32.1673 1.4000
    endloop
  endfacet
  facet normal 0 0 1
    outer loop
      vertex 118.4620 -31.8492 1.4000
      vertex 118.5650 -32.1673 1.4000
      vertex 118.9020 -31.8820 1.4000
    endloop
  endfacet
  facet normal 0 0 1
    outer loop
      vertex 118.4620 -31.8492 1.4000
      vertex 118.9020 -31.8820 1.4000
      vertex 118.7820 -31.5920 1.4000
    endloop
  endfacet
  facet normal -0.994512 0.104623 0
    outer loop
      vertex 118.5650 -32.8327 -1.0000
      vertex 118.5650 -32.8327 1.4000
      vertex 118.6000 -32.5000 1.4000
    endloop
  endfacet
  facet normal 0 0 1
    outer loop
      vertex 118.5650 -32.8327 -1.0000
      vertex 118.6000 -32.5000 -1.0000
      vertex 118.5650 -32.1673 -1.0000
    endloop
  endfacet
  facet normal -0.994512 0.104623 0
    outer loop
      vertex 118.5650 -32.8327 -1.0000
      vertex 118.6000 -32.5000 1.4000
      vertex 118.6000 -32.5000 -1.0000
    endloop
  endfacet
  facet normal 0 0 1
    outer loop
      vertex 118.5650 -32.8327 1.4000
      vertex 118.9020 -33.1180 1.4000
      vertex 118.9750 -32.8129 1.4000
    endloop
  endfacet
  facet normal 0 0 1
    outer loop
      vertex 118.5650 -32.8327 1.4000
      vertex 118.9750 -32.8129 1.4000
      vertex 118.6000 -32.5000 1.4000
    endloop
  endfacet
  facet normal -0.994512 -0.104623 0
    outer loop
      vertex 118.5650 -32.1673 -1.0000
      vertex 118.6000 -32.5000 -1.0000
      vertex 118.5650 -32.1673 1.4000
    endloop
  endfacet
  facet normal -0.994512 -0.104623 0
    outer loop
      vertex 118.5650 -32.1673 1.4000
      vertex 118.6000 -32.5000 -1.0000
      vertex 118.6000 -32.5000 1.4000
    endloop
  endfacet
  facet normal 0 0 1
    outer loop
      vertex 118.5650 -32.1673 1.4000
      vertex 118.6000 -32.5000 1.4000
      vertex 118.9750 -32.1871 1.4000
    endloop
  endfacet
  facet normal 0 0 1
    outer loop
      vertex 118.5650 -32.1673 1.4000
      vertex 118.9750 -32.1871 1.4000
      vertex 118.9020 -31.8820 1.4000
    endloop
  endfacet
  facet normal 0 0 1
    outer loop
      vertex 118.6000 -32.5000 1.4000
      vertex 118.9750 -32.8129 1.4000
      vertex 119.0000 -32.5000 1.4000
    endloop
  endfacet
  facet normal 0 0 1
    outer loop
      vertex 118.6000 -32.5000 1.4000
      vertex 119.0000 -32.5000 1.4000
      vertex 118.9750 -32.1871 1.4000
    endloop
  endfacet
  facet normal -0.85262 0.522532 0
    outer loop
      vertex 118.6180 -33.6756 1.4000
      vertex 118.6180 -33.6756 6.9500
      vertex 118.7820 -33.4080 6.9500
    endloop
  endfacet
  facet normal -0.85262 0.522532 0
    outer loop
      vertex 118.6180 -33.6756 1.4000
      vertex 118.7820 -33.4080 6.9500
      vertex 118.7820 -33.4080 1.4000
    endloop
  endfacet
  facet normal 0 0 1
    outer loop
      vertex 118.6180 -33.6756 6.9500
      vertex 120.0050 -35.5052 6.9500
      vertex 120.4380 -34.9981 6.9500
    endloop
  endfacet
  facet normal 0 0 1
    outer loop
      vertex 118.6180 -33.6756 6.9500
      vertex 120.4380 -34.9981 6.9500
      vertex 118.7820 -33.4080 6.9500
    endloop
  endfacet
  facet normal -0.85262 -0.522532 0
    outer loop
      vertex 118.6180 -31.3244 1.4000
      vertex 118.7820 -31.5920 1.4000
      vertex 118.6180 -31.3244 6.9500
    endloop
  endfacet
  facet normal -0.85262 -0.522532 0
    outer loop
      vertex 118.6180 -31.3244 6.9500
      vertex 118.7820 -31.5920 1.4000
      vertex 118.7820 -31.5920 6.9500
    endloop
  endfacet
  facet normal 0 0 1
    outer loop
      vertex 118.6180 -31.3244 6.9500
      vertex 118.7820 -31.5920 6.9500
      vertex 120.4380 -30.0019 6.9500
    endloop
  endfacet
  facet normal 0 0 1
    outer loop
      vertex 118.6180 -31.3244 6.9500
      vertex 120.4380 -30.0019 6.9500
      vertex 120.0050 -29.4948 6.9500
    endloop
  endfacet
  facet normal -0.924017 0.382352 0
    outer loop
      vertex 118.7820 -33.4080 1.4000
      vertex 118.7820 -33.4080 6.9500
      vertex 118.9020 -33.1180 6.9500
    endloop
  endfacet
  facet normal -0.924017 0.382352 0
    outer loop
      vertex 118.7820 -33.4080 1.4000
      vertex 118.9020 -33.1180 6.9500
      vertex 118.9020 -33.1180 1.4000
    endloop
  endfacet
  facet normal 0 0 1
    outer loop
      vertex 118.7820 -33.4080 6.9500
      vertex 120.4380 -34.9981 6.9500
      vertex 120.7870 -34.4295 6.9500
    endloop
  endfacet
  facet normal 0 0 1
    outer loop
      vertex 118.7820 -33.4080 6.9500
      vertex 120.7870 -34.4295 6.9500
      vertex 118.9020 -33.1180 6.9500
    endloop
  endfacet
  facet normal -0.924017 -0.382352 0
    outer loop
      vertex 118.7820 -31.5920 1.4000
      vertex 118.9020 -31.8820 1.4000
      vertex 118.7820 -31.5920 6.9500
    endloop
  endfacet
  facet normal -0.924017 -0.382352 0
    outer loop
      vertex 118.7820 -31.5920 6.9500
      vertex 118.9020 -31.8820 1.4000
      vertex 118.9020 -31.8820 6.9500
    endloop
  endfacet
  facet normal 0 0 1
    outer loop
      vertex 118.7820 -31.5920 6.9500
      vertex 118.9020 -31.8820 6.9500
      vertex 120.7870 -30.5705 6.9500
    endloop
  endfacet
  facet normal 0 0 1
    outer loop
      vertex 118.7820 -31.5920 6.9500
      vertex 120.7870 -30.5705 6.9500
      vertex 120.4380 -30.0019 6.9500
    endloop
  endfacet
  facet normal -0.972549 0.232698 0
    outer loop
      vertex 118.9020 -33.1180 1.4000
      vertex 118.9020 -33.1180 6.9500
      vertex 118.9750 -32.8129 6.9500
    endloop
  endfacet
  facet normal -0.972549 0.232698 0
    outer loop
      vertex 118.9020 -33.1180 1.4000
      vertex 118.9750 -32.8129 6.9500
      vertex 118.9750 -32.8129 1.4000
    endloop
  endfacet
  facet normal 0 0 1
    outer loop
      vertex 118.9020 -33.1180 6.9500
      vertex 120.7870 -34.4295 6.9500
      vertex 121.0420 -33.8133 6.9500
    endloop
  endfacet
  facet normal 0 0 1
    outer loop
      vertex 118.9020 -33.1180 6.9500
      vertex 121.0420 -33.8133 6.9500
      vertex 118.9750 -32.8129 6.9500
    endloop
  endfacet
  facet normal -0.972549 -0.232698 0
    outer loop
      vertex 118.9020 -31.8820 1.4000
      vertex 118.9750 -32.1871 1.4000
      vertex 118.9020 -31.8820 6.9500
    endloop
  endfacet
  facet normal -0.972549 -0.232698 0
    outer loop
      vertex 118.9020 -31.8820 6.9500
      vertex 118.9750 -32.1871 1.4000
      vertex 118.9750 -32.1871 6.9500
    endloop
  endfacet
  facet normal 0 0 1
    outer loop
      vertex 118.9020 -31.8820 6.9500
      vertex 118.9750 -32.1871 6.9500
      vertex 121.0420 -31.1867 6.9500
    endloop
  endfacet
  facet normal 0 0 1
    outer loop
      vertex 118.9020 -31.8820 6.9500
      vertex 121.0420 -31.1867 6.9500
      vertex 120.7870 -30.5705 6.9500
    endloop
  endfacet
  facet normal 0.522298 -0.852763 0
    outer loop
      vertex 118.9290 -36.2868 0.0000
      vertex 119.4980 -35.9383 0.0000
      vertex 119.4980 -35.9383 6.9500
    endloop
  endfacet
  facet normal 0.522298 -0.852763 0
    outer loop
      vertex 118.9290 -36.2868 0.0000
      vertex 119.4980 -35.9383 6.9500
      vertex 118.9290 -36.2868 6.9500
    endloop
  endfacet
  facet normal 0 0 1
    outer loop
      vertex 118.9290 -36.2868 0.0000
      vertex 135.0000 -49.6667 0.0000
      vertex 119.4980 -35.9383 0.0000
    endloop
  endfacet
  facet normal 0.522298 0.852763 0
    outer loop
      vertex 118.9290 -28.7132 0.0000
      vertex 118.9290 -28.7132 6.9500
      vertex 119.4980 -29.0617 0.0000
    endloop
  endfacet
  facet normal 0 0 1
    outer loop
      vertex 118.9290 -28.7132 0.0000
      vertex 119.4980 -29.0617 0.0000
      vertex 121.5620 17.5019 0.0000
    endloop
  endfacet
  facet normal 0.522298 0.852763 0
    outer loop
      vertex 118.9290 -28.7132 6.9500
      vertex 119.4980 -29.0617 6.9500
      vertex 119.4980 -29.0617 0.0000
    endloop
  endfacet
  facet normal -0.996823 0.079644 0
    outer loop
      vertex 118.9750 -32.8129 1.4000
      vertex 118.9750 -32.8129 6.9500
      vertex 119.0000 -32.5000 6.9500
    endloop
  endfacet
  facet normal -0.996823 0.079644 0
    outer loop
      vertex 118.9750 -32.8129 1.4000
      vertex 119.0000 -32.5000 6.9500
      vertex 119.0000 -32.5000 1.4000
    endloop
  endfacet
  facet normal 0 0 1
    outer loop
      vertex 118.9750 -32.8129 6.9500
      vertex 121.0420 -33.8133 6.9500
      vertex 121.1980 -33.1648 6.9500
    endloop
  endfacet
  facet normal 0 0 1
    outer loop
      vertex 118.9750 -32.8129 6.9500
      vertex 121.1980 -33.1648 6.9500
      vertex 119.0000 -32.5000 6.9500
    endloop
  endfacet
  facet normal -0.996823 -0.079644 0
    outer loop
      vertex 118.9750 -32.1871 1.4000
      vertex 119.0000 -32.5000 1.4000
      vertex 118.9750 -32.1871 6.9500
    endloop
  endfacet
  facet normal -0.996823 -0.079644 0
    outer loop
      vertex 118.9750 -32.1871 6.9500
      vertex 119.0000 -32.5000 1.4000
      vertex 119.0000 -32.5000 6.9500
    endloop
  endfacet
  facet normal 0 0 1
    outer loop
      vertex 118.9750 -32.1871 6.9500
      vertex 119.0000 -32.5000 6.9500
      vertex 121.1980 -31.8352 6.9500
    endloop
  endfacet
  facet normal 0 0 1
    outer loop
      vertex 118.9750 -32.1871 6.9500
      vertex 121.1980 -31.8352 6.9500
      vertex 121.0420 -31.1867 6.9500
    endloop
  endfacet
  facet normal 0 0 1
    outer loop
      vertex 119.0000 -32.5000 6.9500
      vertex 121.1980 -33.1648 6.9500
      vertex 121.2500 -32.5000 6.9500
    endloop
  endfacet
  facet normal 0 0 1
    outer loop
      vertex 119.0000 -32.5000 6.9500
      vertex 121.2500 -32.5000 6.9500
      vertex 121.1980 -31.8352 6.9500
    endloop
  endfacet
  facet normal 0.649518 -0.760346 0
    outer loop
      vertex 119.4980 -35.9383 0.0000
      vertex 120.0050 -35.5052 0.0000
      vertex 120.0050 -35.5052 6.9500
    endloop
  endfacet
  facet normal 0.649518 -0.760346 0
    outer loop
      vertex 119.4980 -35.9383 0.0000
      vertex 120.0050 -35.5052 6.9500
      vertex 119.4980 -35.9383 6.9500
    endloop
  endfacet
  facet normal 0 0 1
    outer loop
      vertex 119.4980 -35.9383 0.0000
      vertex 135.0000 -49.6667 0.0000
      vertex 120.0050 -35.5052 0.0000
    endloop
  endfacet
  facet normal 0.649518 0.760346 0
    outer loop
      vertex 119.4980 -29.0617 0.0000
      vertex 119.4980 -29.0617 6.9500
      vertex 120.0050 -29.4948 0.0000
    endloop
  endfacet
  facet normal 0 0 1
    outer loop
      vertex 119.4980 -29.0617 0.0000
      vertex 120.0050 -29.4948 0.0000
      vertex 121.5620 17.5019 0.0000
    endloop
  endfacet
  facet normal 0.649518 0.760346 0
    outer loop
      vertex 119.4980 -29.0617 6.9500
      vertex 120.0050 -29.4948 6.9500
      vertex 120.0050 -29.4948 0.0000
    endloop
  endfacet
  facet normal 0.760483 -0.649358 0
    outer loop
      vertex 120.0050 -35.5052 0.0000
      vertex 120.4380 -34.9981 0.0000
      vertex 120.0050 -35.5052 6.9500
    endloop
  endfacet
  facet normal 0 0 1
    outer loop
      vertex 120.0050 -35.5052 0.0000
      vertex 135.0000 -49.6667 0.0000
      vertex 120.4380 -34.9981 0.0000
    endloop
  endfacet
  facet normal 0.760483 -0.649358 0
    outer loop
      vertex 120.0050 -35.5052 6.9500
      vertex 120.4380 -34.9981 0.0000
      vertex 120.4380 -34.9981 6.9500
    endloop
  endfacet
  facet normal 0.760483 0.649358 0
    outer loop
      vertex 120.0050 -29.4948 0.0000
      vertex 120.0050 -29.4948 6.9500
      vertex 120.4380 -30.0019 6.9500
    endloop
  endfacet
  facet normal 0 0 1
    outer loop
      vertex 120.0050 -29.4948 0.0000
      vertex 120.4380 -30.0019 0.0000
      vertex 121.5620 17.5019 0.0000
    endloop
  endfacet
  facet normal 0.760483 0.649358 0
    outer loop
      vertex 120.0050 -29.4948 0.0000
      vertex 120.4380 -30.0019 6.9500
      vertex 120.4380 -30.0019 0.0000
    endloop
  endfacet
  facet normal 0.852265 -0.52311 0
    outer loop
      vertex 120.4380 -34.9981 0.0000
      vertex 120.7870 -34.4295 0.0000
      vertex 120.4380 -34.9981 6.9500
    endloop
  endfacet
  facet normal 0 0 1
    outer loop
      vertex 120.4380 -34.9981 0.0000
      vertex 135.0000 -49.6667 0.0000
      vertex 120.7870 -34.4295 0.0000
    endloop
  endfacet
  facet normal 0.852265 -0.52311 0
    outer loop
      vertex 120.4380 -34.9981 6.9500
      vertex 120.7870 -34.4295 0.0000
      vertex 120.7870 -34.4295 6.9500
    endloop
  endfacet
  facet normal 0.852265 0.52311 0
    outer loop
      vertex 120.4380 -30.0019 0.0000
      vertex 120.4380 -30.0019 6.9500
      vertex 120.7870 -30.5705 6.9500
    endloop
  endfacet
  facet normal 0 0 1
    outer loop
      vertex 120.4380 -30.0019 0.0000
      vertex 120.7870 -30.5705 0.0000
      vertex 121.5620 17.5019 0.0000
    endloop
  endfacet
  facet normal 0.852265 0.52311 0
    outer loop
      vertex 120.4380 -30.0019 0.0000
      vertex 120.7870 -30.5705 6.9500
      vertex 120.7870 -30.5705 0.0000
    endloop
  endfacet
  facet normal -0.996955 0.077981 0
    outer loop
      vertex 120.7500 20.0000 0.0000
      vertex 120.7500 20.0000 4.5000
      vertex 120.8020 20.6648 4.5000
    endloop
  endfacet
  facet normal -0.996955 -0.077981 0
    outer loop
      vertex 120.7500 20.0000 0.0000
      vertex 120.8020 19.3352 0.0000
      vertex 120.7500 20.0000 4.5000
    endloop
  endfacet
  facet normal -0.996955 0.077981 0
    outer loop
      vertex 120.7500 20.0000 0.0000
      vertex 120.8020 20.6648 4.5000
      vertex 120.8020 20.6648 0.0000
    endloop
  endfacet
  facet normal -0.996955 -0.077981 0
    outer loop
      vertex 120.7500 20.0000 4.5000
      vertex 120.8020 19.3352 0.0000
      vertex 120.8020 19.3352 4.5000
    endloop
  endfacet
  facet normal 0 0 1
    outer loop
      vertex 120.7500 20.0000 4.5000
      vertex 120.8020 19.3352 4.5000
      vertex 123.0000 20.0000 4.5000
    endloop
  endfacet
  facet normal 0 0 1
    outer loop
      vertex 120.7500 20.0000 4.5000
      vertex 123.0000 20.0000 4.5000
      vertex 120.8020 20.6648 4.5000
    endloop
  endfacet
  facet normal 0.924006 -0.382378 0
    outer loop
      vertex 120.7870 -34.4295 0.0000
      vertex 121.0420 -33.8133 0.0000
      vertex 120.7870 -34.4295 6.9500
    endloop
  endfacet
  facet normal 0 0 1
    outer loop
      vertex 120.7870 -34.4295 0.0000
      vertex 135.0000 -49.6667 0.0000
      vertex 121.0420 -33.8133 0.0000
    endloop
  endfacet
  facet normal 0.924006 -0.382378 0
    outer loop
      vertex 120.7870 -34.4295 6.9500
      vertex 121.0420 -33.8133 0.0000
      vertex 121.0420 -33.8133 6.9500
    endloop
  endfacet
  facet normal 0.924006 0.382378 0
    outer loop
      vertex 120.7870 -30.5705 0.0000
      vertex 120.7870 -30.5705 6.9500
      vertex 121.0420 -31.1867 6.9500
    endloop
  endfacet
  facet normal 0 0 1
    outer loop
      vertex 120.7870 -30.5705 0.0000
      vertex 121.0420 -31.1867 0.0000
      vertex 121.5620 17.5019 0.0000
    endloop
  endfacet
  facet normal 0.924006 0.382378 0
    outer loop
      vertex 120.7870 -30.5705 0.0000
      vertex 121.0420 -31.1867 6.9500
      vertex 121.0420 -31.1867 0.0000
    endloop
  endfacet
  facet normal -0.972265 -0.233883 0
    outer loop
      vertex 120.8020 19.3352 0.0000
      vertex 120.9580 18.6867 0.0000
      vertex 120.8020 19.3352 4.5000
    endloop
  endfacet
  facet normal -0.972265 -0.233883 0
    outer loop
      vertex 120.8020 19.3352 4.5000
      vertex 120.9580 18.6867 0.0000
      vertex 120.9580 18.6867 4.5000
    endloop
  endfacet
  facet normal 0 0 1
    outer loop
      vertex 120.8020 19.3352 4.5000
      vertex 120.9580 18.6867 4.5000
      vertex 123.0250 19.6871 4.5000
    endloop
  endfacet
  facet normal 0 0 1
    outer loop
      vertex 120.8020 19.3352 4.5000
      vertex 123.0250 19.6871 4.5000
      vertex 123.0000 20.0000 4.5000
    endloop
  endfacet
  facet normal -0.972265 0.233883 0
    outer loop
      vertex 120.8020 20.6648 0.0000
      vertex 120.8020 20.6648 4.5000
      vertex 120.9580 21.3133 4.5000
    endloop
  endfacet
  facet normal -0.972265 0.233883 0
    outer loop
      vertex 120.8020 20.6648 0.0000
      vertex 120.9580 21.3133 4.5000
      vertex 120.9580 21.3133 0.0000
    endloop
  endfacet
  facet normal 0 0 1
    outer loop
      vertex 120.8020 20.6648 4.5000
      vertex 123.0000 20.0000 4.5000
      vertex 123.0250 20.3129 4.5000
    endloop
  endfacet
  facet normal 0 0 1
    outer loop
      vertex 120.8020 20.6648 4.5000
      vertex 123.0250 20.3129 4.5000
      vertex 120.9580 21.3133 4.5000
    endloop
  endfacet
  facet normal -0.924006 -0.382378 0
    outer loop
      vertex 120.9580 18.6867 0.0000
      vertex 121.2130 18.0705 0.0000
      vertex 120.9580 18.6867 4.5000
    endloop
  endfacet
  facet normal -0.924006 -0.382378 0
    outer loop
      vertex 120.9580 18.6867 4.5000
      vertex 121.2130 18.0705 0.0000
      vertex 121.2130 18.0705 4.5000
    endloop
  endfacet
  facet normal 0 0 1
    outer loop
      vertex 120.9580 18.6867 4.5000
      vertex 121.2130 18.0705 4.5000
      vertex 123.0980 19.3820 4.5000
    endloop
  endfacet
  facet normal 0 0 1
    outer loop
      vertex 120.9580 18.6867 4.5000
      vertex 123.0980 19.3820 4.5000
      vertex 123.0250 19.6871 4.5000
    endloop
  endfacet
  facet normal -0.924006 0.382378 0
    outer loop
      vertex 120.9580 21.3133 0.0000
      vertex 120.9580 21.3133 4.5000
      vertex 121.2130 21.9295 4.5000
    endloop
  endfacet
  facet normal -0.924006 0.382378 0
    outer loop
      vertex 120.9580 21.3133 0.0000
      vertex 121.2130 21.9295 4.5000
      vertex 121.2130 21.9295 0.0000
    endloop
  endfacet
  facet normal 0 0 1
    outer loop
      vertex 120.9580 21.3133 4.5000
      vertex 123.0250 20.3129 4.5000
      vertex 123.0980 20.6180 4.5000
    endloop
  endfacet
  facet normal 0 0 1
    outer loop
      vertex 120.9580 21.3133 4.5000
      vertex 123.0980 20.6180 4.5000
      vertex 121.2130 21.9295 4.5000
    endloop
  endfacet
  facet normal 0.972265 -0.233883 0
    outer loop
      vertex 121.0420 -33.8133 0.0000
      vertex 121.1980 -33.1648 0.0000
      vertex 121.0420 -33.8133 6.9500
    endloop
  endfacet
  facet normal 0 0 1
    outer loop
      vertex 121.0420 -33.8133 0.0000
      vertex 135.0000 -49.6667 0.0000
      vertex 121.1980 -33.1648 0.0000
    endloop
  endfacet
  facet normal 0.972265 -0.233883 0
    outer loop
      vertex 121.0420 -33.8133 6.9500
      vertex 121.1980 -33.1648 0.0000
      vertex 121.1980 -33.1648 6.9500
    endloop
  endfacet
  facet normal 0.972265 0.233883 0
    outer loop
      vertex 121.0420 -31.1867 0.0000
      vertex 121.0420 -31.1867 6.9500
      vertex 121.1980 -31.8352 6.9500
    endloop
  endfacet
  facet normal 0 0 1
    outer loop
      vertex 121.0420 -31.1867 0.0000
      vertex 121.1980 -31.8352 0.0000
      vertex 121.5620 17.5019 0.0000
    endloop
  endfacet
  facet normal 0.972265 0.233883 0
    outer loop
      vertex 121.0420 -31.1867 0.0000
      vertex 121.1980 -31.8352 6.9500
      vertex 121.1980 -31.8352 0.0000
    endloop
  endfacet
  facet normal 0.996955 -0.077981 0
    outer loop
      vertex 121.1980 -33.1648 0.0000
      vertex 121.2500 -32.5000 0.0000
      vertex 121.1980 -33.1648 6.9500
    endloop
  endfacet
  facet normal 0 0 1
    outer loop
      vertex 121.1980 -33.1648 0.0000
      vertex 135.0000 -49.6667 0.0000
      vertex 121.2500 -32.5000 0.0000
    endloop
  endfacet
  facet normal 0.996955 -0.077981 0
    outer loop
      vertex 121.1980 -33.1648 6.9500
      vertex 121.2500 -32.5000 0.0000
      vertex 121.2500 -32.5000 6.9500
    endloop
  endfacet
  facet normal 0.996955 0.077981 0
    outer loop
      vertex 121.1980 -31.8352 0.0000
      vertex 121.1980 -31.8352 6.9500
      vertex 121.2500 -32.5000 6.9500
    endloop
  endfacet
  facet normal 0 0 1
    outer loop
      vertex 121.1980 -31.8352 0.0000
      vertex 121.2500 -32.5000 0.0000
      vertex 121.5620 17.5019 0.0000
    endloop
  endfacet
  facet normal 0.996955 0.077981 0
    outer loop
      vertex 121.1980 -31.8352 0.0000
      vertex 121.2500 -32.5000 6.9500
      vertex 121.2500 -32.5000 0.0000
    endloop
  endfacet
  facet normal -0.852265 -0.52311 0
    outer loop
      vertex 121.2130 18.0705 0.0000
      vertex 121.5620 17.5019 0.0000
      vertex 121.2130 18.0705 4.5000
    endloop
  endfacet
  facet normal -0.852265 -0.52311 0
    outer loop
      vertex 121.2130 18.0705 4.5000
      vertex 121.5620 17.5019 0.0000
      vertex 121.5620 17.5019 4.5000
    endloop
  endfacet
  facet normal 0 0 1
    outer loop
      vertex 121.2130 18.0705 4.5000
      vertex 121.5620 17.5019 4.5000
      vertex 123.2180 19.0920 4.5000
    endloop
  endfacet
  facet normal 0 0 1
    outer loop
      vertex 121.2130 18.0705 4.5000
      vertex 123.2180 19.0920 4.5000
      vertex 123.0980 19.3820 4.5000
    endloop
  endfacet
  facet normal -0.852265 0.52311 0
    outer loop
      vertex 121.2130 21.9295 0.0000
      vertex 121.2130 21.9295 4.5000
      vertex 121.5620 22.4981 4.5000
    endloop
  endfacet
  facet normal -0.852265 0.52311 0
    outer loop
      vertex 121.2130 21.9295 0.0000
      vertex 121.5620 22.4981 4.5000
      vertex 121.5620 22.4981 0.0000
    endloop
  endfacet
  facet normal 0 0 1
    outer loop
      vertex 121.2130 21.9295 4.5000
      vertex 123.0980 20.6180 4.5000
      vertex 123.2180 20.9080 4.5000
    endloop
  endfacet
  facet normal 0 0 1
    outer loop
      vertex 121.2130 21.9295 4.5000
      vertex 123.2180 20.9080 4.5000
      vertex 121.5620 22.4981 4.5000
    endloop
  endfacet
  facet normal 0 0 1
    outer loop
      vertex 121.2500 -32.5000 0.0000
      vertex 121.9950 16.9948 0.0000
      vertex 121.5620 17.5019 0.0000
    endloop
  endfacet
  facet normal 0 0 1
    outer loop
      vertex 121.2500 -32.5000 0.0000
      vertex 122.5020 16.5617 0.0000
      vertex 121.9950 16.9948 0.0000
    endloop
  endfacet
  facet normal 0 0 1
    outer loop
      vertex 121.2500 -32.5000 0.0000
      vertex 135.0000 -49.6667 0.0000
      vertex 135.0000 -14.3333 0.0000
    endloop
  endfacet
  facet normal 0 0 1
    outer loop
      vertex 121.2500 -32.5000 0.0000
      vertex 135.0000 -14.3333 0.0000
      vertex 135.0000 -8.3333 0.0000
    endloop
  endfacet
  facet normal 0 0 1
    outer loop
      vertex 121.2500 -32.5000 0.0000
      vertex 135.0000 -8.3333 0.0000
      vertex 122.5020 16.5617 0.0000
    endloop
  endfacet
  facet normal -0.760483 -0.649358 0
    outer loop
      vertex 121.5620 17.5019 0.0000
      vertex 121.9950 16.9948 0.0000
      vertex 121.5620 17.5019 4.5000
    endloop
  endfacet
  facet normal -0.760483 -0.649358 0
    outer loop
      vertex 121.5620 17.5019 4.5000
      vertex 121.9950 16.9948 0.0000
      vertex 121.9950 16.9948 4.5000
    endloop
  endfacet
  facet normal 0 0 1
    outer loop
      vertex 121.5620 17.5019 4.5000
      vertex 121.9950 16.9948 4.5000
      vertex 123.3820 18.8244 4.5000
    endloop
  endfacet
  facet normal 0 0 1
    outer loop
      vertex 121.5620 17.5019 4.5000
      vertex 123.3820 18.8244 4.5000
      vertex 123.2180 19.0920 4.5000
    endloop
  endfacet
  facet normal -0.760483 0.649358 0
    outer loop
      vertex 121.5620 22.4981 0.0000
      vertex 121.5620 22.4981 4.5000
      vertex 121.9950 23.0052 4.5000
    endloop
  endfacet
  facet normal -0.760483 0.649358 0
    outer loop
      vertex 121.5620 22.4981 0.0000
      vertex 121.9950 23.0052 4.5000
      vertex 121.9950 23.0052 0.0000
    endloop
  endfacet
  facet normal 0 0 1
    outer loop
      vertex 121.5620 22.4981 4.5000
      vertex 123.2180 20.9080 4.5000
      vertex 123.3820 21.1756 4.5000
    endloop
  endfacet
  facet normal 0 0 1
    outer loop
      vertex 121.5620 22.4981 4.5000
      vertex 123.3820 21.1756 4.5000
      vertex 121.9950 23.0052 4.5000
    endloop
  endfacet
  facet normal -0.649518 -0.760346 0
    outer loop
      vertex 121.9950 16.9948 0.0000
      vertex 122.5020 16.5617 0.0000
      vertex 122.5020 16.5617 4.5000
    endloop
  endfacet
  facet normal -0.649518 -0.760346 0
    outer loop
      vertex 121.9950 16.9948 0.0000
      vertex 122.5020 16.5617 4.5000
      vertex 121.9950 16.9948 4.5000
    endloop
  endfacet
  facet normal 0 0 1
    outer loop
      vertex 121.9950 16.9948 4.5000
      vertex 122.5020 16.5617 4.5000
      vertex 123.5860 18.5858 4.5000
    endloop
  endfacet
  facet normal 0 0 1
    outer loop
      vertex 121.9950 16.9948 4.5000
      vertex 123.5860 18.5858 4.5000
      vertex 123.3820 18.8244 4.5000
    endloop
  endfacet
  facet normal -0.649518 0.760346 0
    outer loop
      vertex 121.9950 23.0052 0.0000
      vertex 121.9950 23.0052 4.5000
      vertex 122.5020 23.4383 0.0000
    endloop
  endfacet
  facet normal -0.649518 0.760346 0
    outer loop
      vertex 121.9950 23.0052 4.5000
      vertex 122.5020 23.4383 4.5000
      vertex 122.5020 23.4383 0.0000
    endloop
  endfacet
  facet normal 0 0 1
    outer loop
      vertex 121.9950 23.0052 4.5000
      vertex 123.3820 21.1756 4.5000
      vertex 123.5860 21.4142 4.5000
    endloop
  endfacet
  facet normal 0 0 1
    outer loop
      vertex 121.9950 23.0052 4.5000
      vertex 123.5860 21.4142 4.5000
      vertex 122.5020 23.4383 4.5000
    endloop
  endfacet
  facet normal -0.522298 -0.852763 0
    outer loop
      vertex 122.5020 16.5617 0.0000
      vertex 123.0710 16.2132 0.0000
      vertex 123.0710 16.2132 4.5000
    endloop
  endfacet
  facet normal -0.522298 -0.852763 0
    outer loop
      vertex 122.5020 16.5617 0.0000
      vertex 123.0710 16.2132 4.5000
      vertex 122.5020 16.5617 4.5000
    endloop
  endfacet
  facet normal 0 0 1
    outer loop
      vertex 122.5020 16.5617 0.0000
      vertex 135.0000 -8.3333 0.0000
      vertex 123.0710 16.2132 0.0000
    endloop
  endfacet
  facet normal 0 0 1
    outer loop
      vertex 122.5020 16.5617 4.5000
      vertex 123.0710 16.2132 4.5000
      vertex 123.8240 18.3820 4.5000
    endloop
  endfacet
  facet normal 0 0 1
    outer loop
      vertex 122.5020 16.5617 4.5000
      vertex 123.8240 18.3820 4.5000
      vertex 123.5860 18.5858 4.5000
    endloop
  endfacet
  facet normal -0.522298 0.852763 0
    outer loop
      vertex 122.5020 23.4383 0.0000
      vertex 122.5020 23.4383 4.5000
      vertex 123.0710 23.7868 0.0000
    endloop
  endfacet
  facet normal -0.522298 0.852763 0
    outer loop
      vertex 122.5020 23.4383 4.5000
      vertex 123.0710 23.7868 4.5000
      vertex 123.0710 23.7868 0.0000
    endloop
  endfacet
  facet normal 0 0 1
    outer loop
      vertex 122.5020 23.4383 4.5000
      vertex 123.5860 21.4142 4.5000
      vertex 123.8240 21.6180 4.5000
    endloop
  endfacet
  facet normal 0 0 1
    outer loop
      vertex 122.5020 23.4383 4.5000
      vertex 123.8240 21.6180 4.5000
      vertex 123.0710 23.7868 4.5000
    endloop
  endfacet
  facet normal 0.996823 0.079644 0
    outer loop
      vertex 123.0000 20.0000 -1.1000
      vertex 123.0000 20.0000 4.5000
      vertex 123.0250 19.6871 4.5000
    endloop
  endfacet
  facet normal 0 0 1
    outer loop
      vertex 123.0000 20.0000 -1.1000
      vertex 123.0250 19.6871 -1.1000
      vertex 123.0250 20.3129 -1.1000
    endloop
  endfacet
  facet normal 0.996823 0.079644 0
    outer loop
      vertex 123.0000 20.0000 -1.1000
      vertex 123.0250 19.6871 4.5000
      vertex 123.0250 19.6871 -1.1000
    endloop
  endfacet
  facet normal 0.996823 -0.079644 0
    outer loop
      vertex 123.0000 20.0000 -1.1000
      vertex 123.0250 20.3129 -1.1000
      vertex 123.0000 20.0000 4.5000
    endloop
  endfacet
  facet normal 0.996823 -0.079644 0
    outer loop
      vertex 123.0000 20.0000 4.5000
      vertex 123.0250 20.3129 -1.1000
      vertex 123.0250 20.3129 4.5000
    endloop
  endfacet
  facet normal 0.972549 0.232698 0
    outer loop
      vertex 123.0250 19.6871 -1.1000
      vertex 123.0250 19.6871 4.5000
      vertex 123.0980 19.3820 4.5000
    endloop
  endfacet
  facet normal 0 0 1
    outer loop
      vertex 123.0250 19.6871 -1.1000
      vertex 123.0980 19.3820 -1.1000
      vertex 123.0250 20.3129 -1.1000
    endloop
  endfacet
  facet normal 0.972549 0.232698 0
    outer loop
      vertex 123.0250 19.6871 -1.1000
      vertex 123.0980 19.3820 4.5000
      vertex 123.0980 19.3820 -1.1000
    endloop
  endfacet
  facet normal 0 0 1
    outer loop
      vertex 123.0250 20.3129 -1.1000
      vertex 123.0980 19.3820 -1.1000
      vertex 123.0980 20.6180 -1.1000
    endloop
  endfacet
  facet normal 0.972549 -0.232698 0
    outer loop
      vertex 123.0250 20.3129 -1.1000
      vertex 123.0980 20.6180 -1.1000
      vertex 123.0250 20.3129 4.5000
    endloop
  endfacet
  facet normal 0.972549 -0.232698 0
    outer loop
      vertex 123.0250 20.3129 4.5000
      vertex 123.0980 20.6180 -1.1000
      vertex 123.0980 20.6180 4.5000
    endloop
  endfacet
  facet normal -0.38274 -0.923856 0
    outer loop
      vertex 123.0710 16.2132 0.0000
      vertex 123.6870 15.9580 0.0000
      vertex 123.6870 15.9580 4.5000
    endloop
  endfacet
  facet normal -0.38274 -0.923856 0
    outer loop
      vertex 123.0710 16.2132 0.0000
      vertex 123.6870 15.9580 4.5000
      vertex 123.0710 16.2132 4.5000
    endloop
  endfacet
  facet normal 0 0 1
    outer loop
      vertex 123.0710 16.2132 0.0000
      vertex 135.0000 -8.3333 0.0000
      vertex 123.6870 15.9580 0.0000
    endloop
  endfacet
  facet normal 0 0 1
    outer loop
      vertex 123.0710 16.2132 4.5000
      vertex 123.6870 15.9580 4.5000
      vertex 124.0920 18.2180 4.5000
    endloop
  endfacet
  facet normal 0 0 1
    outer loop
      vertex 123.0710 16.2132 4.5000
      vertex 124.0920 18.2180 4.5000
      vertex 123.8240 18.3820 4.5000
    endloop
  endfacet
  facet normal -0.38274 0.923856 0
    outer loop
      vertex 123.0710 23.7868 0.0000
      vertex 123.0710 23.7868 4.5000
      vertex 123.6870 24.0420 0.0000
    endloop
  endfacet
  facet normal -0.38274 0.923856 0
    outer loop
      vertex 123.0710 23.7868 4.5000
      vertex 123.6870 24.0420 4.5000
      vertex 123.6870 24.0420 0.0000
    endloop
  endfacet
  facet normal 0 0 1
    outer loop
      vertex 123.0710 23.7868 4.5000
      vertex 123.8240 21.6180 4.5000
      vertex 124.0920 21.7820 4.5000
    endloop
  endfacet
  facet normal 0 0 1
    outer loop
      vertex 123.0710 23.7868 4.5000
      vertex 124.0920 21.7820 4.5000
      vertex 123.6870 24.0420 4.5000
    endloop
  endfacet
  facet normal 0.924017 0.382352 0
    outer loop
      vertex 123.0980 19.3820 -1.1000
      vertex 123.0980 19.3820 4.5000
      vertex 123.2180 19.0920 4.5000
    endloop
  endfacet
  facet normal 0 0 1
    outer loop
      vertex 123.0980 19.3820 -1.1000
      vertex 123.2180 19.0920 -1.1000
      vertex 123.0980 20.6180 -1.1000
    endloop
  endfacet
  facet normal 0.924017 0.382352 0
    outer loop
      vertex 123.0980 19.3820 -1.1000
      vertex 123.2180 19.0920 4.5000
      vertex 123.2180 19.0920 -1.1000
    endloop
  endfacet
  facet normal 0 0 1
    outer loop
      vertex 123.0980 20.6180 -1.1000
      vertex 123.2180 19.0920 -1.1000
      vertex 123.2180 20.9080 -1.1000
    endloop
  endfacet
  facet normal 0.924017 -0.382352 0
    outer loop
      vertex 123.0980 20.6180 -1.1000
      vertex 123.2180 20.9080 -1.1000
      vertex 123.0980 20.6180 4.5000
    endloop
  endfacet
  facet normal 0.924017 -0.382352 0
    outer loop
      vertex 123.0980 20.6180 4.5000
      vertex 123.2180 20.9080 -1.1000
      vertex 123.2180 20.9080 4.5000
    endloop
  endfacet
  facet normal 0.85262 0.522532 0
    outer loop
      vertex 123.2180 19.0920 -1.1000
      vertex 123.2180 19.0920 4.5000
      vertex 123.3820 18.8244 4.5000
    endloop
  endfacet
  facet normal 0 0 1
    outer loop
      vertex 123.2180 19.0920 -1.1000
      vertex 123.3820 18.8244 -1.1000
      vertex 123.2180 20.9080 -1.1000
    endloop
  endfacet
  facet normal 0.85262 0.522532 0
    outer loop
      vertex 123.2180 19.0920 -1.1000
      vertex 123.3820 18.8244 4.5000
      vertex 123.3820 18.8244 -1.1000
    endloop
  endfacet
  facet normal 0 0 1
    outer loop
      vertex 123.2180 20.9080 -1.1000
      vertex 123.3820 18.8244 -1.1000
      vertex 123.3820 21.1756 -1.1000
    endloop
  endfacet
  facet normal 0.85262 -0.522532 0
    outer loop
      vertex 123.2180 20.9080 -1.1000
      vertex 123.3820 21.1756 -1.1000
      vertex 123.2180 20.9080 4.5000
    endloop
  endfacet
  facet normal 0.85262 -0.522532 0
    outer loop
      vertex 123.2180 20.9080 4.5000
      vertex 123.3820 21.1756 -1.1000
      vertex 123.3820 21.1756 4.5000
    endloop
  endfacet
  facet normal 0.760066 0.649846 0
    outer loop
      vertex 123.3820 18.8244 -1.1000
      vertex 123.3820 18.8244 4.5000
      vertex 123.5860 18.5858 4.5000
    endloop
  endfacet
  facet normal 0 0 1
    outer loop
      vertex 123.3820 18.8244 -1.1000
      vertex 123.5860 18.5858 -1.1000
      vertex 123.3820 21.1756 -1.1000
    endloop
  endfacet
  facet normal 0.760066 0.649846 0
    outer loop
      vertex 123.3820 18.8244 -1.1000
      vertex 123.5860 18.5858 4.5000
      vertex 123.5860 18.5858 -1.1000
    endloop
  endfacet
  facet normal 0 0 1
    outer loop
      vertex 123.3820 21.1756 -1.1000
      vertex 123.5860 18.5858 -1.1000
      vertex 123.5860 21.4142 -1.1000
    endloop
  endfacet
  facet normal 0.760066 -0.649846 0
    outer loop
      vertex 123.3820 21.1756 -1.1000
      vertex 123.5860 21.4142 -1.1000
      vertex 123.3820 21.1756 4.5000
    endloop
  endfacet
  facet normal 0.760066 -0.649846 0
    outer loop
      vertex 123.3820 21.1756 4.5000
      vertex 123.5860 21.4142 -1.1000
      vertex 123.5860 21.4142 4.5000
    endloop
  endfacet
  facet normal 0.650423 0.759572 0
    outer loop
      vertex 123.5860 18.5858 -1.1000
      vertex 123.5860 18.5858 4.5000
      vertex 123.8240 18.3820 -1.1000
    endloop
  endfacet
  facet normal 0 0 1
    outer loop
      vertex 123.5860 18.5858 -1.1000
      vertex 123.8240 18.3820 -1.1000
      vertex 123.5860 21.4142 -1.1000
    endloop
  endfacet
  facet normal 0.650423 0.759572 0
    outer loop
      vertex 123.5860 18.5858 4.5000
      vertex 123.8240 18.3820 4.5000
      vertex 123.8240 18.3820 -1.1000
    endloop
  endfacet
  facet normal 0 0 1
    outer loop
      vertex 123.5860 21.4142 -1.1000
      vertex 123.8240 18.3820 -1.1000
      vertex 123.8240 21.6180 -1.1000
    endloop
  endfacet
  facet normal 0.650423 -0.759572 0
    outer loop
      vertex 123.5860 21.4142 -1.1000
      vertex 123.8240 21.6180 -1.1000
      vertex 123.8240 21.6180 4.5000
    endloop
  endfacet
  facet normal 0.650423 -0.759572 0
    outer loop
      vertex 123.5860 21.4142 -1.1000
      vertex 123.8240 21.6180 4.5000
      vertex 123.5860 21.4142 4.5000
    endloop
  endfacet
  facet normal -0.233628 -0.972326 0
    outer loop
      vertex 123.6870 15.9580 0.0000
      vertex 124.3350 15.8023 0.0000
      vertex 124.3350 15.8023 4.5000
    endloop
  endfacet
  facet normal -0.233628 -0.972326 0
    outer loop
      vertex 123.6870 15.9580 0.0000
      vertex 124.3350 15.8023 4.5000
      vertex 123.6870 15.9580 4.5000
    endloop
  endfacet
  facet normal 0 0 1
    outer loop
      vertex 123.6870 15.9580 0.0000
      vertex 135.0000 -8.3333 0.0000
      vertex 124.3350 15.8023 0.0000
    endloop
  endfacet
  facet normal 0 0 1
    outer loop
      vertex 123.6870 15.9580 4.5000
      vertex 124.3350 15.8023 4.5000
      vertex 124.3820 18.0979 4.5000
    endloop
  endfacet
  facet normal 0 0 1
    outer loop
      vertex 123.6870 15.9580 4.5000
      vertex 124.3820 18.0979 4.5000
      vertex 124.0920 18.2180 4.5000
    endloop
  endfacet
  facet normal -0.233628 0.972326 0
    outer loop
      vertex 123.6870 24.0420 0.0000
      vertex 123.6870 24.0420 4.5000
      vertex 124.3350 24.1977 0.0000
    endloop
  endfacet
  facet normal 0 0 1
    outer loop
      vertex 123.6870 24.0420 0.0000
      vertex 124.3350 24.1977 0.0000
      vertex 135.0000 30.0000 0.0000
    endloop
  endfacet
  facet normal 0 0 1
    outer loop
      vertex 123.6870 24.0420 4.5000
      vertex 124.0920 21.7820 4.5000
      vertex 124.3820 21.9021 4.5000
    endloop
  endfacet
  facet normal -0.233628 0.972326 0
    outer loop
      vertex 123.6870 24.0420 4.5000
      vertex 124.3350 24.1977 4.5000
      vertex 124.3350 24.1977 0.0000
    endloop
  endfacet
  facet normal 0 0 1
    outer loop
      vertex 123.6870 24.0420 4.5000
      vertex 124.3820 21.9021 4.5000
      vertex 124.3350 24.1977 4.5000
    endloop
  endfacet
  facet normal 0.521965 0.852967 0
    outer loop
      vertex 123.8240 18.3820 -1.1000
      vertex 123.8240 18.3820 4.5000
      vertex 124.0920 18.2180 -1.1000
    endloop
  endfacet
  facet normal 0 0 1
    outer loop
      vertex 123.8240 18.3820 -1.1000
      vertex 124.0920 18.2180 -1.1000
      vertex 123.8240 21.6180 -1.1000
    endloop
  endfacet
  facet normal 0.521965 0.852967 0
    outer loop
      vertex 123.8240 18.3820 4.5000
      vertex 124.0920 18.2180 4.5000
      vertex 124.0920 18.2180 -1.1000
    endloop
  endfacet
  facet normal 0 0 1
    outer loop
      vertex 123.8240 21.6180 -1.1000
      vertex 124.0920 18.2180 -1.1000
      vertex 124.0920 21.7820 -1.1000
    endloop
  endfacet
  facet normal 0.521965 -0.852967 0
    outer loop
      vertex 123.8240 21.6180 -1.1000
      vertex 124.0920 21.7820 -1.1000
      vertex 124.0920 21.7820 4.5000
    endloop
  endfacet
  facet normal 0.521965 -0.852967 0
    outer loop
      vertex 123.8240 21.6180 -1.1000
      vertex 124.0920 21.7820 4.5000
      vertex 123.8240 21.6180 4.5000
    endloop
  endfacet
  facet normal 0.382624 0.923904 0
    outer loop
      vertex 124.0920 18.2180 -1.1000
      vertex 124.0920 18.2180 4.5000
      vertex 124.3820 18.0979 -1.1000
    endloop
  endfacet
  facet normal 0 0 1
    outer loop
      vertex 124.0920 18.2180 -1.1000
      vertex 124.3820 18.0979 -1.1000
      vertex 124.0920 21.7820 -1.1000
    endloop
  endfacet
  facet normal 0.382624 0.923904 0
    outer loop
      vertex 124.0920 18.2180 4.5000
      vertex 124.3820 18.0979 4.5000
      vertex 124.3820 18.0979 -1.1000
    endloop
  endfacet
  facet normal 0 0 1
    outer loop
      vertex 124.0920 21.7820 -1.1000
      vertex 124.3820 18.0979 -1.1000
      vertex 124.3820 21.9021 -1.1000
    endloop
  endfacet
  facet normal 0.382624 -0.923904 0
    outer loop
      vertex 124.0920 21.7820 -1.1000
      vertex 124.3820 21.9021 -1.1000
      vertex 124.3820 21.9021 4.5000
    endloop
  endfacet
  facet normal 0.382624 -0.923904 0
    outer loop
      vertex 124.0920 21.7820 -1.1000
      vertex 124.3820 21.9021 4.5000
      vertex 124.0920 21.7820 4.5000
    endloop
  endfacet
  facet normal -0.078405 -0.996922 0
    outer loop
      vertex 124.3350 15.8023 0.0000
      vertex 125.0000 15.7500 0.0000
      vertex 125.0000 15.7500 4.5000
    endloop
  endfacet
  facet normal -0.078405 -0.996922 0
    outer loop
      vertex 124.3350 15.8023 0.0000
      vertex 125.0000 15.7500 4.5000
      vertex 124.3350 15.8023 4.5000
    endloop
  endfacet
  facet normal 0 0 1
    outer loop
      vertex 124.3350 15.8023 0.0000
      vertex 135.0000 -8.3333 0.0000
      vertex 125.0000 15.7500 0.0000
    endloop
  endfacet
  facet normal 0 0 1
    outer loop
      vertex 124.3350 15.8023 4.5000
      vertex 124.6870 18.0246 4.5000
      vertex 124.3820 18.0979 4.5000
    endloop
  endfacet
  facet normal 0 0 1
    outer loop
      vertex 124.3350 15.8023 4.5000
      vertex 125.0000 15.7500 4.5000
      vertex 124.6870 18.0246 4.5000
    endloop
  endfacet
  facet normal -0.078405 0.996922 0
    outer loop
      vertex 124.3350 24.1977 0.0000
      vertex 124.3350 24.1977 4.5000
      vertex 125.0000 24.2500 0.0000
    endloop
  endfacet
  facet normal 0 0 1
    outer loop
      vertex 124.3350 24.1977 0.0000
      vertex 125.0000 24.2500 0.0000
      vertex 135.0000 30.0000 0.0000
    endloop
  endfacet
  facet normal 0 0 1
    outer loop
      vertex 124.3350 24.1977 4.5000
      vertex 124.3820 21.9021 4.5000
      vertex 124.6870 21.9754 4.5000
    endloop
  endfacet
  facet normal 0 0 1
    outer loop
      vertex 124.3350 24.1977 4.5000
      vertex 124.6870 21.9754 4.5000
      vertex 125.0000 24.2500 4.5000
    endloop
  endfacet
  facet normal -0.078405 0.996922 0
    outer loop
      vertex 124.3350 24.1977 4.5000
      vertex 125.0000 24.2500 4.5000
      vertex 125.0000 24.2500 0.0000
    endloop
  endfacet
  facet normal 0.233674 0.972315 0
    outer loop
      vertex 124.3820 18.0979 -1.1000
      vertex 124.3820 18.0979 4.5000
      vertex 124.6870 18.0246 -1.1000
    endloop
  endfacet
  facet normal 0 0 1
    outer loop
      vertex 124.3820 18.0979 -1.1000
      vertex 124.6870 18.0246 -1.1000
      vertex 124.3820 21.9021 -1.1000
    endloop
  endfacet
  facet normal 0.233674 0.972315 0
    outer loop
      vertex 124.3820 18.0979 4.5000
      vertex 124.6870 18.0246 4.5000
      vertex 124.6870 18.0246 -1.1000
    endloop
  endfacet
  facet normal 0 0 1
    outer loop
      vertex 124.3820 21.9021 -1.1000
      vertex 124.6870 18.0246 -1.1000
      vertex 124.6870 21.9754 -1.1000
    endloop
  endfacet
  facet normal 0.233674 -0.972315 0
    outer loop
      vertex 124.3820 21.9021 -1.1000
      vertex 124.6870 21.9754 -1.1000
      vertex 124.6870 21.9754 4.5000
    endloop
  endfacet
  facet normal 0.233674 -0.972315 0
    outer loop
      vertex 124.3820 21.9021 -1.1000
      vertex 124.6870 21.9754 4.5000
      vertex 124.3820 21.9021 4.5000
    endloop
  endfacet
  facet normal 0.078353 0.996926 0
    outer loop
      vertex 124.6870 18.0246 -1.1000
      vertex 124.6870 18.0246 4.5000
      vertex 125.0000 18.0000 -1.1000
    endloop
  endfacet
  facet normal 0 0 1
    outer loop
      vertex 124.6870 18.0246 -1.1000
      vertex 125.0000 18.0000 -1.1000
      vertex 124.6870 21.9754 -1.1000
    endloop
  endfacet
  facet normal 0 0 1
    outer loop
      vertex 124.6870 18.0246 4.5000
      vertex 125.0000 15.7500 4.5000
      vertex 125.0000 18.0000 4.5000
    endloop
  endfacet
  facet normal 0.078353 0.996926 0
    outer loop
      vertex 124.6870 18.0246 4.5000
      vertex 125.0000 18.0000 4.5000
      vertex 125.0000 18.0000 -1.1000
    endloop
  endfacet
  facet normal 0 0 1
    outer loop
      vertex 124.6870 21.9754 -1.1000
      vertex 125.0000 18.0000 -1.1000
      vertex 125.0000 22.0000 -1.1000
    endloop
  endfacet
  facet normal 0.078353 -0.996926 0
    outer loop
      vertex 124.6870 21.9754 -1.1000
      vertex 125.0000 22.0000 -1.1000
      vertex 125.0000 22.0000 4.5000
    endloop
  endfacet
  facet normal 0.078353 -0.996926 0
    outer loop
      vertex 124.6870 21.9754 -1.1000
      vertex 125.0000 22.0000 4.5000
      vertex 124.6870 21.9754 4.5000
    endloop
  endfacet
  facet normal 0 0 1
    outer loop
      vertex 124.6870 21.9754 4.5000
      vertex 125.0000 22.0000 4.5000
      vertex 125.0000 24.2500 4.5000
    endloop
  endfacet
  facet normal 0.078405 -0.996922 0
    outer loop
      vertex 125.0000 15.7500 0.0000
      vertex 125.6650 15.8023 0.0000
      vertex 125.6650 15.8023 4.5000
    endloop
  endfacet
  facet normal 0.078405 -0.996922 0
    outer loop
      vertex 125.0000 15.7500 0.0000
      vertex 125.6650 15.8023 4.5000
      vertex 125.0000 15.7500 4.5000
    endloop
  endfacet
  facet normal 0 0 1
    outer loop
      vertex 125.0000 15.7500 0.0000
      vertex 135.0000 -8.3333 0.0000
      vertex 125.6650 15.8023 0.0000
    endloop
  endfacet
  facet normal 0 0 1
    outer loop
      vertex 125.0000 15.7500 4.5000
      vertex 125.6650 15.8023 4.5000
      vertex 125.0000 18.0000 4.5000
    endloop
  endfacet
  facet normal -0.078353 0.996926 0
    outer loop
      vertex 125.0000 18.0000 -1.1000
      vertex 125.0000 18.0000 4.5000
      vertex 125.3130 18.0246 -1.1000
    endloop
  endfacet
  facet normal 0 0 1
    outer loop
      vertex 125.0000 18.0000 -1.1000
      vertex 125.3130 18.0246 -1.1000
      vertex 125.0000 22.0000 -1.1000
    endloop
  endfacet
  facet normal -0.078353 0.996926 0
    outer loop
      vertex 125.0000 18.0000 4.5000
      vertex 125.3130 18.0246 4.5000
      vertex 125.3130 18.0246 -1.1000
    endloop
  endfacet
  facet normal 0 0 1
    outer loop
      vertex 125.0000 18.0000 4.5000
      vertex 125.6650 15.8023 4.5000
      vertex 125.3130 18.0246 4.5000
    endloop
  endfacet
  facet normal 0 0 1
    outer loop
      vertex 125.0000 22.0000 -1.1000
      vertex 125.3130 18.0246 -1.1000
      vertex 125.3130 21.9754 -1.1000
    endloop
  endfacet
  facet normal -0.078353 -0.996926 0
    outer loop
      vertex 125.0000 22.0000 -1.1000
      vertex 125.3130 21.9754 -1.1000
      vertex 125.3130 21.9754 4.5000
    endloop
  endfacet
  facet normal -0.078353 -0.996926 0
    outer loop
      vertex 125.0000 22.0000 -1.1000
      vertex 125.3130 21.9754 4.5000
      vertex 125.0000 22.0000 4.5000
    endloop
  endfacet
  facet normal 0 0 1
    outer loop
      vertex 125.0000 22.0000 4.5000
      vertex 125.3130 21.9754 4.5000
      vertex 125.0000 24.2500 4.5000
    endloop
  endfacet
  facet normal 0.078405 0.996922 0
    outer loop
      vertex 125.0000 24.2500 0.0000
      vertex 125.0000 24.2500 4.5000
      vertex 125.6650 24.1977 0.0000
    endloop
  endfacet
  facet normal 0 0 1
    outer loop
      vertex 125.0000 24.2500 0.0000
      vertex 125.6650 24.1977 0.0000
      vertex 135.0000 30.0000 0.0000
    endloop
  endfacet
  facet normal 0 0 1
    outer loop
      vertex 125.0000 24.2500 4.5000
      vertex 125.3130 21.9754 4.5000
      vertex 125.6650 24.1977 4.5000
    endloop
  endfacet
  facet normal 0.078405 0.996922 0
    outer loop
      vertex 125.0000 24.2500 4.5000
      vertex 125.6650 24.1977 4.5000
      vertex 125.6650 24.1977 0.0000
    endloop
  endfacet
  facet normal -0.233674 0.972315 0
    outer loop
      vertex 125.3130 18.0246 -1.1000
      vertex 125.3130 18.0246 4.5000
      vertex 125.6180 18.0979 -1.1000
    endloop
  endfacet
  facet normal 0 0 1
    outer loop
      vertex 125.3130 18.0246 -1.1000
      vertex 125.6180 18.0979 -1.1000
      vertex 125.3130 21.9754 -1.1000
    endloop
  endfacet
  facet normal -0.233674 0.972315 0
    outer loop
      vertex 125.3130 18.0246 4.5000
      vertex 125.6180 18.0979 4.5000
      vertex 125.6180 18.0979 -1.1000
    endloop
  endfacet
  facet normal 0 0 1
    outer loop
      vertex 125.3130 18.0246 4.5000
      vertex 125.6650 15.8023 4.5000
      vertex 125.6180 18.0979 4.5000
    endloop
  endfacet
  facet normal 0 0 1
    outer loop
      vertex 125.3130 21.9754 -1.1000
      vertex 125.6180 18.0979 -1.1000
      vertex 125.6180 21.9021 -1.1000
    endloop
  endfacet
  facet normal -0.233674 -0.972315 0
    outer loop
      vertex 125.3130 21.9754 -1.1000
      vertex 125.6180 21.9021 -1.1000
      vertex 125.6180 21.9021 4.5000
    endloop
  endfacet
  facet normal -0.233674 -0.972315 0
    outer loop
      vertex 125.3130 21.9754 -1.1000
      vertex 125.6180 21.9021 4.5000
      vertex 125.3130 21.9754 4.5000
    endloop
  endfacet
  facet normal 0 0 1
    outer loop
      vertex 125.3130 21.9754 4.5000
      vertex 125.6180 21.9021 4.5000
      vertex 125.6650 24.1977 4.5000
    endloop
  endfacet
  facet normal -0.382624 0.923904 0
    outer loop
      vertex 125.6180 18.0979 -1.1000
      vertex 125.6180 18.0979 4.5000
      vertex 125.9080 18.2180 -1.1000
    endloop
  endfacet
  facet normal 0 0 1
    outer loop
      vertex 125.6180 18.0979 -1.1000
      vertex 125.9080 18.2180 -1.1000
      vertex 125.6180 21.9021 -1.1000
    endloop
  endfacet
  facet normal 0 0 1
    outer loop
      vertex 125.6180 18.0979 4.5000
      vertex 125.6650 15.8023 4.5000
      vertex 126.3130 15.9580 4.5000
    endloop
  endfacet
  facet normal -0.382624 0.923904 0
    outer loop
      vertex 125.6180 18.0979 4.5000
      vertex 125.9080 18.2180 4.5000
      vertex 125.9080 18.2180 -1.1000
    endloop
  endfacet
  facet normal 0 0 1
    outer loop
      vertex 125.6180 18.0979 4.5000
      vertex 126.3130 15.9580 4.5000
      vertex 125.9080 18.2180 4.5000
    endloop
  endfacet
  facet normal 0 0 1
    outer loop
      vertex 125.6180 21.9021 -1.1000
      vertex 125.9080 18.2180 -1.1000
      vertex 125.9080 21.7820 -1.1000
    endloop
  endfacet
  facet normal -0.382624 -0.923904 0
    outer loop
      vertex 125.6180 21.9021 -1.1000
      vertex 125.9080 21.7820 -1.1000
      vertex 125.9080 21.7820 4.5000
    endloop
  endfacet
  facet normal -0.382624 -0.923904 0
    outer loop
      vertex 125.6180 21.9021 -1.1000
      vertex 125.9080 21.7820 4.5000
      vertex 125.6180 21.9021 4.5000
    endloop
  endfacet
  facet normal 0 0 1
    outer loop
      vertex 125.6180 21.9021 4.5000
      vertex 125.9080 21.7820 4.5000
      vertex 126.3130 24.0420 4.5000
    endloop
  endfacet
  facet normal 0 0 1
    outer loop
      vertex 125.6180 21.9021 4.5000
      vertex 126.3130 24.0420 4.5000
      vertex 125.6650 24.1977 4.5000
    endloop
  endfacet
  facet normal 0.233628 -0.972326 0
    outer loop
      vertex 125.6650 15.8023 0.0000
      vertex 126.3130 15.9580 0.0000
      vertex 126.3130 15.9580 4.5000
    endloop
  endfacet
  facet normal 0.233628 -0.972326 0
    outer loop
      vertex 125.6650 15.8023 0.0000
      vertex 126.3130 15.9580 4.5000
      vertex 125.6650 15.8023 4.5000
    endloop
  endfacet
  facet normal 0 0 1
    outer loop
      vertex 125.6650 15.8023 0.0000
      vertex 135.0000 -8.3333 0.0000
      vertex 126.3130 15.9580 0.0000
    endloop
  endfacet
  facet normal 0.233628 0.972326 0
    outer loop
      vertex 125.6650 24.1977 0.0000
      vertex 125.6650 24.1977 4.5000
      vertex 126.3130 24.0420 0.0000
    endloop
  endfacet
  facet normal 0 0 1
    outer loop
      vertex 125.6650 24.1977 0.0000
      vertex 126.3130 24.0420 0.0000
      vertex 135.0000 30.0000 0.0000
    endloop
  endfacet
  facet normal 0.233628 0.972326 0
    outer loop
      vertex 125.6650 24.1977 4.5000
      vertex 126.3130 24.0420 4.5000
      vertex 126.3130 24.0420 0.0000
    endloop
  endfacet
  facet normal -0.521965 0.852967 0
    outer loop
      vertex 125.9080 18.2180 -1.1000
      vertex 125.9080 18.2180 4.5000
      vertex 126.1760 18.3820 -1.1000
    endloop
  endfacet
  facet normal 0 0 1
    outer loop
      vertex 125.9080 18.2180 -1.1000
      vertex 126.1760 18.3820 -1.1000
      vertex 125.9080 21.7820 -1.1000
    endloop
  endfacet
  facet normal -0.521965 0.852967 0
    outer loop
      vertex 125.9080 18.2180 4.5000
      vertex 126.1760 18.3820 4.5000
      vertex 126.1760 18.3820 -1.1000
    endloop
  endfacet
  facet normal 0 0 1
    outer loop
      vertex 125.9080 18.2180 4.5000
      vertex 126.3130 15.9580 4.5000
      vertex 126.9290 16.2132 4.5000
    endloop
  endfacet
  facet normal 0 0 1
    outer loop
      vertex 125.9080 18.2180 4.5000
      vertex 126.9290 16.2132 4.5000
      vertex 126.1760 18.3820 4.5000
    endloop
  endfacet
  facet normal 0 0 1
    outer loop
      vertex 125.9080 21.7820 -1.1000
      vertex 126.1760 18.3820 -1.1000
      vertex 126.1760 21.6180 -1.1000
    endloop
  endfacet
  facet normal -0.521965 -0.852967 0
    outer loop
      vertex 125.9080 21.7820 -1.1000
      vertex 126.1760 21.6180 -1.1000
      vertex 126.1760 21.6180 4.5000
    endloop
  endfacet
  facet normal -0.521965 -0.852967 0
    outer loop
      vertex 125.9080 21.7820 -1.1000
      vertex 126.1760 21.6180 4.5000
      vertex 125.9080 21.7820 4.5000
    endloop
  endfacet
  facet normal 0 0 1
    outer loop
      vertex 125.9080 21.7820 4.5000
      vertex 126.1760 21.6180 4.5000
      vertex 126.9290 23.7868 4.5000
    endloop
  endfacet
  facet normal 0 0 1
    outer loop
      vertex 125.9080 21.7820 4.5000
      vertex 126.9290 23.7868 4.5000
      vertex 126.3130 24.0420 4.5000
    endloop
  endfacet
  facet normal -0.650423 0.759572 0
    outer loop
      vertex 126.1760 18.3820 -1.1000
      vertex 126.1760 18.3820 4.5000
      vertex 126.4140 18.5858 -1.1000
    endloop
  endfacet
  facet normal 0 0 1
    outer loop
      vertex 126.1760 18.3820 -1.1000
      vertex 126.4140 18.5858 -1.1000
      vertex 126.1760 21.6180 -1.1000
    endloop
  endfacet
  facet normal -0.650423 0.759572 0
    outer loop
      vertex 126.1760 18.3820 4.5000
      vertex 126.4140 18.5858 4.5000
      vertex 126.4140 18.5858 -1.1000
    endloop
  endfacet
  facet normal 0 0 1
    outer loop
      vertex 126.1760 18.3820 4.5000
      vertex 126.9290 16.2132 4.5000
      vertex 127.4980 16.5617 4.5000
    endloop
  endfacet
  facet normal 0 0 1
    outer loop
      vertex 126.1760 18.3820 4.5000
      vertex 127.4980 16.5617 4.5000
      vertex 126.4140 18.5858 4.5000
    endloop
  endfacet
  facet normal 0 0 1
    outer loop
      vertex 126.1760 21.6180 -1.1000
      vertex 126.4140 18.5858 -1.1000
      vertex 126.4140 21.4142 -1.1000
    endloop
  endfacet
  facet normal -0.650423 -0.759572 0
    outer loop
      vertex 126.1760 21.6180 -1.1000
      vertex 126.4140 21.4142 -1.1000
      vertex 126.4140 21.4142 4.5000
    endloop
  endfacet
  facet normal -0.650423 -0.759572 0
    outer loop
      vertex 126.1760 21.6180 -1.1000
      vertex 126.4140 21.4142 4.5000
      vertex 126.1760 21.6180 4.5000
    endloop
  endfacet
  facet normal 0 0 1
    outer loop
      vertex 126.1760 21.6180 4.5000
      vertex 126.4140 21.4142 4.5000
      vertex 127.4980 23.4383 4.5000
    endloop
  endfacet
  facet normal 0 0 1
    outer loop
      vertex 126.1760 21.6180 4.5000
      vertex 127.4980 23.4383 4.5000
      vertex 126.9290 23.7868 4.5000
    endloop
  endfacet
  facet normal 0.38274 -0.923856 0
    outer loop
      vertex 126.3130 15.9580 0.0000
      vertex 126.9290 16.2132 0.0000
      vertex 126.9290 16.2132 4.5000
    endloop
  endfacet
  facet normal 0.38274 -0.923856 0
    outer loop
      vertex 126.3130 15.9580 0.0000
      vertex 126.9290 16.2132 4.5000
      vertex 126.3130 15.9580 4.5000
    endloop
  endfacet
  facet normal 0 0 1
    outer loop
      vertex 126.3130 15.9580 0.0000
      vertex 135.0000 -8.3333 0.0000
      vertex 126.9290 16.2132 0.0000
    endloop
  endfacet
  facet normal 0.38274 0.923856 0
    outer loop
      vertex 126.3130 24.0420 0.0000
      vertex 126.3130 24.0420 4.5000
      vertex 126.9290 23.7868 0.0000
    endloop
  endfacet
  facet normal 0 0 1
    outer loop
      vertex 126.3130 24.0420 0.0000
      vertex 126.9290 23.7868 0.0000
      vertex 135.0000 30.0000 0.0000
    endloop
  endfacet
  facet normal 0.38274 0.923856 0
    outer loop
      vertex 126.3130 24.0420 4.5000
      vertex 126.9290 23.7868 4.5000
      vertex 126.9290 23.7868 0.0000
    endloop
  endfacet
  facet normal -0.760066 0.649846 0
    outer loop
      vertex 126.4140 18.5858 -1.1000
      vertex 126.4140 18.5858 4.5000
      vertex 126.6180 18.8244 4.5000
    endloop
  endfacet
  facet normal 0 0 1
    outer loop
      vertex 126.4140 18.5858 -1.1000
      vertex 126.6180 18.8244 -1.1000
      vertex 126.4140 21.4142 -1.1000
    endloop
  endfacet
  facet normal -0.760066 0.649846 0
    outer loop
      vertex 126.4140 18.5858 -1.1000
      vertex 126.6180 18.8244 4.5000
      vertex 126.6180 18.8244 -1.1000
    endloop
  endfacet
  facet normal 0 0 1
    outer loop
      vertex 126.4140 18.5858 4.5000
      vertex 127.4980 16.5617 4.5000
      vertex 128.0050 16.9948 4.5000
    endloop
  endfacet
  facet normal 0 0 1
    outer loop
      vertex 126.4140 18.5858 4.5000
      vertex 128.0050 16.9948 4.5000
      vertex 126.6180 18.8244 4.5000
    endloop
  endfacet
  facet normal 0 0 1
    outer loop
      vertex 126.4140 21.4142 -1.1000
      vertex 126.6180 18.8244 -1.1000
      vertex 126.6180 21.1756 -1.1000
    endloop
  endfacet
  facet normal -0.760066 -0.649846 0
    outer loop
      vertex 126.4140 21.4142 -1.1000
      vertex 126.6180 21.1756 -1.1000
      vertex 126.4140 21.4142 4.5000
    endloop
  endfacet
  facet normal -0.760066 -0.649846 0
    outer loop
      vertex 126.4140 21.4142 4.5000
      vertex 126.6180 21.1756 -1.1000
      vertex 126.6180 21.1756 4.5000
    endloop
  endfacet
  facet normal 0 0 1
    outer loop
      vertex 126.4140 21.4142 4.5000
      vertex 126.6180 21.1756 4.5000
      vertex 128.0050 23.0052 4.5000
    endloop
  endfacet
  facet normal 0 0 1
    outer loop
      vertex 126.4140 21.4142 4.5000
      vertex 128.0050 23.0052 4.5000
      vertex 127.4980 23.4383 4.5000
    endloop
  endfacet
  facet normal -0.85262 0.522532 0
    outer loop
      vertex 126.6180 18.8244 -1.1000
      vertex 126.6180 18.8244 4.5000
      vertex 126.7820 19.0920 4.5000
    endloop
  endfacet
  facet normal 0 0 1
    outer loop
      vertex 126.6180 18.8244 -1.1000
      vertex 126.7820 19.0920 -1.1000
      vertex 126.6180 21.1756 -1.1000
    endloop
  endfacet
  facet normal -0.85262 0.522532 0
    outer loop
      vertex 126.6180 18.8244 -1.1000
      vertex 126.7820 19.0920 4.5000
      vertex 126.7820 19.0920 -1.1000
    endloop
  endfacet
  facet normal 0 0 1
    outer loop
      vertex 126.6180 18.8244 4.5000
      vertex 128.0050 16.9948 4.5000
      vertex 128.4380 17.5019 4.5000
    endloop
  endfacet
  facet normal 0 0 1
    outer loop
      vertex 126.6180 18.8244 4.5000
      vertex 128.4380 17.5019 4.5000
      vertex 126.7820 19.0920 4.5000
    endloop
  endfacet
  facet normal 0 0 1
    outer loop
      vertex 126.6180 21.1756 -1.1000
      vertex 126.7820 19.0920 -1.1000
      vertex 126.7820 20.9080 -1.1000
    endloop
  endfacet
  facet normal -0.85262 -0.522532 0
    outer loop
      vertex 126.6180 21.1756 -1.1000
      vertex 126.7820 20.9080 -1.1000
      vertex 126.6180 21.1756 4.5000
    endloop
  endfacet
  facet normal -0.85262 -0.522532 0
    outer loop
      vertex 126.6180 21.1756 4.5000
      vertex 126.7820 20.9080 -1.1000
      vertex 126.7820 20.9080 4.5000
    endloop
  endfacet
  facet normal 0 0 1
    outer loop
      vertex 126.6180 21.1756 4.5000
      vertex 126.7820 20.9080 4.5000
      vertex 128.4380 22.4981 4.5000
    endloop
  endfacet
  facet normal 0 0 1
    outer loop
      vertex 126.6180 21.1756 4.5000
      vertex 128.4380 22.4981 4.5000
      vertex 128.0050 23.0052 4.5000
    endloop
  endfacet
  facet normal -0.924017 0.382352 0
    outer loop
      vertex 126.7820 19.0920 -1.1000
      vertex 126.7820 19.0920 4.5000
      vertex 126.9020 19.3820 4.5000
    endloop
  endfacet
  facet normal 0 0 1
    outer loop
      vertex 126.7820 19.0920 -1.1000
      vertex 126.9020 19.3820 -1.1000
      vertex 126.7820 20.9080 -1.1000
    endloop
  endfacet
  facet normal -0.924017 0.382352 0
    outer loop
      vertex 126.7820 19.0920 -1.1000
      vertex 126.9020 19.3820 4.5000
      vertex 126.9020 19.3820 -1.1000
    endloop
  endfacet
  facet normal 0 0 1
    outer loop
      vertex 126.7820 19.0920 4.5000
      vertex 128.4380 17.5019 4.5000
      vertex 128.7870 18.0705 4.5000
    endloop
  endfacet
  facet normal 0 0 1
    outer loop
      vertex 126.7820 19.0920 4.5000
      vertex 128.7870 18.0705 4.5000
      vertex 126.9020 19.3820 4.5000
    endloop
  endfacet
  facet normal 0 0 1
    outer loop
      vertex 126.7820 20.9080 -1.1000
      vertex 126.9020 19.3820 -1.1000
      vertex 126.9020 20.6180 -1.1000
    endloop
  endfacet
  facet normal -0.924017 -0.382352 0
    outer loop
      vertex 126.7820 20.9080 -1.1000
      vertex 126.9020 20.6180 -1.1000
      vertex 126.7820 20.9080 4.5000
    endloop
  endfacet
  facet normal -0.924017 -0.382352 0
    outer loop
      vertex 126.7820 20.9080 4.5000
      vertex 126.9020 20.6180 -1.1000
      vertex 126.9020 20.6180 4.5000
    endloop
  endfacet
  facet normal 0 0 1
    outer loop
      vertex 126.7820 20.9080 4.5000
      vertex 126.9020 20.6180 4.5000
      vertex 128.7870 21.9295 4.5000
    endloop
  endfacet
  facet normal 0 0 1
    outer loop
      vertex 126.7820 20.9080 4.5000
      vertex 128.7870 21.9295 4.5000
      vertex 128.4380 22.4981 4.5000
    endloop
  endfacet
  facet normal -0.972549 0.232698 0
    outer loop
      vertex 126.9020 19.3820 -1.1000
      vertex 126.9020 19.3820 4.5000
      vertex 126.9750 19.6871 4.5000
    endloop
  endfacet
  facet normal 0 0 1
    outer loop
      vertex 126.9020 19.3820 -1.1000
      vertex 126.9750 19.6871 -1.1000
      vertex 126.9020 20.6180 -1.1000
    endloop
  endfacet
  facet normal -0.972549 0.232698 0
    outer loop
      vertex 126.9020 19.3820 -1.1000
      vertex 126.9750 19.6871 4.5000
      vertex 126.9750 19.6871 -1.1000
    endloop
  endfacet
  facet normal 0 0 1
    outer loop
      vertex 126.9020 19.3820 4.5000
      vertex 128.7870 18.0705 4.5000
      vertex 129.0420 18.6867 4.5000
    endloop
  endfacet
  facet normal 0 0 1
    outer loop
      vertex 126.9020 19.3820 4.5000
      vertex 129.0420 18.6867 4.5000
      vertex 126.9750 19.6871 4.5000
    endloop
  endfacet
  facet normal 0 0 1
    outer loop
      vertex 126.9020 20.6180 -1.1000
      vertex 126.9750 19.6871 -1.1000
      vertex 126.9750 20.3129 -1.1000
    endloop
  endfacet
  facet normal -0.972549 -0.232698 0
    outer loop
      vertex 126.9020 20.6180 -1.1000
      vertex 126.9750 20.3129 -1.1000
      vertex 126.9020 20.6180 4.5000
    endloop
  endfacet
  facet normal -0.972549 -0.232698 0
    outer loop
      vertex 126.9020 20.6180 4.5000
      vertex 126.9750 20.3129 -1.1000
      vertex 126.9750 20.3129 4.5000
    endloop
  endfacet
  facet normal 0 0 1
    outer loop
      vertex 126.9020 20.6180 4.5000
      vertex 126.9750 20.3129 4.5000
      vertex 129.0420 21.3133 4.5000
    endloop
  endfacet
  facet normal 0 0 1
    outer loop
      vertex 126.9020 20.6180 4.5000
      vertex 129.0420 21.3133 4.5000
      vertex 128.7870 21.9295 4.5000
    endloop
  endfacet
  facet normal 0.522298 -0.852763 0
    outer loop
      vertex 126.9290 16.2132 0.0000
      vertex 127.4980 16.5617 0.0000
      vertex 127.4980 16.5617 4.5000
    endloop
  endfacet
  facet normal 0.522298 -0.852763 0
    outer loop
      vertex 126.9290 16.2132 0.0000
      vertex 127.4980 16.5617 4.5000
      vertex 126.9290 16.2132 4.5000
    endloop
  endfacet
  facet normal 0 0 1
    outer loop
      vertex 126.9290 16.2132 0.0000
      vertex 135.0000 -8.3333 0.0000
      vertex 127.4980 16.5617 0.0000
    endloop
  endfacet
  facet normal 0.522298 0.852763 0
    outer loop
      vertex 126.9290 23.7868 0.0000
      vertex 126.9290 23.7868 4.5000
      vertex 127.4980 23.4383 0.0000
    endloop
  endfacet
  facet normal 0 0 1
    outer loop
      vertex 126.9290 23.7868 0.0000
      vertex 127.4980 23.4383 0.0000
      vertex 135.0000 30.0000 0.0000
    endloop
  endfacet
  facet normal 0.522298 0.852763 0
    outer loop
      vertex 126.9290 23.7868 4.5000
      vertex 127.4980 23.4383 4.5000
      vertex 127.4980 23.4383 0.0000
    endloop
  endfacet
  facet normal -0.996823 0.079644 0
    outer loop
      vertex 126.9750 19.6871 -1.1000
      vertex 126.9750 19.6871 4.5000
      vertex 127.0000 20.0000 4.5000
    endloop
  endfacet
  facet normal 0 0 1
    outer loop
      vertex 126.9750 19.6871 -1.1000
      vertex 127.0000 20.0000 -1.1000
      vertex 126.9750 20.3129 -1.1000
    endloop
  endfacet
  facet normal -0.996823 0.079644 0
    outer loop
      vertex 126.9750 19.6871 -1.1000
      vertex 127.0000 20.0000 4.5000
      vertex 127.0000 20.0000 -1.1000
    endloop
  endfacet
  facet normal 0 0 1
    outer loop
      vertex 126.9750 19.6871 4.5000
      vertex 129.0420 18.6867 4.5000
      vertex 129.1980 19.3352 4.5000
    endloop
  endfacet
  facet normal 0 0 1
    outer loop
      vertex 126.9750 19.6871 4.5000
      vertex 129.1980 19.3352 4.5000
      vertex 127.0000 20.0000 4.5000
    endloop
  endfacet
  facet normal -0.996823 -0.079644 0
    outer loop
      vertex 126.9750 20.3129 -1.1000
      vertex 127.0000 20.0000 -1.1000
      vertex 126.9750 20.3129 4.5000
    endloop
  endfacet
  facet normal -0.996823 -0.079644 0
    outer loop
      vertex 126.9750 20.3129 4.5000
      vertex 127.0000 20.0000 -1.1000
      vertex 127.0000 20.0000 4.5000
    endloop
  endfacet
  facet normal 0 0 1
    outer loop
      vertex 126.9750 20.3129 4.5000
      vertex 127.0000 20.0000 4.5000
      vertex 129.1980 20.6648 4.5000
    endloop
  endfacet
  facet normal 0 0 1
    outer loop
      vertex 126.9750 20.3129 4.5000
      vertex 129.1980 20.6648 4.5000
      vertex 129.0420 21.3133 4.5000
    endloop
  endfacet
  facet normal 0 0 1
    outer loop
      vertex 127.0000 20.0000 4.5000
      vertex 129.1980 19.3352 4.5000
      vertex 129.2500 20.0000 4.5000
    endloop
  endfacet
  facet normal 0 0 1
    outer loop
      vertex 127.0000 20.0000 4.5000
      vertex 129.2500 20.0000 4.5000
      vertex 129.1980 20.6648 4.5000
    endloop
  endfacet
  facet normal 0.649518 -0.760346 0
    outer loop
      vertex 127.4980 16.5617 0.0000
      vertex 128.0050 16.9948 0.0000
      vertex 128.0050 16.9948 4.5000
    endloop
  endfacet
  facet normal 0.649518 -0.760346 0
    outer loop
      vertex 127.4980 16.5617 0.0000
      vertex 128.0050 16.9948 4.5000
      vertex 127.4980 16.5617 4.5000
    endloop
  endfacet
  facet normal 0 0 1
    outer loop
      vertex 127.4980 16.5617 0.0000
      vertex 135.0000 -8.3333 0.0000
      vertex 128.0050 16.9948 0.0000
    endloop
  endfacet
  facet normal 0.649518 0.760346 0
    outer loop
      vertex 127.4980 23.4383 0.0000
      vertex 127.4980 23.4383 4.5000
      vertex 128.0050 23.0052 0.0000
    endloop
  endfacet
  facet normal 0 0 1
    outer loop
      vertex 127.4980 23.4383 0.0000
      vertex 128.0050 23.0052 0.0000
      vertex 135.0000 30.0000 0.0000
    endloop
  endfacet
  facet normal 0.649518 0.760346 0
    outer loop
      vertex 127.4980 23.4383 4.5000
      vertex 128.0050 23.0052 4.5000
      vertex 128.0050 23.0052 0.0000
    endloop
  endfacet
  facet normal 0.760483 -0.649358 0
    outer loop
      vertex 128.0050 16.9948 0.0000
      vertex 128.4380 17.5019 0.0000
      vertex 128.0050 16.9948 4.5000
    endloop
  endfacet
  facet normal 0 0 1
    outer loop
      vertex 128.0050 16.9948 0.0000
      vertex 135.0000 -8.3333 0.0000
      vertex 128.4380 17.5019 0.0000
    endloop
  endfacet
  facet normal 0.760483 -0.649358 0
    outer loop
      vertex 128.0050 16.9948 4.5000
      vertex 128.4380 17.5019 0.0000
      vertex 128.4380 17.5019 4.5000
    endloop
  endfacet
  facet normal 0.760483 0.649358 0
    outer loop
      vertex 128.0050 23.0052 0.0000
      vertex 128.0050 23.0052 4.5000
      vertex 128.4380 22.4981 4.5000
    endloop
  endfacet
  facet normal 0 0 1
    outer loop
      vertex 128.0050 23.0052 0.0000
      vertex 128.4380 22.4981 0.0000
      vertex 135.0000 30.0000 0.0000
    endloop
  endfacet
  facet normal 0.760483 0.649358 0
    outer loop
      vertex 128.0050 23.0052 0.0000
      vertex 128.4380 22.4981 4.5000
      vertex 128.4380 22.4981 0.0000
    endloop
  endfacet
  facet normal 0.852265 -0.52311 0
    outer loop
      vertex 128.4380 17.5019 0.0000
      vertex 128.7870 18.0705 0.0000
      vertex 128.4380 17.5019 4.5000
    endloop
  endfacet
  facet normal 0 0 1
    outer loop
      vertex 128.4380 17.5019 0.0000
      vertex 135.0000 -8.3333 0.0000
      vertex 128.7870 18.0705 0.0000
    endloop
  endfacet
  facet normal 0.852265 -0.52311 0
    outer loop
      vertex 128.4380 17.5019 4.5000
      vertex 128.7870 18.0705 0.0000
      vertex 128.7870 18.0705 4.5000
    endloop
  endfacet
  facet normal 0.852265 0.52311 0
    outer loop
      vertex 128.4380 22.4981 0.0000
      vertex 128.4380 22.4981 4.5000
      vertex 128.7870 21.9295 4.5000
    endloop
  endfacet
  facet normal 0 0 1
    outer loop
      vertex 128.4380 22.4981 0.0000
      vertex 128.7870 21.9295 0.0000
      vertex 135.0000 30.0000 0.0000
    endloop
  endfacet
  facet normal 0.852265 0.52311 0
    outer loop
      vertex 128.4380 22.4981 0.0000
      vertex 128.7870 21.9295 4.5000
      vertex 128.7870 21.9295 0.0000
    endloop
  endfacet
  facet normal 0.924006 -0.382378 0
    outer loop
      vertex 128.7870 18.0705 0.0000
      vertex 129.0420 18.6867 0.0000
      vertex 128.7870 18.0705 4.5000
    endloop
  endfacet
  facet normal 0 0 1
    outer loop
      vertex 128.7870 18.0705 0.0000
      vertex 135.0000 -8.3333 0.0000
      vertex 129.0420 18.6867 0.0000
    endloop
  endfacet
  facet normal 0.924006 -0.382378 0
    outer loop
      vertex 128.7870 18.0705 4.5000
      vertex 129.0420 18.6867 0.0000
      vertex 129.0420 18.6867 4.5000
    endloop
  endfacet
  facet normal 0.924006 0.382378 0
    outer loop
      vertex 128.7870 21.9295 0.0000
      vertex 128.7870 21.9295 4.5000
      vertex 129.0420 21.3133 4.5000
    endloop
  endfacet
  facet normal 0 0 1
    outer loop
      vertex 128.7870 21.9295 0.0000
      vertex 129.0420 21.3133 0.0000
      vertex 135.0000 30.0000 0.0000
    endloop
  endfacet
  facet normal 0.924006 0.382378 0
    outer loop
      vertex 128.7870 21.9295 0.0000
      vertex 129.0420 21.3133 4.5000
      vertex 129.0420 21.3133 0.0000
    endloop
  endfacet
  facet normal 0.972265 -0.233883 0
    outer loop
      vertex 129.0420 18.6867 0.0000
      vertex 129.1980 19.3352 0.0000
      vertex 129.0420 18.6867 4.5000
    endloop
  endfacet
  facet normal 0 0 1
    outer loop
      vertex 129.0420 18.6867 0.0000
      vertex 135.0000 -8.3333 0.0000
      vertex 135.0000 30.0000 0.0000
    endloop
  endfacet
  facet normal 0 0 1
    outer loop
      vertex 129.0420 18.6867 0.0000
      vertex 135.0000 30.0000 0.0000
      vertex 129.1980 19.3352 0.0000
    endloop
  endfacet
  facet normal 0.972265 -0.233883 0
    outer loop
      vertex 129.0420 18.6867 4.5000
      vertex 129.1980 19.3352 0.0000
      vertex 129.1980 19.3352 4.5000
    endloop
  endfacet
  facet normal 0.972265 0.233883 0
    outer loop
      vertex 129.0420 21.3133 0.0000
      vertex 129.0420 21.3133 4.5000
      vertex 129.1980 20.6648 4.5000
    endloop
  endfacet
  facet normal 0 0 1
    outer loop
      vertex 129.0420 21.3133 0.0000
      vertex 129.1980 20.6648 0.0000
      vertex 135.0000 30.0000 0.0000
    endloop
  endfacet
  facet normal 0.972265 0.233883 0
    outer loop
      vertex 129.0420 21.3133 0.0000
      vertex 129.1980 20.6648 4.5000
      vertex 129.1980 20.6648 0.0000
    endloop
  endfacet
  facet normal 0.996955 -0.077981 0
    outer loop
      vertex 129.1980 19.3352 0.0000
      vertex 129.2500 20.0000 0.0000
      vertex 129.1980 19.3352 4.5000
    endloop
  endfacet
  facet normal 0 0 1
    outer loop
      vertex 129.1980 19.3352 0.0000
      vertex 135.0000 30.0000 0.0000
      vertex 129.2500 20.0000 0.0000
    endloop
  endfacet
  facet normal 0.996955 -0.077981 0
    outer loop
      vertex 129.1980 19.3352 4.5000
      vertex 129.2500 20.0000 0.0000
      vertex 129.2500 20.0000 4.5000
    endloop
  endfacet
  facet normal 0.996955 0.077981 0
    outer loop
      vertex 129.1980 20.6648 0.0000
      vertex 129.1980 20.6648 4.5000
      vertex 129.2500 20.0000 4.5000
    endloop
  endfacet
  facet normal 0 0 1
    outer loop
      vertex 129.1980 20.6648 0.0000
      vertex 129.2500 20.0000 0.0000
      vertex 135.0000 30.0000 0.0000
    endloop
  endfacet
  facet normal 0.996955 0.077981 0
    outer loop
      vertex 129.1980 20.6648 0.0000
      vertex 129.2500 20.0000 4.5000
      vertex 129.2500 20.0000 0.0000
    endloop
  endfacet
  facet normal -1 0 0
    outer loop
      vertex 131.9000 -87.2000 0.0000
      vertex 131.9000 -87.2000 13.0000
      vertex 131.9000 -84.7628 7.6466
    endloop
  endfacet
  facet normal -1 0 0
    outer loop
      vertex 131.9000 -87.2000 0.0000
      vertex 131.9000 -84.7628 7.6466
      vertex 131.9000 -84.6530 7.3086
    endloop
  endfacet
  facet normal -1 0 0
    outer loop
      vertex 131.9000 -87.2000 0.0000
      vertex 131.9000 -84.6530 7.3086
      vertex 131.9000 -84.4753 7.0008
    endloop
  endfacet
  facet normal -1 0 0
    outer loop
      vertex 131.9000 -87.2000 0.0000
      vertex 131.9000 -84.4753 7.0008
      vertex 131.9000 -84.2375 6.7367
    endloop
  endfacet
  facet normal -1 0 0
    outer loop
      vertex 131.9000 -87.2000 0.0000
      vertex 131.9000 -84.2375 6.7367
      vertex 131.9000 -83.9500 6.5278
    endloop
  endfacet
  facet normal -1 0 0
    outer loop
      vertex 131.9000 -87.2000 0.0000
      vertex 131.9000 -83.9500 6.5278
      vertex 131.9000 -83.6253 6.3832
    endloop
  endfacet
  facet normal -1 0 0
    outer loop
      vertex 131.9000 -87.2000 0.0000
      vertex 131.9000 -83.6253 6.3832
      vertex 131.9000 -83.2777 6.3093
    endloop
  endfacet
  facet normal -1 0 0
    outer loop
      vertex 131.9000 -87.2000 0.0000
      vertex 131.9000 -83.2777 6.3093
      vertex 131.9000 -79.0000 0.0000
    endloop
  endfacet
  facet normal 0 -1 0
    outer loop
      vertex 131.9000 -87.2000 0.0000
      vertex 134.9000 -87.2000 0.0000
      vertex 134.9000 -87.2000 13.0000
    endloop
  endfacet
  facet normal 0 -1 0
    outer loop
      vertex 131.9000 -87.2000 0.0000
      vertex 134.9000 -87.2000 13.0000
      vertex 131.9000 -87.2000 13.0000
    endloop
  endfacet
  facet normal 0 0 1
    outer loop
      vertex 131.9000 -87.2000 0.0000
      vertex 135.0000 -87.5000 0.0000
      vertex 134.9000 -87.2000 0.0000
    endloop
  endfacet
  facet normal -1 0 0
    outer loop
      vertex 131.9000 -87.2000 13.0000
      vertex 131.9000 -84.8000 8.0000
      vertex 131.9000 -84.7628 7.6466
    endloop
  endfacet
  facet normal -1 0 0
    outer loop
      vertex 131.9000 -87.2000 13.0000
      vertex 131.9000 -84.7628 8.3535
      vertex 131.9000 -84.8000 8.0000
    endloop
  endfacet
  facet normal -1 0 0
    outer loop
      vertex 131.9000 -87.2000 13.0000
      vertex 131.9000 -84.6530 8.6914
      vertex 131.9000 -84.7628 8.3535
    endloop
  endfacet
  facet normal -1 0 0
    outer loop
      vertex 131.9000 -87.2000 13.0000
      vertex 131.9000 -84.4753 8.9992
      vertex 131.9000 -84.6530 8.6914
    endloop
  endfacet
  facet normal -1 0 0
    outer loop
      vertex 131.9000 -87.2000 13.0000
      vertex 131.9000 -84.2375 9.2634
      vertex 131.9000 -84.4753 8.9992
    endloop
  endfacet
  facet normal -1 0 0
    outer loop
      vertex 131.9000 -87.2000 13.0000
      vertex 131.9000 -83.9500 9.4722
      vertex 131.9000 -84.2375 9.2634
    endloop
  endfacet
  facet normal -1 0 0
    outer loop
      vertex 131.9000 -87.2000 13.0000
      vertex 131.9000 -83.6253 9.6168
      vertex 131.9000 -83.9500 9.4722
    endloop
  endfacet
  facet normal -1 0 0
    outer loop
      vertex 131.9000 -87.2000 13.0000
      vertex 131.9000 -83.2777 9.6907
      vertex 131.9000 -83.6253 9.6168
    endloop
  endfacet
  facet normal -1 0 0
    outer loop
      vertex 131.9000 -87.2000 13.0000
      vertex 131.9000 -79.0000 13.0000
      vertex 131.9000 -83.2777 9.6907
    endloop
  endfacet
  facet normal 0 0 1
    outer loop
      vertex 131.9000 -87.2000 13.0000
      vertex 134.9000 -87.2000 13.0000
      vertex 131.9000 -79.0000 13.0000
    endloop
  endfacet
  facet normal 0 0.994509 -0.104655
    outer loop
      vertex 131.9000 -84.8000 8.0000
      vertex 131.9000 -84.7628 8.3535
      vertex 134.9000 -84.8000 8.0000
    endloop
  endfacet
  facet normal 0 0.994505 0.104685
    outer loop
      vertex 131.9000 -84.8000 8.0000
      vertex 134.9000 -84.8000 8.0000
      vertex 134.9000 -84.7628 7.6466
    endloop
  endfacet
  facet normal 0 0.994505 0.104685
    outer loop
      vertex 131.9000 -84.8000 8.0000
      vertex 134.9000 -84.7628 7.6466
      vertex 131.9000 -84.7628 7.6466
    endloop
  endfacet
  facet normal 0 0.951075 0.308959
    outer loop
      vertex 131.9000 -84.7628 7.6466
      vertex 134.9000 -84.7628 7.6466
      vertex 134.9000 -84.6530 7.3086
    endloop
  endfacet
  facet normal 0 0.951075 0.308959
    outer loop
      vertex 131.9000 -84.7628 7.6466
      vertex 134.9000 -84.6530 7.3086
      vertex 131.9000 -84.6530 7.3086
    endloop
  endfacet
  facet normal 0 0.951049 -0.309042
    outer loop
      vertex 131.9000 -84.7628 8.3535
      vertex 131.9000 -84.6530 8.6914
      vertex 134.9000 -84.7628 8.3535
    endloop
  endfacet
  facet normal 0 0.994509 -0.104655
    outer loop
      vertex 131.9000 -84.7628 8.3535
      vertex 134.9000 -84.7628 8.3535
      vertex 134.9000 -84.8000 8.0000
    endloop
  endfacet
  facet normal 0 0.866036 0.499982
    outer loop
      vertex 131.9000 -84.6530 7.3086
      vertex 134.9000 -84.6530 7.3086
      vertex 134.9000 -84.4753 7.0008
    endloop
  endfacet
  facet normal 0 0.866036 0.499982
    outer loop
      vertex 131.9000 -84.6530 7.3086
      vertex 134.9000 -84.4753 7.0008
      vertex 131.9000 -84.4753 7.0008
    endloop
  endfacet
  facet normal 0 0.866036 -0.499982
    outer loop
      vertex 131.9000 -84.6530 8.6914
      vertex 131.9000 -84.4753 8.9992
      vertex 134.9000 -84.6530 8.6914
    endloop
  endfacet
  facet normal 0 0.951049 -0.309042
    outer loop
      vertex 131.9000 -84.6530 8.6914
      vertex 134.9000 -84.6530 8.6914
      vertex 134.9000 -84.7628 8.3535
    endloop
  endfacet
  facet normal 0 0.74314 0.669136
    outer loop
      vertex 131.9000 -84.4753 7.0008
      vertex 134.9000 -84.4753 7.0008
      vertex 134.9000 -84.2375 6.7367
    endloop
  endfacet
  facet normal 0 0.74314 0.669136
    outer loop
      vertex 131.9000 -84.4753 7.0008
      vertex 134.9000 -84.2375 6.7367
      vertex 131.9000 -84.2375 6.7367
    endloop
  endfacet
  facet normal 0 0.743266 -0.668996
    outer loop
      vertex 131.9000 -84.4753 8.9992
      vertex 131.9000 -84.2375 9.2634
      vertex 134.9000 -84.4753 8.9992
    endloop
  endfacet
  facet normal 0 0.866036 -0.499982
    outer loop
      vertex 131.9000 -84.4753 8.9992
      vertex 134.9000 -84.4753 8.9992
      vertex 134.9000 -84.6530 8.6914
    endloop
  endfacet
  facet normal 0 0.58782 0.808992
    outer loop
      vertex 131.9000 -84.2375 6.7367
      vertex 134.9000 -84.2375 6.7367
      vertex 131.9000 -83.9500 6.5278
    endloop
  endfacet
  facet normal 0 0.587636 -0.809125
    outer loop
      vertex 131.9000 -84.2375 9.2634
      vertex 131.9000 -83.9500 9.4722
      vertex 134.9000 -83.9500 9.4722
    endloop
  endfacet
  facet normal 0 0.743266 -0.668996
    outer loop
      vertex 131.9000 -84.2375 9.2634
      vertex 134.9000 -84.2375 9.2634
      vertex 134.9000 -84.4753 8.9992
    endloop
  endfacet
  facet normal 0 0.587636 -0.809125
    outer loop
      vertex 131.9000 -84.2375 9.2634
      vertex 134.9000 -83.9500 9.4722
      vertex 134.9000 -84.2375 9.2634
    endloop
  endfacet
  facet normal 0 0.58782 0.808992
    outer loop
      vertex 131.9000 -83.9500 6.5278
      vertex 134.9000 -84.2375 6.7367
      vertex 134.9000 -83.9500 6.5278
    endloop
  endfacet
  facet normal 0 0.406817 0.91351
    outer loop
      vertex 131.9000 -83.9500 6.5278
      vertex 134.9000 -83.9500 6.5278
      vertex 131.9000 -83.6253 6.3832
    endloop
  endfacet
  facet normal 0 0.406817 -0.91351
    outer loop
      vertex 131.9000 -83.9500 9.4722
      vertex 131.9000 -83.6253 9.6168
      vertex 134.9000 -83.6253 9.6168
    endloop
  endfacet
  facet normal 0 0.406817 -0.91351
    outer loop
      vertex 131.9000 -83.9500 9.4722
      vertex 134.9000 -83.6253 9.6168
      vertex 134.9000 -83.9500 9.4722
    endloop
  endfacet
  facet normal 0 0.406817 0.91351
    outer loop
      vertex 131.9000 -83.6253 6.3832
      vertex 134.9000 -83.9500 6.5278
      vertex 134.9000 -83.6253 6.3832
    endloop
  endfacet
  facet normal 0 0.207953 0.978139
    outer loop
      vertex 131.9000 -83.6253 6.3832
      vertex 134.9000 -83.6253 6.3832
      vertex 131.9000 -83.2777 6.3093
    endloop
  endfacet
  facet normal 0 0.207953 -0.978139
    outer loop
      vertex 131.9000 -83.6253 9.6168
      vertex 131.9000 -83.2777 9.6907
      vertex 134.9000 -83.2777 9.6907
    endloop
  endfacet
  facet normal 0 0.207953 -0.978139
    outer loop
      vertex 131.9000 -83.6253 9.6168
      vertex 134.9000 -83.2777 9.6907
      vertex 134.9000 -83.6253 9.6168
    endloop
  endfacet
  facet normal -1 0 0
    outer loop
      vertex 131.9000 -83.2777 6.3093
      vertex 131.9000 -82.9223 6.3093
      vertex 131.9000 -79.0000 0.0000
    endloop
  endfacet
  facet normal 0 0.207953 0.978139
    outer loop
      vertex 131.9000 -83.2777 6.3093
      vertex 134.9000 -83.6253 6.3832
      vertex 134.9000 -83.2777 6.3093
    endloop
  endfacet
  facet normal 0 0 1
    outer loop
      vertex 131.9000 -83.2777 6.3093
      vertex 134.9000 -83.2777 6.3093
      vertex 131.9000 -82.9223 6.3093
    endloop
  endfacet
  facet normal 0 0 -1
    outer loop
      vertex 131.9000 -83.2777 9.6907
      vertex 131.9000 -82.9223 9.6907
      vertex 134.9000 -82.9223 9.6907
    endloop
  endfacet
  facet normal -1 0 0
    outer loop
      vertex 131.9000 -83.2777 9.6907
      vertex 131.9000 -79.0000 13.0000
      vertex 131.9000 -82.9223 9.6907
    endloop
  endfacet
  facet normal 0 0 -1
    outer loop
      vertex 131.9000 -83.2777 9.6907
      vertex 134.9000 -82.9223 9.6907
      vertex 134.9000 -83.2777 9.6907
    endloop
  endfacet
  facet normal -1 0 0
    outer loop
      vertex 131.9000 -82.9223 6.3093
      vertex 131.9000 -82.5747 6.3832
      vertex 131.9000 -79.0000 0.0000
    endloop
  endfacet
  facet normal 0 0 1
    outer loop
      vertex 131.9000 -82.9223 6.3093
      vertex 134.9000 -83.2777 6.3093
      vertex 134.9000 -82.9223 6.3093
    endloop
  endfacet
  facet normal 0 -0.207953 0.978139
    outer loop
      vertex 131.9000 -82.9223 6.3093
      vertex 134.9000 -82.9223 6.3093
      vertex 131.9000 -82.5747 6.3832
    endloop
  endfacet
  facet normal 0 -0.207953 -0.978139
    outer loop
      vertex 131.9000 -82.9223 9.6907
      vertex 131.9000 -82.5747 9.6168
      vertex 134.9000 -82.5747 9.6168
    endloop
  endfacet
  facet normal -1 0 0
    outer loop
      vertex 131.9000 -82.9223 9.6907
      vertex 131.9000 -79.0000 13.0000
      vertex 131.9000 -82.5747 9.6168
    endloop
  endfacet
  facet normal 0 -0.207953 -0.978139
    outer loop
      vertex 131.9000 -82.9223 9.6907
      vertex 134.9000 -82.5747 9.6168
      vertex 134.9000 -82.9223 9.6907
    endloop
  endfacet
  facet normal -1 0 0
    outer loop
      vertex 131.9000 -82.5747 6.3832
      vertex 131.9000 -82.2500 6.5278
      vertex 131.9000 -79.0000 0.0000
    endloop
  endfacet
  facet normal 0 -0.207953 0.978139
    outer loop
      vertex 131.9000 -82.5747 6.3832
      vertex 134.9000 -82.9223 6.3093
      vertex 134.9000 -82.5747 6.3832
    endloop
  endfacet
  facet normal 0 -0.406817 0.91351
    outer loop
      vertex 131.9000 -82.5747 6.3832
      vertex 134.9000 -82.5747 6.3832
      vertex 131.9000 -82.2500 6.5278
    endloop
  endfacet
  facet normal 0 -0.406817 -0.91351
    outer loop
      vertex 131.9000 -82.5747 9.6168
      vertex 131.9000 -82.2500 9.4722
      vertex 134.9000 -82.2500 9.4722
    endloop
  endfacet
  facet normal -1 0 0
    outer loop
      vertex 131.9000 -82.5747 9.6168
      vertex 131.9000 -79.0000 13.0000
      vertex 131.9000 -82.2500 9.4722
    endloop
  endfacet
  facet normal 0 -0.406817 -0.91351
    outer loop
      vertex 131.9000 -82.5747 9.6168
      vertex 134.9000 -82.2500 9.4722
      vertex 134.9000 -82.5747 9.6168
    endloop
  endfacet
  facet normal -1 0 0
    outer loop
      vertex 131.9000 -82.2500 6.5278
      vertex 131.9000 -81.9625 6.7367
      vertex 131.9000 -79.0000 0.0000
    endloop
  endfacet
  facet normal 0 -0.406817 0.91351
    outer loop
      vertex 131.9000 -82.2500 6.5278
      vertex 134.9000 -82.5747 6.3832
      vertex 134.9000 -82.2500 6.5278
    endloop
  endfacet
  facet normal 0 -0.58782 0.808992
    outer loop
      vertex 131.9000 -82.2500 6.5278
      vertex 134.9000 -82.2500 6.5278
      vertex 131.9000 -81.9625 6.7367
    endloop
  endfacet
  facet normal 0 -0.587636 -0.809125
    outer loop
      vertex 131.9000 -82.2500 9.4722
      vertex 131.9000 -81.9625 9.2634
      vertex 134.9000 -81.9625 9.2634
    endloop
  endfacet
  facet normal -1 0 0
    outer loop
      vertex 131.9000 -82.2500 9.4722
      vertex 131.9000 -79.0000 13.0000
      vertex 131.9000 -81.9625 9.2634
    endloop
  endfacet
  facet normal 0 -0.587636 -0.809125
    outer loop
      vertex 131.9000 -82.2500 9.4722
      vertex 134.9000 -81.9625 9.2634
      vertex 134.9000 -82.2500 9.4722
    endloop
  endfacet
  facet normal -1 0 0
    outer loop
      vertex 131.9000 -81.9625 6.7367
      vertex 131.9000 -81.7247 7.0008
      vertex 131.9000 -79.0000 0.0000
    endloop
  endfacet
  facet normal 0 -0.58782 0.808992
    outer loop
      vertex 131.9000 -81.9625 6.7367
      vertex 134.9000 -82.2500 6.5278
      vertex 134.9000 -81.9625 6.7367
    endloop
  endfacet
  facet normal 0 -0.74314 0.669136
    outer loop
      vertex 131.9000 -81.9625 6.7367
      vertex 134.9000 -81.9625 6.7367
      vertex 134.9000 -81.7247 7.0008
    endloop
  endfacet
  facet normal 0 -0.74314 0.669136
    outer loop
      vertex 131.9000 -81.9625 6.7367
      vertex 134.9000 -81.7247 7.0008
      vertex 131.9000 -81.7247 7.0008
    endloop
  endfacet
  facet normal 0 -0.743266 -0.668996
    outer loop
      vertex 131.9000 -81.9625 9.2634
      vertex 131.9000 -81.7247 8.9992
      vertex 134.9000 -81.9625 9.2634
    endloop
  endfacet
  facet normal -1 0 0
    outer loop
      vertex 131.9000 -81.9625 9.2634
      vertex 131.9000 -79.0000 13.0000
      vertex 131.9000 -81.7247 8.9992
    endloop
  endfacet
  facet normal -1 0 0
    outer loop
      vertex 131.9000 -81.7247 7.0008
      vertex 131.9000 -81.5470 7.3086
      vertex 131.9000 -79.0000 0.0000
    endloop
  endfacet
  facet normal 0 -0.866036 0.499982
    outer loop
      vertex 131.9000 -81.7247 7.0008
      vertex 134.9000 -81.7247 7.0008
      vertex 134.9000 -81.5470 7.3086
    endloop
  endfacet
  facet normal 0 -0.866036 0.499982
    outer loop
      vertex 131.9000 -81.7247 7.0008
      vertex 134.9000 -81.5470 7.3086
      vertex 131.9000 -81.5470 7.3086
    endloop
  endfacet
  facet normal 0 -0.866036 -0.499982
    outer loop
      vertex 131.9000 -81.7247 8.9992
      vertex 131.9000 -81.5470 8.6914
      vertex 134.9000 -81.7247 8.9992
    endloop
  endfacet
  facet normal -1 0 0
    outer loop
      vertex 131.9000 -81.7247 8.9992
      vertex 131.9000 -79.0000 13.0000
      vertex 131.9000 -81.5470 8.6914
    endloop
  endfacet
  facet normal 0 -0.743266 -0.668996
    outer loop
      vertex 131.9000 -81.7247 8.9992
      vertex 134.9000 -81.7247 8.9992
      vertex 134.9000 -81.9625 9.2634
    endloop
  endfacet
  facet normal -1 0 0
    outer loop
      vertex 131.9000 -81.5470 7.3086
      vertex 131.9000 -81.4371 7.6466
      vertex 131.9000 -79.0000 0.0000
    endloop
  endfacet
  facet normal 0 -0.950993 0.309213
    outer loop
      vertex 131.9000 -81.5470 7.3086
      vertex 134.9000 -81.5470 7.3086
      vertex 134.9000 -81.4371 7.6466
    endloop
  endfacet
  facet normal 0 -0.950993 0.309213
    outer loop
      vertex 131.9000 -81.5470 7.3086
      vertex 134.9000 -81.4371 7.6466
      vertex 131.9000 -81.4371 7.6466
    endloop
  endfacet
  facet normal 0 -0.950966 -0.309296
    outer loop
      vertex 131.9000 -81.5470 8.6914
      vertex 131.9000 -81.4371 8.3535
      vertex 134.9000 -81.5470 8.6914
    endloop
  endfacet
  facet normal -1 0 0
    outer loop
      vertex 131.9000 -81.5470 8.6914
      vertex 131.9000 -79.0000 13.0000
      vertex 131.9000 -81.4371 8.3535
    endloop
  endfacet
  facet normal 0 -0.866036 -0.499982
    outer loop
      vertex 131.9000 -81.5470 8.6914
      vertex 134.9000 -81.5470 8.6914
      vertex 134.9000 -81.7247 8.9992
    endloop
  endfacet
  facet normal -1 0 0
    outer loop
      vertex 131.9000 -81.4371 7.6466
      vertex 131.9000 -81.4000 8.0000
      vertex 131.9000 -79.0000 13.0000
    endloop
  endfacet
  facet normal -1 0 0
    outer loop
      vertex 131.9000 -81.4371 7.6466
      vertex 131.9000 -79.0000 13.0000
      vertex 131.9000 -79.0000 0.0000
    endloop
  endfacet
  facet normal 0 -0.994535 0.104406
    outer loop
      vertex 131.9000 -81.4371 7.6466
      vertex 134.9000 -81.4371 7.6466
      vertex 134.9000 -81.4000 8.0000
    endloop
  endfacet
  facet normal 0 -0.994535 0.104406
    outer loop
      vertex 131.9000 -81.4371 7.6466
      vertex 134.9000 -81.4000 8.0000
      vertex 131.9000 -81.4000 8.0000
    endloop
  endfacet
  facet normal 0 -0.994538 -0.104377
    outer loop
      vertex 131.9000 -81.4371 8.3535
      vertex 131.9000 -81.4000 8.0000
      vertex 134.9000 -81.4371 8.3535
    endloop
  endfacet
  facet normal -1 0 0
    outer loop
      vertex 131.9000 -81.4371 8.3535
      vertex 131.9000 -79.0000 13.0000
      vertex 131.9000 -81.4000 8.0000
    endloop
  endfacet
  facet normal 0 -0.950966 -0.309296
    outer loop
      vertex 131.9000 -81.4371 8.3535
      vertex 134.9000 -81.4371 8.3535
      vertex 134.9000 -81.5470 8.6914
    endloop
  endfacet
  facet normal 0 -0.994538 -0.104377
    outer loop
      vertex 131.9000 -81.4000 8.0000
      vertex 134.9000 -81.4000 8.0000
      vertex 134.9000 -81.4371 8.3535
    endloop
  endfacet
  facet normal 0 1 0
    outer loop
      vertex 131.9000 -79.0000 0.0000
      vertex 131.9000 -79.0000 13.0000
      vertex 134.9000 -79.0000 0.0000
    endloop
  endfacet
  facet normal 0 0 1
    outer loop
      vertex 131.9000 -79.0000 0.0000
      vertex 134.9000 -79.0000 0.0000
      vertex 135.0000 -55.6667 0.0000
    endloop
  endfacet
  facet normal 0 0 1
    outer loop
      vertex 131.9000 -79.0000 13.0000
      vertex 134.9000 -87.2000 13.0000
      vertex 134.9000 -79.0000 13.0000
    endloop
  endfacet
  facet normal 0 1 0
    outer loop
      vertex 131.9000 -79.0000 13.0000
      vertex 134.9000 -79.0000 13.0000
      vertex 134.9000 -79.0000 0.0000
    endloop
  endfacet
  facet normal 1 0 0
    outer loop
      vertex 134.9000 -87.2000 0.0000
      vertex 134.9000 -84.7628 7.6466
      vertex 134.9000 -87.2000 13.0000
    endloop
  endfacet
  facet normal 1 0 0
    outer loop
      vertex 134.9000 -87.2000 0.0000
      vertex 134.9000 -84.6530 7.3086
      vertex 134.9000 -84.7628 7.6466
    endloop
  endfacet
  facet normal 1 0 0
    outer loop
      vertex 134.9000 -87.2000 0.0000
      vertex 134.9000 -84.4753 7.0008
      vertex 134.9000 -84.6530 7.3086
    endloop
  endfacet
  facet normal 1 0 0
    outer loop
      vertex 134.9000 -87.2000 0.0000
      vertex 134.9000 -84.2375 6.7367
      vertex 134.9000 -84.4753 7.0008
    endloop
  endfacet
  facet normal 1 0 0
    outer loop
      vertex 134.9000 -87.2000 0.0000
      vertex 134.9000 -83.9500 6.5278
      vertex 134.9000 -84.2375 6.7367
    endloop
  endfacet
  facet normal 1 0 0
    outer loop
      vertex 134.9000 -87.2000 0.0000
      vertex 134.9000 -83.6253 6.3832
      vertex 134.9000 -83.9500 6.5278
    endloop
  endfacet
  facet normal 1 0 0
    outer loop
      vertex 134.9000 -87.2000 0.0000
      vertex 134.9000 -83.2777 6.3093
      vertex 134.9000 -83.6253 6.3832
    endloop
  endfacet
  facet normal 1 0 0
    outer loop
      vertex 134.9000 -87.2000 0.0000
      vertex 134.9000 -79.0000 0.0000
      vertex 134.9000 -83.2777 6.3093
    endloop
  endfacet
  facet normal 0 0 1
    outer loop
      vertex 134.9000 -87.2000 0.0000
      vertex 135.0000 -87.5000 0.0000
      vertex 134.9000 -79.0000 0.0000
    endloop
  endfacet
  facet normal 1 0 0
    outer loop
      vertex 134.9000 -87.2000 13.0000
      vertex 134.9000 -84.8000 8.0000
      vertex 134.9000 -84.7628 8.3535
    endloop
  endfacet
  facet normal 1 0 0
    outer loop
      vertex 134.9000 -87.2000 13.0000
      vertex 134.9000 -84.7628 7.6466
      vertex 134.9000 -84.8000 8.0000
    endloop
  endfacet
  facet normal 1 0 0
    outer loop
      vertex 134.9000 -87.2000 13.0000
      vertex 134.9000 -84.7628 8.3535
      vertex 134.9000 -84.6530 8.6914
    endloop
  endfacet
  facet normal 1 0 0
    outer loop
      vertex 134.9000 -87.2000 13.0000
      vertex 134.9000 -84.6530 8.6914
      vertex 134.9000 -84.4753 8.9992
    endloop
  endfacet
  facet normal 1 0 0
    outer loop
      vertex 134.9000 -87.2000 13.0000
      vertex 134.9000 -84.4753 8.9992
      vertex 134.9000 -84.2375 9.2634
    endloop
  endfacet
  facet normal 1 0 0
    outer loop
      vertex 134.9000 -87.2000 13.0000
      vertex 134.9000 -84.2375 9.2634
      vertex 134.9000 -83.9500 9.4722
    endloop
  endfacet
  facet normal 1 0 0
    outer loop
      vertex 134.9000 -87.2000 13.0000
      vertex 134.9000 -83.9500 9.4722
      vertex 134.9000 -83.6253 9.6168
    endloop
  endfacet
  facet normal 1 0 0
    outer loop
      vertex 134.9000 -87.2000 13.0000
      vertex 134.9000 -83.6253 9.6168
      vertex 134.9000 -83.2777 9.6907
    endloop
  endfacet
  facet normal 1 0 0
    outer loop
      vertex 134.9000 -87.2000 13.0000
      vertex 134.9000 -83.2777 9.6907
      vertex 134.9000 -79.0000 13.0000
    endloop
  endfacet
  facet normal 1 0 0
    outer loop
      vertex 134.9000 -83.2777 6.3093
      vertex 134.9000 -79.0000 0.0000
      vertex 134.9000 -82.9223 6.3093
    endloop
  endfacet
  facet normal 1 0 0
    outer loop
      vertex 134.9000 -83.2777 9.6907
      vertex 134.9000 -82.9223 9.6907
      vertex 134.9000 -79.0000 13.0000
    endloop
  endfacet
  facet normal 1 0 0
    outer loop
      vertex 134.9000 -82.9223 6.3093
      vertex 134.9000 -79.0000 0.0000
      vertex 134.9000 -82.5747 6.3832
    endloop
  endfacet
  facet normal 1 0 0
    outer loop
      vertex 134.9000 -82.9223 9.6907
      vertex 134.9000 -82.5747 9.6168
      vertex 134.9000 -79.0000 13.0000
    endloop
  endfacet
  facet normal 1 0 0
    outer loop
      vertex 134.9000 -82.5747 6.3832
      vertex 134.9000 -79.0000 0.0000
      vertex 134.9000 -82.2500 6.5278
    endloop
  endfacet
  facet normal 1 0 0
    outer loop
      vertex 134.9000 -82.5747 9.6168
      vertex 134.9000 -82.2500 9.4722
      vertex 134.9000 -79.0000 13.0000
    endloop
  endfacet
  facet normal 1 0 0
    outer loop
      vertex 134.9000 -82.2500 6.5278
      vertex 134.9000 -79.0000 0.0000
      vertex 134.9000 -81.9625 6.7367
    endloop
  endfacet
  facet normal 1 0 0
    outer loop
      vertex 134.9000 -82.2500 9.4722
      vertex 134.9000 -81.9625 9.2634
      vertex 134.9000 -79.0000 13.0000
    endloop
  endfacet
  facet normal 1 0 0
    outer loop
      vertex 134.9000 -81.9625 6.7367
      vertex 134.9000 -79.0000 0.0000
      vertex 134.9000 -81.7247 7.0008
    endloop
  endfacet
  facet normal 1 0 0
    outer loop
      vertex 134.9000 -81.9625 9.2634
      vertex 134.9000 -81.7247 8.9992
      vertex 134.9000 -79.0000 13.0000
    endloop
  endfacet
  facet normal 1 0 0
    outer loop
      vertex 134.9000 -81.7247 7.0008
      vertex 134.9000 -79.0000 0.0000
      vertex 134.9000 -81.5470 7.3086
    endloop
  endfacet
  facet normal 1 0 0
    outer loop
      vertex 134.9000 -81.7247 8.9992
      vertex 134.9000 -81.5470 8.6914
      vertex 134.9000 -79.0000 13.0000
    endloop
  endfacet
  facet normal 1 0 0
    outer loop
      vertex 134.9000 -81.5470 7.3086
      vertex 134.9000 -79.0000 0.0000
      vertex 134.9000 -81.4371 7.6466
    endloop
  endfacet
  facet normal 1 0 0
    outer loop
      vertex 134.9000 -81.5470 8.6914
      vertex 134.9000 -81.4371 8.3535
      vertex 134.9000 -79.0000 13.0000
    endloop
  endfacet
  facet normal 1 0 0
    outer loop
      vertex 134.9000 -81.4371 7.6466
      vertex 134.9000 -79.0000 0.0000
      vertex 134.9000 -79.0000 13.0000
    endloop
  endfacet
  facet normal 1 0 0
    outer loop
      vertex 134.9000 -81.4371 7.6466
      vertex 134.9000 -79.0000 13.0000
      vertex 134.9000 -81.4000 8.0000
    endloop
  endfacet
  facet normal 1 0 0
    outer loop
      vertex 134.9000 -81.4371 8.3535
      vertex 134.9000 -81.4000 8.0000
      vertex 134.9000 -79.0000 13.0000
    endloop
  endfacet
  facet normal 0 0 1
    outer loop
      vertex 134.9000 -79.0000 0.0000
      vertex 135.0000 -87.5000 0.0000
      vertex 135.0000 -55.6667 0.0000
    endloop
  endfacet
  facet normal 1 0 0
    outer loop
      vertex 135.0000 -94.0000 -3.0000
      vertex 135.0000 -89.0000 0.0000
      vertex 135.0000 -94.0000 0.0000
    endloop
  endfacet
  facet normal 1 0 0
    outer loop
      vertex 135.0000 -94.0000 -3.0000
      vertex 135.0000 -87.5000 0.0000
      vertex 135.0000 -89.0000 0.0000
    endloop
  endfacet
  facet normal 1 0 0
    outer loop
      vertex 135.0000 -94.0000 -3.0000
      vertex 135.0000 -55.6667 -3.0000
      vertex 135.0000 -87.5000 0.0000
    endloop
  endfacet
  facet normal 1 0 0
    outer loop
      vertex 135.0000 -89.0000 0.0000
      vertex 135.0000 -87.5000 0.0000
      vertex 135.0000 -89.0000 3.0000
    endloop
  endfacet
  facet normal 1 0 0
    outer loop
      vertex 135.0000 -89.0000 3.0000
      vertex 135.0000 -87.5000 0.0000
      vertex 135.0000 -87.5000 3.0000
    endloop
  endfacet
  facet normal 1 0 0
    outer loop
      vertex 135.0000 -87.5000 0.0000
      vertex 135.0000 -55.6667 -3.0000
      vertex 135.0000 -55.6667 0.0000
    endloop
  endfacet
  facet normal 0 0 -1
    outer loop
      vertex 135.0000 -55.6667 -3.0000
      vertex 135.0000 -49.6667 -3.0000
      vertex 136.0000 -49.6667 -3.0000
    endloop
  endfacet
  facet normal 0 -1 0
    outer loop
      vertex 135.0000 -55.6667 -3.0000
      vertex 136.0000 -55.6667 -3.0000
      vertex 136.0000 -55.6667 0.0000
    endloop
  endfacet
  facet normal 0 -1 0
    outer loop
      vertex 135.0000 -55.6667 -3.0000
      vertex 136.0000 -55.6667 0.0000
      vertex 135.0000 -55.6667 0.0000
    endloop
  endfacet
  facet normal 0 0 -1
    outer loop
      vertex 135.0000 -55.6667 -3.0000
      vertex 136.0000 -49.6667 -3.0000
      vertex 136.0000 -55.6667 -3.0000
    endloop
  endfacet
  facet normal 0 0 1
    outer loop
      vertex 135.0000 -55.6667 0.0000
      vertex 136.0000 -55.6667 0.0000
      vertex 135.0000 -49.6667 0.0000
    endloop
  endfacet
  facet normal 0 1 0
    outer loop
      vertex 135.0000 -49.6667 -3.0000
      vertex 135.0000 -49.6667 0.0000
      vertex 136.0000 -49.6667 -3.0000
    endloop
  endfacet
  facet normal 1 0 0
    outer loop
      vertex 135.0000 -49.6667 -3.0000
      vertex 135.0000 -14.3333 -3.0000
      vertex 135.0000 -49.6667 0.0000
    endloop
  endfacet
  facet normal 1 0 0
    outer loop
      vertex 135.0000 -49.6667 0.0000
      vertex 135.0000 -14.3333 -3.0000
      vertex 135.0000 -14.3333 0.0000
    endloop
  endfacet
  facet normal 0 0 1
    outer loop
      vertex 135.0000 -49.6667 0.0000
      vertex 136.0000 -55.6667 0.0000
      vertex 136.0000 -49.6667 0.0000
    endloop
  endfacet
  facet normal 0 1 0
    outer loop
      vertex 135.0000 -49.6667 0.0000
      vertex 136.0000 -49.6667 0.0000
      vertex 136.0000 -49.6667 -3.0000
    endloop
  endfacet
  facet normal 0 0 -1
    outer loop
      vertex 135.0000 -14.3333 -3.0000
      vertex 135.0000 -8.3333 -3.0000
      vertex 136.0000 -8.3333 -3.0000
    endloop
  endfacet
  facet normal 0 -1 0
    outer loop
      vertex 135.0000 -14.3333 -3.0000
      vertex 136.0000 -14.3333 -3.0000
      vertex 136.0000 -14.3333 0.0000
    endloop
  endfacet
  facet normal 0 -1 0
    outer loop
      vertex 135.0000 -14.3333 -3.0000
      vertex 136.0000 -14.3333 0.0000
      vertex 135.0000 -14.3333 0.0000
    endloop
  endfacet
  facet normal 0 0 -1
    outer loop
      vertex 135.0000 -14.3333 -3.0000
      vertex 136.0000 -8.3333 -3.0000
      vertex 136.0000 -14.3333 -3.0000
    endloop
  endfacet
  facet normal 0 0 1
    outer loop
      vertex 135.0000 -14.3333 0.0000
      vertex 136.0000 -14.3333 0.0000
      vertex 135.0000 -8.3333 0.0000
    endloop
  endfacet
  facet normal 0 1 0
    outer loop
      vertex 135.0000 -8.3333 -3.0000
      vertex 135.0000 -8.3333 0.0000
      vertex 136.0000 -8.3333 -3.0000
    endloop
  endfacet
  facet normal 1 0 0
    outer loop
      vertex 135.0000 -8.3333 -3.0000
      vertex 135.0000 30.0000 -3.0000
      vertex 135.0000 -8.3333 0.0000
    endloop
  endfacet
  facet normal 1 0 0
    outer loop
      vertex 135.0000 -8.3333 0.0000
      vertex 135.0000 30.0000 -3.0000
      vertex 135.0000 30.0000 0.0000
    endloop
  endfacet
  facet normal 0 0 1
    outer loop
      vertex 135.0000 -8.3333 0.0000
      vertex 136.0000 -14.3333 0.0000
      vertex 136.0000 -8.3333 0.0000
    endloop
  endfacet
  facet normal 0 1 0
    outer loop
      vertex 135.0000 -8.3333 0.0000
      vertex 136.0000 -8.3333 0.0000
      vertex 136.0000 -8.3333 -3.0000
    endloop
  endfacet
  facet normal 0 0 -1
    outer loop
      vertex 136.0000 -55.6667 -3.0000
      vertex 136.0000 -49.6667 -3.0000
      vertex 141.5000 -47.4667 -3.0000
    endloop
  endfacet
  facet normal -0.877896 -0.478852 0
    outer loop
      vertex 136.0000 -55.6667 -3.0000
      vertex 137.2000 -57.8667 -3.0000
      vertex 136.0000 -55.6667 0.0000
    endloop
  endfacet
  facet normal 0 0 -1
    outer loop
      vertex 136.0000 -55.6667 -3.0000
      vertex 141.5000 -57.8667 -3.0000
      vertex 137.2000 -57.8667 -3.0000
    endloop
  endfacet
  facet normal 0 0 -1
    outer loop
      vertex 136.0000 -55.6667 -3.0000
      vertex 141.5000 -47.4667 -3.0000
      vertex 141.5000 -57.8667 -3.0000
    endloop
  endfacet
  facet normal -0.877896 -0.478852 0
    outer loop
      vertex 136.0000 -55.6667 0.0000
      vertex 137.2000 -57.8667 -3.0000
      vertex 137.2000 -57.8667 0.0000
    endloop
  endfacet
  facet normal 0 0 1
    outer loop
      vertex 136.0000 -55.6667 0.0000
      vertex 137.2000 -57.8667 0.0000
      vertex 141.5000 -57.8667 0.0000
    endloop
  endfacet
  facet normal 0 0 1
    outer loop
      vertex 136.0000 -55.6667 0.0000
      vertex 141.5000 -57.8667 0.0000
      vertex 136.0000 -49.6667 0.0000
    endloop
  endfacet
  facet normal -0.877896 0.478852 0
    outer loop
      vertex 136.0000 -49.6667 -3.0000
      vertex 136.0000 -49.6667 0.0000
      vertex 137.2000 -47.4667 0.0000
    endloop
  endfacet
  facet normal 0 0 -1
    outer loop
      vertex 136.0000 -49.6667 -3.0000
      vertex 137.2000 -47.4667 -3.0000
      vertex 141.5000 -47.4667 -3.0000
    endloop
  endfacet
  facet normal -0.877896 0.478852 0
    outer loop
      vertex 136.0000 -49.6667 -3.0000
      vertex 137.2000 -47.4667 0.0000
      vertex 137.2000 -47.4667 -3.0000
    endloop
  endfacet
  facet normal 0 0 1
    outer loop
      vertex 136.0000 -49.6667 0.0000
      vertex 141.5000 -57.8667 0.0000
      vertex 141.5000 -47.4667 0.0000
    endloop
  endfacet
  facet normal 0 0 1
    outer loop
      vertex 136.0000 -49.6667 0.0000
      vertex 141.5000 -47.4667 0.0000
      vertex 137.2000 -47.4667 0.0000
    endloop
  endfacet
  facet normal 0 0 -1
    outer loop
      vertex 136.0000 -14.3333 -3.0000
      vertex 136.0000 -8.3333 -3.0000
      vertex 141.5000 -6.1333 -3.0000
    endloop
  endfacet
  facet normal -0.877896 -0.478852 0
    outer loop
      vertex 136.0000 -14.3333 -3.0000
      vertex 137.2000 -16.5333 -3.0000
      vertex 136.0000 -14.3333 0.0000
    endloop
  endfacet
  facet normal 0 0 -1
    outer loop
      vertex 136.0000 -14.3333 -3.0000
      vertex 141.5000 -16.5333 -3.0000
      vertex 137.2000 -16.5333 -3.0000
    endloop
  endfacet
  facet normal 0 0 -1
    outer loop
      vertex 136.0000 -14.3333 -3.0000
      vertex 141.5000 -6.1333 -3.0000
      vertex 141.5000 -16.5333 -3.0000
    endloop
  endfacet
  facet normal -0.877896 -0.478852 0
    outer loop
      vertex 136.0000 -14.3333 0.0000
      vertex 137.2000 -16.5333 -3.0000
      vertex 137.2000 -16.5333 0.0000
    endloop
  endfacet
  facet normal 0 0 1
    outer loop
      vertex 136.0000 -14.3333 0.0000
      vertex 137.2000 -16.5333 0.0000
      vertex 141.5000 -16.5333 0.0000
    endloop
  endfacet
  facet normal 0 0 1
    outer loop
      vertex 136.0000 -14.3333 0.0000
      vertex 141.5000 -16.5333 0.0000
      vertex 136.0000 -8.3333 0.0000
    endloop
  endfacet
  facet normal -0.877896 0.478852 0
    outer loop
      vertex 136.0000 -8.3333 -3.0000
      vertex 136.0000 -8.3333 0.0000
      vertex 137.2000 -6.1333 0.0000
    endloop
  endfacet
  facet normal 0 0 -1
    outer loop
      vertex 136.0000 -8.3333 -3.0000
      vertex 137.2000 -6.1333 -3.0000
      vertex 141.5000 -6.1333 -3.0000
    endloop
  endfacet
  facet normal -0.877896 0.478852 0
    outer loop
      vertex 136.0000 -8.3333 -3.0000
      vertex 137.2000 -6.1333 0.0000
      vertex 137.2000 -6.1333 -3.0000
    endloop
  endfacet
  facet normal 0 0 1
    outer loop
      vertex 136.0000 -8.3333 0.0000
      vertex 141.5000 -16.5333 0.0000
      vertex 141.5000 -6.1333 0.0000
    endloop
  endfacet
  facet normal 0 0 1
    outer loop
      vertex 136.0000 -8.3333 0.0000
      vertex 141.5000 -6.1333 0.0000
      vertex 137.2000 -6.1333 0.0000
    endloop
  endfacet
  facet normal 0 -1 0
    outer loop
      vertex 137.2000 -57.8667 -3.0000
      vertex 141.5000 -57.8667 -3.0000
      vertex 141.5000 -57.8667 0.0000
    endloop
  endfacet
  facet normal 0 -1 0
    outer loop
      vertex 137.2000 -57.8667 -3.0000
      vertex 141.5000 -57.8667 0.0000
      vertex 137.2000 -57.8667 0.0000
    endloop
  endfacet
  facet normal 0 1 0
    outer loop
      vertex 137.2000 -47.4667 -3.0000
      vertex 137.2000 -47.4667 0.0000
      vertex 141.5000 -47.4667 -3.0000
    endloop
  endfacet
  facet normal 0 1 0
    outer loop
      vertex 137.2000 -47.4667 0.0000
      vertex 141.5000 -47.4667 0.0000
      vertex 141.5000 -47.4667 -3.0000
    endloop
  endfacet
  facet normal 0 -1 0
    outer loop
      vertex 137.2000 -16.5333 -3.0000
      vertex 141.5000 -16.5333 -3.0000
      vertex 141.5000 -16.5333 0.0000
    endloop
  endfacet
  facet normal 0 -1 0
    outer loop
      vertex 137.2000 -16.5333 -3.0000
      vertex 141.5000 -16.5333 0.0000
      vertex 137.2000 -16.5333 0.0000
    endloop
  endfacet
  facet normal 0 1 0
    outer loop
      vertex 137.2000 -6.1333 -3.0000
      vertex 137.2000 -6.1333 0.0000
      vertex 141.5000 -6.1333 -3.0000
    endloop
  endfacet
  facet normal 0 1 0
    outer loop
      vertex 137.2000 -6.1333 0.0000
      vertex 141.5000 -6.1333 0.0000
      vertex 141.5000 -6.1333 -3.0000
    endloop
  endfacet
  facet normal 1 0 0
    outer loop
      vertex 141.5000 -57.8667 -3.0000
      vertex 141.5000 -47.4667 -3.0000
      vertex 141.5000 -57.8667 0.0000
    endloop
  endfacet
  facet normal 1 0 0
    outer loop
      vertex 141.5000 -57.8667 0.0000
      vertex 141.5000 -47.4667 -3.0000
      vertex 141.5000 -47.4667 0.0000
    endloop
  endfacet
  facet normal 1 0 0
    outer loop
      vertex 141.5000 -16.5333 -3.0000
      vertex 141.5000 -6.1333 -3.0000
      vertex 141.5000 -16.5333 0.0000
    endloop
  endfacet
  facet normal 1 0 0
    outer loop
      vertex 141.5000 -16.5333 0.0000
      vertex 141.5000 -6.1333 -3.0000
      vertex 141.5000 -6.1333 0.0000
    endloop
  endfacet
endsolid OpenSCAD_Model
