solid OpenSCAD_Model
  facet normal -1 0 0
    outer loop
      vertex 135.0000 -94.0000 177.9000
      vertex 135.0000 -94.0000 180.9000
      vertex 135.0000 -89.0000 177.9000
    endloop
  endfacet
  facet normal 0 0 -1
    outer loop
      vertex 135.0000 -94.0000 177.9000
      vertex 135.0000 -89.0000 177.9000
      vertex 137.5000 -89.0000 177.9000
    endloop
  endfacet
  facet normal 0 0 -1
    outer loop
      vertex 135.0000 -94.0000 177.9000
      vertex 137.5000 -89.0000 177.9000
      vertex 152.5000 -89.0000 177.9000
    endloop
  endfacet
  facet normal 0 0 -1
    outer loop
      vertex 135.0000 -94.0000 177.9000
      vertex 152.5000 -89.0000 177.9000
      vertex 261.7000 -94.0000 177.9000
    endloop
  endfacet
  facet normal 0 -1 0
    outer loop
      vertex 135.0000 -94.0000 177.9000
      vertex 261.7000 -94.0000 177.9000
      vertex 261.7000 -94.0000 180.9000
    endloop
  endfacet
  facet normal 0 -1 0
    outer loop
      vertex 135.0000 -94.0000 177.9000
      vertex 261.7000 -94.0000 180.9000
      vertex 135.0000 -94.0000 180.9000
    endloop
  endfacet
  facet normal -1 0 0
    outer loop
      vertex 135.0000 -94.0000 180.9000
      vertex 135.0000 -87.5000 177.9000
      vertex 135.0000 -89.0000 177.9000
    endloop
  endfacet
  facet normal -1 0 0
    outer loop
      vertex 135.0000 -94.0000 180.9000
      vertex 135.0000 -48.4000 180.9000
      vertex 135.0000 -87.5000 177.9000
    endloop
  endfacet
  facet normal 0 0 1
    outer loop
      vertex 135.0000 -94.0000 180.9000
      vertex 137.0810 -50.6000 180.9000
      vertex 135.0000 -48.4000 180.9000
    endloop
  endfacet
  facet normal 0 0 1
    outer loop
      vertex 135.0000 -94.0000 180.9000
      vertex 143.3000 -84.0000 180.9000
      vertex 143.3370 -83.6465 180.9000
    endloop
  endfacet
  facet normal 0 0 1
    outer loop
      vertex 135.0000 -94.0000 180.9000
      vertex 143.3370 -84.3534 180.9000
      vertex 143.3000 -84.0000 180.9000
    endloop
  endfacet
  facet normal 0 0 1
    outer loop
      vertex 135.0000 -94.0000 180.9000
      vertex 143.3370 -83.6465 180.9000
      vertex 143.4470 -83.3085 180.9000
    endloop
  endfacet
  facet normal 0 0 1
    outer loop
      vertex 135.0000 -94.0000 180.9000
      vertex 143.4470 -84.6915 180.9000
      vertex 143.3370 -84.3534 180.9000
    endloop
  endfacet
  facet normal 0 0 1
    outer loop
      vertex 135.0000 -94.0000 180.9000
      vertex 143.4470 -83.3085 180.9000
      vertex 137.0810 -50.6000 180.9000
    endloop
  endfacet
  facet normal 0 0 1
    outer loop
      vertex 135.0000 -94.0000 180.9000
      vertex 143.6250 -84.9992 180.9000
      vertex 143.4470 -84.6915 180.9000
    endloop
  endfacet
  facet normal 0 0 1
    outer loop
      vertex 135.0000 -94.0000 180.9000
      vertex 143.8620 -85.2633 180.9000
      vertex 143.6250 -84.9992 180.9000
    endloop
  endfacet
  facet normal 0 0 1
    outer loop
      vertex 135.0000 -94.0000 180.9000
      vertex 144.1500 -85.4722 180.9000
      vertex 143.8620 -85.2633 180.9000
    endloop
  endfacet
  facet normal 0 0 1
    outer loop
      vertex 135.0000 -94.0000 180.9000
      vertex 144.4750 -85.6168 180.9000
      vertex 144.1500 -85.4722 180.9000
    endloop
  endfacet
  facet normal 0 0 1
    outer loop
      vertex 135.0000 -94.0000 180.9000
      vertex 144.8220 -85.6907 180.9000
      vertex 144.4750 -85.6168 180.9000
    endloop
  endfacet
  facet normal 0 0 1
    outer loop
      vertex 135.0000 -94.0000 180.9000
      vertex 145.1780 -85.6907 180.9000
      vertex 144.8220 -85.6907 180.9000
    endloop
  endfacet
  facet normal 0 0 1
    outer loop
      vertex 135.0000 -94.0000 180.9000
      vertex 145.5250 -85.6168 180.9000
      vertex 145.1780 -85.6907 180.9000
    endloop
  endfacet
  facet normal 0 0 1
    outer loop
      vertex 135.0000 -94.0000 180.9000
      vertex 145.8500 -85.4722 180.9000
      vertex 145.5250 -85.6168 180.9000
    endloop
  endfacet
  facet normal 0 0 1
    outer loop
      vertex 135.0000 -94.0000 180.9000
      vertex 162.7000 -81.4000 180.9000
      vertex 145.8500 -85.4722 180.9000
    endloop
  endfacet
  facet normal 0 0 1
    outer loop
      vertex 135.0000 -94.0000 180.9000
      vertex 165.7000 -81.4000 180.9000
      vertex 162.7000 -81.4000 180.9000
    endloop
  endfacet
  facet normal 0 0 1
    outer loop
      vertex 135.0000 -94.0000 180.9000
      vertex 168.7000 -81.4000 180.9000
      vertex 165.7000 -81.4000 180.9000
    endloop
  endfacet
  facet normal 0 0 1
    outer loop
      vertex 135.0000 -94.0000 180.9000
      vertex 171.7000 -81.4000 180.9000
      vertex 168.7000 -81.4000 180.9000
    endloop
  endfacet
  facet normal 0 0 1
    outer loop
      vertex 135.0000 -94.0000 180.9000
      vertex 174.7000 -81.4000 180.9000
      vertex 171.7000 -81.4000 180.9000
    endloop
  endfacet
  facet normal 0 0 1
    outer loop
      vertex 135.0000 -94.0000 180.9000
      vertex 177.7000 -81.4000 180.9000
      vertex 174.7000 -81.4000 180.9000
    endloop
  endfacet
  facet normal 0 0 1
    outer loop
      vertex 135.0000 -94.0000 180.9000
      vertex 180.7000 -81.4000 180.9000
      vertex 177.7000 -81.4000 180.9000
    endloop
  endfacet
  facet normal 0 0 1
    outer loop
      vertex 135.0000 -94.0000 180.9000
      vertex 183.7000 -81.4000 180.9000
      vertex 180.7000 -81.4000 180.9000
    endloop
  endfacet
  facet normal 0 0 1
    outer loop
      vertex 135.0000 -94.0000 180.9000
      vertex 186.7000 -81.4000 180.9000
      vertex 183.7000 -81.4000 180.9000
    endloop
  endfacet
  facet normal 0 0 1
    outer loop
      vertex 135.0000 -94.0000 180.9000
      vertex 189.7000 -81.4000 180.9000
      vertex 186.7000 -81.4000 180.9000
    endloop
  endfacet
  facet normal 0 0 1
    outer loop
      vertex 135.0000 -94.0000 180.9000
      vertex 192.7000 -81.4000 180.9000
      vertex 189.7000 -81.4000 180.9000
    endloop
  endfacet
  facet normal 0 0 1
    outer loop
      vertex 135.0000 -94.0000 180.9000
      vertex 195.7000 -81.4000 180.9000
      vertex 192.7000 -81.4000 180.9000
    endloop
  endfacet
  facet normal 0 0 1
    outer loop
      vertex 135.0000 -94.0000 180.9000
      vertex 261.7000 -94.0000 180.9000
      vertex 195.7000 -81.4000 180.9000
    endloop
  endfacet
  facet normal -1 0 0
    outer loop
      vertex 135.0000 -89.0000 173.9000
      vertex 135.0000 -89.0000 177.9000
      vertex 135.0000 -87.5000 177.9000
    endloop
  endfacet
  facet normal 0 0 -1
    outer loop
      vertex 135.0000 -89.0000 173.9000
      vertex 135.0000 -87.5000 173.9000
      vertex 137.5000 -87.5000 173.9000
    endloop
  endfacet
  facet normal -1 0 0
    outer loop
      vertex 135.0000 -89.0000 173.9000
      vertex 135.0000 -87.5000 177.9000
      vertex 135.0000 -87.5000 173.9000
    endloop
  endfacet
  facet normal 0 -1 0
    outer loop
      vertex 135.0000 -89.0000 173.9000
      vertex 137.5000 -89.0000 173.9000
      vertex 137.5000 -89.0000 177.9000
    endloop
  endfacet
  facet normal 0 -1 0
    outer loop
      vertex 135.0000 -89.0000 173.9000
      vertex 137.5000 -89.0000 177.9000
      vertex 135.0000 -89.0000 177.9000
    endloop
  endfacet
  facet normal 0 0 -1
    outer loop
      vertex 135.0000 -89.0000 173.9000
      vertex 137.5000 -87.5000 173.9000
      vertex 137.5000 -89.0000 173.9000
    endloop
  endfacet
  facet normal 0 1 0
    outer loop
      vertex 135.0000 -87.5000 173.9000
      vertex 135.0000 -87.5000 177.9000
      vertex 137.5000 -87.5000 173.9000
    endloop
  endfacet
  facet normal 0 0 -1
    outer loop
      vertex 135.0000 -87.5000 177.9000
      vertex 135.0000 -48.4000 177.9000
      vertex 137.0810 -50.6000 177.9000
    endloop
  endfacet
  facet normal -1 0 0
    outer loop
      vertex 135.0000 -87.5000 177.9000
      vertex 135.0000 -48.4000 180.9000
      vertex 135.0000 -48.4000 177.9000
    endloop
  endfacet
  facet normal 0 0 -1
    outer loop
      vertex 135.0000 -87.5000 177.9000
      vertex 137.0810 -50.6000 177.9000
      vertex 143.8620 -82.7367 177.9000
    endloop
  endfacet
  facet normal 0 1 0
    outer loop
      vertex 135.0000 -87.5000 177.9000
      vertex 137.5000 -87.5000 177.9000
      vertex 137.5000 -87.5000 173.9000
    endloop
  endfacet
  facet normal 0 0 -1
    outer loop
      vertex 135.0000 -87.5000 177.9000
      vertex 143.4470 -83.3085 177.9000
      vertex 137.5000 -87.5000 177.9000
    endloop
  endfacet
  facet normal 0 0 -1
    outer loop
      vertex 135.0000 -87.5000 177.9000
      vertex 143.6250 -83.0008 177.9000
      vertex 143.4470 -83.3085 177.9000
    endloop
  endfacet
  facet normal 0 0 -1
    outer loop
      vertex 135.0000 -87.5000 177.9000
      vertex 143.8620 -82.7367 177.9000
      vertex 143.6250 -83.0008 177.9000
    endloop
  endfacet
  facet normal 0 1 0
    outer loop
      vertex 135.0000 -48.4000 177.9000
      vertex 135.0000 -48.4000 180.9000
      vertex 135.8810 -48.4000 177.9000
    endloop
  endfacet
  facet normal 0 0 -1
    outer loop
      vertex 135.0000 -48.4000 177.9000
      vertex 135.8810 -48.4000 177.9000
      vertex 137.0810 -50.6000 177.9000
    endloop
  endfacet
  facet normal 0 1 0
    outer loop
      vertex 135.0000 -48.4000 180.9000
      vertex 135.8810 -48.4000 180.9000
      vertex 135.8810 -48.4000 177.9000
    endloop
  endfacet
  facet normal 0 0 1
    outer loop
      vertex 135.0000 -48.4000 180.9000
      vertex 137.0810 -50.6000 180.9000
      vertex 135.8810 -48.4000 180.9000
    endloop
  endfacet
  facet normal -1 0 0
    outer loop
      vertex 135.0000 -42.0000 177.9000
      vertex 135.0000 -42.0000 180.9000
      vertex 135.0000 0.4000 180.9000
    endloop
  endfacet
  facet normal 0 0 -1
    outer loop
      vertex 135.0000 -42.0000 177.9000
      vertex 135.0000 0.4000 177.9000
      vertex 137.0810 -1.8000 177.9000
    endloop
  endfacet
  facet normal -1 0 0
    outer loop
      vertex 135.0000 -42.0000 177.9000
      vertex 135.0000 0.4000 180.9000
      vertex 135.0000 0.4000 177.9000
    endloop
  endfacet
  facet normal 0 -1 0
    outer loop
      vertex 135.0000 -42.0000 177.9000
      vertex 135.8810 -42.0000 177.9000
      vertex 135.8810 -42.0000 180.9000
    endloop
  endfacet
  facet normal 0 -1 0
    outer loop
      vertex 135.0000 -42.0000 177.9000
      vertex 135.8810 -42.0000 180.9000
      vertex 135.0000 -42.0000 180.9000
    endloop
  endfacet
  facet normal 0 0 -1
    outer loop
      vertex 135.0000 -42.0000 177.9000
      vertex 137.0810 -39.8000 177.9000
      vertex 135.8810 -42.0000 177.9000
    endloop
  endfacet
  facet normal 0 0 -1
    outer loop
      vertex 135.0000 -42.0000 177.9000
      vertex 137.0810 -1.8000 177.9000
      vertex 137.0810 -39.8000 177.9000
    endloop
  endfacet
  facet normal 0 0 1
    outer loop
      vertex 135.0000 -42.0000 180.9000
      vertex 135.8810 -42.0000 180.9000
      vertex 137.0810 -39.8000 180.9000
    endloop
  endfacet
  facet normal 0 0 1
    outer loop
      vertex 135.0000 -42.0000 180.9000
      vertex 137.0810 -39.8000 180.9000
      vertex 135.0000 0.4000 180.9000
    endloop
  endfacet
  facet normal 0 1 0
    outer loop
      vertex 135.0000 0.4000 177.9000
      vertex 135.0000 0.4000 180.9000
      vertex 135.8810 0.4000 177.9000
    endloop
  endfacet
  facet normal 0 0 -1
    outer loop
      vertex 135.0000 0.4000 177.9000
      vertex 135.8810 0.4000 177.9000
      vertex 137.0810 -1.8000 177.9000
    endloop
  endfacet
  facet normal 0 1 0
    outer loop
      vertex 135.0000 0.4000 180.9000
      vertex 135.8810 0.4000 180.9000
      vertex 135.8810 0.4000 177.9000
    endloop
  endfacet
  facet normal 0 0 1
    outer loop
      vertex 135.0000 0.4000 180.9000
      vertex 137.0810 -39.8000 180.9000
      vertex 137.0810 -1.8000 180.9000
    endloop
  endfacet
  facet normal 0 0 1
    outer loop
      vertex 135.0000 0.4000 180.9000
      vertex 137.0810 -1.8000 180.9000
      vertex 135.8810 0.4000 180.9000
    endloop
  endfacet
  facet normal -1 0 0
    outer loop
      vertex 135.0000 6.8000 177.9000
      vertex 135.0000 6.8000 180.9000
      vertex 135.0000 49.2000 180.9000
    endloop
  endfacet
  facet normal 0 0 -1
    outer loop
      vertex 135.0000 6.8000 177.9000
      vertex 135.0000 49.2000 177.9000
      vertex 140.7500 28.0000 177.9000
    endloop
  endfacet
  facet normal -1 0 0
    outer loop
      vertex 135.0000 6.8000 177.9000
      vertex 135.0000 49.2000 180.9000
      vertex 135.0000 49.2000 177.9000
    endloop
  endfacet
  facet normal 0 -1 0
    outer loop
      vertex 135.0000 6.8000 177.9000
      vertex 135.8810 6.8000 177.9000
      vertex 135.8810 6.8000 180.9000
    endloop
  endfacet
  facet normal 0 -1 0
    outer loop
      vertex 135.0000 6.8000 177.9000
      vertex 135.8810 6.8000 180.9000
      vertex 135.0000 6.8000 180.9000
    endloop
  endfacet
  facet normal 0 0 -1
    outer loop
      vertex 135.0000 6.8000 177.9000
      vertex 137.0810 9.0000 177.9000
      vertex 135.8810 6.8000 177.9000
    endloop
  endfacet
  facet normal 0 0 -1
    outer loop
      vertex 135.0000 6.8000 177.9000
      vertex 140.7500 28.0000 177.9000
      vertex 140.8020 27.3352 177.9000
    endloop
  endfacet
  facet normal 0 0 -1
    outer loop
      vertex 135.0000 6.8000 177.9000
      vertex 140.8020 27.3352 177.9000
      vertex 140.9580 26.6867 177.9000
    endloop
  endfacet
  facet normal 0 0 -1
    outer loop
      vertex 135.0000 6.8000 177.9000
      vertex 140.9580 26.6867 177.9000
      vertex 137.0810 9.0000 177.9000
    endloop
  endfacet
  facet normal 0 0 1
    outer loop
      vertex 135.0000 6.8000 180.9000
      vertex 135.8810 6.8000 180.9000
      vertex 137.0810 9.0000 180.9000
    endloop
  endfacet
  facet normal 0 0 1
    outer loop
      vertex 135.0000 6.8000 180.9000
      vertex 137.0810 9.0000 180.9000
      vertex 135.0000 49.2000 180.9000
    endloop
  endfacet
  facet normal 0 1 0
    outer loop
      vertex 135.0000 49.2000 177.9000
      vertex 135.0000 49.2000 180.9000
      vertex 135.8810 49.2000 177.9000
    endloop
  endfacet
  facet normal 0 0 -1
    outer loop
      vertex 135.0000 49.2000 177.9000
      vertex 135.8810 49.2000 177.9000
      vertex 137.0810 47.0000 177.9000
    endloop
  endfacet
  facet normal 0 0 -1
    outer loop
      vertex 135.0000 49.2000 177.9000
      vertex 137.0810 47.0000 177.9000
      vertex 140.9580 29.3133 177.9000
    endloop
  endfacet
  facet normal 0 0 -1
    outer loop
      vertex 135.0000 49.2000 177.9000
      vertex 140.8020 28.6648 177.9000
      vertex 140.7500 28.0000 177.9000
    endloop
  endfacet
  facet normal 0 0 -1
    outer loop
      vertex 135.0000 49.2000 177.9000
      vertex 140.9580 29.3133 177.9000
      vertex 140.8020 28.6648 177.9000
    endloop
  endfacet
  facet normal 0 1 0
    outer loop
      vertex 135.0000 49.2000 180.9000
      vertex 135.8810 49.2000 180.9000
      vertex 135.8810 49.2000 177.9000
    endloop
  endfacet
  facet normal 0 0 1
    outer loop
      vertex 135.0000 49.2000 180.9000
      vertex 137.0810 9.0000 180.9000
      vertex 137.0810 47.0000 180.9000
    endloop
  endfacet
  facet normal 0 0 1
    outer loop
      vertex 135.0000 49.2000 180.9000
      vertex 137.0810 47.0000 180.9000
      vertex 135.8810 49.2000 180.9000
    endloop
  endfacet
  facet normal -1 0 0
    outer loop
      vertex 135.0000 55.6000 177.9000
      vertex 135.0000 55.6000 180.9000
      vertex 135.0000 98.0000 180.9000
    endloop
  endfacet
  facet normal 0 0 -1
    outer loop
      vertex 135.0000 55.6000 177.9000
      vertex 135.0000 98.0000 177.9000
      vertex 140.7500 77.0000 177.9000
    endloop
  endfacet
  facet normal -1 0 0
    outer loop
      vertex 135.0000 55.6000 177.9000
      vertex 135.0000 98.0000 180.9000
      vertex 135.0000 98.0000 177.9000
    endloop
  endfacet
  facet normal 0 -1 0
    outer loop
      vertex 135.0000 55.6000 177.9000
      vertex 135.8810 55.6000 177.9000
      vertex 135.8810 55.6000 180.9000
    endloop
  endfacet
  facet normal 0 -1 0
    outer loop
      vertex 135.0000 55.6000 177.9000
      vertex 135.8810 55.6000 180.9000
      vertex 135.0000 55.6000 180.9000
    endloop
  endfacet
  facet normal 0 0 -1
    outer loop
      vertex 135.0000 55.6000 177.9000
      vertex 137.0810 57.8000 177.9000
      vertex 135.8810 55.6000 177.9000
    endloop
  endfacet
  facet normal 0 0 -1
    outer loop
      vertex 135.0000 55.6000 177.9000
      vertex 140.7500 77.0000 177.9000
      vertex 140.8020 76.3352 177.9000
    endloop
  endfacet
  facet normal 0 0 -1
    outer loop
      vertex 135.0000 55.6000 177.9000
      vertex 140.8020 76.3352 177.9000
      vertex 140.9580 75.6867 177.9000
    endloop
  endfacet
  facet normal 0 0 -1
    outer loop
      vertex 135.0000 55.6000 177.9000
      vertex 140.9580 75.6867 177.9000
      vertex 137.0810 57.8000 177.9000
    endloop
  endfacet
  facet normal 0 0 1
    outer loop
      vertex 135.0000 55.6000 180.9000
      vertex 135.8810 55.6000 180.9000
      vertex 137.0810 57.8000 180.9000
    endloop
  endfacet
  facet normal 0 0 1
    outer loop
      vertex 135.0000 55.6000 180.9000
      vertex 137.0810 57.8000 180.9000
      vertex 135.0000 98.0000 180.9000
    endloop
  endfacet
  facet normal 0 1 0
    outer loop
      vertex 135.0000 98.0000 177.9000
      vertex 135.0000 98.0000 180.9000
      vertex 135.8810 98.0000 177.9000
    endloop
  endfacet
  facet normal 0 0 -1
    outer loop
      vertex 135.0000 98.0000 177.9000
      vertex 135.8810 98.0000 177.9000
      vertex 137.0810 95.8000 177.9000
    endloop
  endfacet
  facet normal 0 0 -1
    outer loop
      vertex 135.0000 98.0000 177.9000
      vertex 137.0810 95.8000 177.9000
      vertex 140.9580 78.3133 177.9000
    endloop
  endfacet
  facet normal 0 0 -1
    outer loop
      vertex 135.0000 98.0000 177.9000
      vertex 140.8020 77.6648 177.9000
      vertex 140.7500 77.0000 177.9000
    endloop
  endfacet
  facet normal 0 0 -1
    outer loop
      vertex 135.0000 98.0000 177.9000
      vertex 140.9580 78.3133 177.9000
      vertex 140.8020 77.6648 177.9000
    endloop
  endfacet
  facet normal 0 1 0
    outer loop
      vertex 135.0000 98.0000 180.9000
      vertex 135.8810 98.0000 180.9000
      vertex 135.8810 98.0000 177.9000
    endloop
  endfacet
  facet normal 0 0 1
    outer loop
      vertex 135.0000 98.0000 180.9000
      vertex 137.0810 57.8000 180.9000
      vertex 137.0810 95.8000 180.9000
    endloop
  endfacet
  facet normal 0 0 1
    outer loop
      vertex 135.0000 98.0000 180.9000
      vertex 137.0810 95.8000 180.9000
      vertex 135.8810 98.0000 180.9000
    endloop
  endfacet
  facet normal -1 0 0
    outer loop
      vertex 135.0000 104.4000 177.9000
      vertex 135.0000 104.4000 180.9000
      vertex 135.0000 143.5000 177.9000
    endloop
  endfacet
  facet normal 0 0 -1
    outer loop
      vertex 135.0000 104.4000 177.9000
      vertex 135.0000 143.5000 177.9000
      vertex 137.0810 106.6000 177.9000
    endloop
  endfacet
  facet normal 0 -1 0
    outer loop
      vertex 135.0000 104.4000 177.9000
      vertex 135.8810 104.4000 177.9000
      vertex 135.8810 104.4000 180.9000
    endloop
  endfacet
  facet normal 0 -1 0
    outer loop
      vertex 135.0000 104.4000 177.9000
      vertex 135.8810 104.4000 180.9000
      vertex 135.0000 104.4000 180.9000
    endloop
  endfacet
  facet normal 0 0 -1
    outer loop
      vertex 135.0000 104.4000 177.9000
      vertex 137.0810 106.6000 177.9000
      vertex 135.8810 104.4000 177.9000
    endloop
  endfacet
  facet normal -1 0 0
    outer loop
      vertex 135.0000 104.4000 180.9000
      vertex 135.0000 150.0000 180.9000
      vertex 135.0000 143.5000 177.9000
    endloop
  endfacet
  facet normal 0 0 1
    outer loop
      vertex 135.0000 104.4000 180.9000
      vertex 135.8810 104.4000 180.9000
      vertex 137.0810 106.6000 180.9000
    endloop
  endfacet
  facet normal 0 0 1
    outer loop
      vertex 135.0000 104.4000 180.9000
      vertex 137.0810 106.6000 180.9000
      vertex 135.0000 150.0000 180.9000
    endloop
  endfacet
  facet normal -1 0 0
    outer loop
      vertex 135.0000 143.5000 173.9000
      vertex 135.0000 143.5000 177.9000
      vertex 135.0000 145.0000 177.9000
    endloop
  endfacet
  facet normal 0 0 -1
    outer loop
      vertex 135.0000 143.5000 173.9000
      vertex 135.0000 145.0000 173.9000
      vertex 137.5000 145.0000 173.9000
    endloop
  endfacet
  facet normal -1 0 0
    outer loop
      vertex 135.0000 143.5000 173.9000
      vertex 135.0000 145.0000 177.9000
      vertex 135.0000 145.0000 173.9000
    endloop
  endfacet
  facet normal 0 -1 0
    outer loop
      vertex 135.0000 143.5000 173.9000
      vertex 137.5000 143.5000 173.9000
      vertex 137.5000 143.5000 177.9000
    endloop
  endfacet
  facet normal 0 -1 0
    outer loop
      vertex 135.0000 143.5000 173.9000
      vertex 137.5000 143.5000 177.9000
      vertex 135.0000 143.5000 177.9000
    endloop
  endfacet
  facet normal 0 0 -1
    outer loop
      vertex 135.0000 143.5000 173.9000
      vertex 137.5000 145.0000 173.9000
      vertex 137.5000 143.5000 173.9000
    endloop
  endfacet
  facet normal -1 0 0
    outer loop
      vertex 135.0000 143.5000 177.9000
      vertex 135.0000 150.0000 180.9000
      vertex 135.0000 145.0000 177.9000
    endloop
  endfacet
  facet normal 0 0 -1
    outer loop
      vertex 135.0000 143.5000 177.9000
      vertex 137.5000 143.5000 177.9000
      vertex 143.8620 138.7370 177.9000
    endloop
  endfacet
  facet normal 0 0 -1
    outer loop
      vertex 135.0000 143.5000 177.9000
      vertex 143.8620 138.7370 177.9000
      vertex 137.0810 106.6000 177.9000
    endloop
  endfacet
  facet normal 0 1 0
    outer loop
      vertex 135.0000 145.0000 173.9000
      vertex 135.0000 145.0000 177.9000
      vertex 137.5000 145.0000 173.9000
    endloop
  endfacet
  facet normal 0 0 -1
    outer loop
      vertex 135.0000 145.0000 177.9000
      vertex 135.0000 150.0000 177.9000
      vertex 137.5000 145.0000 177.9000
    endloop
  endfacet
  facet normal -1 0 0
    outer loop
      vertex 135.0000 145.0000 177.9000
      vertex 135.0000 150.0000 180.9000
      vertex 135.0000 150.0000 177.9000
    endloop
  endfacet
  facet normal 0 1 0
    outer loop
      vertex 135.0000 145.0000 177.9000
      vertex 137.5000 145.0000 177.9000
      vertex 137.5000 145.0000 173.9000
    endloop
  endfacet
  facet normal 0 1 0
    outer loop
      vertex 135.0000 150.0000 177.9000
      vertex 135.0000 150.0000 180.9000
      vertex 261.7000 150.0000 177.9000
    endloop
  endfacet
  facet normal 0 0 -1
    outer loop
      vertex 135.0000 150.0000 177.9000
      vertex 152.5000 145.0000 177.9000
      vertex 137.5000 145.0000 177.9000
    endloop
  endfacet
  facet normal 0 0 -1
    outer loop
      vertex 135.0000 150.0000 177.9000
      vertex 261.7000 150.0000 177.9000
      vertex 152.5000 145.0000 177.9000
    endloop
  endfacet
  facet normal 0 0 1
    outer loop
      vertex 135.0000 150.0000 180.9000
      vertex 137.0810 106.6000 180.9000
      vertex 143.4470 139.3090 180.9000
    endloop
  endfacet
  facet normal 0 0 1
    outer loop
      vertex 135.0000 150.0000 180.9000
      vertex 143.3000 140.0000 180.9000
      vertex 143.3370 140.3530 180.9000
    endloop
  endfacet
  facet normal 0 0 1
    outer loop
      vertex 135.0000 150.0000 180.9000
      vertex 143.3370 139.6470 180.9000
      vertex 143.3000 140.0000 180.9000
    endloop
  endfacet
  facet normal 0 0 1
    outer loop
      vertex 135.0000 150.0000 180.9000
      vertex 143.3370 140.3530 180.9000
      vertex 143.4470 140.6910 180.9000
    endloop
  endfacet
  facet normal 0 0 1
    outer loop
      vertex 135.0000 150.0000 180.9000
      vertex 143.4470 139.3090 180.9000
      vertex 143.3370 139.6470 180.9000
    endloop
  endfacet
  facet normal 0 0 1
    outer loop
      vertex 135.0000 150.0000 180.9000
      vertex 143.4470 140.6910 180.9000
      vertex 143.6250 140.9990 180.9000
    endloop
  endfacet
  facet normal 0 0 1
    outer loop
      vertex 135.0000 150.0000 180.9000
      vertex 143.6250 140.9990 180.9000
      vertex 143.8620 141.2630 180.9000
    endloop
  endfacet
  facet normal 0 0 1
    outer loop
      vertex 135.0000 150.0000 180.9000
      vertex 143.8620 141.2630 180.9000
      vertex 144.1500 141.4720 180.9000
    endloop
  endfacet
  facet normal 0 0 1
    outer loop
      vertex 135.0000 150.0000 180.9000
      vertex 144.1500 141.4720 180.9000
      vertex 144.4750 141.6170 180.9000
    endloop
  endfacet
  facet normal 0 0 1
    outer loop
      vertex 135.0000 150.0000 180.9000
      vertex 144.4750 141.6170 180.9000
      vertex 144.8220 141.6910 180.9000
    endloop
  endfacet
  facet normal 0 0 1
    outer loop
      vertex 135.0000 150.0000 180.9000
      vertex 144.8220 141.6910 180.9000
      vertex 145.1780 141.6910 180.9000
    endloop
  endfacet
  facet normal 0 0 1
    outer loop
      vertex 135.0000 150.0000 180.9000
      vertex 145.1780 141.6910 180.9000
      vertex 145.5250 141.6170 180.9000
    endloop
  endfacet
  facet normal 0 0 1
    outer loop
      vertex 135.0000 150.0000 180.9000
      vertex 145.5250 141.6170 180.9000
      vertex 145.8500 141.4720 180.9000
    endloop
  endfacet
  facet normal 0 0 1
    outer loop
      vertex 135.0000 150.0000 180.9000
      vertex 145.8500 141.4720 180.9000
      vertex 261.7000 150.0000 180.9000
    endloop
  endfacet
  facet normal 0 1 0
    outer loop
      vertex 135.0000 150.0000 180.9000
      vertex 261.7000 150.0000 180.9000
      vertex 261.7000 150.0000 177.9000
    endloop
  endfacet
  facet normal 0.877896 0.478852 0
    outer loop
      vertex 135.8810 -48.4000 177.9000
      vertex 135.8810 -48.4000 180.9000
      vertex 137.0810 -50.6000 180.9000
    endloop
  endfacet
  facet normal 0.877896 0.478852 0
    outer loop
      vertex 135.8810 -48.4000 177.9000
      vertex 137.0810 -50.6000 180.9000
      vertex 137.0810 -50.6000 177.9000
    endloop
  endfacet
  facet normal 0.877896 -0.478852 0
    outer loop
      vertex 135.8810 -42.0000 177.9000
      vertex 137.0810 -39.8000 177.9000
      vertex 135.8810 -42.0000 180.9000
    endloop
  endfacet
  facet normal 0.877896 -0.478852 0
    outer loop
      vertex 135.8810 -42.0000 180.9000
      vertex 137.0810 -39.8000 177.9000
      vertex 137.0810 -39.8000 180.9000
    endloop
  endfacet
  facet normal 0.877896 0.478852 0
    outer loop
      vertex 135.8810 0.4000 177.9000
      vertex 135.8810 0.4000 180.9000
      vertex 137.0810 -1.8000 180.9000
    endloop
  endfacet
  facet normal 0.877896 0.478852 0
    outer loop
      vertex 135.8810 0.4000 177.9000
      vertex 137.0810 -1.8000 180.9000
      vertex 137.0810 -1.8000 177.9000
    endloop
  endfacet
  facet normal 0.877896 -0.478852 0
    outer loop
      vertex 135.8810 6.8000 177.9000
      vertex 137.0810 9.0000 177.9000
      vertex 135.8810 6.8000 180.9000
    endloop
  endfacet
  facet normal 0.877896 -0.478852 0
    outer loop
      vertex 135.8810 6.8000 180.9000
      vertex 137.0810 9.0000 177.9000
      vertex 137.0810 9.0000 180.9000
    endloop
  endfacet
  facet normal 0.877896 0.478852 0
    outer loop
      vertex 135.8810 49.2000 177.9000
      vertex 135.8810 49.2000 180.9000
      vertex 137.0810 47.0000 180.9000
    endloop
  endfacet
  facet normal 0.877896 0.478852 0
    outer loop
      vertex 135.8810 49.2000 177.9000
      vertex 137.0810 47.0000 180.9000
      vertex 137.0810 47.0000 177.9000
    endloop
  endfacet
  facet normal 0.877896 -0.478852 0
    outer loop
      vertex 135.8810 55.6000 177.9000
      vertex 137.0810 57.8000 177.9000
      vertex 135.8810 55.6000 180.9000
    endloop
  endfacet
  facet normal 0.877896 -0.478852 0
    outer loop
      vertex 135.8810 55.6000 180.9000
      vertex 137.0810 57.8000 177.9000
      vertex 137.0810 57.8000 180.9000
    endloop
  endfacet
  facet normal 0.877896 0.478852 0
    outer loop
      vertex 135.8810 98.0000 177.9000
      vertex 135.8810 98.0000 180.9000
      vertex 137.0810 95.8000 180.9000
    endloop
  endfacet
  facet normal 0.877896 0.478852 0
    outer loop
      vertex 135.8810 98.0000 177.9000
      vertex 137.0810 95.8000 180.9000
      vertex 137.0810 95.8000 177.9000
    endloop
  endfacet
  facet normal 0.877896 -0.478852 0
    outer loop
      vertex 135.8810 104.4000 177.9000
      vertex 137.0810 106.6000 177.9000
      vertex 135.8810 104.4000 180.9000
    endloop
  endfacet
  facet normal 0.877896 -0.478852 0
    outer loop
      vertex 135.8810 104.4000 180.9000
      vertex 137.0810 106.6000 177.9000
      vertex 137.0810 106.6000 180.9000
    endloop
  endfacet
  facet normal 0 1 0
    outer loop
      vertex 137.0810 -50.6000 177.9000
      vertex 137.0810 -50.6000 180.9000
      vertex 141.7000 -50.6000 177.9000
    endloop
  endfacet
  facet normal 0 0 -1
    outer loop
      vertex 137.0810 -50.6000 177.9000
      vertex 141.7000 -50.6000 177.9000
      vertex 143.8620 -82.7367 177.9000
    endloop
  endfacet
  facet normal 0 1 0
    outer loop
      vertex 137.0810 -50.6000 180.9000
      vertex 141.7000 -50.6000 180.9000
      vertex 141.7000 -50.6000 177.9000
    endloop
  endfacet
  facet normal 0 0 1
    outer loop
      vertex 137.0810 -50.6000 180.9000
      vertex 143.4470 -83.3085 180.9000
      vertex 143.6250 -83.0008 180.9000
    endloop
  endfacet
  facet normal 0 0 1
    outer loop
      vertex 137.0810 -50.6000 180.9000
      vertex 143.6250 -83.0008 180.9000
      vertex 143.8620 -82.7367 180.9000
    endloop
  endfacet
  facet normal 0 0 1
    outer loop
      vertex 137.0810 -50.6000 180.9000
      vertex 143.8620 -82.7367 180.9000
      vertex 144.1500 -82.5278 180.9000
    endloop
  endfacet
  facet normal 0 0 1
    outer loop
      vertex 137.0810 -50.6000 180.9000
      vertex 144.1500 -82.5278 180.9000
      vertex 144.4750 -82.3832 180.9000
    endloop
  endfacet
  facet normal 0 0 1
    outer loop
      vertex 137.0810 -50.6000 180.9000
      vertex 144.4750 -82.3832 180.9000
      vertex 141.7000 -50.6000 180.9000
    endloop
  endfacet
  facet normal 0 0 -1
    outer loop
      vertex 137.0810 -39.8000 177.9000
      vertex 137.0810 -1.8000 177.9000
      vertex 147.7000 -13.4000 177.9000
    endloop
  endfacet
  facet normal 0 -1 0
    outer loop
      vertex 137.0810 -39.8000 177.9000
      vertex 141.7000 -39.8000 177.9000
      vertex 141.7000 -39.8000 180.9000
    endloop
  endfacet
  facet normal 0 -1 0
    outer loop
      vertex 137.0810 -39.8000 177.9000
      vertex 141.7000 -39.8000 180.9000
      vertex 137.0810 -39.8000 180.9000
    endloop
  endfacet
  facet normal 0 0 -1
    outer loop
      vertex 137.0810 -39.8000 177.9000
      vertex 147.7000 -33.4000 177.9000
      vertex 141.7000 -39.8000 177.9000
    endloop
  endfacet
  facet normal 0 0 -1
    outer loop
      vertex 137.0810 -39.8000 177.9000
      vertex 147.7000 -13.4000 177.9000
      vertex 147.7000 -33.4000 177.9000
    endloop
  endfacet
  facet normal 0 0 1
    outer loop
      vertex 137.0810 -39.8000 180.9000
      vertex 141.7000 -39.8000 180.9000
      vertex 147.7000 -13.4000 180.9000
    endloop
  endfacet
  facet normal 0 0 1
    outer loop
      vertex 137.0810 -39.8000 180.9000
      vertex 147.7000 -13.4000 180.9000
      vertex 137.0810 -1.8000 180.9000
    endloop
  endfacet
  facet normal 0 1 0
    outer loop
      vertex 137.0810 -1.8000 177.9000
      vertex 137.0810 -1.8000 180.9000
      vertex 141.7000 -1.8000 177.9000
    endloop
  endfacet
  facet normal 0 0 -1
    outer loop
      vertex 137.0810 -1.8000 177.9000
      vertex 141.7000 -1.8000 177.9000
      vertex 147.7000 -13.4000 177.9000
    endloop
  endfacet
  facet normal 0 1 0
    outer loop
      vertex 137.0810 -1.8000 180.9000
      vertex 141.7000 -1.8000 180.9000
      vertex 141.7000 -1.8000 177.9000
    endloop
  endfacet
  facet normal 0 0 1
    outer loop
      vertex 137.0810 -1.8000 180.9000
      vertex 147.7000 -13.4000 180.9000
      vertex 141.7000 -1.8000 180.9000
    endloop
  endfacet
  facet normal 0 0 -1
    outer loop
      vertex 137.0810 9.0000 177.9000
      vertex 140.9580 26.6867 177.9000
      vertex 141.2130 26.0705 177.9000
    endloop
  endfacet
  facet normal 0 0 -1
    outer loop
      vertex 137.0810 9.0000 177.9000
      vertex 141.2130 26.0705 177.9000
      vertex 141.5620 25.5019 177.9000
    endloop
  endfacet
  facet normal 0 0 -1
    outer loop
      vertex 137.0810 9.0000 177.9000
      vertex 141.5620 25.5019 177.9000
      vertex 141.9950 24.9948 177.9000
    endloop
  endfacet
  facet normal 0 -1 0
    outer loop
      vertex 137.0810 9.0000 177.9000
      vertex 141.7000 9.0000 177.9000
      vertex 141.7000 9.0000 180.9000
    endloop
  endfacet
  facet normal 0 -1 0
    outer loop
      vertex 137.0810 9.0000 177.9000
      vertex 141.7000 9.0000 180.9000
      vertex 137.0810 9.0000 180.9000
    endloop
  endfacet
  facet normal 0 0 -1
    outer loop
      vertex 137.0810 9.0000 177.9000
      vertex 141.9950 24.9948 177.9000
      vertex 141.7000 9.0000 177.9000
    endloop
  endfacet
  facet normal 0 0 1
    outer loop
      vertex 137.0810 9.0000 180.9000
      vertex 141.7000 9.0000 180.9000
      vertex 137.0810 47.0000 180.9000
    endloop
  endfacet
  facet normal 0 1 0
    outer loop
      vertex 137.0810 47.0000 177.9000
      vertex 137.0810 47.0000 180.9000
      vertex 141.7000 47.0000 177.9000
    endloop
  endfacet
  facet normal 0 0 -1
    outer loop
      vertex 137.0810 47.0000 177.9000
      vertex 141.2130 29.9295 177.9000
      vertex 140.9580 29.3133 177.9000
    endloop
  endfacet
  facet normal 0 0 -1
    outer loop
      vertex 137.0810 47.0000 177.9000
      vertex 141.5620 30.4981 177.9000
      vertex 141.2130 29.9295 177.9000
    endloop
  endfacet
  facet normal 0 0 -1
    outer loop
      vertex 137.0810 47.0000 177.9000
      vertex 141.7000 47.0000 177.9000
      vertex 143.0710 31.7868 177.9000
    endloop
  endfacet
  facet normal 0 0 -1
    outer loop
      vertex 137.0810 47.0000 177.9000
      vertex 141.9950 31.0052 177.9000
      vertex 141.5620 30.4981 177.9000
    endloop
  endfacet
  facet normal 0 0 -1
    outer loop
      vertex 137.0810 47.0000 177.9000
      vertex 142.5020 31.4383 177.9000
      vertex 141.9950 31.0052 177.9000
    endloop
  endfacet
  facet normal 0 0 -1
    outer loop
      vertex 137.0810 47.0000 177.9000
      vertex 143.0710 31.7868 177.9000
      vertex 142.5020 31.4383 177.9000
    endloop
  endfacet
  facet normal 0 0 1
    outer loop
      vertex 137.0810 47.0000 180.9000
      vertex 141.7000 9.0000 180.9000
      vertex 141.7000 47.0000 180.9000
    endloop
  endfacet
  facet normal 0 1 0
    outer loop
      vertex 137.0810 47.0000 180.9000
      vertex 141.7000 47.0000 180.9000
      vertex 141.7000 47.0000 177.9000
    endloop
  endfacet
  facet normal 0 0 -1
    outer loop
      vertex 137.0810 57.8000 177.9000
      vertex 140.9580 75.6867 177.9000
      vertex 141.2130 75.0705 177.9000
    endloop
  endfacet
  facet normal 0 0 -1
    outer loop
      vertex 137.0810 57.8000 177.9000
      vertex 141.2130 75.0705 177.9000
      vertex 141.5620 74.5019 177.9000
    endloop
  endfacet
  facet normal 0 0 -1
    outer loop
      vertex 137.0810 57.8000 177.9000
      vertex 141.5620 74.5019 177.9000
      vertex 141.9950 73.9948 177.9000
    endloop
  endfacet
  facet normal 0 -1 0
    outer loop
      vertex 137.0810 57.8000 177.9000
      vertex 141.7000 57.8000 177.9000
      vertex 141.7000 57.8000 180.9000
    endloop
  endfacet
  facet normal 0 -1 0
    outer loop
      vertex 137.0810 57.8000 177.9000
      vertex 141.7000 57.8000 180.9000
      vertex 137.0810 57.8000 180.9000
    endloop
  endfacet
  facet normal 0 0 -1
    outer loop
      vertex 137.0810 57.8000 177.9000
      vertex 141.9950 73.9948 177.9000
      vertex 142.5020 73.5617 177.9000
    endloop
  endfacet
  facet normal 0 0 -1
    outer loop
      vertex 137.0810 57.8000 177.9000
      vertex 142.5020 73.5617 177.9000
      vertex 143.0710 73.2132 177.9000
    endloop
  endfacet
  facet normal 0 0 -1
    outer loop
      vertex 137.0810 57.8000 177.9000
      vertex 143.0710 73.2132 177.9000
      vertex 141.7000 57.8000 177.9000
    endloop
  endfacet
  facet normal 0 0 1
    outer loop
      vertex 137.0810 57.8000 180.9000
      vertex 141.7000 57.8000 180.9000
      vertex 137.0810 95.8000 180.9000
    endloop
  endfacet
  facet normal 0 1 0
    outer loop
      vertex 137.0810 95.8000 177.9000
      vertex 137.0810 95.8000 180.9000
      vertex 141.7000 95.8000 177.9000
    endloop
  endfacet
  facet normal 0 0 -1
    outer loop
      vertex 137.0810 95.8000 177.9000
      vertex 141.2130 78.9295 177.9000
      vertex 140.9580 78.3133 177.9000
    endloop
  endfacet
  facet normal 0 0 -1
    outer loop
      vertex 137.0810 95.8000 177.9000
      vertex 141.5620 79.4981 177.9000
      vertex 141.2130 78.9295 177.9000
    endloop
  endfacet
  facet normal 0 0 -1
    outer loop
      vertex 137.0810 95.8000 177.9000
      vertex 141.7000 95.8000 177.9000
      vertex 141.9950 80.0052 177.9000
    endloop
  endfacet
  facet normal 0 0 -1
    outer loop
      vertex 137.0810 95.8000 177.9000
      vertex 141.9950 80.0052 177.9000
      vertex 141.5620 79.4981 177.9000
    endloop
  endfacet
  facet normal 0 0 1
    outer loop
      vertex 137.0810 95.8000 180.9000
      vertex 141.7000 57.8000 180.9000
      vertex 141.7000 95.8000 180.9000
    endloop
  endfacet
  facet normal 0 1 0
    outer loop
      vertex 137.0810 95.8000 180.9000
      vertex 141.7000 95.8000 180.9000
      vertex 141.7000 95.8000 177.9000
    endloop
  endfacet
  facet normal 0 -1 0
    outer loop
      vertex 137.0810 106.6000 177.9000
      vertex 141.7000 106.6000 177.9000
      vertex 141.7000 106.6000 180.9000
    endloop
  endfacet
  facet normal 0 -1 0
    outer loop
      vertex 137.0810 106.6000 177.9000
      vertex 141.7000 106.6000 180.9000
      vertex 137.0810 106.6000 180.9000
    endloop
  endfacet
  facet normal 0 0 -1
    outer loop
      vertex 137.0810 106.6000 177.9000
      vertex 143.8620 138.7370 177.9000
      vertex 144.1500 138.5280 177.9000
    endloop
  endfacet
  facet normal 0 0 -1
    outer loop
      vertex 137.0810 106.6000 177.9000
      vertex 144.1500 138.5280 177.9000
      vertex 144.4750 138.3830 177.9000
    endloop
  endfacet
  facet normal 0 0 -1
    outer loop
      vertex 137.0810 106.6000 177.9000
      vertex 144.4750 138.3830 177.9000
      vertex 141.7000 106.6000 177.9000
    endloop
  endfacet
  facet normal 0 0 1
    outer loop
      vertex 137.0810 106.6000 180.9000
      vertex 141.7000 106.6000 180.9000
      vertex 144.4750 138.3830 180.9000
    endloop
  endfacet
  facet normal 0 0 1
    outer loop
      vertex 137.0810 106.6000 180.9000
      vertex 143.6250 139.0010 180.9000
      vertex 143.4470 139.3090 180.9000
    endloop
  endfacet
  facet normal 0 0 1
    outer loop
      vertex 137.0810 106.6000 180.9000
      vertex 143.8620 138.7370 180.9000
      vertex 143.6250 139.0010 180.9000
    endloop
  endfacet
  facet normal 0 0 1
    outer loop
      vertex 137.0810 106.6000 180.9000
      vertex 144.1500 138.5280 180.9000
      vertex 143.8620 138.7370 180.9000
    endloop
  endfacet
  facet normal 0 0 1
    outer loop
      vertex 137.0810 106.6000 180.9000
      vertex 144.4750 138.3830 180.9000
      vertex 144.1500 138.5280 180.9000
    endloop
  endfacet
  facet normal 1 0 0
    outer loop
      vertex 137.5000 -89.0000 173.9000
      vertex 137.5000 -87.5000 173.9000
      vertex 137.5000 -89.0000 177.9000
    endloop
  endfacet
  facet normal 1 0 0
    outer loop
      vertex 137.5000 -89.0000 177.9000
      vertex 137.5000 -87.5000 173.9000
      vertex 137.5000 -87.5000 177.9000
    endloop
  endfacet
  facet normal 0 0 -1
    outer loop
      vertex 137.5000 -89.0000 177.9000
      vertex 137.5000 -87.5000 177.9000
      vertex 143.8620 -85.2633 177.9000
    endloop
  endfacet
  facet normal 0 0 -1
    outer loop
      vertex 137.5000 -89.0000 177.9000
      vertex 143.8620 -85.2633 177.9000
      vertex 144.1500 -85.4722 177.9000
    endloop
  endfacet
  facet normal 0 0 -1
    outer loop
      vertex 137.5000 -89.0000 177.9000
      vertex 144.1500 -85.4722 177.9000
      vertex 144.4750 -85.6168 177.9000
    endloop
  endfacet
  facet normal 0 0 -1
    outer loop
      vertex 137.5000 -89.0000 177.9000
      vertex 144.4750 -85.6168 177.9000
      vertex 144.8220 -85.6907 177.9000
    endloop
  endfacet
  facet normal 0 0 -1
    outer loop
      vertex 137.5000 -89.0000 177.9000
      vertex 144.8220 -85.6907 177.9000
      vertex 152.5000 -89.0000 177.9000
    endloop
  endfacet
  facet normal 0 0 -1
    outer loop
      vertex 137.5000 -87.5000 177.9000
      vertex 143.3000 -84.0000 177.9000
      vertex 143.3370 -84.3534 177.9000
    endloop
  endfacet
  facet normal 0 0 -1
    outer loop
      vertex 137.5000 -87.5000 177.9000
      vertex 143.3370 -84.3534 177.9000
      vertex 143.4470 -84.6915 177.9000
    endloop
  endfacet
  facet normal 0 0 -1
    outer loop
      vertex 137.5000 -87.5000 177.9000
      vertex 143.3370 -83.6465 177.9000
      vertex 143.3000 -84.0000 177.9000
    endloop
  endfacet
  facet normal 0 0 -1
    outer loop
      vertex 137.5000 -87.5000 177.9000
      vertex 143.4470 -84.6915 177.9000
      vertex 143.6250 -84.9992 177.9000
    endloop
  endfacet
  facet normal 0 0 -1
    outer loop
      vertex 137.5000 -87.5000 177.9000
      vertex 143.4470 -83.3085 177.9000
      vertex 143.3370 -83.6465 177.9000
    endloop
  endfacet
  facet normal 0 0 -1
    outer loop
      vertex 137.5000 -87.5000 177.9000
      vertex 143.6250 -84.9992 177.9000
      vertex 143.8620 -85.2633 177.9000
    endloop
  endfacet
  facet normal 1 0 0
    outer loop
      vertex 137.5000 143.5000 173.9000
      vertex 137.5000 145.0000 173.9000
      vertex 137.5000 143.5000 177.9000
    endloop
  endfacet
  facet normal 1 0 0
    outer loop
      vertex 137.5000 143.5000 177.9000
      vertex 137.5000 145.0000 173.9000
      vertex 137.5000 145.0000 177.9000
    endloop
  endfacet
  facet normal 0 0 -1
    outer loop
      vertex 137.5000 143.5000 177.9000
      vertex 137.5000 145.0000 177.9000
      vertex 143.8620 141.2630 177.9000
    endloop
  endfacet
  facet normal 0 0 -1
    outer loop
      vertex 137.5000 143.5000 177.9000
      vertex 143.3000 140.0000 177.9000
      vertex 143.3370 139.6470 177.9000
    endloop
  endfacet
  facet normal 0 0 -1
    outer loop
      vertex 137.5000 143.5000 177.9000
      vertex 143.3370 139.6470 177.9000
      vertex 143.4470 139.3090 177.9000
    endloop
  endfacet
  facet normal 0 0 -1
    outer loop
      vertex 137.5000 143.5000 177.9000
      vertex 143.3370 140.3530 177.9000
      vertex 143.3000 140.0000 177.9000
    endloop
  endfacet
  facet normal 0 0 -1
    outer loop
      vertex 137.5000 143.5000 177.9000
      vertex 143.4470 139.3090 177.9000
      vertex 143.6250 139.0010 177.9000
    endloop
  endfacet
  facet normal 0 0 -1
    outer loop
      vertex 137.5000 143.5000 177.9000
      vertex 143.4470 140.6910 177.9000
      vertex 143.3370 140.3530 177.9000
    endloop
  endfacet
  facet normal 0 0 -1
    outer loop
      vertex 137.5000 143.5000 177.9000
      vertex 143.6250 139.0010 177.9000
      vertex 143.8620 138.7370 177.9000
    endloop
  endfacet
  facet normal 0 0 -1
    outer loop
      vertex 137.5000 143.5000 177.9000
      vertex 143.6250 140.9990 177.9000
      vertex 143.4470 140.6910 177.9000
    endloop
  endfacet
  facet normal 0 0 -1
    outer loop
      vertex 137.5000 143.5000 177.9000
      vertex 143.8620 141.2630 177.9000
      vertex 143.6250 140.9990 177.9000
    endloop
  endfacet
  facet normal 0 0 -1
    outer loop
      vertex 137.5000 145.0000 177.9000
      vertex 144.1500 141.4720 177.9000
      vertex 143.8620 141.2630 177.9000
    endloop
  endfacet
  facet normal 0 0 -1
    outer loop
      vertex 137.5000 145.0000 177.9000
      vertex 144.4750 141.6170 177.9000
      vertex 144.1500 141.4720 177.9000
    endloop
  endfacet
  facet normal 0 0 -1
    outer loop
      vertex 137.5000 145.0000 177.9000
      vertex 144.8220 141.6910 177.9000
      vertex 144.4750 141.6170 177.9000
    endloop
  endfacet
  facet normal 0 0 -1
    outer loop
      vertex 137.5000 145.0000 177.9000
      vertex 152.5000 145.0000 177.9000
      vertex 144.8220 141.6910 177.9000
    endloop
  endfacet
  facet normal -0.996955 0.077981 0
    outer loop
      vertex 140.7500 28.0000 171.9000
      vertex 140.7500 28.0000 177.9000
      vertex 140.8020 28.6648 177.9000
    endloop
  endfacet
  facet normal -0.996955 -0.077981 0
    outer loop
      vertex 140.7500 28.0000 171.9000
      vertex 140.8020 27.3352 171.9000
      vertex 140.7500 28.0000 177.9000
    endloop
  endfacet
  facet normal 0 0 -1
    outer loop
      vertex 140.7500 28.0000 171.9000
      vertex 140.8020 28.6648 171.9000
      vertex 143.0000 28.0000 171.9000
    endloop
  endfacet
  facet normal -0.996955 0.077981 0
    outer loop
      vertex 140.7500 28.0000 171.9000
      vertex 140.8020 28.6648 177.9000
      vertex 140.8020 28.6648 171.9000
    endloop
  endfacet
  facet normal 0 0 -1
    outer loop
      vertex 140.7500 28.0000 171.9000
      vertex 143.0000 28.0000 171.9000
      vertex 140.8020 27.3352 171.9000
    endloop
  endfacet
  facet normal -0.996955 -0.077981 0
    outer loop
      vertex 140.7500 28.0000 177.9000
      vertex 140.8020 27.3352 171.9000
      vertex 140.8020 27.3352 177.9000
    endloop
  endfacet
  facet normal -0.996955 0.077981 0
    outer loop
      vertex 140.7500 77.0000 171.9000
      vertex 140.7500 77.0000 177.9000
      vertex 140.8020 77.6648 177.9000
    endloop
  endfacet
  facet normal -0.996955 -0.077981 0
    outer loop
      vertex 140.7500 77.0000 171.9000
      vertex 140.8020 76.3352 171.9000
      vertex 140.7500 77.0000 177.9000
    endloop
  endfacet
  facet normal 0 0 -1
    outer loop
      vertex 140.7500 77.0000 171.9000
      vertex 140.8020 77.6648 171.9000
      vertex 143.0000 77.0000 171.9000
    endloop
  endfacet
  facet normal -0.996955 0.077981 0
    outer loop
      vertex 140.7500 77.0000 171.9000
      vertex 140.8020 77.6648 177.9000
      vertex 140.8020 77.6648 171.9000
    endloop
  endfacet
  facet normal 0 0 -1
    outer loop
      vertex 140.7500 77.0000 171.9000
      vertex 143.0000 77.0000 171.9000
      vertex 140.8020 76.3352 171.9000
    endloop
  endfacet
  facet normal -0.996955 -0.077981 0
    outer loop
      vertex 140.7500 77.0000 177.9000
      vertex 140.8020 76.3352 171.9000
      vertex 140.8020 76.3352 177.9000
    endloop
  endfacet
  facet normal -0.972265 -0.233883 0
    outer loop
      vertex 140.8020 27.3352 171.9000
      vertex 140.9580 26.6867 171.9000
      vertex 140.8020 27.3352 177.9000
    endloop
  endfacet
  facet normal 0 0 -1
    outer loop
      vertex 140.8020 27.3352 171.9000
      vertex 143.0000 28.0000 171.9000
      vertex 143.0250 27.6871 171.9000
    endloop
  endfacet
  facet normal 0 0 -1
    outer loop
      vertex 140.8020 27.3352 171.9000
      vertex 143.0250 27.6871 171.9000
      vertex 140.9580 26.6867 171.9000
    endloop
  endfacet
  facet normal -0.972265 -0.233883 0
    outer loop
      vertex 140.8020 27.3352 177.9000
      vertex 140.9580 26.6867 171.9000
      vertex 140.9580 26.6867 177.9000
    endloop
  endfacet
  facet normal -0.972265 0.233883 0
    outer loop
      vertex 140.8020 28.6648 171.9000
      vertex 140.8020 28.6648 177.9000
      vertex 140.9580 29.3133 177.9000
    endloop
  endfacet
  facet normal 0 0 -1
    outer loop
      vertex 140.8020 28.6648 171.9000
      vertex 140.9580 29.3133 171.9000
      vertex 143.0250 28.3129 171.9000
    endloop
  endfacet
  facet normal -0.972265 0.233883 0
    outer loop
      vertex 140.8020 28.6648 171.9000
      vertex 140.9580 29.3133 177.9000
      vertex 140.9580 29.3133 171.9000
    endloop
  endfacet
  facet normal 0 0 -1
    outer loop
      vertex 140.8020 28.6648 171.9000
      vertex 143.0250 28.3129 171.9000
      vertex 143.0000 28.0000 171.9000
    endloop
  endfacet
  facet normal -0.972265 -0.233883 0
    outer loop
      vertex 140.8020 76.3352 171.9000
      vertex 140.9580 75.6867 171.9000
      vertex 140.8020 76.3352 177.9000
    endloop
  endfacet
  facet normal 0 0 -1
    outer loop
      vertex 140.8020 76.3352 171.9000
      vertex 143.0000 77.0000 171.9000
      vertex 143.0250 76.6871 171.9000
    endloop
  endfacet
  facet normal 0 0 -1
    outer loop
      vertex 140.8020 76.3352 171.9000
      vertex 143.0250 76.6871 171.9000
      vertex 140.9580 75.6867 171.9000
    endloop
  endfacet
  facet normal -0.972265 -0.233883 0
    outer loop
      vertex 140.8020 76.3352 177.9000
      vertex 140.9580 75.6867 171.9000
      vertex 140.9580 75.6867 177.9000
    endloop
  endfacet
  facet normal -0.972265 0.233883 0
    outer loop
      vertex 140.8020 77.6648 171.9000
      vertex 140.8020 77.6648 177.9000
      vertex 140.9580 78.3133 177.9000
    endloop
  endfacet
  facet normal 0 0 -1
    outer loop
      vertex 140.8020 77.6648 171.9000
      vertex 140.9580 78.3133 171.9000
      vertex 143.0250 77.3129 171.9000
    endloop
  endfacet
  facet normal -0.972265 0.233883 0
    outer loop
      vertex 140.8020 77.6648 171.9000
      vertex 140.9580 78.3133 177.9000
      vertex 140.9580 78.3133 171.9000
    endloop
  endfacet
  facet normal 0 0 -1
    outer loop
      vertex 140.8020 77.6648 171.9000
      vertex 143.0250 77.3129 171.9000
      vertex 143.0000 77.0000 171.9000
    endloop
  endfacet
  facet normal -0.924006 -0.382378 0
    outer loop
      vertex 140.9580 26.6867 171.9000
      vertex 141.2130 26.0705 171.9000
      vertex 140.9580 26.6867 177.9000
    endloop
  endfacet
  facet normal 0 0 -1
    outer loop
      vertex 140.9580 26.6867 171.9000
      vertex 143.0250 27.6871 171.9000
      vertex 143.0980 27.3820 171.9000
    endloop
  endfacet
  facet normal 0 0 -1
    outer loop
      vertex 140.9580 26.6867 171.9000
      vertex 143.0980 27.3820 171.9000
      vertex 141.2130 26.0705 171.9000
    endloop
  endfacet
  facet normal -0.924006 -0.382378 0
    outer loop
      vertex 140.9580 26.6867 177.9000
      vertex 141.2130 26.0705 171.9000
      vertex 141.2130 26.0705 177.9000
    endloop
  endfacet
  facet normal -0.924006 0.382378 0
    outer loop
      vertex 140.9580 29.3133 171.9000
      vertex 140.9580 29.3133 177.9000
      vertex 141.2130 29.9295 177.9000
    endloop
  endfacet
  facet normal 0 0 -1
    outer loop
      vertex 140.9580 29.3133 171.9000
      vertex 141.2130 29.9295 171.9000
      vertex 143.0980 28.6180 171.9000
    endloop
  endfacet
  facet normal -0.924006 0.382378 0
    outer loop
      vertex 140.9580 29.3133 171.9000
      vertex 141.2130 29.9295 177.9000
      vertex 141.2130 29.9295 171.9000
    endloop
  endfacet
  facet normal 0 0 -1
    outer loop
      vertex 140.9580 29.3133 171.9000
      vertex 143.0980 28.6180 171.9000
      vertex 143.0250 28.3129 171.9000
    endloop
  endfacet
  facet normal -0.924006 -0.382378 0
    outer loop
      vertex 140.9580 75.6867 171.9000
      vertex 141.2130 75.0705 171.9000
      vertex 140.9580 75.6867 177.9000
    endloop
  endfacet
  facet normal 0 0 -1
    outer loop
      vertex 140.9580 75.6867 171.9000
      vertex 143.0250 76.6871 171.9000
      vertex 143.0980 76.3820 171.9000
    endloop
  endfacet
  facet normal 0 0 -1
    outer loop
      vertex 140.9580 75.6867 171.9000
      vertex 143.0980 76.3820 171.9000
      vertex 141.2130 75.0705 171.9000
    endloop
  endfacet
  facet normal -0.924006 -0.382378 0
    outer loop
      vertex 140.9580 75.6867 177.9000
      vertex 141.2130 75.0705 171.9000
      vertex 141.2130 75.0705 177.9000
    endloop
  endfacet
  facet normal -0.924006 0.382378 0
    outer loop
      vertex 140.9580 78.3133 171.9000
      vertex 140.9580 78.3133 177.9000
      vertex 141.2130 78.9295 177.9000
    endloop
  endfacet
  facet normal 0 0 -1
    outer loop
      vertex 140.9580 78.3133 171.9000
      vertex 141.2130 78.9295 171.9000
      vertex 143.0980 77.6180 171.9000
    endloop
  endfacet
  facet normal -0.924006 0.382378 0
    outer loop
      vertex 140.9580 78.3133 171.9000
      vertex 141.2130 78.9295 177.9000
      vertex 141.2130 78.9295 171.9000
    endloop
  endfacet
  facet normal 0 0 -1
    outer loop
      vertex 140.9580 78.3133 171.9000
      vertex 143.0980 77.6180 171.9000
      vertex 143.0250 77.3129 171.9000
    endloop
  endfacet
  facet normal -0.852265 -0.52311 0
    outer loop
      vertex 141.2130 26.0705 171.9000
      vertex 141.5620 25.5019 171.9000
      vertex 141.2130 26.0705 177.9000
    endloop
  endfacet
  facet normal 0 0 -1
    outer loop
      vertex 141.2130 26.0705 171.9000
      vertex 143.0980 27.3820 171.9000
      vertex 143.2180 27.0920 171.9000
    endloop
  endfacet
  facet normal 0 0 -1
    outer loop
      vertex 141.2130 26.0705 171.9000
      vertex 143.2180 27.0920 171.9000
      vertex 141.5620 25.5019 171.9000
    endloop
  endfacet
  facet normal -0.852265 -0.52311 0
    outer loop
      vertex 141.2130 26.0705 177.9000
      vertex 141.5620 25.5019 171.9000
      vertex 141.5620 25.5019 177.9000
    endloop
  endfacet
  facet normal -0.852265 0.52311 0
    outer loop
      vertex 141.2130 29.9295 171.9000
      vertex 141.2130 29.9295 177.9000
      vertex 141.5620 30.4981 177.9000
    endloop
  endfacet
  facet normal 0 0 -1
    outer loop
      vertex 141.2130 29.9295 171.9000
      vertex 141.5620 30.4981 171.9000
      vertex 143.2180 28.9080 171.9000
    endloop
  endfacet
  facet normal -0.852265 0.52311 0
    outer loop
      vertex 141.2130 29.9295 171.9000
      vertex 141.5620 30.4981 177.9000
      vertex 141.5620 30.4981 171.9000
    endloop
  endfacet
  facet normal 0 0 -1
    outer loop
      vertex 141.2130 29.9295 171.9000
      vertex 143.2180 28.9080 171.9000
      vertex 143.0980 28.6180 171.9000
    endloop
  endfacet
  facet normal -0.852265 -0.52311 0
    outer loop
      vertex 141.2130 75.0705 171.9000
      vertex 141.5620 74.5019 171.9000
      vertex 141.2130 75.0705 177.9000
    endloop
  endfacet
  facet normal 0 0 -1
    outer loop
      vertex 141.2130 75.0705 171.9000
      vertex 143.0980 76.3820 171.9000
      vertex 143.2180 76.0920 171.9000
    endloop
  endfacet
  facet normal 0 0 -1
    outer loop
      vertex 141.2130 75.0705 171.9000
      vertex 143.2180 76.0920 171.9000
      vertex 141.5620 74.5019 171.9000
    endloop
  endfacet
  facet normal -0.852265 -0.52311 0
    outer loop
      vertex 141.2130 75.0705 177.9000
      vertex 141.5620 74.5019 171.9000
      vertex 141.5620 74.5019 177.9000
    endloop
  endfacet
  facet normal -0.852265 0.52311 0
    outer loop
      vertex 141.2130 78.9295 171.9000
      vertex 141.2130 78.9295 177.9000
      vertex 141.5620 79.4981 177.9000
    endloop
  endfacet
  facet normal 0 0 -1
    outer loop
      vertex 141.2130 78.9295 171.9000
      vertex 141.5620 79.4981 171.9000
      vertex 143.2180 77.9080 171.9000
    endloop
  endfacet
  facet normal -0.852265 0.52311 0
    outer loop
      vertex 141.2130 78.9295 171.9000
      vertex 141.5620 79.4981 177.9000
      vertex 141.5620 79.4981 171.9000
    endloop
  endfacet
  facet normal 0 0 -1
    outer loop
      vertex 141.2130 78.9295 171.9000
      vertex 143.2180 77.9080 171.9000
      vertex 143.0980 77.6180 171.9000
    endloop
  endfacet
  facet normal -0.760483 -0.649358 0
    outer loop
      vertex 141.5620 25.5019 171.9000
      vertex 141.9950 24.9948 171.9000
      vertex 141.5620 25.5019 177.9000
    endloop
  endfacet
  facet normal 0 0 -1
    outer loop
      vertex 141.5620 25.5019 171.9000
      vertex 143.2180 27.0920 171.9000
      vertex 143.3820 26.8244 171.9000
    endloop
  endfacet
  facet normal 0 0 -1
    outer loop
      vertex 141.5620 25.5019 171.9000
      vertex 143.3820 26.8244 171.9000
      vertex 141.9950 24.9948 171.9000
    endloop
  endfacet
  facet normal -0.760483 -0.649358 0
    outer loop
      vertex 141.5620 25.5019 177.9000
      vertex 141.9950 24.9948 171.9000
      vertex 141.9950 24.9948 177.9000
    endloop
  endfacet
  facet normal -0.760483 0.649358 0
    outer loop
      vertex 141.5620 30.4981 171.9000
      vertex 141.5620 30.4981 177.9000
      vertex 141.9950 31.0052 177.9000
    endloop
  endfacet
  facet normal 0 0 -1
    outer loop
      vertex 141.5620 30.4981 171.9000
      vertex 141.9950 31.0052 171.9000
      vertex 143.3820 29.1756 171.9000
    endloop
  endfacet
  facet normal -0.760483 0.649358 0
    outer loop
      vertex 141.5620 30.4981 171.9000
      vertex 141.9950 31.0052 177.9000
      vertex 141.9950 31.0052 171.9000
    endloop
  endfacet
  facet normal 0 0 -1
    outer loop
      vertex 141.5620 30.4981 171.9000
      vertex 143.3820 29.1756 171.9000
      vertex 143.2180 28.9080 171.9000
    endloop
  endfacet
  facet normal -0.760483 -0.649358 0
    outer loop
      vertex 141.5620 74.5019 171.9000
      vertex 141.9950 73.9948 171.9000
      vertex 141.5620 74.5019 177.9000
    endloop
  endfacet
  facet normal 0 0 -1
    outer loop
      vertex 141.5620 74.5019 171.9000
      vertex 143.2180 76.0920 171.9000
      vertex 143.3820 75.8244 171.9000
    endloop
  endfacet
  facet normal 0 0 -1
    outer loop
      vertex 141.5620 74.5019 171.9000
      vertex 143.3820 75.8244 171.9000
      vertex 141.9950 73.9948 171.9000
    endloop
  endfacet
  facet normal -0.760483 -0.649358 0
    outer loop
      vertex 141.5620 74.5019 177.9000
      vertex 141.9950 73.9948 171.9000
      vertex 141.9950 73.9948 177.9000
    endloop
  endfacet
  facet normal -0.760483 0.649358 0
    outer loop
      vertex 141.5620 79.4981 171.9000
      vertex 141.5620 79.4981 177.9000
      vertex 141.9950 80.0052 177.9000
    endloop
  endfacet
  facet normal 0 0 -1
    outer loop
      vertex 141.5620 79.4981 171.9000
      vertex 141.9950 80.0052 171.9000
      vertex 143.3820 78.1756 171.9000
    endloop
  endfacet
  facet normal -0.760483 0.649358 0
    outer loop
      vertex 141.5620 79.4981 171.9000
      vertex 141.9950 80.0052 177.9000
      vertex 141.9950 80.0052 171.9000
    endloop
  endfacet
  facet normal 0 0 -1
    outer loop
      vertex 141.5620 79.4981 171.9000
      vertex 143.3820 78.1756 171.9000
      vertex 143.2180 77.9080 171.9000
    endloop
  endfacet
  facet normal -1 0 0
    outer loop
      vertex 141.7000 -50.6000 177.9000
      vertex 141.7000 -50.6000 180.9000
      vertex 141.7000 -39.8000 180.9000
    endloop
  endfacet
  facet normal 0 0 -1
    outer loop
      vertex 141.7000 -50.6000 177.9000
      vertex 141.7000 -39.8000 177.9000
      vertex 147.7000 -37.4000 177.9000
    endloop
  endfacet
  facet normal -1 0 0
    outer loop
      vertex 141.7000 -50.6000 177.9000
      vertex 141.7000 -39.8000 180.9000
      vertex 141.7000 -39.8000 177.9000
    endloop
  endfacet
  facet normal 0 0 -1
    outer loop
      vertex 141.7000 -50.6000 177.9000
      vertex 144.1500 -82.5278 177.9000
      vertex 143.8620 -82.7367 177.9000
    endloop
  endfacet
  facet normal 0 0 -1
    outer loop
      vertex 141.7000 -50.6000 177.9000
      vertex 144.4750 -82.3832 177.9000
      vertex 144.1500 -82.5278 177.9000
    endloop
  endfacet
  facet normal 0 0 -1
    outer loop
      vertex 141.7000 -50.6000 177.9000
      vertex 144.8220 -82.3093 177.9000
      vertex 144.4750 -82.3832 177.9000
    endloop
  endfacet
  facet normal 0 0 -1
    outer loop
      vertex 141.7000 -50.6000 177.9000
      vertex 145.1780 -82.3093 177.9000
      vertex 144.8220 -82.3093 177.9000
    endloop
  endfacet
  facet normal 0 0 -1
    outer loop
      vertex 141.7000 -50.6000 177.9000
      vertex 145.5250 -82.3832 177.9000
      vertex 145.1780 -82.3093 177.9000
    endloop
  endfacet
  facet normal 0 0 -1
    outer loop
      vertex 141.7000 -50.6000 177.9000
      vertex 145.8500 -82.5278 177.9000
      vertex 145.5250 -82.3832 177.9000
    endloop
  endfacet
  facet normal 0 0 -1
    outer loop
      vertex 141.7000 -50.6000 177.9000
      vertex 146.1380 -82.7367 177.9000
      vertex 145.8500 -82.5278 177.9000
    endloop
  endfacet
  facet normal 0 0 -1
    outer loop
      vertex 141.7000 -50.6000 177.9000
      vertex 146.3750 -83.0008 177.9000
      vertex 146.1380 -82.7367 177.9000
    endloop
  endfacet
  facet normal 0 0 -1
    outer loop
      vertex 141.7000 -50.6000 177.9000
      vertex 146.5530 -83.3085 177.9000
      vertex 146.3750 -83.0008 177.9000
    endloop
  endfacet
  facet normal 0 0 -1
    outer loop
      vertex 141.7000 -50.6000 177.9000
      vertex 146.6630 -83.6465 177.9000
      vertex 146.5530 -83.3085 177.9000
    endloop
  endfacet
  facet normal 0 0 -1
    outer loop
      vertex 141.7000 -50.6000 177.9000
      vertex 147.7000 -57.4000 177.9000
      vertex 146.6630 -83.6465 177.9000
    endloop
  endfacet
  facet normal 0 0 -1
    outer loop
      vertex 141.7000 -50.6000 177.9000
      vertex 147.7000 -37.4000 177.9000
      vertex 147.7000 -57.4000 177.9000
    endloop
  endfacet
  facet normal 0 0 1
    outer loop
      vertex 141.7000 -50.6000 180.9000
      vertex 144.4750 -82.3832 180.9000
      vertex 144.8220 -82.3093 180.9000
    endloop
  endfacet
  facet normal 0 0 1
    outer loop
      vertex 141.7000 -50.6000 180.9000
      vertex 144.8220 -82.3093 180.9000
      vertex 145.1780 -82.3093 180.9000
    endloop
  endfacet
  facet normal 0 0 1
    outer loop
      vertex 141.7000 -50.6000 180.9000
      vertex 145.1780 -82.3093 180.9000
      vertex 145.5250 -82.3832 180.9000
    endloop
  endfacet
  facet normal 0 0 1
    outer loop
      vertex 141.7000 -50.6000 180.9000
      vertex 145.5250 -82.3832 180.9000
      vertex 145.8500 -82.5278 180.9000
    endloop
  endfacet
  facet normal 0 0 1
    outer loop
      vertex 141.7000 -50.6000 180.9000
      vertex 145.8500 -82.5278 180.9000
      vertex 146.1380 -82.7367 180.9000
    endloop
  endfacet
  facet normal 0 0 1
    outer loop
      vertex 141.7000 -50.6000 180.9000
      vertex 146.1380 -82.7367 180.9000
      vertex 146.3750 -83.0008 180.9000
    endloop
  endfacet
  facet normal 0 0 1
    outer loop
      vertex 141.7000 -50.6000 180.9000
      vertex 146.3750 -83.0008 180.9000
      vertex 146.5530 -83.3085 180.9000
    endloop
  endfacet
  facet normal 0 0 1
    outer loop
      vertex 141.7000 -50.6000 180.9000
      vertex 146.5530 -83.3085 180.9000
      vertex 146.6630 -83.6465 180.9000
    endloop
  endfacet
  facet normal 0 0 1
    outer loop
      vertex 141.7000 -50.6000 180.9000
      vertex 146.6630 -83.6465 180.9000
      vertex 147.7000 -13.4000 180.9000
    endloop
  endfacet
  facet normal 0 0 1
    outer loop
      vertex 141.7000 -50.6000 180.9000
      vertex 147.7000 -13.4000 180.9000
      vertex 141.7000 -39.8000 180.9000
    endloop
  endfacet
  facet normal 0 0 -1
    outer loop
      vertex 141.7000 -39.8000 177.9000
      vertex 147.7000 -33.4000 177.9000
      vertex 147.7000 -37.4000 177.9000
    endloop
  endfacet
  facet normal -1 0 0
    outer loop
      vertex 141.7000 -1.8000 177.9000
      vertex 141.7000 -1.8000 180.9000
      vertex 141.7000 9.0000 180.9000
    endloop
  endfacet
  facet normal 0 0 -1
    outer loop
      vertex 141.7000 -1.8000 177.9000
      vertex 141.7000 9.0000 177.9000
      vertex 147.7000 -13.4000 177.9000
    endloop
  endfacet
  facet normal -1 0 0
    outer loop
      vertex 141.7000 -1.8000 177.9000
      vertex 141.7000 9.0000 180.9000
      vertex 141.7000 9.0000 177.9000
    endloop
  endfacet
  facet normal 0 0 1
    outer loop
      vertex 141.7000 -1.8000 180.9000
      vertex 147.7000 -13.4000 180.9000
      vertex 150.7000 -13.4000 180.9000
    endloop
  endfacet
  facet normal 0 0 1
    outer loop
      vertex 141.7000 -1.8000 180.9000
      vertex 150.7000 -13.4000 180.9000
      vertex 153.7000 -13.4000 180.9000
    endloop
  endfacet
  facet normal 0 0 1
    outer loop
      vertex 141.7000 -1.8000 180.9000
      vertex 153.7000 -13.4000 180.9000
      vertex 156.7000 -13.4000 180.9000
    endloop
  endfacet
  facet normal 0 0 1
    outer loop
      vertex 141.7000 -1.8000 180.9000
      vertex 156.7000 -13.4000 180.9000
      vertex 141.7000 9.0000 180.9000
    endloop
  endfacet
  facet normal 0 0 -1
    outer loop
      vertex 141.7000 9.0000 177.9000
      vertex 141.9950 24.9948 177.9000
      vertex 147.7000 -13.4000 177.9000
    endloop
  endfacet
  facet normal 0 0 1
    outer loop
      vertex 141.7000 9.0000 180.9000
      vertex 156.7000 -13.4000 180.9000
      vertex 159.7000 -13.4000 180.9000
    endloop
  endfacet
  facet normal 0 0 1
    outer loop
      vertex 141.7000 9.0000 180.9000
      vertex 159.7000 -13.4000 180.9000
      vertex 162.7000 -13.4000 180.9000
    endloop
  endfacet
  facet normal 0 0 1
    outer loop
      vertex 141.7000 9.0000 180.9000
      vertex 162.7000 -13.4000 180.9000
      vertex 165.7000 -13.4000 180.9000
    endloop
  endfacet
  facet normal 0 0 1
    outer loop
      vertex 141.7000 9.0000 180.9000
      vertex 165.7000 -13.4000 180.9000
      vertex 168.7000 -13.4000 180.9000
    endloop
  endfacet
  facet normal 0 0 1
    outer loop
      vertex 141.7000 9.0000 180.9000
      vertex 168.7000 -13.4000 180.9000
      vertex 171.7000 -13.4000 180.9000
    endloop
  endfacet
  facet normal 0 0 1
    outer loop
      vertex 141.7000 9.0000 180.9000
      vertex 171.7000 -13.4000 180.9000
      vertex 174.7000 -13.4000 180.9000
    endloop
  endfacet
  facet normal 0 0 1
    outer loop
      vertex 141.7000 9.0000 180.9000
      vertex 174.7000 -13.4000 180.9000
      vertex 177.7000 -13.4000 180.9000
    endloop
  endfacet
  facet normal 0 0 1
    outer loop
      vertex 141.7000 9.0000 180.9000
      vertex 177.7000 -13.4000 180.9000
      vertex 141.7000 47.0000 180.9000
    endloop
  endfacet
  facet normal -1 0 0
    outer loop
      vertex 141.7000 47.0000 177.9000
      vertex 141.7000 47.0000 180.9000
      vertex 141.7000 57.8000 180.9000
    endloop
  endfacet
  facet normal 0 0 -1
    outer loop
      vertex 141.7000 47.0000 177.9000
      vertex 141.7000 57.8000 177.9000
      vertex 148.4380 74.5019 177.9000
    endloop
  endfacet
  facet normal -1 0 0
    outer loop
      vertex 141.7000 47.0000 177.9000
      vertex 141.7000 57.8000 180.9000
      vertex 141.7000 57.8000 177.9000
    endloop
  endfacet
  facet normal 0 0 -1
    outer loop
      vertex 141.7000 47.0000 177.9000
      vertex 143.6870 32.0420 177.9000
      vertex 143.0710 31.7868 177.9000
    endloop
  endfacet
  facet normal 0 0 -1
    outer loop
      vertex 141.7000 47.0000 177.9000
      vertex 144.3350 32.1977 177.9000
      vertex 143.6870 32.0420 177.9000
    endloop
  endfacet
  facet normal 0 0 -1
    outer loop
      vertex 141.7000 47.0000 177.9000
      vertex 145.0000 32.2500 177.9000
      vertex 144.3350 32.1977 177.9000
    endloop
  endfacet
  facet normal 0 0 -1
    outer loop
      vertex 141.7000 47.0000 177.9000
      vertex 145.6650 32.1977 177.9000
      vertex 145.0000 32.2500 177.9000
    endloop
  endfacet
  facet normal 0 0 -1
    outer loop
      vertex 141.7000 47.0000 177.9000
      vertex 146.3130 32.0420 177.9000
      vertex 145.6650 32.1977 177.9000
    endloop
  endfacet
  facet normal 0 0 -1
    outer loop
      vertex 141.7000 47.0000 177.9000
      vertex 146.9290 31.7868 177.9000
      vertex 146.3130 32.0420 177.9000
    endloop
  endfacet
  facet normal 0 0 -1
    outer loop
      vertex 141.7000 47.0000 177.9000
      vertex 147.4980 31.4383 177.9000
      vertex 146.9290 31.7868 177.9000
    endloop
  endfacet
  facet normal 0 0 -1
    outer loop
      vertex 141.7000 47.0000 177.9000
      vertex 148.0050 31.0052 177.9000
      vertex 147.4980 31.4383 177.9000
    endloop
  endfacet
  facet normal 0 0 -1
    outer loop
      vertex 141.7000 47.0000 177.9000
      vertex 148.4380 30.4981 177.9000
      vertex 148.0050 31.0052 177.9000
    endloop
  endfacet
  facet normal 0 0 -1
    outer loop
      vertex 141.7000 47.0000 177.9000
      vertex 148.4380 74.5019 177.9000
      vertex 148.4380 30.4981 177.9000
    endloop
  endfacet
  facet normal 0 0 1
    outer loop
      vertex 141.7000 47.0000 180.9000
      vertex 177.7000 -13.4000 180.9000
      vertex 180.7000 -13.4000 180.9000
    endloop
  endfacet
  facet normal 0 0 1
    outer loop
      vertex 141.7000 47.0000 180.9000
      vertex 180.7000 -13.4000 180.9000
      vertex 183.7000 -13.4000 180.9000
    endloop
  endfacet
  facet normal 0 0 1
    outer loop
      vertex 141.7000 47.0000 180.9000
      vertex 183.7000 -13.4000 180.9000
      vertex 186.7000 -13.4000 180.9000
    endloop
  endfacet
  facet normal 0 0 1
    outer loop
      vertex 141.7000 47.0000 180.9000
      vertex 186.7000 -13.4000 180.9000
      vertex 189.7000 -13.4000 180.9000
    endloop
  endfacet
  facet normal 0 0 1
    outer loop
      vertex 141.7000 47.0000 180.9000
      vertex 189.7000 -13.4000 180.9000
      vertex 192.7000 -13.4000 180.9000
    endloop
  endfacet
  facet normal 0 0 1
    outer loop
      vertex 141.7000 47.0000 180.9000
      vertex 192.7000 -13.4000 180.9000
      vertex 195.7000 -13.4000 180.9000
    endloop
  endfacet
  facet normal 0 0 1
    outer loop
      vertex 141.7000 47.0000 180.9000
      vertex 195.7000 -13.4000 180.9000
      vertex 250.0000 40.0000 180.9000
    endloop
  endfacet
  facet normal 0 0 1
    outer loop
      vertex 141.7000 47.0000 180.9000
      vertex 250.0000 40.0000 180.9000
      vertex 250.0370 40.3535 180.9000
    endloop
  endfacet
  facet normal 0 0 1
    outer loop
      vertex 141.7000 47.0000 180.9000
      vertex 250.0370 40.3535 180.9000
      vertex 141.7000 57.8000 180.9000
    endloop
  endfacet
  facet normal 0 0 -1
    outer loop
      vertex 141.7000 57.8000 177.9000
      vertex 143.0710 73.2132 177.9000
      vertex 143.6870 72.9580 177.9000
    endloop
  endfacet
  facet normal 0 0 -1
    outer loop
      vertex 141.7000 57.8000 177.9000
      vertex 143.6870 72.9580 177.9000
      vertex 144.3350 72.8023 177.9000
    endloop
  endfacet
  facet normal 0 0 -1
    outer loop
      vertex 141.7000 57.8000 177.9000
      vertex 144.3350 72.8023 177.9000
      vertex 145.0000 72.7500 177.9000
    endloop
  endfacet
  facet normal 0 0 -1
    outer loop
      vertex 141.7000 57.8000 177.9000
      vertex 145.0000 72.7500 177.9000
      vertex 145.6650 72.8023 177.9000
    endloop
  endfacet
  facet normal 0 0 -1
    outer loop
      vertex 141.7000 57.8000 177.9000
      vertex 145.6650 72.8023 177.9000
      vertex 146.3130 72.9580 177.9000
    endloop
  endfacet
  facet normal 0 0 -1
    outer loop
      vertex 141.7000 57.8000 177.9000
      vertex 146.3130 72.9580 177.9000
      vertex 146.9290 73.2132 177.9000
    endloop
  endfacet
  facet normal 0 0 -1
    outer loop
      vertex 141.7000 57.8000 177.9000
      vertex 146.9290 73.2132 177.9000
      vertex 147.4980 73.5617 177.9000
    endloop
  endfacet
  facet normal 0 0 -1
    outer loop
      vertex 141.7000 57.8000 177.9000
      vertex 147.4980 73.5617 177.9000
      vertex 148.0050 73.9948 177.9000
    endloop
  endfacet
  facet normal 0 0 -1
    outer loop
      vertex 141.7000 57.8000 177.9000
      vertex 148.0050 73.9948 177.9000
      vertex 148.4380 74.5019 177.9000
    endloop
  endfacet
  facet normal 0 0 1
    outer loop
      vertex 141.7000 57.8000 180.9000
      vertex 146.6630 139.6470 180.9000
      vertex 141.7000 95.8000 180.9000
    endloop
  endfacet
  facet normal 0 0 1
    outer loop
      vertex 141.7000 57.8000 180.9000
      vertex 250.0370 40.3535 180.9000
      vertex 250.1470 40.6915 180.9000
    endloop
  endfacet
  facet normal 0 0 1
    outer loop
      vertex 141.7000 57.8000 180.9000
      vertex 250.1470 40.6915 180.9000
      vertex 250.3250 40.9992 180.9000
    endloop
  endfacet
  facet normal 0 0 1
    outer loop
      vertex 141.7000 57.8000 180.9000
      vertex 250.3250 40.9992 180.9000
      vertex 250.5620 41.2633 180.9000
    endloop
  endfacet
  facet normal 0 0 1
    outer loop
      vertex 141.7000 57.8000 180.9000
      vertex 250.3250 139.0010 180.9000
      vertex 146.6630 139.6470 180.9000
    endloop
  endfacet
  facet normal 0 0 1
    outer loop
      vertex 141.7000 57.8000 180.9000
      vertex 250.5620 41.2633 180.9000
      vertex 250.5620 138.7370 180.9000
    endloop
  endfacet
  facet normal 0 0 1
    outer loop
      vertex 141.7000 57.8000 180.9000
      vertex 250.5620 138.7370 180.9000
      vertex 250.3250 139.0010 180.9000
    endloop
  endfacet
  facet normal -1 0 0
    outer loop
      vertex 141.7000 95.8000 177.9000
      vertex 141.7000 95.8000 180.9000
      vertex 141.7000 106.6000 180.9000
    endloop
  endfacet
  facet normal 0 0 -1
    outer loop
      vertex 141.7000 95.8000 177.9000
      vertex 141.7000 106.6000 177.9000
      vertex 147.4980 80.4383 177.9000
    endloop
  endfacet
  facet normal -1 0 0
    outer loop
      vertex 141.7000 95.8000 177.9000
      vertex 141.7000 106.6000 180.9000
      vertex 141.7000 106.6000 177.9000
    endloop
  endfacet
  facet normal 0 0 -1
    outer loop
      vertex 141.7000 95.8000 177.9000
      vertex 142.5020 80.4383 177.9000
      vertex 141.9950 80.0052 177.9000
    endloop
  endfacet
  facet normal 0 0 -1
    outer loop
      vertex 141.7000 95.8000 177.9000
      vertex 143.0710 80.7868 177.9000
      vertex 142.5020 80.4383 177.9000
    endloop
  endfacet
  facet normal 0 0 -1
    outer loop
      vertex 141.7000 95.8000 177.9000
      vertex 143.6870 81.0420 177.9000
      vertex 143.0710 80.7868 177.9000
    endloop
  endfacet
  facet normal 0 0 -1
    outer loop
      vertex 141.7000 95.8000 177.9000
      vertex 144.3350 81.1977 177.9000
      vertex 143.6870 81.0420 177.9000
    endloop
  endfacet
  facet normal 0 0 -1
    outer loop
      vertex 141.7000 95.8000 177.9000
      vertex 145.0000 81.2500 177.9000
      vertex 144.3350 81.1977 177.9000
    endloop
  endfacet
  facet normal 0 0 -1
    outer loop
      vertex 141.7000 95.8000 177.9000
      vertex 145.6650 81.1977 177.9000
      vertex 145.0000 81.2500 177.9000
    endloop
  endfacet
  facet normal 0 0 -1
    outer loop
      vertex 141.7000 95.8000 177.9000
      vertex 146.3130 81.0420 177.9000
      vertex 145.6650 81.1977 177.9000
    endloop
  endfacet
  facet normal 0 0 -1
    outer loop
      vertex 141.7000 95.8000 177.9000
      vertex 146.9290 80.7868 177.9000
      vertex 146.3130 81.0420 177.9000
    endloop
  endfacet
  facet normal 0 0 -1
    outer loop
      vertex 141.7000 95.8000 177.9000
      vertex 147.4980 80.4383 177.9000
      vertex 146.9290 80.7868 177.9000
    endloop
  endfacet
  facet normal 0 0 1
    outer loop
      vertex 141.7000 95.8000 180.9000
      vertex 146.6630 139.6470 180.9000
      vertex 141.7000 106.6000 180.9000
    endloop
  endfacet
  facet normal 0 0 -1
    outer loop
      vertex 141.7000 106.6000 177.9000
      vertex 144.4750 138.3830 177.9000
      vertex 144.8220 138.3090 177.9000
    endloop
  endfacet
  facet normal 0 0 -1
    outer loop
      vertex 141.7000 106.6000 177.9000
      vertex 144.8220 138.3090 177.9000
      vertex 145.1780 138.3090 177.9000
    endloop
  endfacet
  facet normal 0 0 -1
    outer loop
      vertex 141.7000 106.6000 177.9000
      vertex 145.1780 138.3090 177.9000
      vertex 145.5250 138.3830 177.9000
    endloop
  endfacet
  facet normal 0 0 -1
    outer loop
      vertex 141.7000 106.6000 177.9000
      vertex 145.5250 138.3830 177.9000
      vertex 145.8500 138.5280 177.9000
    endloop
  endfacet
  facet normal 0 0 -1
    outer loop
      vertex 141.7000 106.6000 177.9000
      vertex 145.8500 138.5280 177.9000
      vertex 146.1380 138.7370 177.9000
    endloop
  endfacet
  facet normal 0 0 -1
    outer loop
      vertex 141.7000 106.6000 177.9000
      vertex 146.1380 138.7370 177.9000
      vertex 146.3750 139.0010 177.9000
    endloop
  endfacet
  facet normal 0 0 -1
    outer loop
      vertex 141.7000 106.6000 177.9000
      vertex 146.3750 139.0010 177.9000
      vertex 146.5530 139.3090 177.9000
    endloop
  endfacet
  facet normal 0 0 -1
    outer loop
      vertex 141.7000 106.6000 177.9000
      vertex 146.5530 139.3090 177.9000
      vertex 147.4980 80.4383 177.9000
    endloop
  endfacet
  facet normal 0 0 1
    outer loop
      vertex 141.7000 106.6000 180.9000
      vertex 144.8220 138.3090 180.9000
      vertex 144.4750 138.3830 180.9000
    endloop
  endfacet
  facet normal 0 0 1
    outer loop
      vertex 141.7000 106.6000 180.9000
      vertex 145.1780 138.3090 180.9000
      vertex 144.8220 138.3090 180.9000
    endloop
  endfacet
  facet normal 0 0 1
    outer loop
      vertex 141.7000 106.6000 180.9000
      vertex 145.5250 138.3830 180.9000
      vertex 145.1780 138.3090 180.9000
    endloop
  endfacet
  facet normal 0 0 1
    outer loop
      vertex 141.7000 106.6000 180.9000
      vertex 145.8500 138.5280 180.9000
      vertex 145.5250 138.3830 180.9000
    endloop
  endfacet
  facet normal 0 0 1
    outer loop
      vertex 141.7000 106.6000 180.9000
      vertex 146.1380 138.7370 180.9000
      vertex 145.8500 138.5280 180.9000
    endloop
  endfacet
  facet normal 0 0 1
    outer loop
      vertex 141.7000 106.6000 180.9000
      vertex 146.3750 139.0010 180.9000
      vertex 146.1380 138.7370 180.9000
    endloop
  endfacet
  facet normal 0 0 1
    outer loop
      vertex 141.7000 106.6000 180.9000
      vertex 146.5530 139.3090 180.9000
      vertex 146.3750 139.0010 180.9000
    endloop
  endfacet
  facet normal 0 0 1
    outer loop
      vertex 141.7000 106.6000 180.9000
      vertex 146.6630 139.6470 180.9000
      vertex 146.5530 139.3090 180.9000
    endloop
  endfacet
  facet normal -0.649518 -0.760346 0
    outer loop
      vertex 141.9950 24.9948 171.9000
      vertex 142.5020 24.5617 171.9000
      vertex 142.5020 24.5617 177.9000
    endloop
  endfacet
  facet normal -0.649518 -0.760346 0
    outer loop
      vertex 141.9950 24.9948 171.9000
      vertex 142.5020 24.5617 177.9000
      vertex 141.9950 24.9948 177.9000
    endloop
  endfacet
  facet normal 0 0 -1
    outer loop
      vertex 141.9950 24.9948 171.9000
      vertex 143.3820 26.8244 171.9000
      vertex 143.5860 26.5858 171.9000
    endloop
  endfacet
  facet normal 0 0 -1
    outer loop
      vertex 141.9950 24.9948 171.9000
      vertex 143.5860 26.5858 171.9000
      vertex 142.5020 24.5617 171.9000
    endloop
  endfacet
  facet normal 0 0 -1
    outer loop
      vertex 141.9950 24.9948 177.9000
      vertex 142.5020 24.5617 177.9000
      vertex 147.7000 -13.4000 177.9000
    endloop
  endfacet
  facet normal -0.649518 0.760346 0
    outer loop
      vertex 141.9950 31.0052 171.9000
      vertex 141.9950 31.0052 177.9000
      vertex 142.5020 31.4383 171.9000
    endloop
  endfacet
  facet normal 0 0 -1
    outer loop
      vertex 141.9950 31.0052 171.9000
      vertex 142.5020 31.4383 171.9000
      vertex 143.5860 29.4142 171.9000
    endloop
  endfacet
  facet normal 0 0 -1
    outer loop
      vertex 141.9950 31.0052 171.9000
      vertex 143.5860 29.4142 171.9000
      vertex 143.3820 29.1756 171.9000
    endloop
  endfacet
  facet normal -0.649518 0.760346 0
    outer loop
      vertex 141.9950 31.0052 177.9000
      vertex 142.5020 31.4383 177.9000
      vertex 142.5020 31.4383 171.9000
    endloop
  endfacet
  facet normal -0.649518 -0.760346 0
    outer loop
      vertex 141.9950 73.9948 171.9000
      vertex 142.5020 73.5617 171.9000
      vertex 142.5020 73.5617 177.9000
    endloop
  endfacet
  facet normal -0.649518 -0.760346 0
    outer loop
      vertex 141.9950 73.9948 171.9000
      vertex 142.5020 73.5617 177.9000
      vertex 141.9950 73.9948 177.9000
    endloop
  endfacet
  facet normal 0 0 -1
    outer loop
      vertex 141.9950 73.9948 171.9000
      vertex 143.3820 75.8244 171.9000
      vertex 143.5860 75.5858 171.9000
    endloop
  endfacet
  facet normal 0 0 -1
    outer loop
      vertex 141.9950 73.9948 171.9000
      vertex 143.5860 75.5858 171.9000
      vertex 142.5020 73.5617 171.9000
    endloop
  endfacet
  facet normal -0.649518 0.760346 0
    outer loop
      vertex 141.9950 80.0052 171.9000
      vertex 141.9950 80.0052 177.9000
      vertex 142.5020 80.4383 171.9000
    endloop
  endfacet
  facet normal 0 0 -1
    outer loop
      vertex 141.9950 80.0052 171.9000
      vertex 142.5020 80.4383 171.9000
      vertex 143.5860 78.4142 171.9000
    endloop
  endfacet
  facet normal 0 0 -1
    outer loop
      vertex 141.9950 80.0052 171.9000
      vertex 143.5860 78.4142 171.9000
      vertex 143.3820 78.1756 171.9000
    endloop
  endfacet
  facet normal -0.649518 0.760346 0
    outer loop
      vertex 141.9950 80.0052 177.9000
      vertex 142.5020 80.4383 177.9000
      vertex 142.5020 80.4383 171.9000
    endloop
  endfacet
  facet normal -0.522298 -0.852763 0
    outer loop
      vertex 142.5020 24.5617 171.9000
      vertex 143.0710 24.2132 171.9000
      vertex 143.0710 24.2132 177.9000
    endloop
  endfacet
  facet normal -0.522298 -0.852763 0
    outer loop
      vertex 142.5020 24.5617 171.9000
      vertex 143.0710 24.2132 177.9000
      vertex 142.5020 24.5617 177.9000
    endloop
  endfacet
  facet normal 0 0 -1
    outer loop
      vertex 142.5020 24.5617 171.9000
      vertex 143.5860 26.5858 171.9000
      vertex 143.8240 26.3820 171.9000
    endloop
  endfacet
  facet normal 0 0 -1
    outer loop
      vertex 142.5020 24.5617 171.9000
      vertex 143.8240 26.3820 171.9000
      vertex 143.0710 24.2132 171.9000
    endloop
  endfacet
  facet normal 0 0 -1
    outer loop
      vertex 142.5020 24.5617 177.9000
      vertex 143.0710 24.2132 177.9000
      vertex 147.7000 -13.4000 177.9000
    endloop
  endfacet
  facet normal -0.522298 0.852763 0
    outer loop
      vertex 142.5020 31.4383 171.9000
      vertex 142.5020 31.4383 177.9000
      vertex 143.0710 31.7868 171.9000
    endloop
  endfacet
  facet normal 0 0 -1
    outer loop
      vertex 142.5020 31.4383 171.9000
      vertex 143.0710 31.7868 171.9000
      vertex 143.8240 29.6180 171.9000
    endloop
  endfacet
  facet normal 0 0 -1
    outer loop
      vertex 142.5020 31.4383 171.9000
      vertex 143.8240 29.6180 171.9000
      vertex 143.5860 29.4142 171.9000
    endloop
  endfacet
  facet normal -0.522298 0.852763 0
    outer loop
      vertex 142.5020 31.4383 177.9000
      vertex 143.0710 31.7868 177.9000
      vertex 143.0710 31.7868 171.9000
    endloop
  endfacet
  facet normal -0.522298 -0.852763 0
    outer loop
      vertex 142.5020 73.5617 171.9000
      vertex 143.0710 73.2132 171.9000
      vertex 143.0710 73.2132 177.9000
    endloop
  endfacet
  facet normal -0.522298 -0.852763 0
    outer loop
      vertex 142.5020 73.5617 171.9000
      vertex 143.0710 73.2132 177.9000
      vertex 142.5020 73.5617 177.9000
    endloop
  endfacet
  facet normal 0 0 -1
    outer loop
      vertex 142.5020 73.5617 171.9000
      vertex 143.5860 75.5858 171.9000
      vertex 143.8240 75.3820 171.9000
    endloop
  endfacet
  facet normal 0 0 -1
    outer loop
      vertex 142.5020 73.5617 171.9000
      vertex 143.8240 75.3820 171.9000
      vertex 143.0710 73.2132 171.9000
    endloop
  endfacet
  facet normal -0.522298 0.852763 0
    outer loop
      vertex 142.5020 80.4383 171.9000
      vertex 142.5020 80.4383 177.9000
      vertex 143.0710 80.7868 171.9000
    endloop
  endfacet
  facet normal 0 0 -1
    outer loop
      vertex 142.5020 80.4383 171.9000
      vertex 143.0710 80.7868 171.9000
      vertex 143.8240 78.6180 171.9000
    endloop
  endfacet
  facet normal 0 0 -1
    outer loop
      vertex 142.5020 80.4383 171.9000
      vertex 143.8240 78.6180 171.9000
      vertex 143.5860 78.4142 171.9000
    endloop
  endfacet
  facet normal -0.522298 0.852763 0
    outer loop
      vertex 142.5020 80.4383 177.9000
      vertex 143.0710 80.7868 177.9000
      vertex 143.0710 80.7868 171.9000
    endloop
  endfacet
  facet normal 0.996823 0.079644 0
    outer loop
      vertex 143.0000 28.0000 171.9000
      vertex 143.0000 28.0000 177.5000
      vertex 143.0250 27.6871 177.5000
    endloop
  endfacet
  facet normal 0.996823 0.079644 0
    outer loop
      vertex 143.0000 28.0000 171.9000
      vertex 143.0250 27.6871 177.5000
      vertex 143.0250 27.6871 171.9000
    endloop
  endfacet
  facet normal 0.996823 -0.079644 0
    outer loop
      vertex 143.0000 28.0000 171.9000
      vertex 143.0250 28.3129 171.9000
      vertex 143.0000 28.0000 177.5000
    endloop
  endfacet
  facet normal 0.996823 -0.079644 0
    outer loop
      vertex 143.0000 28.0000 177.5000
      vertex 143.0250 28.3129 171.9000
      vertex 143.0250 28.3129 177.5000
    endloop
  endfacet
  facet normal 0 0 -1
    outer loop
      vertex 143.0000 28.0000 177.5000
      vertex 143.0250 28.3129 177.5000
      vertex 143.0250 27.6871 177.5000
    endloop
  endfacet
  facet normal 0.996823 0.079644 0
    outer loop
      vertex 143.0000 77.0000 171.9000
      vertex 143.0000 77.0000 177.5000
      vertex 143.0250 76.6871 177.5000
    endloop
  endfacet
  facet normal 0.996823 0.079644 0
    outer loop
      vertex 143.0000 77.0000 171.9000
      vertex 143.0250 76.6871 177.5000
      vertex 143.0250 76.6871 171.9000
    endloop
  endfacet
  facet normal 0.996823 -0.079644 0
    outer loop
      vertex 143.0000 77.0000 171.9000
      vertex 143.0250 77.3129 171.9000
      vertex 143.0000 77.0000 177.5000
    endloop
  endfacet
  facet normal 0.996823 -0.079644 0
    outer loop
      vertex 143.0000 77.0000 177.5000
      vertex 143.0250 77.3129 171.9000
      vertex 143.0250 77.3129 177.5000
    endloop
  endfacet
  facet normal 0 0 -1
    outer loop
      vertex 143.0000 77.0000 177.5000
      vertex 143.0250 77.3129 177.5000
      vertex 143.0250 76.6871 177.5000
    endloop
  endfacet
  facet normal 0.972549 0.232698 0
    outer loop
      vertex 143.0250 27.6871 171.9000
      vertex 143.0250 27.6871 177.5000
      vertex 143.0980 27.3820 177.5000
    endloop
  endfacet
  facet normal 0.972549 0.232698 0
    outer loop
      vertex 143.0250 27.6871 171.9000
      vertex 143.0980 27.3820 177.5000
      vertex 143.0980 27.3820 171.9000
    endloop
  endfacet
  facet normal 0 0 -1
    outer loop
      vertex 143.0250 27.6871 177.5000
      vertex 143.0250 28.3129 177.5000
      vertex 143.0980 28.6180 177.5000
    endloop
  endfacet
  facet normal 0 0 -1
    outer loop
      vertex 143.0250 27.6871 177.5000
      vertex 143.0980 28.6180 177.5000
      vertex 143.0980 27.3820 177.5000
    endloop
  endfacet
  facet normal 0.972549 -0.232698 0
    outer loop
      vertex 143.0250 28.3129 171.9000
      vertex 143.0980 28.6180 171.9000
      vertex 143.0250 28.3129 177.5000
    endloop
  endfacet
  facet normal 0.972549 -0.232698 0
    outer loop
      vertex 143.0250 28.3129 177.5000
      vertex 143.0980 28.6180 171.9000
      vertex 143.0980 28.6180 177.5000
    endloop
  endfacet
  facet normal 0.972549 0.232698 0
    outer loop
      vertex 143.0250 76.6871 171.9000
      vertex 143.0250 76.6871 177.5000
      vertex 143.0980 76.3820 177.5000
    endloop
  endfacet
  facet normal 0.972549 0.232698 0
    outer loop
      vertex 143.0250 76.6871 171.9000
      vertex 143.0980 76.3820 177.5000
      vertex 143.0980 76.3820 171.9000
    endloop
  endfacet
  facet normal 0 0 -1
    outer loop
      vertex 143.0250 76.6871 177.5000
      vertex 143.0250 77.3129 177.5000
      vertex 143.0980 77.6180 177.5000
    endloop
  endfacet
  facet normal 0 0 -1
    outer loop
      vertex 143.0250 76.6871 177.5000
      vertex 143.0980 77.6180 177.5000
      vertex 143.0980 76.3820 177.5000
    endloop
  endfacet
  facet normal 0.972549 -0.232698 0
    outer loop
      vertex 143.0250 77.3129 171.9000
      vertex 143.0980 77.6180 171.9000
      vertex 143.0250 77.3129 177.5000
    endloop
  endfacet
  facet normal 0.972549 -0.232698 0
    outer loop
      vertex 143.0250 77.3129 177.5000
      vertex 143.0980 77.6180 171.9000
      vertex 143.0980 77.6180 177.5000
    endloop
  endfacet
  facet normal -0.38274 -0.923856 0
    outer loop
      vertex 143.0710 24.2132 171.9000
      vertex 143.6870 23.9580 171.9000
      vertex 143.6870 23.9580 177.9000
    endloop
  endfacet
  facet normal -0.38274 -0.923856 0
    outer loop
      vertex 143.0710 24.2132 171.9000
      vertex 143.6870 23.9580 177.9000
      vertex 143.0710 24.2132 177.9000
    endloop
  endfacet
  facet normal 0 0 -1
    outer loop
      vertex 143.0710 24.2132 171.9000
      vertex 143.8240 26.3820 171.9000
      vertex 144.0920 26.2180 171.9000
    endloop
  endfacet
  facet normal 0 0 -1
    outer loop
      vertex 143.0710 24.2132 171.9000
      vertex 144.0920 26.2180 171.9000
      vertex 143.6870 23.9580 171.9000
    endloop
  endfacet
  facet normal 0 0 -1
    outer loop
      vertex 143.0710 24.2132 177.9000
      vertex 143.6870 23.9580 177.9000
      vertex 147.7000 -13.4000 177.9000
    endloop
  endfacet
  facet normal -0.38274 0.923856 0
    outer loop
      vertex 143.0710 31.7868 171.9000
      vertex 143.0710 31.7868 177.9000
      vertex 143.6870 32.0420 171.9000
    endloop
  endfacet
  facet normal 0 0 -1
    outer loop
      vertex 143.0710 31.7868 171.9000
      vertex 143.6870 32.0420 171.9000
      vertex 144.0920 29.7820 171.9000
    endloop
  endfacet
  facet normal 0 0 -1
    outer loop
      vertex 143.0710 31.7868 171.9000
      vertex 144.0920 29.7820 171.9000
      vertex 143.8240 29.6180 171.9000
    endloop
  endfacet
  facet normal -0.38274 0.923856 0
    outer loop
      vertex 143.0710 31.7868 177.9000
      vertex 143.6870 32.0420 177.9000
      vertex 143.6870 32.0420 171.9000
    endloop
  endfacet
  facet normal -0.38274 -0.923856 0
    outer loop
      vertex 143.0710 73.2132 171.9000
      vertex 143.6870 72.9580 171.9000
      vertex 143.6870 72.9580 177.9000
    endloop
  endfacet
  facet normal -0.38274 -0.923856 0
    outer loop
      vertex 143.0710 73.2132 171.9000
      vertex 143.6870 72.9580 177.9000
      vertex 143.0710 73.2132 177.9000
    endloop
  endfacet
  facet normal 0 0 -1
    outer loop
      vertex 143.0710 73.2132 171.9000
      vertex 143.8240 75.3820 171.9000
      vertex 144.0920 75.2180 171.9000
    endloop
  endfacet
  facet normal 0 0 -1
    outer loop
      vertex 143.0710 73.2132 171.9000
      vertex 144.0920 75.2180 171.9000
      vertex 143.6870 72.9580 171.9000
    endloop
  endfacet
  facet normal -0.38274 0.923856 0
    outer loop
      vertex 143.0710 80.7868 171.9000
      vertex 143.0710 80.7868 177.9000
      vertex 143.6870 81.0420 171.9000
    endloop
  endfacet
  facet normal 0 0 -1
    outer loop
      vertex 143.0710 80.7868 171.9000
      vertex 143.6870 81.0420 171.9000
      vertex 144.0920 78.7820 171.9000
    endloop
  endfacet
  facet normal 0 0 -1
    outer loop
      vertex 143.0710 80.7868 171.9000
      vertex 144.0920 78.7820 171.9000
      vertex 143.8240 78.6180 171.9000
    endloop
  endfacet
  facet normal -0.38274 0.923856 0
    outer loop
      vertex 143.0710 80.7868 177.9000
      vertex 143.6870 81.0420 177.9000
      vertex 143.6870 81.0420 171.9000
    endloop
  endfacet
  facet normal 0.924017 0.382352 0
    outer loop
      vertex 143.0980 27.3820 171.9000
      vertex 143.0980 27.3820 177.5000
      vertex 143.2180 27.0920 177.5000
    endloop
  endfacet
  facet normal 0.924017 0.382352 0
    outer loop
      vertex 143.0980 27.3820 171.9000
      vertex 143.2180 27.0920 177.5000
      vertex 143.2180 27.0920 171.9000
    endloop
  endfacet
  facet normal 0 0 -1
    outer loop
      vertex 143.0980 27.3820 177.5000
      vertex 143.0980 28.6180 177.5000
      vertex 143.2180 28.9080 177.5000
    endloop
  endfacet
  facet normal 0 0 -1
    outer loop
      vertex 143.0980 27.3820 177.5000
      vertex 143.2180 28.9080 177.5000
      vertex 143.2180 27.0920 177.5000
    endloop
  endfacet
  facet normal 0.924017 -0.382352 0
    outer loop
      vertex 143.0980 28.6180 171.9000
      vertex 143.2180 28.9080 171.9000
      vertex 143.0980 28.6180 177.5000
    endloop
  endfacet
  facet normal 0.924017 -0.382352 0
    outer loop
      vertex 143.0980 28.6180 177.5000
      vertex 143.2180 28.9080 171.9000
      vertex 143.2180 28.9080 177.5000
    endloop
  endfacet
  facet normal 0.924017 0.382352 0
    outer loop
      vertex 143.0980 76.3820 171.9000
      vertex 143.0980 76.3820 177.5000
      vertex 143.2180 76.0920 177.5000
    endloop
  endfacet
  facet normal 0.924017 0.382352 0
    outer loop
      vertex 143.0980 76.3820 171.9000
      vertex 143.2180 76.0920 177.5000
      vertex 143.2180 76.0920 171.9000
    endloop
  endfacet
  facet normal 0 0 -1
    outer loop
      vertex 143.0980 76.3820 177.5000
      vertex 143.0980 77.6180 177.5000
      vertex 143.2180 77.9080 177.5000
    endloop
  endfacet
  facet normal 0 0 -1
    outer loop
      vertex 143.0980 76.3820 177.5000
      vertex 143.2180 77.9080 177.5000
      vertex 143.2180 76.0920 177.5000
    endloop
  endfacet
  facet normal 0.924017 -0.382352 0
    outer loop
      vertex 143.0980 77.6180 171.9000
      vertex 143.2180 77.9080 171.9000
      vertex 143.0980 77.6180 177.5000
    endloop
  endfacet
  facet normal 0.924017 -0.382352 0
    outer loop
      vertex 143.0980 77.6180 177.5000
      vertex 143.2180 77.9080 171.9000
      vertex 143.2180 77.9080 177.5000
    endloop
  endfacet
  facet normal 0.85262 0.522532 0
    outer loop
      vertex 143.2180 27.0920 171.9000
      vertex 143.2180 27.0920 177.5000
      vertex 143.3820 26.8244 177.5000
    endloop
  endfacet
  facet normal 0.85262 0.522532 0
    outer loop
      vertex 143.2180 27.0920 171.9000
      vertex 143.3820 26.8244 177.5000
      vertex 143.3820 26.8244 171.9000
    endloop
  endfacet
  facet normal 0 0 -1
    outer loop
      vertex 143.2180 27.0920 177.5000
      vertex 143.2180 28.9080 177.5000
      vertex 143.3820 29.1756 177.5000
    endloop
  endfacet
  facet normal 0 0 -1
    outer loop
      vertex 143.2180 27.0920 177.5000
      vertex 143.3820 29.1756 177.5000
      vertex 143.3820 26.8244 177.5000
    endloop
  endfacet
  facet normal 0.85262 -0.522532 0
    outer loop
      vertex 143.2180 28.9080 171.9000
      vertex 143.3820 29.1756 171.9000
      vertex 143.2180 28.9080 177.5000
    endloop
  endfacet
  facet normal 0.85262 -0.522532 0
    outer loop
      vertex 143.2180 28.9080 177.5000
      vertex 143.3820 29.1756 171.9000
      vertex 143.3820 29.1756 177.5000
    endloop
  endfacet
  facet normal 0.85262 0.522532 0
    outer loop
      vertex 143.2180 76.0920 171.9000
      vertex 143.2180 76.0920 177.5000
      vertex 143.3820 75.8244 177.5000
    endloop
  endfacet
  facet normal 0.85262 0.522532 0
    outer loop
      vertex 143.2180 76.0920 171.9000
      vertex 143.3820 75.8244 177.5000
      vertex 143.3820 75.8244 171.9000
    endloop
  endfacet
  facet normal 0 0 -1
    outer loop
      vertex 143.2180 76.0920 177.5000
      vertex 143.2180 77.9080 177.5000
      vertex 143.3820 78.1756 177.5000
    endloop
  endfacet
  facet normal 0 0 -1
    outer loop
      vertex 143.2180 76.0920 177.5000
      vertex 143.3820 78.1756 177.5000
      vertex 143.3820 75.8244 177.5000
    endloop
  endfacet
  facet normal 0.85262 -0.522532 0
    outer loop
      vertex 143.2180 77.9080 171.9000
      vertex 143.3820 78.1756 171.9000
      vertex 143.2180 77.9080 177.5000
    endloop
  endfacet
  facet normal 0.85262 -0.522532 0
    outer loop
      vertex 143.2180 77.9080 177.5000
      vertex 143.3820 78.1756 171.9000
      vertex 143.3820 78.1756 177.5000
    endloop
  endfacet
  facet normal 0.994564 0.104128 0
    outer loop
      vertex 143.3000 -84.0000 177.9000
      vertex 143.3000 -84.0000 180.9000
      vertex 143.3370 -84.3534 180.9000
    endloop
  endfacet
  facet normal 0.994564 0.104128 0
    outer loop
      vertex 143.3000 -84.0000 177.9000
      vertex 143.3370 -84.3534 180.9000
      vertex 143.3370 -84.3534 177.9000
    endloop
  endfacet
  facet normal 0.994567 -0.104099 0
    outer loop
      vertex 143.3000 -84.0000 177.9000
      vertex 143.3370 -83.6465 177.9000
      vertex 143.3000 -84.0000 180.9000
    endloop
  endfacet
  facet normal 0.994567 -0.104099 0
    outer loop
      vertex 143.3000 -84.0000 180.9000
      vertex 143.3370 -83.6465 177.9000
      vertex 143.3370 -83.6465 180.9000
    endloop
  endfacet
  facet normal 0.994552 0.104245 0
    outer loop
      vertex 143.3000 140.0000 177.9000
      vertex 143.3000 140.0000 180.9000
      vertex 143.3370 139.6470 180.9000
    endloop
  endfacet
  facet normal 0.994552 0.104245 0
    outer loop
      vertex 143.3000 140.0000 177.9000
      vertex 143.3370 139.6470 180.9000
      vertex 143.3370 139.6470 177.9000
    endloop
  endfacet
  facet normal 0.994552 -0.104245 0
    outer loop
      vertex 143.3000 140.0000 177.9000
      vertex 143.3370 140.3530 177.9000
      vertex 143.3000 140.0000 180.9000
    endloop
  endfacet
  facet normal 0.994552 -0.104245 0
    outer loop
      vertex 143.3000 140.0000 180.9000
      vertex 143.3370 140.3530 177.9000
      vertex 143.3370 140.3530 180.9000
    endloop
  endfacet
  facet normal 0.950937 0.309385 0
    outer loop
      vertex 143.3370 -84.3534 177.9000
      vertex 143.3370 -84.3534 180.9000
      vertex 143.4470 -84.6915 180.9000
    endloop
  endfacet
  facet normal 0.950937 0.309385 0
    outer loop
      vertex 143.3370 -84.3534 177.9000
      vertex 143.4470 -84.6915 180.9000
      vertex 143.4470 -84.6915 177.9000
    endloop
  endfacet
  facet normal 0.95091 -0.309468 0
    outer loop
      vertex 143.3370 -83.6465 177.9000
      vertex 143.4470 -83.3085 177.9000
      vertex 143.3370 -83.6465 180.9000
    endloop
  endfacet
  facet normal 0.95091 -0.309468 0
    outer loop
      vertex 143.3370 -83.6465 180.9000
      vertex 143.4470 -83.3085 177.9000
      vertex 143.4470 -83.3085 180.9000
    endloop
  endfacet
  facet normal 0.95091 0.309468 0
    outer loop
      vertex 143.3370 139.6470 177.9000
      vertex 143.3370 139.6470 180.9000
      vertex 143.4470 139.3090 180.9000
    endloop
  endfacet
  facet normal 0.95091 0.309468 0
    outer loop
      vertex 143.3370 139.6470 177.9000
      vertex 143.4470 139.3090 180.9000
      vertex 143.4470 139.3090 177.9000
    endloop
  endfacet
  facet normal 0.95091 -0.309468 0
    outer loop
      vertex 143.3370 140.3530 177.9000
      vertex 143.4470 140.6910 177.9000
      vertex 143.3370 140.3530 180.9000
    endloop
  endfacet
  facet normal 0.95091 -0.309468 0
    outer loop
      vertex 143.3370 140.3530 180.9000
      vertex 143.4470 140.6910 177.9000
      vertex 143.4470 140.6910 180.9000
    endloop
  endfacet
  facet normal 0.760066 0.649846 0
    outer loop
      vertex 143.3820 26.8244 171.9000
      vertex 143.3820 26.8244 177.5000
      vertex 143.5860 26.5858 177.5000
    endloop
  endfacet
  facet normal 0.760066 0.649846 0
    outer loop
      vertex 143.3820 26.8244 171.9000
      vertex 143.5860 26.5858 177.5000
      vertex 143.5860 26.5858 171.9000
    endloop
  endfacet
  facet normal 0 0 -1
    outer loop
      vertex 143.3820 26.8244 177.5000
      vertex 143.3820 29.1756 177.5000
      vertex 143.5860 29.4142 177.5000
    endloop
  endfacet
  facet normal 0 0 -1
    outer loop
      vertex 143.3820 26.8244 177.5000
      vertex 143.5860 29.4142 177.5000
      vertex 143.5860 26.5858 177.5000
    endloop
  endfacet
  facet normal 0.760066 -0.649846 0
    outer loop
      vertex 143.3820 29.1756 171.9000
      vertex 143.5860 29.4142 171.9000
      vertex 143.3820 29.1756 177.5000
    endloop
  endfacet
  facet normal 0.760066 -0.649846 0
    outer loop
      vertex 143.3820 29.1756 177.5000
      vertex 143.5860 29.4142 171.9000
      vertex 143.5860 29.4142 177.5000
    endloop
  endfacet
  facet normal 0.760066 0.649846 0
    outer loop
      vertex 143.3820 75.8244 171.9000
      vertex 143.3820 75.8244 177.5000
      vertex 143.5860 75.5858 177.5000
    endloop
  endfacet
  facet normal 0.760066 0.649846 0
    outer loop
      vertex 143.3820 75.8244 171.9000
      vertex 143.5860 75.5858 177.5000
      vertex 143.5860 75.5858 171.9000
    endloop
  endfacet
  facet normal 0 0 -1
    outer loop
      vertex 143.3820 75.8244 177.5000
      vertex 143.3820 78.1756 177.5000
      vertex 143.5860 78.4142 177.5000
    endloop
  endfacet
  facet normal 0 0 -1
    outer loop
      vertex 143.3820 75.8244 177.5000
      vertex 143.5860 78.4142 177.5000
      vertex 143.5860 75.5858 177.5000
    endloop
  endfacet
  facet normal 0.760066 -0.649846 0
    outer loop
      vertex 143.3820 78.1756 171.9000
      vertex 143.5860 78.4142 171.9000
      vertex 143.3820 78.1756 177.5000
    endloop
  endfacet
  facet normal 0.760066 -0.649846 0
    outer loop
      vertex 143.3820 78.1756 177.5000
      vertex 143.5860 78.4142 171.9000
      vertex 143.5860 78.4142 177.5000
    endloop
  endfacet
  facet normal 0.8656 0.500737 0
    outer loop
      vertex 143.4470 -84.6915 177.9000
      vertex 143.4470 -84.6915 180.9000
      vertex 143.6250 -84.9992 180.9000
    endloop
  endfacet
  facet normal 0.8656 0.500737 0
    outer loop
      vertex 143.4470 -84.6915 177.9000
      vertex 143.6250 -84.9992 180.9000
      vertex 143.6250 -84.9992 177.9000
    endloop
  endfacet
  facet normal 0.8656 -0.500737 0
    outer loop
      vertex 143.4470 -83.3085 177.9000
      vertex 143.6250 -83.0008 177.9000
      vertex 143.4470 -83.3085 180.9000
    endloop
  endfacet
  facet normal 0.8656 -0.500737 0
    outer loop
      vertex 143.4470 -83.3085 180.9000
      vertex 143.6250 -83.0008 177.9000
      vertex 143.6250 -83.0008 180.9000
    endloop
  endfacet
  facet normal 0.865811 0.500371 0
    outer loop
      vertex 143.4470 139.3090 177.9000
      vertex 143.4470 139.3090 180.9000
      vertex 143.6250 139.0010 180.9000
    endloop
  endfacet
  facet normal 0.865811 0.500371 0
    outer loop
      vertex 143.4470 139.3090 177.9000
      vertex 143.6250 139.0010 180.9000
      vertex 143.6250 139.0010 177.9000
    endloop
  endfacet
  facet normal 0.865811 -0.500371 0
    outer loop
      vertex 143.4470 140.6910 177.9000
      vertex 143.6250 140.9990 177.9000
      vertex 143.4470 140.6910 180.9000
    endloop
  endfacet
  facet normal 0.865811 -0.500371 0
    outer loop
      vertex 143.4470 140.6910 180.9000
      vertex 143.6250 140.9990 177.9000
      vertex 143.6250 140.9990 180.9000
    endloop
  endfacet
  facet normal 0.650423 0.759572 0
    outer loop
      vertex 143.5860 26.5858 171.9000
      vertex 143.5860 26.5858 177.5000
      vertex 143.8240 26.3820 171.9000
    endloop
  endfacet
  facet normal 0 0 -1
    outer loop
      vertex 143.5860 26.5858 177.5000
      vertex 143.5860 29.4142 177.5000
      vertex 143.8240 29.6180 177.5000
    endloop
  endfacet
  facet normal 0.650423 0.759572 0
    outer loop
      vertex 143.5860 26.5858 177.5000
      vertex 143.8240 26.3820 177.5000
      vertex 143.8240 26.3820 171.9000
    endloop
  endfacet
  facet normal 0 0 -1
    outer loop
      vertex 143.5860 26.5858 177.5000
      vertex 143.8240 29.6180 177.5000
      vertex 143.8240 26.3820 177.5000
    endloop
  endfacet
  facet normal 0.650423 -0.759572 0
    outer loop
      vertex 143.5860 29.4142 171.9000
      vertex 143.8240 29.6180 171.9000
      vertex 143.8240 29.6180 177.5000
    endloop
  endfacet
  facet normal 0.650423 -0.759572 0
    outer loop
      vertex 143.5860 29.4142 171.9000
      vertex 143.8240 29.6180 177.5000
      vertex 143.5860 29.4142 177.5000
    endloop
  endfacet
  facet normal 0.650423 0.759572 0
    outer loop
      vertex 143.5860 75.5858 171.9000
      vertex 143.5860 75.5858 177.5000
      vertex 143.8240 75.3820 171.9000
    endloop
  endfacet
  facet normal 0 0 -1
    outer loop
      vertex 143.5860 75.5858 177.5000
      vertex 143.5860 78.4142 177.5000
      vertex 143.8240 78.6180 177.5000
    endloop
  endfacet
  facet normal 0.650423 0.759572 0
    outer loop
      vertex 143.5860 75.5858 177.5000
      vertex 143.8240 75.3820 177.5000
      vertex 143.8240 75.3820 171.9000
    endloop
  endfacet
  facet normal 0 0 -1
    outer loop
      vertex 143.5860 75.5858 177.5000
      vertex 143.8240 78.6180 177.5000
      vertex 143.8240 75.3820 177.5000
    endloop
  endfacet
  facet normal 0.650423 -0.759572 0
    outer loop
      vertex 143.5860 78.4142 171.9000
      vertex 143.8240 78.6180 171.9000
      vertex 143.8240 78.6180 177.5000
    endloop
  endfacet
  facet normal 0.650423 -0.759572 0
    outer loop
      vertex 143.5860 78.4142 171.9000
      vertex 143.8240 78.6180 177.5000
      vertex 143.5860 78.4142 177.5000
    endloop
  endfacet
  facet normal 0.74426 0.66789 0
    outer loop
      vertex 143.6250 -84.9992 177.9000
      vertex 143.6250 -84.9992 180.9000
      vertex 143.8620 -85.2633 180.9000
    endloop
  endfacet
  facet normal 0.74426 0.66789 0
    outer loop
      vertex 143.6250 -84.9992 177.9000
      vertex 143.8620 -85.2633 180.9000
      vertex 143.8620 -85.2633 177.9000
    endloop
  endfacet
  facet normal 0.74426 -0.66789 0
    outer loop
      vertex 143.6250 -83.0008 177.9000
      vertex 143.8620 -82.7367 177.9000
      vertex 143.6250 -83.0008 180.9000
    endloop
  endfacet
  facet normal 0.74426 -0.66789 0
    outer loop
      vertex 143.6250 -83.0008 180.9000
      vertex 143.8620 -82.7367 177.9000
      vertex 143.8620 -82.7367 180.9000
    endloop
  endfacet
  facet normal 0.744134 0.66803 0
    outer loop
      vertex 143.6250 139.0010 177.9000
      vertex 143.6250 139.0010 180.9000
      vertex 143.8620 138.7370 180.9000
    endloop
  endfacet
  facet normal 0.744134 0.66803 0
    outer loop
      vertex 143.6250 139.0010 177.9000
      vertex 143.8620 138.7370 180.9000
      vertex 143.8620 138.7370 177.9000
    endloop
  endfacet
  facet normal 0.744134 -0.66803 0
    outer loop
      vertex 143.6250 140.9990 177.9000
      vertex 143.8620 141.2630 177.9000
      vertex 143.6250 140.9990 180.9000
    endloop
  endfacet
  facet normal 0.744134 -0.66803 0
    outer loop
      vertex 143.6250 140.9990 180.9000
      vertex 143.8620 141.2630 177.9000
      vertex 143.8620 141.2630 180.9000
    endloop
  endfacet
  facet normal 0 0 -1
    outer loop
      vertex 143.6870 23.9580 171.9000
      vertex 144.0920 26.2180 171.9000
      vertex 144.3820 26.0979 171.9000
    endloop
  endfacet
  facet normal -0.233628 -0.972326 0
    outer loop
      vertex 143.6870 23.9580 171.9000
      vertex 144.3350 23.8023 171.9000
      vertex 144.3350 23.8023 177.9000
    endloop
  endfacet
  facet normal -0.233628 -0.972326 0
    outer loop
      vertex 143.6870 23.9580 171.9000
      vertex 144.3350 23.8023 177.9000
      vertex 143.6870 23.9580 177.9000
    endloop
  endfacet
  facet normal 0 0 -1
    outer loop
      vertex 143.6870 23.9580 171.9000
      vertex 144.3820 26.0979 171.9000
      vertex 144.3350 23.8023 171.9000
    endloop
  endfacet
  facet normal 0 0 -1
    outer loop
      vertex 143.6870 23.9580 177.9000
      vertex 144.3350 23.8023 177.9000
      vertex 147.7000 -13.4000 177.9000
    endloop
  endfacet
  facet normal -0.233628 0.972326 0
    outer loop
      vertex 143.6870 32.0420 171.9000
      vertex 143.6870 32.0420 177.9000
      vertex 144.3350 32.1977 171.9000
    endloop
  endfacet
  facet normal 0 0 -1
    outer loop
      vertex 143.6870 32.0420 171.9000
      vertex 144.3350 32.1977 171.9000
      vertex 144.3820 29.9021 171.9000
    endloop
  endfacet
  facet normal 0 0 -1
    outer loop
      vertex 143.6870 32.0420 171.9000
      vertex 144.3820 29.9021 171.9000
      vertex 144.0920 29.7820 171.9000
    endloop
  endfacet
  facet normal -0.233628 0.972326 0
    outer loop
      vertex 143.6870 32.0420 177.9000
      vertex 144.3350 32.1977 177.9000
      vertex 144.3350 32.1977 171.9000
    endloop
  endfacet
  facet normal 0 0 -1
    outer loop
      vertex 143.6870 72.9580 171.9000
      vertex 144.0920 75.2180 171.9000
      vertex 144.3820 75.0979 171.9000
    endloop
  endfacet
  facet normal -0.233628 -0.972326 0
    outer loop
      vertex 143.6870 72.9580 171.9000
      vertex 144.3350 72.8023 171.9000
      vertex 144.3350 72.8023 177.9000
    endloop
  endfacet
  facet normal -0.233628 -0.972326 0
    outer loop
      vertex 143.6870 72.9580 171.9000
      vertex 144.3350 72.8023 177.9000
      vertex 143.6870 72.9580 177.9000
    endloop
  endfacet
  facet normal 0 0 -1
    outer loop
      vertex 143.6870 72.9580 171.9000
      vertex 144.3820 75.0979 171.9000
      vertex 144.3350 72.8023 171.9000
    endloop
  endfacet
  facet normal -0.233628 0.972326 0
    outer loop
      vertex 143.6870 81.0420 171.9000
      vertex 143.6870 81.0420 177.9000
      vertex 144.3350 81.1977 171.9000
    endloop
  endfacet
  facet normal 0 0 -1
    outer loop
      vertex 143.6870 81.0420 171.9000
      vertex 144.3350 81.1977 171.9000
      vertex 144.3820 78.9021 171.9000
    endloop
  endfacet
  facet normal 0 0 -1
    outer loop
      vertex 143.6870 81.0420 171.9000
      vertex 144.3820 78.9021 171.9000
      vertex 144.0920 78.7820 171.9000
    endloop
  endfacet
  facet normal -0.233628 0.972326 0
    outer loop
      vertex 143.6870 81.0420 177.9000
      vertex 144.3350 81.1977 177.9000
      vertex 144.3350 81.1977 171.9000
    endloop
  endfacet
  facet normal 0.521965 0.852967 0
    outer loop
      vertex 143.8240 26.3820 171.9000
      vertex 143.8240 26.3820 177.5000
      vertex 144.0920 26.2180 171.9000
    endloop
  endfacet
  facet normal 0 0 -1
    outer loop
      vertex 143.8240 26.3820 177.5000
      vertex 143.8240 29.6180 177.5000
      vertex 144.0920 29.7820 177.5000
    endloop
  endfacet
  facet normal 0.521965 0.852967 0
    outer loop
      vertex 143.8240 26.3820 177.5000
      vertex 144.0920 26.2180 177.5000
      vertex 144.0920 26.2180 171.9000
    endloop
  endfacet
  facet normal 0 0 -1
    outer loop
      vertex 143.8240 26.3820 177.5000
      vertex 144.0920 29.7820 177.5000
      vertex 144.0920 26.2180 177.5000
    endloop
  endfacet
  facet normal 0.521965 -0.852967 0
    outer loop
      vertex 143.8240 29.6180 171.9000
      vertex 144.0920 29.7820 171.9000
      vertex 144.0920 29.7820 177.5000
    endloop
  endfacet
  facet normal 0.521965 -0.852967 0
    outer loop
      vertex 143.8240 29.6180 171.9000
      vertex 144.0920 29.7820 177.5000
      vertex 143.8240 29.6180 177.5000
    endloop
  endfacet
  facet normal 0.521965 0.852967 0
    outer loop
      vertex 143.8240 75.3820 171.9000
      vertex 143.8240 75.3820 177.5000
      vertex 144.0920 75.2180 171.9000
    endloop
  endfacet
  facet normal 0 0 -1
    outer loop
      vertex 143.8240 75.3820 177.5000
      vertex 143.8240 78.6180 177.5000
      vertex 144.0920 78.7820 177.5000
    endloop
  endfacet
  facet normal 0.521965 0.852967 0
    outer loop
      vertex 143.8240 75.3820 177.5000
      vertex 144.0920 75.2180 177.5000
      vertex 144.0920 75.2180 171.9000
    endloop
  endfacet
  facet normal 0 0 -1
    outer loop
      vertex 143.8240 75.3820 177.5000
      vertex 144.0920 78.7820 177.5000
      vertex 144.0920 75.2180 177.5000
    endloop
  endfacet
  facet normal 0.521965 -0.852967 0
    outer loop
      vertex 143.8240 78.6180 171.9000
      vertex 144.0920 78.7820 171.9000
      vertex 144.0920 78.7820 177.5000
    endloop
  endfacet
  facet normal 0.521965 -0.852967 0
    outer loop
      vertex 143.8240 78.6180 171.9000
      vertex 144.0920 78.7820 177.5000
      vertex 143.8240 78.6180 177.5000
    endloop
  endfacet
  facet normal 0.587152 0.809477 0
    outer loop
      vertex 143.8620 -85.2633 177.9000
      vertex 143.8620 -85.2633 180.9000
      vertex 144.1500 -85.4722 177.9000
    endloop
  endfacet
  facet normal 0.587152 0.809477 0
    outer loop
      vertex 143.8620 -85.2633 180.9000
      vertex 144.1500 -85.4722 180.9000
      vertex 144.1500 -85.4722 177.9000
    endloop
  endfacet
  facet normal 0.587152 -0.809477 0
    outer loop
      vertex 143.8620 -82.7367 177.9000
      vertex 144.1500 -82.5278 177.9000
      vertex 144.1500 -82.5278 180.9000
    endloop
  endfacet
  facet normal 0.587152 -0.809477 0
    outer loop
      vertex 143.8620 -82.7367 177.9000
      vertex 144.1500 -82.5278 180.9000
      vertex 143.8620 -82.7367 180.9000
    endloop
  endfacet
  facet normal 0.587336 0.809343 0
    outer loop
      vertex 143.8620 138.7370 177.9000
      vertex 143.8620 138.7370 180.9000
      vertex 144.1500 138.5280 177.9000
    endloop
  endfacet
  facet normal 0.587336 0.809343 0
    outer loop
      vertex 143.8620 138.7370 180.9000
      vertex 144.1500 138.5280 180.9000
      vertex 144.1500 138.5280 177.9000
    endloop
  endfacet
  facet normal 0.587336 -0.809343 0
    outer loop
      vertex 143.8620 141.2630 177.9000
      vertex 144.1500 141.4720 177.9000
      vertex 144.1500 141.4720 180.9000
    endloop
  endfacet
  facet normal 0.587336 -0.809343 0
    outer loop
      vertex 143.8620 141.2630 177.9000
      vertex 144.1500 141.4720 180.9000
      vertex 143.8620 141.2630 180.9000
    endloop
  endfacet
  facet normal 0.382624 0.923904 0
    outer loop
      vertex 144.0920 26.2180 171.9000
      vertex 144.0920 26.2180 177.5000
      vertex 144.3820 26.0979 171.9000
    endloop
  endfacet
  facet normal 0 0 -1
    outer loop
      vertex 144.0920 26.2180 177.5000
      vertex 144.0920 29.7820 177.5000
      vertex 144.3820 29.9021 177.5000
    endloop
  endfacet
  facet normal 0.382624 0.923904 0
    outer loop
      vertex 144.0920 26.2180 177.5000
      vertex 144.3820 26.0979 177.5000
      vertex 144.3820 26.0979 171.9000
    endloop
  endfacet
  facet normal 0 0 -1
    outer loop
      vertex 144.0920 26.2180 177.5000
      vertex 144.3820 29.9021 177.5000
      vertex 144.3820 26.0979 177.5000
    endloop
  endfacet
  facet normal 0.382624 -0.923904 0
    outer loop
      vertex 144.0920 29.7820 171.9000
      vertex 144.3820 29.9021 171.9000
      vertex 144.3820 29.9021 177.5000
    endloop
  endfacet
  facet normal 0.382624 -0.923904 0
    outer loop
      vertex 144.0920 29.7820 171.9000
      vertex 144.3820 29.9021 177.5000
      vertex 144.0920 29.7820 177.5000
    endloop
  endfacet
  facet normal 0.382624 0.923904 0
    outer loop
      vertex 144.0920 75.2180 171.9000
      vertex 144.0920 75.2180 177.5000
      vertex 144.3820 75.0979 171.9000
    endloop
  endfacet
  facet normal 0 0 -1
    outer loop
      vertex 144.0920 75.2180 177.5000
      vertex 144.0920 78.7820 177.5000
      vertex 144.3820 78.9021 177.5000
    endloop
  endfacet
  facet normal 0.382624 0.923904 0
    outer loop
      vertex 144.0920 75.2180 177.5000
      vertex 144.3820 75.0979 177.5000
      vertex 144.3820 75.0979 171.9000
    endloop
  endfacet
  facet normal 0 0 -1
    outer loop
      vertex 144.0920 75.2180 177.5000
      vertex 144.3820 78.9021 177.5000
      vertex 144.3820 75.0979 177.5000
    endloop
  endfacet
  facet normal 0.382624 -0.923904 0
    outer loop
      vertex 144.0920 78.7820 171.9000
      vertex 144.3820 78.9021 171.9000
      vertex 144.3820 78.9021 177.5000
    endloop
  endfacet
  facet normal 0.382624 -0.923904 0
    outer loop
      vertex 144.0920 78.7820 171.9000
      vertex 144.3820 78.9021 177.5000
      vertex 144.0920 78.7820 177.5000
    endloop
  endfacet
  facet normal 0.406504 0.913649 0
    outer loop
      vertex 144.1500 -85.4722 177.9000
      vertex 144.1500 -85.4722 180.9000
      vertex 144.4750 -85.6168 177.9000
    endloop
  endfacet
  facet normal 0.406504 0.913649 0
    outer loop
      vertex 144.1500 -85.4722 180.9000
      vertex 144.4750 -85.6168 180.9000
      vertex 144.4750 -85.6168 177.9000
    endloop
  endfacet
  facet normal 0.406504 -0.913649 0
    outer loop
      vertex 144.1500 -82.5278 177.9000
      vertex 144.4750 -82.3832 177.9000
      vertex 144.4750 -82.3832 180.9000
    endloop
  endfacet
  facet normal 0.406504 -0.913649 0
    outer loop
      vertex 144.1500 -82.5278 177.9000
      vertex 144.4750 -82.3832 180.9000
      vertex 144.1500 -82.5278 180.9000
    endloop
  endfacet
  facet normal 0.407442 0.913231 0
    outer loop
      vertex 144.1500 138.5280 177.9000
      vertex 144.1500 138.5280 180.9000
      vertex 144.4750 138.3830 177.9000
    endloop
  endfacet
  facet normal 0.407442 0.913231 0
    outer loop
      vertex 144.1500 138.5280 180.9000
      vertex 144.4750 138.3830 180.9000
      vertex 144.4750 138.3830 177.9000
    endloop
  endfacet
  facet normal 0.407442 -0.913231 0
    outer loop
      vertex 144.1500 141.4720 177.9000
      vertex 144.4750 141.6170 177.9000
      vertex 144.4750 141.6170 180.9000
    endloop
  endfacet
  facet normal 0.407442 -0.913231 0
    outer loop
      vertex 144.1500 141.4720 177.9000
      vertex 144.4750 141.6170 180.9000
      vertex 144.1500 141.4720 180.9000
    endloop
  endfacet
  facet normal 0 0 -1
    outer loop
      vertex 144.3350 23.8023 171.9000
      vertex 144.3820 26.0979 171.9000
      vertex 144.6870 26.0246 171.9000
    endloop
  endfacet
  facet normal 0 0 -1
    outer loop
      vertex 144.3350 23.8023 171.9000
      vertex 144.6870 26.0246 171.9000
      vertex 145.0000 23.7500 171.9000
    endloop
  endfacet
  facet normal -0.078405 -0.996922 0
    outer loop
      vertex 144.3350 23.8023 171.9000
      vertex 145.0000 23.7500 171.9000
      vertex 145.0000 23.7500 177.9000
    endloop
  endfacet
  facet normal -0.078405 -0.996922 0
    outer loop
      vertex 144.3350 23.8023 171.9000
      vertex 145.0000 23.7500 177.9000
      vertex 144.3350 23.8023 177.9000
    endloop
  endfacet
  facet normal 0 0 -1
    outer loop
      vertex 144.3350 23.8023 177.9000
      vertex 145.0000 23.7500 177.9000
      vertex 147.7000 -13.4000 177.9000
    endloop
  endfacet
  facet normal -0.078405 0.996922 0
    outer loop
      vertex 144.3350 32.1977 171.9000
      vertex 144.3350 32.1977 177.9000
      vertex 145.0000 32.2500 171.9000
    endloop
  endfacet
  facet normal 0 0 -1
    outer loop
      vertex 144.3350 32.1977 171.9000
      vertex 144.6870 29.9754 171.9000
      vertex 144.3820 29.9021 171.9000
    endloop
  endfacet
  facet normal 0 0 -1
    outer loop
      vertex 144.3350 32.1977 171.9000
      vertex 145.0000 32.2500 171.9000
      vertex 144.6870 29.9754 171.9000
    endloop
  endfacet
  facet normal -0.078405 0.996922 0
    outer loop
      vertex 144.3350 32.1977 177.9000
      vertex 145.0000 32.2500 177.9000
      vertex 145.0000 32.2500 171.9000
    endloop
  endfacet
  facet normal 0 0 -1
    outer loop
      vertex 144.3350 72.8023 171.9000
      vertex 144.3820 75.0979 171.9000
      vertex 144.6870 75.0246 171.9000
    endloop
  endfacet
  facet normal 0 0 -1
    outer loop
      vertex 144.3350 72.8023 171.9000
      vertex 144.6870 75.0246 171.9000
      vertex 145.0000 72.7500 171.9000
    endloop
  endfacet
  facet normal -0.078405 -0.996922 0
    outer loop
      vertex 144.3350 72.8023 171.9000
      vertex 145.0000 72.7500 171.9000
      vertex 145.0000 72.7500 177.9000
    endloop
  endfacet
  facet normal -0.078405 -0.996922 0
    outer loop
      vertex 144.3350 72.8023 171.9000
      vertex 145.0000 72.7500 177.9000
      vertex 144.3350 72.8023 177.9000
    endloop
  endfacet
  facet normal -0.078405 0.996922 0
    outer loop
      vertex 144.3350 81.1977 171.9000
      vertex 144.3350 81.1977 177.9000
      vertex 145.0000 81.2500 171.9000
    endloop
  endfacet
  facet normal 0 0 -1
    outer loop
      vertex 144.3350 81.1977 171.9000
      vertex 144.6870 78.9754 171.9000
      vertex 144.3820 78.9021 171.9000
    endloop
  endfacet
  facet normal 0 0 -1
    outer loop
      vertex 144.3350 81.1977 171.9000
      vertex 145.0000 81.2500 171.9000
      vertex 144.6870 78.9754 171.9000
    endloop
  endfacet
  facet normal -0.078405 0.996922 0
    outer loop
      vertex 144.3350 81.1977 177.9000
      vertex 145.0000 81.2500 177.9000
      vertex 145.0000 81.2500 171.9000
    endloop
  endfacet
  facet normal 0.233674 0.972315 0
    outer loop
      vertex 144.3820 26.0979 171.9000
      vertex 144.3820 26.0979 177.5000
      vertex 144.6870 26.0246 171.9000
    endloop
  endfacet
  facet normal 0 0 -1
    outer loop
      vertex 144.3820 26.0979 177.5000
      vertex 144.3820 29.9021 177.5000
      vertex 144.6870 29.9754 177.5000
    endloop
  endfacet
  facet normal 0.233674 0.972315 0
    outer loop
      vertex 144.3820 26.0979 177.5000
      vertex 144.6870 26.0246 177.5000
      vertex 144.6870 26.0246 171.9000
    endloop
  endfacet
  facet normal 0 0 -1
    outer loop
      vertex 144.3820 26.0979 177.5000
      vertex 144.6870 29.9754 177.5000
      vertex 144.6870 26.0246 177.5000
    endloop
  endfacet
  facet normal 0.233674 -0.972315 0
    outer loop
      vertex 144.3820 29.9021 171.9000
      vertex 144.6870 29.9754 171.9000
      vertex 144.6870 29.9754 177.5000
    endloop
  endfacet
  facet normal 0.233674 -0.972315 0
    outer loop
      vertex 144.3820 29.9021 171.9000
      vertex 144.6870 29.9754 177.5000
      vertex 144.3820 29.9021 177.5000
    endloop
  endfacet
  facet normal 0.233674 0.972315 0
    outer loop
      vertex 144.3820 75.0979 171.9000
      vertex 144.3820 75.0979 177.5000
      vertex 144.6870 75.0246 171.9000
    endloop
  endfacet
  facet normal 0 0 -1
    outer loop
      vertex 144.3820 75.0979 177.5000
      vertex 144.3820 78.9021 177.5000
      vertex 144.6870 78.9754 177.5000
    endloop
  endfacet
  facet normal 0.233674 0.972315 0
    outer loop
      vertex 144.3820 75.0979 177.5000
      vertex 144.6870 75.0246 177.5000
      vertex 144.6870 75.0246 171.9000
    endloop
  endfacet
  facet normal 0 0 -1
    outer loop
      vertex 144.3820 75.0979 177.5000
      vertex 144.6870 78.9754 177.5000
      vertex 144.6870 75.0246 177.5000
    endloop
  endfacet
  facet normal 0.233674 -0.972315 0
    outer loop
      vertex 144.3820 78.9021 171.9000
      vertex 144.6870 78.9754 171.9000
      vertex 144.6870 78.9754 177.5000
    endloop
  endfacet
  facet normal 0.233674 -0.972315 0
    outer loop
      vertex 144.3820 78.9021 171.9000
      vertex 144.6870 78.9754 177.5000
      vertex 144.3820 78.9021 177.5000
    endloop
  endfacet
  facet normal 0.208297 0.978066 0
    outer loop
      vertex 144.4750 -85.6168 177.9000
      vertex 144.4750 -85.6168 180.9000
      vertex 144.8220 -85.6907 177.9000
    endloop
  endfacet
  facet normal 0.208297 0.978066 0
    outer loop
      vertex 144.4750 -85.6168 180.9000
      vertex 144.8220 -85.6907 180.9000
      vertex 144.8220 -85.6907 177.9000
    endloop
  endfacet
  facet normal 0.208297 -0.978066 0
    outer loop
      vertex 144.4750 -82.3832 177.9000
      vertex 144.8220 -82.3093 177.9000
      vertex 144.8220 -82.3093 180.9000
    endloop
  endfacet
  facet normal 0.208297 -0.978066 0
    outer loop
      vertex 144.4750 -82.3832 177.9000
      vertex 144.8220 -82.3093 180.9000
      vertex 144.4750 -82.3832 180.9000
    endloop
  endfacet
  facet normal 0.208567 0.978008 0
    outer loop
      vertex 144.4750 138.3830 177.9000
      vertex 144.4750 138.3830 180.9000
      vertex 144.8220 138.3090 177.9000
    endloop
  endfacet
  facet normal 0.208567 0.978008 0
    outer loop
      vertex 144.4750 138.3830 180.9000
      vertex 144.8220 138.3090 180.9000
      vertex 144.8220 138.3090 177.9000
    endloop
  endfacet
  facet normal 0.208567 -0.978008 0
    outer loop
      vertex 144.4750 141.6170 177.9000
      vertex 144.8220 141.6910 177.9000
      vertex 144.8220 141.6910 180.9000
    endloop
  endfacet
  facet normal 0.208567 -0.978008 0
    outer loop
      vertex 144.4750 141.6170 177.9000
      vertex 144.8220 141.6910 180.9000
      vertex 144.4750 141.6170 180.9000
    endloop
  endfacet
  facet normal 0.078353 0.996926 0
    outer loop
      vertex 144.6870 26.0246 171.9000
      vertex 144.6870 26.0246 177.5000
      vertex 145.0000 26.0000 171.9000
    endloop
  endfacet
  facet normal 0 0 -1
    outer loop
      vertex 144.6870 26.0246 171.9000
      vertex 145.0000 26.0000 171.9000
      vertex 145.0000 23.7500 171.9000
    endloop
  endfacet
  facet normal 0 0 -1
    outer loop
      vertex 144.6870 26.0246 177.5000
      vertex 144.6870 29.9754 177.5000
      vertex 145.0000 30.0000 177.5000
    endloop
  endfacet
  facet normal 0.078353 0.996926 0
    outer loop
      vertex 144.6870 26.0246 177.5000
      vertex 145.0000 26.0000 177.5000
      vertex 145.0000 26.0000 171.9000
    endloop
  endfacet
  facet normal 0 0 -1
    outer loop
      vertex 144.6870 26.0246 177.5000
      vertex 145.0000 30.0000 177.5000
      vertex 145.0000 26.0000 177.5000
    endloop
  endfacet
  facet normal 0.078353 -0.996926 0
    outer loop
      vertex 144.6870 29.9754 171.9000
      vertex 145.0000 30.0000 171.9000
      vertex 145.0000 30.0000 177.5000
    endloop
  endfacet
  facet normal 0.078353 -0.996926 0
    outer loop
      vertex 144.6870 29.9754 171.9000
      vertex 145.0000 30.0000 177.5000
      vertex 144.6870 29.9754 177.5000
    endloop
  endfacet
  facet normal 0 0 -1
    outer loop
      vertex 144.6870 29.9754 171.9000
      vertex 145.0000 32.2500 171.9000
      vertex 145.0000 30.0000 171.9000
    endloop
  endfacet
  facet normal 0.078353 0.996926 0
    outer loop
      vertex 144.6870 75.0246 171.9000
      vertex 144.6870 75.0246 177.5000
      vertex 145.0000 75.0000 171.9000
    endloop
  endfacet
  facet normal 0 0 -1
    outer loop
      vertex 144.6870 75.0246 171.9000
      vertex 145.0000 75.0000 171.9000
      vertex 145.0000 72.7500 171.9000
    endloop
  endfacet
  facet normal 0 0 -1
    outer loop
      vertex 144.6870 75.0246 177.5000
      vertex 144.6870 78.9754 177.5000
      vertex 145.0000 79.0000 177.5000
    endloop
  endfacet
  facet normal 0.078353 0.996926 0
    outer loop
      vertex 144.6870 75.0246 177.5000
      vertex 145.0000 75.0000 177.5000
      vertex 145.0000 75.0000 171.9000
    endloop
  endfacet
  facet normal 0 0 -1
    outer loop
      vertex 144.6870 75.0246 177.5000
      vertex 145.0000 79.0000 177.5000
      vertex 145.0000 75.0000 177.5000
    endloop
  endfacet
  facet normal 0.078353 -0.996926 0
    outer loop
      vertex 144.6870 78.9754 171.9000
      vertex 145.0000 79.0000 171.9000
      vertex 145.0000 79.0000 177.5000
    endloop
  endfacet
  facet normal 0.078353 -0.996926 0
    outer loop
      vertex 144.6870 78.9754 171.9000
      vertex 145.0000 79.0000 177.5000
      vertex 144.6870 78.9754 177.5000
    endloop
  endfacet
  facet normal 0 0 -1
    outer loop
      vertex 144.6870 78.9754 171.9000
      vertex 145.0000 81.2500 171.9000
      vertex 145.0000 79.0000 171.9000
    endloop
  endfacet
  facet normal 0 1 0
    outer loop
      vertex 144.8220 -85.6907 177.9000
      vertex 144.8220 -85.6907 180.9000
      vertex 145.1780 -85.6907 177.9000
    endloop
  endfacet
  facet normal 0 0 -1
    outer loop
      vertex 144.8220 -85.6907 177.9000
      vertex 145.1780 -85.6907 177.9000
      vertex 152.5000 -89.0000 177.9000
    endloop
  endfacet
  facet normal 0 1 0
    outer loop
      vertex 144.8220 -85.6907 180.9000
      vertex 145.1780 -85.6907 180.9000
      vertex 145.1780 -85.6907 177.9000
    endloop
  endfacet
  facet normal 0 -1 0
    outer loop
      vertex 144.8220 -82.3093 177.9000
      vertex 145.1780 -82.3093 177.9000
      vertex 145.1780 -82.3093 180.9000
    endloop
  endfacet
  facet normal 0 -1 0
    outer loop
      vertex 144.8220 -82.3093 177.9000
      vertex 145.1780 -82.3093 180.9000
      vertex 144.8220 -82.3093 180.9000
    endloop
  endfacet
  facet normal 0 1 0
    outer loop
      vertex 144.8220 138.3090 177.9000
      vertex 144.8220 138.3090 180.9000
      vertex 145.1780 138.3090 177.9000
    endloop
  endfacet
  facet normal 0 1 0
    outer loop
      vertex 144.8220 138.3090 180.9000
      vertex 145.1780 138.3090 180.9000
      vertex 145.1780 138.3090 177.9000
    endloop
  endfacet
  facet normal 0 -1 0
    outer loop
      vertex 144.8220 141.6910 177.9000
      vertex 145.1780 141.6910 177.9000
      vertex 145.1780 141.6910 180.9000
    endloop
  endfacet
  facet normal 0 -1 0
    outer loop
      vertex 144.8220 141.6910 177.9000
      vertex 145.1780 141.6910 180.9000
      vertex 144.8220 141.6910 180.9000
    endloop
  endfacet
  facet normal 0 0 -1
    outer loop
      vertex 144.8220 141.6910 177.9000
      vertex 152.5000 145.0000 177.9000
      vertex 145.1780 141.6910 177.9000
    endloop
  endfacet
  facet normal 0 0 -1
    outer loop
      vertex 145.0000 23.7500 171.9000
      vertex 145.0000 26.0000 171.9000
      vertex 145.3130 26.0246 171.9000
    endloop
  endfacet
  facet normal 0 0 -1
    outer loop
      vertex 145.0000 23.7500 171.9000
      vertex 145.3130 26.0246 171.9000
      vertex 145.6650 23.8023 171.9000
    endloop
  endfacet
  facet normal 0.078405 -0.996922 0
    outer loop
      vertex 145.0000 23.7500 171.9000
      vertex 145.6650 23.8023 171.9000
      vertex 145.6650 23.8023 177.9000
    endloop
  endfacet
  facet normal 0.078405 -0.996922 0
    outer loop
      vertex 145.0000 23.7500 171.9000
      vertex 145.6650 23.8023 177.9000
      vertex 145.0000 23.7500 177.9000
    endloop
  endfacet
  facet normal 0 0 -1
    outer loop
      vertex 145.0000 23.7500 177.9000
      vertex 145.6650 23.8023 177.9000
      vertex 147.7000 -13.4000 177.9000
    endloop
  endfacet
  facet normal -0.078353 0.996926 0
    outer loop
      vertex 145.0000 26.0000 171.9000
      vertex 145.0000 26.0000 177.5000
      vertex 145.3130 26.0246 171.9000
    endloop
  endfacet
  facet normal 0 0 -1
    outer loop
      vertex 145.0000 26.0000 177.5000
      vertex 145.0000 30.0000 177.5000
      vertex 145.3130 29.9754 177.5000
    endloop
  endfacet
  facet normal -0.078353 0.996926 0
    outer loop
      vertex 145.0000 26.0000 177.5000
      vertex 145.3130 26.0246 177.5000
      vertex 145.3130 26.0246 171.9000
    endloop
  endfacet
  facet normal 0 0 -1
    outer loop
      vertex 145.0000 26.0000 177.5000
      vertex 145.3130 29.9754 177.5000
      vertex 145.3130 26.0246 177.5000
    endloop
  endfacet
  facet normal 0 0 -1
    outer loop
      vertex 145.0000 30.0000 171.9000
      vertex 145.0000 32.2500 171.9000
      vertex 145.6650 32.1977 171.9000
    endloop
  endfacet
  facet normal -0.078353 -0.996926 0
    outer loop
      vertex 145.0000 30.0000 171.9000
      vertex 145.3130 29.9754 171.9000
      vertex 145.3130 29.9754 177.5000
    endloop
  endfacet
  facet normal -0.078353 -0.996926 0
    outer loop
      vertex 145.0000 30.0000 171.9000
      vertex 145.3130 29.9754 177.5000
      vertex 145.0000 30.0000 177.5000
    endloop
  endfacet
  facet normal 0 0 -1
    outer loop
      vertex 145.0000 30.0000 171.9000
      vertex 145.6650 32.1977 171.9000
      vertex 145.3130 29.9754 171.9000
    endloop
  endfacet
  facet normal 0.078405 0.996922 0
    outer loop
      vertex 145.0000 32.2500 171.9000
      vertex 145.0000 32.2500 177.9000
      vertex 145.6650 32.1977 171.9000
    endloop
  endfacet
  facet normal 0.078405 0.996922 0
    outer loop
      vertex 145.0000 32.2500 177.9000
      vertex 145.6650 32.1977 177.9000
      vertex 145.6650 32.1977 171.9000
    endloop
  endfacet
  facet normal 0 0 -1
    outer loop
      vertex 145.0000 72.7500 171.9000
      vertex 145.0000 75.0000 171.9000
      vertex 145.3130 75.0246 171.9000
    endloop
  endfacet
  facet normal 0 0 -1
    outer loop
      vertex 145.0000 72.7500 171.9000
      vertex 145.3130 75.0246 171.9000
      vertex 145.6650 72.8023 171.9000
    endloop
  endfacet
  facet normal 0.078405 -0.996922 0
    outer loop
      vertex 145.0000 72.7500 171.9000
      vertex 145.6650 72.8023 171.9000
      vertex 145.6650 72.8023 177.9000
    endloop
  endfacet
  facet normal 0.078405 -0.996922 0
    outer loop
      vertex 145.0000 72.7500 171.9000
      vertex 145.6650 72.8023 177.9000
      vertex 145.0000 72.7500 177.9000
    endloop
  endfacet
  facet normal -0.078353 0.996926 0
    outer loop
      vertex 145.0000 75.0000 171.9000
      vertex 145.0000 75.0000 177.5000
      vertex 145.3130 75.0246 171.9000
    endloop
  endfacet
  facet normal 0 0 -1
    outer loop
      vertex 145.0000 75.0000 177.5000
      vertex 145.0000 79.0000 177.5000
      vertex 145.3130 78.9754 177.5000
    endloop
  endfacet
  facet normal -0.078353 0.996926 0
    outer loop
      vertex 145.0000 75.0000 177.5000
      vertex 145.3130 75.0246 177.5000
      vertex 145.3130 75.0246 171.9000
    endloop
  endfacet
  facet normal 0 0 -1
    outer loop
      vertex 145.0000 75.0000 177.5000
      vertex 145.3130 78.9754 177.5000
      vertex 145.3130 75.0246 177.5000
    endloop
  endfacet
  facet normal 0 0 -1
    outer loop
      vertex 145.0000 79.0000 171.9000
      vertex 145.0000 81.2500 171.9000
      vertex 145.6650 81.1977 171.9000
    endloop
  endfacet
  facet normal -0.078353 -0.996926 0
    outer loop
      vertex 145.0000 79.0000 171.9000
      vertex 145.3130 78.9754 171.9000
      vertex 145.3130 78.9754 177.5000
    endloop
  endfacet
  facet normal -0.078353 -0.996926 0
    outer loop
      vertex 145.0000 79.0000 171.9000
      vertex 145.3130 78.9754 177.5000
      vertex 145.0000 79.0000 177.5000
    endloop
  endfacet
  facet normal 0 0 -1
    outer loop
      vertex 145.0000 79.0000 171.9000
      vertex 145.6650 81.1977 171.9000
      vertex 145.3130 78.9754 171.9000
    endloop
  endfacet
  facet normal 0.078405 0.996922 0
    outer loop
      vertex 145.0000 81.2500 171.9000
      vertex 145.0000 81.2500 177.9000
      vertex 145.6650 81.1977 171.9000
    endloop
  endfacet
  facet normal 0.078405 0.996922 0
    outer loop
      vertex 145.0000 81.2500 177.9000
      vertex 145.6650 81.1977 177.9000
      vertex 145.6650 81.1977 171.9000
    endloop
  endfacet
  facet normal -0.208297 0.978066 0
    outer loop
      vertex 145.1780 -85.6907 177.9000
      vertex 145.1780 -85.6907 180.9000
      vertex 145.5250 -85.6168 177.9000
    endloop
  endfacet
  facet normal 0 0 -1
    outer loop
      vertex 145.1780 -85.6907 177.9000
      vertex 145.5250 -85.6168 177.9000
      vertex 152.5000 -89.0000 177.9000
    endloop
  endfacet
  facet normal -0.208297 0.978066 0
    outer loop
      vertex 145.1780 -85.6907 180.9000
      vertex 145.5250 -85.6168 180.9000
      vertex 145.5250 -85.6168 177.9000
    endloop
  endfacet
  facet normal -0.208297 -0.978066 0
    outer loop
      vertex 145.1780 -82.3093 177.9000
      vertex 145.5250 -82.3832 177.9000
      vertex 145.5250 -82.3832 180.9000
    endloop
  endfacet
  facet normal -0.208297 -0.978066 0
    outer loop
      vertex 145.1780 -82.3093 177.9000
      vertex 145.5250 -82.3832 180.9000
      vertex 145.1780 -82.3093 180.9000
    endloop
  endfacet
  facet normal -0.208567 0.978008 0
    outer loop
      vertex 145.1780 138.3090 177.9000
      vertex 145.1780 138.3090 180.9000
      vertex 145.5250 138.3830 177.9000
    endloop
  endfacet
  facet normal -0.208567 0.978008 0
    outer loop
      vertex 145.1780 138.3090 180.9000
      vertex 145.5250 138.3830 180.9000
      vertex 145.5250 138.3830 177.9000
    endloop
  endfacet
  facet normal -0.208567 -0.978008 0
    outer loop
      vertex 145.1780 141.6910 177.9000
      vertex 145.5250 141.6170 177.9000
      vertex 145.5250 141.6170 180.9000
    endloop
  endfacet
  facet normal -0.208567 -0.978008 0
    outer loop
      vertex 145.1780 141.6910 177.9000
      vertex 145.5250 141.6170 180.9000
      vertex 145.1780 141.6910 180.9000
    endloop
  endfacet
  facet normal 0 0 -1
    outer loop
      vertex 145.1780 141.6910 177.9000
      vertex 152.5000 145.0000 177.9000
      vertex 145.5250 141.6170 177.9000
    endloop
  endfacet
  facet normal -0.233674 0.972315 0
    outer loop
      vertex 145.3130 26.0246 171.9000
      vertex 145.3130 26.0246 177.5000
      vertex 145.6180 26.0979 171.9000
    endloop
  endfacet
  facet normal 0 0 -1
    outer loop
      vertex 145.3130 26.0246 171.9000
      vertex 145.6180 26.0979 171.9000
      vertex 145.6650 23.8023 171.9000
    endloop
  endfacet
  facet normal 0 0 -1
    outer loop
      vertex 145.3130 26.0246 177.5000
      vertex 145.3130 29.9754 177.5000
      vertex 145.6180 29.9021 177.5000
    endloop
  endfacet
  facet normal -0.233674 0.972315 0
    outer loop
      vertex 145.3130 26.0246 177.5000
      vertex 145.6180 26.0979 177.5000
      vertex 145.6180 26.0979 171.9000
    endloop
  endfacet
  facet normal 0 0 -1
    outer loop
      vertex 145.3130 26.0246 177.5000
      vertex 145.6180 29.9021 177.5000
      vertex 145.6180 26.0979 177.5000
    endloop
  endfacet
  facet normal -0.233674 -0.972315 0
    outer loop
      vertex 145.3130 29.9754 171.9000
      vertex 145.6180 29.9021 171.9000
      vertex 145.6180 29.9021 177.5000
    endloop
  endfacet
  facet normal -0.233674 -0.972315 0
    outer loop
      vertex 145.3130 29.9754 171.9000
      vertex 145.6180 29.9021 177.5000
      vertex 145.3130 29.9754 177.5000
    endloop
  endfacet
  facet normal 0 0 -1
    outer loop
      vertex 145.3130 29.9754 171.9000
      vertex 145.6650 32.1977 171.9000
      vertex 145.6180 29.9021 171.9000
    endloop
  endfacet
  facet normal -0.233674 0.972315 0
    outer loop
      vertex 145.3130 75.0246 171.9000
      vertex 145.3130 75.0246 177.5000
      vertex 145.6180 75.0979 171.9000
    endloop
  endfacet
  facet normal 0 0 -1
    outer loop
      vertex 145.3130 75.0246 171.9000
      vertex 145.6180 75.0979 171.9000
      vertex 145.6650 72.8023 171.9000
    endloop
  endfacet
  facet normal 0 0 -1
    outer loop
      vertex 145.3130 75.0246 177.5000
      vertex 145.3130 78.9754 177.5000
      vertex 145.6180 78.9021 177.5000
    endloop
  endfacet
  facet normal -0.233674 0.972315 0
    outer loop
      vertex 145.3130 75.0246 177.5000
      vertex 145.6180 75.0979 177.5000
      vertex 145.6180 75.0979 171.9000
    endloop
  endfacet
  facet normal 0 0 -1
    outer loop
      vertex 145.3130 75.0246 177.5000
      vertex 145.6180 78.9021 177.5000
      vertex 145.6180 75.0979 177.5000
    endloop
  endfacet
  facet normal -0.233674 -0.972315 0
    outer loop
      vertex 145.3130 78.9754 171.9000
      vertex 145.6180 78.9021 171.9000
      vertex 145.6180 78.9021 177.5000
    endloop
  endfacet
  facet normal -0.233674 -0.972315 0
    outer loop
      vertex 145.3130 78.9754 171.9000
      vertex 145.6180 78.9021 177.5000
      vertex 145.3130 78.9754 177.5000
    endloop
  endfacet
  facet normal 0 0 -1
    outer loop
      vertex 145.3130 78.9754 171.9000
      vertex 145.6650 81.1977 171.9000
      vertex 145.6180 78.9021 171.9000
    endloop
  endfacet
  facet normal -0.406504 0.913649 0
    outer loop
      vertex 145.5250 -85.6168 177.9000
      vertex 145.5250 -85.6168 180.9000
      vertex 145.8500 -85.4722 177.9000
    endloop
  endfacet
  facet normal 0 0 -1
    outer loop
      vertex 145.5250 -85.6168 177.9000
      vertex 145.8500 -85.4722 177.9000
      vertex 152.5000 -89.0000 177.9000
    endloop
  endfacet
  facet normal -0.406504 0.913649 0
    outer loop
      vertex 145.5250 -85.6168 180.9000
      vertex 145.8500 -85.4722 180.9000
      vertex 145.8500 -85.4722 177.9000
    endloop
  endfacet
  facet normal -0.406504 -0.913649 0
    outer loop
      vertex 145.5250 -82.3832 177.9000
      vertex 145.8500 -82.5278 177.9000
      vertex 145.8500 -82.5278 180.9000
    endloop
  endfacet
  facet normal -0.406504 -0.913649 0
    outer loop
      vertex 145.5250 -82.3832 177.9000
      vertex 145.8500 -82.5278 180.9000
      vertex 145.5250 -82.3832 180.9000
    endloop
  endfacet
  facet normal -0.407442 0.913231 0
    outer loop
      vertex 145.5250 138.3830 177.9000
      vertex 145.5250 138.3830 180.9000
      vertex 145.8500 138.5280 177.9000
    endloop
  endfacet
  facet normal -0.407442 0.913231 0
    outer loop
      vertex 145.5250 138.3830 180.9000
      vertex 145.8500 138.5280 180.9000
      vertex 145.8500 138.5280 177.9000
    endloop
  endfacet
  facet normal -0.407442 -0.913231 0
    outer loop
      vertex 145.5250 141.6170 177.9000
      vertex 145.8500 141.4720 177.9000
      vertex 145.8500 141.4720 180.9000
    endloop
  endfacet
  facet normal -0.407442 -0.913231 0
    outer loop
      vertex 145.5250 141.6170 177.9000
      vertex 145.8500 141.4720 180.9000
      vertex 145.5250 141.6170 180.9000
    endloop
  endfacet
  facet normal 0 0 -1
    outer loop
      vertex 145.5250 141.6170 177.9000
      vertex 152.5000 145.0000 177.9000
      vertex 145.8500 141.4720 177.9000
    endloop
  endfacet
  facet normal -0.382624 0.923904 0
    outer loop
      vertex 145.6180 26.0979 171.9000
      vertex 145.6180 26.0979 177.5000
      vertex 145.9080 26.2180 171.9000
    endloop
  endfacet
  facet normal 0 0 -1
    outer loop
      vertex 145.6180 26.0979 171.9000
      vertex 145.9080 26.2180 171.9000
      vertex 146.3130 23.9580 171.9000
    endloop
  endfacet
  facet normal 0 0 -1
    outer loop
      vertex 145.6180 26.0979 171.9000
      vertex 146.3130 23.9580 171.9000
      vertex 145.6650 23.8023 171.9000
    endloop
  endfacet
  facet normal 0 0 -1
    outer loop
      vertex 145.6180 26.0979 177.5000
      vertex 145.6180 29.9021 177.5000
      vertex 145.9080 29.7820 177.5000
    endloop
  endfacet
  facet normal -0.382624 0.923904 0
    outer loop
      vertex 145.6180 26.0979 177.5000
      vertex 145.9080 26.2180 177.5000
      vertex 145.9080 26.2180 171.9000
    endloop
  endfacet
  facet normal 0 0 -1
    outer loop
      vertex 145.6180 26.0979 177.5000
      vertex 145.9080 29.7820 177.5000
      vertex 145.9080 26.2180 177.5000
    endloop
  endfacet
  facet normal 0 0 -1
    outer loop
      vertex 145.6180 29.9021 171.9000
      vertex 145.6650 32.1977 171.9000
      vertex 146.3130 32.0420 171.9000
    endloop
  endfacet
  facet normal -0.382624 -0.923904 0
    outer loop
      vertex 145.6180 29.9021 171.9000
      vertex 145.9080 29.7820 171.9000
      vertex 145.9080 29.7820 177.5000
    endloop
  endfacet
  facet normal -0.382624 -0.923904 0
    outer loop
      vertex 145.6180 29.9021 171.9000
      vertex 145.9080 29.7820 177.5000
      vertex 145.6180 29.9021 177.5000
    endloop
  endfacet
  facet normal 0 0 -1
    outer loop
      vertex 145.6180 29.9021 171.9000
      vertex 146.3130 32.0420 171.9000
      vertex 145.9080 29.7820 171.9000
    endloop
  endfacet
  facet normal -0.382624 0.923904 0
    outer loop
      vertex 145.6180 75.0979 171.9000
      vertex 145.6180 75.0979 177.5000
      vertex 145.9080 75.2180 171.9000
    endloop
  endfacet
  facet normal 0 0 -1
    outer loop
      vertex 145.6180 75.0979 171.9000
      vertex 145.9080 75.2180 171.9000
      vertex 146.3130 72.9580 171.9000
    endloop
  endfacet
  facet normal 0 0 -1
    outer loop
      vertex 145.6180 75.0979 171.9000
      vertex 146.3130 72.9580 171.9000
      vertex 145.6650 72.8023 171.9000
    endloop
  endfacet
  facet normal 0 0 -1
    outer loop
      vertex 145.6180 75.0979 177.5000
      vertex 145.6180 78.9021 177.5000
      vertex 145.9080 78.7820 177.5000
    endloop
  endfacet
  facet normal -0.382624 0.923904 0
    outer loop
      vertex 145.6180 75.0979 177.5000
      vertex 145.9080 75.2180 177.5000
      vertex 145.9080 75.2180 171.9000
    endloop
  endfacet
  facet normal 0 0 -1
    outer loop
      vertex 145.6180 75.0979 177.5000
      vertex 145.9080 78.7820 177.5000
      vertex 145.9080 75.2180 177.5000
    endloop
  endfacet
  facet normal 0 0 -1
    outer loop
      vertex 145.6180 78.9021 171.9000
      vertex 145.6650 81.1977 171.9000
      vertex 146.3130 81.0420 171.9000
    endloop
  endfacet
  facet normal -0.382624 -0.923904 0
    outer loop
      vertex 145.6180 78.9021 171.9000
      vertex 145.9080 78.7820 171.9000
      vertex 145.9080 78.7820 177.5000
    endloop
  endfacet
  facet normal -0.382624 -0.923904 0
    outer loop
      vertex 145.6180 78.9021 171.9000
      vertex 145.9080 78.7820 177.5000
      vertex 145.6180 78.9021 177.5000
    endloop
  endfacet
  facet normal 0 0 -1
    outer loop
      vertex 145.6180 78.9021 171.9000
      vertex 146.3130 81.0420 171.9000
      vertex 145.9080 78.7820 171.9000
    endloop
  endfacet
  facet normal 0.233628 -0.972326 0
    outer loop
      vertex 145.6650 23.8023 171.9000
      vertex 146.3130 23.9580 171.9000
      vertex 146.3130 23.9580 177.9000
    endloop
  endfacet
  facet normal 0.233628 -0.972326 0
    outer loop
      vertex 145.6650 23.8023 171.9000
      vertex 146.3130 23.9580 177.9000
      vertex 145.6650 23.8023 177.9000
    endloop
  endfacet
  facet normal 0 0 -1
    outer loop
      vertex 145.6650 23.8023 177.9000
      vertex 146.3130 23.9580 177.9000
      vertex 150.7000 -13.4000 177.9000
    endloop
  endfacet
  facet normal 0 0 -1
    outer loop
      vertex 145.6650 23.8023 177.9000
      vertex 150.7000 -13.4000 177.9000
      vertex 147.7000 -13.4000 177.9000
    endloop
  endfacet
  facet normal 0.233628 0.972326 0
    outer loop
      vertex 145.6650 32.1977 171.9000
      vertex 145.6650 32.1977 177.9000
      vertex 146.3130 32.0420 171.9000
    endloop
  endfacet
  facet normal 0.233628 0.972326 0
    outer loop
      vertex 145.6650 32.1977 177.9000
      vertex 146.3130 32.0420 177.9000
      vertex 146.3130 32.0420 171.9000
    endloop
  endfacet
  facet normal 0.233628 -0.972326 0
    outer loop
      vertex 145.6650 72.8023 171.9000
      vertex 146.3130 72.9580 171.9000
      vertex 146.3130 72.9580 177.9000
    endloop
  endfacet
  facet normal 0.233628 -0.972326 0
    outer loop
      vertex 145.6650 72.8023 171.9000
      vertex 146.3130 72.9580 177.9000
      vertex 145.6650 72.8023 177.9000
    endloop
  endfacet
  facet normal 0.233628 0.972326 0
    outer loop
      vertex 145.6650 81.1977 171.9000
      vertex 145.6650 81.1977 177.9000
      vertex 146.3130 81.0420 171.9000
    endloop
  endfacet
  facet normal 0.233628 0.972326 0
    outer loop
      vertex 145.6650 81.1977 177.9000
      vertex 146.3130 81.0420 177.9000
      vertex 146.3130 81.0420 171.9000
    endloop
  endfacet
  facet normal -0.587152 0.809477 0
    outer loop
      vertex 145.8500 -85.4722 177.9000
      vertex 145.8500 -85.4722 180.9000
      vertex 146.1380 -85.2633 177.9000
    endloop
  endfacet
  facet normal 0 0 -1
    outer loop
      vertex 145.8500 -85.4722 177.9000
      vertex 146.1380 -85.2633 177.9000
      vertex 152.5000 -89.0000 177.9000
    endloop
  endfacet
  facet normal -0.587152 0.809477 0
    outer loop
      vertex 145.8500 -85.4722 180.9000
      vertex 146.1380 -85.2633 180.9000
      vertex 146.1380 -85.2633 177.9000
    endloop
  endfacet
  facet normal 0 0 1
    outer loop
      vertex 145.8500 -85.4722 180.9000
      vertex 159.7000 -81.4000 180.9000
      vertex 146.1380 -85.2633 180.9000
    endloop
  endfacet
  facet normal 0 0 1
    outer loop
      vertex 145.8500 -85.4722 180.9000
      vertex 162.7000 -81.4000 180.9000
      vertex 159.7000 -81.4000 180.9000
    endloop
  endfacet
  facet normal -0.587152 -0.809477 0
    outer loop
      vertex 145.8500 -82.5278 177.9000
      vertex 146.1380 -82.7367 177.9000
      vertex 146.1380 -82.7367 180.9000
    endloop
  endfacet
  facet normal -0.587152 -0.809477 0
    outer loop
      vertex 145.8500 -82.5278 177.9000
      vertex 146.1380 -82.7367 180.9000
      vertex 145.8500 -82.5278 180.9000
    endloop
  endfacet
  facet normal -0.587336 0.809343 0
    outer loop
      vertex 145.8500 138.5280 177.9000
      vertex 145.8500 138.5280 180.9000
      vertex 146.1380 138.7370 177.9000
    endloop
  endfacet
  facet normal -0.587336 0.809343 0
    outer loop
      vertex 145.8500 138.5280 180.9000
      vertex 146.1380 138.7370 180.9000
      vertex 146.1380 138.7370 177.9000
    endloop
  endfacet
  facet normal -0.587336 -0.809343 0
    outer loop
      vertex 145.8500 141.4720 177.9000
      vertex 146.1380 141.2630 177.9000
      vertex 146.1380 141.2630 180.9000
    endloop
  endfacet
  facet normal -0.587336 -0.809343 0
    outer loop
      vertex 145.8500 141.4720 177.9000
      vertex 146.1380 141.2630 180.9000
      vertex 145.8500 141.4720 180.9000
    endloop
  endfacet
  facet normal 0 0 -1
    outer loop
      vertex 145.8500 141.4720 177.9000
      vertex 152.5000 145.0000 177.9000
      vertex 146.1380 141.2630 177.9000
    endloop
  endfacet
  facet normal 0 0 1
    outer loop
      vertex 145.8500 141.4720 180.9000
      vertex 146.1380 141.2630 180.9000
      vertex 250.5620 141.2630 180.9000
    endloop
  endfacet
  facet normal 0 0 1
    outer loop
      vertex 145.8500 141.4720 180.9000
      vertex 250.5620 141.2630 180.9000
      vertex 250.8500 141.4720 180.9000
    endloop
  endfacet
  facet normal 0 0 1
    outer loop
      vertex 145.8500 141.4720 180.9000
      vertex 250.8500 141.4720 180.9000
      vertex 261.7000 150.0000 180.9000
    endloop
  endfacet
  facet normal -0.521965 0.852967 0
    outer loop
      vertex 145.9080 26.2180 171.9000
      vertex 145.9080 26.2180 177.5000
      vertex 146.1760 26.3820 171.9000
    endloop
  endfacet
  facet normal 0 0 -1
    outer loop
      vertex 145.9080 26.2180 171.9000
      vertex 146.1760 26.3820 171.9000
      vertex 146.9290 24.2132 171.9000
    endloop
  endfacet
  facet normal 0 0 -1
    outer loop
      vertex 145.9080 26.2180 171.9000
      vertex 146.9290 24.2132 171.9000
      vertex 146.3130 23.9580 171.9000
    endloop
  endfacet
  facet normal 0 0 -1
    outer loop
      vertex 145.9080 26.2180 177.5000
      vertex 145.9080 29.7820 177.5000
      vertex 146.1760 29.6180 177.5000
    endloop
  endfacet
  facet normal -0.521965 0.852967 0
    outer loop
      vertex 145.9080 26.2180 177.5000
      vertex 146.1760 26.3820 177.5000
      vertex 146.1760 26.3820 171.9000
    endloop
  endfacet
  facet normal 0 0 -1
    outer loop
      vertex 145.9080 26.2180 177.5000
      vertex 146.1760 29.6180 177.5000
      vertex 146.1760 26.3820 177.5000
    endloop
  endfacet
  facet normal -0.521965 -0.852967 0
    outer loop
      vertex 145.9080 29.7820 171.9000
      vertex 146.1760 29.6180 171.9000
      vertex 146.1760 29.6180 177.5000
    endloop
  endfacet
  facet normal -0.521965 -0.852967 0
    outer loop
      vertex 145.9080 29.7820 171.9000
      vertex 146.1760 29.6180 177.5000
      vertex 145.9080 29.7820 177.5000
    endloop
  endfacet
  facet normal 0 0 -1
    outer loop
      vertex 145.9080 29.7820 171.9000
      vertex 146.3130 32.0420 171.9000
      vertex 146.9290 31.7868 171.9000
    endloop
  endfacet
  facet normal 0 0 -1
    outer loop
      vertex 145.9080 29.7820 171.9000
      vertex 146.9290 31.7868 171.9000
      vertex 146.1760 29.6180 171.9000
    endloop
  endfacet
  facet normal -0.521965 0.852967 0
    outer loop
      vertex 145.9080 75.2180 171.9000
      vertex 145.9080 75.2180 177.5000
      vertex 146.1760 75.3820 171.9000
    endloop
  endfacet
  facet normal 0 0 -1
    outer loop
      vertex 145.9080 75.2180 171.9000
      vertex 146.1760 75.3820 171.9000
      vertex 146.9290 73.2132 171.9000
    endloop
  endfacet
  facet normal 0 0 -1
    outer loop
      vertex 145.9080 75.2180 171.9000
      vertex 146.9290 73.2132 171.9000
      vertex 146.3130 72.9580 171.9000
    endloop
  endfacet
  facet normal 0 0 -1
    outer loop
      vertex 145.9080 75.2180 177.5000
      vertex 145.9080 78.7820 177.5000
      vertex 146.1760 78.6180 177.5000
    endloop
  endfacet
  facet normal -0.521965 0.852967 0
    outer loop
      vertex 145.9080 75.2180 177.5000
      vertex 146.1760 75.3820 177.5000
      vertex 146.1760 75.3820 171.9000
    endloop
  endfacet
  facet normal 0 0 -1
    outer loop
      vertex 145.9080 75.2180 177.5000
      vertex 146.1760 78.6180 177.5000
      vertex 146.1760 75.3820 177.5000
    endloop
  endfacet
  facet normal -0.521965 -0.852967 0
    outer loop
      vertex 145.9080 78.7820 171.9000
      vertex 146.1760 78.6180 171.9000
      vertex 146.1760 78.6180 177.5000
    endloop
  endfacet
  facet normal -0.521965 -0.852967 0
    outer loop
      vertex 145.9080 78.7820 171.9000
      vertex 146.1760 78.6180 177.5000
      vertex 145.9080 78.7820 177.5000
    endloop
  endfacet
  facet normal 0 0 -1
    outer loop
      vertex 145.9080 78.7820 171.9000
      vertex 146.3130 81.0420 171.9000
      vertex 146.9290 80.7868 171.9000
    endloop
  endfacet
  facet normal 0 0 -1
    outer loop
      vertex 145.9080 78.7820 171.9000
      vertex 146.9290 80.7868 171.9000
      vertex 146.1760 78.6180 171.9000
    endloop
  endfacet
  facet normal -0.74426 0.66789 0
    outer loop
      vertex 146.1380 -85.2633 177.9000
      vertex 146.1380 -85.2633 180.9000
      vertex 146.3750 -84.9992 180.9000
    endloop
  endfacet
  facet normal 0 0 -1
    outer loop
      vertex 146.1380 -85.2633 177.9000
      vertex 146.3750 -84.9992 177.9000
      vertex 152.5000 -87.5000 177.9000
    endloop
  endfacet
  facet normal -0.74426 0.66789 0
    outer loop
      vertex 146.1380 -85.2633 177.9000
      vertex 146.3750 -84.9992 180.9000
      vertex 146.3750 -84.9992 177.9000
    endloop
  endfacet
  facet normal 0 0 -1
    outer loop
      vertex 146.1380 -85.2633 177.9000
      vertex 152.5000 -87.5000 177.9000
      vertex 152.5000 -89.0000 177.9000
    endloop
  endfacet
  facet normal 0 0 1
    outer loop
      vertex 146.1380 -85.2633 180.9000
      vertex 159.7000 -81.4000 180.9000
      vertex 146.3750 -84.9992 180.9000
    endloop
  endfacet
  facet normal -0.74426 -0.66789 0
    outer loop
      vertex 146.1380 -82.7367 177.9000
      vertex 146.3750 -83.0008 177.9000
      vertex 146.1380 -82.7367 180.9000
    endloop
  endfacet
  facet normal -0.74426 -0.66789 0
    outer loop
      vertex 146.1380 -82.7367 180.9000
      vertex 146.3750 -83.0008 177.9000
      vertex 146.3750 -83.0008 180.9000
    endloop
  endfacet
  facet normal -0.744134 0.66803 0
    outer loop
      vertex 146.1380 138.7370 177.9000
      vertex 146.1380 138.7370 180.9000
      vertex 146.3750 139.0010 180.9000
    endloop
  endfacet
  facet normal -0.744134 0.66803 0
    outer loop
      vertex 146.1380 138.7370 177.9000
      vertex 146.3750 139.0010 180.9000
      vertex 146.3750 139.0010 177.9000
    endloop
  endfacet
  facet normal -0.744134 -0.66803 0
    outer loop
      vertex 146.1380 141.2630 177.9000
      vertex 146.3750 140.9990 177.9000
      vertex 146.1380 141.2630 180.9000
    endloop
  endfacet
  facet normal 0 0 -1
    outer loop
      vertex 146.1380 141.2630 177.9000
      vertex 152.5000 143.5000 177.9000
      vertex 146.3750 140.9990 177.9000
    endloop
  endfacet
  facet normal 0 0 -1
    outer loop
      vertex 146.1380 141.2630 177.9000
      vertex 152.5000 145.0000 177.9000
      vertex 152.5000 143.5000 177.9000
    endloop
  endfacet
  facet normal -0.744134 -0.66803 0
    outer loop
      vertex 146.1380 141.2630 180.9000
      vertex 146.3750 140.9990 177.9000
      vertex 146.3750 140.9990 180.9000
    endloop
  endfacet
  facet normal 0 0 1
    outer loop
      vertex 146.1380 141.2630 180.9000
      vertex 146.3750 140.9990 180.9000
      vertex 250.5620 141.2630 180.9000
    endloop
  endfacet
  facet normal -0.650423 0.759572 0
    outer loop
      vertex 146.1760 26.3820 171.9000
      vertex 146.1760 26.3820 177.5000
      vertex 146.4140 26.5858 171.9000
    endloop
  endfacet
  facet normal 0 0 -1
    outer loop
      vertex 146.1760 26.3820 171.9000
      vertex 146.4140 26.5858 171.9000
      vertex 147.4980 24.5617 171.9000
    endloop
  endfacet
  facet normal 0 0 -1
    outer loop
      vertex 146.1760 26.3820 171.9000
      vertex 147.4980 24.5617 171.9000
      vertex 146.9290 24.2132 171.9000
    endloop
  endfacet
  facet normal 0 0 -1
    outer loop
      vertex 146.1760 26.3820 177.5000
      vertex 146.1760 29.6180 177.5000
      vertex 146.4140 29.4142 177.5000
    endloop
  endfacet
  facet normal -0.650423 0.759572 0
    outer loop
      vertex 146.1760 26.3820 177.5000
      vertex 146.4140 26.5858 177.5000
      vertex 146.4140 26.5858 171.9000
    endloop
  endfacet
  facet normal 0 0 -1
    outer loop
      vertex 146.1760 26.3820 177.5000
      vertex 146.4140 29.4142 177.5000
      vertex 146.4140 26.5858 177.5000
    endloop
  endfacet
  facet normal -0.650423 -0.759572 0
    outer loop
      vertex 146.1760 29.6180 171.9000
      vertex 146.4140 29.4142 171.9000
      vertex 146.4140 29.4142 177.5000
    endloop
  endfacet
  facet normal -0.650423 -0.759572 0
    outer loop
      vertex 146.1760 29.6180 171.9000
      vertex 146.4140 29.4142 177.5000
      vertex 146.1760 29.6180 177.5000
    endloop
  endfacet
  facet normal 0 0 -1
    outer loop
      vertex 146.1760 29.6180 171.9000
      vertex 146.9290 31.7868 171.9000
      vertex 147.4980 31.4383 171.9000
    endloop
  endfacet
  facet normal 0 0 -1
    outer loop
      vertex 146.1760 29.6180 171.9000
      vertex 147.4980 31.4383 171.9000
      vertex 146.4140 29.4142 171.9000
    endloop
  endfacet
  facet normal -0.650423 0.759572 0
    outer loop
      vertex 146.1760 75.3820 171.9000
      vertex 146.1760 75.3820 177.5000
      vertex 146.4140 75.5858 171.9000
    endloop
  endfacet
  facet normal 0 0 -1
    outer loop
      vertex 146.1760 75.3820 171.9000
      vertex 146.4140 75.5858 171.9000
      vertex 147.4980 73.5617 171.9000
    endloop
  endfacet
  facet normal 0 0 -1
    outer loop
      vertex 146.1760 75.3820 171.9000
      vertex 147.4980 73.5617 171.9000
      vertex 146.9290 73.2132 171.9000
    endloop
  endfacet
  facet normal 0 0 -1
    outer loop
      vertex 146.1760 75.3820 177.5000
      vertex 146.1760 78.6180 177.5000
      vertex 146.4140 78.4142 177.5000
    endloop
  endfacet
  facet normal -0.650423 0.759572 0
    outer loop
      vertex 146.1760 75.3820 177.5000
      vertex 146.4140 75.5858 177.5000
      vertex 146.4140 75.5858 171.9000
    endloop
  endfacet
  facet normal 0 0 -1
    outer loop
      vertex 146.1760 75.3820 177.5000
      vertex 146.4140 78.4142 177.5000
      vertex 146.4140 75.5858 177.5000
    endloop
  endfacet
  facet normal -0.650423 -0.759572 0
    outer loop
      vertex 146.1760 78.6180 171.9000
      vertex 146.4140 78.4142 171.9000
      vertex 146.4140 78.4142 177.5000
    endloop
  endfacet
  facet normal -0.650423 -0.759572 0
    outer loop
      vertex 146.1760 78.6180 171.9000
      vertex 146.4140 78.4142 177.5000
      vertex 146.1760 78.6180 177.5000
    endloop
  endfacet
  facet normal 0 0 -1
    outer loop
      vertex 146.1760 78.6180 171.9000
      vertex 146.9290 80.7868 171.9000
      vertex 147.4980 80.4383 171.9000
    endloop
  endfacet
  facet normal 0 0 -1
    outer loop
      vertex 146.1760 78.6180 171.9000
      vertex 147.4980 80.4383 171.9000
      vertex 146.4140 78.4142 171.9000
    endloop
  endfacet
  facet normal 0.38274 -0.923856 0
    outer loop
      vertex 146.3130 23.9580 171.9000
      vertex 146.9290 24.2132 171.9000
      vertex 146.9290 24.2132 177.9000
    endloop
  endfacet
  facet normal 0.38274 -0.923856 0
    outer loop
      vertex 146.3130 23.9580 171.9000
      vertex 146.9290 24.2132 177.9000
      vertex 146.3130 23.9580 177.9000
    endloop
  endfacet
  facet normal 0 0 -1
    outer loop
      vertex 146.3130 23.9580 177.9000
      vertex 146.9290 24.2132 177.9000
      vertex 153.7000 -13.4000 177.9000
    endloop
  endfacet
  facet normal 0 0 -1
    outer loop
      vertex 146.3130 23.9580 177.9000
      vertex 153.7000 -13.4000 177.9000
      vertex 150.7000 -13.4000 177.9000
    endloop
  endfacet
  facet normal 0.38274 0.923856 0
    outer loop
      vertex 146.3130 32.0420 171.9000
      vertex 146.3130 32.0420 177.9000
      vertex 146.9290 31.7868 171.9000
    endloop
  endfacet
  facet normal 0.38274 0.923856 0
    outer loop
      vertex 146.3130 32.0420 177.9000
      vertex 146.9290 31.7868 177.9000
      vertex 146.9290 31.7868 171.9000
    endloop
  endfacet
  facet normal 0.38274 -0.923856 0
    outer loop
      vertex 146.3130 72.9580 171.9000
      vertex 146.9290 73.2132 171.9000
      vertex 146.9290 73.2132 177.9000
    endloop
  endfacet
  facet normal 0.38274 -0.923856 0
    outer loop
      vertex 146.3130 72.9580 171.9000
      vertex 146.9290 73.2132 177.9000
      vertex 146.3130 72.9580 177.9000
    endloop
  endfacet
  facet normal 0.38274 0.923856 0
    outer loop
      vertex 146.3130 81.0420 171.9000
      vertex 146.3130 81.0420 177.9000
      vertex 146.9290 80.7868 171.9000
    endloop
  endfacet
  facet normal 0.38274 0.923856 0
    outer loop
      vertex 146.3130 81.0420 177.9000
      vertex 146.9290 80.7868 177.9000
      vertex 146.9290 80.7868 171.9000
    endloop
  endfacet
  facet normal -0.8656 0.500737 0
    outer loop
      vertex 146.3750 -84.9992 177.9000
      vertex 146.3750 -84.9992 180.9000
      vertex 146.5530 -84.6915 180.9000
    endloop
  endfacet
  facet normal 0 0 -1
    outer loop
      vertex 146.3750 -84.9992 177.9000
      vertex 146.5530 -84.6915 177.9000
      vertex 152.5000 -87.5000 177.9000
    endloop
  endfacet
  facet normal -0.8656 0.500737 0
    outer loop
      vertex 146.3750 -84.9992 177.9000
      vertex 146.5530 -84.6915 180.9000
      vertex 146.5530 -84.6915 177.9000
    endloop
  endfacet
  facet normal 0 0 1
    outer loop
      vertex 146.3750 -84.9992 180.9000
      vertex 159.7000 -81.4000 180.9000
      vertex 146.5530 -84.6915 180.9000
    endloop
  endfacet
  facet normal -0.8656 -0.500737 0
    outer loop
      vertex 146.3750 -83.0008 177.9000
      vertex 146.5530 -83.3085 177.9000
      vertex 146.3750 -83.0008 180.9000
    endloop
  endfacet
  facet normal -0.8656 -0.500737 0
    outer loop
      vertex 146.3750 -83.0008 180.9000
      vertex 146.5530 -83.3085 177.9000
      vertex 146.5530 -83.3085 180.9000
    endloop
  endfacet
  facet normal -0.865811 0.500371 0
    outer loop
      vertex 146.3750 139.0010 177.9000
      vertex 146.3750 139.0010 180.9000
      vertex 146.5530 139.3090 180.9000
    endloop
  endfacet
  facet normal -0.865811 0.500371 0
    outer loop
      vertex 146.3750 139.0010 177.9000
      vertex 146.5530 139.3090 180.9000
      vertex 146.5530 139.3090 177.9000
    endloop
  endfacet
  facet normal -0.865811 -0.500371 0
    outer loop
      vertex 146.3750 140.9990 177.9000
      vertex 146.5530 140.6910 177.9000
      vertex 146.3750 140.9990 180.9000
    endloop
  endfacet
  facet normal 0 0 -1
    outer loop
      vertex 146.3750 140.9990 177.9000
      vertex 152.5000 143.5000 177.9000
      vertex 146.5530 140.6910 177.9000
    endloop
  endfacet
  facet normal -0.865811 -0.500371 0
    outer loop
      vertex 146.3750 140.9990 180.9000
      vertex 146.5530 140.6910 177.9000
      vertex 146.5530 140.6910 180.9000
    endloop
  endfacet
  facet normal 0 0 1
    outer loop
      vertex 146.3750 140.9990 180.9000
      vertex 146.5530 140.6910 180.9000
      vertex 250.3250 140.9990 180.9000
    endloop
  endfacet
  facet normal 0 0 1
    outer loop
      vertex 146.3750 140.9990 180.9000
      vertex 250.3250 140.9990 180.9000
      vertex 250.5620 141.2630 180.9000
    endloop
  endfacet
  facet normal -0.760066 0.649846 0
    outer loop
      vertex 146.4140 26.5858 171.9000
      vertex 146.4140 26.5858 177.5000
      vertex 146.6180 26.8244 177.5000
    endloop
  endfacet
  facet normal 0 0 -1
    outer loop
      vertex 146.4140 26.5858 171.9000
      vertex 146.6180 26.8244 171.9000
      vertex 148.0050 24.9948 171.9000
    endloop
  endfacet
  facet normal -0.760066 0.649846 0
    outer loop
      vertex 146.4140 26.5858 171.9000
      vertex 146.6180 26.8244 177.5000
      vertex 146.6180 26.8244 171.9000
    endloop
  endfacet
  facet normal 0 0 -1
    outer loop
      vertex 146.4140 26.5858 171.9000
      vertex 148.0050 24.9948 171.9000
      vertex 147.4980 24.5617 171.9000
    endloop
  endfacet
  facet normal 0 0 -1
    outer loop
      vertex 146.4140 26.5858 177.5000
      vertex 146.4140 29.4142 177.5000
      vertex 146.6180 29.1756 177.5000
    endloop
  endfacet
  facet normal 0 0 -1
    outer loop
      vertex 146.4140 26.5858 177.5000
      vertex 146.6180 29.1756 177.5000
      vertex 146.6180 26.8244 177.5000
    endloop
  endfacet
  facet normal -0.760066 -0.649846 0
    outer loop
      vertex 146.4140 29.4142 171.9000
      vertex 146.6180 29.1756 171.9000
      vertex 146.4140 29.4142 177.5000
    endloop
  endfacet
  facet normal 0 0 -1
    outer loop
      vertex 146.4140 29.4142 171.9000
      vertex 147.4980 31.4383 171.9000
      vertex 148.0050 31.0052 171.9000
    endloop
  endfacet
  facet normal 0 0 -1
    outer loop
      vertex 146.4140 29.4142 171.9000
      vertex 148.0050 31.0052 171.9000
      vertex 146.6180 29.1756 171.9000
    endloop
  endfacet
  facet normal -0.760066 -0.649846 0
    outer loop
      vertex 146.4140 29.4142 177.5000
      vertex 146.6180 29.1756 171.9000
      vertex 146.6180 29.1756 177.5000
    endloop
  endfacet
  facet normal -0.760066 0.649846 0
    outer loop
      vertex 146.4140 75.5858 171.9000
      vertex 146.4140 75.5858 177.5000
      vertex 146.6180 75.8244 177.5000
    endloop
  endfacet
  facet normal 0 0 -1
    outer loop
      vertex 146.4140 75.5858 171.9000
      vertex 146.6180 75.8244 171.9000
      vertex 148.0050 73.9948 171.9000
    endloop
  endfacet
  facet normal -0.760066 0.649846 0
    outer loop
      vertex 146.4140 75.5858 171.9000
      vertex 146.6180 75.8244 177.5000
      vertex 146.6180 75.8244 171.9000
    endloop
  endfacet
  facet normal 0 0 -1
    outer loop
      vertex 146.4140 75.5858 171.9000
      vertex 148.0050 73.9948 171.9000
      vertex 147.4980 73.5617 171.9000
    endloop
  endfacet
  facet normal 0 0 -1
    outer loop
      vertex 146.4140 75.5858 177.5000
      vertex 146.4140 78.4142 177.5000
      vertex 146.6180 78.1756 177.5000
    endloop
  endfacet
  facet normal 0 0 -1
    outer loop
      vertex 146.4140 75.5858 177.5000
      vertex 146.6180 78.1756 177.5000
      vertex 146.6180 75.8244 177.5000
    endloop
  endfacet
  facet normal -0.760066 -0.649846 0
    outer loop
      vertex 146.4140 78.4142 171.9000
      vertex 146.6180 78.1756 171.9000
      vertex 146.4140 78.4142 177.5000
    endloop
  endfacet
  facet normal 0 0 -1
    outer loop
      vertex 146.4140 78.4142 171.9000
      vertex 147.4980 80.4383 171.9000
      vertex 148.0050 80.0052 171.9000
    endloop
  endfacet
  facet normal 0 0 -1
    outer loop
      vertex 146.4140 78.4142 171.9000
      vertex 148.0050 80.0052 171.9000
      vertex 146.6180 78.1756 171.9000
    endloop
  endfacet
  facet normal -0.760066 -0.649846 0
    outer loop
      vertex 146.4140 78.4142 177.5000
      vertex 146.6180 78.1756 171.9000
      vertex 146.6180 78.1756 177.5000
    endloop
  endfacet
  facet normal -0.950937 0.309385 0
    outer loop
      vertex 146.5530 -84.6915 177.9000
      vertex 146.5530 -84.6915 180.9000
      vertex 146.6630 -84.3534 180.9000
    endloop
  endfacet
  facet normal 0 0 -1
    outer loop
      vertex 146.5530 -84.6915 177.9000
      vertex 146.6630 -84.3534 177.9000
      vertex 152.5000 -87.5000 177.9000
    endloop
  endfacet
  facet normal -0.950937 0.309385 0
    outer loop
      vertex 146.5530 -84.6915 177.9000
      vertex 146.6630 -84.3534 180.9000
      vertex 146.6630 -84.3534 177.9000
    endloop
  endfacet
  facet normal 0 0 1
    outer loop
      vertex 146.5530 -84.6915 180.9000
      vertex 159.7000 -81.4000 180.9000
      vertex 146.6630 -84.3534 180.9000
    endloop
  endfacet
  facet normal -0.95091 -0.309468 0
    outer loop
      vertex 146.5530 -83.3085 177.9000
      vertex 146.6630 -83.6465 177.9000
      vertex 146.5530 -83.3085 180.9000
    endloop
  endfacet
  facet normal -0.95091 -0.309468 0
    outer loop
      vertex 146.5530 -83.3085 180.9000
      vertex 146.6630 -83.6465 177.9000
      vertex 146.6630 -83.6465 180.9000
    endloop
  endfacet
  facet normal -0.95091 0.309468 0
    outer loop
      vertex 146.5530 139.3090 177.9000
      vertex 146.5530 139.3090 180.9000
      vertex 146.6630 139.6470 180.9000
    endloop
  endfacet
  facet normal 0 0 -1
    outer loop
      vertex 146.5530 139.3090 177.9000
      vertex 146.6630 139.6470 177.9000
      vertex 147.4980 80.4383 177.9000
    endloop
  endfacet
  facet normal -0.95091 0.309468 0
    outer loop
      vertex 146.5530 139.3090 177.9000
      vertex 146.6630 139.6470 180.9000
      vertex 146.6630 139.6470 177.9000
    endloop
  endfacet
  facet normal -0.95091 -0.309468 0
    outer loop
      vertex 146.5530 140.6910 177.9000
      vertex 146.6630 140.3530 177.9000
      vertex 146.5530 140.6910 180.9000
    endloop
  endfacet
  facet normal 0 0 -1
    outer loop
      vertex 146.5530 140.6910 177.9000
      vertex 152.5000 143.5000 177.9000
      vertex 146.6630 140.3530 177.9000
    endloop
  endfacet
  facet normal -0.95091 -0.309468 0
    outer loop
      vertex 146.5530 140.6910 180.9000
      vertex 146.6630 140.3530 177.9000
      vertex 146.6630 140.3530 180.9000
    endloop
  endfacet
  facet normal 0 0 1
    outer loop
      vertex 146.5530 140.6910 180.9000
      vertex 146.6630 140.3530 180.9000
      vertex 250.1470 140.6910 180.9000
    endloop
  endfacet
  facet normal 0 0 1
    outer loop
      vertex 146.5530 140.6910 180.9000
      vertex 250.1470 140.6910 180.9000
      vertex 250.3250 140.9990 180.9000
    endloop
  endfacet
  facet normal -0.85262 0.522532 0
    outer loop
      vertex 146.6180 26.8244 171.9000
      vertex 146.6180 26.8244 177.5000
      vertex 146.7820 27.0920 177.5000
    endloop
  endfacet
  facet normal 0 0 -1
    outer loop
      vertex 146.6180 26.8244 171.9000
      vertex 146.7820 27.0920 171.9000
      vertex 148.4380 25.5019 171.9000
    endloop
  endfacet
  facet normal -0.85262 0.522532 0
    outer loop
      vertex 146.6180 26.8244 171.9000
      vertex 146.7820 27.0920 177.5000
      vertex 146.7820 27.0920 171.9000
    endloop
  endfacet
  facet normal 0 0 -1
    outer loop
      vertex 146.6180 26.8244 171.9000
      vertex 148.4380 25.5019 171.9000
      vertex 148.0050 24.9948 171.9000
    endloop
  endfacet
  facet normal 0 0 -1
    outer loop
      vertex 146.6180 26.8244 177.5000
      vertex 146.6180 29.1756 177.5000
      vertex 146.7820 28.9080 177.5000
    endloop
  endfacet
  facet normal 0 0 -1
    outer loop
      vertex 146.6180 26.8244 177.5000
      vertex 146.7820 28.9080 177.5000
      vertex 146.7820 27.0920 177.5000
    endloop
  endfacet
  facet normal -0.85262 -0.522532 0
    outer loop
      vertex 146.6180 29.1756 171.9000
      vertex 146.7820 28.9080 171.9000
      vertex 146.6180 29.1756 177.5000
    endloop
  endfacet
  facet normal 0 0 -1
    outer loop
      vertex 146.6180 29.1756 171.9000
      vertex 148.0050 31.0052 171.9000
      vertex 148.4380 30.4981 171.9000
    endloop
  endfacet
  facet normal 0 0 -1
    outer loop
      vertex 146.6180 29.1756 171.9000
      vertex 148.4380 30.4981 171.9000
      vertex 146.7820 28.9080 171.9000
    endloop
  endfacet
  facet normal -0.85262 -0.522532 0
    outer loop
      vertex 146.6180 29.1756 177.5000
      vertex 146.7820 28.9080 171.9000
      vertex 146.7820 28.9080 177.5000
    endloop
  endfacet
  facet normal -0.85262 0.522532 0
    outer loop
      vertex 146.6180 75.8244 171.9000
      vertex 146.6180 75.8244 177.5000
      vertex 146.7820 76.0920 177.5000
    endloop
  endfacet
  facet normal 0 0 -1
    outer loop
      vertex 146.6180 75.8244 171.9000
      vertex 146.7820 76.0920 171.9000
      vertex 148.4380 74.5019 171.9000
    endloop
  endfacet
  facet normal -0.85262 0.522532 0
    outer loop
      vertex 146.6180 75.8244 171.9000
      vertex 146.7820 76.0920 177.5000
      vertex 146.7820 76.0920 171.9000
    endloop
  endfacet
  facet normal 0 0 -1
    outer loop
      vertex 146.6180 75.8244 171.9000
      vertex 148.4380 74.5019 171.9000
      vertex 148.0050 73.9948 171.9000
    endloop
  endfacet
  facet normal 0 0 -1
    outer loop
      vertex 146.6180 75.8244 177.5000
      vertex 146.6180 78.1756 177.5000
      vertex 146.7820 77.9080 177.5000
    endloop
  endfacet
  facet normal 0 0 -1
    outer loop
      vertex 146.6180 75.8244 177.5000
      vertex 146.7820 77.9080 177.5000
      vertex 146.7820 76.0920 177.5000
    endloop
  endfacet
  facet normal -0.85262 -0.522532 0
    outer loop
      vertex 146.6180 78.1756 171.9000
      vertex 146.7820 77.9080 171.9000
      vertex 146.6180 78.1756 177.5000
    endloop
  endfacet
  facet normal 0 0 -1
    outer loop
      vertex 146.6180 78.1756 171.9000
      vertex 148.0050 80.0052 171.9000
      vertex 148.4380 79.4981 171.9000
    endloop
  endfacet
  facet normal 0 0 -1
    outer loop
      vertex 146.6180 78.1756 171.9000
      vertex 148.4380 79.4981 171.9000
      vertex 146.7820 77.9080 171.9000
    endloop
  endfacet
  facet normal -0.85262 -0.522532 0
    outer loop
      vertex 146.6180 78.1756 177.5000
      vertex 146.7820 77.9080 171.9000
      vertex 146.7820 77.9080 177.5000
    endloop
  endfacet
  facet normal -0.994564 0.104128 0
    outer loop
      vertex 146.6630 -84.3534 177.9000
      vertex 146.6630 -84.3534 180.9000
      vertex 146.7000 -84.0000 180.9000
    endloop
  endfacet
  facet normal 0 0 -1
    outer loop
      vertex 146.6630 -84.3534 177.9000
      vertex 146.7000 -84.0000 177.9000
      vertex 152.5000 -87.5000 177.9000
    endloop
  endfacet
  facet normal -0.994564 0.104128 0
    outer loop
      vertex 146.6630 -84.3534 177.9000
      vertex 146.7000 -84.0000 180.9000
      vertex 146.7000 -84.0000 177.9000
    endloop
  endfacet
  facet normal 0 0 1
    outer loop
      vertex 146.6630 -84.3534 180.9000
      vertex 159.7000 -81.4000 180.9000
      vertex 146.7000 -84.0000 180.9000
    endloop
  endfacet
  facet normal -0.994567 -0.104099 0
    outer loop
      vertex 146.6630 -83.6465 177.9000
      vertex 146.7000 -84.0000 177.9000
      vertex 146.6630 -83.6465 180.9000
    endloop
  endfacet
  facet normal 0 0 -1
    outer loop
      vertex 146.6630 -83.6465 177.9000
      vertex 147.7000 -57.4000 177.9000
      vertex 150.7000 -57.4000 177.9000
    endloop
  endfacet
  facet normal 0 0 -1
    outer loop
      vertex 146.6630 -83.6465 177.9000
      vertex 150.7000 -57.4000 177.9000
      vertex 159.7000 -61.4000 177.9000
    endloop
  endfacet
  facet normal 0 0 -1
    outer loop
      vertex 146.6630 -83.6465 177.9000
      vertex 152.5000 -87.5000 177.9000
      vertex 146.7000 -84.0000 177.9000
    endloop
  endfacet
  facet normal 0 0 -1
    outer loop
      vertex 146.6630 -83.6465 177.9000
      vertex 159.7000 -81.4000 177.9000
      vertex 152.5000 -87.5000 177.9000
    endloop
  endfacet
  facet normal 0 0 -1
    outer loop
      vertex 146.6630 -83.6465 177.9000
      vertex 159.7000 -61.4000 177.9000
      vertex 159.7000 -81.4000 177.9000
    endloop
  endfacet
  facet normal -0.994567 -0.104099 0
    outer loop
      vertex 146.6630 -83.6465 180.9000
      vertex 146.7000 -84.0000 177.9000
      vertex 146.7000 -84.0000 180.9000
    endloop
  endfacet
  facet normal 0 0 1
    outer loop
      vertex 146.6630 -83.6465 180.9000
      vertex 146.7000 -84.0000 180.9000
      vertex 147.7000 -13.4000 180.9000
    endloop
  endfacet
  facet normal -0.994552 0.104245 0
    outer loop
      vertex 146.6630 139.6470 177.9000
      vertex 146.6630 139.6470 180.9000
      vertex 146.7000 140.0000 180.9000
    endloop
  endfacet
  facet normal 0 0 -1
    outer loop
      vertex 146.6630 139.6470 177.9000
      vertex 146.7000 140.0000 177.9000
      vertex 152.5000 143.5000 177.9000
    endloop
  endfacet
  facet normal -0.994552 0.104245 0
    outer loop
      vertex 146.6630 139.6470 177.9000
      vertex 146.7000 140.0000 180.9000
      vertex 146.7000 140.0000 177.9000
    endloop
  endfacet
  facet normal 0 0 -1
    outer loop
      vertex 146.6630 139.6470 177.9000
      vertex 152.5000 143.5000 177.9000
      vertex 147.4980 80.4383 177.9000
    endloop
  endfacet
  facet normal 0 0 1
    outer loop
      vertex 146.6630 139.6470 180.9000
      vertex 250.0370 139.6470 180.9000
      vertex 146.7000 140.0000 180.9000
    endloop
  endfacet
  facet normal 0 0 1
    outer loop
      vertex 146.6630 139.6470 180.9000
      vertex 250.1470 139.3090 180.9000
      vertex 250.0370 139.6470 180.9000
    endloop
  endfacet
  facet normal 0 0 1
    outer loop
      vertex 146.6630 139.6470 180.9000
      vertex 250.3250 139.0010 180.9000
      vertex 250.1470 139.3090 180.9000
    endloop
  endfacet
  facet normal -0.994552 -0.104245 0
    outer loop
      vertex 146.6630 140.3530 177.9000
      vertex 146.7000 140.0000 177.9000
      vertex 146.6630 140.3530 180.9000
    endloop
  endfacet
  facet normal 0 0 -1
    outer loop
      vertex 146.6630 140.3530 177.9000
      vertex 152.5000 143.5000 177.9000
      vertex 146.7000 140.0000 177.9000
    endloop
  endfacet
  facet normal -0.994552 -0.104245 0
    outer loop
      vertex 146.6630 140.3530 180.9000
      vertex 146.7000 140.0000 177.9000
      vertex 146.7000 140.0000 180.9000
    endloop
  endfacet
  facet normal 0 0 1
    outer loop
      vertex 146.6630 140.3530 180.9000
      vertex 146.7000 140.0000 180.9000
      vertex 250.0370 140.3530 180.9000
    endloop
  endfacet
  facet normal 0 0 1
    outer loop
      vertex 146.6630 140.3530 180.9000
      vertex 250.0370 140.3530 180.9000
      vertex 250.1470 140.6910 180.9000
    endloop
  endfacet
  facet normal 0 0 1
    outer loop
      vertex 146.7000 -84.0000 180.9000
      vertex 147.7000 -57.4000 180.9000
      vertex 147.7000 -37.4000 180.9000
    endloop
  endfacet
  facet normal 0 0 1
    outer loop
      vertex 146.7000 -84.0000 180.9000
      vertex 147.7000 -37.4000 180.9000
      vertex 147.7000 -13.4000 180.9000
    endloop
  endfacet
  facet normal 0 0 1
    outer loop
      vertex 146.7000 -84.0000 180.9000
      vertex 150.7000 -57.4000 180.9000
      vertex 147.7000 -57.4000 180.9000
    endloop
  endfacet
  facet normal 0 0 1
    outer loop
      vertex 146.7000 -84.0000 180.9000
      vertex 159.7000 -81.4000 180.9000
      vertex 159.7000 -61.4000 180.9000
    endloop
  endfacet
  facet normal 0 0 1
    outer loop
      vertex 146.7000 -84.0000 180.9000
      vertex 159.7000 -61.4000 180.9000
      vertex 150.7000 -57.4000 180.9000
    endloop
  endfacet
  facet normal 0 0 1
    outer loop
      vertex 146.7000 140.0000 180.9000
      vertex 250.0000 140.0000 180.9000
      vertex 250.0370 140.3530 180.9000
    endloop
  endfacet
  facet normal 0 0 1
    outer loop
      vertex 146.7000 140.0000 180.9000
      vertex 250.0370 139.6470 180.9000
      vertex 250.0000 140.0000 180.9000
    endloop
  endfacet
  facet normal -0.924017 0.382352 0
    outer loop
      vertex 146.7820 27.0920 171.9000
      vertex 146.7820 27.0920 177.5000
      vertex 146.9020 27.3820 177.5000
    endloop
  endfacet
  facet normal 0 0 -1
    outer loop
      vertex 146.7820 27.0920 171.9000
      vertex 146.9020 27.3820 171.9000
      vertex 148.7870 26.0705 171.9000
    endloop
  endfacet
  facet normal -0.924017 0.382352 0
    outer loop
      vertex 146.7820 27.0920 171.9000
      vertex 146.9020 27.3820 177.5000
      vertex 146.9020 27.3820 171.9000
    endloop
  endfacet
  facet normal 0 0 -1
    outer loop
      vertex 146.7820 27.0920 171.9000
      vertex 148.7870 26.0705 171.9000
      vertex 148.4380 25.5019 171.9000
    endloop
  endfacet
  facet normal 0 0 -1
    outer loop
      vertex 146.7820 27.0920 177.5000
      vertex 146.7820 28.9080 177.5000
      vertex 146.9020 28.6180 177.5000
    endloop
  endfacet
  facet normal 0 0 -1
    outer loop
      vertex 146.7820 27.0920 177.5000
      vertex 146.9020 28.6180 177.5000
      vertex 146.9020 27.3820 177.5000
    endloop
  endfacet
  facet normal -0.924017 -0.382352 0
    outer loop
      vertex 146.7820 28.9080 171.9000
      vertex 146.9020 28.6180 171.9000
      vertex 146.7820 28.9080 177.5000
    endloop
  endfacet
  facet normal 0 0 -1
    outer loop
      vertex 146.7820 28.9080 171.9000
      vertex 148.4380 30.4981 171.9000
      vertex 148.7870 29.9295 171.9000
    endloop
  endfacet
  facet normal 0 0 -1
    outer loop
      vertex 146.7820 28.9080 171.9000
      vertex 148.7870 29.9295 171.9000
      vertex 146.9020 28.6180 171.9000
    endloop
  endfacet
  facet normal -0.924017 -0.382352 0
    outer loop
      vertex 146.7820 28.9080 177.5000
      vertex 146.9020 28.6180 171.9000
      vertex 146.9020 28.6180 177.5000
    endloop
  endfacet
  facet normal -0.924017 0.382352 0
    outer loop
      vertex 146.7820 76.0920 171.9000
      vertex 146.7820 76.0920 177.5000
      vertex 146.9020 76.3820 177.5000
    endloop
  endfacet
  facet normal 0 0 -1
    outer loop
      vertex 146.7820 76.0920 171.9000
      vertex 146.9020 76.3820 171.9000
      vertex 148.7870 75.0705 171.9000
    endloop
  endfacet
  facet normal -0.924017 0.382352 0
    outer loop
      vertex 146.7820 76.0920 171.9000
      vertex 146.9020 76.3820 177.5000
      vertex 146.9020 76.3820 171.9000
    endloop
  endfacet
  facet normal 0 0 -1
    outer loop
      vertex 146.7820 76.0920 171.9000
      vertex 148.7870 75.0705 171.9000
      vertex 148.4380 74.5019 171.9000
    endloop
  endfacet
  facet normal 0 0 -1
    outer loop
      vertex 146.7820 76.0920 177.5000
      vertex 146.7820 77.9080 177.5000
      vertex 146.9020 77.6180 177.5000
    endloop
  endfacet
  facet normal 0 0 -1
    outer loop
      vertex 146.7820 76.0920 177.5000
      vertex 146.9020 77.6180 177.5000
      vertex 146.9020 76.3820 177.5000
    endloop
  endfacet
  facet normal -0.924017 -0.382352 0
    outer loop
      vertex 146.7820 77.9080 171.9000
      vertex 146.9020 77.6180 171.9000
      vertex 146.7820 77.9080 177.5000
    endloop
  endfacet
  facet normal 0 0 -1
    outer loop
      vertex 146.7820 77.9080 171.9000
      vertex 148.4380 79.4981 171.9000
      vertex 148.7870 78.9295 171.9000
    endloop
  endfacet
  facet normal 0 0 -1
    outer loop
      vertex 146.7820 77.9080 171.9000
      vertex 148.7870 78.9295 171.9000
      vertex 146.9020 77.6180 171.9000
    endloop
  endfacet
  facet normal -0.924017 -0.382352 0
    outer loop
      vertex 146.7820 77.9080 177.5000
      vertex 146.9020 77.6180 171.9000
      vertex 146.9020 77.6180 177.5000
    endloop
  endfacet
  facet normal -0.972549 0.232698 0
    outer loop
      vertex 146.9020 27.3820 171.9000
      vertex 146.9020 27.3820 177.5000
      vertex 146.9750 27.6871 177.5000
    endloop
  endfacet
  facet normal 0 0 -1
    outer loop
      vertex 146.9020 27.3820 171.9000
      vertex 146.9750 27.6871 171.9000
      vertex 149.0420 26.6867 171.9000
    endloop
  endfacet
  facet normal -0.972549 0.232698 0
    outer loop
      vertex 146.9020 27.3820 171.9000
      vertex 146.9750 27.6871 177.5000
      vertex 146.9750 27.6871 171.9000
    endloop
  endfacet
  facet normal 0 0 -1
    outer loop
      vertex 146.9020 27.3820 171.9000
      vertex 149.0420 26.6867 171.9000
      vertex 148.7870 26.0705 171.9000
    endloop
  endfacet
  facet normal 0 0 -1
    outer loop
      vertex 146.9020 27.3820 177.5000
      vertex 146.9020 28.6180 177.5000
      vertex 146.9750 28.3129 177.5000
    endloop
  endfacet
  facet normal 0 0 -1
    outer loop
      vertex 146.9020 27.3820 177.5000
      vertex 146.9750 28.3129 177.5000
      vertex 146.9750 27.6871 177.5000
    endloop
  endfacet
  facet normal -0.972549 -0.232698 0
    outer loop
      vertex 146.9020 28.6180 171.9000
      vertex 146.9750 28.3129 171.9000
      vertex 146.9020 28.6180 177.5000
    endloop
  endfacet
  facet normal 0 0 -1
    outer loop
      vertex 146.9020 28.6180 171.9000
      vertex 148.7870 29.9295 171.9000
      vertex 149.0420 29.3133 171.9000
    endloop
  endfacet
  facet normal 0 0 -1
    outer loop
      vertex 146.9020 28.6180 171.9000
      vertex 149.0420 29.3133 171.9000
      vertex 146.9750 28.3129 171.9000
    endloop
  endfacet
  facet normal -0.972549 -0.232698 0
    outer loop
      vertex 146.9020 28.6180 177.5000
      vertex 146.9750 28.3129 171.9000
      vertex 146.9750 28.3129 177.5000
    endloop
  endfacet
  facet normal -0.972549 0.232698 0
    outer loop
      vertex 146.9020 76.3820 171.9000
      vertex 146.9020 76.3820 177.5000
      vertex 146.9750 76.6871 177.5000
    endloop
  endfacet
  facet normal 0 0 -1
    outer loop
      vertex 146.9020 76.3820 171.9000
      vertex 146.9750 76.6871 171.9000
      vertex 149.0420 75.6867 171.9000
    endloop
  endfacet
  facet normal -0.972549 0.232698 0
    outer loop
      vertex 146.9020 76.3820 171.9000
      vertex 146.9750 76.6871 177.5000
      vertex 146.9750 76.6871 171.9000
    endloop
  endfacet
  facet normal 0 0 -1
    outer loop
      vertex 146.9020 76.3820 171.9000
      vertex 149.0420 75.6867 171.9000
      vertex 148.7870 75.0705 171.9000
    endloop
  endfacet
  facet normal 0 0 -1
    outer loop
      vertex 146.9020 76.3820 177.5000
      vertex 146.9020 77.6180 177.5000
      vertex 146.9750 77.3129 177.5000
    endloop
  endfacet
  facet normal 0 0 -1
    outer loop
      vertex 146.9020 76.3820 177.5000
      vertex 146.9750 77.3129 177.5000
      vertex 146.9750 76.6871 177.5000
    endloop
  endfacet
  facet normal -0.972549 -0.232698 0
    outer loop
      vertex 146.9020 77.6180 171.9000
      vertex 146.9750 77.3129 171.9000
      vertex 146.9020 77.6180 177.5000
    endloop
  endfacet
  facet normal 0 0 -1
    outer loop
      vertex 146.9020 77.6180 171.9000
      vertex 148.7870 78.9295 171.9000
      vertex 149.0420 78.3133 171.9000
    endloop
  endfacet
  facet normal 0 0 -1
    outer loop
      vertex 146.9020 77.6180 171.9000
      vertex 149.0420 78.3133 171.9000
      vertex 146.9750 77.3129 171.9000
    endloop
  endfacet
  facet normal -0.972549 -0.232698 0
    outer loop
      vertex 146.9020 77.6180 177.5000
      vertex 146.9750 77.3129 171.9000
      vertex 146.9750 77.3129 177.5000
    endloop
  endfacet
  facet normal 0.522298 -0.852763 0
    outer loop
      vertex 146.9290 24.2132 171.9000
      vertex 147.4980 24.5617 171.9000
      vertex 147.4980 24.5617 177.9000
    endloop
  endfacet
  facet normal 0.522298 -0.852763 0
    outer loop
      vertex 146.9290 24.2132 171.9000
      vertex 147.4980 24.5617 177.9000
      vertex 146.9290 24.2132 177.9000
    endloop
  endfacet
  facet normal 0 0 -1
    outer loop
      vertex 146.9290 24.2132 177.9000
      vertex 147.4980 24.5617 177.9000
      vertex 153.7000 -13.4000 177.9000
    endloop
  endfacet
  facet normal 0.522298 0.852763 0
    outer loop
      vertex 146.9290 31.7868 171.9000
      vertex 146.9290 31.7868 177.9000
      vertex 147.4980 31.4383 171.9000
    endloop
  endfacet
  facet normal 0.522298 0.852763 0
    outer loop
      vertex 146.9290 31.7868 177.9000
      vertex 147.4980 31.4383 177.9000
      vertex 147.4980 31.4383 171.9000
    endloop
  endfacet
  facet normal 0.522298 -0.852763 0
    outer loop
      vertex 146.9290 73.2132 171.9000
      vertex 147.4980 73.5617 171.9000
      vertex 147.4980 73.5617 177.9000
    endloop
  endfacet
  facet normal 0.522298 -0.852763 0
    outer loop
      vertex 146.9290 73.2132 171.9000
      vertex 147.4980 73.5617 177.9000
      vertex 146.9290 73.2132 177.9000
    endloop
  endfacet
  facet normal 0.522298 0.852763 0
    outer loop
      vertex 146.9290 80.7868 171.9000
      vertex 146.9290 80.7868 177.9000
      vertex 147.4980 80.4383 171.9000
    endloop
  endfacet
  facet normal 0.522298 0.852763 0
    outer loop
      vertex 146.9290 80.7868 177.9000
      vertex 147.4980 80.4383 177.9000
      vertex 147.4980 80.4383 171.9000
    endloop
  endfacet
  facet normal -0.996823 0.079644 0
    outer loop
      vertex 146.9750 27.6871 171.9000
      vertex 146.9750 27.6871 177.5000
      vertex 147.0000 28.0000 177.5000
    endloop
  endfacet
  facet normal 0 0 -1
    outer loop
      vertex 146.9750 27.6871 171.9000
      vertex 147.0000 28.0000 171.9000
      vertex 149.1980 27.3352 171.9000
    endloop
  endfacet
  facet normal -0.996823 0.079644 0
    outer loop
      vertex 146.9750 27.6871 171.9000
      vertex 147.0000 28.0000 177.5000
      vertex 147.0000 28.0000 171.9000
    endloop
  endfacet
  facet normal 0 0 -1
    outer loop
      vertex 146.9750 27.6871 171.9000
      vertex 149.1980 27.3352 171.9000
      vertex 149.0420 26.6867 171.9000
    endloop
  endfacet
  facet normal 0 0 -1
    outer loop
      vertex 146.9750 27.6871 177.5000
      vertex 146.9750 28.3129 177.5000
      vertex 147.0000 28.0000 177.5000
    endloop
  endfacet
  facet normal -0.996823 -0.079644 0
    outer loop
      vertex 146.9750 28.3129 171.9000
      vertex 147.0000 28.0000 171.9000
      vertex 146.9750 28.3129 177.5000
    endloop
  endfacet
  facet normal 0 0 -1
    outer loop
      vertex 146.9750 28.3129 171.9000
      vertex 149.0420 29.3133 171.9000
      vertex 149.1980 28.6648 171.9000
    endloop
  endfacet
  facet normal 0 0 -1
    outer loop
      vertex 146.9750 28.3129 171.9000
      vertex 149.1980 28.6648 171.9000
      vertex 147.0000 28.0000 171.9000
    endloop
  endfacet
  facet normal -0.996823 -0.079644 0
    outer loop
      vertex 146.9750 28.3129 177.5000
      vertex 147.0000 28.0000 171.9000
      vertex 147.0000 28.0000 177.5000
    endloop
  endfacet
  facet normal -0.996823 0.079644 0
    outer loop
      vertex 146.9750 76.6871 171.9000
      vertex 146.9750 76.6871 177.5000
      vertex 147.0000 77.0000 177.5000
    endloop
  endfacet
  facet normal 0 0 -1
    outer loop
      vertex 146.9750 76.6871 171.9000
      vertex 147.0000 77.0000 171.9000
      vertex 149.1980 76.3352 171.9000
    endloop
  endfacet
  facet normal -0.996823 0.079644 0
    outer loop
      vertex 146.9750 76.6871 171.9000
      vertex 147.0000 77.0000 177.5000
      vertex 147.0000 77.0000 171.9000
    endloop
  endfacet
  facet normal 0 0 -1
    outer loop
      vertex 146.9750 76.6871 171.9000
      vertex 149.1980 76.3352 171.9000
      vertex 149.0420 75.6867 171.9000
    endloop
  endfacet
  facet normal 0 0 -1
    outer loop
      vertex 146.9750 76.6871 177.5000
      vertex 146.9750 77.3129 177.5000
      vertex 147.0000 77.0000 177.5000
    endloop
  endfacet
  facet normal -0.996823 -0.079644 0
    outer loop
      vertex 146.9750 77.3129 171.9000
      vertex 147.0000 77.0000 171.9000
      vertex 146.9750 77.3129 177.5000
    endloop
  endfacet
  facet normal 0 0 -1
    outer loop
      vertex 146.9750 77.3129 171.9000
      vertex 149.0420 78.3133 171.9000
      vertex 149.1980 77.6648 171.9000
    endloop
  endfacet
  facet normal 0 0 -1
    outer loop
      vertex 146.9750 77.3129 171.9000
      vertex 149.1980 77.6648 171.9000
      vertex 147.0000 77.0000 171.9000
    endloop
  endfacet
  facet normal -0.996823 -0.079644 0
    outer loop
      vertex 146.9750 77.3129 177.5000
      vertex 147.0000 77.0000 171.9000
      vertex 147.0000 77.0000 177.5000
    endloop
  endfacet
  facet normal 0 0 -1
    outer loop
      vertex 147.0000 28.0000 171.9000
      vertex 149.1980 28.6648 171.9000
      vertex 149.2500 28.0000 171.9000
    endloop
  endfacet
  facet normal 0 0 -1
    outer loop
      vertex 147.0000 28.0000 171.9000
      vertex 149.2500 28.0000 171.9000
      vertex 149.1980 27.3352 171.9000
    endloop
  endfacet
  facet normal 0 0 -1
    outer loop
      vertex 147.0000 77.0000 171.9000
      vertex 149.1980 77.6648 171.9000
      vertex 149.2500 77.0000 171.9000
    endloop
  endfacet
  facet normal 0 0 -1
    outer loop
      vertex 147.0000 77.0000 171.9000
      vertex 149.2500 77.0000 171.9000
      vertex 149.1980 76.3352 171.9000
    endloop
  endfacet
  facet normal 0.649518 -0.760346 0
    outer loop
      vertex 147.4980 24.5617 171.9000
      vertex 148.0050 24.9948 171.9000
      vertex 148.0050 24.9948 177.9000
    endloop
  endfacet
  facet normal 0.649518 -0.760346 0
    outer loop
      vertex 147.4980 24.5617 171.9000
      vertex 148.0050 24.9948 177.9000
      vertex 147.4980 24.5617 177.9000
    endloop
  endfacet
  facet normal 0 0 -1
    outer loop
      vertex 147.4980 24.5617 177.9000
      vertex 148.0050 24.9948 177.9000
      vertex 153.7000 -13.4000 177.9000
    endloop
  endfacet
  facet normal 0.649518 0.760346 0
    outer loop
      vertex 147.4980 31.4383 171.9000
      vertex 147.4980 31.4383 177.9000
      vertex 148.0050 31.0052 171.9000
    endloop
  endfacet
  facet normal 0.649518 0.760346 0
    outer loop
      vertex 147.4980 31.4383 177.9000
      vertex 148.0050 31.0052 177.9000
      vertex 148.0050 31.0052 171.9000
    endloop
  endfacet
  facet normal 0.649518 -0.760346 0
    outer loop
      vertex 147.4980 73.5617 171.9000
      vertex 148.0050 73.9948 171.9000
      vertex 148.0050 73.9948 177.9000
    endloop
  endfacet
  facet normal 0.649518 -0.760346 0
    outer loop
      vertex 147.4980 73.5617 171.9000
      vertex 148.0050 73.9948 177.9000
      vertex 147.4980 73.5617 177.9000
    endloop
  endfacet
  facet normal 0.649518 0.760346 0
    outer loop
      vertex 147.4980 80.4383 171.9000
      vertex 147.4980 80.4383 177.9000
      vertex 148.0050 80.0052 171.9000
    endloop
  endfacet
  facet normal 0.649518 0.760346 0
    outer loop
      vertex 147.4980 80.4383 177.9000
      vertex 148.0050 80.0052 177.9000
      vertex 148.0050 80.0052 171.9000
    endloop
  endfacet
  facet normal 0 0 -1
    outer loop
      vertex 147.4980 80.4383 177.9000
      vertex 152.5000 143.5000 177.9000
      vertex 148.0050 80.0052 177.9000
    endloop
  endfacet
  facet normal 0 1 0
    outer loop
      vertex 147.7000 -57.4000 177.9000
      vertex 147.7000 -57.4000 180.9000
      vertex 150.7000 -57.4000 177.9000
    endloop
  endfacet
  facet normal 1 0 0
    outer loop
      vertex 147.7000 -57.4000 177.9000
      vertex 147.7000 -37.4000 177.9000
      vertex 147.7000 -57.4000 180.9000
    endloop
  endfacet
  facet normal 1 0 0
    outer loop
      vertex 147.7000 -57.4000 180.9000
      vertex 147.7000 -37.4000 177.9000
      vertex 147.7000 -37.4000 180.9000
    endloop
  endfacet
  facet normal 0 1 0
    outer loop
      vertex 147.7000 -57.4000 180.9000
      vertex 150.7000 -57.4000 180.9000
      vertex 150.7000 -57.4000 177.9000
    endloop
  endfacet
  facet normal 0 0 -1
    outer loop
      vertex 147.7000 -37.4000 177.9000
      vertex 147.7000 -33.4000 177.9000
      vertex 150.7000 -33.4000 177.9000
    endloop
  endfacet
  facet normal 0 -1 0
    outer loop
      vertex 147.7000 -37.4000 177.9000
      vertex 150.7000 -37.4000 177.9000
      vertex 150.7000 -37.4000 180.9000
    endloop
  endfacet
  facet normal 0 -1 0
    outer loop
      vertex 147.7000 -37.4000 177.9000
      vertex 150.7000 -37.4000 180.9000
      vertex 147.7000 -37.4000 180.9000
    endloop
  endfacet
  facet normal 0 0 -1
    outer loop
      vertex 147.7000 -37.4000 177.9000
      vertex 150.7000 -33.4000 177.9000
      vertex 150.7000 -37.4000 177.9000
    endloop
  endfacet
  facet normal 0 0 0
    outer loop
      vertex 147.7000 -37.4000 180.9000
      vertex 147.7000 -33.4000 180.9000
      vertex 147.7000 -13.4000 180.9000
    endloop
  endfacet
  facet normal 0 0 1
    outer loop
      vertex 147.7000 -37.4000 180.9000
      vertex 150.7000 -37.4000 180.9000
      vertex 147.7000 -33.4000 180.9000
    endloop
  endfacet
  facet normal 0 1 0
    outer loop
      vertex 147.7000 -33.4000 177.9000
      vertex 147.7000 -33.4000 180.9000
      vertex 150.7000 -33.4000 177.9000
    endloop
  endfacet
  facet normal 1 0 0
    outer loop
      vertex 147.7000 -33.4000 177.9000
      vertex 147.7000 -13.4000 177.9000
      vertex 147.7000 -33.4000 180.9000
    endloop
  endfacet
  facet normal 1 0 0
    outer loop
      vertex 147.7000 -33.4000 180.9000
      vertex 147.7000 -13.4000 177.9000
      vertex 147.7000 -13.4000 180.9000
    endloop
  endfacet
  facet normal 0 0 1
    outer loop
      vertex 147.7000 -33.4000 180.9000
      vertex 150.7000 -37.4000 180.9000
      vertex 150.7000 -33.4000 180.9000
    endloop
  endfacet
  facet normal 0 1 0
    outer loop
      vertex 147.7000 -33.4000 180.9000
      vertex 150.7000 -33.4000 180.9000
      vertex 150.7000 -33.4000 177.9000
    endloop
  endfacet
  facet normal 0 -1 0
    outer loop
      vertex 147.7000 -13.4000 177.9000
      vertex 150.7000 -13.4000 177.9000
      vertex 150.7000 -13.4000 180.9000
    endloop
  endfacet
  facet normal 0 -1 0
    outer loop
      vertex 147.7000 -13.4000 177.9000
      vertex 150.7000 -13.4000 180.9000
      vertex 147.7000 -13.4000 180.9000
    endloop
  endfacet
  facet normal 0.760483 -0.649358 0
    outer loop
      vertex 148.0050 24.9948 171.9000
      vertex 148.4380 25.5019 171.9000
      vertex 148.0050 24.9948 177.9000
    endloop
  endfacet
  facet normal 0.760483 -0.649358 0
    outer loop
      vertex 148.0050 24.9948 177.9000
      vertex 148.4380 25.5019 171.9000
      vertex 148.4380 25.5019 177.9000
    endloop
  endfacet
  facet normal 0 0 -1
    outer loop
      vertex 148.0050 24.9948 177.9000
      vertex 148.4380 25.5019 177.9000
      vertex 153.7000 -13.4000 177.9000
    endloop
  endfacet
  facet normal 0.760483 0.649358 0
    outer loop
      vertex 148.0050 31.0052 171.9000
      vertex 148.0050 31.0052 177.9000
      vertex 148.4380 30.4981 177.9000
    endloop
  endfacet
  facet normal 0.760483 0.649358 0
    outer loop
      vertex 148.0050 31.0052 171.9000
      vertex 148.4380 30.4981 177.9000
      vertex 148.4380 30.4981 171.9000
    endloop
  endfacet
  facet normal 0.760483 -0.649358 0
    outer loop
      vertex 148.0050 73.9948 171.9000
      vertex 148.4380 74.5019 171.9000
      vertex 148.0050 73.9948 177.9000
    endloop
  endfacet
  facet normal 0.760483 -0.649358 0
    outer loop
      vertex 148.0050 73.9948 177.9000
      vertex 148.4380 74.5019 171.9000
      vertex 148.4380 74.5019 177.9000
    endloop
  endfacet
  facet normal 0.760483 0.649358 0
    outer loop
      vertex 148.0050 80.0052 171.9000
      vertex 148.0050 80.0052 177.9000
      vertex 148.4380 79.4981 177.9000
    endloop
  endfacet
  facet normal 0.760483 0.649358 0
    outer loop
      vertex 148.0050 80.0052 171.9000
      vertex 148.4380 79.4981 177.9000
      vertex 148.4380 79.4981 171.9000
    endloop
  endfacet
  facet normal 0 0 -1
    outer loop
      vertex 148.0050 80.0052 177.9000
      vertex 152.5000 143.5000 177.9000
      vertex 148.4380 79.4981 177.9000
    endloop
  endfacet
  facet normal 0.852265 -0.52311 0
    outer loop
      vertex 148.4380 25.5019 171.9000
      vertex 148.7870 26.0705 171.9000
      vertex 148.4380 25.5019 177.9000
    endloop
  endfacet
  facet normal 0.852265 -0.52311 0
    outer loop
      vertex 148.4380 25.5019 177.9000
      vertex 148.7870 26.0705 171.9000
      vertex 148.7870 26.0705 177.9000
    endloop
  endfacet
  facet normal 0 0 -1
    outer loop
      vertex 148.4380 25.5019 177.9000
      vertex 148.7870 26.0705 177.9000
      vertex 153.7000 -13.4000 177.9000
    endloop
  endfacet
  facet normal 0.852265 0.52311 0
    outer loop
      vertex 148.4380 30.4981 171.9000
      vertex 148.4380 30.4981 177.9000
      vertex 148.7870 29.9295 177.9000
    endloop
  endfacet
  facet normal 0.852265 0.52311 0
    outer loop
      vertex 148.4380 30.4981 171.9000
      vertex 148.7870 29.9295 177.9000
      vertex 148.7870 29.9295 171.9000
    endloop
  endfacet
  facet normal 0 0 -1
    outer loop
      vertex 148.4380 30.4981 177.9000
      vertex 148.4380 74.5019 177.9000
      vertex 148.7870 75.0705 177.9000
    endloop
  endfacet
  facet normal 0 0 -1
    outer loop
      vertex 148.4380 30.4981 177.9000
      vertex 148.7870 75.0705 177.9000
      vertex 148.7870 29.9295 177.9000
    endloop
  endfacet
  facet normal 0.852265 -0.52311 0
    outer loop
      vertex 148.4380 74.5019 171.9000
      vertex 148.7870 75.0705 171.9000
      vertex 148.4380 74.5019 177.9000
    endloop
  endfacet
  facet normal 0.852265 -0.52311 0
    outer loop
      vertex 148.4380 74.5019 177.9000
      vertex 148.7870 75.0705 171.9000
      vertex 148.7870 75.0705 177.9000
    endloop
  endfacet
  facet normal 0.852265 0.52311 0
    outer loop
      vertex 148.4380 79.4981 171.9000
      vertex 148.4380 79.4981 177.9000
      vertex 148.7870 78.9295 177.9000
    endloop
  endfacet
  facet normal 0.852265 0.52311 0
    outer loop
      vertex 148.4380 79.4981 171.9000
      vertex 148.7870 78.9295 177.9000
      vertex 148.7870 78.9295 171.9000
    endloop
  endfacet
  facet normal 0 0 -1
    outer loop
      vertex 148.4380 79.4981 177.9000
      vertex 152.5000 143.5000 177.9000
      vertex 148.7870 78.9295 177.9000
    endloop
  endfacet
  facet normal 0.924006 -0.382378 0
    outer loop
      vertex 148.7870 26.0705 171.9000
      vertex 149.0420 26.6867 171.9000
      vertex 148.7870 26.0705 177.9000
    endloop
  endfacet
  facet normal 0.924006 -0.382378 0
    outer loop
      vertex 148.7870 26.0705 177.9000
      vertex 149.0420 26.6867 171.9000
      vertex 149.0420 26.6867 177.9000
    endloop
  endfacet
  facet normal 0 0 -1
    outer loop
      vertex 148.7870 26.0705 177.9000
      vertex 149.0420 26.6867 177.9000
      vertex 153.7000 -13.4000 177.9000
    endloop
  endfacet
  facet normal 0.924006 0.382378 0
    outer loop
      vertex 148.7870 29.9295 171.9000
      vertex 148.7870 29.9295 177.9000
      vertex 149.0420 29.3133 177.9000
    endloop
  endfacet
  facet normal 0.924006 0.382378 0
    outer loop
      vertex 148.7870 29.9295 171.9000
      vertex 149.0420 29.3133 177.9000
      vertex 149.0420 29.3133 171.9000
    endloop
  endfacet
  facet normal 0 0 -1
    outer loop
      vertex 148.7870 29.9295 177.9000
      vertex 148.7870 75.0705 177.9000
      vertex 250.0000 40.0000 177.9000
    endloop
  endfacet
  facet normal 0 0 -1
    outer loop
      vertex 148.7870 29.9295 177.9000
      vertex 250.0000 40.0000 177.9000
      vertex 149.0420 29.3133 177.9000
    endloop
  endfacet
  facet normal 0.924006 -0.382378 0
    outer loop
      vertex 148.7870 75.0705 171.9000
      vertex 149.0420 75.6867 171.9000
      vertex 148.7870 75.0705 177.9000
    endloop
  endfacet
  facet normal 0.924006 -0.382378 0
    outer loop
      vertex 148.7870 75.0705 177.9000
      vertex 149.0420 75.6867 171.9000
      vertex 149.0420 75.6867 177.9000
    endloop
  endfacet
  facet normal 0 0 -1
    outer loop
      vertex 148.7870 75.0705 177.9000
      vertex 149.0420 75.6867 177.9000
      vertex 250.0000 40.0000 177.9000
    endloop
  endfacet
  facet normal 0.924006 0.382378 0
    outer loop
      vertex 148.7870 78.9295 171.9000
      vertex 148.7870 78.9295 177.9000
      vertex 149.0420 78.3133 177.9000
    endloop
  endfacet
  facet normal 0.924006 0.382378 0
    outer loop
      vertex 148.7870 78.9295 171.9000
      vertex 149.0420 78.3133 177.9000
      vertex 149.0420 78.3133 171.9000
    endloop
  endfacet
  facet normal 0 0 -1
    outer loop
      vertex 148.7870 78.9295 177.9000
      vertex 152.5000 143.5000 177.9000
      vertex 246.2000 143.5000 177.9000
    endloop
  endfacet
  facet normal 0 0 -1
    outer loop
      vertex 148.7870 78.9295 177.9000
      vertex 246.2000 143.5000 177.9000
      vertex 149.0420 78.3133 177.9000
    endloop
  endfacet
  facet normal 0.972265 -0.233883 0
    outer loop
      vertex 149.0420 26.6867 171.9000
      vertex 149.1980 27.3352 171.9000
      vertex 149.0420 26.6867 177.9000
    endloop
  endfacet
  facet normal 0.972265 -0.233883 0
    outer loop
      vertex 149.0420 26.6867 177.9000
      vertex 149.1980 27.3352 171.9000
      vertex 149.1980 27.3352 177.9000
    endloop
  endfacet
  facet normal 0 0 -1
    outer loop
      vertex 149.0420 26.6867 177.9000
      vertex 149.1980 27.3352 177.9000
      vertex 153.7000 -13.4000 177.9000
    endloop
  endfacet
  facet normal 0.972265 0.233883 0
    outer loop
      vertex 149.0420 29.3133 171.9000
      vertex 149.0420 29.3133 177.9000
      vertex 149.1980 28.6648 177.9000
    endloop
  endfacet
  facet normal 0.972265 0.233883 0
    outer loop
      vertex 149.0420 29.3133 171.9000
      vertex 149.1980 28.6648 177.9000
      vertex 149.1980 28.6648 171.9000
    endloop
  endfacet
  facet normal 0 0 -1
    outer loop
      vertex 149.0420 29.3133 177.9000
      vertex 250.0000 40.0000 177.9000
      vertex 149.1980 28.6648 177.9000
    endloop
  endfacet
  facet normal 0.972265 -0.233883 0
    outer loop
      vertex 149.0420 75.6867 171.9000
      vertex 149.1980 76.3352 171.9000
      vertex 149.0420 75.6867 177.9000
    endloop
  endfacet
  facet normal 0.972265 -0.233883 0
    outer loop
      vertex 149.0420 75.6867 177.9000
      vertex 149.1980 76.3352 171.9000
      vertex 149.1980 76.3352 177.9000
    endloop
  endfacet
  facet normal 0 0 -1
    outer loop
      vertex 149.0420 75.6867 177.9000
      vertex 149.1980 76.3352 177.9000
      vertex 250.0000 40.0000 177.9000
    endloop
  endfacet
  facet normal 0.972265 0.233883 0
    outer loop
      vertex 149.0420 78.3133 171.9000
      vertex 149.0420 78.3133 177.9000
      vertex 149.1980 77.6648 177.9000
    endloop
  endfacet
  facet normal 0.972265 0.233883 0
    outer loop
      vertex 149.0420 78.3133 171.9000
      vertex 149.1980 77.6648 177.9000
      vertex 149.1980 77.6648 171.9000
    endloop
  endfacet
  facet normal 0 0 -1
    outer loop
      vertex 149.0420 78.3133 177.9000
      vertex 246.2000 143.5000 177.9000
      vertex 149.1980 77.6648 177.9000
    endloop
  endfacet
  facet normal 0.996955 -0.077981 0
    outer loop
      vertex 149.1980 27.3352 171.9000
      vertex 149.2500 28.0000 171.9000
      vertex 149.1980 27.3352 177.9000
    endloop
  endfacet
  facet normal 0.996955 -0.077981 0
    outer loop
      vertex 149.1980 27.3352 177.9000
      vertex 149.2500 28.0000 171.9000
      vertex 149.2500 28.0000 177.9000
    endloop
  endfacet
  facet normal 0 0 -1
    outer loop
      vertex 149.1980 27.3352 177.9000
      vertex 149.2500 28.0000 177.9000
      vertex 186.7000 -13.4000 177.9000
    endloop
  endfacet
  facet normal 0 0 -1
    outer loop
      vertex 149.1980 27.3352 177.9000
      vertex 156.7000 -13.4000 177.9000
      vertex 153.7000 -13.4000 177.9000
    endloop
  endfacet
  facet normal 0 0 -1
    outer loop
      vertex 149.1980 27.3352 177.9000
      vertex 159.7000 -13.4000 177.9000
      vertex 156.7000 -13.4000 177.9000
    endloop
  endfacet
  facet normal 0 0 -1
    outer loop
      vertex 149.1980 27.3352 177.9000
      vertex 162.7000 -13.4000 177.9000
      vertex 159.7000 -13.4000 177.9000
    endloop
  endfacet
  facet normal 0 0 -1
    outer loop
      vertex 149.1980 27.3352 177.9000
      vertex 165.7000 -13.4000 177.9000
      vertex 162.7000 -13.4000 177.9000
    endloop
  endfacet
  facet normal 0 0 -1
    outer loop
      vertex 149.1980 27.3352 177.9000
      vertex 168.7000 -13.4000 177.9000
      vertex 165.7000 -13.4000 177.9000
    endloop
  endfacet
  facet normal 0 0 -1
    outer loop
      vertex 149.1980 27.3352 177.9000
      vertex 171.7000 -13.4000 177.9000
      vertex 168.7000 -13.4000 177.9000
    endloop
  endfacet
  facet normal 0 0 -1
    outer loop
      vertex 149.1980 27.3352 177.9000
      vertex 174.7000 -13.4000 177.9000
      vertex 171.7000 -13.4000 177.9000
    endloop
  endfacet
  facet normal 0 0 -1
    outer loop
      vertex 149.1980 27.3352 177.9000
      vertex 177.7000 -13.4000 177.9000
      vertex 174.7000 -13.4000 177.9000
    endloop
  endfacet
  facet normal 0 0 -1
    outer loop
      vertex 149.1980 27.3352 177.9000
      vertex 180.7000 -13.4000 177.9000
      vertex 177.7000 -13.4000 177.9000
    endloop
  endfacet
  facet normal 0 0 -1
    outer loop
      vertex 149.1980 27.3352 177.9000
      vertex 183.7000 -13.4000 177.9000
      vertex 180.7000 -13.4000 177.9000
    endloop
  endfacet
  facet normal 0 0 -1
    outer loop
      vertex 149.1980 27.3352 177.9000
      vertex 186.7000 -13.4000 177.9000
      vertex 183.7000 -13.4000 177.9000
    endloop
  endfacet
  facet normal 0.996955 0.077981 0
    outer loop
      vertex 149.1980 28.6648 171.9000
      vertex 149.1980 28.6648 177.9000
      vertex 149.2500 28.0000 177.9000
    endloop
  endfacet
  facet normal 0.996955 0.077981 0
    outer loop
      vertex 149.1980 28.6648 171.9000
      vertex 149.2500 28.0000 177.9000
      vertex 149.2500 28.0000 171.9000
    endloop
  endfacet
  facet normal 0 0 -1
    outer loop
      vertex 149.1980 28.6648 177.9000
      vertex 195.7000 -13.4000 177.9000
      vertex 149.2500 28.0000 177.9000
    endloop
  endfacet
  facet normal 0 0 -1
    outer loop
      vertex 149.1980 28.6648 177.9000
      vertex 198.7000 -13.4000 177.9000
      vertex 195.7000 -13.4000 177.9000
    endloop
  endfacet
  facet normal 0 0 -1
    outer loop
      vertex 149.1980 28.6648 177.9000
      vertex 250.0000 40.0000 177.9000
      vertex 198.7000 -13.4000 177.9000
    endloop
  endfacet
  facet normal 0.996955 -0.077981 0
    outer loop
      vertex 149.1980 76.3352 171.9000
      vertex 149.2500 77.0000 171.9000
      vertex 149.1980 76.3352 177.9000
    endloop
  endfacet
  facet normal 0.996955 -0.077981 0
    outer loop
      vertex 149.1980 76.3352 177.9000
      vertex 149.2500 77.0000 171.9000
      vertex 149.2500 77.0000 177.9000
    endloop
  endfacet
  facet normal 0 0 -1
    outer loop
      vertex 149.1980 76.3352 177.9000
      vertex 149.2500 77.0000 177.9000
      vertex 250.0000 40.0000 177.9000
    endloop
  endfacet
  facet normal 0.996955 0.077981 0
    outer loop
      vertex 149.1980 77.6648 171.9000
      vertex 149.1980 77.6648 177.9000
      vertex 149.2500 77.0000 177.9000
    endloop
  endfacet
  facet normal 0.996955 0.077981 0
    outer loop
      vertex 149.1980 77.6648 171.9000
      vertex 149.2500 77.0000 177.9000
      vertex 149.2500 77.0000 171.9000
    endloop
  endfacet
  facet normal 0 0 -1
    outer loop
      vertex 149.1980 77.6648 177.9000
      vertex 246.2000 143.5000 177.9000
      vertex 250.0000 40.0000 177.9000
    endloop
  endfacet
  facet normal 0 0 -1
    outer loop
      vertex 149.1980 77.6648 177.9000
      vertex 250.0000 40.0000 177.9000
      vertex 149.2500 77.0000 177.9000
    endloop
  endfacet
  facet normal 0 0 -1
    outer loop
      vertex 149.2500 28.0000 177.9000
      vertex 189.7000 -13.4000 177.9000
      vertex 186.7000 -13.4000 177.9000
    endloop
  endfacet
  facet normal 0 0 -1
    outer loop
      vertex 149.2500 28.0000 177.9000
      vertex 192.7000 -13.4000 177.9000
      vertex 189.7000 -13.4000 177.9000
    endloop
  endfacet
  facet normal 0 0 -1
    outer loop
      vertex 149.2500 28.0000 177.9000
      vertex 195.7000 -13.4000 177.9000
      vertex 192.7000 -13.4000 177.9000
    endloop
  endfacet
  facet normal -1 0 0
    outer loop
      vertex 150.7000 -57.4000 177.9000
      vertex 150.7000 -57.4000 180.9000
      vertex 150.7000 -37.4000 180.9000
    endloop
  endfacet
  facet normal 0 0 -1
    outer loop
      vertex 150.7000 -57.4000 177.9000
      vertex 150.7000 -37.4000 177.9000
      vertex 153.7000 -37.4000 177.9000
    endloop
  endfacet
  facet normal -1 0 0
    outer loop
      vertex 150.7000 -57.4000 177.9000
      vertex 150.7000 -37.4000 180.9000
      vertex 150.7000 -37.4000 177.9000
    endloop
  endfacet
  facet normal 0 0 -1
    outer loop
      vertex 150.7000 -57.4000 177.9000
      vertex 153.7000 -57.4000 177.9000
      vertex 159.7000 -61.4000 177.9000
    endloop
  endfacet
  facet normal 0 0 -1
    outer loop
      vertex 150.7000 -57.4000 177.9000
      vertex 153.7000 -37.4000 177.9000
      vertex 153.7000 -57.4000 177.9000
    endloop
  endfacet
  facet normal 0 0 1
    outer loop
      vertex 150.7000 -57.4000 180.9000
      vertex 153.7000 -57.4000 180.9000
      vertex 150.7000 -37.4000 180.9000
    endloop
  endfacet
  facet normal 0 0 1
    outer loop
      vertex 150.7000 -57.4000 180.9000
      vertex 159.7000 -61.4000 180.9000
      vertex 153.7000 -57.4000 180.9000
    endloop
  endfacet
  facet normal 0 0 -1
    outer loop
      vertex 150.7000 -37.4000 177.9000
      vertex 150.7000 -33.4000 177.9000
      vertex 153.7000 -33.4000 177.9000
    endloop
  endfacet
  facet normal 0 0 -1
    outer loop
      vertex 150.7000 -37.4000 177.9000
      vertex 153.7000 -33.4000 177.9000
      vertex 153.7000 -37.4000 177.9000
    endloop
  endfacet
  facet normal 0 0 1
    outer loop
      vertex 150.7000 -37.4000 180.9000
      vertex 153.7000 -57.4000 180.9000
      vertex 153.7000 -37.4000 180.9000
    endloop
  endfacet
  facet normal 0 0 1
    outer loop
      vertex 150.7000 -37.4000 180.9000
      vertex 153.7000 -37.4000 180.9000
      vertex 150.7000 -33.4000 180.9000
    endloop
  endfacet
  facet normal -1 0 0
    outer loop
      vertex 150.7000 -33.4000 177.9000
      vertex 150.7000 -33.4000 180.9000
      vertex 150.7000 -13.4000 180.9000
    endloop
  endfacet
  facet normal 0 0 -1
    outer loop
      vertex 150.7000 -33.4000 177.9000
      vertex 150.7000 -13.4000 177.9000
      vertex 153.7000 -13.4000 177.9000
    endloop
  endfacet
  facet normal -1 0 0
    outer loop
      vertex 150.7000 -33.4000 177.9000
      vertex 150.7000 -13.4000 180.9000
      vertex 150.7000 -13.4000 177.9000
    endloop
  endfacet
  facet normal 0 0 -1
    outer loop
      vertex 150.7000 -33.4000 177.9000
      vertex 153.7000 -13.4000 177.9000
      vertex 153.7000 -33.4000 177.9000
    endloop
  endfacet
  facet normal 0 0 1
    outer loop
      vertex 150.7000 -33.4000 180.9000
      vertex 153.7000 -37.4000 180.9000
      vertex 153.7000 -33.4000 180.9000
    endloop
  endfacet
  facet normal 0 0 1
    outer loop
      vertex 150.7000 -33.4000 180.9000
      vertex 153.7000 -33.4000 180.9000
      vertex 153.7000 -13.4000 180.9000
    endloop
  endfacet
  facet normal 0 0 1
    outer loop
      vertex 150.7000 -33.4000 180.9000
      vertex 153.7000 -13.4000 180.9000
      vertex 150.7000 -13.4000 180.9000
    endloop
  endfacet
  facet normal -1 0 0
    outer loop
      vertex 152.5000 -89.0000 173.9000
      vertex 152.5000 -89.0000 177.9000
      vertex 152.5000 -87.5000 177.9000
    endloop
  endfacet
  facet normal 0 0 -1
    outer loop
      vertex 152.5000 -89.0000 173.9000
      vertex 152.5000 -87.5000 173.9000
      vertex 246.2000 -87.5000 173.9000
    endloop
  endfacet
  facet normal -1 0 0
    outer loop
      vertex 152.5000 -89.0000 173.9000
      vertex 152.5000 -87.5000 177.9000
      vertex 152.5000 -87.5000 173.9000
    endloop
  endfacet
  facet normal 0 -1 0
    outer loop
      vertex 152.5000 -89.0000 173.9000
      vertex 246.2000 -89.0000 173.9000
      vertex 246.2000 -89.0000 177.9000
    endloop
  endfacet
  facet normal 0 -1 0
    outer loop
      vertex 152.5000 -89.0000 173.9000
      vertex 246.2000 -89.0000 177.9000
      vertex 152.5000 -89.0000 177.9000
    endloop
  endfacet
  facet normal 0 0 -1
    outer loop
      vertex 152.5000 -89.0000 173.9000
      vertex 246.2000 -87.5000 173.9000
      vertex 246.2000 -89.0000 173.9000
    endloop
  endfacet
  facet normal 0 0 -1
    outer loop
      vertex 152.5000 -89.0000 177.9000
      vertex 246.2000 -89.0000 177.9000
      vertex 261.7000 -94.0000 177.9000
    endloop
  endfacet
  facet normal 0 1 0
    outer loop
      vertex 152.5000 -87.5000 173.9000
      vertex 152.5000 -87.5000 177.9000
      vertex 246.2000 -87.5000 173.9000
    endloop
  endfacet
  facet normal 0 0 -1
    outer loop
      vertex 152.5000 -87.5000 177.9000
      vertex 159.7000 -81.4000 177.9000
      vertex 162.7000 -81.4000 177.9000
    endloop
  endfacet
  facet normal 0 0 -1
    outer loop
      vertex 152.5000 -87.5000 177.9000
      vertex 162.7000 -81.4000 177.9000
      vertex 165.7000 -81.4000 177.9000
    endloop
  endfacet
  facet normal 0 0 -1
    outer loop
      vertex 152.5000 -87.5000 177.9000
      vertex 165.7000 -81.4000 177.9000
      vertex 168.7000 -81.4000 177.9000
    endloop
  endfacet
  facet normal 0 0 -1
    outer loop
      vertex 152.5000 -87.5000 177.9000
      vertex 168.7000 -81.4000 177.9000
      vertex 171.7000 -81.4000 177.9000
    endloop
  endfacet
  facet normal 0 0 -1
    outer loop
      vertex 152.5000 -87.5000 177.9000
      vertex 171.7000 -81.4000 177.9000
      vertex 174.7000 -81.4000 177.9000
    endloop
  endfacet
  facet normal 0 0 -1
    outer loop
      vertex 152.5000 -87.5000 177.9000
      vertex 174.7000 -81.4000 177.9000
      vertex 177.7000 -81.4000 177.9000
    endloop
  endfacet
  facet normal 0 0 -1
    outer loop
      vertex 152.5000 -87.5000 177.9000
      vertex 177.7000 -81.4000 177.9000
      vertex 180.7000 -81.4000 177.9000
    endloop
  endfacet
  facet normal 0 0 -1
    outer loop
      vertex 152.5000 -87.5000 177.9000
      vertex 180.7000 -81.4000 177.9000
      vertex 183.7000 -81.4000 177.9000
    endloop
  endfacet
  facet normal 0 0 -1
    outer loop
      vertex 152.5000 -87.5000 177.9000
      vertex 183.7000 -81.4000 177.9000
      vertex 186.7000 -81.4000 177.9000
    endloop
  endfacet
  facet normal 0 0 -1
    outer loop
      vertex 152.5000 -87.5000 177.9000
      vertex 186.7000 -81.4000 177.9000
      vertex 189.7000 -81.4000 177.9000
    endloop
  endfacet
  facet normal 0 0 -1
    outer loop
      vertex 152.5000 -87.5000 177.9000
      vertex 189.7000 -81.4000 177.9000
      vertex 192.7000 -81.4000 177.9000
    endloop
  endfacet
  facet normal 0 0 -1
    outer loop
      vertex 152.5000 -87.5000 177.9000
      vertex 192.7000 -81.4000 177.9000
      vertex 195.7000 -81.4000 177.9000
    endloop
  endfacet
  facet normal 0 0 -1
    outer loop
      vertex 152.5000 -87.5000 177.9000
      vertex 195.7000 -81.4000 177.9000
      vertex 198.7000 -81.4000 177.9000
    endloop
  endfacet
  facet normal 0 0 -1
    outer loop
      vertex 152.5000 -87.5000 177.9000
      vertex 198.7000 -81.4000 177.9000
      vertex 246.2000 -87.5000 177.9000
    endloop
  endfacet
  facet normal 0 1 0
    outer loop
      vertex 152.5000 -87.5000 177.9000
      vertex 246.2000 -87.5000 177.9000
      vertex 246.2000 -87.5000 173.9000
    endloop
  endfacet
  facet normal -1 0 0
    outer loop
      vertex 152.5000 143.5000 173.9000
      vertex 152.5000 143.5000 177.9000
      vertex 152.5000 145.0000 177.9000
    endloop
  endfacet
  facet normal 0 0 -1
    outer loop
      vertex 152.5000 143.5000 173.9000
      vertex 152.5000 145.0000 173.9000
      vertex 246.2000 145.0000 173.9000
    endloop
  endfacet
  facet normal -1 0 0
    outer loop
      vertex 152.5000 143.5000 173.9000
      vertex 152.5000 145.0000 177.9000
      vertex 152.5000 145.0000 173.9000
    endloop
  endfacet
  facet normal 0 -1 0
    outer loop
      vertex 152.5000 143.5000 173.9000
      vertex 246.2000 143.5000 173.9000
      vertex 246.2000 143.5000 177.9000
    endloop
  endfacet
  facet normal 0 -1 0
    outer loop
      vertex 152.5000 143.5000 173.9000
      vertex 246.2000 143.5000 177.9000
      vertex 152.5000 143.5000 177.9000
    endloop
  endfacet
  facet normal 0 0 -1
    outer loop
      vertex 152.5000 143.5000 173.9000
      vertex 246.2000 145.0000 173.9000
      vertex 246.2000 143.5000 173.9000
    endloop
  endfacet
  facet normal 0 1 0
    outer loop
      vertex 152.5000 145.0000 173.9000
      vertex 152.5000 145.0000 177.9000
      vertex 246.2000 145.0000 173.9000
    endloop
  endfacet
  facet normal 0 1 0
    outer loop
      vertex 152.5000 145.0000 177.9000
      vertex 246.2000 145.0000 177.9000
      vertex 246.2000 145.0000 173.9000
    endloop
  endfacet
  facet normal 0 0 -1
    outer loop
      vertex 152.5000 145.0000 177.9000
      vertex 261.7000 150.0000 177.9000
      vertex 246.2000 145.0000 177.9000
    endloop
  endfacet
  facet normal 0 1 0
    outer loop
      vertex 153.7000 -57.4000 177.9000
      vertex 153.7000 -57.4000 180.9000
      vertex 156.7000 -57.4000 177.9000
    endloop
  endfacet
  facet normal 1 0 0
    outer loop
      vertex 153.7000 -57.4000 177.9000
      vertex 153.7000 -37.4000 177.9000
      vertex 153.7000 -57.4000 180.9000
    endloop
  endfacet
  facet normal 0 0 -1
    outer loop
      vertex 153.7000 -57.4000 177.9000
      vertex 156.7000 -57.4000 177.9000
      vertex 159.7000 -61.4000 177.9000
    endloop
  endfacet
  facet normal 1 0 0
    outer loop
      vertex 153.7000 -57.4000 180.9000
      vertex 153.7000 -37.4000 177.9000
      vertex 153.7000 -37.4000 180.9000
    endloop
  endfacet
  facet normal 0 1 0
    outer loop
      vertex 153.7000 -57.4000 180.9000
      vertex 156.7000 -57.4000 180.9000
      vertex 156.7000 -57.4000 177.9000
    endloop
  endfacet
  facet normal 0 0 1
    outer loop
      vertex 153.7000 -57.4000 180.9000
      vertex 159.7000 -61.4000 180.9000
      vertex 156.7000 -57.4000 180.9000
    endloop
  endfacet
  facet normal 0 0 -1
    outer loop
      vertex 153.7000 -37.4000 177.9000
      vertex 153.7000 -33.4000 177.9000
      vertex 156.7000 -33.4000 177.9000
    endloop
  endfacet
  facet normal 0 -1 0
    outer loop
      vertex 153.7000 -37.4000 177.9000
      vertex 156.7000 -37.4000 177.9000
      vertex 156.7000 -37.4000 180.9000
    endloop
  endfacet
  facet normal 0 -1 0
    outer loop
      vertex 153.7000 -37.4000 177.9000
      vertex 156.7000 -37.4000 180.9000
      vertex 153.7000 -37.4000 180.9000
    endloop
  endfacet
  facet normal 0 0 -1
    outer loop
      vertex 153.7000 -37.4000 177.9000
      vertex 156.7000 -33.4000 177.9000
      vertex 156.7000 -37.4000 177.9000
    endloop
  endfacet
  facet normal 0 0 1
    outer loop
      vertex 153.7000 -37.4000 180.9000
      vertex 156.7000 -37.4000 180.9000
      vertex 153.7000 -33.4000 180.9000
    endloop
  endfacet
  facet normal 0 1 0
    outer loop
      vertex 153.7000 -33.4000 177.9000
      vertex 153.7000 -33.4000 180.9000
      vertex 156.7000 -33.4000 177.9000
    endloop
  endfacet
  facet normal 1 0 0
    outer loop
      vertex 153.7000 -33.4000 177.9000
      vertex 153.7000 -13.4000 177.9000
      vertex 153.7000 -33.4000 180.9000
    endloop
  endfacet
  facet normal 1 0 0
    outer loop
      vertex 153.7000 -33.4000 180.9000
      vertex 153.7000 -13.4000 177.9000
      vertex 153.7000 -13.4000 180.9000
    endloop
  endfacet
  facet normal 0 0 1
    outer loop
      vertex 153.7000 -33.4000 180.9000
      vertex 156.7000 -37.4000 180.9000
      vertex 156.7000 -33.4000 180.9000
    endloop
  endfacet
  facet normal 0 1 0
    outer loop
      vertex 153.7000 -33.4000 180.9000
      vertex 156.7000 -33.4000 180.9000
      vertex 156.7000 -33.4000 177.9000
    endloop
  endfacet
  facet normal 0 -1 0
    outer loop
      vertex 153.7000 -13.4000 177.9000
      vertex 156.7000 -13.4000 177.9000
      vertex 156.7000 -13.4000 180.9000
    endloop
  endfacet
  facet normal 0 -1 0
    outer loop
      vertex 153.7000 -13.4000 177.9000
      vertex 156.7000 -13.4000 180.9000
      vertex 153.7000 -13.4000 180.9000
    endloop
  endfacet
  facet normal -1 0 0
    outer loop
      vertex 156.7000 -57.4000 177.9000
      vertex 156.7000 -57.4000 180.9000
      vertex 156.7000 -37.4000 180.9000
    endloop
  endfacet
  facet normal 0 0 -1
    outer loop
      vertex 156.7000 -57.4000 177.9000
      vertex 156.7000 -37.4000 177.9000
      vertex 159.7000 -37.4000 177.9000
    endloop
  endfacet
  facet normal -1 0 0
    outer loop
      vertex 156.7000 -57.4000 177.9000
      vertex 156.7000 -37.4000 180.9000
      vertex 156.7000 -37.4000 177.9000
    endloop
  endfacet
  facet normal 0 0 -1
    outer loop
      vertex 156.7000 -57.4000 177.9000
      vertex 159.7000 -57.4000 177.9000
      vertex 159.7000 -61.4000 177.9000
    endloop
  endfacet
  facet normal 0 0 -1
    outer loop
      vertex 156.7000 -57.4000 177.9000
      vertex 159.7000 -37.4000 177.9000
      vertex 159.7000 -57.4000 177.9000
    endloop
  endfacet
  facet normal 0 0 1
    outer loop
      vertex 156.7000 -57.4000 180.9000
      vertex 159.7000 -61.4000 180.9000
      vertex 159.7000 -57.4000 180.9000
    endloop
  endfacet
  facet normal 0 0 1
    outer loop
      vertex 156.7000 -57.4000 180.9000
      vertex 159.7000 -57.4000 180.9000
      vertex 156.7000 -37.4000 180.9000
    endloop
  endfacet
  facet normal 0 0 -1
    outer loop
      vertex 156.7000 -37.4000 177.9000
      vertex 156.7000 -33.4000 177.9000
      vertex 159.7000 -33.4000 177.9000
    endloop
  endfacet
  facet normal 0 0 -1
    outer loop
      vertex 156.7000 -37.4000 177.9000
      vertex 159.7000 -33.4000 177.9000
      vertex 159.7000 -37.4000 177.9000
    endloop
  endfacet
  facet normal 0 0 1
    outer loop
      vertex 156.7000 -37.4000 180.9000
      vertex 159.7000 -57.4000 180.9000
      vertex 159.7000 -37.4000 180.9000
    endloop
  endfacet
  facet normal 0 0 1
    outer loop
      vertex 156.7000 -37.4000 180.9000
      vertex 159.7000 -37.4000 180.9000
      vertex 156.7000 -33.4000 180.9000
    endloop
  endfacet
  facet normal -1 0 0
    outer loop
      vertex 156.7000 -33.4000 177.9000
      vertex 156.7000 -33.4000 180.9000
      vertex 156.7000 -13.4000 180.9000
    endloop
  endfacet
  facet normal 0 0 -1
    outer loop
      vertex 156.7000 -33.4000 177.9000
      vertex 156.7000 -13.4000 177.9000
      vertex 159.7000 -13.4000 177.9000
    endloop
  endfacet
  facet normal -1 0 0
    outer loop
      vertex 156.7000 -33.4000 177.9000
      vertex 156.7000 -13.4000 180.9000
      vertex 156.7000 -13.4000 177.9000
    endloop
  endfacet
  facet normal 0 0 -1
    outer loop
      vertex 156.7000 -33.4000 177.9000
      vertex 159.7000 -13.4000 177.9000
      vertex 159.7000 -33.4000 177.9000
    endloop
  endfacet
  facet normal 0 0 1
    outer loop
      vertex 156.7000 -33.4000 180.9000
      vertex 159.7000 -37.4000 180.9000
      vertex 159.7000 -33.4000 180.9000
    endloop
  endfacet
  facet normal 0 0 1
    outer loop
      vertex 156.7000 -33.4000 180.9000
      vertex 159.7000 -33.4000 180.9000
      vertex 159.7000 -13.4000 180.9000
    endloop
  endfacet
  facet normal 0 0 1
    outer loop
      vertex 156.7000 -33.4000 180.9000
      vertex 159.7000 -13.4000 180.9000
      vertex 156.7000 -13.4000 180.9000
    endloop
  endfacet
  facet normal 0 1 0
    outer loop
      vertex 159.7000 -81.4000 177.9000
      vertex 159.7000 -81.4000 180.9000
      vertex 162.7000 -81.4000 177.9000
    endloop
  endfacet
  facet normal 1 0 0
    outer loop
      vertex 159.7000 -81.4000 177.9000
      vertex 159.7000 -61.4000 177.9000
      vertex 159.7000 -81.4000 180.9000
    endloop
  endfacet
  facet normal 1 0 0
    outer loop
      vertex 159.7000 -81.4000 180.9000
      vertex 159.7000 -61.4000 177.9000
      vertex 159.7000 -61.4000 180.9000
    endloop
  endfacet
  facet normal 0 1 0
    outer loop
      vertex 159.7000 -81.4000 180.9000
      vertex 162.7000 -81.4000 180.9000
      vertex 162.7000 -81.4000 177.9000
    endloop
  endfacet
  facet normal 0 0 -1
    outer loop
      vertex 159.7000 -61.4000 177.9000
      vertex 159.7000 -57.4000 177.9000
      vertex 162.7000 -57.4000 177.9000
    endloop
  endfacet
  facet normal 0 -1 0
    outer loop
      vertex 159.7000 -61.4000 177.9000
      vertex 162.7000 -61.4000 177.9000
      vertex 162.7000 -61.4000 180.9000
    endloop
  endfacet
  facet normal 0 -1 0
    outer loop
      vertex 159.7000 -61.4000 177.9000
      vertex 162.7000 -61.4000 180.9000
      vertex 159.7000 -61.4000 180.9000
    endloop
  endfacet
  facet normal 0 0 -1
    outer loop
      vertex 159.7000 -61.4000 177.9000
      vertex 162.7000 -57.4000 177.9000
      vertex 162.7000 -61.4000 177.9000
    endloop
  endfacet
  facet normal 0 0 1
    outer loop
      vertex 159.7000 -61.4000 180.9000
      vertex 162.7000 -61.4000 180.9000
      vertex 159.7000 -57.4000 180.9000
    endloop
  endfacet
  facet normal 0 1 0
    outer loop
      vertex 159.7000 -57.4000 177.9000
      vertex 159.7000 -57.4000 180.9000
      vertex 162.7000 -57.4000 177.9000
    endloop
  endfacet
  facet normal 1 0 0
    outer loop
      vertex 159.7000 -57.4000 177.9000
      vertex 159.7000 -37.4000 177.9000
      vertex 159.7000 -57.4000 180.9000
    endloop
  endfacet
  facet normal 1 0 0
    outer loop
      vertex 159.7000 -57.4000 180.9000
      vertex 159.7000 -37.4000 177.9000
      vertex 159.7000 -37.4000 180.9000
    endloop
  endfacet
  facet normal 0 0 1
    outer loop
      vertex 159.7000 -57.4000 180.9000
      vertex 162.7000 -61.4000 180.9000
      vertex 162.7000 -57.4000 180.9000
    endloop
  endfacet
  facet normal 0 1 0
    outer loop
      vertex 159.7000 -57.4000 180.9000
      vertex 162.7000 -57.4000 180.9000
      vertex 162.7000 -57.4000 177.9000
    endloop
  endfacet
  facet normal 0 0 -1
    outer loop
      vertex 159.7000 -37.4000 177.9000
      vertex 159.7000 -33.4000 177.9000
      vertex 162.7000 -33.4000 177.9000
    endloop
  endfacet
  facet normal 0 -1 0
    outer loop
      vertex 159.7000 -37.4000 177.9000
      vertex 162.7000 -37.4000 177.9000
      vertex 162.7000 -37.4000 180.9000
    endloop
  endfacet
  facet normal 0 -1 0
    outer loop
      vertex 159.7000 -37.4000 177.9000
      vertex 162.7000 -37.4000 180.9000
      vertex 159.7000 -37.4000 180.9000
    endloop
  endfacet
  facet normal 0 0 -1
    outer loop
      vertex 159.7000 -37.4000 177.9000
      vertex 162.7000 -33.4000 177.9000
      vertex 162.7000 -37.4000 177.9000
    endloop
  endfacet
  facet normal 0 0 1
    outer loop
      vertex 159.7000 -37.4000 180.9000
      vertex 162.7000 -37.4000 180.9000
      vertex 159.7000 -33.4000 180.9000
    endloop
  endfacet
  facet normal 0 1 0
    outer loop
      vertex 159.7000 -33.4000 177.9000
      vertex 159.7000 -33.4000 180.9000
      vertex 162.7000 -33.4000 177.9000
    endloop
  endfacet
  facet normal 1 0 0
    outer loop
      vertex 159.7000 -33.4000 177.9000
      vertex 159.7000 -13.4000 177.9000
      vertex 159.7000 -33.4000 180.9000
    endloop
  endfacet
  facet normal 1 0 0
    outer loop
      vertex 159.7000 -33.4000 180.9000
      vertex 159.7000 -13.4000 177.9000
      vertex 159.7000 -13.4000 180.9000
    endloop
  endfacet
  facet normal 0 0 1
    outer loop
      vertex 159.7000 -33.4000 180.9000
      vertex 162.7000 -37.4000 180.9000
      vertex 162.7000 -33.4000 180.9000
    endloop
  endfacet
  facet normal 0 1 0
    outer loop
      vertex 159.7000 -33.4000 180.9000
      vertex 162.7000 -33.4000 180.9000
      vertex 162.7000 -33.4000 177.9000
    endloop
  endfacet
  facet normal 0 -1 0
    outer loop
      vertex 159.7000 -13.4000 177.9000
      vertex 162.7000 -13.4000 177.9000
      vertex 162.7000 -13.4000 180.9000
    endloop
  endfacet
  facet normal 0 -1 0
    outer loop
      vertex 159.7000 -13.4000 177.9000
      vertex 162.7000 -13.4000 180.9000
      vertex 159.7000 -13.4000 180.9000
    endloop
  endfacet
  facet normal -1 0 0
    outer loop
      vertex 162.7000 -81.4000 177.9000
      vertex 162.7000 -81.4000 180.9000
      vertex 162.7000 -61.4000 180.9000
    endloop
  endfacet
  facet normal 0 0 -1
    outer loop
      vertex 162.7000 -81.4000 177.9000
      vertex 162.7000 -61.4000 177.9000
      vertex 165.7000 -61.4000 177.9000
    endloop
  endfacet
  facet normal -1 0 0
    outer loop
      vertex 162.7000 -81.4000 177.9000
      vertex 162.7000 -61.4000 180.9000
      vertex 162.7000 -61.4000 177.9000
    endloop
  endfacet
  facet normal 0 0 -1
    outer loop
      vertex 162.7000 -81.4000 177.9000
      vertex 165.7000 -61.4000 177.9000
      vertex 165.7000 -81.4000 177.9000
    endloop
  endfacet
  facet normal 0 0 1
    outer loop
      vertex 162.7000 -81.4000 180.9000
      vertex 165.7000 -81.4000 180.9000
      vertex 162.7000 -61.4000 180.9000
    endloop
  endfacet
  facet normal 0 0 -1
    outer loop
      vertex 162.7000 -61.4000 177.9000
      vertex 162.7000 -57.4000 177.9000
      vertex 165.7000 -57.4000 177.9000
    endloop
  endfacet
  facet normal 0 0 -1
    outer loop
      vertex 162.7000 -61.4000 177.9000
      vertex 165.7000 -57.4000 177.9000
      vertex 165.7000 -61.4000 177.9000
    endloop
  endfacet
  facet normal 0 0 1
    outer loop
      vertex 162.7000 -61.4000 180.9000
      vertex 165.7000 -81.4000 180.9000
      vertex 165.7000 -61.4000 180.9000
    endloop
  endfacet
  facet normal 0 0 1
    outer loop
      vertex 162.7000 -61.4000 180.9000
      vertex 165.7000 -61.4000 180.9000
      vertex 162.7000 -57.4000 180.9000
    endloop
  endfacet
  facet normal -1 0 0
    outer loop
      vertex 162.7000 -57.4000 177.9000
      vertex 162.7000 -57.4000 180.9000
      vertex 162.7000 -37.4000 180.9000
    endloop
  endfacet
  facet normal 0 0 -1
    outer loop
      vertex 162.7000 -57.4000 177.9000
      vertex 162.7000 -37.4000 177.9000
      vertex 165.7000 -37.4000 177.9000
    endloop
  endfacet
  facet normal -1 0 0
    outer loop
      vertex 162.7000 -57.4000 177.9000
      vertex 162.7000 -37.4000 180.9000
      vertex 162.7000 -37.4000 177.9000
    endloop
  endfacet
  facet normal 0 0 -1
    outer loop
      vertex 162.7000 -57.4000 177.9000
      vertex 165.7000 -37.4000 177.9000
      vertex 165.7000 -57.4000 177.9000
    endloop
  endfacet
  facet normal 0 0 1
    outer loop
      vertex 162.7000 -57.4000 180.9000
      vertex 165.7000 -61.4000 180.9000
      vertex 165.7000 -57.4000 180.9000
    endloop
  endfacet
  facet normal 0 0 1
    outer loop
      vertex 162.7000 -57.4000 180.9000
      vertex 165.7000 -57.4000 180.9000
      vertex 162.7000 -37.4000 180.9000
    endloop
  endfacet
  facet normal 0 0 -1
    outer loop
      vertex 162.7000 -37.4000 177.9000
      vertex 162.7000 -33.4000 177.9000
      vertex 165.7000 -33.4000 177.9000
    endloop
  endfacet
  facet normal 0 0 -1
    outer loop
      vertex 162.7000 -37.4000 177.9000
      vertex 165.7000 -33.4000 177.9000
      vertex 165.7000 -37.4000 177.9000
    endloop
  endfacet
  facet normal 0 0 1
    outer loop
      vertex 162.7000 -37.4000 180.9000
      vertex 165.7000 -57.4000 180.9000
      vertex 165.7000 -37.4000 180.9000
    endloop
  endfacet
  facet normal 0 0 1
    outer loop
      vertex 162.7000 -37.4000 180.9000
      vertex 165.7000 -37.4000 180.9000
      vertex 162.7000 -33.4000 180.9000
    endloop
  endfacet
  facet normal -1 0 0
    outer loop
      vertex 162.7000 -33.4000 177.9000
      vertex 162.7000 -33.4000 180.9000
      vertex 162.7000 -13.4000 180.9000
    endloop
  endfacet
  facet normal 0 0 -1
    outer loop
      vertex 162.7000 -33.4000 177.9000
      vertex 162.7000 -13.4000 177.9000
      vertex 165.7000 -13.4000 177.9000
    endloop
  endfacet
  facet normal -1 0 0
    outer loop
      vertex 162.7000 -33.4000 177.9000
      vertex 162.7000 -13.4000 180.9000
      vertex 162.7000 -13.4000 177.9000
    endloop
  endfacet
  facet normal 0 0 -1
    outer loop
      vertex 162.7000 -33.4000 177.9000
      vertex 165.7000 -13.4000 177.9000
      vertex 165.7000 -33.4000 177.9000
    endloop
  endfacet
  facet normal 0 0 1
    outer loop
      vertex 162.7000 -33.4000 180.9000
      vertex 165.7000 -37.4000 180.9000
      vertex 165.7000 -33.4000 180.9000
    endloop
  endfacet
  facet normal 0 0 1
    outer loop
      vertex 162.7000 -33.4000 180.9000
      vertex 165.7000 -33.4000 180.9000
      vertex 165.7000 -13.4000 180.9000
    endloop
  endfacet
  facet normal 0 0 1
    outer loop
      vertex 162.7000 -33.4000 180.9000
      vertex 165.7000 -13.4000 180.9000
      vertex 162.7000 -13.4000 180.9000
    endloop
  endfacet
  facet normal 0 1 0
    outer loop
      vertex 165.7000 -81.4000 177.9000
      vertex 165.7000 -81.4000 180.9000
      vertex 168.7000 -81.4000 177.9000
    endloop
  endfacet
  facet normal 1 0 0
    outer loop
      vertex 165.7000 -81.4000 177.9000
      vertex 165.7000 -61.4000 177.9000
      vertex 165.7000 -81.4000 180.9000
    endloop
  endfacet
  facet normal 1 0 0
    outer loop
      vertex 165.7000 -81.4000 180.9000
      vertex 165.7000 -61.4000 177.9000
      vertex 165.7000 -61.4000 180.9000
    endloop
  endfacet
  facet normal 0 1 0
    outer loop
      vertex 165.7000 -81.4000 180.9000
      vertex 168.7000 -81.4000 180.9000
      vertex 168.7000 -81.4000 177.9000
    endloop
  endfacet
  facet normal 0 0 -1
    outer loop
      vertex 165.7000 -61.4000 177.9000
      vertex 165.7000 -57.4000 177.9000
      vertex 168.7000 -57.4000 177.9000
    endloop
  endfacet
  facet normal 0 -1 0
    outer loop
      vertex 165.7000 -61.4000 177.9000
      vertex 168.7000 -61.4000 177.9000
      vertex 168.7000 -61.4000 180.9000
    endloop
  endfacet
  facet normal 0 -1 0
    outer loop
      vertex 165.7000 -61.4000 177.9000
      vertex 168.7000 -61.4000 180.9000
      vertex 165.7000 -61.4000 180.9000
    endloop
  endfacet
  facet normal 0 0 -1
    outer loop
      vertex 165.7000 -61.4000 177.9000
      vertex 168.7000 -57.4000 177.9000
      vertex 168.7000 -61.4000 177.9000
    endloop
  endfacet
  facet normal 0 0 1
    outer loop
      vertex 165.7000 -61.4000 180.9000
      vertex 168.7000 -61.4000 180.9000
      vertex 165.7000 -57.4000 180.9000
    endloop
  endfacet
  facet normal 0 1 0
    outer loop
      vertex 165.7000 -57.4000 177.9000
      vertex 165.7000 -57.4000 180.9000
      vertex 168.7000 -57.4000 177.9000
    endloop
  endfacet
  facet normal 1 0 0
    outer loop
      vertex 165.7000 -57.4000 177.9000
      vertex 165.7000 -37.4000 177.9000
      vertex 165.7000 -57.4000 180.9000
    endloop
  endfacet
  facet normal 1 0 0
    outer loop
      vertex 165.7000 -57.4000 180.9000
      vertex 165.7000 -37.4000 177.9000
      vertex 165.7000 -37.4000 180.9000
    endloop
  endfacet
  facet normal 0 0 1
    outer loop
      vertex 165.7000 -57.4000 180.9000
      vertex 168.7000 -61.4000 180.9000
      vertex 168.7000 -57.4000 180.9000
    endloop
  endfacet
  facet normal 0 1 0
    outer loop
      vertex 165.7000 -57.4000 180.9000
      vertex 168.7000 -57.4000 180.9000
      vertex 168.7000 -57.4000 177.9000
    endloop
  endfacet
  facet normal 0 0 -1
    outer loop
      vertex 165.7000 -37.4000 177.9000
      vertex 165.7000 -33.4000 177.9000
      vertex 168.7000 -33.4000 177.9000
    endloop
  endfacet
  facet normal 0 -1 0
    outer loop
      vertex 165.7000 -37.4000 177.9000
      vertex 168.7000 -37.4000 177.9000
      vertex 168.7000 -37.4000 180.9000
    endloop
  endfacet
  facet normal 0 -1 0
    outer loop
      vertex 165.7000 -37.4000 177.9000
      vertex 168.7000 -37.4000 180.9000
      vertex 165.7000 -37.4000 180.9000
    endloop
  endfacet
  facet normal 0 0 -1
    outer loop
      vertex 165.7000 -37.4000 177.9000
      vertex 168.7000 -33.4000 177.9000
      vertex 168.7000 -37.4000 177.9000
    endloop
  endfacet
  facet normal 0 0 1
    outer loop
      vertex 165.7000 -37.4000 180.9000
      vertex 168.7000 -37.4000 180.9000
      vertex 165.7000 -33.4000 180.9000
    endloop
  endfacet
  facet normal 0 1 0
    outer loop
      vertex 165.7000 -33.4000 177.9000
      vertex 165.7000 -33.4000 180.9000
      vertex 168.7000 -33.4000 177.9000
    endloop
  endfacet
  facet normal 1 0 0
    outer loop
      vertex 165.7000 -33.4000 177.9000
      vertex 165.7000 -13.4000 177.9000
      vertex 165.7000 -33.4000 180.9000
    endloop
  endfacet
  facet normal 1 0 0
    outer loop
      vertex 165.7000 -33.4000 180.9000
      vertex 165.7000 -13.4000 177.9000
      vertex 165.7000 -13.4000 180.9000
    endloop
  endfacet
  facet normal 0 0 1
    outer loop
      vertex 165.7000 -33.4000 180.9000
      vertex 168.7000 -37.4000 180.9000
      vertex 168.7000 -33.4000 180.9000
    endloop
  endfacet
  facet normal 0 1 0
    outer loop
      vertex 165.7000 -33.4000 180.9000
      vertex 168.7000 -33.4000 180.9000
      vertex 168.7000 -33.4000 177.9000
    endloop
  endfacet
  facet normal 0 -1 0
    outer loop
      vertex 165.7000 -13.4000 177.9000
      vertex 168.7000 -13.4000 177.9000
      vertex 168.7000 -13.4000 180.9000
    endloop
  endfacet
  facet normal 0 -1 0
    outer loop
      vertex 165.7000 -13.4000 177.9000
      vertex 168.7000 -13.4000 180.9000
      vertex 165.7000 -13.4000 180.9000
    endloop
  endfacet
  facet normal -1 0 0
    outer loop
      vertex 168.7000 -81.4000 177.9000
      vertex 168.7000 -81.4000 180.9000
      vertex 168.7000 -61.4000 180.9000
    endloop
  endfacet
  facet normal 0 0 -1
    outer loop
      vertex 168.7000 -81.4000 177.9000
      vertex 168.7000 -61.4000 177.9000
      vertex 171.7000 -61.4000 177.9000
    endloop
  endfacet
  facet normal -1 0 0
    outer loop
      vertex 168.7000 -81.4000 177.9000
      vertex 168.7000 -61.4000 180.9000
      vertex 168.7000 -61.4000 177.9000
    endloop
  endfacet
  facet normal 0 0 -1
    outer loop
      vertex 168.7000 -81.4000 177.9000
      vertex 171.7000 -61.4000 177.9000
      vertex 171.7000 -81.4000 177.9000
    endloop
  endfacet
  facet normal 0 0 1
    outer loop
      vertex 168.7000 -81.4000 180.9000
      vertex 171.7000 -81.4000 180.9000
      vertex 168.7000 -61.4000 180.9000
    endloop
  endfacet
  facet normal 0 0 -1
    outer loop
      vertex 168.7000 -61.4000 177.9000
      vertex 168.7000 -57.4000 177.9000
      vertex 171.7000 -57.4000 177.9000
    endloop
  endfacet
  facet normal 0 0 -1
    outer loop
      vertex 168.7000 -61.4000 177.9000
      vertex 171.7000 -57.4000 177.9000
      vertex 171.7000 -61.4000 177.9000
    endloop
  endfacet
  facet normal 0 0 1
    outer loop
      vertex 168.7000 -61.4000 180.9000
      vertex 171.7000 -81.4000 180.9000
      vertex 171.7000 -61.4000 180.9000
    endloop
  endfacet
  facet normal 0 0 1
    outer loop
      vertex 168.7000 -61.4000 180.9000
      vertex 171.7000 -61.4000 180.9000
      vertex 168.7000 -57.4000 180.9000
    endloop
  endfacet
  facet normal -1 0 0
    outer loop
      vertex 168.7000 -57.4000 177.9000
      vertex 168.7000 -57.4000 180.9000
      vertex 168.7000 -37.4000 180.9000
    endloop
  endfacet
  facet normal 0 0 -1
    outer loop
      vertex 168.7000 -57.4000 177.9000
      vertex 168.7000 -37.4000 177.9000
      vertex 171.7000 -37.4000 177.9000
    endloop
  endfacet
  facet normal -1 0 0
    outer loop
      vertex 168.7000 -57.4000 177.9000
      vertex 168.7000 -37.4000 180.9000
      vertex 168.7000 -37.4000 177.9000
    endloop
  endfacet
  facet normal 0 0 -1
    outer loop
      vertex 168.7000 -57.4000 177.9000
      vertex 171.7000 -37.4000 177.9000
      vertex 171.7000 -57.4000 177.9000
    endloop
  endfacet
  facet normal 0 0 1
    outer loop
      vertex 168.7000 -57.4000 180.9000
      vertex 171.7000 -61.4000 180.9000
      vertex 171.7000 -57.4000 180.9000
    endloop
  endfacet
  facet normal 0 0 1
    outer loop
      vertex 168.7000 -57.4000 180.9000
      vertex 171.7000 -57.4000 180.9000
      vertex 168.7000 -37.4000 180.9000
    endloop
  endfacet
  facet normal 0 0 -1
    outer loop
      vertex 168.7000 -37.4000 177.9000
      vertex 168.7000 -33.4000 177.9000
      vertex 171.7000 -33.4000 177.9000
    endloop
  endfacet
  facet normal 0 0 -1
    outer loop
      vertex 168.7000 -37.4000 177.9000
      vertex 171.7000 -33.4000 177.9000
      vertex 171.7000 -37.4000 177.9000
    endloop
  endfacet
  facet normal 0 0 1
    outer loop
      vertex 168.7000 -37.4000 180.9000
      vertex 171.7000 -57.4000 180.9000
      vertex 171.7000 -37.4000 180.9000
    endloop
  endfacet
  facet normal 0 0 1
    outer loop
      vertex 168.7000 -37.4000 180.9000
      vertex 171.7000 -37.4000 180.9000
      vertex 168.7000 -33.4000 180.9000
    endloop
  endfacet
  facet normal -1 0 0
    outer loop
      vertex 168.7000 -33.4000 177.9000
      vertex 168.7000 -33.4000 180.9000
      vertex 168.7000 -13.4000 180.9000
    endloop
  endfacet
  facet normal 0 0 -1
    outer loop
      vertex 168.7000 -33.4000 177.9000
      vertex 168.7000 -13.4000 177.9000
      vertex 171.7000 -13.4000 177.9000
    endloop
  endfacet
  facet normal -1 0 0
    outer loop
      vertex 168.7000 -33.4000 177.9000
      vertex 168.7000 -13.4000 180.9000
      vertex 168.7000 -13.4000 177.9000
    endloop
  endfacet
  facet normal 0 0 -1
    outer loop
      vertex 168.7000 -33.4000 177.9000
      vertex 171.7000 -13.4000 177.9000
      vertex 171.7000 -33.4000 177.9000
    endloop
  endfacet
  facet normal 0 0 1
    outer loop
      vertex 168.7000 -33.4000 180.9000
      vertex 171.7000 -37.4000 180.9000
      vertex 171.7000 -33.4000 180.9000
    endloop
  endfacet
  facet normal 0 0 1
    outer loop
      vertex 168.7000 -33.4000 180.9000
      vertex 171.7000 -33.4000 180.9000
      vertex 171.7000 -13.4000 180.9000
    endloop
  endfacet
  facet normal 0 0 1
    outer loop
      vertex 168.7000 -33.4000 180.9000
      vertex 171.7000 -13.4000 180.9000
      vertex 168.7000 -13.4000 180.9000
    endloop
  endfacet
  facet normal 0 1 0
    outer loop
      vertex 171.7000 -81.4000 177.9000
      vertex 171.7000 -81.4000 180.9000
      vertex 174.7000 -81.4000 177.9000
    endloop
  endfacet
  facet normal 1 0 0
    outer loop
      vertex 171.7000 -81.4000 177.9000
      vertex 171.7000 -61.4000 177.9000
      vertex 171.7000 -81.4000 180.9000
    endloop
  endfacet
  facet normal 1 0 0
    outer loop
      vertex 171.7000 -81.4000 180.9000
      vertex 171.7000 -61.4000 177.9000
      vertex 171.7000 -61.4000 180.9000
    endloop
  endfacet
  facet normal 0 1 0
    outer loop
      vertex 171.7000 -81.4000 180.9000
      vertex 174.7000 -81.4000 180.9000
      vertex 174.7000 -81.4000 177.9000
    endloop
  endfacet
  facet normal 0 0 -1
    outer loop
      vertex 171.7000 -61.4000 177.9000
      vertex 171.7000 -57.4000 177.9000
      vertex 174.7000 -57.4000 177.9000
    endloop
  endfacet
  facet normal 0 -1 0
    outer loop
      vertex 171.7000 -61.4000 177.9000
      vertex 174.7000 -61.4000 177.9000
      vertex 174.7000 -61.4000 180.9000
    endloop
  endfacet
  facet normal 0 -1 0
    outer loop
      vertex 171.7000 -61.4000 177.9000
      vertex 174.7000 -61.4000 180.9000
      vertex 171.7000 -61.4000 180.9000
    endloop
  endfacet
  facet normal 0 0 -1
    outer loop
      vertex 171.7000 -61.4000 177.9000
      vertex 174.7000 -57.4000 177.9000
      vertex 174.7000 -61.4000 177.9000
    endloop
  endfacet
  facet normal 0 0 1
    outer loop
      vertex 171.7000 -61.4000 180.9000
      vertex 174.7000 -61.4000 180.9000
      vertex 171.7000 -57.4000 180.9000
    endloop
  endfacet
  facet normal 0 1 0
    outer loop
      vertex 171.7000 -57.4000 177.9000
      vertex 171.7000 -57.4000 180.9000
      vertex 174.7000 -57.4000 177.9000
    endloop
  endfacet
  facet normal 1 0 0
    outer loop
      vertex 171.7000 -57.4000 177.9000
      vertex 171.7000 -37.4000 177.9000
      vertex 171.7000 -57.4000 180.9000
    endloop
  endfacet
  facet normal 1 0 0
    outer loop
      vertex 171.7000 -57.4000 180.9000
      vertex 171.7000 -37.4000 177.9000
      vertex 171.7000 -37.4000 180.9000
    endloop
  endfacet
  facet normal 0 0 1
    outer loop
      vertex 171.7000 -57.4000 180.9000
      vertex 174.7000 -61.4000 180.9000
      vertex 174.7000 -57.4000 180.9000
    endloop
  endfacet
  facet normal 0 1 0
    outer loop
      vertex 171.7000 -57.4000 180.9000
      vertex 174.7000 -57.4000 180.9000
      vertex 174.7000 -57.4000 177.9000
    endloop
  endfacet
  facet normal 0 0 -1
    outer loop
      vertex 171.7000 -37.4000 177.9000
      vertex 171.7000 -33.4000 177.9000
      vertex 174.7000 -33.4000 177.9000
    endloop
  endfacet
  facet normal 0 -1 0
    outer loop
      vertex 171.7000 -37.4000 177.9000
      vertex 174.7000 -37.4000 177.9000
      vertex 174.7000 -37.4000 180.9000
    endloop
  endfacet
  facet normal 0 -1 0
    outer loop
      vertex 171.7000 -37.4000 177.9000
      vertex 174.7000 -37.4000 180.9000
      vertex 171.7000 -37.4000 180.9000
    endloop
  endfacet
  facet normal 0 0 -1
    outer loop
      vertex 171.7000 -37.4000 177.9000
      vertex 174.7000 -33.4000 177.9000
      vertex 174.7000 -37.4000 177.9000
    endloop
  endfacet
  facet normal 0 0 1
    outer loop
      vertex 171.7000 -37.4000 180.9000
      vertex 174.7000 -37.4000 180.9000
      vertex 171.7000 -33.4000 180.9000
    endloop
  endfacet
  facet normal 0 1 0
    outer loop
      vertex 171.7000 -33.4000 177.9000
      vertex 171.7000 -33.4000 180.9000
      vertex 174.7000 -33.4000 177.9000
    endloop
  endfacet
  facet normal 1 0 0
    outer loop
      vertex 171.7000 -33.4000 177.9000
      vertex 171.7000 -13.4000 177.9000
      vertex 171.7000 -33.4000 180.9000
    endloop
  endfacet
  facet normal 1 0 0
    outer loop
      vertex 171.7000 -33.4000 180.9000
      vertex 171.7000 -13.4000 177.9000
      vertex 171.7000 -13.4000 180.9000
    endloop
  endfacet
  facet normal 0 0 1
    outer loop
      vertex 171.7000 -33.4000 180.9000
      vertex 174.7000 -37.4000 180.9000
      vertex 174.7000 -33.4000 180.9000
    endloop
  endfacet
  facet normal 0 1 0
    outer loop
      vertex 171.7000 -33.4000 180.9000
      vertex 174.7000 -33.4000 180.9000
      vertex 174.7000 -33.4000 177.9000
    endloop
  endfacet
  facet normal 0 -1 0
    outer loop
      vertex 171.7000 -13.4000 177.9000
      vertex 174.7000 -13.4000 177.9000
      vertex 174.7000 -13.4000 180.9000
    endloop
  endfacet
  facet normal 0 -1 0
    outer loop
      vertex 171.7000 -13.4000 177.9000
      vertex 174.7000 -13.4000 180.9000
      vertex 171.7000 -13.4000 180.9000
    endloop
  endfacet
  facet normal -1 0 0
    outer loop
      vertex 174.7000 -81.4000 177.9000
      vertex 174.7000 -81.4000 180.9000
      vertex 174.7000 -61.4000 180.9000
    endloop
  endfacet
  facet normal 0 0 -1
    outer loop
      vertex 174.7000 -81.4000 177.9000
      vertex 174.7000 -61.4000 177.9000
      vertex 177.7000 -61.4000 177.9000
    endloop
  endfacet
  facet normal -1 0 0
    outer loop
      vertex 174.7000 -81.4000 177.9000
      vertex 174.7000 -61.4000 180.9000
      vertex 174.7000 -61.4000 177.9000
    endloop
  endfacet
  facet normal 0 0 -1
    outer loop
      vertex 174.7000 -81.4000 177.9000
      vertex 177.7000 -61.4000 177.9000
      vertex 177.7000 -81.4000 177.9000
    endloop
  endfacet
  facet normal 0 0 1
    outer loop
      vertex 174.7000 -81.4000 180.9000
      vertex 177.7000 -81.4000 180.9000
      vertex 174.7000 -61.4000 180.9000
    endloop
  endfacet
  facet normal 0 0 -1
    outer loop
      vertex 174.7000 -61.4000 177.9000
      vertex 174.7000 -57.4000 177.9000
      vertex 177.7000 -57.4000 177.9000
    endloop
  endfacet
  facet normal 0 0 -1
    outer loop
      vertex 174.7000 -61.4000 177.9000
      vertex 177.7000 -57.4000 177.9000
      vertex 177.7000 -61.4000 177.9000
    endloop
  endfacet
  facet normal 0 0 1
    outer loop
      vertex 174.7000 -61.4000 180.9000
      vertex 177.7000 -81.4000 180.9000
      vertex 177.7000 -61.4000 180.9000
    endloop
  endfacet
  facet normal 0 0 1
    outer loop
      vertex 174.7000 -61.4000 180.9000
      vertex 177.7000 -61.4000 180.9000
      vertex 174.7000 -57.4000 180.9000
    endloop
  endfacet
  facet normal -1 0 0
    outer loop
      vertex 174.7000 -57.4000 177.9000
      vertex 174.7000 -57.4000 180.9000
      vertex 174.7000 -37.4000 180.9000
    endloop
  endfacet
  facet normal 0 0 -1
    outer loop
      vertex 174.7000 -57.4000 177.9000
      vertex 174.7000 -37.4000 177.9000
      vertex 177.7000 -37.4000 177.9000
    endloop
  endfacet
  facet normal -1 0 0
    outer loop
      vertex 174.7000 -57.4000 177.9000
      vertex 174.7000 -37.4000 180.9000
      vertex 174.7000 -37.4000 177.9000
    endloop
  endfacet
  facet normal 0 0 -1
    outer loop
      vertex 174.7000 -57.4000 177.9000
      vertex 177.7000 -37.4000 177.9000
      vertex 177.7000 -57.4000 177.9000
    endloop
  endfacet
  facet normal 0 0 1
    outer loop
      vertex 174.7000 -57.4000 180.9000
      vertex 177.7000 -61.4000 180.9000
      vertex 177.7000 -57.4000 180.9000
    endloop
  endfacet
  facet normal 0 0 1
    outer loop
      vertex 174.7000 -57.4000 180.9000
      vertex 177.7000 -57.4000 180.9000
      vertex 174.7000 -37.4000 180.9000
    endloop
  endfacet
  facet normal 0 0 -1
    outer loop
      vertex 174.7000 -37.4000 177.9000
      vertex 174.7000 -33.4000 177.9000
      vertex 177.7000 -33.4000 177.9000
    endloop
  endfacet
  facet normal 0 0 -1
    outer loop
      vertex 174.7000 -37.4000 177.9000
      vertex 177.7000 -33.4000 177.9000
      vertex 177.7000 -37.4000 177.9000
    endloop
  endfacet
  facet normal 0 0 1
    outer loop
      vertex 174.7000 -37.4000 180.9000
      vertex 177.7000 -57.4000 180.9000
      vertex 177.7000 -37.4000 180.9000
    endloop
  endfacet
  facet normal 0 0 1
    outer loop
      vertex 174.7000 -37.4000 180.9000
      vertex 177.7000 -37.4000 180.9000
      vertex 174.7000 -33.4000 180.9000
    endloop
  endfacet
  facet normal -1 0 0
    outer loop
      vertex 174.7000 -33.4000 177.9000
      vertex 174.7000 -33.4000 180.9000
      vertex 174.7000 -13.4000 180.9000
    endloop
  endfacet
  facet normal 0 0 -1
    outer loop
      vertex 174.7000 -33.4000 177.9000
      vertex 174.7000 -13.4000 177.9000
      vertex 177.7000 -13.4000 177.9000
    endloop
  endfacet
  facet normal -1 0 0
    outer loop
      vertex 174.7000 -33.4000 177.9000
      vertex 174.7000 -13.4000 180.9000
      vertex 174.7000 -13.4000 177.9000
    endloop
  endfacet
  facet normal 0 0 -1
    outer loop
      vertex 174.7000 -33.4000 177.9000
      vertex 177.7000 -13.4000 177.9000
      vertex 177.7000 -33.4000 177.9000
    endloop
  endfacet
  facet normal 0 0 1
    outer loop
      vertex 174.7000 -33.4000 180.9000
      vertex 177.7000 -37.4000 180.9000
      vertex 177.7000 -33.4000 180.9000
    endloop
  endfacet
  facet normal 0 0 1
    outer loop
      vertex 174.7000 -33.4000 180.9000
      vertex 177.7000 -33.4000 180.9000
      vertex 177.7000 -13.4000 180.9000
    endloop
  endfacet
  facet normal 0 0 1
    outer loop
      vertex 174.7000 -33.4000 180.9000
      vertex 177.7000 -13.4000 180.9000
      vertex 174.7000 -13.4000 180.9000
    endloop
  endfacet
  facet normal 0 1 0
    outer loop
      vertex 177.7000 -81.4000 177.9000
      vertex 177.7000 -81.4000 180.9000
      vertex 180.7000 -81.4000 177.9000
    endloop
  endfacet
  facet normal 1 0 0
    outer loop
      vertex 177.7000 -81.4000 177.9000
      vertex 177.7000 -61.4000 177.9000
      vertex 177.7000 -81.4000 180.9000
    endloop
  endfacet
  facet normal 1 0 0
    outer loop
      vertex 177.7000 -81.4000 180.9000
      vertex 177.7000 -61.4000 177.9000
      vertex 177.7000 -61.4000 180.9000
    endloop
  endfacet
  facet normal 0 1 0
    outer loop
      vertex 177.7000 -81.4000 180.9000
      vertex 180.7000 -81.4000 180.9000
      vertex 180.7000 -81.4000 177.9000
    endloop
  endfacet
  facet normal 0 0 -1
    outer loop
      vertex 177.7000 -61.4000 177.9000
      vertex 177.7000 -57.4000 177.9000
      vertex 180.7000 -57.4000 177.9000
    endloop
  endfacet
  facet normal 0 -1 0
    outer loop
      vertex 177.7000 -61.4000 177.9000
      vertex 180.7000 -61.4000 177.9000
      vertex 180.7000 -61.4000 180.9000
    endloop
  endfacet
  facet normal 0 -1 0
    outer loop
      vertex 177.7000 -61.4000 177.9000
      vertex 180.7000 -61.4000 180.9000
      vertex 177.7000 -61.4000 180.9000
    endloop
  endfacet
  facet normal 0 0 -1
    outer loop
      vertex 177.7000 -61.4000 177.9000
      vertex 180.7000 -57.4000 177.9000
      vertex 180.7000 -61.4000 177.9000
    endloop
  endfacet
  facet normal 0 0 1
    outer loop
      vertex 177.7000 -61.4000 180.9000
      vertex 180.7000 -61.4000 180.9000
      vertex 177.7000 -57.4000 180.9000
    endloop
  endfacet
  facet normal 0 1 0
    outer loop
      vertex 177.7000 -57.4000 177.9000
      vertex 177.7000 -57.4000 180.9000
      vertex 180.7000 -57.4000 177.9000
    endloop
  endfacet
  facet normal 1 0 0
    outer loop
      vertex 177.7000 -57.4000 177.9000
      vertex 177.7000 -37.4000 177.9000
      vertex 177.7000 -57.4000 180.9000
    endloop
  endfacet
  facet normal 1 0 0
    outer loop
      vertex 177.7000 -57.4000 180.9000
      vertex 177.7000 -37.4000 177.9000
      vertex 177.7000 -37.4000 180.9000
    endloop
  endfacet
  facet normal 0 0 1
    outer loop
      vertex 177.7000 -57.4000 180.9000
      vertex 180.7000 -61.4000 180.9000
      vertex 180.7000 -57.4000 180.9000
    endloop
  endfacet
  facet normal 0 1 0
    outer loop
      vertex 177.7000 -57.4000 180.9000
      vertex 180.7000 -57.4000 180.9000
      vertex 180.7000 -57.4000 177.9000
    endloop
  endfacet
  facet normal 0 0 -1
    outer loop
      vertex 177.7000 -37.4000 177.9000
      vertex 177.7000 -33.4000 177.9000
      vertex 180.7000 -33.4000 177.9000
    endloop
  endfacet
  facet normal 0 -1 0
    outer loop
      vertex 177.7000 -37.4000 177.9000
      vertex 180.7000 -37.4000 177.9000
      vertex 180.7000 -37.4000 180.9000
    endloop
  endfacet
  facet normal 0 -1 0
    outer loop
      vertex 177.7000 -37.4000 177.9000
      vertex 180.7000 -37.4000 180.9000
      vertex 177.7000 -37.4000 180.9000
    endloop
  endfacet
  facet normal 0 0 -1
    outer loop
      vertex 177.7000 -37.4000 177.9000
      vertex 180.7000 -33.4000 177.9000
      vertex 180.7000 -37.4000 177.9000
    endloop
  endfacet
  facet normal 0 0 1
    outer loop
      vertex 177.7000 -37.4000 180.9000
      vertex 180.7000 -37.4000 180.9000
      vertex 177.7000 -33.4000 180.9000
    endloop
  endfacet
  facet normal 0 1 0
    outer loop
      vertex 177.7000 -33.4000 177.9000
      vertex 177.7000 -33.4000 180.9000
      vertex 180.7000 -33.4000 177.9000
    endloop
  endfacet
  facet normal 1 0 0
    outer loop
      vertex 177.7000 -33.4000 177.9000
      vertex 177.7000 -13.4000 177.9000
      vertex 177.7000 -33.4000 180.9000
    endloop
  endfacet
  facet normal 1 0 0
    outer loop
      vertex 177.7000 -33.4000 180.9000
      vertex 177.7000 -13.4000 177.9000
      vertex 177.7000 -13.4000 180.9000
    endloop
  endfacet
  facet normal 0 0 1
    outer loop
      vertex 177.7000 -33.4000 180.9000
      vertex 180.7000 -37.4000 180.9000
      vertex 180.7000 -33.4000 180.9000
    endloop
  endfacet
  facet normal 0 1 0
    outer loop
      vertex 177.7000 -33.4000 180.9000
      vertex 180.7000 -33.4000 180.9000
      vertex 180.7000 -33.4000 177.9000
    endloop
  endfacet
  facet normal 0 -1 0
    outer loop
      vertex 177.7000 -13.4000 177.9000
      vertex 180.7000 -13.4000 177.9000
      vertex 180.7000 -13.4000 180.9000
    endloop
  endfacet
  facet normal 0 -1 0
    outer loop
      vertex 177.7000 -13.4000 177.9000
      vertex 180.7000 -13.4000 180.9000
      vertex 177.7000 -13.4000 180.9000
    endloop
  endfacet
  facet normal -1 0 0
    outer loop
      vertex 180.7000 -81.4000 177.9000
      vertex 180.7000 -81.4000 180.9000
      vertex 180.7000 -61.4000 180.9000
    endloop
  endfacet
  facet normal 0 0 -1
    outer loop
      vertex 180.7000 -81.4000 177.9000
      vertex 180.7000 -61.4000 177.9000
      vertex 183.7000 -61.4000 177.9000
    endloop
  endfacet
  facet normal -1 0 0
    outer loop
      vertex 180.7000 -81.4000 177.9000
      vertex 180.7000 -61.4000 180.9000
      vertex 180.7000 -61.4000 177.9000
    endloop
  endfacet
  facet normal 0 0 -1
    outer loop
      vertex 180.7000 -81.4000 177.9000
      vertex 183.7000 -61.4000 177.9000
      vertex 183.7000 -81.4000 177.9000
    endloop
  endfacet
  facet normal 0 0 1
    outer loop
      vertex 180.7000 -81.4000 180.9000
      vertex 183.7000 -81.4000 180.9000
      vertex 180.7000 -61.4000 180.9000
    endloop
  endfacet
  facet normal 0 0 -1
    outer loop
      vertex 180.7000 -61.4000 177.9000
      vertex 180.7000 -57.4000 177.9000
      vertex 183.7000 -57.4000 177.9000
    endloop
  endfacet
  facet normal 0 0 -1
    outer loop
      vertex 180.7000 -61.4000 177.9000
      vertex 183.7000 -57.4000 177.9000
      vertex 183.7000 -61.4000 177.9000
    endloop
  endfacet
  facet normal 0 0 1
    outer loop
      vertex 180.7000 -61.4000 180.9000
      vertex 183.7000 -81.4000 180.9000
      vertex 183.7000 -61.4000 180.9000
    endloop
  endfacet
  facet normal 0 0 1
    outer loop
      vertex 180.7000 -61.4000 180.9000
      vertex 183.7000 -61.4000 180.9000
      vertex 180.7000 -57.4000 180.9000
    endloop
  endfacet
  facet normal -1 0 0
    outer loop
      vertex 180.7000 -57.4000 177.9000
      vertex 180.7000 -57.4000 180.9000
      vertex 180.7000 -37.4000 180.9000
    endloop
  endfacet
  facet normal 0 0 -1
    outer loop
      vertex 180.7000 -57.4000 177.9000
      vertex 180.7000 -37.4000 177.9000
      vertex 183.7000 -37.4000 177.9000
    endloop
  endfacet
  facet normal -1 0 0
    outer loop
      vertex 180.7000 -57.4000 177.9000
      vertex 180.7000 -37.4000 180.9000
      vertex 180.7000 -37.4000 177.9000
    endloop
  endfacet
  facet normal 0 0 -1
    outer loop
      vertex 180.7000 -57.4000 177.9000
      vertex 183.7000 -37.4000 177.9000
      vertex 183.7000 -57.4000 177.9000
    endloop
  endfacet
  facet normal 0 0 1
    outer loop
      vertex 180.7000 -57.4000 180.9000
      vertex 183.7000 -61.4000 180.9000
      vertex 183.7000 -57.4000 180.9000
    endloop
  endfacet
  facet normal 0 0 1
    outer loop
      vertex 180.7000 -57.4000 180.9000
      vertex 183.7000 -57.4000 180.9000
      vertex 180.7000 -37.4000 180.9000
    endloop
  endfacet
  facet normal 0 0 -1
    outer loop
      vertex 180.7000 -37.4000 177.9000
      vertex 180.7000 -33.4000 177.9000
      vertex 183.7000 -33.4000 177.9000
    endloop
  endfacet
  facet normal 0 0 -1
    outer loop
      vertex 180.7000 -37.4000 177.9000
      vertex 183.7000 -33.4000 177.9000
      vertex 183.7000 -37.4000 177.9000
    endloop
  endfacet
  facet normal 0 0 1
    outer loop
      vertex 180.7000 -37.4000 180.9000
      vertex 183.7000 -57.4000 180.9000
      vertex 183.7000 -37.4000 180.9000
    endloop
  endfacet
  facet normal 0 0 1
    outer loop
      vertex 180.7000 -37.4000 180.9000
      vertex 183.7000 -37.4000 180.9000
      vertex 180.7000 -33.4000 180.9000
    endloop
  endfacet
  facet normal -1 0 0
    outer loop
      vertex 180.7000 -33.4000 177.9000
      vertex 180.7000 -33.4000 180.9000
      vertex 180.7000 -13.4000 180.9000
    endloop
  endfacet
  facet normal 0 0 -1
    outer loop
      vertex 180.7000 -33.4000 177.9000
      vertex 180.7000 -13.4000 177.9000
      vertex 183.7000 -13.4000 177.9000
    endloop
  endfacet
  facet normal -1 0 0
    outer loop
      vertex 180.7000 -33.4000 177.9000
      vertex 180.7000 -13.4000 180.9000
      vertex 180.7000 -13.4000 177.9000
    endloop
  endfacet
  facet normal 0 0 -1
    outer loop
      vertex 180.7000 -33.4000 177.9000
      vertex 183.7000 -13.4000 177.9000
      vertex 183.7000 -33.4000 177.9000
    endloop
  endfacet
  facet normal 0 0 1
    outer loop
      vertex 180.7000 -33.4000 180.9000
      vertex 183.7000 -37.4000 180.9000
      vertex 183.7000 -33.4000 180.9000
    endloop
  endfacet
  facet normal 0 0 1
    outer loop
      vertex 180.7000 -33.4000 180.9000
      vertex 183.7000 -33.4000 180.9000
      vertex 183.7000 -13.4000 180.9000
    endloop
  endfacet
  facet normal 0 0 1
    outer loop
      vertex 180.7000 -33.4000 180.9000
      vertex 183.7000 -13.4000 180.9000
      vertex 180.7000 -13.4000 180.9000
    endloop
  endfacet
  facet normal 0 1 0
    outer loop
      vertex 183.7000 -81.4000 177.9000
      vertex 183.7000 -81.4000 180.9000
      vertex 186.7000 -81.4000 177.9000
    endloop
  endfacet
  facet normal 1 0 0
    outer loop
      vertex 183.7000 -81.4000 177.9000
      vertex 183.7000 -61.4000 177.9000
      vertex 183.7000 -81.4000 180.9000
    endloop
  endfacet
  facet normal 1 0 0
    outer loop
      vertex 183.7000 -81.4000 180.9000
      vertex 183.7000 -61.4000 177.9000
      vertex 183.7000 -61.4000 180.9000
    endloop
  endfacet
  facet normal 0 1 0
    outer loop
      vertex 183.7000 -81.4000 180.9000
      vertex 186.7000 -81.4000 180.9000
      vertex 186.7000 -81.4000 177.9000
    endloop
  endfacet
  facet normal 0 0 -1
    outer loop
      vertex 183.7000 -61.4000 177.9000
      vertex 183.7000 -57.4000 177.9000
      vertex 186.7000 -57.4000 177.9000
    endloop
  endfacet
  facet normal 0 -1 0
    outer loop
      vertex 183.7000 -61.4000 177.9000
      vertex 186.7000 -61.4000 177.9000
      vertex 186.7000 -61.4000 180.9000
    endloop
  endfacet
  facet normal 0 -1 0
    outer loop
      vertex 183.7000 -61.4000 177.9000
      vertex 186.7000 -61.4000 180.9000
      vertex 183.7000 -61.4000 180.9000
    endloop
  endfacet
  facet normal 0 0 -1
    outer loop
      vertex 183.7000 -61.4000 177.9000
      vertex 186.7000 -57.4000 177.9000
      vertex 186.7000 -61.4000 177.9000
    endloop
  endfacet
  facet normal 0 0 1
    outer loop
      vertex 183.7000 -61.4000 180.9000
      vertex 186.7000 -61.4000 180.9000
      vertex 183.7000 -57.4000 180.9000
    endloop
  endfacet
  facet normal 0 1 0
    outer loop
      vertex 183.7000 -57.4000 177.9000
      vertex 183.7000 -57.4000 180.9000
      vertex 186.7000 -57.4000 177.9000
    endloop
  endfacet
  facet normal 1 0 0
    outer loop
      vertex 183.7000 -57.4000 177.9000
      vertex 183.7000 -37.4000 177.9000
      vertex 183.7000 -57.4000 180.9000
    endloop
  endfacet
  facet normal 1 0 0
    outer loop
      vertex 183.7000 -57.4000 180.9000
      vertex 183.7000 -37.4000 177.9000
      vertex 183.7000 -37.4000 180.9000
    endloop
  endfacet
  facet normal 0 0 1
    outer loop
      vertex 183.7000 -57.4000 180.9000
      vertex 186.7000 -61.4000 180.9000
      vertex 186.7000 -57.4000 180.9000
    endloop
  endfacet
  facet normal 0 1 0
    outer loop
      vertex 183.7000 -57.4000 180.9000
      vertex 186.7000 -57.4000 180.9000
      vertex 186.7000 -57.4000 177.9000
    endloop
  endfacet
  facet normal 0 0 -1
    outer loop
      vertex 183.7000 -37.4000 177.9000
      vertex 183.7000 -33.4000 177.9000
      vertex 186.7000 -33.4000 177.9000
    endloop
  endfacet
  facet normal 0 -1 0
    outer loop
      vertex 183.7000 -37.4000 177.9000
      vertex 186.7000 -37.4000 177.9000
      vertex 186.7000 -37.4000 180.9000
    endloop
  endfacet
  facet normal 0 -1 0
    outer loop
      vertex 183.7000 -37.4000 177.9000
      vertex 186.7000 -37.4000 180.9000
      vertex 183.7000 -37.4000 180.9000
    endloop
  endfacet
  facet normal 0 0 -1
    outer loop
      vertex 183.7000 -37.4000 177.9000
      vertex 186.7000 -33.4000 177.9000
      vertex 186.7000 -37.4000 177.9000
    endloop
  endfacet
  facet normal 0 0 1
    outer loop
      vertex 183.7000 -37.4000 180.9000
      vertex 186.7000 -37.4000 180.9000
      vertex 183.7000 -33.4000 180.9000
    endloop
  endfacet
  facet normal 0 1 0
    outer loop
      vertex 183.7000 -33.4000 177.9000
      vertex 183.7000 -33.4000 180.9000
      vertex 186.7000 -33.4000 177.9000
    endloop
  endfacet
  facet normal 1 0 0
    outer loop
      vertex 183.7000 -33.4000 177.9000
      vertex 183.7000 -13.4000 177.9000
      vertex 183.7000 -33.4000 180.9000
    endloop
  endfacet
  facet normal 1 0 0
    outer loop
      vertex 183.7000 -33.4000 180.9000
      vertex 183.7000 -13.4000 177.9000
      vertex 183.7000 -13.4000 180.9000
    endloop
  endfacet
  facet normal 0 0 1
    outer loop
      vertex 183.7000 -33.4000 180.9000
      vertex 186.7000 -37.4000 180.9000
      vertex 186.7000 -33.4000 180.9000
    endloop
  endfacet
  facet normal 0 1 0
    outer loop
      vertex 183.7000 -33.4000 180.9000
      vertex 186.7000 -33.4000 180.9000
      vertex 186.7000 -33.4000 177.9000
    endloop
  endfacet
  facet normal 0 -1 0
    outer loop
      vertex 183.7000 -13.4000 177.9000
      vertex 186.7000 -13.4000 177.9000
      vertex 186.7000 -13.4000 180.9000
    endloop
  endfacet
  facet normal 0 -1 0
    outer loop
      vertex 183.7000 -13.4000 177.9000
      vertex 186.7000 -13.4000 180.9000
      vertex 183.7000 -13.4000 180.9000
    endloop
  endfacet
  facet normal -1 0 0
    outer loop
      vertex 186.7000 -81.4000 177.9000
      vertex 186.7000 -81.4000 180.9000
      vertex 186.7000 -61.4000 180.9000
    endloop
  endfacet
  facet normal 0 0 -1
    outer loop
      vertex 186.7000 -81.4000 177.9000
      vertex 186.7000 -61.4000 177.9000
      vertex 189.7000 -61.4000 177.9000
    endloop
  endfacet
  facet normal -1 0 0
    outer loop
      vertex 186.7000 -81.4000 177.9000
      vertex 186.7000 -61.4000 180.9000
      vertex 186.7000 -61.4000 177.9000
    endloop
  endfacet
  facet normal 0 0 -1
    outer loop
      vertex 186.7000 -81.4000 177.9000
      vertex 189.7000 -61.4000 177.9000
      vertex 189.7000 -81.4000 177.9000
    endloop
  endfacet
  facet normal 0 0 1
    outer loop
      vertex 186.7000 -81.4000 180.9000
      vertex 189.7000 -81.4000 180.9000
      vertex 186.7000 -61.4000 180.9000
    endloop
  endfacet
  facet normal 0 0 -1
    outer loop
      vertex 186.7000 -61.4000 177.9000
      vertex 186.7000 -57.4000 177.9000
      vertex 189.7000 -57.4000 177.9000
    endloop
  endfacet
  facet normal 0 0 -1
    outer loop
      vertex 186.7000 -61.4000 177.9000
      vertex 189.7000 -57.4000 177.9000
      vertex 189.7000 -61.4000 177.9000
    endloop
  endfacet
  facet normal 0 0 1
    outer loop
      vertex 186.7000 -61.4000 180.9000
      vertex 189.7000 -81.4000 180.9000
      vertex 189.7000 -61.4000 180.9000
    endloop
  endfacet
  facet normal 0 0 1
    outer loop
      vertex 186.7000 -61.4000 180.9000
      vertex 189.7000 -61.4000 180.9000
      vertex 186.7000 -57.4000 180.9000
    endloop
  endfacet
  facet normal -1 0 0
    outer loop
      vertex 186.7000 -57.4000 177.9000
      vertex 186.7000 -57.4000 180.9000
      vertex 186.7000 -37.4000 180.9000
    endloop
  endfacet
  facet normal 0 0 -1
    outer loop
      vertex 186.7000 -57.4000 177.9000
      vertex 186.7000 -37.4000 177.9000
      vertex 189.7000 -37.4000 177.9000
    endloop
  endfacet
  facet normal -1 0 0
    outer loop
      vertex 186.7000 -57.4000 177.9000
      vertex 186.7000 -37.4000 180.9000
      vertex 186.7000 -37.4000 177.9000
    endloop
  endfacet
  facet normal 0 0 -1
    outer loop
      vertex 186.7000 -57.4000 177.9000
      vertex 189.7000 -37.4000 177.9000
      vertex 189.7000 -57.4000 177.9000
    endloop
  endfacet
  facet normal 0 0 1
    outer loop
      vertex 186.7000 -57.4000 180.9000
      vertex 189.7000 -61.4000 180.9000
      vertex 189.7000 -57.4000 180.9000
    endloop
  endfacet
  facet normal 0 0 1
    outer loop
      vertex 186.7000 -57.4000 180.9000
      vertex 189.7000 -57.4000 180.9000
      vertex 186.7000 -37.4000 180.9000
    endloop
  endfacet
  facet normal 0 0 -1
    outer loop
      vertex 186.7000 -37.4000 177.9000
      vertex 186.7000 -33.4000 177.9000
      vertex 189.7000 -33.4000 177.9000
    endloop
  endfacet
  facet normal 0 0 -1
    outer loop
      vertex 186.7000 -37.4000 177.9000
      vertex 189.7000 -33.4000 177.9000
      vertex 189.7000 -37.4000 177.9000
    endloop
  endfacet
  facet normal 0 0 1
    outer loop
      vertex 186.7000 -37.4000 180.9000
      vertex 189.7000 -57.4000 180.9000
      vertex 189.7000 -37.4000 180.9000
    endloop
  endfacet
  facet normal 0 0 1
    outer loop
      vertex 186.7000 -37.4000 180.9000
      vertex 189.7000 -37.4000 180.9000
      vertex 186.7000 -33.4000 180.9000
    endloop
  endfacet
  facet normal -1 0 0
    outer loop
      vertex 186.7000 -33.4000 177.9000
      vertex 186.7000 -33.4000 180.9000
      vertex 186.7000 -13.4000 180.9000
    endloop
  endfacet
  facet normal 0 0 -1
    outer loop
      vertex 186.7000 -33.4000 177.9000
      vertex 186.7000 -13.4000 177.9000
      vertex 189.7000 -13.4000 177.9000
    endloop
  endfacet
  facet normal -1 0 0
    outer loop
      vertex 186.7000 -33.4000 177.9000
      vertex 186.7000 -13.4000 180.9000
      vertex 186.7000 -13.4000 177.9000
    endloop
  endfacet
  facet normal 0 0 -1
    outer loop
      vertex 186.7000 -33.4000 177.9000
      vertex 189.7000 -13.4000 177.9000
      vertex 189.7000 -33.4000 177.9000
    endloop
  endfacet
  facet normal 0 0 1
    outer loop
      vertex 186.7000 -33.4000 180.9000
      vertex 189.7000 -37.4000 180.9000
      vertex 189.7000 -33.4000 180.9000
    endloop
  endfacet
  facet normal 0 0 1
    outer loop
      vertex 186.7000 -33.4000 180.9000
      vertex 189.7000 -33.4000 180.9000
      vertex 189.7000 -13.4000 180.9000
    endloop
  endfacet
  facet normal 0 0 1
    outer loop
      vertex 186.7000 -33.4000 180.9000
      vertex 189.7000 -13.4000 180.9000
      vertex 186.7000 -13.4000 180.9000
    endloop
  endfacet
  facet normal 0 1 0
    outer loop
      vertex 189.7000 -81.4000 177.9000
      vertex 189.7000 -81.4000 180.9000
      vertex 192.7000 -81.4000 177.9000
    endloop
  endfacet
  facet normal 1 0 0
    outer loop
      vertex 189.7000 -81.4000 177.9000
      vertex 189.7000 -61.4000 177.9000
      vertex 189.7000 -81.4000 180.9000
    endloop
  endfacet
  facet normal 1 0 0
    outer loop
      vertex 189.7000 -81.4000 180.9000
      vertex 189.7000 -61.4000 177.9000
      vertex 189.7000 -61.4000 180.9000
    endloop
  endfacet
  facet normal 0 1 0
    outer loop
      vertex 189.7000 -81.4000 180.9000
      vertex 192.7000 -81.4000 180.9000
      vertex 192.7000 -81.4000 177.9000
    endloop
  endfacet
  facet normal 0 0 -1
    outer loop
      vertex 189.7000 -61.4000 177.9000
      vertex 189.7000 -57.4000 177.9000
      vertex 192.7000 -57.4000 177.9000
    endloop
  endfacet
  facet normal 0 -1 0
    outer loop
      vertex 189.7000 -61.4000 177.9000
      vertex 192.7000 -61.4000 177.9000
      vertex 192.7000 -61.4000 180.9000
    endloop
  endfacet
  facet normal 0 -1 0
    outer loop
      vertex 189.7000 -61.4000 177.9000
      vertex 192.7000 -61.4000 180.9000
      vertex 189.7000 -61.4000 180.9000
    endloop
  endfacet
  facet normal 0 0 -1
    outer loop
      vertex 189.7000 -61.4000 177.9000
      vertex 192.7000 -57.4000 177.9000
      vertex 192.7000 -61.4000 177.9000
    endloop
  endfacet
  facet normal 0 0 1
    outer loop
      vertex 189.7000 -61.4000 180.9000
      vertex 192.7000 -61.4000 180.9000
      vertex 189.7000 -57.4000 180.9000
    endloop
  endfacet
  facet normal 0 1 0
    outer loop
      vertex 189.7000 -57.4000 177.9000
      vertex 189.7000 -57.4000 180.9000
      vertex 192.7000 -57.4000 177.9000
    endloop
  endfacet
  facet normal 1 0 0
    outer loop
      vertex 189.7000 -57.4000 177.9000
      vertex 189.7000 -37.4000 177.9000
      vertex 189.7000 -57.4000 180.9000
    endloop
  endfacet
  facet normal 1 0 0
    outer loop
      vertex 189.7000 -57.4000 180.9000
      vertex 189.7000 -37.4000 177.9000
      vertex 189.7000 -37.4000 180.9000
    endloop
  endfacet
  facet normal 0 0 1
    outer loop
      vertex 189.7000 -57.4000 180.9000
      vertex 192.7000 -61.4000 180.9000
      vertex 192.7000 -57.4000 180.9000
    endloop
  endfacet
  facet normal 0 1 0
    outer loop
      vertex 189.7000 -57.4000 180.9000
      vertex 192.7000 -57.4000 180.9000
      vertex 192.7000 -57.4000 177.9000
    endloop
  endfacet
  facet normal 0 0 -1
    outer loop
      vertex 189.7000 -37.4000 177.9000
      vertex 189.7000 -33.4000 177.9000
      vertex 192.7000 -33.4000 177.9000
    endloop
  endfacet
  facet normal 0 -1 0
    outer loop
      vertex 189.7000 -37.4000 177.9000
      vertex 192.7000 -37.4000 177.9000
      vertex 192.7000 -37.4000 180.9000
    endloop
  endfacet
  facet normal 0 -1 0
    outer loop
      vertex 189.7000 -37.4000 177.9000
      vertex 192.7000 -37.4000 180.9000
      vertex 189.7000 -37.4000 180.9000
    endloop
  endfacet
  facet normal 0 0 -1
    outer loop
      vertex 189.7000 -37.4000 177.9000
      vertex 192.7000 -33.4000 177.9000
      vertex 192.7000 -37.4000 177.9000
    endloop
  endfacet
  facet normal 0 0 1
    outer loop
      vertex 189.7000 -37.4000 180.9000
      vertex 192.7000 -37.4000 180.9000
      vertex 189.7000 -33.4000 180.9000
    endloop
  endfacet
  facet normal 0 1 0
    outer loop
      vertex 189.7000 -33.4000 177.9000
      vertex 189.7000 -33.4000 180.9000
      vertex 192.7000 -33.4000 177.9000
    endloop
  endfacet
  facet normal 1 0 0
    outer loop
      vertex 189.7000 -33.4000 177.9000
      vertex 189.7000 -13.4000 177.9000
      vertex 189.7000 -33.4000 180.9000
    endloop
  endfacet
  facet normal 1 0 0
    outer loop
      vertex 189.7000 -33.4000 180.9000
      vertex 189.7000 -13.4000 177.9000
      vertex 189.7000 -13.4000 180.9000
    endloop
  endfacet
  facet normal 0 0 1
    outer loop
      vertex 189.7000 -33.4000 180.9000
      vertex 192.7000 -37.4000 180.9000
      vertex 192.7000 -33.4000 180.9000
    endloop
  endfacet
  facet normal 0 1 0
    outer loop
      vertex 189.7000 -33.4000 180.9000
      vertex 192.7000 -33.4000 180.9000
      vertex 192.7000 -33.4000 177.9000
    endloop
  endfacet
  facet normal 0 -1 0
    outer loop
      vertex 189.7000 -13.4000 177.9000
      vertex 192.7000 -13.4000 177.9000
      vertex 192.7000 -13.4000 180.9000
    endloop
  endfacet
  facet normal 0 -1 0
    outer loop
      vertex 189.7000 -13.4000 177.9000
      vertex 192.7000 -13.4000 180.9000
      vertex 189.7000 -13.4000 180.9000
    endloop
  endfacet
  facet normal -1 0 0
    outer loop
      vertex 192.7000 -81.4000 177.9000
      vertex 192.7000 -81.4000 180.9000
      vertex 192.7000 -61.4000 180.9000
    endloop
  endfacet
  facet normal 0 0 -1
    outer loop
      vertex 192.7000 -81.4000 177.9000
      vertex 192.7000 -61.4000 177.9000
      vertex 195.7000 -61.4000 177.9000
    endloop
  endfacet
  facet normal -1 0 0
    outer loop
      vertex 192.7000 -81.4000 177.9000
      vertex 192.7000 -61.4000 180.9000
      vertex 192.7000 -61.4000 177.9000
    endloop
  endfacet
  facet normal 0 0 -1
    outer loop
      vertex 192.7000 -81.4000 177.9000
      vertex 195.7000 -61.4000 177.9000
      vertex 195.7000 -81.4000 177.9000
    endloop
  endfacet
  facet normal 0 0 1
    outer loop
      vertex 192.7000 -81.4000 180.9000
      vertex 195.7000 -81.4000 180.9000
      vertex 192.7000 -61.4000 180.9000
    endloop
  endfacet
  facet normal 0 0 -1
    outer loop
      vertex 192.7000 -61.4000 177.9000
      vertex 192.7000 -57.4000 177.9000
      vertex 195.7000 -57.4000 177.9000
    endloop
  endfacet
  facet normal 0 0 -1
    outer loop
      vertex 192.7000 -61.4000 177.9000
      vertex 195.7000 -57.4000 177.9000
      vertex 195.7000 -61.4000 177.9000
    endloop
  endfacet
  facet normal 0 0 1
    outer loop
      vertex 192.7000 -61.4000 180.9000
      vertex 195.7000 -81.4000 180.9000
      vertex 195.7000 -61.4000 180.9000
    endloop
  endfacet
  facet normal 0 0 1
    outer loop
      vertex 192.7000 -61.4000 180.9000
      vertex 195.7000 -61.4000 180.9000
      vertex 192.7000 -57.4000 180.9000
    endloop
  endfacet
  facet normal -1 0 0
    outer loop
      vertex 192.7000 -57.4000 177.9000
      vertex 192.7000 -57.4000 180.9000
      vertex 192.7000 -37.4000 180.9000
    endloop
  endfacet
  facet normal 0 0 -1
    outer loop
      vertex 192.7000 -57.4000 177.9000
      vertex 192.7000 -37.4000 177.9000
      vertex 195.7000 -37.4000 177.9000
    endloop
  endfacet
  facet normal -1 0 0
    outer loop
      vertex 192.7000 -57.4000 177.9000
      vertex 192.7000 -37.4000 180.9000
      vertex 192.7000 -37.4000 177.9000
    endloop
  endfacet
  facet normal 0 0 -1
    outer loop
      vertex 192.7000 -57.4000 177.9000
      vertex 195.7000 -37.4000 177.9000
      vertex 195.7000 -57.4000 177.9000
    endloop
  endfacet
  facet normal 0 0 1
    outer loop
      vertex 192.7000 -57.4000 180.9000
      vertex 195.7000 -61.4000 180.9000
      vertex 195.7000 -57.4000 180.9000
    endloop
  endfacet
  facet normal 0 0 1
    outer loop
      vertex 192.7000 -57.4000 180.9000
      vertex 195.7000 -57.4000 180.9000
      vertex 192.7000 -37.4000 180.9000
    endloop
  endfacet
  facet normal 0 0 -1
    outer loop
      vertex 192.7000 -37.4000 177.9000
      vertex 192.7000 -33.4000 177.9000
      vertex 195.7000 -33.4000 177.9000
    endloop
  endfacet
  facet normal 0 0 -1
    outer loop
      vertex 192.7000 -37.4000 177.9000
      vertex 195.7000 -33.4000 177.9000
      vertex 195.7000 -37.4000 177.9000
    endloop
  endfacet
  facet normal 0 0 1
    outer loop
      vertex 192.7000 -37.4000 180.9000
      vertex 195.7000 -57.4000 180.9000
      vertex 195.7000 -37.4000 180.9000
    endloop
  endfacet
  facet normal 0 0 1
    outer loop
      vertex 192.7000 -37.4000 180.9000
      vertex 195.7000 -37.4000 180.9000
      vertex 192.7000 -33.4000 180.9000
    endloop
  endfacet
  facet normal -1 0 0
    outer loop
      vertex 192.7000 -33.4000 177.9000
      vertex 192.7000 -33.4000 180.9000
      vertex 192.7000 -13.4000 180.9000
    endloop
  endfacet
  facet normal 0 0 -1
    outer loop
      vertex 192.7000 -33.4000 177.9000
      vertex 192.7000 -13.4000 177.9000
      vertex 195.7000 -13.4000 177.9000
    endloop
  endfacet
  facet normal -1 0 0
    outer loop
      vertex 192.7000 -33.4000 177.9000
      vertex 192.7000 -13.4000 180.9000
      vertex 192.7000 -13.4000 177.9000
    endloop
  endfacet
  facet normal 0 0 -1
    outer loop
      vertex 192.7000 -33.4000 177.9000
      vertex 195.7000 -13.4000 177.9000
      vertex 195.7000 -33.4000 177.9000
    endloop
  endfacet
  facet normal 0 0 1
    outer loop
      vertex 192.7000 -33.4000 180.9000
      vertex 195.7000 -37.4000 180.9000
      vertex 195.7000 -33.4000 180.9000
    endloop
  endfacet
  facet normal 0 0 1
    outer loop
      vertex 192.7000 -33.4000 180.9000
      vertex 195.7000 -33.4000 180.9000
      vertex 195.7000 -13.4000 180.9000
    endloop
  endfacet
  facet normal 0 0 1
    outer loop
      vertex 192.7000 -33.4000 180.9000
      vertex 195.7000 -13.4000 180.9000
      vertex 192.7000 -13.4000 180.9000
    endloop
  endfacet
  facet normal 0 1 0
    outer loop
      vertex 195.7000 -81.4000 177.9000
      vertex 195.7000 -81.4000 180.9000
      vertex 198.7000 -81.4000 177.9000
    endloop
  endfacet
  facet normal 1 0 0
    outer loop
      vertex 195.7000 -81.4000 177.9000
      vertex 195.7000 -61.4000 177.9000
      vertex 195.7000 -81.4000 180.9000
    endloop
  endfacet
  facet normal 1 0 0
    outer loop
      vertex 195.7000 -81.4000 180.9000
      vertex 195.7000 -61.4000 177.9000
      vertex 195.7000 -61.4000 180.9000
    endloop
  endfacet
  facet normal 0 1 0
    outer loop
      vertex 195.7000 -81.4000 180.9000
      vertex 198.7000 -81.4000 180.9000
      vertex 198.7000 -81.4000 177.9000
    endloop
  endfacet
  facet normal 0 0 1
    outer loop
      vertex 195.7000 -81.4000 180.9000
      vertex 261.7000 -94.0000 180.9000
      vertex 198.7000 -81.4000 180.9000
    endloop
  endfacet
  facet normal 0 0 -1
    outer loop
      vertex 195.7000 -61.4000 177.9000
      vertex 195.7000 -57.4000 177.9000
      vertex 198.7000 -57.4000 177.9000
    endloop
  endfacet
  facet normal 0 -1 0
    outer loop
      vertex 195.7000 -61.4000 177.9000
      vertex 198.7000 -61.4000 177.9000
      vertex 198.7000 -61.4000 180.9000
    endloop
  endfacet
  facet normal 0 -1 0
    outer loop
      vertex 195.7000 -61.4000 177.9000
      vertex 198.7000 -61.4000 180.9000
      vertex 195.7000 -61.4000 180.9000
    endloop
  endfacet
  facet normal 0 0 -1
    outer loop
      vertex 195.7000 -61.4000 177.9000
      vertex 198.7000 -57.4000 177.9000
      vertex 198.7000 -61.4000 177.9000
    endloop
  endfacet
  facet normal 0 0 1
    outer loop
      vertex 195.7000 -61.4000 180.9000
      vertex 198.7000 -61.4000 180.9000
      vertex 195.7000 -57.4000 180.9000
    endloop
  endfacet
  facet normal 0 1 0
    outer loop
      vertex 195.7000 -57.4000 177.9000
      vertex 195.7000 -57.4000 180.9000
      vertex 198.7000 -57.4000 177.9000
    endloop
  endfacet
  facet normal 1 0 0
    outer loop
      vertex 195.7000 -57.4000 177.9000
      vertex 195.7000 -37.4000 177.9000
      vertex 195.7000 -57.4000 180.9000
    endloop
  endfacet
  facet normal 1 0 0
    outer loop
      vertex 195.7000 -57.4000 180.9000
      vertex 195.7000 -37.4000 177.9000
      vertex 195.7000 -37.4000 180.9000
    endloop
  endfacet
  facet normal 0 0 1
    outer loop
      vertex 195.7000 -57.4000 180.9000
      vertex 198.7000 -61.4000 180.9000
      vertex 198.7000 -57.4000 180.9000
    endloop
  endfacet
  facet normal 0 1 0
    outer loop
      vertex 195.7000 -57.4000 180.9000
      vertex 198.7000 -57.4000 180.9000
      vertex 198.7000 -57.4000 177.9000
    endloop
  endfacet
  facet normal 0 0 -1
    outer loop
      vertex 195.7000 -37.4000 177.9000
      vertex 195.7000 -33.4000 177.9000
      vertex 198.7000 -33.4000 177.9000
    endloop
  endfacet
  facet normal 0 -1 0
    outer loop
      vertex 195.7000 -37.4000 177.9000
      vertex 198.7000 -37.4000 177.9000
      vertex 198.7000 -37.4000 180.9000
    endloop
  endfacet
  facet normal 0 -1 0
    outer loop
      vertex 195.7000 -37.4000 177.9000
      vertex 198.7000 -37.4000 180.9000
      vertex 195.7000 -37.4000 180.9000
    endloop
  endfacet
  facet normal 0 0 -1
    outer loop
      vertex 195.7000 -37.4000 177.9000
      vertex 198.7000 -33.4000 177.9000
      vertex 198.7000 -37.4000 177.9000
    endloop
  endfacet
  facet normal 0 0 1
    outer loop
      vertex 195.7000 -37.4000 180.9000
      vertex 198.7000 -37.4000 180.9000
      vertex 195.7000 -33.4000 180.9000
    endloop
  endfacet
  facet normal 0 1 0
    outer loop
      vertex 195.7000 -33.4000 177.9000
      vertex 195.7000 -33.4000 180.9000
      vertex 198.7000 -33.4000 177.9000
    endloop
  endfacet
  facet normal 1 0 0
    outer loop
      vertex 195.7000 -33.4000 177.9000
      vertex 195.7000 -13.4000 177.9000
      vertex 195.7000 -33.4000 180.9000
    endloop
  endfacet
  facet normal 1 0 0
    outer loop
      vertex 195.7000 -33.4000 180.9000
      vertex 195.7000 -13.4000 177.9000
      vertex 195.7000 -13.4000 180.9000
    endloop
  endfacet
  facet normal 0 0 1
    outer loop
      vertex 195.7000 -33.4000 180.9000
      vertex 198.7000 -37.4000 180.9000
      vertex 198.7000 -33.4000 180.9000
    endloop
  endfacet
  facet normal 0 1 0
    outer loop
      vertex 195.7000 -33.4000 180.9000
      vertex 198.7000 -33.4000 180.9000
      vertex 198.7000 -33.4000 177.9000
    endloop
  endfacet
  facet normal 0 -1 0
    outer loop
      vertex 195.7000 -13.4000 177.9000
      vertex 198.7000 -13.4000 177.9000
      vertex 198.7000 -13.4000 180.9000
    endloop
  endfacet
  facet normal 0 -1 0
    outer loop
      vertex 195.7000 -13.4000 177.9000
      vertex 198.7000 -13.4000 180.9000
      vertex 195.7000 -13.4000 180.9000
    endloop
  endfacet
  facet normal 0 0 1
    outer loop
      vertex 195.7000 -13.4000 180.9000
      vertex 198.7000 -13.4000 180.9000
      vertex 250.0000 40.0000 180.9000
    endloop
  endfacet
  facet normal -1 0 0
    outer loop
      vertex 198.7000 -81.4000 177.9000
      vertex 198.7000 -81.4000 180.9000
      vertex 198.7000 -61.4000 180.9000
    endloop
  endfacet
  facet normal 0 0 -1
    outer loop
      vertex 198.7000 -81.4000 177.9000
      vertex 198.7000 -61.4000 177.9000
      vertex 201.7000 -61.4000 177.9000
    endloop
  endfacet
  facet normal -1 0 0
    outer loop
      vertex 198.7000 -81.4000 177.9000
      vertex 198.7000 -61.4000 180.9000
      vertex 198.7000 -61.4000 177.9000
    endloop
  endfacet
  facet normal 0 0 -1
    outer loop
      vertex 198.7000 -81.4000 177.9000
      vertex 201.7000 -81.4000 177.9000
      vertex 246.2000 -87.5000 177.9000
    endloop
  endfacet
  facet normal 0 0 -1
    outer loop
      vertex 198.7000 -81.4000 177.9000
      vertex 201.7000 -61.4000 177.9000
      vertex 201.7000 -81.4000 177.9000
    endloop
  endfacet
  facet normal 0 0 1
    outer loop
      vertex 198.7000 -81.4000 180.9000
      vertex 201.7000 -81.4000 180.9000
      vertex 198.7000 -61.4000 180.9000
    endloop
  endfacet
  facet normal 0 0 1
    outer loop
      vertex 198.7000 -81.4000 180.9000
      vertex 261.7000 -94.0000 180.9000
      vertex 201.7000 -81.4000 180.9000
    endloop
  endfacet
  facet normal 0 0 -1
    outer loop
      vertex 198.7000 -61.4000 177.9000
      vertex 198.7000 -57.4000 177.9000
      vertex 201.7000 -57.4000 177.9000
    endloop
  endfacet
  facet normal 0 0 -1
    outer loop
      vertex 198.7000 -61.4000 177.9000
      vertex 201.7000 -57.4000 177.9000
      vertex 201.7000 -61.4000 177.9000
    endloop
  endfacet
  facet normal 0 0 1
    outer loop
      vertex 198.7000 -61.4000 180.9000
      vertex 201.7000 -81.4000 180.9000
      vertex 201.7000 -61.4000 180.9000
    endloop
  endfacet
  facet normal 0 0 1
    outer loop
      vertex 198.7000 -61.4000 180.9000
      vertex 201.7000 -61.4000 180.9000
      vertex 198.7000 -57.4000 180.9000
    endloop
  endfacet
  facet normal -1 0 0
    outer loop
      vertex 198.7000 -57.4000 177.9000
      vertex 198.7000 -57.4000 180.9000
      vertex 198.7000 -37.4000 180.9000
    endloop
  endfacet
  facet normal 0 0 -1
    outer loop
      vertex 198.7000 -57.4000 177.9000
      vertex 198.7000 -37.4000 177.9000
      vertex 201.7000 -37.4000 177.9000
    endloop
  endfacet
  facet normal -1 0 0
    outer loop
      vertex 198.7000 -57.4000 177.9000
      vertex 198.7000 -37.4000 180.9000
      vertex 198.7000 -37.4000 177.9000
    endloop
  endfacet
  facet normal 0 0 -1
    outer loop
      vertex 198.7000 -57.4000 177.9000
      vertex 201.7000 -37.4000 177.9000
      vertex 201.7000 -57.4000 177.9000
    endloop
  endfacet
  facet normal 0 0 1
    outer loop
      vertex 198.7000 -57.4000 180.9000
      vertex 201.7000 -61.4000 180.9000
      vertex 201.7000 -57.4000 180.9000
    endloop
  endfacet
  facet normal 0 0 1
    outer loop
      vertex 198.7000 -57.4000 180.9000
      vertex 201.7000 -57.4000 180.9000
      vertex 198.7000 -37.4000 180.9000
    endloop
  endfacet
  facet normal 0 0 -1
    outer loop
      vertex 198.7000 -37.4000 177.9000
      vertex 198.7000 -33.4000 177.9000
      vertex 201.7000 -33.4000 177.9000
    endloop
  endfacet
  facet normal 0 0 -1
    outer loop
      vertex 198.7000 -37.4000 177.9000
      vertex 201.7000 -33.4000 177.9000
      vertex 201.7000 -37.4000 177.9000
    endloop
  endfacet
  facet normal 0 0 1
    outer loop
      vertex 198.7000 -37.4000 180.9000
      vertex 201.7000 -57.4000 180.9000
      vertex 201.7000 -37.4000 180.9000
    endloop
  endfacet
  facet normal 0 0 1
    outer loop
      vertex 198.7000 -37.4000 180.9000
      vertex 201.7000 -37.4000 180.9000
      vertex 198.7000 -33.4000 180.9000
    endloop
  endfacet
  facet normal -1 0 0
    outer loop
      vertex 198.7000 -33.4000 177.9000
      vertex 198.7000 -33.4000 180.9000
      vertex 198.7000 -13.4000 180.9000
    endloop
  endfacet
  facet normal 0 0 -1
    outer loop
      vertex 198.7000 -33.4000 177.9000
      vertex 198.7000 -13.4000 177.9000
      vertex 201.7000 -13.4000 177.9000
    endloop
  endfacet
  facet normal -1 0 0
    outer loop
      vertex 198.7000 -33.4000 177.9000
      vertex 198.7000 -13.4000 180.9000
      vertex 198.7000 -13.4000 177.9000
    endloop
  endfacet
  facet normal 0 0 -1
    outer loop
      vertex 198.7000 -33.4000 177.9000
      vertex 201.7000 -13.4000 177.9000
      vertex 201.7000 -33.4000 177.9000
    endloop
  endfacet
  facet normal 0 0 1
    outer loop
      vertex 198.7000 -33.4000 180.9000
      vertex 201.7000 -37.4000 180.9000
      vertex 201.7000 -33.4000 180.9000
    endloop
  endfacet
  facet normal 0 0 1
    outer loop
      vertex 198.7000 -33.4000 180.9000
      vertex 201.7000 -33.4000 180.9000
      vertex 201.7000 -13.4000 180.9000
    endloop
  endfacet
  facet normal 0 0 1
    outer loop
      vertex 198.7000 -33.4000 180.9000
      vertex 201.7000 -13.4000 180.9000
      vertex 198.7000 -13.4000 180.9000
    endloop
  endfacet
  facet normal 0 0 -1
    outer loop
      vertex 198.7000 -13.4000 177.9000
      vertex 250.0000 40.0000 177.9000
      vertex 201.7000 -13.4000 177.9000
    endloop
  endfacet
  facet normal 0 0 1
    outer loop
      vertex 198.7000 -13.4000 180.9000
      vertex 201.7000 -13.4000 180.9000
      vertex 250.0000 40.0000 180.9000
    endloop
  endfacet
  facet normal 0 1 0
    outer loop
      vertex 201.7000 -81.4000 177.9000
      vertex 201.7000 -81.4000 180.9000
      vertex 204.7000 -81.4000 177.9000
    endloop
  endfacet
  facet normal 1 0 0
    outer loop
      vertex 201.7000 -81.4000 177.9000
      vertex 201.7000 -61.4000 177.9000
      vertex 201.7000 -81.4000 180.9000
    endloop
  endfacet
  facet normal 0 0 -1
    outer loop
      vertex 201.7000 -81.4000 177.9000
      vertex 204.7000 -81.4000 177.9000
      vertex 246.2000 -87.5000 177.9000
    endloop
  endfacet
  facet normal 1 0 0
    outer loop
      vertex 201.7000 -81.4000 180.9000
      vertex 201.7000 -61.4000 177.9000
      vertex 201.7000 -61.4000 180.9000
    endloop
  endfacet
  facet normal 0 1 0
    outer loop
      vertex 201.7000 -81.4000 180.9000
      vertex 204.7000 -81.4000 180.9000
      vertex 204.7000 -81.4000 177.9000
    endloop
  endfacet
  facet normal 0 0 1
    outer loop
      vertex 201.7000 -81.4000 180.9000
      vertex 261.7000 -94.0000 180.9000
      vertex 204.7000 -81.4000 180.9000
    endloop
  endfacet
  facet normal 0 0 -1
    outer loop
      vertex 201.7000 -61.4000 177.9000
      vertex 201.7000 -57.4000 177.9000
      vertex 204.7000 -57.4000 177.9000
    endloop
  endfacet
  facet normal 0 -1 0
    outer loop
      vertex 201.7000 -61.4000 177.9000
      vertex 204.7000 -61.4000 177.9000
      vertex 204.7000 -61.4000 180.9000
    endloop
  endfacet
  facet normal 0 -1 0
    outer loop
      vertex 201.7000 -61.4000 177.9000
      vertex 204.7000 -61.4000 180.9000
      vertex 201.7000 -61.4000 180.9000
    endloop
  endfacet
  facet normal 0 0 -1
    outer loop
      vertex 201.7000 -61.4000 177.9000
      vertex 204.7000 -57.4000 177.9000
      vertex 204.7000 -61.4000 177.9000
    endloop
  endfacet
  facet normal 0 0 1
    outer loop
      vertex 201.7000 -61.4000 180.9000
      vertex 204.7000 -61.4000 180.9000
      vertex 201.7000 -57.4000 180.9000
    endloop
  endfacet
  facet normal 0 1 0
    outer loop
      vertex 201.7000 -57.4000 177.9000
      vertex 201.7000 -57.4000 180.9000
      vertex 204.7000 -57.4000 177.9000
    endloop
  endfacet
  facet normal 1 0 0
    outer loop
      vertex 201.7000 -57.4000 177.9000
      vertex 201.7000 -37.4000 177.9000
      vertex 201.7000 -57.4000 180.9000
    endloop
  endfacet
  facet normal 1 0 0
    outer loop
      vertex 201.7000 -57.4000 180.9000
      vertex 201.7000 -37.4000 177.9000
      vertex 201.7000 -37.4000 180.9000
    endloop
  endfacet
  facet normal 0 0 1
    outer loop
      vertex 201.7000 -57.4000 180.9000
      vertex 204.7000 -61.4000 180.9000
      vertex 204.7000 -57.4000 180.9000
    endloop
  endfacet
  facet normal 0 1 0
    outer loop
      vertex 201.7000 -57.4000 180.9000
      vertex 204.7000 -57.4000 180.9000
      vertex 204.7000 -57.4000 177.9000
    endloop
  endfacet
  facet normal 0 0 -1
    outer loop
      vertex 201.7000 -37.4000 177.9000
      vertex 201.7000 -33.4000 177.9000
      vertex 204.7000 -33.4000 177.9000
    endloop
  endfacet
  facet normal 0 -1 0
    outer loop
      vertex 201.7000 -37.4000 177.9000
      vertex 204.7000 -37.4000 177.9000
      vertex 204.7000 -37.4000 180.9000
    endloop
  endfacet
  facet normal 0 -1 0
    outer loop
      vertex 201.7000 -37.4000 177.9000
      vertex 204.7000 -37.4000 180.9000
      vertex 201.7000 -37.4000 180.9000
    endloop
  endfacet
  facet normal 0 0 -1
    outer loop
      vertex 201.7000 -37.4000 177.9000
      vertex 204.7000 -33.4000 177.9000
      vertex 204.7000 -37.4000 177.9000
    endloop
  endfacet
  facet normal 0 0 1
    outer loop
      vertex 201.7000 -37.4000 180.9000
      vertex 204.7000 -37.4000 180.9000
      vertex 201.7000 -33.4000 180.9000
    endloop
  endfacet
  facet normal 0 1 0
    outer loop
      vertex 201.7000 -33.4000 177.9000
      vertex 201.7000 -33.4000 180.9000
      vertex 204.7000 -33.4000 177.9000
    endloop
  endfacet
  facet normal 1 0 0
    outer loop
      vertex 201.7000 -33.4000 177.9000
      vertex 201.7000 -13.4000 177.9000
      vertex 201.7000 -33.4000 180.9000
    endloop
  endfacet
  facet normal 1 0 0
    outer loop
      vertex 201.7000 -33.4000 180.9000
      vertex 201.7000 -13.4000 177.9000
      vertex 201.7000 -13.4000 180.9000
    endloop
  endfacet
  facet normal 0 0 1
    outer loop
      vertex 201.7000 -33.4000 180.9000
      vertex 204.7000 -37.4000 180.9000
      vertex 204.7000 -33.4000 180.9000
    endloop
  endfacet
  facet normal 0 1 0
    outer loop
      vertex 201.7000 -33.4000 180.9000
      vertex 204.7000 -33.4000 180.9000
      vertex 204.7000 -33.4000 177.9000
    endloop
  endfacet
  facet normal 0 -1 0
    outer loop
      vertex 201.7000 -13.4000 177.9000
      vertex 204.7000 -13.4000 177.9000
      vertex 204.7000 -13.4000 180.9000
    endloop
  endfacet
  facet normal 0 -1 0
    outer loop
      vertex 201.7000 -13.4000 177.9000
      vertex 204.7000 -13.4000 180.9000
      vertex 201.7000 -13.4000 180.9000
    endloop
  endfacet
  facet normal 0 0 -1
    outer loop
      vertex 201.7000 -13.4000 177.9000
      vertex 250.0000 40.0000 177.9000
      vertex 204.7000 -13.4000 177.9000
    endloop
  endfacet
  facet normal 0 0 1
    outer loop
      vertex 201.7000 -13.4000 180.9000
      vertex 204.7000 -13.4000 180.9000
      vertex 250.0370 39.6465 180.9000
    endloop
  endfacet
  facet normal 0 0 1
    outer loop
      vertex 201.7000 -13.4000 180.9000
      vertex 250.0370 39.6465 180.9000
      vertex 250.0000 40.0000 180.9000
    endloop
  endfacet
  facet normal -1 0 0
    outer loop
      vertex 204.7000 -81.4000 177.9000
      vertex 204.7000 -81.4000 180.9000
      vertex 204.7000 -61.4000 180.9000
    endloop
  endfacet
  facet normal 0 0 -1
    outer loop
      vertex 204.7000 -81.4000 177.9000
      vertex 204.7000 -61.4000 177.9000
      vertex 207.7000 -61.4000 177.9000
    endloop
  endfacet
  facet normal -1 0 0
    outer loop
      vertex 204.7000 -81.4000 177.9000
      vertex 204.7000 -61.4000 180.9000
      vertex 204.7000 -61.4000 177.9000
    endloop
  endfacet
  facet normal 0 0 -1
    outer loop
      vertex 204.7000 -81.4000 177.9000
      vertex 207.7000 -81.4000 177.9000
      vertex 246.2000 -87.5000 177.9000
    endloop
  endfacet
  facet normal 0 0 -1
    outer loop
      vertex 204.7000 -81.4000 177.9000
      vertex 207.7000 -61.4000 177.9000
      vertex 207.7000 -81.4000 177.9000
    endloop
  endfacet
  facet normal 0 0 1
    outer loop
      vertex 204.7000 -81.4000 180.9000
      vertex 207.7000 -81.4000 180.9000
      vertex 204.7000 -61.4000 180.9000
    endloop
  endfacet
  facet normal 0 0 1
    outer loop
      vertex 204.7000 -81.4000 180.9000
      vertex 261.7000 -94.0000 180.9000
      vertex 207.7000 -81.4000 180.9000
    endloop
  endfacet
  facet normal 0 0 -1
    outer loop
      vertex 204.7000 -61.4000 177.9000
      vertex 204.7000 -57.4000 177.9000
      vertex 207.7000 -57.4000 177.9000
    endloop
  endfacet
  facet normal 0 0 -1
    outer loop
      vertex 204.7000 -61.4000 177.9000
      vertex 207.7000 -57.4000 177.9000
      vertex 207.7000 -61.4000 177.9000
    endloop
  endfacet
  facet normal 0 0 1
    outer loop
      vertex 204.7000 -61.4000 180.9000
      vertex 207.7000 -81.4000 180.9000
      vertex 207.7000 -61.4000 180.9000
    endloop
  endfacet
  facet normal 0 0 1
    outer loop
      vertex 204.7000 -61.4000 180.9000
      vertex 207.7000 -61.4000 180.9000
      vertex 204.7000 -57.4000 180.9000
    endloop
  endfacet
  facet normal -1 0 0
    outer loop
      vertex 204.7000 -57.4000 177.9000
      vertex 204.7000 -57.4000 180.9000
      vertex 204.7000 -37.4000 180.9000
    endloop
  endfacet
  facet normal 0 0 -1
    outer loop
      vertex 204.7000 -57.4000 177.9000
      vertex 204.7000 -37.4000 177.9000
      vertex 207.7000 -37.4000 177.9000
    endloop
  endfacet
  facet normal -1 0 0
    outer loop
      vertex 204.7000 -57.4000 177.9000
      vertex 204.7000 -37.4000 180.9000
      vertex 204.7000 -37.4000 177.9000
    endloop
  endfacet
  facet normal 0 0 -1
    outer loop
      vertex 204.7000 -57.4000 177.9000
      vertex 207.7000 -37.4000 177.9000
      vertex 207.7000 -57.4000 177.9000
    endloop
  endfacet
  facet normal 0 0 1
    outer loop
      vertex 204.7000 -57.4000 180.9000
      vertex 207.7000 -61.4000 180.9000
      vertex 207.7000 -57.4000 180.9000
    endloop
  endfacet
  facet normal 0 0 1
    outer loop
      vertex 204.7000 -57.4000 180.9000
      vertex 207.7000 -57.4000 180.9000
      vertex 204.7000 -37.4000 180.9000
    endloop
  endfacet
  facet normal 0 0 -1
    outer loop
      vertex 204.7000 -37.4000 177.9000
      vertex 204.7000 -33.4000 177.9000
      vertex 207.7000 -33.4000 177.9000
    endloop
  endfacet
  facet normal 0 0 -1
    outer loop
      vertex 204.7000 -37.4000 177.9000
      vertex 207.7000 -33.4000 177.9000
      vertex 207.7000 -37.4000 177.9000
    endloop
  endfacet
  facet normal 0 0 1
    outer loop
      vertex 204.7000 -37.4000 180.9000
      vertex 207.7000 -57.4000 180.9000
      vertex 207.7000 -37.4000 180.9000
    endloop
  endfacet
  facet normal 0 0 1
    outer loop
      vertex 204.7000 -37.4000 180.9000
      vertex 207.7000 -37.4000 180.9000
      vertex 204.7000 -33.4000 180.9000
    endloop
  endfacet
  facet normal -1 0 0
    outer loop
      vertex 204.7000 -33.4000 177.9000
      vertex 204.7000 -33.4000 180.9000
      vertex 204.7000 -13.4000 180.9000
    endloop
  endfacet
  facet normal 0 0 -1
    outer loop
      vertex 204.7000 -33.4000 177.9000
      vertex 204.7000 -13.4000 177.9000
      vertex 207.7000 -13.4000 177.9000
    endloop
  endfacet
  facet normal -1 0 0
    outer loop
      vertex 204.7000 -33.4000 177.9000
      vertex 204.7000 -13.4000 180.9000
      vertex 204.7000 -13.4000 177.9000
    endloop
  endfacet
  facet normal 0 0 -1
    outer loop
      vertex 204.7000 -33.4000 177.9000
      vertex 207.7000 -13.4000 177.9000
      vertex 207.7000 -33.4000 177.9000
    endloop
  endfacet
  facet normal 0 0 1
    outer loop
      vertex 204.7000 -33.4000 180.9000
      vertex 207.7000 -37.4000 180.9000
      vertex 207.7000 -33.4000 180.9000
    endloop
  endfacet
  facet normal 0 0 1
    outer loop
      vertex 204.7000 -33.4000 180.9000
      vertex 207.7000 -33.4000 180.9000
      vertex 207.7000 -13.4000 180.9000
    endloop
  endfacet
  facet normal 0 0 1
    outer loop
      vertex 204.7000 -33.4000 180.9000
      vertex 207.7000 -13.4000 180.9000
      vertex 204.7000 -13.4000 180.9000
    endloop
  endfacet
  facet normal 0 0 -1
    outer loop
      vertex 204.7000 -13.4000 177.9000
      vertex 250.0000 40.0000 177.9000
      vertex 207.7000 -13.4000 177.9000
    endloop
  endfacet
  facet normal 0 0 1
    outer loop
      vertex 204.7000 -13.4000 180.9000
      vertex 207.7000 -13.4000 180.9000
      vertex 250.0370 39.6465 180.9000
    endloop
  endfacet
  facet normal 0 1 0
    outer loop
      vertex 207.7000 -81.4000 177.9000
      vertex 207.7000 -81.4000 180.9000
      vertex 210.7000 -81.4000 177.9000
    endloop
  endfacet
  facet normal 1 0 0
    outer loop
      vertex 207.7000 -81.4000 177.9000
      vertex 207.7000 -61.4000 177.9000
      vertex 207.7000 -81.4000 180.9000
    endloop
  endfacet
  facet normal 0 0 -1
    outer loop
      vertex 207.7000 -81.4000 177.9000
      vertex 210.7000 -81.4000 177.9000
      vertex 246.2000 -87.5000 177.9000
    endloop
  endfacet
  facet normal 1 0 0
    outer loop
      vertex 207.7000 -81.4000 180.9000
      vertex 207.7000 -61.4000 177.9000
      vertex 207.7000 -61.4000 180.9000
    endloop
  endfacet
  facet normal 0 1 0
    outer loop
      vertex 207.7000 -81.4000 180.9000
      vertex 210.7000 -81.4000 180.9000
      vertex 210.7000 -81.4000 177.9000
    endloop
  endfacet
  facet normal 0 0 1
    outer loop
      vertex 207.7000 -81.4000 180.9000
      vertex 261.7000 -94.0000 180.9000
      vertex 210.7000 -81.4000 180.9000
    endloop
  endfacet
  facet normal 0 0 -1
    outer loop
      vertex 207.7000 -61.4000 177.9000
      vertex 207.7000 -57.4000 177.9000
      vertex 210.7000 -57.4000 177.9000
    endloop
  endfacet
  facet normal 0 -1 0
    outer loop
      vertex 207.7000 -61.4000 177.9000
      vertex 210.7000 -61.4000 177.9000
      vertex 210.7000 -61.4000 180.9000
    endloop
  endfacet
  facet normal 0 -1 0
    outer loop
      vertex 207.7000 -61.4000 177.9000
      vertex 210.7000 -61.4000 180.9000
      vertex 207.7000 -61.4000 180.9000
    endloop
  endfacet
  facet normal 0 0 -1
    outer loop
      vertex 207.7000 -61.4000 177.9000
      vertex 210.7000 -57.4000 177.9000
      vertex 210.7000 -61.4000 177.9000
    endloop
  endfacet
  facet normal 0 0 1
    outer loop
      vertex 207.7000 -61.4000 180.9000
      vertex 210.7000 -61.4000 180.9000
      vertex 207.7000 -57.4000 180.9000
    endloop
  endfacet
  facet normal 0 1 0
    outer loop
      vertex 207.7000 -57.4000 177.9000
      vertex 207.7000 -57.4000 180.9000
      vertex 210.7000 -57.4000 177.9000
    endloop
  endfacet
  facet normal 1 0 0
    outer loop
      vertex 207.7000 -57.4000 177.9000
      vertex 207.7000 -37.4000 177.9000
      vertex 207.7000 -57.4000 180.9000
    endloop
  endfacet
  facet normal 1 0 0
    outer loop
      vertex 207.7000 -57.4000 180.9000
      vertex 207.7000 -37.4000 177.9000
      vertex 207.7000 -37.4000 180.9000
    endloop
  endfacet
  facet normal 0 0 1
    outer loop
      vertex 207.7000 -57.4000 180.9000
      vertex 210.7000 -61.4000 180.9000
      vertex 210.7000 -57.4000 180.9000
    endloop
  endfacet
  facet normal 0 1 0
    outer loop
      vertex 207.7000 -57.4000 180.9000
      vertex 210.7000 -57.4000 180.9000
      vertex 210.7000 -57.4000 177.9000
    endloop
  endfacet
  facet normal 0 0 -1
    outer loop
      vertex 207.7000 -37.4000 177.9000
      vertex 207.7000 -33.4000 177.9000
      vertex 210.7000 -33.4000 177.9000
    endloop
  endfacet
  facet normal 0 -1 0
    outer loop
      vertex 207.7000 -37.4000 177.9000
      vertex 210.7000 -37.4000 177.9000
      vertex 210.7000 -37.4000 180.9000
    endloop
  endfacet
  facet normal 0 -1 0
    outer loop
      vertex 207.7000 -37.4000 177.9000
      vertex 210.7000 -37.4000 180.9000
      vertex 207.7000 -37.4000 180.9000
    endloop
  endfacet
  facet normal 0 0 -1
    outer loop
      vertex 207.7000 -37.4000 177.9000
      vertex 210.7000 -33.4000 177.9000
      vertex 210.7000 -37.4000 177.9000
    endloop
  endfacet
  facet normal 0 0 1
    outer loop
      vertex 207.7000 -37.4000 180.9000
      vertex 210.7000 -37.4000 180.9000
      vertex 207.7000 -33.4000 180.9000
    endloop
  endfacet
  facet normal 0 1 0
    outer loop
      vertex 207.7000 -33.4000 177.9000
      vertex 207.7000 -33.4000 180.9000
      vertex 210.7000 -33.4000 177.9000
    endloop
  endfacet
  facet normal 1 0 0
    outer loop
      vertex 207.7000 -33.4000 177.9000
      vertex 207.7000 -13.4000 177.9000
      vertex 207.7000 -33.4000 180.9000
    endloop
  endfacet
  facet normal 1 0 0
    outer loop
      vertex 207.7000 -33.4000 180.9000
      vertex 207.7000 -13.4000 177.9000
      vertex 207.7000 -13.4000 180.9000
    endloop
  endfacet
  facet normal 0 0 1
    outer loop
      vertex 207.7000 -33.4000 180.9000
      vertex 210.7000 -37.4000 180.9000
      vertex 210.7000 -33.4000 180.9000
    endloop
  endfacet
  facet normal 0 1 0
    outer loop
      vertex 207.7000 -33.4000 180.9000
      vertex 210.7000 -33.4000 180.9000
      vertex 210.7000 -33.4000 177.9000
    endloop
  endfacet
  facet normal 0 -1 0
    outer loop
      vertex 207.7000 -13.4000 177.9000
      vertex 210.7000 -13.4000 177.9000
      vertex 210.7000 -13.4000 180.9000
    endloop
  endfacet
  facet normal 0 -1 0
    outer loop
      vertex 207.7000 -13.4000 177.9000
      vertex 210.7000 -13.4000 180.9000
      vertex 207.7000 -13.4000 180.9000
    endloop
  endfacet
  facet normal 0 0 -1
    outer loop
      vertex 207.7000 -13.4000 177.9000
      vertex 250.0000 40.0000 177.9000
      vertex 210.7000 -13.4000 177.9000
    endloop
  endfacet
  facet normal 0 0 1
    outer loop
      vertex 207.7000 -13.4000 180.9000
      vertex 210.7000 -13.4000 180.9000
      vertex 250.0370 39.6465 180.9000
    endloop
  endfacet
  facet normal -1 0 0
    outer loop
      vertex 210.7000 -81.4000 177.9000
      vertex 210.7000 -81.4000 180.9000
      vertex 210.7000 -61.4000 180.9000
    endloop
  endfacet
  facet normal 0 0 -1
    outer loop
      vertex 210.7000 -81.4000 177.9000
      vertex 210.7000 -61.4000 177.9000
      vertex 213.7000 -61.4000 177.9000
    endloop
  endfacet
  facet normal -1 0 0
    outer loop
      vertex 210.7000 -81.4000 177.9000
      vertex 210.7000 -61.4000 180.9000
      vertex 210.7000 -61.4000 177.9000
    endloop
  endfacet
  facet normal 0 0 -1
    outer loop
      vertex 210.7000 -81.4000 177.9000
      vertex 213.7000 -81.4000 177.9000
      vertex 246.2000 -87.5000 177.9000
    endloop
  endfacet
  facet normal 0 0 -1
    outer loop
      vertex 210.7000 -81.4000 177.9000
      vertex 213.7000 -61.4000 177.9000
      vertex 213.7000 -81.4000 177.9000
    endloop
  endfacet
  facet normal 0 0 1
    outer loop
      vertex 210.7000 -81.4000 180.9000
      vertex 213.7000 -81.4000 180.9000
      vertex 210.7000 -61.4000 180.9000
    endloop
  endfacet
  facet normal 0 0 1
    outer loop
      vertex 210.7000 -81.4000 180.9000
      vertex 261.7000 -94.0000 180.9000
      vertex 213.7000 -81.4000 180.9000
    endloop
  endfacet
  facet normal 0 0 -1
    outer loop
      vertex 210.7000 -61.4000 177.9000
      vertex 210.7000 -57.4000 177.9000
      vertex 213.7000 -57.4000 177.9000
    endloop
  endfacet
  facet normal 0 0 -1
    outer loop
      vertex 210.7000 -61.4000 177.9000
      vertex 213.7000 -57.4000 177.9000
      vertex 213.7000 -61.4000 177.9000
    endloop
  endfacet
  facet normal 0 0 1
    outer loop
      vertex 210.7000 -61.4000 180.9000
      vertex 213.7000 -81.4000 180.9000
      vertex 213.7000 -61.4000 180.9000
    endloop
  endfacet
  facet normal 0 0 1
    outer loop
      vertex 210.7000 -61.4000 180.9000
      vertex 213.7000 -61.4000 180.9000
      vertex 210.7000 -57.4000 180.9000
    endloop
  endfacet
  facet normal -1 0 0
    outer loop
      vertex 210.7000 -57.4000 177.9000
      vertex 210.7000 -57.4000 180.9000
      vertex 210.7000 -37.4000 180.9000
    endloop
  endfacet
  facet normal 0 0 -1
    outer loop
      vertex 210.7000 -57.4000 177.9000
      vertex 210.7000 -37.4000 177.9000
      vertex 213.7000 -37.4000 177.9000
    endloop
  endfacet
  facet normal -1 0 0
    outer loop
      vertex 210.7000 -57.4000 177.9000
      vertex 210.7000 -37.4000 180.9000
      vertex 210.7000 -37.4000 177.9000
    endloop
  endfacet
  facet normal 0 0 -1
    outer loop
      vertex 210.7000 -57.4000 177.9000
      vertex 213.7000 -37.4000 177.9000
      vertex 213.7000 -57.4000 177.9000
    endloop
  endfacet
  facet normal 0 0 1
    outer loop
      vertex 210.7000 -57.4000 180.9000
      vertex 213.7000 -61.4000 180.9000
      vertex 213.7000 -57.4000 180.9000
    endloop
  endfacet
  facet normal 0 0 1
    outer loop
      vertex 210.7000 -57.4000 180.9000
      vertex 213.7000 -57.4000 180.9000
      vertex 210.7000 -37.4000 180.9000
    endloop
  endfacet
  facet normal 0 0 -1
    outer loop
      vertex 210.7000 -37.4000 177.9000
      vertex 210.7000 -33.4000 177.9000
      vertex 213.7000 -33.4000 177.9000
    endloop
  endfacet
  facet normal 0 0 -1
    outer loop
      vertex 210.7000 -37.4000 177.9000
      vertex 213.7000 -33.4000 177.9000
      vertex 213.7000 -37.4000 177.9000
    endloop
  endfacet
  facet normal 0 0 1
    outer loop
      vertex 210.7000 -37.4000 180.9000
      vertex 213.7000 -57.4000 180.9000
      vertex 213.7000 -37.4000 180.9000
    endloop
  endfacet
  facet normal 0 0 1
    outer loop
      vertex 210.7000 -37.4000 180.9000
      vertex 213.7000 -37.4000 180.9000
      vertex 210.7000 -33.4000 180.9000
    endloop
  endfacet
  facet normal -1 0 0
    outer loop
      vertex 210.7000 -33.4000 177.9000
      vertex 210.7000 -33.4000 180.9000
      vertex 210.7000 -13.4000 180.9000
    endloop
  endfacet
  facet normal 0 0 -1
    outer loop
      vertex 210.7000 -33.4000 177.9000
      vertex 210.7000 -13.4000 177.9000
      vertex 213.7000 -13.4000 177.9000
    endloop
  endfacet
  facet normal -1 0 0
    outer loop
      vertex 210.7000 -33.4000 177.9000
      vertex 210.7000 -13.4000 180.9000
      vertex 210.7000 -13.4000 177.9000
    endloop
  endfacet
  facet normal 0 0 -1
    outer loop
      vertex 210.7000 -33.4000 177.9000
      vertex 213.7000 -13.4000 177.9000
      vertex 213.7000 -33.4000 177.9000
    endloop
  endfacet
  facet normal 0 0 1
    outer loop
      vertex 210.7000 -33.4000 180.9000
      vertex 213.7000 -37.4000 180.9000
      vertex 213.7000 -33.4000 180.9000
    endloop
  endfacet
  facet normal 0 0 1
    outer loop
      vertex 210.7000 -33.4000 180.9000
      vertex 213.7000 -33.4000 180.9000
      vertex 213.7000 -13.4000 180.9000
    endloop
  endfacet
  facet normal 0 0 1
    outer loop
      vertex 210.7000 -33.4000 180.9000
      vertex 213.7000 -13.4000 180.9000
      vertex 210.7000 -13.4000 180.9000
    endloop
  endfacet
  facet normal 0 0 -1
    outer loop
      vertex 210.7000 -13.4000 177.9000
      vertex 250.0000 40.0000 177.9000
      vertex 213.7000 -13.4000 177.9000
    endloop
  endfacet
  facet normal 0 0 1
    outer loop
      vertex 210.7000 -13.4000 180.9000
      vertex 213.7000 -13.4000 180.9000
      vertex 250.1470 39.3085 180.9000
    endloop
  endfacet
  facet normal 0 0 1
    outer loop
      vertex 210.7000 -13.4000 180.9000
      vertex 250.1470 39.3085 180.9000
      vertex 250.0370 39.6465 180.9000
    endloop
  endfacet
  facet normal 0 1 0
    outer loop
      vertex 213.7000 -81.4000 177.9000
      vertex 213.7000 -81.4000 180.9000
      vertex 216.7000 -81.4000 177.9000
    endloop
  endfacet
  facet normal 1 0 0
    outer loop
      vertex 213.7000 -81.4000 177.9000
      vertex 213.7000 -61.4000 177.9000
      vertex 213.7000 -81.4000 180.9000
    endloop
  endfacet
  facet normal 0 0 -1
    outer loop
      vertex 213.7000 -81.4000 177.9000
      vertex 216.7000 -81.4000 177.9000
      vertex 246.2000 -87.5000 177.9000
    endloop
  endfacet
  facet normal 1 0 0
    outer loop
      vertex 213.7000 -81.4000 180.9000
      vertex 213.7000 -61.4000 177.9000
      vertex 213.7000 -61.4000 180.9000
    endloop
  endfacet
  facet normal 0 1 0
    outer loop
      vertex 213.7000 -81.4000 180.9000
      vertex 216.7000 -81.4000 180.9000
      vertex 216.7000 -81.4000 177.9000
    endloop
  endfacet
  facet normal 0 0 1
    outer loop
      vertex 213.7000 -81.4000 180.9000
      vertex 261.7000 -94.0000 180.9000
      vertex 216.7000 -81.4000 180.9000
    endloop
  endfacet
  facet normal 0 0 -1
    outer loop
      vertex 213.7000 -61.4000 177.9000
      vertex 213.7000 -57.4000 177.9000
      vertex 216.7000 -57.4000 177.9000
    endloop
  endfacet
  facet normal 0 -1 0
    outer loop
      vertex 213.7000 -61.4000 177.9000
      vertex 216.7000 -61.4000 177.9000
      vertex 216.7000 -61.4000 180.9000
    endloop
  endfacet
  facet normal 0 -1 0
    outer loop
      vertex 213.7000 -61.4000 177.9000
      vertex 216.7000 -61.4000 180.9000
      vertex 213.7000 -61.4000 180.9000
    endloop
  endfacet
  facet normal 0 0 -1
    outer loop
      vertex 213.7000 -61.4000 177.9000
      vertex 216.7000 -57.4000 177.9000
      vertex 216.7000 -61.4000 177.9000
    endloop
  endfacet
  facet normal 0 0 1
    outer loop
      vertex 213.7000 -61.4000 180.9000
      vertex 216.7000 -61.4000 180.9000
      vertex 213.7000 -57.4000 180.9000
    endloop
  endfacet
  facet normal 0 1 0
    outer loop
      vertex 213.7000 -57.4000 177.9000
      vertex 213.7000 -57.4000 180.9000
      vertex 216.7000 -57.4000 177.9000
    endloop
  endfacet
  facet normal 1 0 0
    outer loop
      vertex 213.7000 -57.4000 177.9000
      vertex 213.7000 -37.4000 177.9000
      vertex 213.7000 -57.4000 180.9000
    endloop
  endfacet
  facet normal 1 0 0
    outer loop
      vertex 213.7000 -57.4000 180.9000
      vertex 213.7000 -37.4000 177.9000
      vertex 213.7000 -37.4000 180.9000
    endloop
  endfacet
  facet normal 0 0 1
    outer loop
      vertex 213.7000 -57.4000 180.9000
      vertex 216.7000 -61.4000 180.9000
      vertex 216.7000 -57.4000 180.9000
    endloop
  endfacet
  facet normal 0 1 0
    outer loop
      vertex 213.7000 -57.4000 180.9000
      vertex 216.7000 -57.4000 180.9000
      vertex 216.7000 -57.4000 177.9000
    endloop
  endfacet
  facet normal 0 0 -1
    outer loop
      vertex 213.7000 -37.4000 177.9000
      vertex 213.7000 -33.4000 177.9000
      vertex 216.7000 -33.4000 177.9000
    endloop
  endfacet
  facet normal 0 -1 0
    outer loop
      vertex 213.7000 -37.4000 177.9000
      vertex 216.7000 -37.4000 177.9000
      vertex 216.7000 -37.4000 180.9000
    endloop
  endfacet
  facet normal 0 -1 0
    outer loop
      vertex 213.7000 -37.4000 177.9000
      vertex 216.7000 -37.4000 180.9000
      vertex 213.7000 -37.4000 180.9000
    endloop
  endfacet
  facet normal 0 0 -1
    outer loop
      vertex 213.7000 -37.4000 177.9000
      vertex 216.7000 -33.4000 177.9000
      vertex 216.7000 -37.4000 177.9000
    endloop
  endfacet
  facet normal 0 0 1
    outer loop
      vertex 213.7000 -37.4000 180.9000
      vertex 216.7000 -37.4000 180.9000
      vertex 213.7000 -33.4000 180.9000
    endloop
  endfacet
  facet normal 0 1 0
    outer loop
      vertex 213.7000 -33.4000 177.9000
      vertex 213.7000 -33.4000 180.9000
      vertex 216.7000 -33.4000 177.9000
    endloop
  endfacet
  facet normal 1 0 0
    outer loop
      vertex 213.7000 -33.4000 177.9000
      vertex 213.7000 -13.4000 177.9000
      vertex 213.7000 -33.4000 180.9000
    endloop
  endfacet
  facet normal 1 0 0
    outer loop
      vertex 213.7000 -33.4000 180.9000
      vertex 213.7000 -13.4000 177.9000
      vertex 213.7000 -13.4000 180.9000
    endloop
  endfacet
  facet normal 0 0 1
    outer loop
      vertex 213.7000 -33.4000 180.9000
      vertex 216.7000 -37.4000 180.9000
      vertex 216.7000 -33.4000 180.9000
    endloop
  endfacet
  facet normal 0 1 0
    outer loop
      vertex 213.7000 -33.4000 180.9000
      vertex 216.7000 -33.4000 180.9000
      vertex 216.7000 -33.4000 177.9000
    endloop
  endfacet
  facet normal 0 -1 0
    outer loop
      vertex 213.7000 -13.4000 177.9000
      vertex 216.7000 -13.4000 177.9000
      vertex 216.7000 -13.4000 180.9000
    endloop
  endfacet
  facet normal 0 -1 0
    outer loop
      vertex 213.7000 -13.4000 177.9000
      vertex 216.7000 -13.4000 180.9000
      vertex 213.7000 -13.4000 180.9000
    endloop
  endfacet
  facet normal 0 0 -1
    outer loop
      vertex 213.7000 -13.4000 177.9000
      vertex 250.0000 40.0000 177.9000
      vertex 216.7000 -13.4000 177.9000
    endloop
  endfacet
  facet normal 0 0 1
    outer loop
      vertex 213.7000 -13.4000 180.9000
      vertex 216.7000 -13.4000 180.9000
      vertex 250.1470 39.3085 180.9000
    endloop
  endfacet
  facet normal -1 0 0
    outer loop
      vertex 216.7000 -81.4000 177.9000
      vertex 216.7000 -81.4000 180.9000
      vertex 216.7000 -61.4000 180.9000
    endloop
  endfacet
  facet normal 0 0 -1
    outer loop
      vertex 216.7000 -81.4000 177.9000
      vertex 216.7000 -61.4000 177.9000
      vertex 219.7000 -61.4000 177.9000
    endloop
  endfacet
  facet normal -1 0 0
    outer loop
      vertex 216.7000 -81.4000 177.9000
      vertex 216.7000 -61.4000 180.9000
      vertex 216.7000 -61.4000 177.9000
    endloop
  endfacet
  facet normal 0 0 -1
    outer loop
      vertex 216.7000 -81.4000 177.9000
      vertex 219.7000 -81.4000 177.9000
      vertex 246.2000 -87.5000 177.9000
    endloop
  endfacet
  facet normal 0 0 -1
    outer loop
      vertex 216.7000 -81.4000 177.9000
      vertex 219.7000 -61.4000 177.9000
      vertex 219.7000 -81.4000 177.9000
    endloop
  endfacet
  facet normal 0 0 1
    outer loop
      vertex 216.7000 -81.4000 180.9000
      vertex 219.7000 -81.4000 180.9000
      vertex 216.7000 -61.4000 180.9000
    endloop
  endfacet
  facet normal 0 0 1
    outer loop
      vertex 216.7000 -81.4000 180.9000
      vertex 261.7000 -94.0000 180.9000
      vertex 219.7000 -81.4000 180.9000
    endloop
  endfacet
  facet normal 0 0 -1
    outer loop
      vertex 216.7000 -61.4000 177.9000
      vertex 216.7000 -57.4000 177.9000
      vertex 219.7000 -57.4000 177.9000
    endloop
  endfacet
  facet normal 0 0 -1
    outer loop
      vertex 216.7000 -61.4000 177.9000
      vertex 219.7000 -57.4000 177.9000
      vertex 219.7000 -61.4000 177.9000
    endloop
  endfacet
  facet normal 0 0 1
    outer loop
      vertex 216.7000 -61.4000 180.9000
      vertex 219.7000 -81.4000 180.9000
      vertex 219.7000 -61.4000 180.9000
    endloop
  endfacet
  facet normal 0 0 1
    outer loop
      vertex 216.7000 -61.4000 180.9000
      vertex 219.7000 -61.4000 180.9000
      vertex 216.7000 -57.4000 180.9000
    endloop
  endfacet
  facet normal -1 0 0
    outer loop
      vertex 216.7000 -57.4000 177.9000
      vertex 216.7000 -57.4000 180.9000
      vertex 216.7000 -37.4000 180.9000
    endloop
  endfacet
  facet normal 0 0 -1
    outer loop
      vertex 216.7000 -57.4000 177.9000
      vertex 216.7000 -37.4000 177.9000
      vertex 219.7000 -37.4000 177.9000
    endloop
  endfacet
  facet normal -1 0 0
    outer loop
      vertex 216.7000 -57.4000 177.9000
      vertex 216.7000 -37.4000 180.9000
      vertex 216.7000 -37.4000 177.9000
    endloop
  endfacet
  facet normal 0 0 -1
    outer loop
      vertex 216.7000 -57.4000 177.9000
      vertex 219.7000 -37.4000 177.9000
      vertex 219.7000 -57.4000 177.9000
    endloop
  endfacet
  facet normal 0 0 1
    outer loop
      vertex 216.7000 -57.4000 180.9000
      vertex 219.7000 -61.4000 180.9000
      vertex 219.7000 -57.4000 180.9000
    endloop
  endfacet
  facet normal 0 0 1
    outer loop
      vertex 216.7000 -57.4000 180.9000
      vertex 219.7000 -57.4000 180.9000
      vertex 216.7000 -37.4000 180.9000
    endloop
  endfacet
  facet normal 0 0 -1
    outer loop
      vertex 216.7000 -37.4000 177.9000
      vertex 216.7000 -33.4000 177.9000
      vertex 219.7000 -33.4000 177.9000
    endloop
  endfacet
  facet normal 0 0 -1
    outer loop
      vertex 216.7000 -37.4000 177.9000
      vertex 219.7000 -33.4000 177.9000
      vertex 219.7000 -37.4000 177.9000
    endloop
  endfacet
  facet normal 0 0 1
    outer loop
      vertex 216.7000 -37.4000 180.9000
      vertex 219.7000 -57.4000 180.9000
      vertex 219.7000 -37.4000 180.9000
    endloop
  endfacet
  facet normal 0 0 1
    outer loop
      vertex 216.7000 -37.4000 180.9000
      vertex 219.7000 -37.4000 180.9000
      vertex 216.7000 -33.4000 180.9000
    endloop
  endfacet
  facet normal -1 0 0
    outer loop
      vertex 216.7000 -33.4000 177.9000
      vertex 216.7000 -33.4000 180.9000
      vertex 216.7000 -13.4000 180.9000
    endloop
  endfacet
  facet normal 0 0 -1
    outer loop
      vertex 216.7000 -33.4000 177.9000
      vertex 216.7000 -13.4000 177.9000
      vertex 219.7000 -13.4000 177.9000
    endloop
  endfacet
  facet normal -1 0 0
    outer loop
      vertex 216.7000 -33.4000 177.9000
      vertex 216.7000 -13.4000 180.9000
      vertex 216.7000 -13.4000 177.9000
    endloop
  endfacet
  facet normal 0 0 -1
    outer loop
      vertex 216.7000 -33.4000 177.9000
      vertex 219.7000 -13.4000 177.9000
      vertex 219.7000 -33.4000 177.9000
    endloop
  endfacet
  facet normal 0 0 1
    outer loop
      vertex 216.7000 -33.4000 180.9000
      vertex 219.7000 -37.4000 180.9000
      vertex 219.7000 -33.4000 180.9000
    endloop
  endfacet
  facet normal 0 0 1
    outer loop
      vertex 216.7000 -33.4000 180.9000
      vertex 219.7000 -33.4000 180.9000
      vertex 219.7000 -13.4000 180.9000
    endloop
  endfacet
  facet normal 0 0 1
    outer loop
      vertex 216.7000 -33.4000 180.9000
      vertex 219.7000 -13.4000 180.9000
      vertex 216.7000 -13.4000 180.9000
    endloop
  endfacet
  facet normal 0 0 -1
    outer loop
      vertex 216.7000 -13.4000 177.9000
      vertex 250.0000 40.0000 177.9000
      vertex 219.7000 -13.4000 177.9000
    endloop
  endfacet
  facet normal 0 0 1
    outer loop
      vertex 216.7000 -13.4000 180.9000
      vertex 219.7000 -13.4000 180.9000
      vertex 250.1470 39.3085 180.9000
    endloop
  endfacet
  facet normal 0 1 0
    outer loop
      vertex 219.7000 -81.4000 177.9000
      vertex 219.7000 -81.4000 180.9000
      vertex 222.7000 -81.4000 177.9000
    endloop
  endfacet
  facet normal 1 0 0
    outer loop
      vertex 219.7000 -81.4000 177.9000
      vertex 219.7000 -61.4000 177.9000
      vertex 219.7000 -81.4000 180.9000
    endloop
  endfacet
  facet normal 0 0 -1
    outer loop
      vertex 219.7000 -81.4000 177.9000
      vertex 222.7000 -81.4000 177.9000
      vertex 246.2000 -87.5000 177.9000
    endloop
  endfacet
  facet normal 1 0 0
    outer loop
      vertex 219.7000 -81.4000 180.9000
      vertex 219.7000 -61.4000 177.9000
      vertex 219.7000 -61.4000 180.9000
    endloop
  endfacet
  facet normal 0 1 0
    outer loop
      vertex 219.7000 -81.4000 180.9000
      vertex 222.7000 -81.4000 180.9000
      vertex 222.7000 -81.4000 177.9000
    endloop
  endfacet
  facet normal 0 0 1
    outer loop
      vertex 219.7000 -81.4000 180.9000
      vertex 261.7000 -94.0000 180.9000
      vertex 222.7000 -81.4000 180.9000
    endloop
  endfacet
  facet normal 0 0 -1
    outer loop
      vertex 219.7000 -61.4000 177.9000
      vertex 219.7000 -57.4000 177.9000
      vertex 222.7000 -57.4000 177.9000
    endloop
  endfacet
  facet normal 0 -1 0
    outer loop
      vertex 219.7000 -61.4000 177.9000
      vertex 222.7000 -61.4000 177.9000
      vertex 222.7000 -61.4000 180.9000
    endloop
  endfacet
  facet normal 0 -1 0
    outer loop
      vertex 219.7000 -61.4000 177.9000
      vertex 222.7000 -61.4000 180.9000
      vertex 219.7000 -61.4000 180.9000
    endloop
  endfacet
  facet normal 0 0 -1
    outer loop
      vertex 219.7000 -61.4000 177.9000
      vertex 222.7000 -57.4000 177.9000
      vertex 222.7000 -61.4000 177.9000
    endloop
  endfacet
  facet normal 0 0 1
    outer loop
      vertex 219.7000 -61.4000 180.9000
      vertex 222.7000 -61.4000 180.9000
      vertex 219.7000 -57.4000 180.9000
    endloop
  endfacet
  facet normal 0 1 0
    outer loop
      vertex 219.7000 -57.4000 177.9000
      vertex 219.7000 -57.4000 180.9000
      vertex 222.7000 -57.4000 177.9000
    endloop
  endfacet
  facet normal 1 0 0
    outer loop
      vertex 219.7000 -57.4000 177.9000
      vertex 219.7000 -37.4000 177.9000
      vertex 219.7000 -57.4000 180.9000
    endloop
  endfacet
  facet normal 1 0 0
    outer loop
      vertex 219.7000 -57.4000 180.9000
      vertex 219.7000 -37.4000 177.9000
      vertex 219.7000 -37.4000 180.9000
    endloop
  endfacet
  facet normal 0 0 1
    outer loop
      vertex 219.7000 -57.4000 180.9000
      vertex 222.7000 -61.4000 180.9000
      vertex 222.7000 -57.4000 180.9000
    endloop
  endfacet
  facet normal 0 1 0
    outer loop
      vertex 219.7000 -57.4000 180.9000
      vertex 222.7000 -57.4000 180.9000
      vertex 222.7000 -57.4000 177.9000
    endloop
  endfacet
  facet normal 0 0 -1
    outer loop
      vertex 219.7000 -37.4000 177.9000
      vertex 219.7000 -33.4000 177.9000
      vertex 222.7000 -33.4000 177.9000
    endloop
  endfacet
  facet normal 0 -1 0
    outer loop
      vertex 219.7000 -37.4000 177.9000
      vertex 222.7000 -37.4000 177.9000
      vertex 222.7000 -37.4000 180.9000
    endloop
  endfacet
  facet normal 0 -1 0
    outer loop
      vertex 219.7000 -37.4000 177.9000
      vertex 222.7000 -37.4000 180.9000
      vertex 219.7000 -37.4000 180.9000
    endloop
  endfacet
  facet normal 0 0 -1
    outer loop
      vertex 219.7000 -37.4000 177.9000
      vertex 222.7000 -33.4000 177.9000
      vertex 222.7000 -37.4000 177.9000
    endloop
  endfacet
  facet normal 0 0 1
    outer loop
      vertex 219.7000 -37.4000 180.9000
      vertex 222.7000 -37.4000 180.9000
      vertex 219.7000 -33.4000 180.9000
    endloop
  endfacet
  facet normal 0 1 0
    outer loop
      vertex 219.7000 -33.4000 177.9000
      vertex 219.7000 -33.4000 180.9000
      vertex 222.7000 -33.4000 177.9000
    endloop
  endfacet
  facet normal 1 0 0
    outer loop
      vertex 219.7000 -33.4000 177.9000
      vertex 219.7000 -13.4000 177.9000
      vertex 219.7000 -33.4000 180.9000
    endloop
  endfacet
  facet normal 1 0 0
    outer loop
      vertex 219.7000 -33.4000 180.9000
      vertex 219.7000 -13.4000 177.9000
      vertex 219.7000 -13.4000 180.9000
    endloop
  endfacet
  facet normal 0 0 1
    outer loop
      vertex 219.7000 -33.4000 180.9000
      vertex 222.7000 -37.4000 180.9000
      vertex 222.7000 -33.4000 180.9000
    endloop
  endfacet
  facet normal 0 1 0
    outer loop
      vertex 219.7000 -33.4000 180.9000
      vertex 222.7000 -33.4000 180.9000
      vertex 222.7000 -33.4000 177.9000
    endloop
  endfacet
  facet normal 0 -1 0
    outer loop
      vertex 219.7000 -13.4000 177.9000
      vertex 222.7000 -13.4000 177.9000
      vertex 222.7000 -13.4000 180.9000
    endloop
  endfacet
  facet normal 0 -1 0
    outer loop
      vertex 219.7000 -13.4000 177.9000
      vertex 222.7000 -13.4000 180.9000
      vertex 219.7000 -13.4000 180.9000
    endloop
  endfacet
  facet normal 0 0 -1
    outer loop
      vertex 219.7000 -13.4000 177.9000
      vertex 250.0000 40.0000 177.9000
      vertex 222.7000 -13.4000 177.9000
    endloop
  endfacet
  facet normal 0 0 1
    outer loop
      vertex 219.7000 -13.4000 180.9000
      vertex 222.7000 -13.4000 180.9000
      vertex 250.3250 39.0008 180.9000
    endloop
  endfacet
  facet normal 0 0 1
    outer loop
      vertex 219.7000 -13.4000 180.9000
      vertex 250.3250 39.0008 180.9000
      vertex 250.1470 39.3085 180.9000
    endloop
  endfacet
  facet normal -1 0 0
    outer loop
      vertex 222.7000 -81.4000 177.9000
      vertex 222.7000 -81.4000 180.9000
      vertex 222.7000 -61.4000 180.9000
    endloop
  endfacet
  facet normal 0 0 -1
    outer loop
      vertex 222.7000 -81.4000 177.9000
      vertex 222.7000 -61.4000 177.9000
      vertex 225.7000 -61.4000 177.9000
    endloop
  endfacet
  facet normal -1 0 0
    outer loop
      vertex 222.7000 -81.4000 177.9000
      vertex 222.7000 -61.4000 180.9000
      vertex 222.7000 -61.4000 177.9000
    endloop
  endfacet
  facet normal 0 0 -1
    outer loop
      vertex 222.7000 -81.4000 177.9000
      vertex 225.7000 -81.4000 177.9000
      vertex 246.2000 -87.5000 177.9000
    endloop
  endfacet
  facet normal 0 0 -1
    outer loop
      vertex 222.7000 -81.4000 177.9000
      vertex 225.7000 -61.4000 177.9000
      vertex 225.7000 -81.4000 177.9000
    endloop
  endfacet
  facet normal 0 0 1
    outer loop
      vertex 222.7000 -81.4000 180.9000
      vertex 225.7000 -81.4000 180.9000
      vertex 222.7000 -61.4000 180.9000
    endloop
  endfacet
  facet normal 0 0 1
    outer loop
      vertex 222.7000 -81.4000 180.9000
      vertex 261.7000 -94.0000 180.9000
      vertex 225.7000 -81.4000 180.9000
    endloop
  endfacet
  facet normal 0 0 -1
    outer loop
      vertex 222.7000 -61.4000 177.9000
      vertex 222.7000 -57.4000 177.9000
      vertex 225.7000 -57.4000 177.9000
    endloop
  endfacet
  facet normal 0 0 -1
    outer loop
      vertex 222.7000 -61.4000 177.9000
      vertex 225.7000 -57.4000 177.9000
      vertex 225.7000 -61.4000 177.9000
    endloop
  endfacet
  facet normal 0 0 1
    outer loop
      vertex 222.7000 -61.4000 180.9000
      vertex 225.7000 -81.4000 180.9000
      vertex 225.7000 -61.4000 180.9000
    endloop
  endfacet
  facet normal 0 0 1
    outer loop
      vertex 222.7000 -61.4000 180.9000
      vertex 225.7000 -61.4000 180.9000
      vertex 222.7000 -57.4000 180.9000
    endloop
  endfacet
  facet normal -1 0 0
    outer loop
      vertex 222.7000 -57.4000 177.9000
      vertex 222.7000 -57.4000 180.9000
      vertex 222.7000 -37.4000 180.9000
    endloop
  endfacet
  facet normal 0 0 -1
    outer loop
      vertex 222.7000 -57.4000 177.9000
      vertex 222.7000 -37.4000 177.9000
      vertex 225.7000 -37.4000 177.9000
    endloop
  endfacet
  facet normal -1 0 0
    outer loop
      vertex 222.7000 -57.4000 177.9000
      vertex 222.7000 -37.4000 180.9000
      vertex 222.7000 -37.4000 177.9000
    endloop
  endfacet
  facet normal 0 0 -1
    outer loop
      vertex 222.7000 -57.4000 177.9000
      vertex 225.7000 -37.4000 177.9000
      vertex 225.7000 -57.4000 177.9000
    endloop
  endfacet
  facet normal 0 0 1
    outer loop
      vertex 222.7000 -57.4000 180.9000
      vertex 225.7000 -61.4000 180.9000
      vertex 225.7000 -57.4000 180.9000
    endloop
  endfacet
  facet normal 0 0 1
    outer loop
      vertex 222.7000 -57.4000 180.9000
      vertex 225.7000 -57.4000 180.9000
      vertex 222.7000 -37.4000 180.9000
    endloop
  endfacet
  facet normal 0 0 -1
    outer loop
      vertex 222.7000 -37.4000 177.9000
      vertex 222.7000 -33.4000 177.9000
      vertex 225.7000 -33.4000 177.9000
    endloop
  endfacet
  facet normal 0 0 -1
    outer loop
      vertex 222.7000 -37.4000 177.9000
      vertex 225.7000 -33.4000 177.9000
      vertex 225.7000 -37.4000 177.9000
    endloop
  endfacet
  facet normal 0 0 1
    outer loop
      vertex 222.7000 -37.4000 180.9000
      vertex 225.7000 -57.4000 180.9000
      vertex 225.7000 -37.4000 180.9000
    endloop
  endfacet
  facet normal 0 0 1
    outer loop
      vertex 222.7000 -37.4000 180.9000
      vertex 225.7000 -37.4000 180.9000
      vertex 222.7000 -33.4000 180.9000
    endloop
  endfacet
  facet normal -1 0 0
    outer loop
      vertex 222.7000 -33.4000 177.9000
      vertex 222.7000 -33.4000 180.9000
      vertex 222.7000 -13.4000 180.9000
    endloop
  endfacet
  facet normal 0 0 -1
    outer loop
      vertex 222.7000 -33.4000 177.9000
      vertex 222.7000 -13.4000 177.9000
      vertex 225.7000 -13.4000 177.9000
    endloop
  endfacet
  facet normal -1 0 0
    outer loop
      vertex 222.7000 -33.4000 177.9000
      vertex 222.7000 -13.4000 180.9000
      vertex 222.7000 -13.4000 177.9000
    endloop
  endfacet
  facet normal 0 0 -1
    outer loop
      vertex 222.7000 -33.4000 177.9000
      vertex 225.7000 -13.4000 177.9000
      vertex 225.7000 -33.4000 177.9000
    endloop
  endfacet
  facet normal 0 0 1
    outer loop
      vertex 222.7000 -33.4000 180.9000
      vertex 225.7000 -37.4000 180.9000
      vertex 225.7000 -33.4000 180.9000
    endloop
  endfacet
  facet normal 0 0 1
    outer loop
      vertex 222.7000 -33.4000 180.9000
      vertex 225.7000 -33.4000 180.9000
      vertex 225.7000 -13.4000 180.9000
    endloop
  endfacet
  facet normal 0 0 1
    outer loop
      vertex 222.7000 -33.4000 180.9000
      vertex 225.7000 -13.4000 180.9000
      vertex 222.7000 -13.4000 180.9000
    endloop
  endfacet
  facet normal 0 0 -1
    outer loop
      vertex 222.7000 -13.4000 177.9000
      vertex 250.0000 40.0000 177.9000
      vertex 225.7000 -13.4000 177.9000
    endloop
  endfacet
  facet normal 0 0 1
    outer loop
      vertex 222.7000 -13.4000 180.9000
      vertex 225.7000 -13.4000 180.9000
      vertex 250.3250 39.0008 180.9000
    endloop
  endfacet
  facet normal 0 1 0
    outer loop
      vertex 225.7000 -81.4000 177.9000
      vertex 225.7000 -81.4000 180.9000
      vertex 228.7000 -81.4000 177.9000
    endloop
  endfacet
  facet normal 1 0 0
    outer loop
      vertex 225.7000 -81.4000 177.9000
      vertex 225.7000 -61.4000 177.9000
      vertex 225.7000 -81.4000 180.9000
    endloop
  endfacet
  facet normal 0 0 -1
    outer loop
      vertex 225.7000 -81.4000 177.9000
      vertex 228.7000 -81.4000 177.9000
      vertex 246.2000 -87.5000 177.9000
    endloop
  endfacet
  facet normal 1 0 0
    outer loop
      vertex 225.7000 -81.4000 180.9000
      vertex 225.7000 -61.4000 177.9000
      vertex 225.7000 -61.4000 180.9000
    endloop
  endfacet
  facet normal 0 1 0
    outer loop
      vertex 225.7000 -81.4000 180.9000
      vertex 228.7000 -81.4000 180.9000
      vertex 228.7000 -81.4000 177.9000
    endloop
  endfacet
  facet normal 0 0 1
    outer loop
      vertex 225.7000 -81.4000 180.9000
      vertex 261.7000 -94.0000 180.9000
      vertex 228.7000 -81.4000 180.9000
    endloop
  endfacet
  facet normal 0 0 -1
    outer loop
      vertex 225.7000 -61.4000 177.9000
      vertex 225.7000 -57.4000 177.9000
      vertex 228.7000 -57.4000 177.9000
    endloop
  endfacet
  facet normal 0 -1 0
    outer loop
      vertex 225.7000 -61.4000 177.9000
      vertex 228.7000 -61.4000 177.9000
      vertex 228.7000 -61.4000 180.9000
    endloop
  endfacet
  facet normal 0 -1 0
    outer loop
      vertex 225.7000 -61.4000 177.9000
      vertex 228.7000 -61.4000 180.9000
      vertex 225.7000 -61.4000 180.9000
    endloop
  endfacet
  facet normal 0 0 -1
    outer loop
      vertex 225.7000 -61.4000 177.9000
      vertex 228.7000 -57.4000 177.9000
      vertex 228.7000 -61.4000 177.9000
    endloop
  endfacet
  facet normal 0 0 1
    outer loop
      vertex 225.7000 -61.4000 180.9000
      vertex 228.7000 -61.4000 180.9000
      vertex 225.7000 -57.4000 180.9000
    endloop
  endfacet
  facet normal 0 1 0
    outer loop
      vertex 225.7000 -57.4000 177.9000
      vertex 225.7000 -57.4000 180.9000
      vertex 228.7000 -57.4000 177.9000
    endloop
  endfacet
  facet normal 1 0 0
    outer loop
      vertex 225.7000 -57.4000 177.9000
      vertex 225.7000 -37.4000 177.9000
      vertex 225.7000 -57.4000 180.9000
    endloop
  endfacet
  facet normal 1 0 0
    outer loop
      vertex 225.7000 -57.4000 180.9000
      vertex 225.7000 -37.4000 177.9000
      vertex 225.7000 -37.4000 180.9000
    endloop
  endfacet
  facet normal 0 0 1
    outer loop
      vertex 225.7000 -57.4000 180.9000
      vertex 228.7000 -61.4000 180.9000
      vertex 228.7000 -57.4000 180.9000
    endloop
  endfacet
  facet normal 0 1 0
    outer loop
      vertex 225.7000 -57.4000 180.9000
      vertex 228.7000 -57.4000 180.9000
      vertex 228.7000 -57.4000 177.9000
    endloop
  endfacet
  facet normal 0 0 -1
    outer loop
      vertex 225.7000 -37.4000 177.9000
      vertex 225.7000 -33.4000 177.9000
      vertex 228.7000 -33.4000 177.9000
    endloop
  endfacet
  facet normal 0 -1 0
    outer loop
      vertex 225.7000 -37.4000 177.9000
      vertex 228.7000 -37.4000 177.9000
      vertex 228.7000 -37.4000 180.9000
    endloop
  endfacet
  facet normal 0 -1 0
    outer loop
      vertex 225.7000 -37.4000 177.9000
      vertex 228.7000 -37.4000 180.9000
      vertex 225.7000 -37.4000 180.9000
    endloop
  endfacet
  facet normal 0 0 -1
    outer loop
      vertex 225.7000 -37.4000 177.9000
      vertex 228.7000 -33.4000 177.9000
      vertex 228.7000 -37.4000 177.9000
    endloop
  endfacet
  facet normal 0 0 1
    outer loop
      vertex 225.7000 -37.4000 180.9000
      vertex 228.7000 -37.4000 180.9000
      vertex 225.7000 -33.4000 180.9000
    endloop
  endfacet
  facet normal 0 1 0
    outer loop
      vertex 225.7000 -33.4000 177.9000
      vertex 225.7000 -33.4000 180.9000
      vertex 228.7000 -33.4000 177.9000
    endloop
  endfacet
  facet normal 1 0 0
    outer loop
      vertex 225.7000 -33.4000 177.9000
      vertex 225.7000 -13.4000 177.9000
      vertex 225.7000 -33.4000 180.9000
    endloop
  endfacet
  facet normal 1 0 0
    outer loop
      vertex 225.7000 -33.4000 180.9000
      vertex 225.7000 -13.4000 177.9000
      vertex 225.7000 -13.4000 180.9000
    endloop
  endfacet
  facet normal 0 0 1
    outer loop
      vertex 225.7000 -33.4000 180.9000
      vertex 228.7000 -37.4000 180.9000
      vertex 228.7000 -33.4000 180.9000
    endloop
  endfacet
  facet normal 0 1 0
    outer loop
      vertex 225.7000 -33.4000 180.9000
      vertex 228.7000 -33.4000 180.9000
      vertex 228.7000 -33.4000 177.9000
    endloop
  endfacet
  facet normal 0 -1 0
    outer loop
      vertex 225.7000 -13.4000 177.9000
      vertex 228.7000 -13.4000 177.9000
      vertex 228.7000 -13.4000 180.9000
    endloop
  endfacet
  facet normal 0 -1 0
    outer loop
      vertex 225.7000 -13.4000 177.9000
      vertex 228.7000 -13.4000 180.9000
      vertex 225.7000 -13.4000 180.9000
    endloop
  endfacet
  facet normal 0 0 -1
    outer loop
      vertex 225.7000 -13.4000 177.9000
      vertex 250.0000 40.0000 177.9000
      vertex 228.7000 -13.4000 177.9000
    endloop
  endfacet
  facet normal 0 0 1
    outer loop
      vertex 225.7000 -13.4000 180.9000
      vertex 228.7000 -13.4000 180.9000
      vertex 250.3250 39.0008 180.9000
    endloop
  endfacet
  facet normal -1 0 0
    outer loop
      vertex 228.7000 -81.4000 177.9000
      vertex 228.7000 -81.4000 180.9000
      vertex 228.7000 -61.4000 180.9000
    endloop
  endfacet
  facet normal 0 0 -1
    outer loop
      vertex 228.7000 -81.4000 177.9000
      vertex 228.7000 -61.4000 177.9000
      vertex 231.7000 -61.4000 177.9000
    endloop
  endfacet
  facet normal -1 0 0
    outer loop
      vertex 228.7000 -81.4000 177.9000
      vertex 228.7000 -61.4000 180.9000
      vertex 228.7000 -61.4000 177.9000
    endloop
  endfacet
  facet normal 0 0 -1
    outer loop
      vertex 228.7000 -81.4000 177.9000
      vertex 231.7000 -81.4000 177.9000
      vertex 246.2000 -87.5000 177.9000
    endloop
  endfacet
  facet normal 0 0 -1
    outer loop
      vertex 228.7000 -81.4000 177.9000
      vertex 231.7000 -61.4000 177.9000
      vertex 231.7000 -81.4000 177.9000
    endloop
  endfacet
  facet normal 0 0 1
    outer loop
      vertex 228.7000 -81.4000 180.9000
      vertex 231.7000 -81.4000 180.9000
      vertex 228.7000 -61.4000 180.9000
    endloop
  endfacet
  facet normal 0 0 1
    outer loop
      vertex 228.7000 -81.4000 180.9000
      vertex 261.7000 -94.0000 180.9000
      vertex 231.7000 -81.4000 180.9000
    endloop
  endfacet
  facet normal 0 0 -1
    outer loop
      vertex 228.7000 -61.4000 177.9000
      vertex 228.7000 -57.4000 177.9000
      vertex 231.7000 -57.4000 177.9000
    endloop
  endfacet
  facet normal 0 0 -1
    outer loop
      vertex 228.7000 -61.4000 177.9000
      vertex 231.7000 -57.4000 177.9000
      vertex 231.7000 -61.4000 177.9000
    endloop
  endfacet
  facet normal 0 0 1
    outer loop
      vertex 228.7000 -61.4000 180.9000
      vertex 231.7000 -81.4000 180.9000
      vertex 231.7000 -61.4000 180.9000
    endloop
  endfacet
  facet normal 0 0 1
    outer loop
      vertex 228.7000 -61.4000 180.9000
      vertex 231.7000 -61.4000 180.9000
      vertex 228.7000 -57.4000 180.9000
    endloop
  endfacet
  facet normal -1 0 0
    outer loop
      vertex 228.7000 -57.4000 177.9000
      vertex 228.7000 -57.4000 180.9000
      vertex 228.7000 -37.4000 180.9000
    endloop
  endfacet
  facet normal 0 0 -1
    outer loop
      vertex 228.7000 -57.4000 177.9000
      vertex 228.7000 -37.4000 177.9000
      vertex 231.7000 -37.4000 177.9000
    endloop
  endfacet
  facet normal -1 0 0
    outer loop
      vertex 228.7000 -57.4000 177.9000
      vertex 228.7000 -37.4000 180.9000
      vertex 228.7000 -37.4000 177.9000
    endloop
  endfacet
  facet normal 0 0 -1
    outer loop
      vertex 228.7000 -57.4000 177.9000
      vertex 231.7000 -37.4000 177.9000
      vertex 231.7000 -57.4000 177.9000
    endloop
  endfacet
  facet normal 0 0 1
    outer loop
      vertex 228.7000 -57.4000 180.9000
      vertex 231.7000 -61.4000 180.9000
      vertex 231.7000 -57.4000 180.9000
    endloop
  endfacet
  facet normal 0 0 1
    outer loop
      vertex 228.7000 -57.4000 180.9000
      vertex 231.7000 -57.4000 180.9000
      vertex 228.7000 -37.4000 180.9000
    endloop
  endfacet
  facet normal 0 0 -1
    outer loop
      vertex 228.7000 -37.4000 177.9000
      vertex 228.7000 -33.4000 177.9000
      vertex 231.7000 -33.4000 177.9000
    endloop
  endfacet
  facet normal 0 0 -1
    outer loop
      vertex 228.7000 -37.4000 177.9000
      vertex 231.7000 -33.4000 177.9000
      vertex 231.7000 -37.4000 177.9000
    endloop
  endfacet
  facet normal 0 0 1
    outer loop
      vertex 228.7000 -37.4000 180.9000
      vertex 231.7000 -57.4000 180.9000
      vertex 231.7000 -37.4000 180.9000
    endloop
  endfacet
  facet normal 0 0 1
    outer loop
      vertex 228.7000 -37.4000 180.9000
      vertex 231.7000 -37.4000 180.9000
      vertex 228.7000 -33.4000 180.9000
    endloop
  endfacet
  facet normal -1 0 0
    outer loop
      vertex 228.7000 -33.4000 177.9000
      vertex 228.7000 -33.4000 180.9000
      vertex 228.7000 -13.4000 180.9000
    endloop
  endfacet
  facet normal 0 0 -1
    outer loop
      vertex 228.7000 -33.4000 177.9000
      vertex 228.7000 -13.4000 177.9000
      vertex 231.7000 -13.4000 177.9000
    endloop
  endfacet
  facet normal -1 0 0
    outer loop
      vertex 228.7000 -33.4000 177.9000
      vertex 228.7000 -13.4000 180.9000
      vertex 228.7000 -13.4000 177.9000
    endloop
  endfacet
  facet normal 0 0 -1
    outer loop
      vertex 228.7000 -33.4000 177.9000
      vertex 231.7000 -13.4000 177.9000
      vertex 231.7000 -33.4000 177.9000
    endloop
  endfacet
  facet normal 0 0 1
    outer loop
      vertex 228.7000 -33.4000 180.9000
      vertex 231.7000 -37.4000 180.9000
      vertex 231.7000 -33.4000 180.9000
    endloop
  endfacet
  facet normal 0 0 1
    outer loop
      vertex 228.7000 -33.4000 180.9000
      vertex 231.7000 -33.4000 180.9000
      vertex 231.7000 -13.4000 180.9000
    endloop
  endfacet
  facet normal 0 0 1
    outer loop
      vertex 228.7000 -33.4000 180.9000
      vertex 231.7000 -13.4000 180.9000
      vertex 228.7000 -13.4000 180.9000
    endloop
  endfacet
  facet normal 0 0 -1
    outer loop
      vertex 228.7000 -13.4000 177.9000
      vertex 250.0000 40.0000 177.9000
      vertex 231.7000 -13.4000 177.9000
    endloop
  endfacet
  facet normal 0 0 1
    outer loop
      vertex 228.7000 -13.4000 180.9000
      vertex 231.7000 -13.4000 180.9000
      vertex 250.5620 38.7367 180.9000
    endloop
  endfacet
  facet normal 0 0 1
    outer loop
      vertex 228.7000 -13.4000 180.9000
      vertex 250.5620 38.7367 180.9000
      vertex 250.3250 39.0008 180.9000
    endloop
  endfacet
  facet normal 0 1 0
    outer loop
      vertex 231.7000 -81.4000 177.9000
      vertex 231.7000 -81.4000 180.9000
      vertex 234.7000 -81.4000 177.9000
    endloop
  endfacet
  facet normal 1 0 0
    outer loop
      vertex 231.7000 -81.4000 177.9000
      vertex 231.7000 -61.4000 177.9000
      vertex 231.7000 -81.4000 180.9000
    endloop
  endfacet
  facet normal 0 0 -1
    outer loop
      vertex 231.7000 -81.4000 177.9000
      vertex 234.7000 -81.4000 177.9000
      vertex 246.2000 -87.5000 177.9000
    endloop
  endfacet
  facet normal 1 0 0
    outer loop
      vertex 231.7000 -81.4000 180.9000
      vertex 231.7000 -61.4000 177.9000
      vertex 231.7000 -61.4000 180.9000
    endloop
  endfacet
  facet normal 0 1 0
    outer loop
      vertex 231.7000 -81.4000 180.9000
      vertex 234.7000 -81.4000 180.9000
      vertex 234.7000 -81.4000 177.9000
    endloop
  endfacet
  facet normal 0 0 1
    outer loop
      vertex 231.7000 -81.4000 180.9000
      vertex 261.7000 -94.0000 180.9000
      vertex 234.7000 -81.4000 180.9000
    endloop
  endfacet
  facet normal 0 0 -1
    outer loop
      vertex 231.7000 -61.4000 177.9000
      vertex 231.7000 -57.4000 177.9000
      vertex 234.7000 -57.4000 177.9000
    endloop
  endfacet
  facet normal 0 -1 0
    outer loop
      vertex 231.7000 -61.4000 177.9000
      vertex 234.7000 -61.4000 177.9000
      vertex 234.7000 -61.4000 180.9000
    endloop
  endfacet
  facet normal 0 -1 0
    outer loop
      vertex 231.7000 -61.4000 177.9000
      vertex 234.7000 -61.4000 180.9000
      vertex 231.7000 -61.4000 180.9000
    endloop
  endfacet
  facet normal 0 0 -1
    outer loop
      vertex 231.7000 -61.4000 177.9000
      vertex 234.7000 -57.4000 177.9000
      vertex 234.7000 -61.4000 177.9000
    endloop
  endfacet
  facet normal 0 0 1
    outer loop
      vertex 231.7000 -61.4000 180.9000
      vertex 234.7000 -61.4000 180.9000
      vertex 231.7000 -57.4000 180.9000
    endloop
  endfacet
  facet normal 0 1 0
    outer loop
      vertex 231.7000 -57.4000 177.9000
      vertex 231.7000 -57.4000 180.9000
      vertex 234.7000 -57.4000 177.9000
    endloop
  endfacet
  facet normal 1 0 0
    outer loop
      vertex 231.7000 -57.4000 177.9000
      vertex 231.7000 -37.4000 177.9000
      vertex 231.7000 -57.4000 180.9000
    endloop
  endfacet
  facet normal 1 0 0
    outer loop
      vertex 231.7000 -57.4000 180.9000
      vertex 231.7000 -37.4000 177.9000
      vertex 231.7000 -37.4000 180.9000
    endloop
  endfacet
  facet normal 0 0 1
    outer loop
      vertex 231.7000 -57.4000 180.9000
      vertex 234.7000 -61.4000 180.9000
      vertex 234.7000 -57.4000 180.9000
    endloop
  endfacet
  facet normal 0 1 0
    outer loop
      vertex 231.7000 -57.4000 180.9000
      vertex 234.7000 -57.4000 180.9000
      vertex 234.7000 -57.4000 177.9000
    endloop
  endfacet
  facet normal 0 0 -1
    outer loop
      vertex 231.7000 -37.4000 177.9000
      vertex 231.7000 -33.4000 177.9000
      vertex 234.7000 -33.4000 177.9000
    endloop
  endfacet
  facet normal 0 -1 0
    outer loop
      vertex 231.7000 -37.4000 177.9000
      vertex 234.7000 -37.4000 177.9000
      vertex 234.7000 -37.4000 180.9000
    endloop
  endfacet
  facet normal 0 -1 0
    outer loop
      vertex 231.7000 -37.4000 177.9000
      vertex 234.7000 -37.4000 180.9000
      vertex 231.7000 -37.4000 180.9000
    endloop
  endfacet
  facet normal 0 0 -1
    outer loop
      vertex 231.7000 -37.4000 177.9000
      vertex 234.7000 -33.4000 177.9000
      vertex 234.7000 -37.4000 177.9000
    endloop
  endfacet
  facet normal 0 0 1
    outer loop
      vertex 231.7000 -37.4000 180.9000
      vertex 234.7000 -37.4000 180.9000
      vertex 231.7000 -33.4000 180.9000
    endloop
  endfacet
  facet normal 0 1 0
    outer loop
      vertex 231.7000 -33.4000 177.9000
      vertex 231.7000 -33.4000 180.9000
      vertex 234.7000 -33.4000 177.9000
    endloop
  endfacet
  facet normal 1 0 0
    outer loop
      vertex 231.7000 -33.4000 177.9000
      vertex 231.7000 -13.4000 177.9000
      vertex 231.7000 -33.4000 180.9000
    endloop
  endfacet
  facet normal 1 0 0
    outer loop
      vertex 231.7000 -33.4000 180.9000
      vertex 231.7000 -13.4000 177.9000
      vertex 231.7000 -13.4000 180.9000
    endloop
  endfacet
  facet normal 0 0 1
    outer loop
      vertex 231.7000 -33.4000 180.9000
      vertex 234.7000 -37.4000 180.9000
      vertex 234.7000 -33.4000 180.9000
    endloop
  endfacet
  facet normal 0 1 0
    outer loop
      vertex 231.7000 -33.4000 180.9000
      vertex 234.7000 -33.4000 180.9000
      vertex 234.7000 -33.4000 177.9000
    endloop
  endfacet
  facet normal 0 -1 0
    outer loop
      vertex 231.7000 -13.4000 177.9000
      vertex 234.7000 -13.4000 177.9000
      vertex 234.7000 -13.4000 180.9000
    endloop
  endfacet
  facet normal 0 -1 0
    outer loop
      vertex 231.7000 -13.4000 177.9000
      vertex 234.7000 -13.4000 180.9000
      vertex 231.7000 -13.4000 180.9000
    endloop
  endfacet
  facet normal 0 0 -1
    outer loop
      vertex 231.7000 -13.4000 177.9000
      vertex 250.0000 40.0000 177.9000
      vertex 234.7000 -13.4000 177.9000
    endloop
  endfacet
  facet normal 0 0 1
    outer loop
      vertex 231.7000 -13.4000 180.9000
      vertex 234.7000 -13.4000 180.9000
      vertex 250.5620 38.7367 180.9000
    endloop
  endfacet
  facet normal -1 0 0
    outer loop
      vertex 234.7000 -81.4000 177.9000
      vertex 234.7000 -81.4000 180.9000
      vertex 234.7000 -61.4000 180.9000
    endloop
  endfacet
  facet normal 0 0 -1
    outer loop
      vertex 234.7000 -81.4000 177.9000
      vertex 234.7000 -61.4000 177.9000
      vertex 237.7000 -61.4000 177.9000
    endloop
  endfacet
  facet normal -1 0 0
    outer loop
      vertex 234.7000 -81.4000 177.9000
      vertex 234.7000 -61.4000 180.9000
      vertex 234.7000 -61.4000 177.9000
    endloop
  endfacet
  facet normal 0 0 -1
    outer loop
      vertex 234.7000 -81.4000 177.9000
      vertex 237.7000 -81.4000 177.9000
      vertex 246.2000 -87.5000 177.9000
    endloop
  endfacet
  facet normal 0 0 -1
    outer loop
      vertex 234.7000 -81.4000 177.9000
      vertex 237.7000 -61.4000 177.9000
      vertex 237.7000 -81.4000 177.9000
    endloop
  endfacet
  facet normal 0 0 1
    outer loop
      vertex 234.7000 -81.4000 180.9000
      vertex 237.7000 -81.4000 180.9000
      vertex 234.7000 -61.4000 180.9000
    endloop
  endfacet
  facet normal 0 0 1
    outer loop
      vertex 234.7000 -81.4000 180.9000
      vertex 250.8500 -85.4722 180.9000
      vertex 237.7000 -81.4000 180.9000
    endloop
  endfacet
  facet normal 0 0 1
    outer loop
      vertex 234.7000 -81.4000 180.9000
      vertex 261.7000 -94.0000 180.9000
      vertex 250.8500 -85.4722 180.9000
    endloop
  endfacet
  facet normal 0 0 -1
    outer loop
      vertex 234.7000 -61.4000 177.9000
      vertex 234.7000 -57.4000 177.9000
      vertex 237.7000 -57.4000 177.9000
    endloop
  endfacet
  facet normal 0 0 -1
    outer loop
      vertex 234.7000 -61.4000 177.9000
      vertex 237.7000 -57.4000 177.9000
      vertex 237.7000 -61.4000 177.9000
    endloop
  endfacet
  facet normal 0 0 1
    outer loop
      vertex 234.7000 -61.4000 180.9000
      vertex 237.7000 -81.4000 180.9000
      vertex 237.7000 -61.4000 180.9000
    endloop
  endfacet
  facet normal 0 0 1
    outer loop
      vertex 234.7000 -61.4000 180.9000
      vertex 237.7000 -61.4000 180.9000
      vertex 234.7000 -57.4000 180.9000
    endloop
  endfacet
  facet normal -1 0 0
    outer loop
      vertex 234.7000 -57.4000 177.9000
      vertex 234.7000 -57.4000 180.9000
      vertex 234.7000 -37.4000 180.9000
    endloop
  endfacet
  facet normal 0 0 -1
    outer loop
      vertex 234.7000 -57.4000 177.9000
      vertex 234.7000 -37.4000 177.9000
      vertex 237.7000 -37.4000 177.9000
    endloop
  endfacet
  facet normal -1 0 0
    outer loop
      vertex 234.7000 -57.4000 177.9000
      vertex 234.7000 -37.4000 180.9000
      vertex 234.7000 -37.4000 177.9000
    endloop
  endfacet
  facet normal 0 0 -1
    outer loop
      vertex 234.7000 -57.4000 177.9000
      vertex 237.7000 -37.4000 177.9000
      vertex 237.7000 -57.4000 177.9000
    endloop
  endfacet
  facet normal 0 0 1
    outer loop
      vertex 234.7000 -57.4000 180.9000
      vertex 237.7000 -61.4000 180.9000
      vertex 237.7000 -57.4000 180.9000
    endloop
  endfacet
  facet normal 0 0 1
    outer loop
      vertex 234.7000 -57.4000 180.9000
      vertex 237.7000 -57.4000 180.9000
      vertex 234.7000 -37.4000 180.9000
    endloop
  endfacet
  facet normal 0 0 -1
    outer loop
      vertex 234.7000 -37.4000 177.9000
      vertex 234.7000 -33.4000 177.9000
      vertex 237.7000 -33.4000 177.9000
    endloop
  endfacet
  facet normal 0 0 -1
    outer loop
      vertex 234.7000 -37.4000 177.9000
      vertex 237.7000 -33.4000 177.9000
      vertex 237.7000 -37.4000 177.9000
    endloop
  endfacet
  facet normal 0 0 1
    outer loop
      vertex 234.7000 -37.4000 180.9000
      vertex 237.7000 -57.4000 180.9000
      vertex 237.7000 -37.4000 180.9000
    endloop
  endfacet
  facet normal 0 0 1
    outer loop
      vertex 234.7000 -37.4000 180.9000
      vertex 237.7000 -37.4000 180.9000
      vertex 234.7000 -33.4000 180.9000
    endloop
  endfacet
  facet normal -1 0 0
    outer loop
      vertex 234.7000 -33.4000 177.9000
      vertex 234.7000 -33.4000 180.9000
      vertex 234.7000 -13.4000 180.9000
    endloop
  endfacet
  facet normal 0 0 -1
    outer loop
      vertex 234.7000 -33.4000 177.9000
      vertex 234.7000 -13.4000 177.9000
      vertex 237.7000 -13.4000 177.9000
    endloop
  endfacet
  facet normal -1 0 0
    outer loop
      vertex 234.7000 -33.4000 177.9000
      vertex 234.7000 -13.4000 180.9000
      vertex 234.7000 -13.4000 177.9000
    endloop
  endfacet
  facet normal 0 0 -1
    outer loop
      vertex 234.7000 -33.4000 177.9000
      vertex 237.7000 -13.4000 177.9000
      vertex 237.7000 -33.4000 177.9000
    endloop
  endfacet
  facet normal 0 0 1
    outer loop
      vertex 234.7000 -33.4000 180.9000
      vertex 237.7000 -37.4000 180.9000
      vertex 237.7000 -33.4000 180.9000
    endloop
  endfacet
  facet normal 0 0 1
    outer loop
      vertex 234.7000 -33.4000 180.9000
      vertex 237.7000 -33.4000 180.9000
      vertex 237.7000 -13.4000 180.9000
    endloop
  endfacet
  facet normal 0 0 1
    outer loop
      vertex 234.7000 -33.4000 180.9000
      vertex 237.7000 -13.4000 180.9000
      vertex 234.7000 -13.4000 180.9000
    endloop
  endfacet
  facet normal 0 0 -1
    outer loop
      vertex 234.7000 -13.4000 177.9000
      vertex 250.0000 40.0000 177.9000
      vertex 237.7000 -13.4000 177.9000
    endloop
  endfacet
  facet normal 0 0 1
    outer loop
      vertex 234.7000 -13.4000 180.9000
      vertex 237.7000 -13.4000 180.9000
      vertex 250.8500 38.5278 180.9000
    endloop
  endfacet
  facet normal 0 0 1
    outer loop
      vertex 234.7000 -13.4000 180.9000
      vertex 250.8500 38.5278 180.9000
      vertex 250.5620 38.7367 180.9000
    endloop
  endfacet
  facet normal 0 1 0
    outer loop
      vertex 237.7000 -81.4000 177.9000
      vertex 237.7000 -81.4000 180.9000
      vertex 240.7000 -81.4000 177.9000
    endloop
  endfacet
  facet normal 1 0 0
    outer loop
      vertex 237.7000 -81.4000 177.9000
      vertex 237.7000 -61.4000 177.9000
      vertex 237.7000 -81.4000 180.9000
    endloop
  endfacet
  facet normal 0 0 -1
    outer loop
      vertex 237.7000 -81.4000 177.9000
      vertex 240.7000 -81.4000 177.9000
      vertex 246.2000 -87.5000 177.9000
    endloop
  endfacet
  facet normal 1 0 0
    outer loop
      vertex 237.7000 -81.4000 180.9000
      vertex 237.7000 -61.4000 177.9000
      vertex 237.7000 -61.4000 180.9000
    endloop
  endfacet
  facet normal 0 1 0
    outer loop
      vertex 237.7000 -81.4000 180.9000
      vertex 240.7000 -81.4000 180.9000
      vertex 240.7000 -81.4000 177.9000
    endloop
  endfacet
  facet normal 0 0 1
    outer loop
      vertex 237.7000 -81.4000 180.9000
      vertex 250.5620 -85.2633 180.9000
      vertex 240.7000 -81.4000 180.9000
    endloop
  endfacet
  facet normal 0 0 1
    outer loop
      vertex 237.7000 -81.4000 180.9000
      vertex 250.8500 -85.4722 180.9000
      vertex 250.5620 -85.2633 180.9000
    endloop
  endfacet
  facet normal 0 0 -1
    outer loop
      vertex 237.7000 -61.4000 177.9000
      vertex 237.7000 -57.4000 177.9000
      vertex 240.7000 -57.4000 177.9000
    endloop
  endfacet
  facet normal 0 -1 0
    outer loop
      vertex 237.7000 -61.4000 177.9000
      vertex 240.7000 -61.4000 177.9000
      vertex 240.7000 -61.4000 180.9000
    endloop
  endfacet
  facet normal 0 -1 0
    outer loop
      vertex 237.7000 -61.4000 177.9000
      vertex 240.7000 -61.4000 180.9000
      vertex 237.7000 -61.4000 180.9000
    endloop
  endfacet
  facet normal 0 0 -1
    outer loop
      vertex 237.7000 -61.4000 177.9000
      vertex 240.7000 -57.4000 177.9000
      vertex 240.7000 -61.4000 177.9000
    endloop
  endfacet
  facet normal 0 0 1
    outer loop
      vertex 237.7000 -61.4000 180.9000
      vertex 240.7000 -61.4000 180.9000
      vertex 237.7000 -57.4000 180.9000
    endloop
  endfacet
  facet normal 0 1 0
    outer loop
      vertex 237.7000 -57.4000 177.9000
      vertex 237.7000 -57.4000 180.9000
      vertex 240.7000 -57.4000 177.9000
    endloop
  endfacet
  facet normal 1 0 0
    outer loop
      vertex 237.7000 -57.4000 177.9000
      vertex 237.7000 -37.4000 177.9000
      vertex 237.7000 -57.4000 180.9000
    endloop
  endfacet
  facet normal 1 0 0
    outer loop
      vertex 237.7000 -57.4000 180.9000
      vertex 237.7000 -37.4000 177.9000
      vertex 237.7000 -37.4000 180.9000
    endloop
  endfacet
  facet normal 0 0 1
    outer loop
      vertex 237.7000 -57.4000 180.9000
      vertex 240.7000 -61.4000 180.9000
      vertex 240.7000 -57.4000 180.9000
    endloop
  endfacet
  facet normal 0 1 0
    outer loop
      vertex 237.7000 -57.4000 180.9000
      vertex 240.7000 -57.4000 180.9000
      vertex 240.7000 -57.4000 177.9000
    endloop
  endfacet
  facet normal 0 0 -1
    outer loop
      vertex 237.7000 -37.4000 177.9000
      vertex 237.7000 -33.4000 177.9000
      vertex 240.7000 -33.4000 177.9000
    endloop
  endfacet
  facet normal 0 -1 0
    outer loop
      vertex 237.7000 -37.4000 177.9000
      vertex 240.7000 -37.4000 177.9000
      vertex 240.7000 -37.4000 180.9000
    endloop
  endfacet
  facet normal 0 -1 0
    outer loop
      vertex 237.7000 -37.4000 177.9000
      vertex 240.7000 -37.4000 180.9000
      vertex 237.7000 -37.4000 180.9000
    endloop
  endfacet
  facet normal 0 0 -1
    outer loop
      vertex 237.7000 -37.4000 177.9000
      vertex 240.7000 -33.4000 177.9000
      vertex 240.7000 -37.4000 177.9000
    endloop
  endfacet
  facet normal 0 0 1
    outer loop
      vertex 237.7000 -37.4000 180.9000
      vertex 240.7000 -37.4000 180.9000
      vertex 237.7000 -33.4000 180.9000
    endloop
  endfacet
  facet normal 0 1 0
    outer loop
      vertex 237.7000 -33.4000 177.9000
      vertex 237.7000 -33.4000 180.9000
      vertex 240.7000 -33.4000 177.9000
    endloop
  endfacet
  facet normal 1 0 0
    outer loop
      vertex 237.7000 -33.4000 177.9000
      vertex 237.7000 -13.4000 177.9000
      vertex 237.7000 -33.4000 180.9000
    endloop
  endfacet
  facet normal 1 0 0
    outer loop
      vertex 237.7000 -33.4000 180.9000
      vertex 237.7000 -13.4000 177.9000
      vertex 237.7000 -13.4000 180.9000
    endloop
  endfacet
  facet normal 0 0 1
    outer loop
      vertex 237.7000 -33.4000 180.9000
      vertex 240.7000 -37.4000 180.9000
      vertex 240.7000 -33.4000 180.9000
    endloop
  endfacet
  facet normal 0 1 0
    outer loop
      vertex 237.7000 -33.4000 180.9000
      vertex 240.7000 -33.4000 180.9000
      vertex 240.7000 -33.4000 177.9000
    endloop
  endfacet
  facet normal 0 -1 0
    outer loop
      vertex 237.7000 -13.4000 177.9000
      vertex 240.7000 -13.4000 177.9000
      vertex 240.7000 -13.4000 180.9000
    endloop
  endfacet
  facet normal 0 -1 0
    outer loop
      vertex 237.7000 -13.4000 177.9000
      vertex 240.7000 -13.4000 180.9000
      vertex 237.7000 -13.4000 180.9000
    endloop
  endfacet
  facet normal 0 0 -1
    outer loop
      vertex 237.7000 -13.4000 177.9000
      vertex 250.0000 40.0000 177.9000
      vertex 240.7000 -13.4000 177.9000
    endloop
  endfacet
  facet normal 0 0 1
    outer loop
      vertex 237.7000 -13.4000 180.9000
      vertex 240.7000 -13.4000 180.9000
      vertex 250.8500 38.5278 180.9000
    endloop
  endfacet
  facet normal -1 0 0
    outer loop
      vertex 240.7000 -81.4000 177.9000
      vertex 240.7000 -81.4000 180.9000
      vertex 240.7000 -61.4000 180.9000
    endloop
  endfacet
  facet normal 0 0 -1
    outer loop
      vertex 240.7000 -81.4000 177.9000
      vertex 240.7000 -61.4000 177.9000
      vertex 243.7000 -61.4000 177.9000
    endloop
  endfacet
  facet normal -1 0 0
    outer loop
      vertex 240.7000 -81.4000 177.9000
      vertex 240.7000 -61.4000 180.9000
      vertex 240.7000 -61.4000 177.9000
    endloop
  endfacet
  facet normal 0 0 -1
    outer loop
      vertex 240.7000 -81.4000 177.9000
      vertex 243.7000 -81.4000 177.9000
      vertex 246.2000 -87.5000 177.9000
    endloop
  endfacet
  facet normal 0 0 -1
    outer loop
      vertex 240.7000 -81.4000 177.9000
      vertex 243.7000 -61.4000 177.9000
      vertex 243.7000 -81.4000 177.9000
    endloop
  endfacet
  facet normal 0 0 1
    outer loop
      vertex 240.7000 -81.4000 180.9000
      vertex 243.7000 -81.4000 180.9000
      vertex 240.7000 -61.4000 180.9000
    endloop
  endfacet
  facet normal 0 0 1
    outer loop
      vertex 240.7000 -81.4000 180.9000
      vertex 250.3250 -84.9992 180.9000
      vertex 243.7000 -81.4000 180.9000
    endloop
  endfacet
  facet normal 0 0 1
    outer loop
      vertex 240.7000 -81.4000 180.9000
      vertex 250.5620 -85.2633 180.9000
      vertex 250.3250 -84.9992 180.9000
    endloop
  endfacet
  facet normal 0 0 -1
    outer loop
      vertex 240.7000 -61.4000 177.9000
      vertex 240.7000 -57.4000 177.9000
      vertex 243.7000 -57.4000 177.9000
    endloop
  endfacet
  facet normal 0 0 -1
    outer loop
      vertex 240.7000 -61.4000 177.9000
      vertex 243.7000 -57.4000 177.9000
      vertex 243.7000 -61.4000 177.9000
    endloop
  endfacet
  facet normal 0 0 1
    outer loop
      vertex 240.7000 -61.4000 180.9000
      vertex 243.7000 -81.4000 180.9000
      vertex 243.7000 -61.4000 180.9000
    endloop
  endfacet
  facet normal 0 0 1
    outer loop
      vertex 240.7000 -61.4000 180.9000
      vertex 243.7000 -61.4000 180.9000
      vertex 240.7000 -57.4000 180.9000
    endloop
  endfacet
  facet normal -1 0 0
    outer loop
      vertex 240.7000 -57.4000 177.9000
      vertex 240.7000 -57.4000 180.9000
      vertex 240.7000 -37.4000 180.9000
    endloop
  endfacet
  facet normal 0 0 -1
    outer loop
      vertex 240.7000 -57.4000 177.9000
      vertex 240.7000 -37.4000 177.9000
      vertex 243.7000 -37.4000 177.9000
    endloop
  endfacet
  facet normal -1 0 0
    outer loop
      vertex 240.7000 -57.4000 177.9000
      vertex 240.7000 -37.4000 180.9000
      vertex 240.7000 -37.4000 177.9000
    endloop
  endfacet
  facet normal 0 0 -1
    outer loop
      vertex 240.7000 -57.4000 177.9000
      vertex 243.7000 -37.4000 177.9000
      vertex 243.7000 -57.4000 177.9000
    endloop
  endfacet
  facet normal 0 0 1
    outer loop
      vertex 240.7000 -57.4000 180.9000
      vertex 243.7000 -61.4000 180.9000
      vertex 243.7000 -57.4000 180.9000
    endloop
  endfacet
  facet normal 0 0 1
    outer loop
      vertex 240.7000 -57.4000 180.9000
      vertex 243.7000 -57.4000 180.9000
      vertex 240.7000 -37.4000 180.9000
    endloop
  endfacet
  facet normal 0 0 -1
    outer loop
      vertex 240.7000 -37.4000 177.9000
      vertex 240.7000 -33.4000 177.9000
      vertex 243.7000 -33.4000 177.9000
    endloop
  endfacet
  facet normal 0 0 -1
    outer loop
      vertex 240.7000 -37.4000 177.9000
      vertex 243.7000 -33.4000 177.9000
      vertex 243.7000 -37.4000 177.9000
    endloop
  endfacet
  facet normal 0 0 1
    outer loop
      vertex 240.7000 -37.4000 180.9000
      vertex 243.7000 -57.4000 180.9000
      vertex 243.7000 -37.4000 180.9000
    endloop
  endfacet
  facet normal 0 0 1
    outer loop
      vertex 240.7000 -37.4000 180.9000
      vertex 243.7000 -37.4000 180.9000
      vertex 240.7000 -33.4000 180.9000
    endloop
  endfacet
  facet normal -1 0 0
    outer loop
      vertex 240.7000 -33.4000 177.9000
      vertex 240.7000 -33.4000 180.9000
      vertex 240.7000 -13.4000 180.9000
    endloop
  endfacet
  facet normal 0 0 -1
    outer loop
      vertex 240.7000 -33.4000 177.9000
      vertex 240.7000 -13.4000 177.9000
      vertex 243.7000 -13.4000 177.9000
    endloop
  endfacet
  facet normal -1 0 0
    outer loop
      vertex 240.7000 -33.4000 177.9000
      vertex 240.7000 -13.4000 180.9000
      vertex 240.7000 -13.4000 177.9000
    endloop
  endfacet
  facet normal 0 0 -1
    outer loop
      vertex 240.7000 -33.4000 177.9000
      vertex 243.7000 -13.4000 177.9000
      vertex 243.7000 -33.4000 177.9000
    endloop
  endfacet
  facet normal 0 0 1
    outer loop
      vertex 240.7000 -33.4000 180.9000
      vertex 243.7000 -37.4000 180.9000
      vertex 243.7000 -33.4000 180.9000
    endloop
  endfacet
  facet normal 0 0 1
    outer loop
      vertex 240.7000 -33.4000 180.9000
      vertex 243.7000 -33.4000 180.9000
      vertex 243.7000 -13.4000 180.9000
    endloop
  endfacet
  facet normal 0 0 1
    outer loop
      vertex 240.7000 -33.4000 180.9000
      vertex 243.7000 -13.4000 180.9000
      vertex 240.7000 -13.4000 180.9000
    endloop
  endfacet
  facet normal 0 0 -1
    outer loop
      vertex 240.7000 -13.4000 177.9000
      vertex 250.0000 40.0000 177.9000
      vertex 243.7000 -13.4000 177.9000
    endloop
  endfacet
  facet normal 0 0 1
    outer loop
      vertex 240.7000 -13.4000 180.9000
      vertex 243.7000 -13.4000 180.9000
      vertex 251.1750 38.3832 180.9000
    endloop
  endfacet
  facet normal 0 0 1
    outer loop
      vertex 240.7000 -13.4000 180.9000
      vertex 251.1750 38.3832 180.9000
      vertex 250.8500 38.5278 180.9000
    endloop
  endfacet
  facet normal 0 1 0
    outer loop
      vertex 243.7000 -81.4000 177.9000
      vertex 243.7000 -81.4000 180.9000
      vertex 246.7000 -81.4000 177.9000
    endloop
  endfacet
  facet normal 1 0 0
    outer loop
      vertex 243.7000 -81.4000 177.9000
      vertex 243.7000 -61.4000 177.9000
      vertex 243.7000 -81.4000 180.9000
    endloop
  endfacet
  facet normal 0 0 -1
    outer loop
      vertex 243.7000 -81.4000 177.9000
      vertex 246.7000 -81.4000 177.9000
      vertex 246.2000 -87.5000 177.9000
    endloop
  endfacet
  facet normal 1 0 0
    outer loop
      vertex 243.7000 -81.4000 180.9000
      vertex 243.7000 -61.4000 177.9000
      vertex 243.7000 -61.4000 180.9000
    endloop
  endfacet
  facet normal 0 1 0
    outer loop
      vertex 243.7000 -81.4000 180.9000
      vertex 246.7000 -81.4000 180.9000
      vertex 246.7000 -81.4000 177.9000
    endloop
  endfacet
  facet normal 0 0 1
    outer loop
      vertex 243.7000 -81.4000 180.9000
      vertex 250.1470 -84.6915 180.9000
      vertex 246.7000 -81.4000 180.9000
    endloop
  endfacet
  facet normal 0 0 1
    outer loop
      vertex 243.7000 -81.4000 180.9000
      vertex 250.3250 -84.9992 180.9000
      vertex 250.1470 -84.6915 180.9000
    endloop
  endfacet
  facet normal 0 0 -1
    outer loop
      vertex 243.7000 -61.4000 177.9000
      vertex 243.7000 -57.4000 177.9000
      vertex 246.7000 -57.4000 177.9000
    endloop
  endfacet
  facet normal 0 -1 0
    outer loop
      vertex 243.7000 -61.4000 177.9000
      vertex 246.7000 -61.4000 177.9000
      vertex 246.7000 -61.4000 180.9000
    endloop
  endfacet
  facet normal 0 -1 0
    outer loop
      vertex 243.7000 -61.4000 177.9000
      vertex 246.7000 -61.4000 180.9000
      vertex 243.7000 -61.4000 180.9000
    endloop
  endfacet
  facet normal 0 0 -1
    outer loop
      vertex 243.7000 -61.4000 177.9000
      vertex 246.7000 -57.4000 177.9000
      vertex 246.7000 -61.4000 177.9000
    endloop
  endfacet
  facet normal 0 0 1
    outer loop
      vertex 243.7000 -61.4000 180.9000
      vertex 246.7000 -61.4000 180.9000
      vertex 243.7000 -57.4000 180.9000
    endloop
  endfacet
  facet normal 0 1 0
    outer loop
      vertex 243.7000 -57.4000 177.9000
      vertex 243.7000 -57.4000 180.9000
      vertex 246.7000 -57.4000 177.9000
    endloop
  endfacet
  facet normal 1 0 0
    outer loop
      vertex 243.7000 -57.4000 177.9000
      vertex 243.7000 -37.4000 177.9000
      vertex 243.7000 -57.4000 180.9000
    endloop
  endfacet
  facet normal 1 0 0
    outer loop
      vertex 243.7000 -57.4000 180.9000
      vertex 243.7000 -37.4000 177.9000
      vertex 243.7000 -37.4000 180.9000
    endloop
  endfacet
  facet normal 0 0 1
    outer loop
      vertex 243.7000 -57.4000 180.9000
      vertex 246.7000 -61.4000 180.9000
      vertex 246.7000 -57.4000 180.9000
    endloop
  endfacet
  facet normal 0 1 0
    outer loop
      vertex 243.7000 -57.4000 180.9000
      vertex 246.7000 -57.4000 180.9000
      vertex 246.7000 -57.4000 177.9000
    endloop
  endfacet
  facet normal 0 0 -1
    outer loop
      vertex 243.7000 -37.4000 177.9000
      vertex 243.7000 -33.4000 177.9000
      vertex 246.7000 -33.4000 177.9000
    endloop
  endfacet
  facet normal 0 -1 0
    outer loop
      vertex 243.7000 -37.4000 177.9000
      vertex 246.7000 -37.4000 177.9000
      vertex 246.7000 -37.4000 180.9000
    endloop
  endfacet
  facet normal 0 -1 0
    outer loop
      vertex 243.7000 -37.4000 177.9000
      vertex 246.7000 -37.4000 180.9000
      vertex 243.7000 -37.4000 180.9000
    endloop
  endfacet
  facet normal 0 0 -1
    outer loop
      vertex 243.7000 -37.4000 177.9000
      vertex 246.7000 -33.4000 177.9000
      vertex 246.7000 -37.4000 177.9000
    endloop
  endfacet
  facet normal 0 0 1
    outer loop
      vertex 243.7000 -37.4000 180.9000
      vertex 246.7000 -37.4000 180.9000
      vertex 243.7000 -33.4000 180.9000
    endloop
  endfacet
  facet normal 0 1 0
    outer loop
      vertex 243.7000 -33.4000 177.9000
      vertex 243.7000 -33.4000 180.9000
      vertex 246.7000 -33.4000 177.9000
    endloop
  endfacet
  facet normal 1 0 0
    outer loop
      vertex 243.7000 -33.4000 177.9000
      vertex 243.7000 -13.4000 177.9000
      vertex 243.7000 -33.4000 180.9000
    endloop
  endfacet
  facet normal 1 0 0
    outer loop
      vertex 243.7000 -33.4000 180.9000
      vertex 243.7000 -13.4000 177.9000
      vertex 243.7000 -13.4000 180.9000
    endloop
  endfacet
  facet normal 0 0 1
    outer loop
      vertex 243.7000 -33.4000 180.9000
      vertex 246.7000 -37.4000 180.9000
      vertex 246.7000 -33.4000 180.9000
    endloop
  endfacet
  facet normal 0 1 0
    outer loop
      vertex 243.7000 -33.4000 180.9000
      vertex 246.7000 -33.4000 180.9000
      vertex 246.7000 -33.4000 177.9000
    endloop
  endfacet
  facet normal 0 -1 0
    outer loop
      vertex 243.7000 -13.4000 177.9000
      vertex 246.7000 -13.4000 177.9000
      vertex 246.7000 -13.4000 180.9000
    endloop
  endfacet
  facet normal 0 -1 0
    outer loop
      vertex 243.7000 -13.4000 177.9000
      vertex 246.7000 -13.4000 180.9000
      vertex 243.7000 -13.4000 180.9000
    endloop
  endfacet
  facet normal 0 0 -1
    outer loop
      vertex 243.7000 -13.4000 177.9000
      vertex 250.0000 40.0000 177.9000
      vertex 246.7000 -13.4000 177.9000
    endloop
  endfacet
  facet normal 0 0 1
    outer loop
      vertex 243.7000 -13.4000 180.9000
      vertex 246.7000 -13.4000 180.9000
      vertex 251.1750 38.3832 180.9000
    endloop
  endfacet
  facet normal 1 0 0
    outer loop
      vertex 246.2000 -89.0000 173.9000
      vertex 246.2000 -87.5000 173.9000
      vertex 246.2000 -89.0000 177.9000
    endloop
  endfacet
  facet normal 1 0 0
    outer loop
      vertex 246.2000 -89.0000 177.9000
      vertex 246.2000 -87.5000 173.9000
      vertex 246.2000 -87.5000 177.9000
    endloop
  endfacet
  facet normal 0 0 -1
    outer loop
      vertex 246.2000 -89.0000 177.9000
      vertex 246.2000 -87.5000 177.9000
      vertex 250.8500 -85.4722 177.9000
    endloop
  endfacet
  facet normal 0 0 -1
    outer loop
      vertex 246.2000 -89.0000 177.9000
      vertex 250.8500 -85.4722 177.9000
      vertex 251.1750 -85.6168 177.9000
    endloop
  endfacet
  facet normal 0 0 -1
    outer loop
      vertex 246.2000 -89.0000 177.9000
      vertex 251.1750 -85.6168 177.9000
      vertex 251.5220 -85.6907 177.9000
    endloop
  endfacet
  facet normal 0 0 -1
    outer loop
      vertex 246.2000 -89.0000 177.9000
      vertex 251.5220 -85.6907 177.9000
      vertex 251.8780 -85.6907 177.9000
    endloop
  endfacet
  facet normal 0 0 -1
    outer loop
      vertex 246.2000 -89.0000 177.9000
      vertex 251.8780 -85.6907 177.9000
      vertex 261.7000 -94.0000 177.9000
    endloop
  endfacet
  facet normal 0 0 -1
    outer loop
      vertex 246.2000 -87.5000 177.9000
      vertex 246.7000 -81.4000 177.9000
      vertex 250.0370 -84.3534 177.9000
    endloop
  endfacet
  facet normal 0 0 -1
    outer loop
      vertex 246.2000 -87.5000 177.9000
      vertex 250.0370 -84.3534 177.9000
      vertex 250.1470 -84.6915 177.9000
    endloop
  endfacet
  facet normal 0 0 -1
    outer loop
      vertex 246.2000 -87.5000 177.9000
      vertex 250.1470 -84.6915 177.9000
      vertex 250.3250 -84.9992 177.9000
    endloop
  endfacet
  facet normal 0 0 -1
    outer loop
      vertex 246.2000 -87.5000 177.9000
      vertex 250.3250 -84.9992 177.9000
      vertex 250.5620 -85.2633 177.9000
    endloop
  endfacet
  facet normal 0 0 -1
    outer loop
      vertex 246.2000 -87.5000 177.9000
      vertex 250.5620 -85.2633 177.9000
      vertex 250.8500 -85.4722 177.9000
    endloop
  endfacet
  facet normal 1 0 0
    outer loop
      vertex 246.2000 143.5000 173.9000
      vertex 246.2000 145.0000 173.9000
      vertex 246.2000 143.5000 177.9000
    endloop
  endfacet
  facet normal 1 0 0
    outer loop
      vertex 246.2000 143.5000 177.9000
      vertex 246.2000 145.0000 173.9000
      vertex 246.2000 145.0000 177.9000
    endloop
  endfacet
  facet normal 0 0 -1
    outer loop
      vertex 246.2000 143.5000 177.9000
      vertex 246.2000 145.0000 177.9000
      vertex 250.8500 141.4720 177.9000
    endloop
  endfacet
  facet normal 0 0 -1
    outer loop
      vertex 246.2000 143.5000 177.9000
      vertex 250.0000 140.0000 177.9000
      vertex 250.0370 139.6470 177.9000
    endloop
  endfacet
  facet normal 0 0 -1
    outer loop
      vertex 246.2000 143.5000 177.9000
      vertex 250.0370 40.3535 177.9000
      vertex 250.0000 40.0000 177.9000
    endloop
  endfacet
  facet normal 0 0 -1
    outer loop
      vertex 246.2000 143.5000 177.9000
      vertex 250.0370 139.6470 177.9000
      vertex 250.1470 139.3090 177.9000
    endloop
  endfacet
  facet normal 0 0 -1
    outer loop
      vertex 246.2000 143.5000 177.9000
      vertex 250.0370 140.3530 177.9000
      vertex 250.0000 140.0000 177.9000
    endloop
  endfacet
  facet normal 0 0 -1
    outer loop
      vertex 246.2000 143.5000 177.9000
      vertex 250.1470 40.6915 177.9000
      vertex 250.0370 40.3535 177.9000
    endloop
  endfacet
  facet normal 0 0 -1
    outer loop
      vertex 246.2000 143.5000 177.9000
      vertex 250.1470 139.3090 177.9000
      vertex 250.3250 139.0010 177.9000
    endloop
  endfacet
  facet normal 0 0 -1
    outer loop
      vertex 246.2000 143.5000 177.9000
      vertex 250.1470 140.6910 177.9000
      vertex 250.0370 140.3530 177.9000
    endloop
  endfacet
  facet normal 0 0 -1
    outer loop
      vertex 246.2000 143.5000 177.9000
      vertex 250.3250 40.9992 177.9000
      vertex 250.1470 40.6915 177.9000
    endloop
  endfacet
  facet normal 0 0 -1
    outer loop
      vertex 246.2000 143.5000 177.9000
      vertex 250.3250 139.0010 177.9000
      vertex 250.3250 40.9992 177.9000
    endloop
  endfacet
  facet normal 0 0 -1
    outer loop
      vertex 246.2000 143.5000 177.9000
      vertex 250.3250 140.9990 177.9000
      vertex 250.1470 140.6910 177.9000
    endloop
  endfacet
  facet normal 0 0 -1
    outer loop
      vertex 246.2000 143.5000 177.9000
      vertex 250.5620 141.2630 177.9000
      vertex 250.3250 140.9990 177.9000
    endloop
  endfacet
  facet normal 0 0 -1
    outer loop
      vertex 246.2000 143.5000 177.9000
      vertex 250.8500 141.4720 177.9000
      vertex 250.5620 141.2630 177.9000
    endloop
  endfacet
  facet normal 0 0 -1
    outer loop
      vertex 246.2000 145.0000 177.9000
      vertex 251.1750 141.6170 177.9000
      vertex 250.8500 141.4720 177.9000
    endloop
  endfacet
  facet normal 0 0 -1
    outer loop
      vertex 246.2000 145.0000 177.9000
      vertex 251.5220 141.6910 177.9000
      vertex 251.1750 141.6170 177.9000
    endloop
  endfacet
  facet normal 0 0 -1
    outer loop
      vertex 246.2000 145.0000 177.9000
      vertex 251.8780 141.6910 177.9000
      vertex 251.5220 141.6910 177.9000
    endloop
  endfacet
  facet normal 0 0 -1
    outer loop
      vertex 246.2000 145.0000 177.9000
      vertex 261.7000 150.0000 177.9000
      vertex 251.8780 141.6910 177.9000
    endloop
  endfacet
  facet normal -1 0 0
    outer loop
      vertex 246.7000 -81.4000 177.9000
      vertex 246.7000 -81.4000 180.9000
      vertex 246.7000 -61.4000 180.9000
    endloop
  endfacet
  facet normal 0 0 -1
    outer loop
      vertex 246.7000 -81.4000 177.9000
      vertex 246.7000 -61.4000 177.9000
      vertex 251.5220 -82.3093 177.9000
    endloop
  endfacet
  facet normal -1 0 0
    outer loop
      vertex 246.7000 -81.4000 177.9000
      vertex 246.7000 -61.4000 180.9000
      vertex 246.7000 -61.4000 177.9000
    endloop
  endfacet
  facet normal 0 0 -1
    outer loop
      vertex 246.7000 -81.4000 177.9000
      vertex 250.0000 -84.0000 177.9000
      vertex 250.0370 -84.3534 177.9000
    endloop
  endfacet
  facet normal 0 0 -1
    outer loop
      vertex 246.7000 -81.4000 177.9000
      vertex 250.0370 -83.6465 177.9000
      vertex 250.0000 -84.0000 177.9000
    endloop
  endfacet
  facet normal 0 0 -1
    outer loop
      vertex 246.7000 -81.4000 177.9000
      vertex 250.1470 -83.3085 177.9000
      vertex 250.0370 -83.6465 177.9000
    endloop
  endfacet
  facet normal 0 0 -1
    outer loop
      vertex 246.7000 -81.4000 177.9000
      vertex 250.3250 -83.0008 177.9000
      vertex 250.1470 -83.3085 177.9000
    endloop
  endfacet
  facet normal 0 0 -1
    outer loop
      vertex 246.7000 -81.4000 177.9000
      vertex 250.5620 -82.7367 177.9000
      vertex 250.3250 -83.0008 177.9000
    endloop
  endfacet
  facet normal 0 0 -1
    outer loop
      vertex 246.7000 -81.4000 177.9000
      vertex 250.8500 -82.5278 177.9000
      vertex 250.5620 -82.7367 177.9000
    endloop
  endfacet
  facet normal 0 0 -1
    outer loop
      vertex 246.7000 -81.4000 177.9000
      vertex 251.1750 -82.3832 177.9000
      vertex 250.8500 -82.5278 177.9000
    endloop
  endfacet
  facet normal 0 0 -1
    outer loop
      vertex 246.7000 -81.4000 177.9000
      vertex 251.5220 -82.3093 177.9000
      vertex 251.1750 -82.3832 177.9000
    endloop
  endfacet
  facet normal 0 0 1
    outer loop
      vertex 246.7000 -81.4000 180.9000
      vertex 250.0000 -84.0000 180.9000
      vertex 246.7000 -61.4000 180.9000
    endloop
  endfacet
  facet normal 0 0 1
    outer loop
      vertex 246.7000 -81.4000 180.9000
      vertex 250.0370 -84.3534 180.9000
      vertex 250.0000 -84.0000 180.9000
    endloop
  endfacet
  facet normal 0 0 1
    outer loop
      vertex 246.7000 -81.4000 180.9000
      vertex 250.1470 -84.6915 180.9000
      vertex 250.0370 -84.3534 180.9000
    endloop
  endfacet
  facet normal 0 0 -1
    outer loop
      vertex 246.7000 -61.4000 177.9000
      vertex 246.7000 -57.4000 177.9000
      vertex 249.7000 -57.4000 177.9000
    endloop
  endfacet
  facet normal 0 0 -1
    outer loop
      vertex 246.7000 -61.4000 177.9000
      vertex 249.7000 -57.4000 177.9000
      vertex 252.7000 -57.4000 177.9000
    endloop
  endfacet
  facet normal 0 0 -1
    outer loop
      vertex 246.7000 -61.4000 177.9000
      vertex 251.8780 -82.3093 177.9000
      vertex 251.5220 -82.3093 177.9000
    endloop
  endfacet
  facet normal 0 0 -1
    outer loop
      vertex 246.7000 -61.4000 177.9000
      vertex 252.2250 -82.3832 177.9000
      vertex 251.8780 -82.3093 177.9000
    endloop
  endfacet
  facet normal 0 0 -1
    outer loop
      vertex 246.7000 -61.4000 177.9000
      vertex 252.7000 -57.4000 177.9000
      vertex 252.2250 -82.3832 177.9000
    endloop
  endfacet
  facet normal 0 0 1
    outer loop
      vertex 246.7000 -61.4000 180.9000
      vertex 249.7000 -57.4000 180.9000
      vertex 246.7000 -57.4000 180.9000
    endloop
  endfacet
  facet normal 0 0 1
    outer loop
      vertex 246.7000 -61.4000 180.9000
      vertex 250.0000 -84.0000 180.9000
      vertex 249.7000 -57.4000 180.9000
    endloop
  endfacet
  facet normal -1 0 0
    outer loop
      vertex 246.7000 -57.4000 177.9000
      vertex 246.7000 -57.4000 180.9000
      vertex 246.7000 -37.4000 180.9000
    endloop
  endfacet
  facet normal 0 0 -1
    outer loop
      vertex 246.7000 -57.4000 177.9000
      vertex 246.7000 -37.4000 177.9000
      vertex 249.7000 -57.4000 177.9000
    endloop
  endfacet
  facet normal -1 0 0
    outer loop
      vertex 246.7000 -57.4000 177.9000
      vertex 246.7000 -37.4000 180.9000
      vertex 246.7000 -37.4000 177.9000
    endloop
  endfacet
  facet normal 0 0 1
    outer loop
      vertex 246.7000 -57.4000 180.9000
      vertex 249.7000 -57.4000 180.9000
      vertex 246.7000 -37.4000 180.9000
    endloop
  endfacet
  facet normal 0 0 -1
    outer loop
      vertex 246.7000 -37.4000 177.9000
      vertex 246.7000 -33.4000 177.9000
      vertex 249.7000 -33.4000 177.9000
    endloop
  endfacet
  facet normal 0 0 -1
    outer loop
      vertex 246.7000 -37.4000 177.9000
      vertex 249.7000 -37.4000 177.9000
      vertex 249.7000 -57.4000 177.9000
    endloop
  endfacet
  facet normal 0 0 -1
    outer loop
      vertex 246.7000 -37.4000 177.9000
      vertex 249.7000 -33.4000 177.9000
      vertex 249.7000 -37.4000 177.9000
    endloop
  endfacet
  facet normal 0 0 1
    outer loop
      vertex 246.7000 -37.4000 180.9000
      vertex 249.7000 -57.4000 180.9000
      vertex 249.7000 -37.4000 180.9000
    endloop
  endfacet
  facet normal 0 0 1
    outer loop
      vertex 246.7000 -37.4000 180.9000
      vertex 249.7000 -37.4000 180.9000
      vertex 246.7000 -33.4000 180.9000
    endloop
  endfacet
  facet normal -1 0 0
    outer loop
      vertex 246.7000 -33.4000 177.9000
      vertex 246.7000 -33.4000 180.9000
      vertex 246.7000 -13.4000 180.9000
    endloop
  endfacet
  facet normal 0 0 -1
    outer loop
      vertex 246.7000 -33.4000 177.9000
      vertex 246.7000 -13.4000 177.9000
      vertex 249.7000 -13.4000 177.9000
    endloop
  endfacet
  facet normal -1 0 0
    outer loop
      vertex 246.7000 -33.4000 177.9000
      vertex 246.7000 -13.4000 180.9000
      vertex 246.7000 -13.4000 177.9000
    endloop
  endfacet
  facet normal 0 0 -1
    outer loop
      vertex 246.7000 -33.4000 177.9000
      vertex 249.7000 -13.4000 177.9000
      vertex 249.7000 -33.4000 177.9000
    endloop
  endfacet
  facet normal 0 0 1
    outer loop
      vertex 246.7000 -33.4000 180.9000
      vertex 249.7000 -37.4000 180.9000
      vertex 249.7000 -33.4000 180.9000
    endloop
  endfacet
  facet normal 0 0 1
    outer loop
      vertex 246.7000 -33.4000 180.9000
      vertex 249.7000 -33.4000 180.9000
      vertex 249.7000 -13.4000 180.9000
    endloop
  endfacet
  facet normal 0 0 1
    outer loop
      vertex 246.7000 -33.4000 180.9000
      vertex 249.7000 -13.4000 180.9000
      vertex 246.7000 -13.4000 180.9000
    endloop
  endfacet
  facet normal 0 0 -1
    outer loop
      vertex 246.7000 -13.4000 177.9000
      vertex 250.0000 40.0000 177.9000
      vertex 249.7000 -13.4000 177.9000
    endloop
  endfacet
  facet normal 0 0 1
    outer loop
      vertex 246.7000 -13.4000 180.9000
      vertex 249.7000 -13.4000 180.9000
      vertex 251.5220 38.3093 180.9000
    endloop
  endfacet
  facet normal 0 0 1
    outer loop
      vertex 246.7000 -13.4000 180.9000
      vertex 251.5220 38.3093 180.9000
      vertex 251.1750 38.3832 180.9000
    endloop
  endfacet
  facet normal 0 1 0
    outer loop
      vertex 249.7000 -57.4000 177.9000
      vertex 249.7000 -57.4000 180.9000
      vertex 252.7000 -57.4000 177.9000
    endloop
  endfacet
  facet normal 1 0 0
    outer loop
      vertex 249.7000 -57.4000 177.9000
      vertex 249.7000 -37.4000 177.9000
      vertex 249.7000 -57.4000 180.9000
    endloop
  endfacet
  facet normal 1 0 0
    outer loop
      vertex 249.7000 -57.4000 180.9000
      vertex 249.7000 -37.4000 177.9000
      vertex 249.7000 -37.4000 180.9000
    endloop
  endfacet
  facet normal 0 0 1
    outer loop
      vertex 249.7000 -57.4000 180.9000
      vertex 250.0000 -84.0000 180.9000
      vertex 250.0370 -83.6465 180.9000
    endloop
  endfacet
  facet normal 0 0 1
    outer loop
      vertex 249.7000 -57.4000 180.9000
      vertex 250.0370 -83.6465 180.9000
      vertex 250.1470 -83.3085 180.9000
    endloop
  endfacet
  facet normal 0 0 1
    outer loop
      vertex 249.7000 -57.4000 180.9000
      vertex 250.1470 -83.3085 180.9000
      vertex 250.3250 -83.0008 180.9000
    endloop
  endfacet
  facet normal 0 0 1
    outer loop
      vertex 249.7000 -57.4000 180.9000
      vertex 250.3250 -83.0008 180.9000
      vertex 250.5620 -82.7367 180.9000
    endloop
  endfacet
  facet normal 0 0 1
    outer loop
      vertex 249.7000 -57.4000 180.9000
      vertex 250.5620 -82.7367 180.9000
      vertex 250.8500 -82.5278 180.9000
    endloop
  endfacet
  facet normal 0 0 1
    outer loop
      vertex 249.7000 -57.4000 180.9000
      vertex 250.8500 -82.5278 180.9000
      vertex 251.1750 -82.3832 180.9000
    endloop
  endfacet
  facet normal 0 0 1
    outer loop
      vertex 249.7000 -57.4000 180.9000
      vertex 251.1750 -82.3832 180.9000
      vertex 251.5220 -82.3093 180.9000
    endloop
  endfacet
  facet normal 0 0 1
    outer loop
      vertex 249.7000 -57.4000 180.9000
      vertex 251.5220 -82.3093 180.9000
      vertex 252.7000 -57.4000 180.9000
    endloop
  endfacet
  facet normal 0 1 0
    outer loop
      vertex 249.7000 -57.4000 180.9000
      vertex 252.7000 -57.4000 180.9000
      vertex 252.7000 -57.4000 177.9000
    endloop
  endfacet
  facet normal 0 0 -1
    outer loop
      vertex 249.7000 -37.4000 177.9000
      vertex 249.7000 -33.4000 177.9000
      vertex 252.7000 -33.4000 177.9000
    endloop
  endfacet
  facet normal 0 -1 0
    outer loop
      vertex 249.7000 -37.4000 177.9000
      vertex 252.7000 -37.4000 177.9000
      vertex 252.7000 -37.4000 180.9000
    endloop
  endfacet
  facet normal 0 -1 0
    outer loop
      vertex 249.7000 -37.4000 177.9000
      vertex 252.7000 -37.4000 180.9000
      vertex 249.7000 -37.4000 180.9000
    endloop
  endfacet
  facet normal 0 0 -1
    outer loop
      vertex 249.7000 -37.4000 177.9000
      vertex 252.7000 -33.4000 177.9000
      vertex 252.7000 -37.4000 177.9000
    endloop
  endfacet
  facet normal 0 0 1
    outer loop
      vertex 249.7000 -37.4000 180.9000
      vertex 252.7000 -37.4000 180.9000
      vertex 249.7000 -33.4000 180.9000
    endloop
  endfacet
  facet normal 0 1 0
    outer loop
      vertex 249.7000 -33.4000 177.9000
      vertex 249.7000 -33.4000 180.9000
      vertex 252.7000 -33.4000 177.9000
    endloop
  endfacet
  facet normal 1 0 0
    outer loop
      vertex 249.7000 -33.4000 177.9000
      vertex 249.7000 -13.4000 177.9000
      vertex 249.7000 -33.4000 180.9000
    endloop
  endfacet
  facet normal 1 0 0
    outer loop
      vertex 249.7000 -33.4000 180.9000
      vertex 249.7000 -13.4000 177.9000
      vertex 249.7000 -13.4000 180.9000
    endloop
  endfacet
  facet normal 0 0 1
    outer loop
      vertex 249.7000 -33.4000 180.9000
      vertex 252.7000 -37.4000 180.9000
      vertex 252.7000 -33.4000 180.9000
    endloop
  endfacet
  facet normal 0 1 0
    outer loop
      vertex 249.7000 -33.4000 180.9000
      vertex 252.7000 -33.4000 180.9000
      vertex 252.7000 -33.4000 177.9000
    endloop
  endfacet
  facet normal 0 0 -1
    outer loop
      vertex 249.7000 -13.4000 177.9000
      vertex 250.0000 40.0000 177.9000
      vertex 250.0370 39.6465 177.9000
    endloop
  endfacet
  facet normal 0 0 -1
    outer loop
      vertex 249.7000 -13.4000 177.9000
      vertex 250.0370 39.6465 177.9000
      vertex 250.1470 39.3085 177.9000
    endloop
  endfacet
  facet normal 0 0 -1
    outer loop
      vertex 249.7000 -13.4000 177.9000
      vertex 250.1470 39.3085 177.9000
      vertex 250.3250 39.0008 177.9000
    endloop
  endfacet
  facet normal 0 0 -1
    outer loop
      vertex 249.7000 -13.4000 177.9000
      vertex 250.3250 39.0008 177.9000
      vertex 250.5620 38.7367 177.9000
    endloop
  endfacet
  facet normal 0 0 -1
    outer loop
      vertex 249.7000 -13.4000 177.9000
      vertex 250.5620 38.7367 177.9000
      vertex 255.2000 32.5000 177.9000
    endloop
  endfacet
  facet normal 0 -1 0
    outer loop
      vertex 249.7000 -13.4000 177.9000
      vertex 252.7000 -13.4000 177.9000
      vertex 252.7000 -13.4000 180.9000
    endloop
  endfacet
  facet normal 0 -1 0
    outer loop
      vertex 249.7000 -13.4000 177.9000
      vertex 252.7000 -13.4000 180.9000
      vertex 249.7000 -13.4000 180.9000
    endloop
  endfacet
  facet normal 0 0 -1
    outer loop
      vertex 249.7000 -13.4000 177.9000
      vertex 255.2000 32.5000 177.9000
      vertex 252.7000 -13.4000 177.9000
    endloop
  endfacet
  facet normal 0 0 1
    outer loop
      vertex 249.7000 -13.4000 180.9000
      vertex 252.7000 -13.4000 180.9000
      vertex 251.5220 38.3093 180.9000
    endloop
  endfacet
  facet normal 0.994564 0.104128 0
    outer loop
      vertex 250.0000 -84.0000 177.9000
      vertex 250.0000 -84.0000 180.9000
      vertex 250.0370 -84.3534 180.9000
    endloop
  endfacet
  facet normal 0.994564 0.104128 0
    outer loop
      vertex 250.0000 -84.0000 177.9000
      vertex 250.0370 -84.3534 180.9000
      vertex 250.0370 -84.3534 177.9000
    endloop
  endfacet
  facet normal 0.994567 -0.104099 0
    outer loop
      vertex 250.0000 -84.0000 177.9000
      vertex 250.0370 -83.6465 177.9000
      vertex 250.0000 -84.0000 180.9000
    endloop
  endfacet
  facet normal 0.994567 -0.104099 0
    outer loop
      vertex 250.0000 -84.0000 180.9000
      vertex 250.0370 -83.6465 177.9000
      vertex 250.0370 -83.6465 180.9000
    endloop
  endfacet
  facet normal 0.994567 0.104099 0
    outer loop
      vertex 250.0000 40.0000 177.9000
      vertex 250.0000 40.0000 180.9000
      vertex 250.0370 39.6465 180.9000
    endloop
  endfacet
  facet normal 0.994567 0.104099 0
    outer loop
      vertex 250.0000 40.0000 177.9000
      vertex 250.0370 39.6465 180.9000
      vertex 250.0370 39.6465 177.9000
    endloop
  endfacet
  facet normal 0.994567 -0.104099 0
    outer loop
      vertex 250.0000 40.0000 177.9000
      vertex 250.0370 40.3535 177.9000
      vertex 250.0000 40.0000 180.9000
    endloop
  endfacet
  facet normal 0.994567 -0.104099 0
    outer loop
      vertex 250.0000 40.0000 180.9000
      vertex 250.0370 40.3535 177.9000
      vertex 250.0370 40.3535 180.9000
    endloop
  endfacet
  facet normal 0.994552 0.104245 0
    outer loop
      vertex 250.0000 140.0000 177.9000
      vertex 250.0000 140.0000 180.9000
      vertex 250.0370 139.6470 180.9000
    endloop
  endfacet
  facet normal 0.994552 0.104245 0
    outer loop
      vertex 250.0000 140.0000 177.9000
      vertex 250.0370 139.6470 180.9000
      vertex 250.0370 139.6470 177.9000
    endloop
  endfacet
  facet normal 0.994552 -0.104245 0
    outer loop
      vertex 250.0000 140.0000 177.9000
      vertex 250.0370 140.3530 177.9000
      vertex 250.0000 140.0000 180.9000
    endloop
  endfacet
  facet normal 0.994552 -0.104245 0
    outer loop
      vertex 250.0000 140.0000 180.9000
      vertex 250.0370 140.3530 177.9000
      vertex 250.0370 140.3530 180.9000
    endloop
  endfacet
  facet normal 0.950937 0.309385 0
    outer loop
      vertex 250.0370 -84.3534 177.9000
      vertex 250.0370 -84.3534 180.9000
      vertex 250.1470 -84.6915 180.9000
    endloop
  endfacet
  facet normal 0.950937 0.309385 0
    outer loop
      vertex 250.0370 -84.3534 177.9000
      vertex 250.1470 -84.6915 180.9000
      vertex 250.1470 -84.6915 177.9000
    endloop
  endfacet
  facet normal 0.95091 -0.309468 0
    outer loop
      vertex 250.0370 -83.6465 177.9000
      vertex 250.1470 -83.3085 177.9000
      vertex 250.0370 -83.6465 180.9000
    endloop
  endfacet
  facet normal 0.95091 -0.309468 0
    outer loop
      vertex 250.0370 -83.6465 180.9000
      vertex 250.1470 -83.3085 177.9000
      vertex 250.1470 -83.3085 180.9000
    endloop
  endfacet
  facet normal 0.95091 0.309468 0
    outer loop
      vertex 250.0370 39.6465 177.9000
      vertex 250.0370 39.6465 180.9000
      vertex 250.1470 39.3085 180.9000
    endloop
  endfacet
  facet normal 0.95091 0.309468 0
    outer loop
      vertex 250.0370 39.6465 177.9000
      vertex 250.1470 39.3085 180.9000
      vertex 250.1470 39.3085 177.9000
    endloop
  endfacet
  facet normal 0.95091 -0.309468 0
    outer loop
      vertex 250.0370 40.3535 177.9000
      vertex 250.1470 40.6915 177.9000
      vertex 250.0370 40.3535 180.9000
    endloop
  endfacet
  facet normal 0.95091 -0.309468 0
    outer loop
      vertex 250.0370 40.3535 180.9000
      vertex 250.1470 40.6915 177.9000
      vertex 250.1470 40.6915 180.9000
    endloop
  endfacet
  facet normal 0.95091 0.309468 0
    outer loop
      vertex 250.0370 139.6470 177.9000
      vertex 250.0370 139.6470 180.9000
      vertex 250.1470 139.3090 180.9000
    endloop
  endfacet
  facet normal 0.95091 0.309468 0
    outer loop
      vertex 250.0370 139.6470 177.9000
      vertex 250.1470 139.3090 180.9000
      vertex 250.1470 139.3090 177.9000
    endloop
  endfacet
  facet normal 0.95091 -0.309468 0
    outer loop
      vertex 250.0370 140.3530 177.9000
      vertex 250.1470 140.6910 177.9000
      vertex 250.0370 140.3530 180.9000
    endloop
  endfacet
  facet normal 0.95091 -0.309468 0
    outer loop
      vertex 250.0370 140.3530 180.9000
      vertex 250.1470 140.6910 177.9000
      vertex 250.1470 140.6910 180.9000
    endloop
  endfacet
  facet normal 0.8656 0.500737 0
    outer loop
      vertex 250.1470 -84.6915 177.9000
      vertex 250.1470 -84.6915 180.9000
      vertex 250.3250 -84.9992 180.9000
    endloop
  endfacet
  facet normal 0.8656 0.500737 0
    outer loop
      vertex 250.1470 -84.6915 177.9000
      vertex 250.3250 -84.9992 180.9000
      vertex 250.3250 -84.9992 177.9000
    endloop
  endfacet
  facet normal 0.8656 -0.500737 0
    outer loop
      vertex 250.1470 -83.3085 177.9000
      vertex 250.3250 -83.0008 177.9000
      vertex 250.1470 -83.3085 180.9000
    endloop
  endfacet
  facet normal 0.8656 -0.500737 0
    outer loop
      vertex 250.1470 -83.3085 180.9000
      vertex 250.3250 -83.0008 177.9000
      vertex 250.3250 -83.0008 180.9000
    endloop
  endfacet
  facet normal 0.8656 0.500737 0
    outer loop
      vertex 250.1470 39.3085 177.9000
      vertex 250.1470 39.3085 180.9000
      vertex 250.3250 39.0008 180.9000
    endloop
  endfacet
  facet normal 0.8656 0.500737 0
    outer loop
      vertex 250.1470 39.3085 177.9000
      vertex 250.3250 39.0008 180.9000
      vertex 250.3250 39.0008 177.9000
    endloop
  endfacet
  facet normal 0.8656 -0.500737 0
    outer loop
      vertex 250.1470 40.6915 177.9000
      vertex 250.3250 40.9992 177.9000
      vertex 250.1470 40.6915 180.9000
    endloop
  endfacet
  facet normal 0.8656 -0.500737 0
    outer loop
      vertex 250.1470 40.6915 180.9000
      vertex 250.3250 40.9992 177.9000
      vertex 250.3250 40.9992 180.9000
    endloop
  endfacet
  facet normal 0.865811 0.500371 0
    outer loop
      vertex 250.1470 139.3090 177.9000
      vertex 250.1470 139.3090 180.9000
      vertex 250.3250 139.0010 180.9000
    endloop
  endfacet
  facet normal 0.865811 0.500371 0
    outer loop
      vertex 250.1470 139.3090 177.9000
      vertex 250.3250 139.0010 180.9000
      vertex 250.3250 139.0010 177.9000
    endloop
  endfacet
  facet normal 0.865811 -0.500371 0
    outer loop
      vertex 250.1470 140.6910 177.9000
      vertex 250.3250 140.9990 177.9000
      vertex 250.1470 140.6910 180.9000
    endloop
  endfacet
  facet normal 0.865811 -0.500371 0
    outer loop
      vertex 250.1470 140.6910 180.9000
      vertex 250.3250 140.9990 177.9000
      vertex 250.3250 140.9990 180.9000
    endloop
  endfacet
  facet normal 0.74426 0.66789 0
    outer loop
      vertex 250.3250 -84.9992 177.9000
      vertex 250.3250 -84.9992 180.9000
      vertex 250.5620 -85.2633 180.9000
    endloop
  endfacet
  facet normal 0.74426 0.66789 0
    outer loop
      vertex 250.3250 -84.9992 177.9000
      vertex 250.5620 -85.2633 180.9000
      vertex 250.5620 -85.2633 177.9000
    endloop
  endfacet
  facet normal 0.74426 -0.66789 0
    outer loop
      vertex 250.3250 -83.0008 177.9000
      vertex 250.5620 -82.7367 177.9000
      vertex 250.3250 -83.0008 180.9000
    endloop
  endfacet
  facet normal 0.74426 -0.66789 0
    outer loop
      vertex 250.3250 -83.0008 180.9000
      vertex 250.5620 -82.7367 177.9000
      vertex 250.5620 -82.7367 180.9000
    endloop
  endfacet
  facet normal 0.74426 0.66789 0
    outer loop
      vertex 250.3250 39.0008 177.9000
      vertex 250.3250 39.0008 180.9000
      vertex 250.5620 38.7367 180.9000
    endloop
  endfacet
  facet normal 0.74426 0.66789 0
    outer loop
      vertex 250.3250 39.0008 177.9000
      vertex 250.5620 38.7367 180.9000
      vertex 250.5620 38.7367 177.9000
    endloop
  endfacet
  facet normal 0 0 -1
    outer loop
      vertex 250.3250 40.9992 177.9000
      vertex 250.3250 139.0010 177.9000
      vertex 255.2000 47.5000 177.9000
    endloop
  endfacet
  facet normal 0.74426 -0.66789 0
    outer loop
      vertex 250.3250 40.9992 177.9000
      vertex 250.5620 41.2633 177.9000
      vertex 250.3250 40.9992 180.9000
    endloop
  endfacet
  facet normal 0 0 -1
    outer loop
      vertex 250.3250 40.9992 177.9000
      vertex 255.2000 47.5000 177.9000
      vertex 250.5620 41.2633 177.9000
    endloop
  endfacet
  facet normal 0.74426 -0.66789 0
    outer loop
      vertex 250.3250 40.9992 180.9000
      vertex 250.5620 41.2633 177.9000
      vertex 250.5620 41.2633 180.9000
    endloop
  endfacet
  facet normal 0.744134 0.66803 0
    outer loop
      vertex 250.3250 139.0010 177.9000
      vertex 250.3250 139.0010 180.9000
      vertex 250.5620 138.7370 180.9000
    endloop
  endfacet
  facet normal 0 0 -1
    outer loop
      vertex 250.3250 139.0010 177.9000
      vertex 250.5620 138.7370 177.9000
      vertex 255.2000 47.5000 177.9000
    endloop
  endfacet
  facet normal 0.744134 0.66803 0
    outer loop
      vertex 250.3250 139.0010 177.9000
      vertex 250.5620 138.7370 180.9000
      vertex 250.5620 138.7370 177.9000
    endloop
  endfacet
  facet normal 0.744134 -0.66803 0
    outer loop
      vertex 250.3250 140.9990 177.9000
      vertex 250.5620 141.2630 177.9000
      vertex 250.3250 140.9990 180.9000
    endloop
  endfacet
  facet normal 0.744134 -0.66803 0
    outer loop
      vertex 250.3250 140.9990 180.9000
      vertex 250.5620 141.2630 177.9000
      vertex 250.5620 141.2630 180.9000
    endloop
  endfacet
  facet normal 0.587152 0.809477 0
    outer loop
      vertex 250.5620 -85.2633 177.9000
      vertex 250.5620 -85.2633 180.9000
      vertex 250.8500 -85.4722 177.9000
    endloop
  endfacet
  facet normal 0.587152 0.809477 0
    outer loop
      vertex 250.5620 -85.2633 180.9000
      vertex 250.8500 -85.4722 180.9000
      vertex 250.8500 -85.4722 177.9000
    endloop
  endfacet
  facet normal 0.587152 -0.809477 0
    outer loop
      vertex 250.5620 -82.7367 177.9000
      vertex 250.8500 -82.5278 177.9000
      vertex 250.8500 -82.5278 180.9000
    endloop
  endfacet
  facet normal 0.587152 -0.809477 0
    outer loop
      vertex 250.5620 -82.7367 177.9000
      vertex 250.8500 -82.5278 180.9000
      vertex 250.5620 -82.7367 180.9000
    endloop
  endfacet
  facet normal 0.587152 0.809477 0
    outer loop
      vertex 250.5620 38.7367 177.9000
      vertex 250.5620 38.7367 180.9000
      vertex 250.8500 38.5278 177.9000
    endloop
  endfacet
  facet normal 0 0 -1
    outer loop
      vertex 250.5620 38.7367 177.9000
      vertex 250.8500 38.5278 177.9000
      vertex 255.2000 32.5000 177.9000
    endloop
  endfacet
  facet normal 0.587152 0.809477 0
    outer loop
      vertex 250.5620 38.7367 180.9000
      vertex 250.8500 38.5278 180.9000
      vertex 250.8500 38.5278 177.9000
    endloop
  endfacet
  facet normal 0.587152 -0.809477 0
    outer loop
      vertex 250.5620 41.2633 177.9000
      vertex 250.8500 41.4722 177.9000
      vertex 250.8500 41.4722 180.9000
    endloop
  endfacet
  facet normal 0.587152 -0.809477 0
    outer loop
      vertex 250.5620 41.2633 177.9000
      vertex 250.8500 41.4722 180.9000
      vertex 250.5620 41.2633 180.9000
    endloop
  endfacet
  facet normal 0 0 -1
    outer loop
      vertex 250.5620 41.2633 177.9000
      vertex 255.2000 47.5000 177.9000
      vertex 250.8500 41.4722 177.9000
    endloop
  endfacet
  facet normal 0 0 1
    outer loop
      vertex 250.5620 41.2633 180.9000
      vertex 250.8500 41.4722 180.9000
      vertex 250.5620 138.7370 180.9000
    endloop
  endfacet
  facet normal 0.587336 0.809343 0
    outer loop
      vertex 250.5620 138.7370 177.9000
      vertex 250.5620 138.7370 180.9000
      vertex 250.8500 138.5280 177.9000
    endloop
  endfacet
  facet normal 0 0 -1
    outer loop
      vertex 250.5620 138.7370 177.9000
      vertex 250.8500 138.5280 177.9000
      vertex 255.2000 47.5000 177.9000
    endloop
  endfacet
  facet normal 0 0 1
    outer loop
      vertex 250.5620 138.7370 180.9000
      vertex 250.8500 41.4722 180.9000
      vertex 250.8500 138.5280 180.9000
    endloop
  endfacet
  facet normal 0.587336 0.809343 0
    outer loop
      vertex 250.5620 138.7370 180.9000
      vertex 250.8500 138.5280 180.9000
      vertex 250.8500 138.5280 177.9000
    endloop
  endfacet
  facet normal 0.587336 -0.809343 0
    outer loop
      vertex 250.5620 141.2630 177.9000
      vertex 250.8500 141.4720 177.9000
      vertex 250.8500 141.4720 180.9000
    endloop
  endfacet
  facet normal 0.587336 -0.809343 0
    outer loop
      vertex 250.5620 141.2630 177.9000
      vertex 250.8500 141.4720 180.9000
      vertex 250.5620 141.2630 180.9000
    endloop
  endfacet
  facet normal 0.406504 0.913649 0
    outer loop
      vertex 250.8500 -85.4722 177.9000
      vertex 250.8500 -85.4722 180.9000
      vertex 251.1750 -85.6168 177.9000
    endloop
  endfacet
  facet normal 0.406504 0.913649 0
    outer loop
      vertex 250.8500 -85.4722 180.9000
      vertex 251.1750 -85.6168 180.9000
      vertex 251.1750 -85.6168 177.9000
    endloop
  endfacet
  facet normal 0 0 1
    outer loop
      vertex 250.8500 -85.4722 180.9000
      vertex 261.7000 -94.0000 180.9000
      vertex 251.1750 -85.6168 180.9000
    endloop
  endfacet
  facet normal 0.406504 -0.913649 0
    outer loop
      vertex 250.8500 -82.5278 177.9000
      vertex 251.1750 -82.3832 177.9000
      vertex 251.1750 -82.3832 180.9000
    endloop
  endfacet
  facet normal 0.406504 -0.913649 0
    outer loop
      vertex 250.8500 -82.5278 177.9000
      vertex 251.1750 -82.3832 180.9000
      vertex 250.8500 -82.5278 180.9000
    endloop
  endfacet
  facet normal 0.406504 0.913649 0
    outer loop
      vertex 250.8500 38.5278 177.9000
      vertex 250.8500 38.5278 180.9000
      vertex 251.1750 38.3832 177.9000
    endloop
  endfacet
  facet normal 0 0 -1
    outer loop
      vertex 250.8500 38.5278 177.9000
      vertex 251.1750 38.3832 177.9000
      vertex 255.2000 32.5000 177.9000
    endloop
  endfacet
  facet normal 0.406504 0.913649 0
    outer loop
      vertex 250.8500 38.5278 180.9000
      vertex 251.1750 38.3832 180.9000
      vertex 251.1750 38.3832 177.9000
    endloop
  endfacet
  facet normal 0.406504 -0.913649 0
    outer loop
      vertex 250.8500 41.4722 177.9000
      vertex 251.1750 41.6168 177.9000
      vertex 251.1750 41.6168 180.9000
    endloop
  endfacet
  facet normal 0.406504 -0.913649 0
    outer loop
      vertex 250.8500 41.4722 177.9000
      vertex 251.1750 41.6168 180.9000
      vertex 250.8500 41.4722 180.9000
    endloop
  endfacet
  facet normal 0 0 -1
    outer loop
      vertex 250.8500 41.4722 177.9000
      vertex 255.2000 47.5000 177.9000
      vertex 251.1750 41.6168 177.9000
    endloop
  endfacet
  facet normal 0 0 1
    outer loop
      vertex 250.8500 41.4722 180.9000
      vertex 251.1750 41.6168 180.9000
      vertex 250.8500 138.5280 180.9000
    endloop
  endfacet
  facet normal 0.407442 0.913231 0
    outer loop
      vertex 250.8500 138.5280 177.9000
      vertex 250.8500 138.5280 180.9000
      vertex 251.1750 138.3830 177.9000
    endloop
  endfacet
  facet normal 0 0 -1
    outer loop
      vertex 250.8500 138.5280 177.9000
      vertex 251.1750 138.3830 177.9000
      vertex 255.2000 47.5000 177.9000
    endloop
  endfacet
  facet normal 0 0 1
    outer loop
      vertex 250.8500 138.5280 180.9000
      vertex 251.1750 41.6168 180.9000
      vertex 251.1750 138.3830 180.9000
    endloop
  endfacet
  facet normal 0.407442 0.913231 0
    outer loop
      vertex 250.8500 138.5280 180.9000
      vertex 251.1750 138.3830 180.9000
      vertex 251.1750 138.3830 177.9000
    endloop
  endfacet
  facet normal 0.407442 -0.913231 0
    outer loop
      vertex 250.8500 141.4720 177.9000
      vertex 251.1750 141.6170 177.9000
      vertex 251.1750 141.6170 180.9000
    endloop
  endfacet
  facet normal 0.407442 -0.913231 0
    outer loop
      vertex 250.8500 141.4720 177.9000
      vertex 251.1750 141.6170 180.9000
      vertex 250.8500 141.4720 180.9000
    endloop
  endfacet
  facet normal 0 0 1
    outer loop
      vertex 250.8500 141.4720 180.9000
      vertex 251.1750 141.6170 180.9000
      vertex 261.7000 150.0000 180.9000
    endloop
  endfacet
  facet normal 0.208297 0.978066 0
    outer loop
      vertex 251.1750 -85.6168 177.9000
      vertex 251.1750 -85.6168 180.9000
      vertex 251.5220 -85.6907 177.9000
    endloop
  endfacet
  facet normal 0.208297 0.978066 0
    outer loop
      vertex 251.1750 -85.6168 180.9000
      vertex 251.5220 -85.6907 180.9000
      vertex 251.5220 -85.6907 177.9000
    endloop
  endfacet
  facet normal 0 0 1
    outer loop
      vertex 251.1750 -85.6168 180.9000
      vertex 261.7000 -94.0000 180.9000
      vertex 251.5220 -85.6907 180.9000
    endloop
  endfacet
  facet normal 0.208297 -0.978066 0
    outer loop
      vertex 251.1750 -82.3832 177.9000
      vertex 251.5220 -82.3093 177.9000
      vertex 251.5220 -82.3093 180.9000
    endloop
  endfacet
  facet normal 0.208297 -0.978066 0
    outer loop
      vertex 251.1750 -82.3832 177.9000
      vertex 251.5220 -82.3093 180.9000
      vertex 251.1750 -82.3832 180.9000
    endloop
  endfacet
  facet normal 0.208297 0.978066 0
    outer loop
      vertex 251.1750 38.3832 177.9000
      vertex 251.1750 38.3832 180.9000
      vertex 251.5220 38.3093 177.9000
    endloop
  endfacet
  facet normal 0 0 -1
    outer loop
      vertex 251.1750 38.3832 177.9000
      vertex 251.5220 38.3093 177.9000
      vertex 255.2000 32.5000 177.9000
    endloop
  endfacet
  facet normal 0.208297 0.978066 0
    outer loop
      vertex 251.1750 38.3832 180.9000
      vertex 251.5220 38.3093 180.9000
      vertex 251.5220 38.3093 177.9000
    endloop
  endfacet
  facet normal 0.208297 -0.978066 0
    outer loop
      vertex 251.1750 41.6168 177.9000
      vertex 251.5220 41.6907 177.9000
      vertex 251.5220 41.6907 180.9000
    endloop
  endfacet
  facet normal 0.208297 -0.978066 0
    outer loop
      vertex 251.1750 41.6168 177.9000
      vertex 251.5220 41.6907 180.9000
      vertex 251.1750 41.6168 180.9000
    endloop
  endfacet
  facet normal 0 0 -1
    outer loop
      vertex 251.1750 41.6168 177.9000
      vertex 255.2000 47.5000 177.9000
      vertex 251.5220 41.6907 177.9000
    endloop
  endfacet
  facet normal 0 0 1
    outer loop
      vertex 251.1750 41.6168 180.9000
      vertex 251.5220 41.6907 180.9000
      vertex 251.1750 138.3830 180.9000
    endloop
  endfacet
  facet normal 0.208567 0.978008 0
    outer loop
      vertex 251.1750 138.3830 177.9000
      vertex 251.1750 138.3830 180.9000
      vertex 251.5220 138.3090 177.9000
    endloop
  endfacet
  facet normal 0 0 -1
    outer loop
      vertex 251.1750 138.3830 177.9000
      vertex 251.5220 138.3090 177.9000
      vertex 255.2000 47.5000 177.9000
    endloop
  endfacet
  facet normal 0 0 1
    outer loop
      vertex 251.1750 138.3830 180.9000
      vertex 251.5220 41.6907 180.9000
      vertex 251.5220 138.3090 180.9000
    endloop
  endfacet
  facet normal 0.208567 0.978008 0
    outer loop
      vertex 251.1750 138.3830 180.9000
      vertex 251.5220 138.3090 180.9000
      vertex 251.5220 138.3090 177.9000
    endloop
  endfacet
  facet normal 0.208567 -0.978008 0
    outer loop
      vertex 251.1750 141.6170 177.9000
      vertex 251.5220 141.6910 177.9000
      vertex 251.5220 141.6910 180.9000
    endloop
  endfacet
  facet normal 0.208567 -0.978008 0
    outer loop
      vertex 251.1750 141.6170 177.9000
      vertex 251.5220 141.6910 180.9000
      vertex 251.1750 141.6170 180.9000
    endloop
  endfacet
  facet normal 0 0 1
    outer loop
      vertex 251.1750 141.6170 180.9000
      vertex 251.5220 141.6910 180.9000
      vertex 261.7000 150.0000 180.9000
    endloop
  endfacet
  facet normal 0 1 0
    outer loop
      vertex 251.5220 -85.6907 177.9000
      vertex 251.5220 -85.6907 180.9000
      vertex 251.8780 -85.6907 177.9000
    endloop
  endfacet
  facet normal 0 1 0
    outer loop
      vertex 251.5220 -85.6907 180.9000
      vertex 251.8780 -85.6907 180.9000
      vertex 251.8780 -85.6907 177.9000
    endloop
  endfacet
  facet normal 0 0 1
    outer loop
      vertex 251.5220 -85.6907 180.9000
      vertex 261.7000 -94.0000 180.9000
      vertex 251.8780 -85.6907 180.9000
    endloop
  endfacet
  facet normal 0 -1 0
    outer loop
      vertex 251.5220 -82.3093 177.9000
      vertex 251.8780 -82.3093 177.9000
      vertex 251.8780 -82.3093 180.9000
    endloop
  endfacet
  facet normal 0 -1 0
    outer loop
      vertex 251.5220 -82.3093 177.9000
      vertex 251.8780 -82.3093 180.9000
      vertex 251.5220 -82.3093 180.9000
    endloop
  endfacet
  facet normal 0 0 1
    outer loop
      vertex 251.5220 -82.3093 180.9000
      vertex 251.8780 -82.3093 180.9000
      vertex 252.7000 -57.4000 180.9000
    endloop
  endfacet
  facet normal 0 1 0
    outer loop
      vertex 251.5220 38.3093 177.9000
      vertex 251.5220 38.3093 180.9000
      vertex 251.8780 38.3093 177.9000
    endloop
  endfacet
  facet normal 0 0 -1
    outer loop
      vertex 251.5220 38.3093 177.9000
      vertex 251.8780 38.3093 177.9000
      vertex 255.2000 32.5000 177.9000
    endloop
  endfacet
  facet normal 0 1 0
    outer loop
      vertex 251.5220 38.3093 180.9000
      vertex 251.8780 38.3093 180.9000
      vertex 251.8780 38.3093 177.9000
    endloop
  endfacet
  facet normal 0 0 1
    outer loop
      vertex 251.5220 38.3093 180.9000
      vertex 252.7000 -13.4000 180.9000
      vertex 251.8780 38.3093 180.9000
    endloop
  endfacet
  facet normal 0 -1 0
    outer loop
      vertex 251.5220 41.6907 177.9000
      vertex 251.8780 41.6907 177.9000
      vertex 251.8780 41.6907 180.9000
    endloop
  endfacet
  facet normal 0 -1 0
    outer loop
      vertex 251.5220 41.6907 177.9000
      vertex 251.8780 41.6907 180.9000
      vertex 251.5220 41.6907 180.9000
    endloop
  endfacet
  facet normal 0 0 -1
    outer loop
      vertex 251.5220 41.6907 177.9000
      vertex 255.2000 47.5000 177.9000
      vertex 251.8780 41.6907 177.9000
    endloop
  endfacet
  facet normal 0 0 1
    outer loop
      vertex 251.5220 41.6907 180.9000
      vertex 251.8780 41.6907 180.9000
      vertex 251.5220 138.3090 180.9000
    endloop
  endfacet
  facet normal 0 1 0
    outer loop
      vertex 251.5220 138.3090 177.9000
      vertex 251.5220 138.3090 180.9000
      vertex 251.8780 138.3090 177.9000
    endloop
  endfacet
  facet normal 0 0 -1
    outer loop
      vertex 251.5220 138.3090 177.9000
      vertex 251.8780 138.3090 177.9000
      vertex 255.2000 47.5000 177.9000
    endloop
  endfacet
  facet normal 0 0 1
    outer loop
      vertex 251.5220 138.3090 180.9000
      vertex 251.8780 41.6907 180.9000
      vertex 251.8780 138.3090 180.9000
    endloop
  endfacet
  facet normal 0 1 0
    outer loop
      vertex 251.5220 138.3090 180.9000
      vertex 251.8780 138.3090 180.9000
      vertex 251.8780 138.3090 177.9000
    endloop
  endfacet
  facet normal 0 -1 0
    outer loop
      vertex 251.5220 141.6910 177.9000
      vertex 251.8780 141.6910 177.9000
      vertex 251.8780 141.6910 180.9000
    endloop
  endfacet
  facet normal 0 -1 0
    outer loop
      vertex 251.5220 141.6910 177.9000
      vertex 251.8780 141.6910 180.9000
      vertex 251.5220 141.6910 180.9000
    endloop
  endfacet
  facet normal 0 0 1
    outer loop
      vertex 251.5220 141.6910 180.9000
      vertex 251.8780 141.6910 180.9000
      vertex 261.7000 150.0000 180.9000
    endloop
  endfacet
  facet normal -0.208297 0.978066 0
    outer loop
      vertex 251.8780 -85.6907 177.9000
      vertex 251.8780 -85.6907 180.9000
      vertex 252.2250 -85.6168 177.9000
    endloop
  endfacet
  facet normal 0 0 -1
    outer loop
      vertex 251.8780 -85.6907 177.9000
      vertex 252.2250 -85.6168 177.9000
      vertex 261.7000 -94.0000 177.9000
    endloop
  endfacet
  facet normal -0.208297 0.978066 0
    outer loop
      vertex 251.8780 -85.6907 180.9000
      vertex 252.2250 -85.6168 180.9000
      vertex 252.2250 -85.6168 177.9000
    endloop
  endfacet
  facet normal 0 0 1
    outer loop
      vertex 251.8780 -85.6907 180.9000
      vertex 261.7000 -94.0000 180.9000
      vertex 252.2250 -85.6168 180.9000
    endloop
  endfacet
  facet normal -0.208297 -0.978066 0
    outer loop
      vertex 251.8780 -82.3093 177.9000
      vertex 252.2250 -82.3832 177.9000
      vertex 252.2250 -82.3832 180.9000
    endloop
  endfacet
  facet normal -0.208297 -0.978066 0
    outer loop
      vertex 251.8780 -82.3093 177.9000
      vertex 252.2250 -82.3832 180.9000
      vertex 251.8780 -82.3093 180.9000
    endloop
  endfacet
  facet normal 0 0 1
    outer loop
      vertex 251.8780 -82.3093 180.9000
      vertex 252.2250 -82.3832 180.9000
      vertex 252.7000 -57.4000 180.9000
    endloop
  endfacet
  facet normal -0.208297 0.978066 0
    outer loop
      vertex 251.8780 38.3093 177.9000
      vertex 251.8780 38.3093 180.9000
      vertex 252.2250 38.3832 177.9000
    endloop
  endfacet
  facet normal 0 0 -1
    outer loop
      vertex 251.8780 38.3093 177.9000
      vertex 252.2250 38.3832 177.9000
      vertex 255.2000 32.5000 177.9000
    endloop
  endfacet
  facet normal -0.208297 0.978066 0
    outer loop
      vertex 251.8780 38.3093 180.9000
      vertex 252.2250 38.3832 180.9000
      vertex 252.2250 38.3832 177.9000
    endloop
  endfacet
  facet normal 0 0 1
    outer loop
      vertex 251.8780 38.3093 180.9000
      vertex 252.7000 -13.4000 180.9000
      vertex 252.2250 38.3832 180.9000
    endloop
  endfacet
  facet normal -0.208297 -0.978066 0
    outer loop
      vertex 251.8780 41.6907 177.9000
      vertex 252.2250 41.6168 177.9000
      vertex 252.2250 41.6168 180.9000
    endloop
  endfacet
  facet normal -0.208297 -0.978066 0
    outer loop
      vertex 251.8780 41.6907 177.9000
      vertex 252.2250 41.6168 180.9000
      vertex 251.8780 41.6907 180.9000
    endloop
  endfacet
  facet normal 0 0 -1
    outer loop
      vertex 251.8780 41.6907 177.9000
      vertex 255.2000 47.5000 177.9000
      vertex 252.2250 41.6168 177.9000
    endloop
  endfacet
  facet normal 0 0 1
    outer loop
      vertex 251.8780 41.6907 180.9000
      vertex 252.2250 41.6168 180.9000
      vertex 251.8780 138.3090 180.9000
    endloop
  endfacet
  facet normal -0.208567 0.978008 0
    outer loop
      vertex 251.8780 138.3090 177.9000
      vertex 251.8780 138.3090 180.9000
      vertex 252.2250 138.3830 177.9000
    endloop
  endfacet
  facet normal 0 0 -1
    outer loop
      vertex 251.8780 138.3090 177.9000
      vertex 252.2250 138.3830 177.9000
      vertex 255.2000 47.5000 177.9000
    endloop
  endfacet
  facet normal 0 0 1
    outer loop
      vertex 251.8780 138.3090 180.9000
      vertex 252.2250 41.6168 180.9000
      vertex 252.2250 138.3830 180.9000
    endloop
  endfacet
  facet normal -0.208567 0.978008 0
    outer loop
      vertex 251.8780 138.3090 180.9000
      vertex 252.2250 138.3830 180.9000
      vertex 252.2250 138.3830 177.9000
    endloop
  endfacet
  facet normal -0.208567 -0.978008 0
    outer loop
      vertex 251.8780 141.6910 177.9000
      vertex 252.2250 141.6170 177.9000
      vertex 252.2250 141.6170 180.9000
    endloop
  endfacet
  facet normal -0.208567 -0.978008 0
    outer loop
      vertex 251.8780 141.6910 177.9000
      vertex 252.2250 141.6170 180.9000
      vertex 251.8780 141.6910 180.9000
    endloop
  endfacet
  facet normal 0 0 -1
    outer loop
      vertex 251.8780 141.6910 177.9000
      vertex 261.7000 150.0000 177.9000
      vertex 252.2250 141.6170 177.9000
    endloop
  endfacet
  facet normal 0 0 1
    outer loop
      vertex 251.8780 141.6910 180.9000
      vertex 252.2250 141.6170 180.9000
      vertex 261.7000 150.0000 180.9000
    endloop
  endfacet
  facet normal -0.406504 0.913649 0
    outer loop
      vertex 252.2250 -85.6168 177.9000
      vertex 252.2250 -85.6168 180.9000
      vertex 252.5500 -85.4722 177.9000
    endloop
  endfacet
  facet normal 0 0 -1
    outer loop
      vertex 252.2250 -85.6168 177.9000
      vertex 252.5500 -85.4722 177.9000
      vertex 261.7000 -94.0000 177.9000
    endloop
  endfacet
  facet normal -0.406504 0.913649 0
    outer loop
      vertex 252.2250 -85.6168 180.9000
      vertex 252.5500 -85.4722 180.9000
      vertex 252.5500 -85.4722 177.9000
    endloop
  endfacet
  facet normal 0 0 1
    outer loop
      vertex 252.2250 -85.6168 180.9000
      vertex 261.7000 -94.0000 180.9000
      vertex 252.5500 -85.4722 180.9000
    endloop
  endfacet
  facet normal -0.406504 -0.913649 0
    outer loop
      vertex 252.2250 -82.3832 177.9000
      vertex 252.5500 -82.5278 177.9000
      vertex 252.5500 -82.5278 180.9000
    endloop
  endfacet
  facet normal -0.406504 -0.913649 0
    outer loop
      vertex 252.2250 -82.3832 177.9000
      vertex 252.5500 -82.5278 180.9000
      vertex 252.2250 -82.3832 180.9000
    endloop
  endfacet
  facet normal 0 0 -1
    outer loop
      vertex 252.2250 -82.3832 177.9000
      vertex 252.7000 -57.4000 177.9000
      vertex 252.5500 -82.5278 177.9000
    endloop
  endfacet
  facet normal 0 0 1
    outer loop
      vertex 252.2250 -82.3832 180.9000
      vertex 252.5500 -82.5278 180.9000
      vertex 252.7000 -57.4000 180.9000
    endloop
  endfacet
  facet normal -0.406504 0.913649 0
    outer loop
      vertex 252.2250 38.3832 177.9000
      vertex 252.2250 38.3832 180.9000
      vertex 252.5500 38.5278 177.9000
    endloop
  endfacet
  facet normal 0 0 -1
    outer loop
      vertex 252.2250 38.3832 177.9000
      vertex 252.5500 38.5278 177.9000
      vertex 255.2000 32.5000 177.9000
    endloop
  endfacet
  facet normal -0.406504 0.913649 0
    outer loop
      vertex 252.2250 38.3832 180.9000
      vertex 252.5500 38.5278 180.9000
      vertex 252.5500 38.5278 177.9000
    endloop
  endfacet
  facet normal 0 0 1
    outer loop
      vertex 252.2250 38.3832 180.9000
      vertex 252.7000 -13.4000 180.9000
      vertex 252.5500 38.5278 180.9000
    endloop
  endfacet
  facet normal -0.406504 -0.913649 0
    outer loop
      vertex 252.2250 41.6168 177.9000
      vertex 252.5500 41.4722 177.9000
      vertex 252.5500 41.4722 180.9000
    endloop
  endfacet
  facet normal -0.406504 -0.913649 0
    outer loop
      vertex 252.2250 41.6168 177.9000
      vertex 252.5500 41.4722 180.9000
      vertex 252.2250 41.6168 180.9000
    endloop
  endfacet
  facet normal 0 0 -1
    outer loop
      vertex 252.2250 41.6168 177.9000
      vertex 255.2000 47.5000 177.9000
      vertex 252.5500 41.4722 177.9000
    endloop
  endfacet
  facet normal 0 0 1
    outer loop
      vertex 252.2250 41.6168 180.9000
      vertex 252.5500 41.4722 180.9000
      vertex 252.2250 138.3830 180.9000
    endloop
  endfacet
  facet normal -0.407442 0.913231 0
    outer loop
      vertex 252.2250 138.3830 177.9000
      vertex 252.2250 138.3830 180.9000
      vertex 252.5500 138.5280 177.9000
    endloop
  endfacet
  facet normal 0 0 -1
    outer loop
      vertex 252.2250 138.3830 177.9000
      vertex 252.5500 138.5280 177.9000
      vertex 255.2000 47.5000 177.9000
    endloop
  endfacet
  facet normal 0 0 1
    outer loop
      vertex 252.2250 138.3830 180.9000
      vertex 252.5500 41.4722 180.9000
      vertex 252.5500 138.5280 180.9000
    endloop
  endfacet
  facet normal -0.407442 0.913231 0
    outer loop
      vertex 252.2250 138.3830 180.9000
      vertex 252.5500 138.5280 180.9000
      vertex 252.5500 138.5280 177.9000
    endloop
  endfacet
  facet normal -0.407442 -0.913231 0
    outer loop
      vertex 252.2250 141.6170 177.9000
      vertex 252.5500 141.4720 177.9000
      vertex 252.5500 141.4720 180.9000
    endloop
  endfacet
  facet normal -0.407442 -0.913231 0
    outer loop
      vertex 252.2250 141.6170 177.9000
      vertex 252.5500 141.4720 180.9000
      vertex 252.2250 141.6170 180.9000
    endloop
  endfacet
  facet normal 0 0 -1
    outer loop
      vertex 252.2250 141.6170 177.9000
      vertex 261.7000 150.0000 177.9000
      vertex 252.5500 141.4720 177.9000
    endloop
  endfacet
  facet normal 0 0 1
    outer loop
      vertex 252.2250 141.6170 180.9000
      vertex 252.5500 141.4720 180.9000
      vertex 261.7000 150.0000 180.9000
    endloop
  endfacet
  facet normal -0.587152 0.809477 0
    outer loop
      vertex 252.5500 -85.4722 177.9000
      vertex 252.5500 -85.4722 180.9000
      vertex 252.8380 -85.2633 177.9000
    endloop
  endfacet
  facet normal 0 0 -1
    outer loop
      vertex 252.5500 -85.4722 177.9000
      vertex 252.8380 -85.2633 177.9000
      vertex 261.7000 -94.0000 177.9000
    endloop
  endfacet
  facet normal -0.587152 0.809477 0
    outer loop
      vertex 252.5500 -85.4722 180.9000
      vertex 252.8380 -85.2633 180.9000
      vertex 252.8380 -85.2633 177.9000
    endloop
  endfacet
  facet normal 0 0 1
    outer loop
      vertex 252.5500 -85.4722 180.9000
      vertex 261.7000 -94.0000 180.9000
      vertex 252.8380 -85.2633 180.9000
    endloop
  endfacet
  facet normal 0 0 -1
    outer loop
      vertex 252.5500 -82.5278 177.9000
      vertex 252.7000 -57.4000 177.9000
      vertex 252.8380 -82.7367 177.9000
    endloop
  endfacet
  facet normal -0.587152 -0.809477 0
    outer loop
      vertex 252.5500 -82.5278 177.9000
      vertex 252.8380 -82.7367 177.9000
      vertex 252.8380 -82.7367 180.9000
    endloop
  endfacet
  facet normal -0.587152 -0.809477 0
    outer loop
      vertex 252.5500 -82.5278 177.9000
      vertex 252.8380 -82.7367 180.9000
      vertex 252.5500 -82.5278 180.9000
    endloop
  endfacet
  facet normal 0 0 1
    outer loop
      vertex 252.5500 -82.5278 180.9000
      vertex 252.8380 -82.7367 180.9000
      vertex 252.7000 -57.4000 180.9000
    endloop
  endfacet
  facet normal -0.587152 0.809477 0
    outer loop
      vertex 252.5500 38.5278 177.9000
      vertex 252.5500 38.5278 180.9000
      vertex 252.8380 38.7367 177.9000
    endloop
  endfacet
  facet normal 0 0 -1
    outer loop
      vertex 252.5500 38.5278 177.9000
      vertex 252.8380 38.7367 177.9000
      vertex 255.2000 32.5000 177.9000
    endloop
  endfacet
  facet normal 0 0 1
    outer loop
      vertex 252.5500 38.5278 180.9000
      vertex 252.7000 -13.4000 180.9000
      vertex 252.8380 38.7367 180.9000
    endloop
  endfacet
  facet normal -0.587152 0.809477 0
    outer loop
      vertex 252.5500 38.5278 180.9000
      vertex 252.8380 38.7367 180.9000
      vertex 252.8380 38.7367 177.9000
    endloop
  endfacet
  facet normal -0.587152 -0.809477 0
    outer loop
      vertex 252.5500 41.4722 177.9000
      vertex 252.8380 41.2633 177.9000
      vertex 252.8380 41.2633 180.9000
    endloop
  endfacet
  facet normal -0.587152 -0.809477 0
    outer loop
      vertex 252.5500 41.4722 177.9000
      vertex 252.8380 41.2633 180.9000
      vertex 252.5500 41.4722 180.9000
    endloop
  endfacet
  facet normal 0 0 -1
    outer loop
      vertex 252.5500 41.4722 177.9000
      vertex 255.2000 47.5000 177.9000
      vertex 252.8380 41.2633 177.9000
    endloop
  endfacet
  facet normal 0 0 1
    outer loop
      vertex 252.5500 41.4722 180.9000
      vertex 252.8380 41.2633 180.9000
      vertex 252.5500 138.5280 180.9000
    endloop
  endfacet
  facet normal -0.587336 0.809343 0
    outer loop
      vertex 252.5500 138.5280 177.9000
      vertex 252.5500 138.5280 180.9000
      vertex 252.8380 138.7370 177.9000
    endloop
  endfacet
  facet normal 0 0 -1
    outer loop
      vertex 252.5500 138.5280 177.9000
      vertex 252.8380 138.7370 177.9000
      vertex 255.2000 47.5000 177.9000
    endloop
  endfacet
  facet normal 0 0 1
    outer loop
      vertex 252.5500 138.5280 180.9000
      vertex 252.8380 41.2633 180.9000
      vertex 252.8380 138.7370 180.9000
    endloop
  endfacet
  facet normal -0.587336 0.809343 0
    outer loop
      vertex 252.5500 138.5280 180.9000
      vertex 252.8380 138.7370 180.9000
      vertex 252.8380 138.7370 177.9000
    endloop
  endfacet
  facet normal -0.587336 -0.809343 0
    outer loop
      vertex 252.5500 141.4720 177.9000
      vertex 252.8380 141.2630 177.9000
      vertex 252.8380 141.2630 180.9000
    endloop
  endfacet
  facet normal -0.587336 -0.809343 0
    outer loop
      vertex 252.5500 141.4720 177.9000
      vertex 252.8380 141.2630 180.9000
      vertex 252.5500 141.4720 180.9000
    endloop
  endfacet
  facet normal 0 0 -1
    outer loop
      vertex 252.5500 141.4720 177.9000
      vertex 261.7000 150.0000 177.9000
      vertex 252.8380 141.2630 177.9000
    endloop
  endfacet
  facet normal 0 0 1
    outer loop
      vertex 252.5500 141.4720 180.9000
      vertex 252.8380 141.2630 180.9000
      vertex 261.7000 150.0000 180.9000
    endloop
  endfacet
  facet normal -1 0 0
    outer loop
      vertex 252.7000 -57.4000 177.9000
      vertex 252.7000 -57.4000 180.9000
      vertex 252.7000 -37.4000 180.9000
    endloop
  endfacet
  facet normal 0 0 -1
    outer loop
      vertex 252.7000 -57.4000 177.9000
      vertex 252.7000 -37.4000 177.9000
      vertex 253.3630 -83.6465 177.9000
    endloop
  endfacet
  facet normal -1 0 0
    outer loop
      vertex 252.7000 -57.4000 177.9000
      vertex 252.7000 -37.4000 180.9000
      vertex 252.7000 -37.4000 177.9000
    endloop
  endfacet
  facet normal 0 0 -1
    outer loop
      vertex 252.7000 -57.4000 177.9000
      vertex 253.0750 -83.0008 177.9000
      vertex 252.8380 -82.7367 177.9000
    endloop
  endfacet
  facet normal 0 0 -1
    outer loop
      vertex 252.7000 -57.4000 177.9000
      vertex 253.2530 -83.3085 177.9000
      vertex 253.0750 -83.0008 177.9000
    endloop
  endfacet
  facet normal 0 0 -1
    outer loop
      vertex 252.7000 -57.4000 177.9000
      vertex 253.3630 -83.6465 177.9000
      vertex 253.2530 -83.3085 177.9000
    endloop
  endfacet
  facet normal 0 0 1
    outer loop
      vertex 252.7000 -57.4000 180.9000
      vertex 252.8380 -82.7367 180.9000
      vertex 253.0750 -83.0008 180.9000
    endloop
  endfacet
  facet normal 0 0 1
    outer loop
      vertex 252.7000 -57.4000 180.9000
      vertex 253.0750 -83.0008 180.9000
      vertex 253.2530 -83.3085 180.9000
    endloop
  endfacet
  facet normal 0 0 1
    outer loop
      vertex 252.7000 -57.4000 180.9000
      vertex 253.2530 -83.3085 180.9000
      vertex 261.7000 -94.0000 180.9000
    endloop
  endfacet
  facet normal 0 0 1
    outer loop
      vertex 252.7000 -57.4000 180.9000
      vertex 261.7000 -94.0000 180.9000
      vertex 252.7000 -37.4000 180.9000
    endloop
  endfacet
  facet normal 0 0 -1
    outer loop
      vertex 252.7000 -37.4000 177.9000
      vertex 252.7000 -33.4000 177.9000
      vertex 255.2000 -78.5000 177.9000
    endloop
  endfacet
  facet normal 0 0 -1
    outer loop
      vertex 252.7000 -37.4000 177.9000
      vertex 255.2000 -78.5000 177.9000
      vertex 253.3630 -83.6465 177.9000
    endloop
  endfacet
  facet normal 0 0 1
    outer loop
      vertex 252.7000 -37.4000 180.9000
      vertex 261.7000 -94.0000 180.9000
      vertex 252.7000 -33.4000 180.9000
    endloop
  endfacet
  facet normal -1 0 0
    outer loop
      vertex 252.7000 -33.4000 177.9000
      vertex 252.7000 -33.4000 180.9000
      vertex 252.7000 -13.4000 180.9000
    endloop
  endfacet
  facet normal 0 0 -1
    outer loop
      vertex 252.7000 -33.4000 177.9000
      vertex 252.7000 -13.4000 177.9000
      vertex 255.2000 32.5000 177.9000
    endloop
  endfacet
  facet normal -1 0 0
    outer loop
      vertex 252.7000 -33.4000 177.9000
      vertex 252.7000 -13.4000 180.9000
      vertex 252.7000 -13.4000 177.9000
    endloop
  endfacet
  facet normal 0 0 -1
    outer loop
      vertex 252.7000 -33.4000 177.9000
      vertex 255.2000 32.5000 177.9000
      vertex 255.2000 -78.5000 177.9000
    endloop
  endfacet
  facet normal 0 0 1
    outer loop
      vertex 252.7000 -33.4000 180.9000
      vertex 261.7000 -94.0000 180.9000
      vertex 252.7000 -13.4000 180.9000
    endloop
  endfacet
  facet normal 0 0 1
    outer loop
      vertex 252.7000 -13.4000 180.9000
      vertex 253.0750 39.0008 180.9000
      vertex 252.8380 38.7367 180.9000
    endloop
  endfacet
  facet normal 0 0 1
    outer loop
      vertex 252.7000 -13.4000 180.9000
      vertex 253.2530 39.3085 180.9000
      vertex 253.0750 39.0008 180.9000
    endloop
  endfacet
  facet normal 0 0 1
    outer loop
      vertex 252.7000 -13.4000 180.9000
      vertex 253.3630 39.6465 180.9000
      vertex 253.2530 39.3085 180.9000
    endloop
  endfacet
  facet normal 0 0 1
    outer loop
      vertex 252.7000 -13.4000 180.9000
      vertex 253.4000 40.0000 180.9000
      vertex 253.3630 39.6465 180.9000
    endloop
  endfacet
  facet normal 0 0 1
    outer loop
      vertex 252.7000 -13.4000 180.9000
      vertex 261.7000 -94.0000 180.9000
      vertex 253.4000 40.0000 180.9000
    endloop
  endfacet
  facet normal -0.74426 0.66789 0
    outer loop
      vertex 252.8380 -85.2633 177.9000
      vertex 252.8380 -85.2633 180.9000
      vertex 253.0750 -84.9992 180.9000
    endloop
  endfacet
  facet normal 0 0 -1
    outer loop
      vertex 252.8380 -85.2633 177.9000
      vertex 253.0750 -84.9992 177.9000
      vertex 261.7000 -94.0000 177.9000
    endloop
  endfacet
  facet normal -0.74426 0.66789 0
    outer loop
      vertex 252.8380 -85.2633 177.9000
      vertex 253.0750 -84.9992 180.9000
      vertex 253.0750 -84.9992 177.9000
    endloop
  endfacet
  facet normal 0 0 1
    outer loop
      vertex 252.8380 -85.2633 180.9000
      vertex 261.7000 -94.0000 180.9000
      vertex 253.0750 -84.9992 180.9000
    endloop
  endfacet
  facet normal -0.74426 -0.66789 0
    outer loop
      vertex 252.8380 -82.7367 177.9000
      vertex 253.0750 -83.0008 177.9000
      vertex 252.8380 -82.7367 180.9000
    endloop
  endfacet
  facet normal -0.74426 -0.66789 0
    outer loop
      vertex 252.8380 -82.7367 180.9000
      vertex 253.0750 -83.0008 177.9000
      vertex 253.0750 -83.0008 180.9000
    endloop
  endfacet
  facet normal -0.74426 0.66789 0
    outer loop
      vertex 252.8380 38.7367 177.9000
      vertex 252.8380 38.7367 180.9000
      vertex 253.0750 39.0008 180.9000
    endloop
  endfacet
  facet normal 0 0 -1
    outer loop
      vertex 252.8380 38.7367 177.9000
      vertex 253.0750 39.0008 177.9000
      vertex 255.2000 32.5000 177.9000
    endloop
  endfacet
  facet normal -0.74426 0.66789 0
    outer loop
      vertex 252.8380 38.7367 177.9000
      vertex 253.0750 39.0008 180.9000
      vertex 253.0750 39.0008 177.9000
    endloop
  endfacet
  facet normal -0.74426 -0.66789 0
    outer loop
      vertex 252.8380 41.2633 177.9000
      vertex 253.0750 40.9992 177.9000
      vertex 252.8380 41.2633 180.9000
    endloop
  endfacet
  facet normal 0 0 -1
    outer loop
      vertex 252.8380 41.2633 177.9000
      vertex 255.2000 47.5000 177.9000
      vertex 253.0750 40.9992 177.9000
    endloop
  endfacet
  facet normal -0.74426 -0.66789 0
    outer loop
      vertex 252.8380 41.2633 180.9000
      vertex 253.0750 40.9992 177.9000
      vertex 253.0750 40.9992 180.9000
    endloop
  endfacet
  facet normal 0 0 1
    outer loop
      vertex 252.8380 41.2633 180.9000
      vertex 253.0750 40.9992 180.9000
      vertex 252.8380 138.7370 180.9000
    endloop
  endfacet
  facet normal -0.744134 0.66803 0
    outer loop
      vertex 252.8380 138.7370 177.9000
      vertex 252.8380 138.7370 180.9000
      vertex 253.0750 139.0010 180.9000
    endloop
  endfacet
  facet normal 0 0 -1
    outer loop
      vertex 252.8380 138.7370 177.9000
      vertex 253.0750 139.0010 177.9000
      vertex 255.2000 47.5000 177.9000
    endloop
  endfacet
  facet normal -0.744134 0.66803 0
    outer loop
      vertex 252.8380 138.7370 177.9000
      vertex 253.0750 139.0010 180.9000
      vertex 253.0750 139.0010 177.9000
    endloop
  endfacet
  facet normal 0 0 1
    outer loop
      vertex 252.8380 138.7370 180.9000
      vertex 253.0750 40.9992 180.9000
      vertex 253.0750 139.0010 180.9000
    endloop
  endfacet
  facet normal -0.744134 -0.66803 0
    outer loop
      vertex 252.8380 141.2630 177.9000
      vertex 253.0750 140.9990 177.9000
      vertex 252.8380 141.2630 180.9000
    endloop
  endfacet
  facet normal 0 0 -1
    outer loop
      vertex 252.8380 141.2630 177.9000
      vertex 261.7000 150.0000 177.9000
      vertex 253.0750 140.9990 177.9000
    endloop
  endfacet
  facet normal -0.744134 -0.66803 0
    outer loop
      vertex 252.8380 141.2630 180.9000
      vertex 253.0750 140.9990 177.9000
      vertex 253.0750 140.9990 180.9000
    endloop
  endfacet
  facet normal 0 0 1
    outer loop
      vertex 252.8380 141.2630 180.9000
      vertex 253.0750 140.9990 180.9000
      vertex 261.7000 150.0000 180.9000
    endloop
  endfacet
  facet normal -0.8656 0.500737 0
    outer loop
      vertex 253.0750 -84.9992 177.9000
      vertex 253.0750 -84.9992 180.9000
      vertex 253.2530 -84.6915 180.9000
    endloop
  endfacet
  facet normal 0 0 -1
    outer loop
      vertex 253.0750 -84.9992 177.9000
      vertex 253.2530 -84.6915 177.9000
      vertex 261.7000 -94.0000 177.9000
    endloop
  endfacet
  facet normal -0.8656 0.500737 0
    outer loop
      vertex 253.0750 -84.9992 177.9000
      vertex 253.2530 -84.6915 180.9000
      vertex 253.2530 -84.6915 177.9000
    endloop
  endfacet
  facet normal 0 0 1
    outer loop
      vertex 253.0750 -84.9992 180.9000
      vertex 261.7000 -94.0000 180.9000
      vertex 253.2530 -84.6915 180.9000
    endloop
  endfacet
  facet normal -0.8656 -0.500737 0
    outer loop
      vertex 253.0750 -83.0008 177.9000
      vertex 253.2530 -83.3085 177.9000
      vertex 253.0750 -83.0008 180.9000
    endloop
  endfacet
  facet normal -0.8656 -0.500737 0
    outer loop
      vertex 253.0750 -83.0008 180.9000
      vertex 253.2530 -83.3085 177.9000
      vertex 253.2530 -83.3085 180.9000
    endloop
  endfacet
  facet normal -0.8656 0.500737 0
    outer loop
      vertex 253.0750 39.0008 177.9000
      vertex 253.0750 39.0008 180.9000
      vertex 253.2530 39.3085 180.9000
    endloop
  endfacet
  facet normal 0 0 -1
    outer loop
      vertex 253.0750 39.0008 177.9000
      vertex 253.2530 39.3085 177.9000
      vertex 255.2000 32.5000 177.9000
    endloop
  endfacet
  facet normal -0.8656 0.500737 0
    outer loop
      vertex 253.0750 39.0008 177.9000
      vertex 253.2530 39.3085 180.9000
      vertex 253.2530 39.3085 177.9000
    endloop
  endfacet
  facet normal -0.8656 -0.500737 0
    outer loop
      vertex 253.0750 40.9992 177.9000
      vertex 253.2530 40.6915 177.9000
      vertex 253.0750 40.9992 180.9000
    endloop
  endfacet
  facet normal 0 0 -1
    outer loop
      vertex 253.0750 40.9992 177.9000
      vertex 255.2000 47.5000 177.9000
      vertex 256.7000 47.5000 177.9000
    endloop
  endfacet
  facet normal 0 0 -1
    outer loop
      vertex 253.0750 40.9992 177.9000
      vertex 256.7000 47.5000 177.9000
      vertex 253.2530 40.6915 177.9000
    endloop
  endfacet
  facet normal -0.8656 -0.500737 0
    outer loop
      vertex 253.0750 40.9992 180.9000
      vertex 253.2530 40.6915 177.9000
      vertex 253.2530 40.6915 180.9000
    endloop
  endfacet
  facet normal 0 0 1
    outer loop
      vertex 253.0750 40.9992 180.9000
      vertex 253.2530 40.6915 180.9000
      vertex 261.7000 150.0000 180.9000
    endloop
  endfacet
  facet normal 0 0 1
    outer loop
      vertex 253.0750 40.9992 180.9000
      vertex 261.7000 150.0000 180.9000
      vertex 253.0750 139.0010 180.9000
    endloop
  endfacet
  facet normal -0.865811 0.500371 0
    outer loop
      vertex 253.0750 139.0010 177.9000
      vertex 253.0750 139.0010 180.9000
      vertex 253.2530 139.3090 180.9000
    endloop
  endfacet
  facet normal 0 0 -1
    outer loop
      vertex 253.0750 139.0010 177.9000
      vertex 253.2530 139.3090 177.9000
      vertex 255.2000 47.5000 177.9000
    endloop
  endfacet
  facet normal -0.865811 0.500371 0
    outer loop
      vertex 253.0750 139.0010 177.9000
      vertex 253.2530 139.3090 180.9000
      vertex 253.2530 139.3090 177.9000
    endloop
  endfacet
  facet normal 0 0 1
    outer loop
      vertex 253.0750 139.0010 180.9000
      vertex 261.7000 150.0000 180.9000
      vertex 253.2530 139.3090 180.9000
    endloop
  endfacet
  facet normal -0.865811 -0.500371 0
    outer loop
      vertex 253.0750 140.9990 177.9000
      vertex 253.2530 140.6910 177.9000
      vertex 253.0750 140.9990 180.9000
    endloop
  endfacet
  facet normal 0 0 -1
    outer loop
      vertex 253.0750 140.9990 177.9000
      vertex 261.7000 150.0000 177.9000
      vertex 253.2530 140.6910 177.9000
    endloop
  endfacet
  facet normal -0.865811 -0.500371 0
    outer loop
      vertex 253.0750 140.9990 180.9000
      vertex 253.2530 140.6910 177.9000
      vertex 253.2530 140.6910 180.9000
    endloop
  endfacet
  facet normal 0 0 1
    outer loop
      vertex 253.0750 140.9990 180.9000
      vertex 253.2530 140.6910 180.9000
      vertex 261.7000 150.0000 180.9000
    endloop
  endfacet
  facet normal -0.950937 0.309385 0
    outer loop
      vertex 253.2530 -84.6915 177.9000
      vertex 253.2530 -84.6915 180.9000
      vertex 253.3630 -84.3534 180.9000
    endloop
  endfacet
  facet normal 0 0 -1
    outer loop
      vertex 253.2530 -84.6915 177.9000
      vertex 253.3630 -84.3534 177.9000
      vertex 261.7000 -94.0000 177.9000
    endloop
  endfacet
  facet normal -0.950937 0.309385 0
    outer loop
      vertex 253.2530 -84.6915 177.9000
      vertex 253.3630 -84.3534 180.9000
      vertex 253.3630 -84.3534 177.9000
    endloop
  endfacet
  facet normal 0 0 1
    outer loop
      vertex 253.2530 -84.6915 180.9000
      vertex 261.7000 -94.0000 180.9000
      vertex 253.3630 -84.3534 180.9000
    endloop
  endfacet
  facet normal -0.95091 -0.309468 0
    outer loop
      vertex 253.2530 -83.3085 177.9000
      vertex 253.3630 -83.6465 177.9000
      vertex 253.2530 -83.3085 180.9000
    endloop
  endfacet
  facet normal -0.95091 -0.309468 0
    outer loop
      vertex 253.2530 -83.3085 180.9000
      vertex 253.3630 -83.6465 177.9000
      vertex 253.3630 -83.6465 180.9000
    endloop
  endfacet
  facet normal 0 0 1
    outer loop
      vertex 253.2530 -83.3085 180.9000
      vertex 253.3630 -83.6465 180.9000
      vertex 261.7000 -94.0000 180.9000
    endloop
  endfacet
  facet normal -0.95091 0.309468 0
    outer loop
      vertex 253.2530 39.3085 177.9000
      vertex 253.2530 39.3085 180.9000
      vertex 253.3630 39.6465 180.9000
    endloop
  endfacet
  facet normal 0 0 -1
    outer loop
      vertex 253.2530 39.3085 177.9000
      vertex 253.3630 39.6465 177.9000
      vertex 255.2000 32.5000 177.9000
    endloop
  endfacet
  facet normal -0.95091 0.309468 0
    outer loop
      vertex 253.2530 39.3085 177.9000
      vertex 253.3630 39.6465 180.9000
      vertex 253.3630 39.6465 177.9000
    endloop
  endfacet
  facet normal -0.95091 -0.309468 0
    outer loop
      vertex 253.2530 40.6915 177.9000
      vertex 253.3630 40.3535 177.9000
      vertex 253.2530 40.6915 180.9000
    endloop
  endfacet
  facet normal 0 0 -1
    outer loop
      vertex 253.2530 40.6915 177.9000
      vertex 256.7000 47.5000 177.9000
      vertex 253.3630 40.3535 177.9000
    endloop
  endfacet
  facet normal -0.95091 -0.309468 0
    outer loop
      vertex 253.2530 40.6915 180.9000
      vertex 253.3630 40.3535 177.9000
      vertex 253.3630 40.3535 180.9000
    endloop
  endfacet
  facet normal 0 0 1
    outer loop
      vertex 253.2530 40.6915 180.9000
      vertex 253.3630 40.3535 180.9000
      vertex 261.7000 150.0000 180.9000
    endloop
  endfacet
  facet normal -0.95091 0.309468 0
    outer loop
      vertex 253.2530 139.3090 177.9000
      vertex 253.2530 139.3090 180.9000
      vertex 253.3630 139.6470 180.9000
    endloop
  endfacet
  facet normal 0 0 -1
    outer loop
      vertex 253.2530 139.3090 177.9000
      vertex 253.3630 139.6470 177.9000
      vertex 255.2000 47.5000 177.9000
    endloop
  endfacet
  facet normal -0.95091 0.309468 0
    outer loop
      vertex 253.2530 139.3090 177.9000
      vertex 253.3630 139.6470 180.9000
      vertex 253.3630 139.6470 177.9000
    endloop
  endfacet
  facet normal 0 0 1
    outer loop
      vertex 253.2530 139.3090 180.9000
      vertex 261.7000 150.0000 180.9000
      vertex 253.3630 139.6470 180.9000
    endloop
  endfacet
  facet normal -0.95091 -0.309468 0
    outer loop
      vertex 253.2530 140.6910 177.9000
      vertex 253.3630 140.3530 177.9000
      vertex 253.2530 140.6910 180.9000
    endloop
  endfacet
  facet normal 0 0 -1
    outer loop
      vertex 253.2530 140.6910 177.9000
      vertex 261.7000 150.0000 177.9000
      vertex 253.3630 140.3530 177.9000
    endloop
  endfacet
  facet normal -0.95091 -0.309468 0
    outer loop
      vertex 253.2530 140.6910 180.9000
      vertex 253.3630 140.3530 177.9000
      vertex 253.3630 140.3530 180.9000
    endloop
  endfacet
  facet normal 0 0 1
    outer loop
      vertex 253.2530 140.6910 180.9000
      vertex 253.3630 140.3530 180.9000
      vertex 261.7000 150.0000 180.9000
    endloop
  endfacet
  facet normal -0.994564 0.104128 0
    outer loop
      vertex 253.3630 -84.3534 177.9000
      vertex 253.3630 -84.3534 180.9000
      vertex 253.4000 -84.0000 180.9000
    endloop
  endfacet
  facet normal 0 0 -1
    outer loop
      vertex 253.3630 -84.3534 177.9000
      vertex 253.4000 -84.0000 177.9000
      vertex 256.7000 -78.5000 177.9000
    endloop
  endfacet
  facet normal -0.994564 0.104128 0
    outer loop
      vertex 253.3630 -84.3534 177.9000
      vertex 253.4000 -84.0000 180.9000
      vertex 253.4000 -84.0000 177.9000
    endloop
  endfacet
  facet normal 0 0 -1
    outer loop
      vertex 253.3630 -84.3534 177.9000
      vertex 256.7000 -78.5000 177.9000
      vertex 261.7000 -94.0000 177.9000
    endloop
  endfacet
  facet normal 0 0 1
    outer loop
      vertex 253.3630 -84.3534 180.9000
      vertex 261.7000 -94.0000 180.9000
      vertex 253.4000 -84.0000 180.9000
    endloop
  endfacet
  facet normal -0.994567 -0.104099 0
    outer loop
      vertex 253.3630 -83.6465 177.9000
      vertex 253.4000 -84.0000 177.9000
      vertex 253.3630 -83.6465 180.9000
    endloop
  endfacet
  facet normal 0 0 -1
    outer loop
      vertex 253.3630 -83.6465 177.9000
      vertex 255.2000 -78.5000 177.9000
      vertex 256.7000 -78.5000 177.9000
    endloop
  endfacet
  facet normal 0 0 -1
    outer loop
      vertex 253.3630 -83.6465 177.9000
      vertex 256.7000 -78.5000 177.9000
      vertex 253.4000 -84.0000 177.9000
    endloop
  endfacet
  facet normal -0.994567 -0.104099 0
    outer loop
      vertex 253.3630 -83.6465 180.9000
      vertex 253.4000 -84.0000 177.9000
      vertex 253.4000 -84.0000 180.9000
    endloop
  endfacet
  facet normal 0 0 1
    outer loop
      vertex 253.3630 -83.6465 180.9000
      vertex 253.4000 -84.0000 180.9000
      vertex 261.7000 -94.0000 180.9000
    endloop
  endfacet
  facet normal -0.994567 0.104099 0
    outer loop
      vertex 253.3630 39.6465 177.9000
      vertex 253.3630 39.6465 180.9000
      vertex 253.4000 40.0000 180.9000
    endloop
  endfacet
  facet normal 0 0 -1
    outer loop
      vertex 253.3630 39.6465 177.9000
      vertex 253.4000 40.0000 177.9000
      vertex 255.2000 32.5000 177.9000
    endloop
  endfacet
  facet normal -0.994567 0.104099 0
    outer loop
      vertex 253.3630 39.6465 177.9000
      vertex 253.4000 40.0000 180.9000
      vertex 253.4000 40.0000 177.9000
    endloop
  endfacet
  facet normal -0.994567 -0.104099 0
    outer loop
      vertex 253.3630 40.3535 177.9000
      vertex 253.4000 40.0000 177.9000
      vertex 253.3630 40.3535 180.9000
    endloop
  endfacet
  facet normal 0 0 -1
    outer loop
      vertex 253.3630 40.3535 177.9000
      vertex 256.7000 47.5000 177.9000
      vertex 253.4000 40.0000 177.9000
    endloop
  endfacet
  facet normal -0.994567 -0.104099 0
    outer loop
      vertex 253.3630 40.3535 180.9000
      vertex 253.4000 40.0000 177.9000
      vertex 253.4000 40.0000 180.9000
    endloop
  endfacet
  facet normal 0 0 1
    outer loop
      vertex 253.3630 40.3535 180.9000
      vertex 253.4000 40.0000 180.9000
      vertex 261.7000 150.0000 180.9000
    endloop
  endfacet
  facet normal -0.994552 0.104245 0
    outer loop
      vertex 253.3630 139.6470 177.9000
      vertex 253.3630 139.6470 180.9000
      vertex 253.4000 140.0000 180.9000
    endloop
  endfacet
  facet normal 0 0 -1
    outer loop
      vertex 253.3630 139.6470 177.9000
      vertex 253.4000 140.0000 177.9000
      vertex 255.2000 47.5000 177.9000
    endloop
  endfacet
  facet normal -0.994552 0.104245 0
    outer loop
      vertex 253.3630 139.6470 177.9000
      vertex 253.4000 140.0000 180.9000
      vertex 253.4000 140.0000 177.9000
    endloop
  endfacet
  facet normal 0 0 1
    outer loop
      vertex 253.3630 139.6470 180.9000
      vertex 261.7000 150.0000 180.9000
      vertex 253.4000 140.0000 180.9000
    endloop
  endfacet
  facet normal -0.994552 -0.104245 0
    outer loop
      vertex 253.3630 140.3530 177.9000
      vertex 253.4000 140.0000 177.9000
      vertex 253.3630 140.3530 180.9000
    endloop
  endfacet
  facet normal 0 0 -1
    outer loop
      vertex 253.3630 140.3530 177.9000
      vertex 256.7000 134.5000 177.9000
      vertex 253.4000 140.0000 177.9000
    endloop
  endfacet
  facet normal 0 0 -1
    outer loop
      vertex 253.3630 140.3530 177.9000
      vertex 261.7000 150.0000 177.9000
      vertex 256.7000 134.5000 177.9000
    endloop
  endfacet
  facet normal -0.994552 -0.104245 0
    outer loop
      vertex 253.3630 140.3530 180.9000
      vertex 253.4000 140.0000 177.9000
      vertex 253.4000 140.0000 180.9000
    endloop
  endfacet
  facet normal 0 0 1
    outer loop
      vertex 253.3630 140.3530 180.9000
      vertex 253.4000 140.0000 180.9000
      vertex 261.7000 150.0000 180.9000
    endloop
  endfacet
  facet normal 0 0 -1
    outer loop
      vertex 253.4000 40.0000 177.9000
      vertex 256.7000 32.5000 177.9000
      vertex 255.2000 32.5000 177.9000
    endloop
  endfacet
  facet normal 0 0 -1
    outer loop
      vertex 253.4000 40.0000 177.9000
      vertex 256.7000 47.5000 177.9000
      vertex 256.7000 32.5000 177.9000
    endloop
  endfacet
  facet normal 0 0 1
    outer loop
      vertex 253.4000 40.0000 180.9000
      vertex 261.7000 -94.0000 180.9000
      vertex 261.7000 150.0000 180.9000
    endloop
  endfacet
  facet normal 0 0 -1
    outer loop
      vertex 253.4000 140.0000 177.9000
      vertex 255.2000 134.5000 177.9000
      vertex 255.2000 47.5000 177.9000
    endloop
  endfacet
  facet normal 0 0 -1
    outer loop
      vertex 253.4000 140.0000 177.9000
      vertex 256.7000 134.5000 177.9000
      vertex 255.2000 134.5000 177.9000
    endloop
  endfacet
  facet normal -1 0 0
    outer loop
      vertex 255.2000 -78.5000 173.9000
      vertex 255.2000 -78.5000 177.9000
      vertex 255.2000 32.5000 177.9000
    endloop
  endfacet
  facet normal 0 0 -1
    outer loop
      vertex 255.2000 -78.5000 173.9000
      vertex 255.2000 32.5000 173.9000
      vertex 256.7000 32.5000 173.9000
    endloop
  endfacet
  facet normal -1 0 0
    outer loop
      vertex 255.2000 -78.5000 173.9000
      vertex 255.2000 32.5000 177.9000
      vertex 255.2000 32.5000 173.9000
    endloop
  endfacet
  facet normal 0 -1 0
    outer loop
      vertex 255.2000 -78.5000 173.9000
      vertex 256.7000 -78.5000 173.9000
      vertex 256.7000 -78.5000 177.9000
    endloop
  endfacet
  facet normal 0 -1 0
    outer loop
      vertex 255.2000 -78.5000 173.9000
      vertex 256.7000 -78.5000 177.9000
      vertex 255.2000 -78.5000 177.9000
    endloop
  endfacet
  facet normal 0 0 -1
    outer loop
      vertex 255.2000 -78.5000 173.9000
      vertex 256.7000 32.5000 173.9000
      vertex 256.7000 -78.5000 173.9000
    endloop
  endfacet
  facet normal 0 1 0
    outer loop
      vertex 255.2000 32.5000 173.9000
      vertex 255.2000 32.5000 177.9000
      vertex 256.7000 32.5000 173.9000
    endloop
  endfacet
  facet normal 0 1 0
    outer loop
      vertex 255.2000 32.5000 177.9000
      vertex 256.7000 32.5000 177.9000
      vertex 256.7000 32.5000 173.9000
    endloop
  endfacet
  facet normal -1 0 0
    outer loop
      vertex 255.2000 47.5000 173.9000
      vertex 255.2000 47.5000 177.9000
      vertex 255.2000 134.5000 177.9000
    endloop
  endfacet
  facet normal 0 0 -1
    outer loop
      vertex 255.2000 47.5000 173.9000
      vertex 255.2000 134.5000 173.9000
      vertex 256.7000 134.5000 173.9000
    endloop
  endfacet
  facet normal -1 0 0
    outer loop
      vertex 255.2000 47.5000 173.9000
      vertex 255.2000 134.5000 177.9000
      vertex 255.2000 134.5000 173.9000
    endloop
  endfacet
  facet normal 0 -1 0
    outer loop
      vertex 255.2000 47.5000 173.9000
      vertex 256.7000 47.5000 173.9000
      vertex 256.7000 47.5000 177.9000
    endloop
  endfacet
  facet normal 0 -1 0
    outer loop
      vertex 255.2000 47.5000 173.9000
      vertex 256.7000 47.5000 177.9000
      vertex 255.2000 47.5000 177.9000
    endloop
  endfacet
  facet normal 0 0 -1
    outer loop
      vertex 255.2000 47.5000 173.9000
      vertex 256.7000 134.5000 173.9000
      vertex 256.7000 47.5000 173.9000
    endloop
  endfacet
  facet normal 0 1 0
    outer loop
      vertex 255.2000 134.5000 173.9000
      vertex 255.2000 134.5000 177.9000
      vertex 256.7000 134.5000 173.9000
    endloop
  endfacet
  facet normal 0 1 0
    outer loop
      vertex 255.2000 134.5000 177.9000
      vertex 256.7000 134.5000 177.9000
      vertex 256.7000 134.5000 173.9000
    endloop
  endfacet
  facet normal 1 0 0
    outer loop
      vertex 256.7000 -78.5000 173.9000
      vertex 256.7000 32.5000 173.9000
      vertex 256.7000 -78.5000 177.9000
    endloop
  endfacet
  facet normal 1 0 0
    outer loop
      vertex 256.7000 -78.5000 177.9000
      vertex 256.7000 32.5000 173.9000
      vertex 256.7000 32.5000 177.9000
    endloop
  endfacet
  facet normal 0 0 -1
    outer loop
      vertex 256.7000 -78.5000 177.9000
      vertex 256.7000 32.5000 177.9000
      vertex 261.7000 -94.0000 177.9000
    endloop
  endfacet
  facet normal 0 0 -1
    outer loop
      vertex 256.7000 32.5000 177.9000
      vertex 256.7000 47.5000 177.9000
      vertex 261.7000 150.0000 177.9000
    endloop
  endfacet
  facet normal 0 0 -1
    outer loop
      vertex 256.7000 32.5000 177.9000
      vertex 261.7000 150.0000 177.9000
      vertex 261.7000 -94.0000 177.9000
    endloop
  endfacet
  facet normal 1 0 0
    outer loop
      vertex 256.7000 47.5000 173.9000
      vertex 256.7000 134.5000 173.9000
      vertex 256.7000 47.5000 177.9000
    endloop
  endfacet
  facet normal 1 0 0
    outer loop
      vertex 256.7000 47.5000 177.9000
      vertex 256.7000 134.5000 173.9000
      vertex 256.7000 134.5000 177.9000
    endloop
  endfacet
  facet normal 0 0 -1
    outer loop
      vertex 256.7000 47.5000 177.9000
      vertex 256.7000 134.5000 177.9000
      vertex 261.7000 150.0000 177.9000
    endloop
  endfacet
  facet normal 1 0 0
    outer loop
      vertex 261.7000 -94.0000 177.9000
      vertex 261.7000 150.0000 177.9000
      vertex 261.7000 -94.0000 180.9000
    endloop
  endfacet
  facet normal 1 0 0
    outer loop
      vertex 261.7000 -94.0000 180.9000
      vertex 261.7000 150.0000 177.9000
      vertex 261.7000 150.0000 180.9000
    endloop
  endfacet
endsolid OpenSCAD_Model
