solid OpenSCAD_Model
  facet normal -0.951059 -0.30901 -3.16488e-18
    outer loop
      vertex 11.6629 10.3530 0.0000
      vertex 11.5530 10.6910 3.0000
      vertex 11.5530 10.6910 0.0000
    endloop
  endfacet
  facet normal -0.951059 -0.30901 -3.16488e-18
    outer loop
      vertex 11.5530 10.6910 3.0000
      vertex 11.6629 10.3530 0.0000
      vertex 11.6629 10.3530 3.0000
    endloop
  endfacet
  facet normal -0.994508 -0.104663 3.08967e-19
    outer loop
      vertex 11.7000 10.0000 0.0000
      vertex 11.6629 10.3530 3.0000
      vertex 11.6629 10.3530 0.0000
    endloop
  endfacet
  facet normal -0.994508 -0.104663 3.08967e-19
    outer loop
      vertex 11.6629 10.3530 3.0000
      vertex 11.7000 10.0000 0.0000
      vertex 11.7000 10.0000 3.0000
    endloop
  endfacet
  facet normal -0.951059 0.30901 3.16488e-18
    outer loop
      vertex 11.5530 9.3090 0.0000
      vertex 11.6629 9.6470 3.0000
      vertex 11.6629 9.6470 0.0000
    endloop
  endfacet
  facet normal -0.951059 0.30901 3.16488e-18
    outer loop
      vertex 11.6629 9.6470 3.0000
      vertex 11.5530 9.3090 0.0000
      vertex 11.5530 9.3090 3.0000
    endloop
  endfacet
  facet normal 0.587975 0.808879 -0
    outer loop
      vertex 9.1500 8.5280 0.0000
      vertex 8.8625 8.7370 3.0000
      vertex 9.1500 8.5280 3.0000
    endloop
  endfacet
  facet normal 0.587975 0.808879 0
    outer loop
      vertex 8.8625 8.7370 3.0000
      vertex 9.1500 8.5280 0.0000
      vertex 8.8625 8.7370 0.0000
    endloop
  endfacet
  facet normal -0.407787 -0.913077 0
    outer loop
      vertex 10.5253 11.6170 0.0000
      vertex 10.8500 11.4720 3.0000
      vertex 10.5253 11.6170 3.0000
    endloop
  endfacet
  facet normal -0.407787 -0.913077 -0
    outer loop
      vertex 10.8500 11.4720 3.0000
      vertex 10.5253 11.6170 0.0000
      vertex 10.8500 11.4720 0.0000
    endloop
  endfacet
  facet normal 0.587975 -0.808879 0
    outer loop
      vertex 8.8625 11.2630 0.0000
      vertex 9.1500 11.4720 3.0000
      vertex 8.8625 11.2630 3.0000
    endloop
  endfacet
  facet normal 0.587975 -0.808879 0
    outer loop
      vertex 9.1500 11.4720 3.0000
      vertex 8.8625 11.2630 0.0000
      vertex 9.1500 11.4720 0.0000
    endloop
  endfacet
  facet normal -0.743 0.669291 -6.40183e-18
    outer loop
      vertex 11.1375 8.7370 0.0000
      vertex 11.3753 9.0010 3.0000
      vertex 11.3753 9.0010 0.0000
    endloop
  endfacet
  facet normal -0.743 0.669291 -6.40183e-18
    outer loop
      vertex 11.3753 9.0010 3.0000
      vertex 11.1375 8.7370 0.0000
      vertex 11.1375 8.7370 3.0000
    endloop
  endfacet
  facet normal 0.208204 0.978085 -0
    outer loop
      vertex 9.8223 8.3090 0.0000
      vertex 9.4747 8.3830 3.0000
      vertex 9.8223 8.3090 3.0000
    endloop
  endfacet
  facet normal 0.208204 0.978085 0
    outer loop
      vertex 9.4747 8.3830 3.0000
      vertex 9.8223 8.3090 0.0000
      vertex 9.4747 8.3830 0.0000
    endloop
  endfacet
  facet normal 0.866177 0.499737 1.11169e-18
    outer loop
      vertex 8.6247 9.0010 3.0000
      vertex 8.4470 9.3090 0.0000
      vertex 8.4470 9.3090 3.0000
    endloop
  endfacet
  facet normal 0.866177 0.499737 1.11169e-18
    outer loop
      vertex 8.4470 9.3090 0.0000
      vertex 8.6247 9.0010 3.0000
      vertex 8.6247 9.0010 0.0000
    endloop
  endfacet
  facet normal -0.407787 0.913077 0
    outer loop
      vertex 10.8500 8.5280 0.0000
      vertex 10.5253 8.3830 3.0000
      vertex 10.8500 8.5280 3.0000
    endloop
  endfacet
  facet normal -0.407787 0.913077 0
    outer loop
      vertex 10.5253 8.3830 3.0000
      vertex 10.8500 8.5280 0.0000
      vertex 10.5253 8.3830 0.0000
    endloop
  endfacet
  facet normal -0.587978 -0.808877 0
    outer loop
      vertex 10.8500 11.4720 0.0000
      vertex 11.1375 11.2630 3.0000
      vertex 10.8500 11.4720 3.0000
    endloop
  endfacet
  facet normal -0.587978 -0.808877 -0
    outer loop
      vertex 11.1375 11.2630 3.0000
      vertex 10.8500 11.4720 0.0000
      vertex 11.1375 11.2630 0.0000
    endloop
  endfacet
  facet normal 0.951056 -0.309017 1.27325e-18
    outer loop
      vertex 8.3371 10.3530 3.0000
      vertex 8.4470 10.6910 0.0000
      vertex 8.4470 10.6910 3.0000
    endloop
  endfacet
  facet normal 0.951056 -0.309017 1.27325e-18
    outer loop
      vertex 8.4470 10.6910 0.0000
      vertex 8.3371 10.3530 3.0000
      vertex 8.3371 10.3530 0.0000
    endloop
  endfacet
  facet normal 0.407787 0.913077 -0
    outer loop
      vertex 9.4747 8.3830 0.0000
      vertex 9.1500 8.5280 3.0000
      vertex 9.4747 8.3830 3.0000
    endloop
  endfacet
  facet normal 0.407787 0.913077 0
    outer loop
      vertex 9.1500 8.5280 3.0000
      vertex 9.4747 8.3830 0.0000
      vertex 9.1500 8.5280 0.0000
    endloop
  endfacet
  facet normal 0.866177 -0.499737 -1.11169e-18
    outer loop
      vertex 8.4470 10.6910 3.0000
      vertex 8.6247 10.9990 0.0000
      vertex 8.6247 10.9990 3.0000
    endloop
  endfacet
  facet normal 0.866177 -0.499737 -1.11169e-18
    outer loop
      vertex 8.6247 10.9990 0.0000
      vertex 8.4470 10.6910 3.0000
      vertex 8.4470 10.6910 0.0000
    endloop
  endfacet
  facet normal -0.587978 0.808877 0
    outer loop
      vertex 11.1375 8.7370 0.0000
      vertex 10.8500 8.5280 3.0000
      vertex 11.1375 8.7370 3.0000
    endloop
  endfacet
  facet normal -0.587978 0.808877 0
    outer loop
      vertex 10.8500 8.5280 3.0000
      vertex 11.1375 8.7370 0.0000
      vertex 10.8500 8.5280 0.0000
    endloop
  endfacet
  facet normal 0.208204 -0.978085 0
    outer loop
      vertex 9.4747 11.6170 0.0000
      vertex 9.8223 11.6910 3.0000
      vertex 9.4747 11.6170 3.0000
    endloop
  endfacet
  facet normal 0.208204 -0.978085 0
    outer loop
      vertex 9.8223 11.6910 3.0000
      vertex 9.4747 11.6170 0.0000
      vertex 9.8223 11.6910 0.0000
    endloop
  endfacet
  facet normal -0.994508 0.104663 -3.08967e-19
    outer loop
      vertex 11.6629 9.6470 0.0000
      vertex 11.7000 10.0000 3.0000
      vertex 11.7000 10.0000 0.0000
    endloop
  endfacet
  facet normal -0.994508 0.104663 -3.08967e-19
    outer loop
      vertex 11.7000 10.0000 3.0000
      vertex 11.6629 9.6470 0.0000
      vertex 11.6629 9.6470 3.0000
    endloop
  endfacet
  facet normal 0 -1 0
    outer loop
      vertex 9.8223 11.6910 0.0000
      vertex 10.1777 11.6910 3.0000
      vertex 9.8223 11.6910 3.0000
    endloop
  endfacet
  facet normal 0 -1 -0
    outer loop
      vertex 10.1777 11.6910 3.0000
      vertex 9.8223 11.6910 0.0000
      vertex 10.1777 11.6910 0.0000
    endloop
  endfacet
  facet normal -0.866176 0.499739 2.57614e-18
    outer loop
      vertex 11.3753 9.0010 0.0000
      vertex 11.5530 9.3090 3.0000
      vertex 11.5530 9.3090 0.0000
    endloop
  endfacet
  facet normal -0.866176 0.499739 2.57614e-18
    outer loop
      vertex 11.5530 9.3090 3.0000
      vertex 11.3753 9.0010 0.0000
      vertex 11.3753 9.0010 3.0000
    endloop
  endfacet
  facet normal 0.407787 -0.913077 0
    outer loop
      vertex 9.1500 11.4720 0.0000
      vertex 9.4747 11.6170 3.0000
      vertex 9.1500 11.4720 3.0000
    endloop
  endfacet
  facet normal 0.407787 -0.913077 0
    outer loop
      vertex 9.4747 11.6170 3.0000
      vertex 9.1500 11.4720 0.0000
      vertex 9.4747 11.6170 0.0000
    endloop
  endfacet
  facet normal -0.208205 0.978085 0
    outer loop
      vertex 10.5253 8.3830 0.0000
      vertex 10.1777 8.3090 3.0000
      vertex 10.5253 8.3830 3.0000
    endloop
  endfacet
  facet normal -0.208205 0.978085 0
    outer loop
      vertex 10.1777 8.3090 3.0000
      vertex 10.5253 8.3830 0.0000
      vertex 10.1777 8.3090 0.0000
    endloop
  endfacet
  facet normal -0.743 -0.669291 6.40183e-18
    outer loop
      vertex 11.3753 10.9990 0.0000
      vertex 11.1375 11.2630 3.0000
      vertex 11.1375 11.2630 0.0000
    endloop
  endfacet
  facet normal -0.743 -0.669291 6.40183e-18
    outer loop
      vertex 11.1375 11.2630 3.0000
      vertex 11.3753 10.9990 0.0000
      vertex 11.3753 10.9990 3.0000
    endloop
  endfacet
  facet normal 0.994508 -0.104663 3.55697e-19
    outer loop
      vertex 8.3000 10.0000 3.0000
      vertex 8.3371 10.3530 0.0000
      vertex 8.3371 10.3530 3.0000
    endloop
  endfacet
  facet normal 0.994508 -0.104663 3.55697e-19
    outer loop
      vertex 8.3371 10.3530 0.0000
      vertex 8.3000 10.0000 3.0000
      vertex 8.3000 10.0000 0.0000
    endloop
  endfacet
  facet normal 0 1 -0
    outer loop
      vertex 10.1777 8.3090 0.0000
      vertex 9.8223 8.3090 3.0000
      vertex 10.1777 8.3090 3.0000
    endloop
  endfacet
  facet normal 0 1 0
    outer loop
      vertex 9.8223 8.3090 3.0000
      vertex 10.1777 8.3090 0.0000
      vertex 9.8223 8.3090 0.0000
    endloop
  endfacet
  facet normal -0.866176 -0.499739 -2.57614e-18
    outer loop
      vertex 11.5530 10.6910 0.0000
      vertex 11.3753 10.9990 3.0000
      vertex 11.3753 10.9990 0.0000
    endloop
  endfacet
  facet normal -0.866176 -0.499739 -2.57614e-18
    outer loop
      vertex 11.3753 10.9990 3.0000
      vertex 11.5530 10.6910 0.0000
      vertex 11.5530 10.6910 3.0000
    endloop
  endfacet
  facet normal 0.743006 -0.669285 -2.68986e-18
    outer loop
      vertex 8.6247 10.9990 3.0000
      vertex 8.8625 11.2630 0.0000
      vertex 8.8625 11.2630 3.0000
    endloop
  endfacet
  facet normal 0.743006 -0.669285 -2.68986e-18
    outer loop
      vertex 8.8625 11.2630 0.0000
      vertex 8.6247 10.9990 3.0000
      vertex 8.6247 10.9990 0.0000
    endloop
  endfacet
  facet normal 0.951056 0.309017 -1.27325e-18
    outer loop
      vertex 8.4470 9.3090 3.0000
      vertex 8.3371 9.6470 0.0000
      vertex 8.3371 9.6470 3.0000
    endloop
  endfacet
  facet normal 0.951056 0.309017 -1.27325e-18
    outer loop
      vertex 8.3371 9.6470 0.0000
      vertex 8.4470 9.3090 3.0000
      vertex 8.4470 9.3090 0.0000
    endloop
  endfacet
  facet normal 0.743006 0.669285 2.68986e-18
    outer loop
      vertex 8.8625 8.7370 3.0000
      vertex 8.6247 9.0010 0.0000
      vertex 8.6247 9.0010 3.0000
    endloop
  endfacet
  facet normal 0.743006 0.669285 2.68986e-18
    outer loop
      vertex 8.6247 9.0010 0.0000
      vertex 8.8625 8.7370 3.0000
      vertex 8.8625 8.7370 0.0000
    endloop
  endfacet
  facet normal -0.208205 -0.978085 0
    outer loop
      vertex 10.1777 11.6910 0.0000
      vertex 10.5253 11.6170 3.0000
      vertex 10.1777 11.6910 3.0000
    endloop
  endfacet
  facet normal -0.208205 -0.978085 -0
    outer loop
      vertex 10.5253 11.6170 3.0000
      vertex 10.1777 11.6910 0.0000
      vertex 10.5253 11.6170 0.0000
    endloop
  endfacet
  facet normal 0.994508 0.104663 -3.55697e-19
    outer loop
      vertex 8.3371 9.6470 3.0000
      vertex 8.3000 10.0000 0.0000
      vertex 8.3000 10.0000 3.0000
    endloop
  endfacet
  facet normal 0.994508 0.104663 -3.55697e-19
    outer loop
      vertex 8.3000 10.0000 0.0000
      vertex 8.3371 9.6470 3.0000
      vertex 8.3371 9.6470 0.0000
    endloop
  endfacet
  facet normal -0.951059 -0.30901 3.77654e-19
    outer loop
      vertex 11.6629 110.3535 0.0000
      vertex 11.5530 110.6915 3.0000
      vertex 11.5530 110.6915 0.0000
    endloop
  endfacet
  facet normal -0.951059 -0.30901 3.77654e-19
    outer loop
      vertex 11.5530 110.6915 3.0000
      vertex 11.6629 110.3535 0.0000
      vertex 11.6629 110.3535 3.0000
    endloop
  endfacet
  facet normal -0.994523 -0.104516 4.85677e-19
    outer loop
      vertex 11.7000 110.0000 0.0000
      vertex 11.6629 110.3535 3.0000
      vertex 11.6629 110.3535 0.0000
    endloop
  endfacet
  facet normal -0.994523 -0.104516 4.85677e-19
    outer loop
      vertex 11.6629 110.3535 3.0000
      vertex 11.7000 110.0000 0.0000
      vertex 11.7000 110.0000 3.0000
    endloop
  endfacet
  facet normal -0.951059 0.30901 -3.77654e-19
    outer loop
      vertex 11.5530 109.3085 0.0000
      vertex 11.6629 109.6465 3.0000
      vertex 11.6629 109.6465 0.0000
    endloop
  endfacet
  facet normal -0.951059 0.30901 -3.77654e-19
    outer loop
      vertex 11.6629 109.6465 3.0000
      vertex 11.5530 109.3085 0.0000
      vertex 11.5530 109.3085 3.0000
    endloop
  endfacet
  facet normal 0.587791 0.809013 -0
    outer loop
      vertex 9.1500 108.5278 0.0000
      vertex 8.8625 108.7367 3.0000
      vertex 9.1500 108.5278 3.0000
    endloop
  endfacet
  facet normal 0.587791 0.809013 0
    outer loop
      vertex 8.8625 108.7367 3.0000
      vertex 9.1500 108.5278 0.0000
      vertex 8.8625 108.7367 0.0000
    endloop
  endfacet
  facet normal -0.406848 -0.913496 0
    outer loop
      vertex 10.5253 111.6168 0.0000
      vertex 10.8500 111.4722 3.0000
      vertex 10.5253 111.6168 3.0000
    endloop
  endfacet
  facet normal -0.406848 -0.913496 -0
    outer loop
      vertex 10.8500 111.4722 3.0000
      vertex 10.5253 111.6168 0.0000
      vertex 10.8500 111.4722 0.0000
    endloop
  endfacet
  facet normal 0.587791 -0.809013 0
    outer loop
      vertex 8.8625 111.2633 0.0000
      vertex 9.1500 111.4722 3.0000
      vertex 8.8625 111.2633 3.0000
    endloop
  endfacet
  facet normal 0.587791 -0.809013 0
    outer loop
      vertex 9.1500 111.4722 3.0000
      vertex 8.8625 111.2633 0.0000
      vertex 9.1500 111.4722 0.0000
    endloop
  endfacet
  facet normal 0.207935 0.978143 -0
    outer loop
      vertex 9.8223 108.3093 0.0000
      vertex 9.4747 108.3832 3.0000
      vertex 9.8223 108.3093 3.0000
    endloop
  endfacet
  facet normal 0.207935 0.978143 0
    outer loop
      vertex 9.4747 108.3832 3.0000
      vertex 9.8223 108.3093 0.0000
      vertex 9.4747 108.3832 0.0000
    endloop
  endfacet
  facet normal 0.865967 0.500102 -1.45807e-18
    outer loop
      vertex 8.6247 109.0008 3.0000
      vertex 8.4470 109.3085 0.0000
      vertex 8.4470 109.3085 3.0000
    endloop
  endfacet
  facet normal 0.865967 0.500102 -1.45807e-18
    outer loop
      vertex 8.4470 109.3085 0.0000
      vertex 8.6247 109.0008 3.0000
      vertex 8.6247 109.0008 0.0000
    endloop
  endfacet
  facet normal -0.406848 0.913496 0
    outer loop
      vertex 10.8500 108.5278 0.0000
      vertex 10.5253 108.3832 3.0000
      vertex 10.8500 108.5278 3.0000
    endloop
  endfacet
  facet normal -0.406848 0.913496 0
    outer loop
      vertex 10.5253 108.3832 3.0000
      vertex 10.8500 108.5278 0.0000
      vertex 10.5253 108.3832 0.0000
    endloop
  endfacet
  facet normal -0.587794 -0.809011 0
    outer loop
      vertex 10.8500 111.4722 0.0000
      vertex 11.1375 111.2633 3.0000
      vertex 10.8500 111.4722 3.0000
    endloop
  endfacet
  facet normal -0.587794 -0.809011 -0
    outer loop
      vertex 11.1375 111.2633 3.0000
      vertex 10.8500 111.4722 0.0000
      vertex 11.1375 111.2633 0.0000
    endloop
  endfacet
  facet normal 0.951056 -0.309017 -2.24929e-18
    outer loop
      vertex 8.3371 110.3535 3.0000
      vertex 8.4470 110.6915 0.0000
      vertex 8.4470 110.6915 3.0000
    endloop
  endfacet
  facet normal 0.951056 -0.309017 -2.24929e-18
    outer loop
      vertex 8.4470 110.6915 0.0000
      vertex 8.3371 110.3535 3.0000
      vertex 8.3371 110.3535 0.0000
    endloop
  endfacet
  facet normal 0.406848 0.913496 -0
    outer loop
      vertex 9.4747 108.3832 0.0000
      vertex 9.1500 108.5278 3.0000
      vertex 9.4747 108.3832 3.0000
    endloop
  endfacet
  facet normal 0.406848 0.913496 0
    outer loop
      vertex 9.1500 108.5278 3.0000
      vertex 9.4747 108.3832 0.0000
      vertex 9.1500 108.5278 0.0000
    endloop
  endfacet
  facet normal 0.865967 -0.500102 1.45807e-18
    outer loop
      vertex 8.4470 110.6915 3.0000
      vertex 8.6247 110.9992 0.0000
      vertex 8.6247 110.9992 3.0000
    endloop
  endfacet
  facet normal 0.865967 -0.500102 1.45807e-18
    outer loop
      vertex 8.6247 110.9992 0.0000
      vertex 8.4470 110.6915 3.0000
      vertex 8.4470 110.6915 0.0000
    endloop
  endfacet
  facet normal -0.587794 0.809011 0
    outer loop
      vertex 11.1375 108.7367 0.0000
      vertex 10.8500 108.5278 3.0000
      vertex 11.1375 108.7367 3.0000
    endloop
  endfacet
  facet normal -0.587794 0.809011 0
    outer loop
      vertex 10.8500 108.5278 3.0000
      vertex 11.1375 108.7367 0.0000
      vertex 10.8500 108.5278 0.0000
    endloop
  endfacet
  facet normal 0.207935 -0.978143 0
    outer loop
      vertex 9.4747 111.6168 0.0000
      vertex 9.8223 111.6907 3.0000
      vertex 9.4747 111.6168 3.0000
    endloop
  endfacet
  facet normal 0.207935 -0.978143 0
    outer loop
      vertex 9.8223 111.6907 3.0000
      vertex 9.4747 111.6168 0.0000
      vertex 9.8223 111.6907 0.0000
    endloop
  endfacet
  facet normal -0.994523 0.104516 -4.85677e-19
    outer loop
      vertex 11.6629 109.6465 0.0000
      vertex 11.7000 110.0000 3.0000
      vertex 11.7000 110.0000 0.0000
    endloop
  endfacet
  facet normal -0.994523 0.104516 -4.85677e-19
    outer loop
      vertex 11.7000 110.0000 3.0000
      vertex 11.6629 109.6465 0.0000
      vertex 11.6629 109.6465 3.0000
    endloop
  endfacet
  facet normal 0 -1 0
    outer loop
      vertex 9.8223 111.6907 0.0000
      vertex 10.1777 111.6907 3.0000
      vertex 9.8223 111.6907 3.0000
    endloop
  endfacet
  facet normal 0 -1 -0
    outer loop
      vertex 10.1777 111.6907 3.0000
      vertex 9.8223 111.6907 0.0000
      vertex 10.1777 111.6907 0.0000
    endloop
  endfacet
  facet normal -0.865965 0.500104 2.368e-18
    outer loop
      vertex 11.3753 109.0008 0.0000
      vertex 11.5530 109.3085 3.0000
      vertex 11.5530 109.3085 0.0000
    endloop
  endfacet
  facet normal -0.865965 0.500104 2.368e-18
    outer loop
      vertex 11.5530 109.3085 3.0000
      vertex 11.3753 109.0008 0.0000
      vertex 11.3753 109.0008 3.0000
    endloop
  endfacet
  facet normal 0.406848 -0.913496 0
    outer loop
      vertex 9.1500 111.4722 0.0000
      vertex 9.4747 111.6168 3.0000
      vertex 9.1500 111.4722 3.0000
    endloop
  endfacet
  facet normal 0.406848 -0.913496 0
    outer loop
      vertex 9.4747 111.6168 3.0000
      vertex 9.1500 111.4722 0.0000
      vertex 9.4747 111.6168 0.0000
    endloop
  endfacet
  facet normal -0.743126 0.669151 -2.06556e-18
    outer loop
      vertex 11.1375 108.7367 0.0000
      vertex 11.3753 109.0008 3.0000
      vertex 11.3753 109.0008 0.0000
    endloop
  endfacet
  facet normal -0.743126 0.669151 -2.06556e-18
    outer loop
      vertex 11.3753 109.0008 3.0000
      vertex 11.1375 108.7367 0.0000
      vertex 11.1375 108.7367 3.0000
    endloop
  endfacet
  facet normal -0.207936 0.978142 0
    outer loop
      vertex 10.5253 108.3832 0.0000
      vertex 10.1777 108.3093 3.0000
      vertex 10.5253 108.3832 3.0000
    endloop
  endfacet
  facet normal -0.207936 0.978142 0
    outer loop
      vertex 10.1777 108.3093 3.0000
      vertex 10.5253 108.3832 0.0000
      vertex 10.1777 108.3093 0.0000
    endloop
  endfacet
  facet normal -0.743126 -0.669151 2.06556e-18
    outer loop
      vertex 11.3753 110.9992 0.0000
      vertex 11.1375 111.2633 3.0000
      vertex 11.1375 111.2633 0.0000
    endloop
  endfacet
  facet normal -0.743126 -0.669151 2.06556e-18
    outer loop
      vertex 11.1375 111.2633 3.0000
      vertex 11.3753 110.9992 0.0000
      vertex 11.3753 110.9992 3.0000
    endloop
  endfacet
  facet normal 0.994523 -0.104516 1.26e-19
    outer loop
      vertex 8.3000 110.0000 3.0000
      vertex 8.3371 110.3535 0.0000
      vertex 8.3371 110.3535 3.0000
    endloop
  endfacet
  facet normal 0.994523 -0.104516 1.26e-19
    outer loop
      vertex 8.3371 110.3535 0.0000
      vertex 8.3000 110.0000 3.0000
      vertex 8.3000 110.0000 0.0000
    endloop
  endfacet
  facet normal -0.865965 -0.500104 -2.368e-18
    outer loop
      vertex 11.5530 110.6915 0.0000
      vertex 11.3753 110.9992 3.0000
      vertex 11.3753 110.9992 0.0000
    endloop
  endfacet
  facet normal -0.865965 -0.500104 -2.368e-18
    outer loop
      vertex 11.3753 110.9992 3.0000
      vertex 11.5530 110.6915 0.0000
      vertex 11.5530 110.6915 3.0000
    endloop
  endfacet
  facet normal 0.743132 -0.669145 -6.32908e-18
    outer loop
      vertex 8.6247 110.9992 3.0000
      vertex 8.8625 111.2633 0.0000
      vertex 8.8625 111.2633 3.0000
    endloop
  endfacet
  facet normal 0.743132 -0.669145 -6.32908e-18
    outer loop
      vertex 8.8625 111.2633 0.0000
      vertex 8.6247 110.9992 3.0000
      vertex 8.6247 110.9992 0.0000
    endloop
  endfacet
  facet normal 0 1 -0
    outer loop
      vertex 10.1777 108.3093 0.0000
      vertex 9.8223 108.3093 3.0000
      vertex 10.1777 108.3093 3.0000
    endloop
  endfacet
  facet normal 0 1 0
    outer loop
      vertex 9.8223 108.3093 3.0000
      vertex 10.1777 108.3093 0.0000
      vertex 9.8223 108.3093 0.0000
    endloop
  endfacet
  facet normal 0.951056 0.309017 2.24929e-18
    outer loop
      vertex 8.4470 109.3085 3.0000
      vertex 8.3371 109.6465 0.0000
      vertex 8.3371 109.6465 3.0000
    endloop
  endfacet
  facet normal 0.951056 0.309017 2.24929e-18
    outer loop
      vertex 8.3371 109.6465 0.0000
      vertex 8.4470 109.3085 3.0000
      vertex 8.4470 109.3085 0.0000
    endloop
  endfacet
  facet normal 0.743132 0.669145 6.32908e-18
    outer loop
      vertex 8.8625 108.7367 3.0000
      vertex 8.6247 109.0008 0.0000
      vertex 8.6247 109.0008 3.0000
    endloop
  endfacet
  facet normal 0.743132 0.669145 6.32908e-18
    outer loop
      vertex 8.6247 109.0008 0.0000
      vertex 8.8625 108.7367 3.0000
      vertex 8.8625 108.7367 0.0000
    endloop
  endfacet
  facet normal -0.207936 -0.978142 0
    outer loop
      vertex 10.1777 111.6907 0.0000
      vertex 10.5253 111.6168 3.0000
      vertex 10.1777 111.6907 3.0000
    endloop
  endfacet
  facet normal -0.207936 -0.978142 -0
    outer loop
      vertex 10.5253 111.6168 3.0000
      vertex 10.1777 111.6907 0.0000
      vertex 10.5253 111.6168 0.0000
    endloop
  endfacet
  facet normal 0.994523 0.104516 -1.26e-19
    outer loop
      vertex 8.3371 109.6465 3.0000
      vertex 8.3000 110.0000 0.0000
      vertex 8.3000 110.0000 3.0000
    endloop
  endfacet
  facet normal 0.994523 0.104516 -1.26e-19
    outer loop
      vertex 8.3000 110.0000 0.0000
      vertex 8.3371 109.6465 3.0000
      vertex 8.3371 109.6465 0.0000
    endloop
  endfacet
  facet normal -0 0 -1
    outer loop
      vertex 93.0000 120.0000 0.0000
      vertex 11.3753 10.9990 0.0000
      vertex 51.0000 120.0000 0.0000
    endloop
  endfacet
  facet normal 0 0 -1
    outer loop
      vertex 45.0000 120.0000 0.0000
      vertex 11.6629 109.6465 0.0000
      vertex 11.7000 110.0000 0.0000
    endloop
  endfacet
  facet normal 0 0 -1
    outer loop
      vertex 11.1375 11.2630 0.0000
      vertex 51.0000 120.0000 0.0000
      vertex 11.3753 10.9990 0.0000
    endloop
  endfacet
  facet normal 0 0 -1
    outer loop
      vertex 45.0000 120.0000 0.0000
      vertex 11.5530 109.3085 0.0000
      vertex 11.6629 109.6465 0.0000
    endloop
  endfacet
  facet normal -0 0 -1
    outer loop
      vertex 51.0000 120.0000 0.0000
      vertex 11.1375 11.2630 0.0000
      vertex 45.0000 120.0000 0.0000
    endloop
  endfacet
  facet normal 0 0 -1
    outer loop
      vertex 45.0000 120.0000 0.0000
      vertex 11.3753 109.0008 0.0000
      vertex 11.5530 109.3085 0.0000
    endloop
  endfacet
  facet normal 0 0 -1
    outer loop
      vertex 11.1375 108.7367 0.0000
      vertex 45.0000 120.0000 0.0000
      vertex 11.1375 11.2630 0.0000
    endloop
  endfacet
  facet normal 0 0 -1
    outer loop
      vertex 45.0000 120.0000 0.0000
      vertex 11.1375 108.7367 0.0000
      vertex 11.3753 109.0008 0.0000
    endloop
  endfacet
  facet normal 0 0 -1
    outer loop
      vertex 10.8500 11.4720 0.0000
      vertex 11.1375 108.7367 0.0000
      vertex 11.1375 11.2630 0.0000
    endloop
  endfacet
  facet normal 0 0 -1
    outer loop
      vertex 10.8500 11.4720 0.0000
      vertex 10.8500 108.5278 0.0000
      vertex 11.1375 108.7367 0.0000
    endloop
  endfacet
  facet normal 0 0 -1
    outer loop
      vertex 10.5253 11.6170 0.0000
      vertex 10.8500 108.5278 0.0000
      vertex 10.8500 11.4720 0.0000
    endloop
  endfacet
  facet normal 0 0 -1
    outer loop
      vertex 10.5253 11.6170 0.0000
      vertex 10.5253 108.3832 0.0000
      vertex 10.8500 108.5278 0.0000
    endloop
  endfacet
  facet normal 0 0 -1
    outer loop
      vertex 10.1777 11.6910 0.0000
      vertex 10.5253 108.3832 0.0000
      vertex 10.5253 11.6170 0.0000
    endloop
  endfacet
  facet normal 0 0 -1
    outer loop
      vertex 10.1777 11.6910 0.0000
      vertex 10.1777 108.3093 0.0000
      vertex 10.5253 108.3832 0.0000
    endloop
  endfacet
  facet normal 0 0 -1
    outer loop
      vertex 9.8223 11.6910 0.0000
      vertex 10.1777 108.3093 0.0000
      vertex 10.1777 11.6910 0.0000
    endloop
  endfacet
  facet normal 0 0 -1
    outer loop
      vertex 9.8223 11.6910 0.0000
      vertex 9.8223 108.3093 0.0000
      vertex 10.1777 108.3093 0.0000
    endloop
  endfacet
  facet normal 0 0 -1
    outer loop
      vertex 9.4747 11.6170 0.0000
      vertex 9.8223 108.3093 0.0000
      vertex 9.8223 11.6910 0.0000
    endloop
  endfacet
  facet normal 0 0 -1
    outer loop
      vertex 9.4747 11.6170 0.0000
      vertex 9.4747 108.3832 0.0000
      vertex 9.8223 108.3093 0.0000
    endloop
  endfacet
  facet normal 0 0 -1
    outer loop
      vertex 9.1500 11.4720 0.0000
      vertex 9.4747 108.3832 0.0000
      vertex 9.4747 11.6170 0.0000
    endloop
  endfacet
  facet normal 0 0 -1
    outer loop
      vertex 9.1500 11.4720 0.0000
      vertex 9.1500 108.5278 0.0000
      vertex 9.4747 108.3832 0.0000
    endloop
  endfacet
  facet normal 0 0 -1
    outer loop
      vertex 8.8625 11.2630 0.0000
      vertex 9.1500 108.5278 0.0000
      vertex 9.1500 11.4720 0.0000
    endloop
  endfacet
  facet normal 0 0 -1
    outer loop
      vertex 8.8625 11.2630 0.0000
      vertex 8.8625 108.7367 0.0000
      vertex 9.1500 108.5278 0.0000
    endloop
  endfacet
  facet normal 0 0 -1
    outer loop
      vertex 8.6247 10.9990 0.0000
      vertex 8.8625 108.7367 0.0000
      vertex 8.8625 11.2630 0.0000
    endloop
  endfacet
  facet normal 0 0 -1
    outer loop
      vertex 8.6247 10.9990 0.0000
      vertex 8.6247 109.0008 0.0000
      vertex 8.8625 108.7367 0.0000
    endloop
  endfacet
  facet normal 0 0 -1
    outer loop
      vertex 0.0000 0.0000 0.0000
      vertex 8.6247 10.9990 0.0000
      vertex 8.4470 10.6910 0.0000
    endloop
  endfacet
  facet normal -0 0 -1
    outer loop
      vertex 8.6247 10.9990 0.0000
      vertex 0.0000 0.0000 0.0000
      vertex 8.6247 109.0008 0.0000
    endloop
  endfacet
  facet normal 0 0 -1
    outer loop
      vertex 0.0000 0.0000 0.0000
      vertex 8.4470 10.6910 0.0000
      vertex 8.3371 10.3530 0.0000
    endloop
  endfacet
  facet normal 0 0 -1
    outer loop
      vertex 0.0000 120.0000 0.0000
      vertex 8.6247 109.0008 0.0000
      vertex 0.0000 0.0000 0.0000
    endloop
  endfacet
  facet normal 0 0 -1
    outer loop
      vertex 0.0000 0.0000 0.0000
      vertex 8.3371 10.3530 0.0000
      vertex 8.3000 10.0000 0.0000
    endloop
  endfacet
  facet normal 0 0 -1
    outer loop
      vertex 8.6247 109.0008 0.0000
      vertex 0.0000 120.0000 0.0000
      vertex 8.4470 109.3085 0.0000
    endloop
  endfacet
  facet normal 0 0 -1
    outer loop
      vertex 11.6629 10.3530 0.0000
      vertex 144.0000 0.0000 0.0000
      vertex 11.7000 10.0000 0.0000
    endloop
  endfacet
  facet normal 0 0 -1
    outer loop
      vertex 144.0000 0.0000 0.0000
      vertex 11.6629 10.3530 0.0000
      vertex 144.0000 37.0000 0.0000
    endloop
  endfacet
  facet normal 0 0 -1
    outer loop
      vertex 11.5530 10.6910 0.0000
      vertex 144.0000 37.0000 0.0000
      vertex 11.6629 10.3530 0.0000
    endloop
  endfacet
  facet normal 0 0 -1
    outer loop
      vertex 144.0000 43.0000 0.0000
      vertex 93.0000 120.0000 0.0000
      vertex 144.0000 77.0000 0.0000
    endloop
  endfacet
  facet normal 0 0 -1
    outer loop
      vertex 144.0000 83.0000 0.0000
      vertex 99.0000 120.0000 0.0000
      vertex 144.0000 120.0000 0.0000
    endloop
  endfacet
  facet normal 0 0 -1
    outer loop
      vertex 99.0000 120.0000 0.0000
      vertex 93.0000 120.0000 0.0000
      vertex 99.0000 121.0000 0.0000
    endloop
  endfacet
  facet normal 0 0 -1
    outer loop
      vertex 144.0000 77.0000 0.0000
      vertex 99.0000 120.0000 0.0000
      vertex 144.0000 83.0000 0.0000
    endloop
  endfacet
  facet normal -0 -0 -1
    outer loop
      vertex 99.0000 120.0000 0.0000
      vertex 144.0000 77.0000 0.0000
      vertex 93.0000 120.0000 0.0000
    endloop
  endfacet
  facet normal 0 0 -1
    outer loop
      vertex 51.0000 120.0000 0.0000
      vertex 45.0000 120.0000 0.0000
      vertex 51.0000 121.0000 0.0000
    endloop
  endfacet
  facet normal -0 0 -1
    outer loop
      vertex 144.0000 37.0000 0.0000
      vertex 11.5530 10.6910 0.0000
      vertex 144.0000 43.0000 0.0000
    endloop
  endfacet
  facet normal 0 0 -1
    outer loop
      vertex 11.3753 10.9990 0.0000
      vertex 144.0000 43.0000 0.0000
      vertex 11.5530 10.6910 0.0000
    endloop
  endfacet
  facet normal 0 0 -1
    outer loop
      vertex 144.0000 0.0000 0.0000
      vertex 11.6629 9.6470 0.0000
      vertex 11.7000 10.0000 0.0000
    endloop
  endfacet
  facet normal 0 0 -1
    outer loop
      vertex 144.0000 0.0000 0.0000
      vertex 11.5530 9.3090 0.0000
      vertex 11.6629 9.6470 0.0000
    endloop
  endfacet
  facet normal 0 0 -1
    outer loop
      vertex 144.0000 0.0000 0.0000
      vertex 11.3753 9.0010 0.0000
      vertex 11.5530 9.3090 0.0000
    endloop
  endfacet
  facet normal 0 0 -1
    outer loop
      vertex 144.0000 0.0000 0.0000
      vertex 11.1375 8.7370 0.0000
      vertex 11.3753 9.0010 0.0000
    endloop
  endfacet
  facet normal 0 0 -1
    outer loop
      vertex 144.0000 0.0000 0.0000
      vertex 10.8500 8.5280 0.0000
      vertex 11.1375 8.7370 0.0000
    endloop
  endfacet
  facet normal 0 0 -1
    outer loop
      vertex 0.0000 0.0000 0.0000
      vertex 10.8500 8.5280 0.0000
      vertex 144.0000 0.0000 0.0000
    endloop
  endfacet
  facet normal 0 0 -1
    outer loop
      vertex 10.8500 8.5280 0.0000
      vertex 0.0000 0.0000 0.0000
      vertex 10.5253 8.3830 0.0000
    endloop
  endfacet
  facet normal 0 0 -1
    outer loop
      vertex 10.5253 8.3830 0.0000
      vertex 0.0000 0.0000 0.0000
      vertex 10.1777 8.3090 0.0000
    endloop
  endfacet
  facet normal 0 0 -1
    outer loop
      vertex 8.4470 109.3085 0.0000
      vertex 0.0000 120.0000 0.0000
      vertex 8.3371 109.6465 0.0000
    endloop
  endfacet
  facet normal -0 0 -1
    outer loop
      vertex 8.3371 9.6470 0.0000
      vertex 0.0000 0.0000 0.0000
      vertex 8.3000 10.0000 0.0000
    endloop
  endfacet
  facet normal -0 0 -1
    outer loop
      vertex 8.4470 9.3090 0.0000
      vertex 0.0000 0.0000 0.0000
      vertex 8.3371 9.6470 0.0000
    endloop
  endfacet
  facet normal -0 0 -1
    outer loop
      vertex 8.6247 9.0010 0.0000
      vertex 0.0000 0.0000 0.0000
      vertex 8.4470 9.3090 0.0000
    endloop
  endfacet
  facet normal -0 0 -1
    outer loop
      vertex 8.8625 8.7370 0.0000
      vertex 0.0000 0.0000 0.0000
      vertex 8.6247 9.0010 0.0000
    endloop
  endfacet
  facet normal -0 0 -1
    outer loop
      vertex 9.1500 8.5280 0.0000
      vertex 0.0000 0.0000 0.0000
      vertex 8.8625 8.7370 0.0000
    endloop
  endfacet
  facet normal -0 0 -1
    outer loop
      vertex 9.4747 8.3830 0.0000
      vertex 0.0000 0.0000 0.0000
      vertex 9.1500 8.5280 0.0000
    endloop
  endfacet
  facet normal -0 0 -1
    outer loop
      vertex 9.8223 8.3090 0.0000
      vertex 0.0000 0.0000 0.0000
      vertex 9.4747 8.3830 0.0000
    endloop
  endfacet
  facet normal -0 0 -1
    outer loop
      vertex 10.1777 8.3090 0.0000
      vertex 0.0000 0.0000 0.0000
      vertex 9.8223 8.3090 0.0000
    endloop
  endfacet
  facet normal 0 0 -1
    outer loop
      vertex 145.0000 37.0000 0.0000
      vertex 150.5000 34.8000 0.0000
      vertex 146.2000 34.8000 0.0000
    endloop
  endfacet
  facet normal 0 0 -1
    outer loop
      vertex 150.5000 34.8000 0.0000
      vertex 145.0000 37.0000 0.0000
      vertex 150.5000 45.2000 0.0000
    endloop
  endfacet
  facet normal 0 0 -1
    outer loop
      vertex 145.0000 43.0000 0.0000
      vertex 150.5000 45.2000 0.0000
      vertex 145.0000 37.0000 0.0000
    endloop
  endfacet
  facet normal -0 0 -1
    outer loop
      vertex 150.5000 45.2000 0.0000
      vertex 145.0000 43.0000 0.0000
      vertex 146.2000 45.2000 0.0000
    endloop
  endfacet
  facet normal 0 0 -1
    outer loop
      vertex 144.0000 37.0000 0.0000
      vertex 145.0000 43.0000 0.0000
      vertex 145.0000 37.0000 0.0000
    endloop
  endfacet
  facet normal -0 0 -1
    outer loop
      vertex 145.0000 43.0000 0.0000
      vertex 144.0000 37.0000 0.0000
      vertex 144.0000 43.0000 0.0000
    endloop
  endfacet
  facet normal 0 0 -1
    outer loop
      vertex 145.0000 77.0000 0.0000
      vertex 150.5000 74.8000 0.0000
      vertex 146.2000 74.8000 0.0000
    endloop
  endfacet
  facet normal 0 0 -1
    outer loop
      vertex 150.5000 74.8000 0.0000
      vertex 145.0000 77.0000 0.0000
      vertex 150.5000 85.2000 0.0000
    endloop
  endfacet
  facet normal 0 0 -1
    outer loop
      vertex 145.0000 83.0000 0.0000
      vertex 150.5000 85.2000 0.0000
      vertex 145.0000 77.0000 0.0000
    endloop
  endfacet
  facet normal -0 0 -1
    outer loop
      vertex 150.5000 85.2000 0.0000
      vertex 145.0000 83.0000 0.0000
      vertex 146.2000 85.2000 0.0000
    endloop
  endfacet
  facet normal 0 0 -1
    outer loop
      vertex 144.0000 77.0000 0.0000
      vertex 145.0000 83.0000 0.0000
      vertex 145.0000 77.0000 0.0000
    endloop
  endfacet
  facet normal -0 0 -1
    outer loop
      vertex 145.0000 83.0000 0.0000
      vertex 144.0000 77.0000 0.0000
      vertex 144.0000 83.0000 0.0000
    endloop
  endfacet
  facet normal 0 0 -1
    outer loop
      vertex 99.0000 121.0000 0.0000
      vertex 101.2000 126.5000 0.0000
      vertex 101.2000 122.2000 0.0000
    endloop
  endfacet
  facet normal 0 0 -1
    outer loop
      vertex 93.0000 121.0000 0.0000
      vertex 99.0000 121.0000 0.0000
      vertex 93.0000 120.0000 0.0000
    endloop
  endfacet
  facet normal 0 0 -1
    outer loop
      vertex 99.0000 121.0000 0.0000
      vertex 93.0000 121.0000 0.0000
      vertex 101.2000 126.5000 0.0000
    endloop
  endfacet
  facet normal 0 0 -1
    outer loop
      vertex 90.8000 126.5000 0.0000
      vertex 93.0000 121.0000 0.0000
      vertex 90.8000 122.2000 0.0000
    endloop
  endfacet
  facet normal 0 0 -1
    outer loop
      vertex 93.0000 121.0000 0.0000
      vertex 90.8000 126.5000 0.0000
      vertex 101.2000 126.5000 0.0000
    endloop
  endfacet
  facet normal 0 0 -1
    outer loop
      vertex 51.0000 121.0000 0.0000
      vertex 53.2000 126.5000 0.0000
      vertex 53.2000 122.2000 0.0000
    endloop
  endfacet
  facet normal 0 0 -1
    outer loop
      vertex 45.0000 121.0000 0.0000
      vertex 51.0000 121.0000 0.0000
      vertex 45.0000 120.0000 0.0000
    endloop
  endfacet
  facet normal 0 0 -1
    outer loop
      vertex 51.0000 121.0000 0.0000
      vertex 45.0000 121.0000 0.0000
      vertex 53.2000 126.5000 0.0000
    endloop
  endfacet
  facet normal 0 0 -1
    outer loop
      vertex 42.8000 126.5000 0.0000
      vertex 45.0000 121.0000 0.0000
      vertex 42.8000 122.2000 0.0000
    endloop
  endfacet
  facet normal 0 0 -1
    outer loop
      vertex 45.0000 121.0000 0.0000
      vertex 42.8000 126.5000 0.0000
      vertex 53.2000 126.5000 0.0000
    endloop
  endfacet
  facet normal -0 0 -1
    outer loop
      vertex 144.0000 43.0000 0.0000
      vertex 11.3753 10.9990 0.0000
      vertex 93.0000 120.0000 0.0000
    endloop
  endfacet
  facet normal 0 0 -1
    outer loop
      vertex 11.6629 110.3535 0.0000
      vertex 45.0000 120.0000 0.0000
      vertex 11.7000 110.0000 0.0000
    endloop
  endfacet
  facet normal 0 0 -1
    outer loop
      vertex 11.5530 110.6915 0.0000
      vertex 45.0000 120.0000 0.0000
      vertex 11.6629 110.3535 0.0000
    endloop
  endfacet
  facet normal 0 0 -1
    outer loop
      vertex 11.3753 110.9992 0.0000
      vertex 45.0000 120.0000 0.0000
      vertex 11.5530 110.6915 0.0000
    endloop
  endfacet
  facet normal 0 0 -1
    outer loop
      vertex 11.1375 111.2633 0.0000
      vertex 45.0000 120.0000 0.0000
      vertex 11.3753 110.9992 0.0000
    endloop
  endfacet
  facet normal 0 0 -1
    outer loop
      vertex 10.8500 111.4722 0.0000
      vertex 45.0000 120.0000 0.0000
      vertex 11.1375 111.2633 0.0000
    endloop
  endfacet
  facet normal 0 0 -1
    outer loop
      vertex 10.5253 111.6168 0.0000
      vertex 45.0000 120.0000 0.0000
      vertex 10.8500 111.4722 0.0000
    endloop
  endfacet
  facet normal 0 0 -1
    outer loop
      vertex 0.0000 120.0000 0.0000
      vertex 10.5253 111.6168 0.0000
      vertex 10.1777 111.6907 0.0000
    endloop
  endfacet
  facet normal 0 0 -1
    outer loop
      vertex 0.0000 120.0000 0.0000
      vertex 10.1777 111.6907 0.0000
      vertex 9.8223 111.6907 0.0000
    endloop
  endfacet
  facet normal 0 0 -1
    outer loop
      vertex 0.0000 120.0000 0.0000
      vertex 9.8223 111.6907 0.0000
      vertex 9.4747 111.6168 0.0000
    endloop
  endfacet
  facet normal 0 0 -1
    outer loop
      vertex 10.5253 111.6168 0.0000
      vertex 0.0000 120.0000 0.0000
      vertex 45.0000 120.0000 0.0000
    endloop
  endfacet
  facet normal 0 0 -1
    outer loop
      vertex 9.1500 111.4722 0.0000
      vertex 0.0000 120.0000 0.0000
      vertex 9.4747 111.6168 0.0000
    endloop
  endfacet
  facet normal 0 0 -1
    outer loop
      vertex 8.8625 111.2633 0.0000
      vertex 0.0000 120.0000 0.0000
      vertex 9.1500 111.4722 0.0000
    endloop
  endfacet
  facet normal 0 0 -1
    outer loop
      vertex 8.6247 110.9992 0.0000
      vertex 0.0000 120.0000 0.0000
      vertex 8.8625 111.2633 0.0000
    endloop
  endfacet
  facet normal 0 0 -1
    outer loop
      vertex 8.4470 110.6915 0.0000
      vertex 0.0000 120.0000 0.0000
      vertex 8.6247 110.9992 0.0000
    endloop
  endfacet
  facet normal 0 0 -1
    outer loop
      vertex 8.3371 110.3535 0.0000
      vertex 0.0000 120.0000 0.0000
      vertex 8.4470 110.6915 0.0000
    endloop
  endfacet
  facet normal 0 0 -1
    outer loop
      vertex 8.3000 110.0000 0.0000
      vertex 0.0000 120.0000 0.0000
      vertex 8.3371 110.3535 0.0000
    endloop
  endfacet
  facet normal 0 0 -1
    outer loop
      vertex 8.3371 109.6465 0.0000
      vertex 0.0000 120.0000 0.0000
      vertex 8.3000 110.0000 0.0000
    endloop
  endfacet
  facet normal -0 0 1
    outer loop
      vertex 0.0000 120.0000 3.0000
      vertex 5.0000 117.5000 3.0000
      vertex 5.0000 120.0000 3.0000
    endloop
  endfacet
  facet normal 0 0 1
    outer loop
      vertex 5.0000 117.5000 3.0000
      vertex 0.0000 120.0000 3.0000
      vertex 5.0000 102.5000 3.0000
    endloop
  endfacet
  facet normal 0 0 1
    outer loop
      vertex 0.0000 0.0000 3.0000
      vertex 5.0000 102.5000 3.0000
      vertex 0.0000 120.0000 3.0000
    endloop
  endfacet
  facet normal 0 0 1
    outer loop
      vertex 5.0000 102.5000 3.0000
      vertex 8.3000 110.0000 3.0000
      vertex 5.0000 117.5000 3.0000
    endloop
  endfacet
  facet normal 0 0 1
    outer loop
      vertex 8.3000 110.0000 3.0000
      vertex 5.0000 102.5000 3.0000
      vertex 6.5000 102.5000 3.0000
    endloop
  endfacet
  facet normal 0 0 1
    outer loop
      vertex 11.5530 109.3085 3.0000
      vertex 45.0000 120.0000 3.0000
      vertex 11.6629 109.6465 3.0000
    endloop
  endfacet
  facet normal 0 0 1
    outer loop
      vertex 45.0000 120.0000 3.0000
      vertex 11.6629 10.3530 3.0000
      vertex 11.7000 10.0000 3.0000
    endloop
  endfacet
  facet normal 0 0 1
    outer loop
      vertex 11.3753 109.0008 3.0000
      vertex 45.0000 120.0000 3.0000
      vertex 11.5530 109.3085 3.0000
    endloop
  endfacet
  facet normal 0 0 1
    outer loop
      vertex 45.0000 120.0000 3.0000
      vertex 11.5530 10.6910 3.0000
      vertex 11.6629 10.3530 3.0000
    endloop
  endfacet
  facet normal 0 0 1
    outer loop
      vertex 11.1375 108.7367 3.0000
      vertex 45.0000 120.0000 3.0000
      vertex 11.3753 109.0008 3.0000
    endloop
  endfacet
  facet normal 0 0 1
    outer loop
      vertex 45.0000 120.0000 3.0000
      vertex 11.3753 10.9990 3.0000
      vertex 11.5530 10.6910 3.0000
    endloop
  endfacet
  facet normal 0 0 1
    outer loop
      vertex 45.0000 120.0000 3.0000
      vertex 11.1375 108.7367 3.0000
      vertex 6.5000 102.5000 3.0000
    endloop
  endfacet
  facet normal 0 0 1
    outer loop
      vertex 6.5000 15.5000 3.0000
      vertex 45.0000 120.0000 3.0000
      vertex 6.5000 102.5000 3.0000
    endloop
  endfacet
  facet normal 0 0 1
    outer loop
      vertex 6.5000 102.5000 3.0000
      vertex 11.1375 108.7367 3.0000
      vertex 10.8500 108.5278 3.0000
    endloop
  endfacet
  facet normal 0 0 1
    outer loop
      vertex 45.0000 120.0000 3.0000
      vertex 11.1375 11.2630 3.0000
      vertex 11.3753 10.9990 3.0000
    endloop
  endfacet
  facet normal 0 0 1
    outer loop
      vertex 6.5000 102.5000 3.0000
      vertex 10.8500 108.5278 3.0000
      vertex 10.5253 108.3832 3.0000
    endloop
  endfacet
  facet normal 0 0 1
    outer loop
      vertex 45.0000 120.0000 3.0000
      vertex 6.5000 15.5000 3.0000
      vertex 11.1375 11.2630 3.0000
    endloop
  endfacet
  facet normal 0 0 1
    outer loop
      vertex 6.5000 102.5000 3.0000
      vertex 10.5253 108.3832 3.0000
      vertex 10.1777 108.3093 3.0000
    endloop
  endfacet
  facet normal 0 0 1
    outer loop
      vertex 11.1375 11.2630 3.0000
      vertex 6.5000 15.5000 3.0000
      vertex 10.8500 11.4720 3.0000
    endloop
  endfacet
  facet normal 0 0 1
    outer loop
      vertex 6.5000 102.5000 3.0000
      vertex 10.1777 108.3093 3.0000
      vertex 9.8223 108.3093 3.0000
    endloop
  endfacet
  facet normal 0 0 1
    outer loop
      vertex 10.8500 11.4720 3.0000
      vertex 6.5000 15.5000 3.0000
      vertex 10.5253 11.6170 3.0000
    endloop
  endfacet
  facet normal 0 0 1
    outer loop
      vertex 6.5000 102.5000 3.0000
      vertex 9.8223 108.3093 3.0000
      vertex 9.4747 108.3832 3.0000
    endloop
  endfacet
  facet normal 0 0 1
    outer loop
      vertex 10.5253 11.6170 3.0000
      vertex 6.5000 15.5000 3.0000
      vertex 10.1777 11.6910 3.0000
    endloop
  endfacet
  facet normal 0 0 1
    outer loop
      vertex 6.5000 102.5000 3.0000
      vertex 9.4747 108.3832 3.0000
      vertex 9.1500 108.5278 3.0000
    endloop
  endfacet
  facet normal 0 0 1
    outer loop
      vertex 10.1777 11.6910 3.0000
      vertex 6.5000 15.5000 3.0000
      vertex 9.8223 11.6910 3.0000
    endloop
  endfacet
  facet normal 0 0 1
    outer loop
      vertex 6.5000 102.5000 3.0000
      vertex 9.1500 108.5278 3.0000
      vertex 8.8625 108.7367 3.0000
    endloop
  endfacet
  facet normal 0 0 1
    outer loop
      vertex 9.8223 11.6910 3.0000
      vertex 6.5000 15.5000 3.0000
      vertex 9.4747 11.6170 3.0000
    endloop
  endfacet
  facet normal 0 0 1
    outer loop
      vertex 6.5000 102.5000 3.0000
      vertex 8.8625 108.7367 3.0000
      vertex 8.6247 109.0008 3.0000
    endloop
  endfacet
  facet normal 0 0 1
    outer loop
      vertex 9.4747 11.6170 3.0000
      vertex 6.5000 15.5000 3.0000
      vertex 9.1500 11.4720 3.0000
    endloop
  endfacet
  facet normal 0 0 1
    outer loop
      vertex 6.5000 102.5000 3.0000
      vertex 8.6247 109.0008 3.0000
      vertex 8.4470 109.3085 3.0000
    endloop
  endfacet
  facet normal 0 0 1
    outer loop
      vertex 9.1500 11.4720 3.0000
      vertex 6.5000 15.5000 3.0000
      vertex 8.8625 11.2630 3.0000
    endloop
  endfacet
  facet normal 0 0 1
    outer loop
      vertex 6.5000 102.5000 3.0000
      vertex 8.4470 109.3085 3.0000
      vertex 8.3371 109.6465 3.0000
    endloop
  endfacet
  facet normal 0 0 1
    outer loop
      vertex 8.8625 11.2630 3.0000
      vertex 6.5000 15.5000 3.0000
      vertex 8.6247 10.9990 3.0000
    endloop
  endfacet
  facet normal 0 0 1
    outer loop
      vertex 6.5000 102.5000 3.0000
      vertex 8.3371 109.6465 3.0000
      vertex 8.3000 110.0000 3.0000
    endloop
  endfacet
  facet normal 0 0 1
    outer loop
      vertex 8.6247 10.9990 3.0000
      vertex 6.5000 15.5000 3.0000
      vertex 8.4470 10.6910 3.0000
    endloop
  endfacet
  facet normal 0 0 1
    outer loop
      vertex 53.2000 126.5000 3.0000
      vertex 51.0000 121.0000 3.0000
      vertex 53.2000 122.2000 3.0000
    endloop
  endfacet
  facet normal 0 0 1
    outer loop
      vertex 51.0000 121.0000 3.0000
      vertex 45.0000 121.0000 3.0000
      vertex 51.0000 120.0000 3.0000
    endloop
  endfacet
  facet normal 0 0 1
    outer loop
      vertex 53.2000 126.5000 3.0000
      vertex 45.0000 121.0000 3.0000
      vertex 51.0000 121.0000 3.0000
    endloop
  endfacet
  facet normal -0 0 1
    outer loop
      vertex 42.8000 126.5000 3.0000
      vertex 45.0000 121.0000 3.0000
      vertex 53.2000 126.5000 3.0000
    endloop
  endfacet
  facet normal 0 0 1
    outer loop
      vertex 45.0000 121.0000 3.0000
      vertex 42.8000 126.5000 3.0000
      vertex 42.8000 122.2000 3.0000
    endloop
  endfacet
  facet normal 0 0 1
    outer loop
      vertex 101.2000 126.5000 3.0000
      vertex 99.0000 121.0000 3.0000
      vertex 101.2000 122.2000 3.0000
    endloop
  endfacet
  facet normal 0 0 1
    outer loop
      vertex 99.0000 121.0000 3.0000
      vertex 93.0000 121.0000 3.0000
      vertex 99.0000 120.0000 3.0000
    endloop
  endfacet
  facet normal 0 0 1
    outer loop
      vertex 101.2000 126.5000 3.0000
      vertex 93.0000 121.0000 3.0000
      vertex 99.0000 121.0000 3.0000
    endloop
  endfacet
  facet normal -0 0 1
    outer loop
      vertex 90.8000 126.5000 3.0000
      vertex 93.0000 121.0000 3.0000
      vertex 101.2000 126.5000 3.0000
    endloop
  endfacet
  facet normal 0 0 1
    outer loop
      vertex 93.0000 121.0000 3.0000
      vertex 90.8000 126.5000 3.0000
      vertex 90.8000 122.2000 3.0000
    endloop
  endfacet
  facet normal -0 0 1
    outer loop
      vertex 15.5000 5.0000 3.0000
      vertex 144.0000 0.0000 3.0000
      vertex 144.0000 5.0000 3.0000
    endloop
  endfacet
  facet normal -0 0 1
    outer loop
      vertex 11.6629 9.6470 3.0000
      vertex 15.5000 6.5000 3.0000
      vertex 11.7000 10.0000 3.0000
    endloop
  endfacet
  facet normal -0 0 1
    outer loop
      vertex 11.5530 9.3090 3.0000
      vertex 15.5000 6.5000 3.0000
      vertex 11.6629 9.6470 3.0000
    endloop
  endfacet
  facet normal -0 0 1
    outer loop
      vertex 11.3753 9.0010 3.0000
      vertex 15.5000 6.5000 3.0000
      vertex 11.5530 9.3090 3.0000
    endloop
  endfacet
  facet normal -0 0 1
    outer loop
      vertex 11.1375 8.7370 3.0000
      vertex 15.5000 6.5000 3.0000
      vertex 11.3753 9.0010 3.0000
    endloop
  endfacet
  facet normal -0 0 1
    outer loop
      vertex 10.8500 8.5280 3.0000
      vertex 15.5000 6.5000 3.0000
      vertex 11.1375 8.7370 3.0000
    endloop
  endfacet
  facet normal 0 0 1
    outer loop
      vertex 15.5000 6.5000 3.0000
      vertex 10.8500 8.5280 3.0000
      vertex 15.5000 5.0000 3.0000
    endloop
  endfacet
  facet normal -0 0 1
    outer loop
      vertex 10.5253 8.3830 3.0000
      vertex 15.5000 5.0000 3.0000
      vertex 10.8500 8.5280 3.0000
    endloop
  endfacet
  facet normal -0 0 1
    outer loop
      vertex 10.1777 8.3090 3.0000
      vertex 15.5000 5.0000 3.0000
      vertex 10.5253 8.3830 3.0000
    endloop
  endfacet
  facet normal -0 0 1
    outer loop
      vertex 9.8223 8.3090 3.0000
      vertex 15.5000 5.0000 3.0000
      vertex 10.1777 8.3090 3.0000
    endloop
  endfacet
  facet normal 0 0 1
    outer loop
      vertex 0.0000 0.0000 3.0000
      vertex 9.8223 8.3090 3.0000
      vertex 9.4747 8.3830 3.0000
    endloop
  endfacet
  facet normal 0 0 1
    outer loop
      vertex 0.0000 0.0000 3.0000
      vertex 9.4747 8.3830 3.0000
      vertex 9.1500 8.5280 3.0000
    endloop
  endfacet
  facet normal 0 0 1
    outer loop
      vertex 8.3371 110.3535 3.0000
      vertex 5.0000 117.5000 3.0000
      vertex 8.3000 110.0000 3.0000
    endloop
  endfacet
  facet normal -0 0 1
    outer loop
      vertex 5.0000 15.5000 3.0000
      vertex 8.4470 10.6910 3.0000
      vertex 6.5000 15.5000 3.0000
    endloop
  endfacet
  facet normal 0 0 1
    outer loop
      vertex 8.4470 10.6910 3.0000
      vertex 5.0000 15.5000 3.0000
      vertex 8.3371 10.3530 3.0000
    endloop
  endfacet
  facet normal 0 0 1
    outer loop
      vertex 8.3371 10.3530 3.0000
      vertex 5.0000 15.5000 3.0000
      vertex 8.3000 10.0000 3.0000
    endloop
  endfacet
  facet normal 0 0 1
    outer loop
      vertex 8.3000 10.0000 3.0000
      vertex 5.0000 15.5000 3.0000
      vertex 8.3371 9.6470 3.0000
    endloop
  endfacet
  facet normal 0 0 1
    outer loop
      vertex 0.0000 0.0000 3.0000
      vertex 8.3371 9.6470 3.0000
      vertex 5.0000 15.5000 3.0000
    endloop
  endfacet
  facet normal 0 0 1
    outer loop
      vertex 15.5000 5.0000 3.0000
      vertex 0.0000 0.0000 3.0000
      vertex 144.0000 0.0000 3.0000
    endloop
  endfacet
  facet normal 0 0 1
    outer loop
      vertex 9.8223 8.3090 3.0000
      vertex 0.0000 0.0000 3.0000
      vertex 15.5000 5.0000 3.0000
    endloop
  endfacet
  facet normal 0 0 1
    outer loop
      vertex 8.8625 8.7370 3.0000
      vertex 0.0000 0.0000 3.0000
      vertex 9.1500 8.5280 3.0000
    endloop
  endfacet
  facet normal 0 0 1
    outer loop
      vertex 8.6247 9.0010 3.0000
      vertex 0.0000 0.0000 3.0000
      vertex 8.8625 8.7370 3.0000
    endloop
  endfacet
  facet normal 0 0 1
    outer loop
      vertex 8.4470 9.3090 3.0000
      vertex 0.0000 0.0000 3.0000
      vertex 8.6247 9.0010 3.0000
    endloop
  endfacet
  facet normal 0 0 1
    outer loop
      vertex 8.3371 9.6470 3.0000
      vertex 0.0000 0.0000 3.0000
      vertex 8.4470 9.3090 3.0000
    endloop
  endfacet
  facet normal 0 0 1
    outer loop
      vertex 5.0000 102.5000 3.0000
      vertex 0.0000 0.0000 3.0000
      vertex 5.0000 15.5000 3.0000
    endloop
  endfacet
  facet normal -0 0 1
    outer loop
      vertex 99.0000 120.0000 3.0000
      vertex 144.0000 83.0000 3.0000
      vertex 144.0000 120.0000 3.0000
    endloop
  endfacet
  facet normal 0 0 1
    outer loop
      vertex 144.0000 83.0000 3.0000
      vertex 99.0000 120.0000 3.0000
      vertex 144.0000 77.0000 3.0000
    endloop
  endfacet
  facet normal -0 0 1
    outer loop
      vertex 93.0000 120.0000 3.0000
      vertex 144.0000 77.0000 3.0000
      vertex 99.0000 120.0000 3.0000
    endloop
  endfacet
  facet normal 0 0 1
    outer loop
      vertex 144.0000 77.0000 3.0000
      vertex 93.0000 120.0000 3.0000
      vertex 144.0000 43.0000 3.0000
    endloop
  endfacet
  facet normal 0 0 1
    outer loop
      vertex 144.0000 37.0000 3.0000
      vertex 143.9000 15.0000 3.0000
      vertex 144.0000 6.5000 3.0000
    endloop
  endfacet
  facet normal 0 0 1
    outer loop
      vertex 144.0000 37.0000 3.0000
      vertex 140.9000 15.0000 3.0000
      vertex 143.9000 15.0000 3.0000
    endloop
  endfacet
  facet normal 0 0 1
    outer loop
      vertex 144.0000 43.0000 3.0000
      vertex 15.5000 6.5000 3.0000
      vertex 144.0000 37.0000 3.0000
    endloop
  endfacet
  facet normal 0 0 1
    outer loop
      vertex 15.5000 6.5000 3.0000
      vertex 144.0000 43.0000 3.0000
      vertex 93.0000 120.0000 3.0000
    endloop
  endfacet
  facet normal 0 0 1
    outer loop
      vertex 145.0000 83.0000 3.0000
      vertex 150.5000 85.2000 3.0000
      vertex 146.2000 85.2000 3.0000
    endloop
  endfacet
  facet normal 0 0 1
    outer loop
      vertex 150.5000 85.2000 3.0000
      vertex 145.0000 83.0000 3.0000
      vertex 150.5000 74.8000 3.0000
    endloop
  endfacet
  facet normal -0 0 1
    outer loop
      vertex 145.0000 77.0000 3.0000
      vertex 150.5000 74.8000 3.0000
      vertex 145.0000 83.0000 3.0000
    endloop
  endfacet
  facet normal 0 0 1
    outer loop
      vertex 150.5000 74.8000 3.0000
      vertex 145.0000 77.0000 3.0000
      vertex 146.2000 74.8000 3.0000
    endloop
  endfacet
  facet normal -0 0 1
    outer loop
      vertex 144.0000 83.0000 3.0000
      vertex 145.0000 77.0000 3.0000
      vertex 145.0000 83.0000 3.0000
    endloop
  endfacet
  facet normal 0 0 1
    outer loop
      vertex 145.0000 77.0000 3.0000
      vertex 144.0000 83.0000 3.0000
      vertex 144.0000 77.0000 3.0000
    endloop
  endfacet
  facet normal 0 0 1
    outer loop
      vertex 145.0000 43.0000 3.0000
      vertex 150.5000 45.2000 3.0000
      vertex 146.2000 45.2000 3.0000
    endloop
  endfacet
  facet normal 0 0 1
    outer loop
      vertex 150.5000 45.2000 3.0000
      vertex 145.0000 43.0000 3.0000
      vertex 150.5000 34.8000 3.0000
    endloop
  endfacet
  facet normal -0 0 1
    outer loop
      vertex 145.0000 37.0000 3.0000
      vertex 150.5000 34.8000 3.0000
      vertex 145.0000 43.0000 3.0000
    endloop
  endfacet
  facet normal 0 0 1
    outer loop
      vertex 150.5000 34.8000 3.0000
      vertex 145.0000 37.0000 3.0000
      vertex 146.2000 34.8000 3.0000
    endloop
  endfacet
  facet normal -0 0 1
    outer loop
      vertex 144.0000 43.0000 3.0000
      vertex 145.0000 37.0000 3.0000
      vertex 145.0000 43.0000 3.0000
    endloop
  endfacet
  facet normal 0 0 1
    outer loop
      vertex 145.0000 37.0000 3.0000
      vertex 144.0000 43.0000 3.0000
      vertex 144.0000 37.0000 3.0000
    endloop
  endfacet
  facet normal -0 0 1
    outer loop
      vertex 143.9000 6.8000 3.0000
      vertex 144.0000 6.5000 3.0000
      vertex 143.9000 15.0000 3.0000
    endloop
  endfacet
  facet normal -0 0 1
    outer loop
      vertex 140.9000 6.8000 3.0000
      vertex 144.0000 6.5000 3.0000
      vertex 143.9000 6.8000 3.0000
    endloop
  endfacet
  facet normal 0 0 1
    outer loop
      vertex 93.0000 120.0000 3.0000
      vertex 99.0000 120.0000 3.0000
      vertex 93.0000 121.0000 3.0000
    endloop
  endfacet
  facet normal 0 0 1
    outer loop
      vertex 144.0000 37.0000 3.0000
      vertex 15.5000 6.5000 3.0000
      vertex 140.9000 15.0000 3.0000
    endloop
  endfacet
  facet normal 0 0 1
    outer loop
      vertex 15.5000 6.5000 3.0000
      vertex 93.0000 120.0000 3.0000
      vertex 51.0000 120.0000 3.0000
    endloop
  endfacet
  facet normal 0 0 1
    outer loop
      vertex 45.0000 120.0000 3.0000
      vertex 51.0000 120.0000 3.0000
      vertex 45.0000 121.0000 3.0000
    endloop
  endfacet
  facet normal 0 0 1
    outer loop
      vertex 11.7000 10.0000 3.0000
      vertex 51.0000 120.0000 3.0000
      vertex 45.0000 120.0000 3.0000
    endloop
  endfacet
  facet normal 0 0 1
    outer loop
      vertex 140.9000 6.8000 3.0000
      vertex 15.5000 6.5000 3.0000
      vertex 144.0000 6.5000 3.0000
    endloop
  endfacet
  facet normal 0 0 1
    outer loop
      vertex 140.9000 15.0000 3.0000
      vertex 15.5000 6.5000 3.0000
      vertex 140.9000 6.8000 3.0000
    endloop
  endfacet
  facet normal 0 0 1
    outer loop
      vertex 51.0000 120.0000 3.0000
      vertex 11.7000 10.0000 3.0000
      vertex 15.5000 6.5000 3.0000
    endloop
  endfacet
  facet normal 0 0 1
    outer loop
      vertex 11.6629 109.6465 3.0000
      vertex 45.0000 120.0000 3.0000
      vertex 11.7000 110.0000 3.0000
    endloop
  endfacet
  facet normal 0 0 1
    outer loop
      vertex 45.0000 120.0000 3.0000
      vertex 11.6629 110.3535 3.0000
      vertex 11.7000 110.0000 3.0000
    endloop
  endfacet
  facet normal 0 0 1
    outer loop
      vertex 45.0000 120.0000 3.0000
      vertex 11.5530 110.6915 3.0000
      vertex 11.6629 110.3535 3.0000
    endloop
  endfacet
  facet normal 0 0 1
    outer loop
      vertex 45.0000 120.0000 3.0000
      vertex 11.3753 110.9992 3.0000
      vertex 11.5530 110.6915 3.0000
    endloop
  endfacet
  facet normal 0 0 1
    outer loop
      vertex 45.0000 120.0000 3.0000
      vertex 11.1375 111.2633 3.0000
      vertex 11.3753 110.9992 3.0000
    endloop
  endfacet
  facet normal -0 0 1
    outer loop
      vertex 6.5000 120.0000 3.0000
      vertex 11.1375 111.2633 3.0000
      vertex 45.0000 120.0000 3.0000
    endloop
  endfacet
  facet normal 0 0 1
    outer loop
      vertex 11.1375 111.2633 3.0000
      vertex 6.5000 120.0000 3.0000
      vertex 10.8500 111.4722 3.0000
    endloop
  endfacet
  facet normal -0 0 1
    outer loop
      vertex 6.5000 117.5000 3.0000
      vertex 10.8500 111.4722 3.0000
      vertex 6.5000 120.0000 3.0000
    endloop
  endfacet
  facet normal 0 0 1
    outer loop
      vertex 10.8500 111.4722 3.0000
      vertex 6.5000 117.5000 3.0000
      vertex 10.5253 111.6168 3.0000
    endloop
  endfacet
  facet normal 0 0 1
    outer loop
      vertex 10.5253 111.6168 3.0000
      vertex 6.5000 117.5000 3.0000
      vertex 10.1777 111.6907 3.0000
    endloop
  endfacet
  facet normal 0 0 1
    outer loop
      vertex 8.4470 110.6915 3.0000
      vertex 5.0000 117.5000 3.0000
      vertex 8.3371 110.3535 3.0000
    endloop
  endfacet
  facet normal 0 0 1
    outer loop
      vertex 8.6247 110.9992 3.0000
      vertex 5.0000 117.5000 3.0000
      vertex 8.4470 110.6915 3.0000
    endloop
  endfacet
  facet normal -0 0 1
    outer loop
      vertex 5.0000 117.5000 3.0000
      vertex 8.6247 110.9992 3.0000
      vertex 6.5000 117.5000 3.0000
    endloop
  endfacet
  facet normal 0 0 1
    outer loop
      vertex 8.8625 111.2633 3.0000
      vertex 6.5000 117.5000 3.0000
      vertex 8.6247 110.9992 3.0000
    endloop
  endfacet
  facet normal 0 0 1
    outer loop
      vertex 9.1500 111.4722 3.0000
      vertex 6.5000 117.5000 3.0000
      vertex 8.8625 111.2633 3.0000
    endloop
  endfacet
  facet normal 0 0 1
    outer loop
      vertex 9.4747 111.6168 3.0000
      vertex 6.5000 117.5000 3.0000
      vertex 9.1500 111.4722 3.0000
    endloop
  endfacet
  facet normal 0 0 1
    outer loop
      vertex 9.8223 111.6907 3.0000
      vertex 6.5000 117.5000 3.0000
      vertex 9.4747 111.6168 3.0000
    endloop
  endfacet
  facet normal 0 0 1
    outer loop
      vertex 10.1777 111.6907 3.0000
      vertex 6.5000 117.5000 3.0000
      vertex 9.8223 111.6907 3.0000
    endloop
  endfacet
  facet normal -1 0 0
    outer loop
      vertex 0.0000 0.0000 0.0000
      vertex 0.0000 120.0000 3.0000
      vertex 0.0000 120.0000 0.0000
    endloop
  endfacet
  facet normal -1 -0 0
    outer loop
      vertex 0.0000 120.0000 3.0000
      vertex 0.0000 0.0000 0.0000
      vertex 0.0000 0.0000 3.0000
    endloop
  endfacet
  facet normal 0 -1 0
    outer loop
      vertex 0.0000 0.0000 0.0000
      vertex 144.0000 0.0000 3.0000
      vertex 0.0000 0.0000 3.0000
    endloop
  endfacet
  facet normal 0 -1 -0
    outer loop
      vertex 144.0000 0.0000 3.0000
      vertex 0.0000 0.0000 0.0000
      vertex 144.0000 0.0000 0.0000
    endloop
  endfacet
  facet normal 1 -0 0
    outer loop
      vertex 6.5000 15.5000 7.0000
      vertex 6.5000 102.5000 3.0000
      vertex 6.5000 102.5000 7.0000
    endloop
  endfacet
  facet normal 1 0 0
    outer loop
      vertex 6.5000 102.5000 3.0000
      vertex 6.5000 15.5000 7.0000
      vertex 6.5000 15.5000 3.0000
    endloop
  endfacet
  facet normal -0 0 1
    outer loop
      vertex 5.0000 102.5000 7.0000
      vertex 6.5000 15.5000 7.0000
      vertex 6.5000 102.5000 7.0000
    endloop
  endfacet
  facet normal 0 0 1
    outer loop
      vertex 6.5000 15.5000 7.0000
      vertex 5.0000 102.5000 7.0000
      vertex 5.0000 15.5000 7.0000
    endloop
  endfacet
  facet normal -1 0 0
    outer loop
      vertex 5.0000 15.5000 3.0000
      vertex 5.0000 102.5000 7.0000
      vertex 5.0000 102.5000 3.0000
    endloop
  endfacet
  facet normal -1 -0 0
    outer loop
      vertex 5.0000 102.5000 7.0000
      vertex 5.0000 15.5000 3.0000
      vertex 5.0000 15.5000 7.0000
    endloop
  endfacet
  facet normal 0 1 -0
    outer loop
      vertex 6.5000 102.5000 3.0000
      vertex 5.0000 102.5000 7.0000
      vertex 6.5000 102.5000 7.0000
    endloop
  endfacet
  facet normal 0 1 0
    outer loop
      vertex 5.0000 102.5000 7.0000
      vertex 6.5000 102.5000 3.0000
      vertex 5.0000 102.5000 3.0000
    endloop
  endfacet
  facet normal 0 -1 0
    outer loop
      vertex 5.0000 15.5000 3.0000
      vertex 6.5000 15.5000 7.0000
      vertex 5.0000 15.5000 7.0000
    endloop
  endfacet
  facet normal 0 -1 -0
    outer loop
      vertex 6.5000 15.5000 7.0000
      vertex 5.0000 15.5000 3.0000
      vertex 6.5000 15.5000 3.0000
    endloop
  endfacet
  facet normal 1 -0 0
    outer loop
      vertex 6.5000 117.5000 7.0000
      vertex 6.5000 120.0000 3.0000
      vertex 6.5000 120.0000 7.0000
    endloop
  endfacet
  facet normal 1 0 0
    outer loop
      vertex 6.5000 120.0000 3.0000
      vertex 6.5000 117.5000 7.0000
      vertex 6.5000 117.5000 3.0000
    endloop
  endfacet
  facet normal -0 0 1
    outer loop
      vertex 5.0000 120.0000 7.0000
      vertex 6.5000 117.5000 7.0000
      vertex 6.5000 120.0000 7.0000
    endloop
  endfacet
  facet normal 0 0 1
    outer loop
      vertex 6.5000 117.5000 7.0000
      vertex 5.0000 120.0000 7.0000
      vertex 5.0000 117.5000 7.0000
    endloop
  endfacet
  facet normal -1 0 0
    outer loop
      vertex 5.0000 117.5000 3.0000
      vertex 5.0000 120.0000 7.0000
      vertex 5.0000 120.0000 3.0000
    endloop
  endfacet
  facet normal -1 -0 0
    outer loop
      vertex 5.0000 120.0000 7.0000
      vertex 5.0000 117.5000 3.0000
      vertex 5.0000 117.5000 7.0000
    endloop
  endfacet
  facet normal 0 -1 0
    outer loop
      vertex 5.0000 117.5000 3.0000
      vertex 6.5000 117.5000 7.0000
      vertex 5.0000 117.5000 7.0000
    endloop
  endfacet
  facet normal 0 -1 -0
    outer loop
      vertex 6.5000 117.5000 7.0000
      vertex 5.0000 117.5000 3.0000
      vertex 6.5000 117.5000 3.0000
    endloop
  endfacet
  facet normal -0 0 1
    outer loop
      vertex 15.5000 6.5000 7.0000
      vertex 144.0000 5.0000 7.0000
      vertex 144.0000 6.5000 7.0000
    endloop
  endfacet
  facet normal 0 0 1
    outer loop
      vertex 144.0000 5.0000 7.0000
      vertex 15.5000 6.5000 7.0000
      vertex 15.5000 5.0000 7.0000
    endloop
  endfacet
  facet normal -1 0 0
    outer loop
      vertex 15.5000 5.0000 3.0000
      vertex 15.5000 6.5000 7.0000
      vertex 15.5000 6.5000 3.0000
    endloop
  endfacet
  facet normal -1 -0 0
    outer loop
      vertex 15.5000 6.5000 7.0000
      vertex 15.5000 5.0000 3.0000
      vertex 15.5000 5.0000 7.0000
    endloop
  endfacet
  facet normal 0 1 -0
    outer loop
      vertex 144.0000 6.5000 3.0000
      vertex 15.5000 6.5000 7.0000
      vertex 144.0000 6.5000 7.0000
    endloop
  endfacet
  facet normal 0 1 0
    outer loop
      vertex 15.5000 6.5000 7.0000
      vertex 144.0000 6.5000 3.0000
      vertex 15.5000 6.5000 3.0000
    endloop
  endfacet
  facet normal 0 -1 0
    outer loop
      vertex 15.5000 5.0000 3.0000
      vertex 144.0000 5.0000 7.0000
      vertex 15.5000 5.0000 7.0000
    endloop
  endfacet
  facet normal 0 -1 -0
    outer loop
      vertex 144.0000 5.0000 7.0000
      vertex 15.5000 5.0000 3.0000
      vertex 144.0000 5.0000 3.0000
    endloop
  endfacet
  facet normal 0 1 -0
    outer loop
      vertex 143.9000 15.0000 3.0000
      vertex 140.9000 15.0000 16.0000
      vertex 143.9000 15.0000 16.0000
    endloop
  endfacet
  facet normal 0 1 0
    outer loop
      vertex 140.9000 15.0000 16.0000
      vertex 143.9000 15.0000 3.0000
      vertex 140.9000 15.0000 3.0000
    endloop
  endfacet
  facet normal -0 0 1
    outer loop
      vertex 140.9000 15.0000 16.0000
      vertex 143.9000 6.8000 16.0000
      vertex 143.9000 15.0000 16.0000
    endloop
  endfacet
  facet normal 0 0 1
    outer loop
      vertex 143.9000 6.8000 16.0000
      vertex 140.9000 15.0000 16.0000
      vertex 140.9000 6.8000 16.0000
    endloop
  endfacet
  facet normal 0 -1 0
    outer loop
      vertex 140.9000 6.8000 3.0000
      vertex 143.9000 6.8000 16.0000
      vertex 140.9000 6.8000 16.0000
    endloop
  endfacet
  facet normal 0 -1 -0
    outer loop
      vertex 143.9000 6.8000 16.0000
      vertex 140.9000 6.8000 3.0000
      vertex 143.9000 6.8000 3.0000
    endloop
  endfacet
  facet normal -1 0 0
    outer loop
      vertex 140.9000 12.5630 10.6466
      vertex 140.9000 15.0000 16.0000
      vertex 140.9000 15.0000 3.0000
    endloop
  endfacet
  facet normal -1 0 0
    outer loop
      vertex 140.9000 15.0000 16.0000
      vertex 140.9000 12.5630 10.6466
      vertex 140.9000 12.6000 11.0000
    endloop
  endfacet
  facet normal -1 0 0
    outer loop
      vertex 140.9000 15.0000 3.0000
      vertex 140.9000 12.4530 10.3085
      vertex 140.9000 12.5630 10.6466
    endloop
  endfacet
  facet normal -1 0 0
    outer loop
      vertex 140.9000 15.0000 3.0000
      vertex 140.9000 12.2750 10.0008
      vertex 140.9000 12.4530 10.3085
    endloop
  endfacet
  facet normal -1 0 0
    outer loop
      vertex 140.9000 15.0000 3.0000
      vertex 140.9000 12.0380 9.7366
      vertex 140.9000 12.2750 10.0008
    endloop
  endfacet
  facet normal -1 0 0
    outer loop
      vertex 140.9000 15.0000 3.0000
      vertex 140.9000 11.7500 9.5278
      vertex 140.9000 12.0380 9.7366
    endloop
  endfacet
  facet normal -1 0 0
    outer loop
      vertex 140.9000 15.0000 3.0000
      vertex 140.9000 11.4250 9.3832
      vertex 140.9000 11.7500 9.5278
    endloop
  endfacet
  facet normal -1 0 0
    outer loop
      vertex 140.9000 15.0000 3.0000
      vertex 140.9000 11.0780 9.3093
      vertex 140.9000 11.4250 9.3832
    endloop
  endfacet
  facet normal -1 0 0
    outer loop
      vertex 140.9000 15.0000 3.0000
      vertex 140.9000 10.7220 9.3093
      vertex 140.9000 11.0780 9.3093
    endloop
  endfacet
  facet normal -1 0 0
    outer loop
      vertex 140.9000 6.8000 3.0000
      vertex 140.9000 10.7220 9.3093
      vertex 140.9000 15.0000 3.0000
    endloop
  endfacet
  facet normal -1 -0 0
    outer loop
      vertex 140.9000 10.7220 9.3093
      vertex 140.9000 6.8000 3.0000
      vertex 140.9000 10.3750 9.3832
    endloop
  endfacet
  facet normal -1 -0 0
    outer loop
      vertex 140.9000 10.3750 9.3832
      vertex 140.9000 6.8000 3.0000
      vertex 140.9000 10.0500 9.5278
    endloop
  endfacet
  facet normal -1 -0 0
    outer loop
      vertex 140.9000 10.0500 9.5278
      vertex 140.9000 6.8000 3.0000
      vertex 140.9000 9.7620 9.7366
    endloop
  endfacet
  facet normal -1 0 0
    outer loop
      vertex 140.9000 6.8000 16.0000
      vertex 140.9000 9.2370 10.6466
      vertex 140.9000 6.8000 3.0000
    endloop
  endfacet
  facet normal -1 -0 0
    outer loop
      vertex 140.9000 9.3470 10.3085
      vertex 140.9000 6.8000 3.0000
      vertex 140.9000 9.2370 10.6466
    endloop
  endfacet
  facet normal -1 -0 0
    outer loop
      vertex 140.9000 9.5250 10.0008
      vertex 140.9000 6.8000 3.0000
      vertex 140.9000 9.3470 10.3085
    endloop
  endfacet
  facet normal -1 -0 0
    outer loop
      vertex 140.9000 9.7620 9.7366
      vertex 140.9000 6.8000 3.0000
      vertex 140.9000 9.5250 10.0008
    endloop
  endfacet
  facet normal -1 0 0
    outer loop
      vertex 140.9000 12.5630 11.3534
      vertex 140.9000 15.0000 16.0000
      vertex 140.9000 12.6000 11.0000
    endloop
  endfacet
  facet normal -1 0 0
    outer loop
      vertex 140.9000 12.4530 11.6915
      vertex 140.9000 15.0000 16.0000
      vertex 140.9000 12.5630 11.3534
    endloop
  endfacet
  facet normal -1 0 0
    outer loop
      vertex 140.9000 12.2750 11.9992
      vertex 140.9000 15.0000 16.0000
      vertex 140.9000 12.4530 11.6915
    endloop
  endfacet
  facet normal -1 0 0
    outer loop
      vertex 140.9000 12.0380 12.2633
      vertex 140.9000 15.0000 16.0000
      vertex 140.9000 12.2750 11.9992
    endloop
  endfacet
  facet normal -1 0 0
    outer loop
      vertex 140.9000 11.7500 12.4722
      vertex 140.9000 15.0000 16.0000
      vertex 140.9000 12.0380 12.2633
    endloop
  endfacet
  facet normal -1 0 0
    outer loop
      vertex 140.9000 11.4250 12.6168
      vertex 140.9000 15.0000 16.0000
      vertex 140.9000 11.7500 12.4722
    endloop
  endfacet
  facet normal -1 0 0
    outer loop
      vertex 140.9000 11.0780 12.6907
      vertex 140.9000 15.0000 16.0000
      vertex 140.9000 11.4250 12.6168
    endloop
  endfacet
  facet normal -1 0 0
    outer loop
      vertex 140.9000 10.7220 12.6907
      vertex 140.9000 15.0000 16.0000
      vertex 140.9000 11.0780 12.6907
    endloop
  endfacet
  facet normal -1 0 0
    outer loop
      vertex 140.9000 6.8000 16.0000
      vertex 140.9000 10.7220 12.6907
      vertex 140.9000 10.3750 12.6168
    endloop
  endfacet
  facet normal -1 0 0
    outer loop
      vertex 140.9000 6.8000 16.0000
      vertex 140.9000 10.3750 12.6168
      vertex 140.9000 10.0500 12.4722
    endloop
  endfacet
  facet normal -1 0 0
    outer loop
      vertex 140.9000 9.2370 10.6466
      vertex 140.9000 6.8000 16.0000
      vertex 140.9000 9.2000 11.0000
    endloop
  endfacet
  facet normal -1 0 0
    outer loop
      vertex 140.9000 10.7220 12.6907
      vertex 140.9000 6.8000 16.0000
      vertex 140.9000 15.0000 16.0000
    endloop
  endfacet
  facet normal -1 0 0
    outer loop
      vertex 140.9000 9.7620 12.2633
      vertex 140.9000 6.8000 16.0000
      vertex 140.9000 10.0500 12.4722
    endloop
  endfacet
  facet normal -1 0 0
    outer loop
      vertex 140.9000 9.5250 11.9992
      vertex 140.9000 6.8000 16.0000
      vertex 140.9000 9.7620 12.2633
    endloop
  endfacet
  facet normal -1 0 0
    outer loop
      vertex 140.9000 9.3470 11.6915
      vertex 140.9000 6.8000 16.0000
      vertex 140.9000 9.5250 11.9992
    endloop
  endfacet
  facet normal -1 0 0
    outer loop
      vertex 140.9000 9.2370 11.3534
      vertex 140.9000 6.8000 16.0000
      vertex 140.9000 9.3470 11.6915
    endloop
  endfacet
  facet normal -1 0 0
    outer loop
      vertex 140.9000 9.2000 11.0000
      vertex 140.9000 6.8000 16.0000
      vertex 140.9000 9.2370 11.3534
    endloop
  endfacet
  facet normal 1 0 0
    outer loop
      vertex 143.9000 12.5630 10.6466
      vertex 143.9000 15.0000 16.0000
      vertex 143.9000 12.6000 11.0000
    endloop
  endfacet
  facet normal 1 0 0
    outer loop
      vertex 143.9000 15.0000 16.0000
      vertex 143.9000 12.5630 11.3534
      vertex 143.9000 12.6000 11.0000
    endloop
  endfacet
  facet normal 1 0 0
    outer loop
      vertex 143.9000 15.0000 16.0000
      vertex 143.9000 12.4530 11.6915
      vertex 143.9000 12.5630 11.3534
    endloop
  endfacet
  facet normal 1 0 0
    outer loop
      vertex 143.9000 15.0000 16.0000
      vertex 143.9000 12.2750 11.9992
      vertex 143.9000 12.4530 11.6915
    endloop
  endfacet
  facet normal 1 0 0
    outer loop
      vertex 143.9000 15.0000 16.0000
      vertex 143.9000 12.0380 12.2633
      vertex 143.9000 12.2750 11.9992
    endloop
  endfacet
  facet normal 1 0 0
    outer loop
      vertex 143.9000 15.0000 16.0000
      vertex 143.9000 11.7500 12.4722
      vertex 143.9000 12.0380 12.2633
    endloop
  endfacet
  facet normal 1 0 0
    outer loop
      vertex 143.9000 15.0000 16.0000
      vertex 143.9000 11.4250 12.6168
      vertex 143.9000 11.7500 12.4722
    endloop
  endfacet
  facet normal 1 0 0
    outer loop
      vertex 143.9000 15.0000 16.0000
      vertex 143.9000 11.0780 12.6907
      vertex 143.9000 11.4250 12.6168
    endloop
  endfacet
  facet normal 1 0 0
    outer loop
      vertex 143.9000 15.0000 16.0000
      vertex 143.9000 10.7220 12.6907
      vertex 143.9000 11.0780 12.6907
    endloop
  endfacet
  facet normal 1 -0 0
    outer loop
      vertex 143.9000 6.8000 16.0000
      vertex 143.9000 10.7220 12.6907
      vertex 143.9000 15.0000 16.0000
    endloop
  endfacet
  facet normal 1 0 0
    outer loop
      vertex 143.9000 10.7220 12.6907
      vertex 143.9000 6.8000 16.0000
      vertex 143.9000 10.3750 12.6168
    endloop
  endfacet
  facet normal 1 0 0
    outer loop
      vertex 143.9000 9.2370 11.3534
      vertex 143.9000 6.8000 16.0000
      vertex 143.9000 9.2000 11.0000
    endloop
  endfacet
  facet normal 1 0 0
    outer loop
      vertex 143.9000 9.3470 11.6915
      vertex 143.9000 6.8000 16.0000
      vertex 143.9000 9.2370 11.3534
    endloop
  endfacet
  facet normal 1 0 0
    outer loop
      vertex 143.9000 9.5250 11.9992
      vertex 143.9000 6.8000 16.0000
      vertex 143.9000 9.3470 11.6915
    endloop
  endfacet
  facet normal 1 0 0
    outer loop
      vertex 143.9000 9.7620 12.2633
      vertex 143.9000 6.8000 16.0000
      vertex 143.9000 9.5250 11.9992
    endloop
  endfacet
  facet normal 1 0 0
    outer loop
      vertex 143.9000 10.0500 12.4722
      vertex 143.9000 6.8000 16.0000
      vertex 143.9000 9.7620 12.2633
    endloop
  endfacet
  facet normal 1 0 0
    outer loop
      vertex 143.9000 10.3750 12.6168
      vertex 143.9000 6.8000 16.0000
      vertex 143.9000 10.0500 12.4722
    endloop
  endfacet
  facet normal 1 0 0
    outer loop
      vertex 143.9000 15.0000 16.0000
      vertex 143.9000 12.5630 10.6466
      vertex 143.9000 15.0000 3.0000
    endloop
  endfacet
  facet normal 1 -0 0
    outer loop
      vertex 143.9000 12.4530 10.3085
      vertex 143.9000 15.0000 3.0000
      vertex 143.9000 12.5630 10.6466
    endloop
  endfacet
  facet normal 1 -0 0
    outer loop
      vertex 143.9000 12.2750 10.0008
      vertex 143.9000 15.0000 3.0000
      vertex 143.9000 12.4530 10.3085
    endloop
  endfacet
  facet normal 1 -0 0
    outer loop
      vertex 143.9000 12.0380 9.7366
      vertex 143.9000 15.0000 3.0000
      vertex 143.9000 12.2750 10.0008
    endloop
  endfacet
  facet normal 1 -0 0
    outer loop
      vertex 143.9000 11.7500 9.5278
      vertex 143.9000 15.0000 3.0000
      vertex 143.9000 12.0380 9.7366
    endloop
  endfacet
  facet normal 1 -0 0
    outer loop
      vertex 143.9000 11.4250 9.3832
      vertex 143.9000 15.0000 3.0000
      vertex 143.9000 11.7500 9.5278
    endloop
  endfacet
  facet normal 1 -0 0
    outer loop
      vertex 143.9000 11.0780 9.3093
      vertex 143.9000 15.0000 3.0000
      vertex 143.9000 11.4250 9.3832
    endloop
  endfacet
  facet normal 1 -0 0
    outer loop
      vertex 143.9000 10.7220 9.3093
      vertex 143.9000 15.0000 3.0000
      vertex 143.9000 11.0780 9.3093
    endloop
  endfacet
  facet normal 1 0 0
    outer loop
      vertex 143.9000 6.8000 3.0000
      vertex 143.9000 10.7220 9.3093
      vertex 143.9000 10.3750 9.3832
    endloop
  endfacet
  facet normal 1 0 0
    outer loop
      vertex 143.9000 6.8000 3.0000
      vertex 143.9000 10.3750 9.3832
      vertex 143.9000 10.0500 9.5278
    endloop
  endfacet
  facet normal 1 0 0
    outer loop
      vertex 143.9000 6.8000 3.0000
      vertex 143.9000 10.0500 9.5278
      vertex 143.9000 9.7620 9.7366
    endloop
  endfacet
  facet normal 1 0 0
    outer loop
      vertex 143.9000 6.8000 3.0000
      vertex 143.9000 9.7620 9.7366
      vertex 143.9000 9.5250 10.0008
    endloop
  endfacet
  facet normal 1 0 0
    outer loop
      vertex 143.9000 6.8000 16.0000
      vertex 143.9000 9.2370 10.6466
      vertex 143.9000 9.2000 11.0000
    endloop
  endfacet
  facet normal 1 0 0
    outer loop
      vertex 143.9000 6.8000 3.0000
      vertex 143.9000 9.2370 10.6466
      vertex 143.9000 6.8000 16.0000
    endloop
  endfacet
  facet normal 1 0 0
    outer loop
      vertex 143.9000 10.7220 9.3093
      vertex 143.9000 6.8000 3.0000
      vertex 143.9000 15.0000 3.0000
    endloop
  endfacet
  facet normal 1 0 0
    outer loop
      vertex 143.9000 9.3470 10.3085
      vertex 143.9000 6.8000 3.0000
      vertex 143.9000 9.5250 10.0008
    endloop
  endfacet
  facet normal 1 0 0
    outer loop
      vertex 143.9000 9.2370 10.6466
      vertex 143.9000 6.8000 3.0000
      vertex 143.9000 9.3470 10.3085
    endloop
  endfacet
  facet normal -5.83901e-19 0.994564 0.104128
    outer loop
      vertex 143.9000 9.2370 10.6466
      vertex 140.9000 9.2000 11.0000
      vertex 143.9000 9.2000 11.0000
    endloop
  endfacet
  facet normal -5.83901e-19 0.994564 0.104128
    outer loop
      vertex 140.9000 9.2000 11.0000
      vertex 143.9000 9.2370 10.6466
      vertex 140.9000 9.2370 10.6466
    endloop
  endfacet
  facet normal -4.81714e-19 -0.950937 -0.309385
    outer loop
      vertex 140.9000 12.5630 11.3534
      vertex 143.9000 12.4530 11.6915
      vertex 140.9000 12.4530 11.6915
    endloop
  endfacet
  facet normal -4.81714e-19 -0.950937 -0.309385
    outer loop
      vertex 143.9000 12.4530 11.6915
      vertex 140.9000 12.5630 11.3534
      vertex 143.9000 12.5630 11.3534
    endloop
  endfacet
  facet normal -5.83901e-19 -0.994564 -0.104128
    outer loop
      vertex 140.9000 12.6000 11.0000
      vertex 143.9000 12.5630 11.3534
      vertex 140.9000 12.5630 11.3534
    endloop
  endfacet
  facet normal -5.83901e-19 -0.994564 -0.104128
    outer loop
      vertex 143.9000 12.5630 11.3534
      vertex 140.9000 12.6000 11.0000
      vertex 143.9000 12.6000 11.0000
    endloop
  endfacet
  facet normal -1.24562e-18 -0.8656 -0.500737
    outer loop
      vertex 140.9000 12.4530 11.6915
      vertex 143.9000 12.2750 11.9992
      vertex 140.9000 12.2750 11.9992
    endloop
  endfacet
  facet normal -1.24562e-18 -0.8656 -0.500737
    outer loop
      vertex 143.9000 12.2750 11.9992
      vertex 140.9000 12.4530 11.6915
      vertex 143.9000 12.4530 11.6915
    endloop
  endfacet
  facet normal -1.24562e-18 0.8656 0.500737
    outer loop
      vertex 143.9000 9.5250 10.0008
      vertex 140.9000 9.3470 10.3085
      vertex 143.9000 9.3470 10.3085
    endloop
  endfacet
  facet normal -1.24562e-18 0.8656 0.500737
    outer loop
      vertex 140.9000 9.3470 10.3085
      vertex 143.9000 9.5250 10.0008
      vertex 140.9000 9.5250 10.0008
    endloop
  endfacet
  facet normal 0 -0.208297 -0.978066
    outer loop
      vertex 140.9000 11.0780 12.6907
      vertex 143.9000 11.4250 12.6168
      vertex 143.9000 11.0780 12.6907
    endloop
  endfacet
  facet normal -0 -0.208297 -0.978066
    outer loop
      vertex 143.9000 11.4250 12.6168
      vertex 140.9000 11.0780 12.6907
      vertex 140.9000 11.4250 12.6168
    endloop
  endfacet
  facet normal 5.83901e-19 0.994564 -0.104128
    outer loop
      vertex 143.9000 9.2000 11.0000
      vertex 140.9000 9.2370 11.3534
      vertex 143.9000 9.2370 11.3534
    endloop
  endfacet
  facet normal 5.83901e-19 0.994564 -0.104128
    outer loop
      vertex 140.9000 9.2370 11.3534
      vertex 143.9000 9.2000 11.0000
      vertex 140.9000 9.2000 11.0000
    endloop
  endfacet
  facet normal 0 -0.406504 -0.913649
    outer loop
      vertex 140.9000 11.4250 12.6168
      vertex 143.9000 11.7500 12.4722
      vertex 143.9000 11.4250 12.6168
    endloop
  endfacet
  facet normal -0 -0.406504 -0.913649
    outer loop
      vertex 143.9000 11.7500 12.4722
      vertex 140.9000 11.4250 12.6168
      vertex 140.9000 11.7500 12.4722
    endloop
  endfacet
  facet normal -0 0.40641 0.913691
    outer loop
      vertex 140.9000 10.3750 9.3832
      vertex 143.9000 10.0500 9.5278
      vertex 143.9000 10.3750 9.3832
    endloop
  endfacet
  facet normal 0 0.40641 0.913691
    outer loop
      vertex 143.9000 10.0500 9.5278
      vertex 140.9000 10.3750 9.3832
      vertex 140.9000 10.0500 9.5278
    endloop
  endfacet
  facet normal 5.83901e-19 -0.994564 0.104128
    outer loop
      vertex 140.9000 12.5630 10.6466
      vertex 143.9000 12.6000 11.0000
      vertex 140.9000 12.6000 11.0000
    endloop
  endfacet
  facet normal 5.83901e-19 -0.994564 0.104128
    outer loop
      vertex 143.9000 12.6000 11.0000
      vertex 140.9000 12.5630 10.6466
      vertex 143.9000 12.5630 10.6466
    endloop
  endfacet
  facet normal -1.30124e-18 0.744323 0.66782
    outer loop
      vertex 143.9000 9.7620 9.7366
      vertex 140.9000 9.5250 10.0008
      vertex 143.9000 9.5250 10.0008
    endloop
  endfacet
  facet normal -1.30124e-18 0.744323 0.66782
    outer loop
      vertex 140.9000 9.5250 10.0008
      vertex 143.9000 9.7620 9.7366
      vertex 140.9000 9.7620 9.7366
    endloop
  endfacet
  facet normal 1.30124e-18 -0.744323 0.66782
    outer loop
      vertex 140.9000 12.0380 9.7366
      vertex 143.9000 12.2750 10.0008
      vertex 140.9000 12.2750 10.0008
    endloop
  endfacet
  facet normal 1.30124e-18 -0.744323 0.66782
    outer loop
      vertex 143.9000 12.2750 10.0008
      vertex 140.9000 12.0380 9.7366
      vertex 143.9000 12.0380 9.7366
    endloop
  endfacet
  facet normal 0 0.208297 -0.978066
    outer loop
      vertex 140.9000 10.3750 12.6168
      vertex 143.9000 10.7220 12.6907
      vertex 143.9000 10.3750 12.6168
    endloop
  endfacet
  facet normal 0 0.208297 -0.978066
    outer loop
      vertex 143.9000 10.7220 12.6907
      vertex 140.9000 10.3750 12.6168
      vertex 140.9000 10.7220 12.6907
    endloop
  endfacet
  facet normal 4.25856e-18 0.74426 -0.66789
    outer loop
      vertex 143.9000 9.5250 11.9992
      vertex 140.9000 9.7620 12.2633
      vertex 143.9000 9.7620 12.2633
    endloop
  endfacet
  facet normal 4.25856e-18 0.74426 -0.66789
    outer loop
      vertex 140.9000 9.7620 12.2633
      vertex 143.9000 9.5250 11.9992
      vertex 140.9000 9.5250 11.9992
    endloop
  endfacet
  facet normal -4.25856e-18 -0.74426 -0.66789
    outer loop
      vertex 140.9000 12.2750 11.9992
      vertex 143.9000 12.0380 12.2633
      vertex 140.9000 12.0380 12.2633
    endloop
  endfacet
  facet normal -4.25856e-18 -0.74426 -0.66789
    outer loop
      vertex 143.9000 12.0380 12.2633
      vertex 140.9000 12.2750 11.9992
      vertex 143.9000 12.2750 11.9992
    endloop
  endfacet
  facet normal 4.81714e-19 -0.950937 0.309385
    outer loop
      vertex 140.9000 12.4530 10.3085
      vertex 143.9000 12.5630 10.6466
      vertex 140.9000 12.5630 10.6466
    endloop
  endfacet
  facet normal 4.81714e-19 -0.950937 0.309385
    outer loop
      vertex 143.9000 12.5630 10.6466
      vertex 140.9000 12.4530 10.3085
      vertex 143.9000 12.4530 10.3085
    endloop
  endfacet
  facet normal 0 0.406504 -0.913649
    outer loop
      vertex 140.9000 10.0500 12.4722
      vertex 143.9000 10.3750 12.6168
      vertex 143.9000 10.0500 12.4722
    endloop
  endfacet
  facet normal 0 0.406504 -0.913649
    outer loop
      vertex 143.9000 10.3750 12.6168
      vertex 140.9000 10.0500 12.4722
      vertex 140.9000 10.3750 12.6168
    endloop
  endfacet
  facet normal 4.44659e-19 0.950937 0.309385
    outer loop
      vertex 143.9000 9.3470 10.3085
      vertex 140.9000 9.2370 10.6466
      vertex 143.9000 9.2370 10.6466
    endloop
  endfacet
  facet normal 4.44659e-19 0.950937 0.309385
    outer loop
      vertex 140.9000 9.2370 10.6466
      vertex 143.9000 9.3470 10.3085
      vertex 140.9000 9.3470 10.3085
    endloop
  endfacet
  facet normal 0 -0.587133 0.80949
    outer loop
      vertex 140.9000 12.0380 9.7366
      vertex 143.9000 11.7500 9.5278
      vertex 143.9000 12.0380 9.7366
    endloop
  endfacet
  facet normal 0 -0.587133 0.80949
    outer loop
      vertex 143.9000 11.7500 9.5278
      vertex 140.9000 12.0380 9.7366
      vertex 140.9000 11.7500 9.5278
    endloop
  endfacet
  facet normal 0 0 -1
    outer loop
      vertex 140.9000 10.7220 12.6907
      vertex 143.9000 11.0780 12.6907
      vertex 143.9000 10.7220 12.6907
    endloop
  endfacet
  facet normal -0 0 -1
    outer loop
      vertex 143.9000 11.0780 12.6907
      vertex 140.9000 10.7220 12.6907
      vertex 140.9000 11.0780 12.6907
    endloop
  endfacet
  facet normal 1.24562e-18 -0.8656 0.500737
    outer loop
      vertex 140.9000 12.2750 10.0008
      vertex 143.9000 12.4530 10.3085
      vertex 140.9000 12.4530 10.3085
    endloop
  endfacet
  facet normal 1.24562e-18 -0.8656 0.500737
    outer loop
      vertex 143.9000 12.4530 10.3085
      vertex 140.9000 12.2750 10.0008
      vertex 143.9000 12.2750 10.0008
    endloop
  endfacet
  facet normal 0 -0.40641 0.913691
    outer loop
      vertex 140.9000 11.7500 9.5278
      vertex 143.9000 11.4250 9.3832
      vertex 143.9000 11.7500 9.5278
    endloop
  endfacet
  facet normal 0 -0.40641 0.913691
    outer loop
      vertex 143.9000 11.4250 9.3832
      vertex 140.9000 11.7500 9.5278
      vertex 140.9000 11.4250 9.3832
    endloop
  endfacet
  facet normal 0 -0.20827 0.978071
    outer loop
      vertex 140.9000 11.4250 9.3832
      vertex 143.9000 11.0780 9.3093
      vertex 143.9000 11.4250 9.3832
    endloop
  endfacet
  facet normal 0 -0.20827 0.978071
    outer loop
      vertex 143.9000 11.0780 9.3093
      vertex 140.9000 11.4250 9.3832
      vertex 140.9000 11.0780 9.3093
    endloop
  endfacet
  facet normal 0 0.587152 -0.809477
    outer loop
      vertex 140.9000 9.7620 12.2633
      vertex 143.9000 10.0500 12.4722
      vertex 143.9000 9.7620 12.2633
    endloop
  endfacet
  facet normal 0 0.587152 -0.809477
    outer loop
      vertex 143.9000 10.0500 12.4722
      vertex 140.9000 9.7620 12.2633
      vertex 140.9000 10.0500 12.4722
    endloop
  endfacet
  facet normal 0 -0.587152 -0.809477
    outer loop
      vertex 140.9000 11.7500 12.4722
      vertex 143.9000 12.0380 12.2633
      vertex 143.9000 11.7500 12.4722
    endloop
  endfacet
  facet normal -0 -0.587152 -0.809477
    outer loop
      vertex 143.9000 12.0380 12.2633
      vertex 140.9000 11.7500 12.4722
      vertex 140.9000 12.0380 12.2633
    endloop
  endfacet
  facet normal -0 0 1
    outer loop
      vertex 140.9000 11.0780 9.3093
      vertex 143.9000 10.7220 9.3093
      vertex 143.9000 11.0780 9.3093
    endloop
  endfacet
  facet normal 0 0 1
    outer loop
      vertex 143.9000 10.7220 9.3093
      vertex 140.9000 11.0780 9.3093
      vertex 140.9000 10.7220 9.3093
    endloop
  endfacet
  facet normal -0 0.587133 0.80949
    outer loop
      vertex 140.9000 10.0500 9.5278
      vertex 143.9000 9.7620 9.7366
      vertex 143.9000 10.0500 9.5278
    endloop
  endfacet
  facet normal 0 0.587133 0.80949
    outer loop
      vertex 143.9000 9.7620 9.7366
      vertex 140.9000 10.0500 9.5278
      vertex 140.9000 9.7620 9.7366
    endloop
  endfacet
  facet normal 1.24562e-18 0.8656 -0.500737
    outer loop
      vertex 143.9000 9.3470 11.6915
      vertex 140.9000 9.5250 11.9992
      vertex 143.9000 9.5250 11.9992
    endloop
  endfacet
  facet normal 1.24562e-18 0.8656 -0.500737
    outer loop
      vertex 140.9000 9.5250 11.9992
      vertex 143.9000 9.3470 11.6915
      vertex 140.9000 9.3470 11.6915
    endloop
  endfacet
  facet normal -4.44659e-19 0.950937 -0.309385
    outer loop
      vertex 143.9000 9.2370 11.3534
      vertex 140.9000 9.3470 11.6915
      vertex 143.9000 9.3470 11.6915
    endloop
  endfacet
  facet normal -4.44659e-19 0.950937 -0.309385
    outer loop
      vertex 140.9000 9.3470 11.6915
      vertex 143.9000 9.2370 11.3534
      vertex 140.9000 9.2370 11.3534
    endloop
  endfacet
  facet normal -0 0.20827 0.978071
    outer loop
      vertex 140.9000 10.7220 9.3093
      vertex 143.9000 10.3750 9.3832
      vertex 143.9000 10.7220 9.3093
    endloop
  endfacet
  facet normal 0 0.20827 0.978071
    outer loop
      vertex 143.9000 10.3750 9.3832
      vertex 140.9000 10.7220 9.3093
      vertex 140.9000 10.3750 9.3832
    endloop
  endfacet
  facet normal 1 0 0
    outer loop
      vertex 144.0000 6.5000 7.0000
      vertex 144.0000 5.0000 7.0000
      vertex 144.0000 6.5000 3.0000
    endloop
  endfacet
  facet normal 1 -0 0
    outer loop
      vertex 144.0000 6.5000 3.0000
      vertex 144.0000 37.0000 0.0000
      vertex 144.0000 37.0000 3.0000
    endloop
  endfacet
  facet normal 1 0 0
    outer loop
      vertex 144.0000 5.0000 3.0000
      vertex 144.0000 6.5000 3.0000
      vertex 144.0000 5.0000 7.0000
    endloop
  endfacet
  facet normal 1 0 0
    outer loop
      vertex 144.0000 0.0000 0.0000
      vertex 144.0000 6.5000 3.0000
      vertex 144.0000 5.0000 3.0000
    endloop
  endfacet
  facet normal 1 0 0
    outer loop
      vertex 144.0000 0.0000 0.0000
      vertex 144.0000 5.0000 3.0000
      vertex 144.0000 0.0000 3.0000
    endloop
  endfacet
  facet normal 1 0 0
    outer loop
      vertex 144.0000 6.5000 3.0000
      vertex 144.0000 0.0000 0.0000
      vertex 144.0000 37.0000 0.0000
    endloop
  endfacet
  facet normal 1 -0 0
    outer loop
      vertex 144.0000 83.0000 3.0000
      vertex 144.0000 120.0000 0.0000
      vertex 144.0000 120.0000 3.0000
    endloop
  endfacet
  facet normal 1 0 0
    outer loop
      vertex 144.0000 120.0000 0.0000
      vertex 144.0000 83.0000 3.0000
      vertex 144.0000 83.0000 0.0000
    endloop
  endfacet
  facet normal 1 -0 0
    outer loop
      vertex 144.0000 43.0000 3.0000
      vertex 144.0000 77.0000 0.0000
      vertex 144.0000 77.0000 3.0000
    endloop
  endfacet
  facet normal 1 0 0
    outer loop
      vertex 144.0000 77.0000 0.0000
      vertex 144.0000 43.0000 3.0000
      vertex 144.0000 43.0000 0.0000
    endloop
  endfacet
  facet normal 0 1 -0
    outer loop
      vertex 45.0000 120.0000 0.0000
      vertex 6.5000 120.0000 3.0000
      vertex 45.0000 120.0000 3.0000
    endloop
  endfacet
  facet normal 0 1 0
    outer loop
      vertex 0.0000 120.0000 0.0000
      vertex 6.5000 120.0000 3.0000
      vertex 45.0000 120.0000 0.0000
    endloop
  endfacet
  facet normal 0 1 0
    outer loop
      vertex 6.5000 120.0000 3.0000
      vertex 0.0000 120.0000 0.0000
      vertex 5.0000 120.0000 3.0000
    endloop
  endfacet
  facet normal 0 1 0
    outer loop
      vertex 5.0000 120.0000 3.0000
      vertex 0.0000 120.0000 0.0000
      vertex 0.0000 120.0000 3.0000
    endloop
  endfacet
  facet normal 0 1 -0
    outer loop
      vertex 6.5000 120.0000 3.0000
      vertex 5.0000 120.0000 7.0000
      vertex 6.5000 120.0000 7.0000
    endloop
  endfacet
  facet normal 0 1 0
    outer loop
      vertex 5.0000 120.0000 7.0000
      vertex 6.5000 120.0000 3.0000
      vertex 5.0000 120.0000 3.0000
    endloop
  endfacet
  facet normal 0 1 -0
    outer loop
      vertex 144.0000 120.0000 0.0000
      vertex 99.0000 120.0000 3.0000
      vertex 144.0000 120.0000 3.0000
    endloop
  endfacet
  facet normal 0 1 0
    outer loop
      vertex 99.0000 120.0000 3.0000
      vertex 144.0000 120.0000 0.0000
      vertex 99.0000 120.0000 0.0000
    endloop
  endfacet
  facet normal 0 1 -0
    outer loop
      vertex 93.0000 120.0000 0.0000
      vertex 51.0000 120.0000 3.0000
      vertex 93.0000 120.0000 3.0000
    endloop
  endfacet
  facet normal 0 1 0
    outer loop
      vertex 51.0000 120.0000 3.0000
      vertex 93.0000 120.0000 0.0000
      vertex 51.0000 120.0000 0.0000
    endloop
  endfacet
  facet normal -0.877896 -0.478852 -4.72562e-18
    outer loop
      vertex 146.2000 34.8000 0.0000
      vertex 145.0000 37.0000 3.0000
      vertex 145.0000 37.0000 0.0000
    endloop
  endfacet
  facet normal -0.877896 -0.478852 -4.72562e-18
    outer loop
      vertex 145.0000 37.0000 3.0000
      vertex 146.2000 34.8000 0.0000
      vertex 146.2000 34.8000 3.0000
    endloop
  endfacet
  facet normal 0 -1 0
    outer loop
      vertex 146.2000 34.8000 0.0000
      vertex 150.5000 34.8000 3.0000
      vertex 146.2000 34.8000 3.0000
    endloop
  endfacet
  facet normal 0 -1 -0
    outer loop
      vertex 150.5000 34.8000 3.0000
      vertex 146.2000 34.8000 0.0000
      vertex 150.5000 34.8000 0.0000
    endloop
  endfacet
  facet normal 1 -0 0
    outer loop
      vertex 150.5000 34.8000 3.0000
      vertex 150.5000 45.2000 0.0000
      vertex 150.5000 45.2000 3.0000
    endloop
  endfacet
  facet normal 1 0 0
    outer loop
      vertex 150.5000 45.2000 0.0000
      vertex 150.5000 34.8000 3.0000
      vertex 150.5000 34.8000 0.0000
    endloop
  endfacet
  facet normal 0 1 -0
    outer loop
      vertex 150.5000 45.2000 0.0000
      vertex 146.2000 45.2000 3.0000
      vertex 150.5000 45.2000 3.0000
    endloop
  endfacet
  facet normal 0 1 0
    outer loop
      vertex 146.2000 45.2000 3.0000
      vertex 150.5000 45.2000 0.0000
      vertex 146.2000 45.2000 0.0000
    endloop
  endfacet
  facet normal -0.877896 0.478852 4.72562e-18
    outer loop
      vertex 145.0000 43.0000 0.0000
      vertex 146.2000 45.2000 3.0000
      vertex 146.2000 45.2000 0.0000
    endloop
  endfacet
  facet normal -0.877896 0.478852 4.72562e-18
    outer loop
      vertex 146.2000 45.2000 3.0000
      vertex 145.0000 43.0000 0.0000
      vertex 145.0000 43.0000 3.0000
    endloop
  endfacet
  facet normal 0 1 -0
    outer loop
      vertex 145.0000 43.0000 0.0000
      vertex 144.0000 43.0000 3.0000
      vertex 145.0000 43.0000 3.0000
    endloop
  endfacet
  facet normal 0 1 0
    outer loop
      vertex 144.0000 43.0000 3.0000
      vertex 145.0000 43.0000 0.0000
      vertex 144.0000 43.0000 0.0000
    endloop
  endfacet
  facet normal 0 -1 0
    outer loop
      vertex 144.0000 37.0000 0.0000
      vertex 145.0000 37.0000 3.0000
      vertex 144.0000 37.0000 3.0000
    endloop
  endfacet
  facet normal 0 -1 -0
    outer loop
      vertex 145.0000 37.0000 3.0000
      vertex 144.0000 37.0000 0.0000
      vertex 145.0000 37.0000 0.0000
    endloop
  endfacet
  facet normal -0.877896 -0.478852 -4.72562e-18
    outer loop
      vertex 146.2000 74.8000 0.0000
      vertex 145.0000 77.0000 3.0000
      vertex 145.0000 77.0000 0.0000
    endloop
  endfacet
  facet normal -0.877896 -0.478852 -4.72562e-18
    outer loop
      vertex 145.0000 77.0000 3.0000
      vertex 146.2000 74.8000 0.0000
      vertex 146.2000 74.8000 3.0000
    endloop
  endfacet
  facet normal 0 -1 0
    outer loop
      vertex 146.2000 74.8000 0.0000
      vertex 150.5000 74.8000 3.0000
      vertex 146.2000 74.8000 3.0000
    endloop
  endfacet
  facet normal 0 -1 -0
    outer loop
      vertex 150.5000 74.8000 3.0000
      vertex 146.2000 74.8000 0.0000
      vertex 150.5000 74.8000 0.0000
    endloop
  endfacet
  facet normal 1 -0 0
    outer loop
      vertex 150.5000 74.8000 3.0000
      vertex 150.5000 85.2000 0.0000
      vertex 150.5000 85.2000 3.0000
    endloop
  endfacet
  facet normal 1 0 0
    outer loop
      vertex 150.5000 85.2000 0.0000
      vertex 150.5000 74.8000 3.0000
      vertex 150.5000 74.8000 0.0000
    endloop
  endfacet
  facet normal 0 1 -0
    outer loop
      vertex 150.5000 85.2000 0.0000
      vertex 146.2000 85.2000 3.0000
      vertex 150.5000 85.2000 3.0000
    endloop
  endfacet
  facet normal 0 1 0
    outer loop
      vertex 146.2000 85.2000 3.0000
      vertex 150.5000 85.2000 0.0000
      vertex 146.2000 85.2000 0.0000
    endloop
  endfacet
  facet normal -0.877896 0.478852 4.72562e-18
    outer loop
      vertex 145.0000 83.0000 0.0000
      vertex 146.2000 85.2000 3.0000
      vertex 146.2000 85.2000 0.0000
    endloop
  endfacet
  facet normal -0.877896 0.478852 4.72562e-18
    outer loop
      vertex 146.2000 85.2000 3.0000
      vertex 145.0000 83.0000 0.0000
      vertex 145.0000 83.0000 3.0000
    endloop
  endfacet
  facet normal 0 1 -0
    outer loop
      vertex 145.0000 83.0000 0.0000
      vertex 144.0000 83.0000 3.0000
      vertex 145.0000 83.0000 3.0000
    endloop
  endfacet
  facet normal 0 1 0
    outer loop
      vertex 144.0000 83.0000 3.0000
      vertex 145.0000 83.0000 0.0000
      vertex 144.0000 83.0000 0.0000
    endloop
  endfacet
  facet normal 0 -1 0
    outer loop
      vertex 144.0000 77.0000 0.0000
      vertex 145.0000 77.0000 3.0000
      vertex 144.0000 77.0000 3.0000
    endloop
  endfacet
  facet normal 0 -1 -0
    outer loop
      vertex 145.0000 77.0000 3.0000
      vertex 144.0000 77.0000 0.0000
      vertex 145.0000 77.0000 0.0000
    endloop
  endfacet
  facet normal 0.478852 -0.877896 0
    outer loop
      vertex 51.0000 121.0000 0.0000
      vertex 53.2000 122.2000 3.0000
      vertex 51.0000 121.0000 3.0000
    endloop
  endfacet
  facet normal 0.478852 -0.877896 0
    outer loop
      vertex 53.2000 122.2000 3.0000
      vertex 51.0000 121.0000 0.0000
      vertex 53.2000 122.2000 0.0000
    endloop
  endfacet
  facet normal 1 -0 0
    outer loop
      vertex 53.2000 122.2000 3.0000
      vertex 53.2000 126.5000 0.0000
      vertex 53.2000 126.5000 3.0000
    endloop
  endfacet
  facet normal 1 0 0
    outer loop
      vertex 53.2000 126.5000 0.0000
      vertex 53.2000 122.2000 3.0000
      vertex 53.2000 122.2000 0.0000
    endloop
  endfacet
  facet normal 0 1 -0
    outer loop
      vertex 53.2000 126.5000 0.0000
      vertex 42.8000 126.5000 3.0000
      vertex 53.2000 126.5000 3.0000
    endloop
  endfacet
  facet normal 0 1 0
    outer loop
      vertex 42.8000 126.5000 3.0000
      vertex 53.2000 126.5000 0.0000
      vertex 42.8000 126.5000 0.0000
    endloop
  endfacet
  facet normal -1 0 0
    outer loop
      vertex 42.8000 122.2000 0.0000
      vertex 42.8000 126.5000 3.0000
      vertex 42.8000 126.5000 0.0000
    endloop
  endfacet
  facet normal -1 -0 0
    outer loop
      vertex 42.8000 126.5000 3.0000
      vertex 42.8000 122.2000 0.0000
      vertex 42.8000 122.2000 3.0000
    endloop
  endfacet
  facet normal -0.478852 -0.877896 0
    outer loop
      vertex 42.8000 122.2000 0.0000
      vertex 45.0000 121.0000 3.0000
      vertex 42.8000 122.2000 3.0000
    endloop
  endfacet
  facet normal -0.478852 -0.877896 -0
    outer loop
      vertex 45.0000 121.0000 3.0000
      vertex 42.8000 122.2000 0.0000
      vertex 45.0000 121.0000 0.0000
    endloop
  endfacet
  facet normal -1 0 0
    outer loop
      vertex 45.0000 120.0000 0.0000
      vertex 45.0000 121.0000 3.0000
      vertex 45.0000 121.0000 0.0000
    endloop
  endfacet
  facet normal -1 -0 0
    outer loop
      vertex 45.0000 121.0000 3.0000
      vertex 45.0000 120.0000 0.0000
      vertex 45.0000 120.0000 3.0000
    endloop
  endfacet
  facet normal 1 -0 0
    outer loop
      vertex 51.0000 120.0000 3.0000
      vertex 51.0000 121.0000 0.0000
      vertex 51.0000 121.0000 3.0000
    endloop
  endfacet
  facet normal 1 0 0
    outer loop
      vertex 51.0000 121.0000 0.0000
      vertex 51.0000 120.0000 3.0000
      vertex 51.0000 120.0000 0.0000
    endloop
  endfacet
  facet normal 0.478852 -0.877896 0
    outer loop
      vertex 99.0000 121.0000 0.0000
      vertex 101.2000 122.2000 3.0000
      vertex 99.0000 121.0000 3.0000
    endloop
  endfacet
  facet normal 0.478852 -0.877896 0
    outer loop
      vertex 101.2000 122.2000 3.0000
      vertex 99.0000 121.0000 0.0000
      vertex 101.2000 122.2000 0.0000
    endloop
  endfacet
  facet normal 1 -0 0
    outer loop
      vertex 101.2000 122.2000 3.0000
      vertex 101.2000 126.5000 0.0000
      vertex 101.2000 126.5000 3.0000
    endloop
  endfacet
  facet normal 1 0 0
    outer loop
      vertex 101.2000 126.5000 0.0000
      vertex 101.2000 122.2000 3.0000
      vertex 101.2000 122.2000 0.0000
    endloop
  endfacet
  facet normal 0 1 -0
    outer loop
      vertex 101.2000 126.5000 0.0000
      vertex 90.8000 126.5000 3.0000
      vertex 101.2000 126.5000 3.0000
    endloop
  endfacet
  facet normal 0 1 0
    outer loop
      vertex 90.8000 126.5000 3.0000
      vertex 101.2000 126.5000 0.0000
      vertex 90.8000 126.5000 0.0000
    endloop
  endfacet
  facet normal -1 0 0
    outer loop
      vertex 90.8000 122.2000 0.0000
      vertex 90.8000 126.5000 3.0000
      vertex 90.8000 126.5000 0.0000
    endloop
  endfacet
  facet normal -1 -0 0
    outer loop
      vertex 90.8000 126.5000 3.0000
      vertex 90.8000 122.2000 0.0000
      vertex 90.8000 122.2000 3.0000
    endloop
  endfacet
  facet normal -0.478852 -0.877896 0
    outer loop
      vertex 90.8000 122.2000 0.0000
      vertex 93.0000 121.0000 3.0000
      vertex 90.8000 122.2000 3.0000
    endloop
  endfacet
  facet normal -0.478852 -0.877896 -0
    outer loop
      vertex 93.0000 121.0000 3.0000
      vertex 90.8000 122.2000 0.0000
      vertex 93.0000 121.0000 0.0000
    endloop
  endfacet
  facet normal -1 0 0
    outer loop
      vertex 93.0000 120.0000 0.0000
      vertex 93.0000 121.0000 3.0000
      vertex 93.0000 121.0000 0.0000
    endloop
  endfacet
  facet normal -1 -0 0
    outer loop
      vertex 93.0000 121.0000 3.0000
      vertex 93.0000 120.0000 0.0000
      vertex 93.0000 120.0000 3.0000
    endloop
  endfacet
  facet normal 1 -0 0
    outer loop
      vertex 99.0000 120.0000 3.0000
      vertex 99.0000 121.0000 0.0000
      vertex 99.0000 121.0000 3.0000
    endloop
  endfacet
  facet normal 1 0 0
    outer loop
      vertex 99.0000 121.0000 0.0000
      vertex 99.0000 120.0000 3.0000
      vertex 99.0000 120.0000 0.0000
    endloop
  endfacet
endsolid OpenSCAD_Model
