solid OpenSCAD_Model
  facet normal 0 0 1
    outer loop
      vertex 81.2670 144.0000 3.0000
      vertex 79.0670 141.9187 3.0000
      vertex 81.2670 143.1187 3.0000
    endloop
  endfacet
  facet normal 0 0 1
    outer loop
      vertex 79.0670 141.9187 3.0000
      vertex 60.7000 141.5000 3.0000
      vertex 79.0670 141.5000 3.0000
    endloop
  endfacet
  facet normal 0 0 1
    outer loop
      vertex 81.2670 144.0000 3.0000
      vertex 60.7000 141.5000 3.0000
      vertex 79.0670 141.9187 3.0000
    endloop
  endfacet
  facet normal 0 0 1
    outer loop
      vertex 47.6330 141.9187 3.0000
      vertex 60.7000 139.5000 3.0000
      vertex 60.7000 141.5000 3.0000
    endloop
  endfacet
  facet normal 0 0 1
    outer loop
      vertex 60.7000 139.5000 3.0000
      vertex 47.6330 137.3000 3.0000
      vertex 55.0000 97.5000 3.0000
    endloop
  endfacet
  facet normal 0 0 1
    outer loop
      vertex 6.7000 90.6000 3.0000
      vertex 51.0000 94.3000 3.0000
      vertex 51.0000 97.5000 3.0000
    endloop
  endfacet
  facet normal 0 0 1
    outer loop
      vertex 51.0000 94.3000 3.0000
      vertex 35.0000 28.7000 3.0000
      vertex 51.0000 28.7000 3.0000
    endloop
  endfacet
  facet normal 0 0 1
    outer loop
      vertex 55.0000 97.5000 3.0000
      vertex 47.6330 137.3000 3.0000
      vertex 51.0000 97.5000 3.0000
    endloop
  endfacet
  facet normal 0 0 1
    outer loop
      vertex 60.7000 139.5000 3.0000
      vertex 47.6330 141.9187 3.0000
      vertex 47.6330 137.3000 3.0000
    endloop
  endfacet
  facet normal -0 0 1
    outer loop
      vertex 45.4330 144.0000 3.0000
      vertex 60.7000 141.5000 3.0000
      vertex 81.2670 144.0000 3.0000
    endloop
  endfacet
  facet normal 0 0 1
    outer loop
      vertex 60.7000 141.5000 3.0000
      vertex 45.4330 144.0000 3.0000
      vertex 47.6330 141.9187 3.0000
    endloop
  endfacet
  facet normal 0 0 1
    outer loop
      vertex 47.6330 141.9187 3.0000
      vertex 45.4330 144.0000 3.0000
      vertex 45.4330 143.1187 3.0000
    endloop
  endfacet
  facet normal 0 0 1
    outer loop
      vertex 0.0000 6.5000 3.0000
      vertex 6.8000 13.2000 3.0000
      vertex 2.0810 42.6000 3.0000
    endloop
  endfacet
  facet normal -0 0 1
    outer loop
      vertex 0.0000 44.8000 3.0000
      vertex 2.0810 42.6000 3.0000
      vertex 0.8810 44.8000 3.0000
    endloop
  endfacet
  facet normal 0 0 1
    outer loop
      vertex 2.0810 42.6000 3.0000
      vertex 0.0000 44.8000 3.0000
      vertex 0.0000 6.5000 3.0000
    endloop
  endfacet
  facet normal 0 0 1
    outer loop
      vertex 6.8000 13.2000 3.0000
      vertex 0.0000 6.5000 3.0000
      vertex 2.5000 6.5000 3.0000
    endloop
  endfacet
  facet normal -0 0 1
    outer loop
      vertex 2.0810 90.6000 3.0000
      vertex 6.7000 53.4000 3.0000
      vertex 6.7000 90.6000 3.0000
    endloop
  endfacet
  facet normal 0 0 1
    outer loop
      vertex 2.0810 90.6000 3.0000
      vertex 2.0810 53.4000 3.0000
      vertex 6.7000 53.4000 3.0000
    endloop
  endfacet
  facet normal -0 0 1
    outer loop
      vertex 0.0000 92.8000 3.0000
      vertex 2.0810 90.6000 3.0000
      vertex 0.8810 92.8000 3.0000
    endloop
  endfacet
  facet normal 0 0 1
    outer loop
      vertex 2.0810 90.6000 3.0000
      vertex 0.0000 92.8000 3.0000
      vertex 2.0810 53.4000 3.0000
    endloop
  endfacet
  facet normal 0 0 1
    outer loop
      vertex 0.0000 51.2000 3.0000
      vertex 2.0810 53.4000 3.0000
      vertex 0.0000 92.8000 3.0000
    endloop
  endfacet
  facet normal 0 0 1
    outer loop
      vertex 2.0810 53.4000 3.0000
      vertex 0.0000 51.2000 3.0000
      vertex 0.8810 51.2000 3.0000
    endloop
  endfacet
  facet normal 0 0 1
    outer loop
      vertex 39.0330 144.0000 3.0000
      vertex 36.8330 141.9187 3.0000
      vertex 39.0330 143.1187 3.0000
    endloop
  endfacet
  facet normal 0 0 1
    outer loop
      vertex 0.0000 144.0000 3.0000
      vertex 36.8330 137.3000 3.0000
      vertex 36.8330 141.9187 3.0000
    endloop
  endfacet
  facet normal 0 0 1
    outer loop
      vertex 51.0000 94.3000 3.0000
      vertex 6.7000 90.6000 3.0000
      vertex 6.7000 53.4000 3.0000
    endloop
  endfacet
  facet normal 0 0 1
    outer loop
      vertex 6.8000 13.2000 3.0000
      vertex 15.0000 25.5000 3.0000
      vertex 15.0000 28.7000 3.0000
    endloop
  endfacet
  facet normal 0 0 1
    outer loop
      vertex 15.0000 25.5000 3.0000
      vertex 6.8000 13.2000 3.0000
      vertex 13.2000 13.2000 3.0000
    endloop
  endfacet
  facet normal -0 0 1
    outer loop
      vertex 6.7000 42.6000 3.0000
      vertex 35.0000 28.7000 3.0000
      vertex 6.7000 53.4000 3.0000
    endloop
  endfacet
  facet normal 0 0 1
    outer loop
      vertex 51.0000 94.3000 3.0000
      vertex 6.7000 53.4000 3.0000
      vertex 35.0000 28.7000 3.0000
    endloop
  endfacet
  facet normal 0 0 1
    outer loop
      vertex 51.0000 97.5000 3.0000
      vertex 6.7000 101.4000 3.0000
      vertex 6.7000 90.6000 3.0000
    endloop
  endfacet
  facet normal 0 0 1
    outer loop
      vertex 36.8330 137.3000 3.0000
      vertex 0.0000 144.0000 3.0000
      vertex 6.7000 101.4000 3.0000
    endloop
  endfacet
  facet normal -0 0 1
    outer loop
      vertex 0.0000 144.0000 3.0000
      vertex 36.8330 141.9187 3.0000
      vertex 39.0330 144.0000 3.0000
    endloop
  endfacet
  facet normal 0 0 1
    outer loop
      vertex 6.7000 101.4000 3.0000
      vertex 0.0000 144.0000 3.0000
      vertex 2.0810 101.4000 3.0000
    endloop
  endfacet
  facet normal 0 0 1
    outer loop
      vertex 0.0000 99.2000 3.0000
      vertex 2.0810 101.4000 3.0000
      vertex 0.0000 144.0000 3.0000
    endloop
  endfacet
  facet normal 0 0 1
    outer loop
      vertex 2.0810 101.4000 3.0000
      vertex 0.0000 99.2000 3.0000
      vertex 0.8810 99.2000 3.0000
    endloop
  endfacet
  facet normal 0 0 1
    outer loop
      vertex 70.4520 39.5431 3.0000
      vertex 71.0000 28.7000 3.0000
      vertex 71.0000 39.5000 3.0000
    endloop
  endfacet
  facet normal 0 0 1
    outer loop
      vertex 69.9180 39.6713 3.0000
      vertex 71.0000 28.7000 3.0000
      vertex 70.4520 39.5431 3.0000
    endloop
  endfacet
  facet normal 0 0 1
    outer loop
      vertex 69.4110 39.8815 3.0000
      vertex 71.0000 28.7000 3.0000
      vertex 69.9180 39.6713 3.0000
    endloop
  endfacet
  facet normal 0 0 1
    outer loop
      vertex 68.9430 40.1684 3.0000
      vertex 71.0000 28.7000 3.0000
      vertex 69.4110 39.8815 3.0000
    endloop
  endfacet
  facet normal 0 0 1
    outer loop
      vertex 68.5250 40.5251 3.0000
      vertex 71.0000 28.7000 3.0000
      vertex 68.9430 40.1684 3.0000
    endloop
  endfacet
  facet normal 0 0 1
    outer loop
      vertex 51.0000 28.7000 3.0000
      vertex 68.5250 40.5251 3.0000
      vertex 68.1680 40.9428 3.0000
    endloop
  endfacet
  facet normal 0 0 1
    outer loop
      vertex 51.0000 28.7000 3.0000
      vertex 68.1680 40.9428 3.0000
      vertex 67.8810 41.4110 3.0000
    endloop
  endfacet
  facet normal 0 0 1
    outer loop
      vertex 51.0000 28.7000 3.0000
      vertex 67.8810 41.4110 3.0000
      vertex 67.6710 41.9184 3.0000
    endloop
  endfacet
  facet normal 0 0 1
    outer loop
      vertex 67.5430 43.5475 3.0000
      vertex 51.0000 28.7000 3.0000
      vertex 67.5000 43.0000 3.0000
    endloop
  endfacet
  facet normal 0 0 1
    outer loop
      vertex 67.5000 43.0000 3.0000
      vertex 51.0000 28.7000 3.0000
      vertex 67.5430 42.4525 3.0000
    endloop
  endfacet
  facet normal 0 0 1
    outer loop
      vertex 67.5430 42.4525 3.0000
      vertex 51.0000 28.7000 3.0000
      vertex 67.6710 41.9184 3.0000
    endloop
  endfacet
  facet normal 0 0 1
    outer loop
      vertex 68.5250 40.5251 3.0000
      vertex 51.0000 28.7000 3.0000
      vertex 71.0000 28.7000 3.0000
    endloop
  endfacet
  facet normal -0 0 1
    outer loop
      vertex 74.1190 78.4110 3.0000
      vertex 106.5000 72.8000 3.0000
      vertex 74.3290 78.9184 3.0000
    endloop
  endfacet
  facet normal 0 0 1
    outer loop
      vertex 106.5000 66.4000 3.0000
      vertex 74.4570 43.5475 3.0000
      vertex 74.5000 43.0000 3.0000
    endloop
  endfacet
  facet normal 0 0 1
    outer loop
      vertex 106.5000 72.8000 3.0000
      vertex 74.1190 78.4110 3.0000
      vertex 106.5000 66.4000 3.0000
    endloop
  endfacet
  facet normal 0 0 1
    outer loop
      vertex 106.5000 66.4000 3.0000
      vertex 74.3290 44.0816 3.0000
      vertex 74.4570 43.5475 3.0000
    endloop
  endfacet
  facet normal -0 0 1
    outer loop
      vertex 73.8320 77.9428 3.0000
      vertex 106.5000 66.4000 3.0000
      vertex 74.1190 78.4110 3.0000
    endloop
  endfacet
  facet normal 0 0 1
    outer loop
      vertex 106.5000 66.4000 3.0000
      vertex 74.1190 44.5890 3.0000
      vertex 74.3290 44.0816 3.0000
    endloop
  endfacet
  facet normal -0 0 1
    outer loop
      vertex 73.4750 77.5251 3.0000
      vertex 106.5000 66.4000 3.0000
      vertex 73.8320 77.9428 3.0000
    endloop
  endfacet
  facet normal 0 0 1
    outer loop
      vertex 106.5000 66.4000 3.0000
      vertex 73.8320 45.0572 3.0000
      vertex 74.1190 44.5890 3.0000
    endloop
  endfacet
  facet normal -0 0 1
    outer loop
      vertex 73.0570 77.1684 3.0000
      vertex 106.5000 66.4000 3.0000
      vertex 73.4750 77.5251 3.0000
    endloop
  endfacet
  facet normal 0 0 1
    outer loop
      vertex 106.5000 66.4000 3.0000
      vertex 73.4750 45.4749 3.0000
      vertex 73.8320 45.0572 3.0000
    endloop
  endfacet
  facet normal 0 0 1
    outer loop
      vertex 73.0570 45.8316 3.0000
      vertex 106.5000 66.4000 3.0000
      vertex 73.0570 77.1684 3.0000
    endloop
  endfacet
  facet normal 0 0 1
    outer loop
      vertex 106.5000 66.4000 3.0000
      vertex 73.0570 45.8316 3.0000
      vertex 73.4750 45.4749 3.0000
    endloop
  endfacet
  facet normal -0 0 1
    outer loop
      vertex 72.5890 76.8815 3.0000
      vertex 73.0570 45.8316 3.0000
      vertex 73.0570 77.1684 3.0000
    endloop
  endfacet
  facet normal 0 0 1
    outer loop
      vertex 72.5890 76.8815 3.0000
      vertex 72.5890 46.1185 3.0000
      vertex 73.0570 45.8316 3.0000
    endloop
  endfacet
  facet normal -0 0 1
    outer loop
      vertex 72.0820 76.6713 3.0000
      vertex 72.5890 46.1185 3.0000
      vertex 72.5890 76.8815 3.0000
    endloop
  endfacet
  facet normal 0 0 1
    outer loop
      vertex 72.0820 76.6713 3.0000
      vertex 72.0820 46.3287 3.0000
      vertex 72.5890 46.1185 3.0000
    endloop
  endfacet
  facet normal -0 0 1
    outer loop
      vertex 71.5480 76.5431 3.0000
      vertex 72.0820 46.3287 3.0000
      vertex 72.0820 76.6713 3.0000
    endloop
  endfacet
  facet normal 0 0 1
    outer loop
      vertex 71.5480 76.5431 3.0000
      vertex 71.5480 46.4569 3.0000
      vertex 72.0820 46.3287 3.0000
    endloop
  endfacet
  facet normal -0 0 1
    outer loop
      vertex 71.0000 76.5000 3.0000
      vertex 71.5480 46.4569 3.0000
      vertex 71.5480 76.5431 3.0000
    endloop
  endfacet
  facet normal 0 0 1
    outer loop
      vertex 71.0000 76.5000 3.0000
      vertex 71.0000 46.5000 3.0000
      vertex 71.5480 46.4569 3.0000
    endloop
  endfacet
  facet normal 0 0 1
    outer loop
      vertex 70.4520 76.5431 3.0000
      vertex 71.0000 46.5000 3.0000
      vertex 71.0000 76.5000 3.0000
    endloop
  endfacet
  facet normal 0 0 1
    outer loop
      vertex 70.4520 76.5431 3.0000
      vertex 70.4520 46.4569 3.0000
      vertex 71.0000 46.5000 3.0000
    endloop
  endfacet
  facet normal 0 0 1
    outer loop
      vertex 69.9180 76.6713 3.0000
      vertex 70.4520 46.4569 3.0000
      vertex 70.4520 76.5431 3.0000
    endloop
  endfacet
  facet normal 0 0 1
    outer loop
      vertex 69.9180 76.6713 3.0000
      vertex 69.9180 46.3287 3.0000
      vertex 70.4520 46.4569 3.0000
    endloop
  endfacet
  facet normal 0 0 1
    outer loop
      vertex 69.4110 76.8815 3.0000
      vertex 69.9180 46.3287 3.0000
      vertex 69.9180 76.6713 3.0000
    endloop
  endfacet
  facet normal 0 0 1
    outer loop
      vertex 69.4110 76.8815 3.0000
      vertex 69.4110 46.1185 3.0000
      vertex 69.9180 46.3287 3.0000
    endloop
  endfacet
  facet normal 0 0 1
    outer loop
      vertex 68.9430 77.1684 3.0000
      vertex 69.4110 46.1185 3.0000
      vertex 69.4110 76.8815 3.0000
    endloop
  endfacet
  facet normal 0 0 1
    outer loop
      vertex 68.9430 77.1684 3.0000
      vertex 68.9430 45.8316 3.0000
      vertex 69.4110 46.1185 3.0000
    endloop
  endfacet
  facet normal 0 0 1
    outer loop
      vertex 68.5250 77.5251 3.0000
      vertex 68.9430 45.8316 3.0000
      vertex 68.9430 77.1684 3.0000
    endloop
  endfacet
  facet normal 0 0 1
    outer loop
      vertex 68.5250 77.5251 3.0000
      vertex 68.5250 45.4749 3.0000
      vertex 68.9430 45.8316 3.0000
    endloop
  endfacet
  facet normal 0 0 1
    outer loop
      vertex 68.1680 77.9428 3.0000
      vertex 68.5250 45.4749 3.0000
      vertex 68.5250 77.5251 3.0000
    endloop
  endfacet
  facet normal 0 0 1
    outer loop
      vertex 68.1680 77.9428 3.0000
      vertex 68.1680 45.0572 3.0000
      vertex 68.5250 45.4749 3.0000
    endloop
  endfacet
  facet normal 0 0 1
    outer loop
      vertex 67.8810 78.4110 3.0000
      vertex 68.1680 45.0572 3.0000
      vertex 68.1680 77.9428 3.0000
    endloop
  endfacet
  facet normal 0 0 1
    outer loop
      vertex 67.8810 78.4110 3.0000
      vertex 67.8810 44.5890 3.0000
      vertex 68.1680 45.0572 3.0000
    endloop
  endfacet
  facet normal 0 0 1
    outer loop
      vertex 51.0000 94.3000 3.0000
      vertex 67.8810 78.4110 3.0000
      vertex 67.6710 78.9184 3.0000
    endloop
  endfacet
  facet normal 0 0 1
    outer loop
      vertex 67.8810 78.4110 3.0000
      vertex 51.0000 94.3000 3.0000
      vertex 67.8810 44.5890 3.0000
    endloop
  endfacet
  facet normal 0 0 1
    outer loop
      vertex 51.0000 94.3000 3.0000
      vertex 67.6710 78.9184 3.0000
      vertex 67.5430 79.4525 3.0000
    endloop
  endfacet
  facet normal 0 0 1
    outer loop
      vertex 51.0000 28.7000 3.0000
      vertex 67.8810 44.5890 3.0000
      vertex 51.0000 94.3000 3.0000
    endloop
  endfacet
  facet normal 0 0 1
    outer loop
      vertex 51.0000 94.3000 3.0000
      vertex 67.5430 79.4525 3.0000
      vertex 67.5000 80.0000 3.0000
    endloop
  endfacet
  facet normal 0 0 1
    outer loop
      vertex 67.8810 44.5890 3.0000
      vertex 51.0000 28.7000 3.0000
      vertex 67.6710 44.0816 3.0000
    endloop
  endfacet
  facet normal -0 0 1
    outer loop
      vertex 60.7000 139.5000 3.0000
      vertex 79.0670 137.3000 3.0000
      vertex 79.0670 139.5000 3.0000
    endloop
  endfacet
  facet normal 0 0 1
    outer loop
      vertex 79.0670 137.3000 3.0000
      vertex 74.4570 80.5475 3.0000
      vertex 74.5000 80.0000 3.0000
    endloop
  endfacet
  facet normal 0 0 1
    outer loop
      vertex 79.0670 137.3000 3.0000
      vertex 74.3290 81.0816 3.0000
      vertex 74.4570 80.5475 3.0000
    endloop
  endfacet
  facet normal 0 0 1
    outer loop
      vertex 79.0670 137.3000 3.0000
      vertex 71.0000 95.5000 3.0000
      vertex 74.3290 81.0816 3.0000
    endloop
  endfacet
  facet normal 0 0 1
    outer loop
      vertex 74.3290 81.0816 3.0000
      vertex 71.0000 95.5000 3.0000
      vertex 74.1190 81.5890 3.0000
    endloop
  endfacet
  facet normal -0 0 1
    outer loop
      vertex 71.0000 94.3000 3.0000
      vertex 74.1190 81.5890 3.0000
      vertex 71.0000 95.5000 3.0000
    endloop
  endfacet
  facet normal 0 0 1
    outer loop
      vertex 74.1190 81.5890 3.0000
      vertex 71.0000 94.3000 3.0000
      vertex 73.8320 82.0572 3.0000
    endloop
  endfacet
  facet normal 0 0 1
    outer loop
      vertex 73.8320 82.0572 3.0000
      vertex 71.0000 94.3000 3.0000
      vertex 73.4750 82.4749 3.0000
    endloop
  endfacet
  facet normal 0 0 1
    outer loop
      vertex 73.4750 82.4749 3.0000
      vertex 71.0000 94.3000 3.0000
      vertex 73.0570 82.8316 3.0000
    endloop
  endfacet
  facet normal 0 0 1
    outer loop
      vertex 73.0570 82.8316 3.0000
      vertex 71.0000 94.3000 3.0000
      vertex 72.5890 83.1185 3.0000
    endloop
  endfacet
  facet normal 0 0 1
    outer loop
      vertex 72.5890 83.1185 3.0000
      vertex 71.0000 94.3000 3.0000
      vertex 72.0820 83.3287 3.0000
    endloop
  endfacet
  facet normal 0 0 1
    outer loop
      vertex 79.0670 137.3000 3.0000
      vertex 60.7000 139.5000 3.0000
      vertex 71.0000 95.5000 3.0000
    endloop
  endfacet
  facet normal -0 0 1
    outer loop
      vertex 55.0000 97.5000 3.0000
      vertex 71.0000 95.5000 3.0000
      vertex 60.7000 139.5000 3.0000
    endloop
  endfacet
  facet normal 0 0 1
    outer loop
      vertex 71.0000 95.5000 3.0000
      vertex 55.0000 97.5000 3.0000
      vertex 55.0000 95.5000 3.0000
    endloop
  endfacet
  facet normal -0 0 1
    outer loop
      vertex 71.0000 27.5000 3.0000
      vertex 113.5000 13.2000 3.0000
      vertex 106.5000 38.2000 3.0000
    endloop
  endfacet
  facet normal -0 0 1
    outer loop
      vertex 74.3290 78.9184 3.0000
      vertex 106.5000 72.8000 3.0000
      vertex 74.4570 79.4525 3.0000
    endloop
  endfacet
  facet normal 0 0 1
    outer loop
      vertex 106.5000 66.4000 3.0000
      vertex 74.5000 43.0000 3.0000
      vertex 106.5000 44.6000 3.0000
    endloop
  endfacet
  facet normal 0 0 1
    outer loop
      vertex 74.5000 80.0000 3.0000
      vertex 89.8670 137.3000 3.0000
      vertex 79.0670 137.3000 3.0000
    endloop
  endfacet
  facet normal 0 0 1
    outer loop
      vertex 106.5000 44.6000 3.0000
      vertex 74.5000 43.0000 3.0000
      vertex 106.5000 38.2000 3.0000
    endloop
  endfacet
  facet normal -0 0 1
    outer loop
      vertex 74.4570 42.4525 3.0000
      vertex 106.5000 38.2000 3.0000
      vertex 74.5000 43.0000 3.0000
    endloop
  endfacet
  facet normal -0 0 1
    outer loop
      vertex 74.3290 41.9184 3.0000
      vertex 106.5000 38.2000 3.0000
      vertex 74.4570 42.4525 3.0000
    endloop
  endfacet
  facet normal -0 0 1
    outer loop
      vertex 74.1190 41.4110 3.0000
      vertex 106.5000 38.2000 3.0000
      vertex 74.3290 41.9184 3.0000
    endloop
  endfacet
  facet normal -0 0 1
    outer loop
      vertex 73.8320 40.9428 3.0000
      vertex 106.5000 38.2000 3.0000
      vertex 74.1190 41.4110 3.0000
    endloop
  endfacet
  facet normal 0 0 1
    outer loop
      vertex 106.5000 38.2000 3.0000
      vertex 73.8320 40.9428 3.0000
      vertex 71.0000 28.7000 3.0000
    endloop
  endfacet
  facet normal 0 0 1
    outer loop
      vertex 71.0000 28.7000 3.0000
      vertex 73.8320 40.9428 3.0000
      vertex 73.4750 40.5251 3.0000
    endloop
  endfacet
  facet normal 0 0 1
    outer loop
      vertex 71.0000 28.7000 3.0000
      vertex 73.4750 40.5251 3.0000
      vertex 73.0570 40.1684 3.0000
    endloop
  endfacet
  facet normal 0 0 1
    outer loop
      vertex 71.0000 28.7000 3.0000
      vertex 73.0570 40.1684 3.0000
      vertex 72.5890 39.8815 3.0000
    endloop
  endfacet
  facet normal 0 0 1
    outer loop
      vertex 71.0000 28.7000 3.0000
      vertex 72.5890 39.8815 3.0000
      vertex 72.0820 39.6713 3.0000
    endloop
  endfacet
  facet normal 0 0 1
    outer loop
      vertex 71.0000 28.7000 3.0000
      vertex 72.0820 39.6713 3.0000
      vertex 71.5480 39.5431 3.0000
    endloop
  endfacet
  facet normal 0 0 1
    outer loop
      vertex 71.0000 28.7000 3.0000
      vertex 71.5480 39.5431 3.0000
      vertex 71.0000 39.5000 3.0000
    endloop
  endfacet
  facet normal 0 0 1
    outer loop
      vertex 71.0000 27.5000 3.0000
      vertex 106.5000 38.2000 3.0000
      vertex 71.0000 28.7000 3.0000
    endloop
  endfacet
  facet normal 0 0 1
    outer loop
      vertex 113.5000 13.2000 3.0000
      vertex 71.0000 27.5000 3.0000
      vertex 111.2000 6.5000 3.0000
    endloop
  endfacet
  facet normal 0 0 1
    outer loop
      vertex 55.0000 25.5000 3.0000
      vertex 71.0000 27.5000 3.0000
      vertex 55.0000 27.5000 3.0000
    endloop
  endfacet
  facet normal 0 0 1
    outer loop
      vertex 71.0000 27.5000 3.0000
      vertex 55.0000 25.5000 3.0000
      vertex 111.2000 6.5000 3.0000
    endloop
  endfacet
  facet normal 0 0 1
    outer loop
      vertex 17.5000 6.5000 3.0000
      vertex 55.0000 25.5000 3.0000
      vertex 51.0000 25.5000 3.0000
    endloop
  endfacet
  facet normal -0 0 1
    outer loop
      vertex 36.8330 137.3000 3.0000
      vertex 51.0000 97.5000 3.0000
      vertex 47.6330 137.3000 3.0000
    endloop
  endfacet
  facet normal -0 0 1
    outer loop
      vertex 6.7000 101.4000 3.0000
      vertex 51.0000 97.5000 3.0000
      vertex 36.8330 137.3000 3.0000
    endloop
  endfacet
  facet normal 0 0 1
    outer loop
      vertex 35.0000 27.5000 3.0000
      vertex 51.0000 28.7000 3.0000
      vertex 35.0000 28.7000 3.0000
    endloop
  endfacet
  facet normal 0 0 1
    outer loop
      vertex 51.0000 28.7000 3.0000
      vertex 35.0000 27.5000 3.0000
      vertex 51.0000 25.5000 3.0000
    endloop
  endfacet
  facet normal 0 0 1
    outer loop
      vertex 17.5000 6.5000 3.0000
      vertex 51.0000 25.5000 3.0000
      vertex 35.0000 27.5000 3.0000
    endloop
  endfacet
  facet normal 0 0 1
    outer loop
      vertex 19.0000 25.5000 3.0000
      vertex 35.0000 27.5000 3.0000
      vertex 19.0000 27.5000 3.0000
    endloop
  endfacet
  facet normal 0 0 1
    outer loop
      vertex 17.5000 6.5000 3.0000
      vertex 35.0000 27.5000 3.0000
      vertex 19.0000 25.5000 3.0000
    endloop
  endfacet
  facet normal 0 0 1
    outer loop
      vertex 55.0000 25.5000 3.0000
      vertex 17.5000 6.5000 3.0000
      vertex 111.2000 6.5000 3.0000
    endloop
  endfacet
  facet normal 0 0 1
    outer loop
      vertex 19.0000 25.5000 3.0000
      vertex 13.2000 13.2000 3.0000
      vertex 17.5000 6.5000 3.0000
    endloop
  endfacet
  facet normal 0 0 1
    outer loop
      vertex 13.2000 13.2000 3.0000
      vertex 19.0000 25.5000 3.0000
      vertex 15.0000 25.5000 3.0000
    endloop
  endfacet
  facet normal -0 0 1
    outer loop
      vertex 106.5000 66.4000 3.0000
      vertex 112.9000 44.6000 3.0000
      vertex 112.9000 66.4000 3.0000
    endloop
  endfacet
  facet normal 0 0 1
    outer loop
      vertex 112.9000 44.6000 3.0000
      vertex 106.5000 66.4000 3.0000
      vertex 106.5000 44.6000 3.0000
    endloop
  endfacet
  facet normal 0 0 1
    outer loop
      vertex 120.2000 126.5000 3.0000
      vertex 112.9000 72.8000 3.0000
      vertex 120.2000 15.5000 3.0000
    endloop
  endfacet
  facet normal -0 0 1
    outer loop
      vertex 112.9000 66.4000 3.0000
      vertex 120.2000 15.5000 3.0000
      vertex 112.9000 72.8000 3.0000
    endloop
  endfacet
  facet normal 0 0 1
    outer loop
      vertex 113.5000 137.2000 3.0000
      vertex 120.2000 141.5000 3.0000
      vertex 120.2000 144.0000 3.0000
    endloop
  endfacet
  facet normal 0 0 1
    outer loop
      vertex 120.2000 141.5000 3.0000
      vertex 119.9000 137.2000 3.0000
      vertex 120.2000 126.5000 3.0000
    endloop
  endfacet
  facet normal 0 0 1
    outer loop
      vertex 120.2000 126.5000 3.0000
      vertex 119.9000 137.2000 3.0000
      vertex 119.9000 130.8000 3.0000
    endloop
  endfacet
  facet normal 0 0 1
    outer loop
      vertex 120.2000 141.5000 3.0000
      vertex 113.5000 137.2000 3.0000
      vertex 119.9000 137.2000 3.0000
    endloop
  endfacet
  facet normal -0 0 1
    outer loop
      vertex 89.8670 137.3000 3.0000
      vertex 113.5000 137.2000 3.0000
      vertex 89.8670 141.9187 3.0000
    endloop
  endfacet
  facet normal -0 0 1
    outer loop
      vertex 112.9000 44.6000 3.0000
      vertex 120.2000 15.5000 3.0000
      vertex 112.9000 66.4000 3.0000
    endloop
  endfacet
  facet normal -0 0 1
    outer loop
      vertex 112.9000 38.2000 3.0000
      vertex 120.2000 15.5000 3.0000
      vertex 112.9000 44.6000 3.0000
    endloop
  endfacet
  facet normal 0 0 1
    outer loop
      vertex 113.5000 130.8000 3.0000
      vertex 106.5000 72.8000 3.0000
      vertex 112.9000 72.8000 3.0000
    endloop
  endfacet
  facet normal 0 0 1
    outer loop
      vertex 74.5000 80.0000 3.0000
      vertex 113.5000 130.8000 3.0000
      vertex 89.8670 137.3000 3.0000
    endloop
  endfacet
  facet normal 0 0 1
    outer loop
      vertex 113.5000 130.8000 3.0000
      vertex 74.5000 80.0000 3.0000
      vertex 106.5000 72.8000 3.0000
    endloop
  endfacet
  facet normal -0 0 1
    outer loop
      vertex 74.4570 79.4525 3.0000
      vertex 106.5000 72.8000 3.0000
      vertex 74.5000 80.0000 3.0000
    endloop
  endfacet
  facet normal 0 0 1
    outer loop
      vertex 113.5000 137.2000 3.0000
      vertex 89.8670 137.3000 3.0000
      vertex 113.5000 130.8000 3.0000
    endloop
  endfacet
  facet normal 0 0 1
    outer loop
      vertex 120.2000 144.0000 3.0000
      vertex 89.8670 141.9187 3.0000
      vertex 113.5000 137.2000 3.0000
    endloop
  endfacet
  facet normal -0 0 1
    outer loop
      vertex 87.6670 144.0000 3.0000
      vertex 89.8670 141.9187 3.0000
      vertex 120.2000 144.0000 3.0000
    endloop
  endfacet
  facet normal 0 0 1
    outer loop
      vertex 89.8670 141.9187 3.0000
      vertex 87.6670 144.0000 3.0000
      vertex 87.6670 143.1187 3.0000
    endloop
  endfacet
  facet normal -0 0 1
    outer loop
      vertex 120.2000 141.5000 3.0000
      vertex 121.7000 126.5000 3.0000
      vertex 121.7000 141.5000 3.0000
    endloop
  endfacet
  facet normal 0 0 1
    outer loop
      vertex 121.7000 126.5000 3.0000
      vertex 120.2000 141.5000 3.0000
      vertex 120.2000 126.5000 3.0000
    endloop
  endfacet
  facet normal 0 0 1
    outer loop
      vertex 121.7000 141.5000 3.0000
      vertex 126.7000 144.0000 3.0000
      vertex 121.7000 144.0000 3.0000
    endloop
  endfacet
  facet normal 0 0 1
    outer loop
      vertex 121.7000 126.5000 3.0000
      vertex 126.7000 144.0000 3.0000
      vertex 121.7000 141.5000 3.0000
    endloop
  endfacet
  facet normal 0 0 1
    outer loop
      vertex 126.7000 144.0000 3.0000
      vertex 121.7000 126.5000 3.0000
      vertex 126.7000 0.0000 3.0000
    endloop
  endfacet
  facet normal -0 0 1
    outer loop
      vertex 121.7000 15.5000 3.0000
      vertex 126.7000 0.0000 3.0000
      vertex 121.7000 126.5000 3.0000
    endloop
  endfacet
  facet normal 0 0 1
    outer loop
      vertex 119.9000 13.2000 3.0000
      vertex 121.7000 15.5000 3.0000
      vertex 120.2000 15.5000 3.0000
    endloop
  endfacet
  facet normal -0 0 1
    outer loop
      vertex 113.5000 130.8000 3.0000
      vertex 120.2000 126.5000 3.0000
      vertex 119.9000 130.8000 3.0000
    endloop
  endfacet
  facet normal 0 0 1
    outer loop
      vertex 112.9000 72.8000 3.0000
      vertex 120.2000 126.5000 3.0000
      vertex 113.5000 130.8000 3.0000
    endloop
  endfacet
  facet normal 0 0 1
    outer loop
      vertex 119.9000 6.8000 3.0000
      vertex 121.7000 15.5000 3.0000
      vertex 119.9000 13.2000 3.0000
    endloop
  endfacet
  facet normal 0 0 1
    outer loop
      vertex 121.7000 15.5000 3.0000
      vertex 119.9000 6.8000 3.0000
      vertex 126.7000 0.0000 3.0000
    endloop
  endfacet
  facet normal 0 0 1
    outer loop
      vertex 111.2000 5.0000 3.0000
      vertex 119.9000 6.8000 3.0000
      vertex 113.5000 6.8000 3.0000
    endloop
  endfacet
  facet normal 0 -0 1
    outer loop
      vertex 113.5000 13.2000 3.0000
      vertex 120.2000 15.5000 3.0000
      vertex 112.9000 38.2000 3.0000
    endloop
  endfacet
  facet normal 0 0 1
    outer loop
      vertex 120.2000 15.5000 3.0000
      vertex 113.5000 13.2000 3.0000
      vertex 119.9000 13.2000 3.0000
    endloop
  endfacet
  facet normal -0 0 1
    outer loop
      vertex 106.5000 38.2000 3.0000
      vertex 113.5000 13.2000 3.0000
      vertex 112.9000 38.2000 3.0000
    endloop
  endfacet
  facet normal 0 0 1
    outer loop
      vertex 113.5000 13.2000 3.0000
      vertex 111.2000 6.5000 3.0000
      vertex 113.5000 6.8000 3.0000
    endloop
  endfacet
  facet normal 0 0 1
    outer loop
      vertex 111.2000 5.0000 3.0000
      vertex 113.5000 6.8000 3.0000
      vertex 111.2000 6.5000 3.0000
    endloop
  endfacet
  facet normal 0 0 1
    outer loop
      vertex 119.9000 6.8000 3.0000
      vertex 111.2000 5.0000 3.0000
      vertex 126.7000 0.0000 3.0000
    endloop
  endfacet
  facet normal -0 0 1
    outer loop
      vertex 17.5000 5.0000 3.0000
      vertex 126.7000 0.0000 3.0000
      vertex 111.2000 5.0000 3.0000
    endloop
  endfacet
  facet normal -0 0 1
    outer loop
      vertex 13.2000 6.8000 3.0000
      vertex 17.5000 6.5000 3.0000
      vertex 13.2000 13.2000 3.0000
    endloop
  endfacet
  facet normal 0 0 1
    outer loop
      vertex 17.5000 6.5000 3.0000
      vertex 13.2000 6.8000 3.0000
      vertex 17.5000 5.0000 3.0000
    endloop
  endfacet
  facet normal 0 0 1
    outer loop
      vertex 0.0000 0.0000 3.0000
      vertex 13.2000 6.8000 3.0000
      vertex 6.8000 6.8000 3.0000
    endloop
  endfacet
  facet normal 0 0 1
    outer loop
      vertex 35.0000 28.7000 3.0000
      vertex 6.7000 42.6000 3.0000
      vertex 15.0000 28.7000 3.0000
    endloop
  endfacet
  facet normal -0 0 1
    outer loop
      vertex 2.0810 42.6000 3.0000
      vertex 15.0000 28.7000 3.0000
      vertex 6.7000 42.6000 3.0000
    endloop
  endfacet
  facet normal 0 0 1
    outer loop
      vertex 15.0000 28.7000 3.0000
      vertex 2.0810 42.6000 3.0000
      vertex 6.8000 13.2000 3.0000
    endloop
  endfacet
  facet normal 0 0 1
    outer loop
      vertex 6.8000 13.2000 3.0000
      vertex 2.5000 6.5000 3.0000
      vertex 6.8000 6.8000 3.0000
    endloop
  endfacet
  facet normal 0 0 1
    outer loop
      vertex 2.5000 5.0000 3.0000
      vertex 6.8000 6.8000 3.0000
      vertex 2.5000 6.5000 3.0000
    endloop
  endfacet
  facet normal 0 0 1
    outer loop
      vertex 0.0000 0.0000 3.0000
      vertex 6.8000 6.8000 3.0000
      vertex 2.5000 5.0000 3.0000
    endloop
  endfacet
  facet normal 0 0 1
    outer loop
      vertex 13.2000 6.8000 3.0000
      vertex 0.0000 0.0000 3.0000
      vertex 17.5000 5.0000 3.0000
    endloop
  endfacet
  facet normal 0 0 1
    outer loop
      vertex 0.0000 0.0000 3.0000
      vertex 2.5000 5.0000 3.0000
      vertex 0.0000 5.0000 3.0000
    endloop
  endfacet
  facet normal 0 0 1
    outer loop
      vertex 17.5000 5.0000 3.0000
      vertex 0.0000 0.0000 3.0000
      vertex 126.7000 0.0000 3.0000
    endloop
  endfacet
  facet normal 0 0 1
    outer loop
      vertex 72.0820 83.3287 3.0000
      vertex 71.0000 94.3000 3.0000
      vertex 71.5480 83.4569 3.0000
    endloop
  endfacet
  facet normal 0 0 1
    outer loop
      vertex 71.0000 94.3000 3.0000
      vertex 71.0000 83.5000 3.0000
      vertex 71.5480 83.4569 3.0000
    endloop
  endfacet
  facet normal 0 0 1
    outer loop
      vertex 71.0000 94.3000 3.0000
      vertex 70.4520 83.4569 3.0000
      vertex 71.0000 83.5000 3.0000
    endloop
  endfacet
  facet normal 0 0 1
    outer loop
      vertex 71.0000 94.3000 3.0000
      vertex 69.9180 83.3287 3.0000
      vertex 70.4520 83.4569 3.0000
    endloop
  endfacet
  facet normal 0 0 1
    outer loop
      vertex 71.0000 94.3000 3.0000
      vertex 69.4110 83.1185 3.0000
      vertex 69.9180 83.3287 3.0000
    endloop
  endfacet
  facet normal 0 0 1
    outer loop
      vertex 71.0000 94.3000 3.0000
      vertex 68.9430 82.8316 3.0000
      vertex 69.4110 83.1185 3.0000
    endloop
  endfacet
  facet normal 0 0 1
    outer loop
      vertex 71.0000 94.3000 3.0000
      vertex 68.5250 82.4749 3.0000
      vertex 68.9430 82.8316 3.0000
    endloop
  endfacet
  facet normal -0 0 1
    outer loop
      vertex 51.0000 94.3000 3.0000
      vertex 68.5250 82.4749 3.0000
      vertex 71.0000 94.3000 3.0000
    endloop
  endfacet
  facet normal 0 0 1
    outer loop
      vertex 68.5250 82.4749 3.0000
      vertex 51.0000 94.3000 3.0000
      vertex 68.1680 82.0572 3.0000
    endloop
  endfacet
  facet normal 0 0 1
    outer loop
      vertex 68.1680 82.0572 3.0000
      vertex 51.0000 94.3000 3.0000
      vertex 67.8810 81.5890 3.0000
    endloop
  endfacet
  facet normal 0 0 1
    outer loop
      vertex 67.6710 44.0816 3.0000
      vertex 51.0000 28.7000 3.0000
      vertex 67.5430 43.5475 3.0000
    endloop
  endfacet
  facet normal 0 0 1
    outer loop
      vertex 67.5430 80.5475 3.0000
      vertex 51.0000 94.3000 3.0000
      vertex 67.5000 80.0000 3.0000
    endloop
  endfacet
  facet normal 0 0 1
    outer loop
      vertex 67.6710 81.0816 3.0000
      vertex 51.0000 94.3000 3.0000
      vertex 67.5430 80.5475 3.0000
    endloop
  endfacet
  facet normal 0 0 1
    outer loop
      vertex 67.8810 81.5890 3.0000
      vertex 51.0000 94.3000 3.0000
      vertex 67.6710 81.0816 3.0000
    endloop
  endfacet
  facet normal 1 -0 0
    outer loop
      vertex 121.7000 141.5000 6.0000
      vertex 121.7000 144.0000 3.0000
      vertex 121.7000 144.0000 6.0000
    endloop
  endfacet
  facet normal 1 0 0
    outer loop
      vertex 121.7000 144.0000 3.0000
      vertex 121.7000 141.5000 6.0000
      vertex 121.7000 141.5000 3.0000
    endloop
  endfacet
  facet normal -0 0 1
    outer loop
      vertex 120.2000 144.0000 6.0000
      vertex 121.7000 141.5000 6.0000
      vertex 121.7000 144.0000 6.0000
    endloop
  endfacet
  facet normal 0 0 1
    outer loop
      vertex 121.7000 141.5000 6.0000
      vertex 120.2000 144.0000 6.0000
      vertex 120.2000 141.5000 6.0000
    endloop
  endfacet
  facet normal -1 0 0
    outer loop
      vertex 120.2000 141.5000 3.0000
      vertex 120.2000 144.0000 6.0000
      vertex 120.2000 144.0000 3.0000
    endloop
  endfacet
  facet normal -1 -0 0
    outer loop
      vertex 120.2000 144.0000 6.0000
      vertex 120.2000 141.5000 3.0000
      vertex 120.2000 141.5000 6.0000
    endloop
  endfacet
  facet normal 0 -1 0
    outer loop
      vertex 120.2000 141.5000 3.0000
      vertex 121.7000 141.5000 6.0000
      vertex 120.2000 141.5000 6.0000
    endloop
  endfacet
  facet normal 0 -1 -0
    outer loop
      vertex 121.7000 141.5000 6.0000
      vertex 120.2000 141.5000 3.0000
      vertex 121.7000 141.5000 3.0000
    endloop
  endfacet
  facet normal 1 -0 0
    outer loop
      vertex 121.7000 15.5000 6.0000
      vertex 121.7000 126.5000 3.0000
      vertex 121.7000 126.5000 6.0000
    endloop
  endfacet
  facet normal 1 0 0
    outer loop
      vertex 121.7000 126.5000 3.0000
      vertex 121.7000 15.5000 6.0000
      vertex 121.7000 15.5000 3.0000
    endloop
  endfacet
  facet normal -0 0 1
    outer loop
      vertex 120.2000 126.5000 6.0000
      vertex 121.7000 15.5000 6.0000
      vertex 121.7000 126.5000 6.0000
    endloop
  endfacet
  facet normal 0 0 1
    outer loop
      vertex 121.7000 15.5000 6.0000
      vertex 120.2000 126.5000 6.0000
      vertex 120.2000 15.5000 6.0000
    endloop
  endfacet
  facet normal -1 0 0
    outer loop
      vertex 120.2000 15.5000 3.0000
      vertex 120.2000 126.5000 6.0000
      vertex 120.2000 126.5000 3.0000
    endloop
  endfacet
  facet normal -1 -0 0
    outer loop
      vertex 120.2000 126.5000 6.0000
      vertex 120.2000 15.5000 3.0000
      vertex 120.2000 15.5000 6.0000
    endloop
  endfacet
  facet normal 0 -1 0
    outer loop
      vertex 120.2000 15.5000 3.0000
      vertex 121.7000 15.5000 6.0000
      vertex 120.2000 15.5000 6.0000
    endloop
  endfacet
  facet normal 0 -1 -0
    outer loop
      vertex 121.7000 15.5000 6.0000
      vertex 120.2000 15.5000 3.0000
      vertex 121.7000 15.5000 3.0000
    endloop
  endfacet
  facet normal 0 1 -0
    outer loop
      vertex 121.7000 126.5000 3.0000
      vertex 120.2000 126.5000 6.0000
      vertex 121.7000 126.5000 6.0000
    endloop
  endfacet
  facet normal 0 1 0
    outer loop
      vertex 120.2000 126.5000 6.0000
      vertex 121.7000 126.5000 3.0000
      vertex 120.2000 126.5000 3.0000
    endloop
  endfacet
  facet normal 1 -0 0
    outer loop
      vertex 2.5000 5.0000 6.0000
      vertex 2.5000 6.5000 3.0000
      vertex 2.5000 6.5000 6.0000
    endloop
  endfacet
  facet normal 1 0 0
    outer loop
      vertex 2.5000 6.5000 3.0000
      vertex 2.5000 5.0000 6.0000
      vertex 2.5000 5.0000 3.0000
    endloop
  endfacet
  facet normal -0 0 1
    outer loop
      vertex 0.0000 6.5000 6.0000
      vertex 2.5000 5.0000 6.0000
      vertex 2.5000 6.5000 6.0000
    endloop
  endfacet
  facet normal 0 0 1
    outer loop
      vertex 2.5000 5.0000 6.0000
      vertex 0.0000 6.5000 6.0000
      vertex 0.0000 5.0000 6.0000
    endloop
  endfacet
  facet normal 0 -1 0
    outer loop
      vertex 0.0000 5.0000 3.0000
      vertex 2.5000 5.0000 6.0000
      vertex 0.0000 5.0000 6.0000
    endloop
  endfacet
  facet normal 0 -1 -0
    outer loop
      vertex 2.5000 5.0000 6.0000
      vertex 0.0000 5.0000 3.0000
      vertex 2.5000 5.0000 3.0000
    endloop
  endfacet
  facet normal 0 1 -0
    outer loop
      vertex 2.5000 6.5000 3.0000
      vertex 0.0000 6.5000 6.0000
      vertex 2.5000 6.5000 6.0000
    endloop
  endfacet
  facet normal 0 1 0
    outer loop
      vertex 0.0000 6.5000 6.0000
      vertex 2.5000 6.5000 3.0000
      vertex 0.0000 6.5000 3.0000
    endloop
  endfacet
  facet normal 1 -0 0
    outer loop
      vertex 111.2000 5.0000 6.0000
      vertex 111.2000 6.5000 3.0000
      vertex 111.2000 6.5000 6.0000
    endloop
  endfacet
  facet normal 1 0 0
    outer loop
      vertex 111.2000 6.5000 3.0000
      vertex 111.2000 5.0000 6.0000
      vertex 111.2000 5.0000 3.0000
    endloop
  endfacet
  facet normal -0 0 1
    outer loop
      vertex 17.5000 6.5000 6.0000
      vertex 111.2000 5.0000 6.0000
      vertex 111.2000 6.5000 6.0000
    endloop
  endfacet
  facet normal 0 0 1
    outer loop
      vertex 111.2000 5.0000 6.0000
      vertex 17.5000 6.5000 6.0000
      vertex 17.5000 5.0000 6.0000
    endloop
  endfacet
  facet normal -1 0 0
    outer loop
      vertex 17.5000 5.0000 3.0000
      vertex 17.5000 6.5000 6.0000
      vertex 17.5000 6.5000 3.0000
    endloop
  endfacet
  facet normal -1 -0 0
    outer loop
      vertex 17.5000 6.5000 6.0000
      vertex 17.5000 5.0000 3.0000
      vertex 17.5000 5.0000 6.0000
    endloop
  endfacet
  facet normal 0 -1 0
    outer loop
      vertex 17.5000 5.0000 3.0000
      vertex 111.2000 5.0000 6.0000
      vertex 17.5000 5.0000 6.0000
    endloop
  endfacet
  facet normal 0 -1 -0
    outer loop
      vertex 111.2000 5.0000 6.0000
      vertex 17.5000 5.0000 3.0000
      vertex 111.2000 5.0000 3.0000
    endloop
  endfacet
  facet normal 0 1 -0
    outer loop
      vertex 111.2000 6.5000 3.0000
      vertex 17.5000 6.5000 6.0000
      vertex 111.2000 6.5000 6.0000
    endloop
  endfacet
  facet normal 0 1 0
    outer loop
      vertex 17.5000 6.5000 6.0000
      vertex 111.2000 6.5000 3.0000
      vertex 17.5000 6.5000 3.0000
    endloop
  endfacet
  facet normal 0.0784075 0.996921 -0
    outer loop
      vertex 71.5480 83.4569 3.0000
      vertex 71.0000 83.5000 9.9500
      vertex 71.5480 83.4569 9.9500
    endloop
  endfacet
  facet normal 0.0784075 0.996921 0
    outer loop
      vertex 71.0000 83.5000 9.9500
      vertex 71.5480 83.4569 3.0000
      vertex 71.0000 83.5000 3.0000
    endloop
  endfacet
  facet normal 0.972463 -0.233056 1.77766e-18
    outer loop
      vertex 74.3290 78.9184 9.9500
      vertex 74.4570 79.4525 3.0000
      vertex 74.4570 79.4525 9.9500
    endloop
  endfacet
  facet normal 0.972463 -0.233056 1.77766e-18
    outer loop
      vertex 74.4570 79.4525 3.0000
      vertex 74.3290 78.9184 9.9500
      vertex 74.3290 78.9184 3.0000
    endloop
  endfacet
  facet normal 0.99693 -0.0782977 3.2258e-19
    outer loop
      vertex 74.4570 79.4525 9.9500
      vertex 74.5000 80.0000 3.0000
      vertex 74.5000 80.0000 9.9500
    endloop
  endfacet
  facet normal 0.99693 -0.0782977 3.2258e-19
    outer loop
      vertex 74.5000 80.0000 3.0000
      vertex 74.4570 79.4525 9.9500
      vertex 74.4570 79.4525 3.0000
    endloop
  endfacet
  facet normal 0.92399 -0.382416 3.03466e-19
    outer loop
      vertex 74.1190 78.4110 9.9500
      vertex 74.3290 78.9184 3.0000
      vertex 74.3290 78.9184 9.9500
    endloop
  endfacet
  facet normal 0.92399 -0.382416 3.03466e-19
    outer loop
      vertex 74.3290 78.9184 3.0000
      vertex 74.1190 78.4110 9.9500
      vertex 74.1190 78.4110 3.0000
    endloop
  endfacet
  facet normal 0.85257 -0.522613 -2.39728e-18
    outer loop
      vertex 73.8320 77.9428 9.9500
      vertex 74.1190 78.4110 3.0000
      vertex 74.1190 78.4110 9.9500
    endloop
  endfacet
  facet normal 0.85257 -0.522613 -2.39728e-18
    outer loop
      vertex 74.1190 78.4110 3.0000
      vertex 73.8320 77.9428 9.9500
      vertex 73.8320 77.9428 3.0000
    endloop
  endfacet
  facet normal -0.522643 0.852552 0
    outer loop
      vertex 69.4110 83.1185 3.0000
      vertex 68.9430 82.8316 9.9500
      vertex 69.4110 83.1185 9.9500
    endloop
  endfacet
  facet normal -0.522643 0.852552 0
    outer loop
      vertex 68.9430 82.8316 9.9500
      vertex 69.4110 83.1185 3.0000
      vertex 68.9430 82.8316 3.0000
    endloop
  endfacet
  facet normal 0.92399 0.382416 -3.03466e-19
    outer loop
      vertex 74.3290 81.0816 9.9500
      vertex 74.1190 81.5890 3.0000
      vertex 74.1190 81.5890 9.9500
    endloop
  endfacet
  facet normal 0.92399 0.382416 -3.03466e-19
    outer loop
      vertex 74.1190 81.5890 3.0000
      vertex 74.3290 81.0816 9.9500
      vertex 74.3290 81.0816 3.0000
    endloop
  endfacet
  facet normal 0.760181 -0.649712 1.96677e-18
    outer loop
      vertex 73.4750 77.5251 9.9500
      vertex 73.8320 77.9428 3.0000
      vertex 73.8320 77.9428 9.9500
    endloop
  endfacet
  facet normal 0.760181 -0.649712 1.96677e-18
    outer loop
      vertex 73.8320 77.9428 3.0000
      vertex 73.4750 77.5251 9.9500
      vertex 73.4750 77.5251 3.0000
    endloop
  endfacet
  facet normal 0.233442 -0.972371 0
    outer loop
      vertex 71.5480 76.5431 3.0000
      vertex 72.0820 76.6713 9.9500
      vertex 71.5480 76.5431 9.9500
    endloop
  endfacet
  facet normal 0.233442 -0.972371 0
    outer loop
      vertex 72.0820 76.6713 9.9500
      vertex 71.5480 76.5431 3.0000
      vertex 72.0820 76.6713 3.0000
    endloop
  endfacet
  facet normal 0.0784075 -0.996921 0
    outer loop
      vertex 71.0000 76.5000 3.0000
      vertex 71.5480 76.5431 9.9500
      vertex 71.0000 76.5000 9.9500
    endloop
  endfacet
  facet normal 0.0784075 -0.996921 0
    outer loop
      vertex 71.5480 76.5431 9.9500
      vertex 71.0000 76.5000 3.0000
      vertex 71.5480 76.5431 3.0000
    endloop
  endfacet
  facet normal -0.972463 0.233056 1.77766e-18
    outer loop
      vertex 67.5430 80.5475 3.0000
      vertex 67.6710 81.0816 9.9500
      vertex 67.6710 81.0816 3.0000
    endloop
  endfacet
  facet normal -0.972463 0.233056 1.77766e-18
    outer loop
      vertex 67.6710 81.0816 9.9500
      vertex 67.5430 80.5475 3.0000
      vertex 67.5430 80.5475 9.9500
    endloop
  endfacet
  facet normal 0.85257 0.522613 -2.19873e-18
    outer loop
      vertex 74.1190 81.5890 9.9500
      vertex 73.8320 82.0572 3.0000
      vertex 73.8320 82.0572 9.9500
    endloop
  endfacet
  facet normal 0.85257 0.522613 -2.19873e-18
    outer loop
      vertex 73.8320 82.0572 3.0000
      vertex 74.1190 81.5890 9.9500
      vertex 74.1190 81.5890 3.0000
    endloop
  endfacet
  facet normal -0.92399 0.382416 3.03466e-19
    outer loop
      vertex 67.6710 81.0816 3.0000
      vertex 67.8810 81.5890 9.9500
      vertex 67.8810 81.5890 3.0000
    endloop
  endfacet
  facet normal -0.92399 0.382416 3.03466e-19
    outer loop
      vertex 67.8810 81.5890 9.9500
      vertex 67.6710 81.0816 3.0000
      vertex 67.6710 81.0816 9.9500
    endloop
  endfacet
  facet normal 0.522643 -0.852552 0
    outer loop
      vertex 72.5890 76.8815 3.0000
      vertex 73.0570 77.1684 9.9500
      vertex 72.5890 76.8815 9.9500
    endloop
  endfacet
  facet normal 0.522643 -0.852552 0
    outer loop
      vertex 73.0570 77.1684 9.9500
      vertex 72.5890 76.8815 3.0000
      vertex 73.0570 77.1684 3.0000
    endloop
  endfacet
  facet normal -0.99693 -0.0782977 -3.2258e-19
    outer loop
      vertex 67.5430 79.4525 3.0000
      vertex 67.5000 80.0000 9.9500
      vertex 67.5000 80.0000 3.0000
    endloop
  endfacet
  facet normal -0.99693 -0.0782977 -3.2258e-19
    outer loop
      vertex 67.5000 80.0000 9.9500
      vertex 67.5430 79.4525 3.0000
      vertex 67.5430 79.4525 9.9500
    endloop
  endfacet
  facet normal -0.760181 0.649712 1.96677e-18
    outer loop
      vertex 68.1680 82.0572 3.0000
      vertex 68.5250 82.4749 9.9500
      vertex 68.5250 82.4749 3.0000
    endloop
  endfacet
  facet normal -0.760181 0.649712 1.96677e-18
    outer loop
      vertex 68.5250 82.4749 9.9500
      vertex 68.1680 82.0572 3.0000
      vertex 68.1680 82.0572 9.9500
    endloop
  endfacet
  facet normal 0.382985 -0.923755 0
    outer loop
      vertex 72.0820 76.6713 3.0000
      vertex 72.5890 76.8815 9.9500
      vertex 72.0820 76.6713 9.9500
    endloop
  endfacet
  facet normal 0.382985 -0.923755 0
    outer loop
      vertex 72.5890 76.8815 9.9500
      vertex 72.0820 76.6713 3.0000
      vertex 72.5890 76.8815 3.0000
    endloop
  endfacet
  facet normal -0.0784075 0.996921 0
    outer loop
      vertex 71.0000 83.5000 3.0000
      vertex 70.4520 83.4569 9.9500
      vertex 71.0000 83.5000 9.9500
    endloop
  endfacet
  facet normal -0.0784075 0.996921 0
    outer loop
      vertex 70.4520 83.4569 9.9500
      vertex 71.0000 83.5000 3.0000
      vertex 70.4520 83.4569 3.0000
    endloop
  endfacet
  facet normal 0.649126 0.760681 -0
    outer loop
      vertex 73.4750 82.4749 3.0000
      vertex 73.0570 82.8316 9.9500
      vertex 73.4750 82.4749 9.9500
    endloop
  endfacet
  facet normal 0.649126 0.760681 0
    outer loop
      vertex 73.0570 82.8316 9.9500
      vertex 73.4750 82.4749 3.0000
      vertex 73.0570 82.8316 3.0000
    endloop
  endfacet
  facet normal 0.99693 0.0782977 -3.2258e-19
    outer loop
      vertex 74.5000 80.0000 9.9500
      vertex 74.4570 80.5475 3.0000
      vertex 74.4570 80.5475 9.9500
    endloop
  endfacet
  facet normal 0.99693 0.0782977 -3.2258e-19
    outer loop
      vertex 74.4570 80.5475 3.0000
      vertex 74.5000 80.0000 9.9500
      vertex 74.5000 80.0000 3.0000
    endloop
  endfacet
  facet normal -0.972463 -0.233056 -1.77766e-18
    outer loop
      vertex 67.6710 78.9184 3.0000
      vertex 67.5430 79.4525 9.9500
      vertex 67.5430 79.4525 3.0000
    endloop
  endfacet
  facet normal -0.972463 -0.233056 -1.77766e-18
    outer loop
      vertex 67.5430 79.4525 9.9500
      vertex 67.6710 78.9184 3.0000
      vertex 67.6710 78.9184 9.9500
    endloop
  endfacet
  facet normal -0.649126 -0.760681 0
    outer loop
      vertex 68.5250 77.5251 3.0000
      vertex 68.9430 77.1684 9.9500
      vertex 68.5250 77.5251 9.9500
    endloop
  endfacet
  facet normal -0.649126 -0.760681 -0
    outer loop
      vertex 68.9430 77.1684 9.9500
      vertex 68.5250 77.5251 3.0000
      vertex 68.9430 77.1684 3.0000
    endloop
  endfacet
  facet normal 0.522643 0.852552 -0
    outer loop
      vertex 73.0570 82.8316 3.0000
      vertex 72.5890 83.1185 9.9500
      vertex 73.0570 82.8316 9.9500
    endloop
  endfacet
  facet normal 0.522643 0.852552 0
    outer loop
      vertex 72.5890 83.1185 9.9500
      vertex 73.0570 82.8316 3.0000
      vertex 72.5890 83.1185 3.0000
    endloop
  endfacet
  facet normal -0.522643 -0.852552 0
    outer loop
      vertex 68.9430 77.1684 3.0000
      vertex 69.4110 76.8815 9.9500
      vertex 68.9430 77.1684 9.9500
    endloop
  endfacet
  facet normal -0.522643 -0.852552 -0
    outer loop
      vertex 69.4110 76.8815 9.9500
      vertex 68.9430 77.1684 3.0000
      vertex 69.4110 76.8815 3.0000
    endloop
  endfacet
  facet normal -0.92399 -0.382416 -3.03466e-19
    outer loop
      vertex 67.8810 78.4110 3.0000
      vertex 67.6710 78.9184 9.9500
      vertex 67.6710 78.9184 3.0000
    endloop
  endfacet
  facet normal -0.92399 -0.382416 -3.03466e-19
    outer loop
      vertex 67.6710 78.9184 9.9500
      vertex 67.8810 78.4110 3.0000
      vertex 67.8810 78.4110 9.9500
    endloop
  endfacet
  facet normal -0.233442 -0.972371 0
    outer loop
      vertex 69.9180 76.6713 3.0000
      vertex 70.4520 76.5431 9.9500
      vertex 69.9180 76.6713 9.9500
    endloop
  endfacet
  facet normal -0.233442 -0.972371 -0
    outer loop
      vertex 70.4520 76.5431 9.9500
      vertex 69.9180 76.6713 3.0000
      vertex 70.4520 76.5431 3.0000
    endloop
  endfacet
  facet normal 0.649126 -0.760681 0
    outer loop
      vertex 73.0570 77.1684 3.0000
      vertex 73.4750 77.5251 9.9500
      vertex 73.0570 77.1684 9.9500
    endloop
  endfacet
  facet normal 0.649126 -0.760681 0
    outer loop
      vertex 73.4750 77.5251 9.9500
      vertex 73.0570 77.1684 3.0000
      vertex 73.4750 77.5251 3.0000
    endloop
  endfacet
  facet normal 0.233442 0.972371 -0
    outer loop
      vertex 72.0820 83.3287 3.0000
      vertex 71.5480 83.4569 9.9500
      vertex 72.0820 83.3287 9.9500
    endloop
  endfacet
  facet normal 0.233442 0.972371 0
    outer loop
      vertex 71.5480 83.4569 9.9500
      vertex 72.0820 83.3287 3.0000
      vertex 71.5480 83.4569 3.0000
    endloop
  endfacet
  facet normal -0.0784075 -0.996921 0
    outer loop
      vertex 70.4520 76.5431 3.0000
      vertex 71.0000 76.5000 9.9500
      vertex 70.4520 76.5431 9.9500
    endloop
  endfacet
  facet normal -0.0784075 -0.996921 -0
    outer loop
      vertex 71.0000 76.5000 9.9500
      vertex 70.4520 76.5431 3.0000
      vertex 71.0000 76.5000 3.0000
    endloop
  endfacet
  facet normal -0.85257 0.522613 2.19873e-18
    outer loop
      vertex 67.8810 81.5890 3.0000
      vertex 68.1680 82.0572 9.9500
      vertex 68.1680 82.0572 3.0000
    endloop
  endfacet
  facet normal -0.85257 0.522613 2.19873e-18
    outer loop
      vertex 68.1680 82.0572 9.9500
      vertex 67.8810 81.5890 3.0000
      vertex 67.8810 81.5890 9.9500
    endloop
  endfacet
  facet normal -0.85257 -0.522613 2.39728e-18
    outer loop
      vertex 68.1680 77.9428 3.0000
      vertex 67.8810 78.4110 9.9500
      vertex 67.8810 78.4110 3.0000
    endloop
  endfacet
  facet normal -0.85257 -0.522613 2.39728e-18
    outer loop
      vertex 67.8810 78.4110 9.9500
      vertex 68.1680 77.9428 3.0000
      vertex 68.1680 77.9428 9.9500
    endloop
  endfacet
  facet normal -0.99693 0.0782977 3.2258e-19
    outer loop
      vertex 67.5000 80.0000 3.0000
      vertex 67.5430 80.5475 9.9500
      vertex 67.5430 80.5475 3.0000
    endloop
  endfacet
  facet normal -0.99693 0.0782977 3.2258e-19
    outer loop
      vertex 67.5430 80.5475 9.9500
      vertex 67.5000 80.0000 3.0000
      vertex 67.5000 80.0000 9.9500
    endloop
  endfacet
  facet normal -0.382985 -0.923755 0
    outer loop
      vertex 69.4110 76.8815 3.0000
      vertex 69.9180 76.6713 9.9500
      vertex 69.4110 76.8815 9.9500
    endloop
  endfacet
  facet normal -0.382985 -0.923755 -0
    outer loop
      vertex 69.9180 76.6713 9.9500
      vertex 69.4110 76.8815 3.0000
      vertex 69.9180 76.6713 3.0000
    endloop
  endfacet
  facet normal 0.382985 0.923755 -0
    outer loop
      vertex 72.5890 83.1185 3.0000
      vertex 72.0820 83.3287 9.9500
      vertex 72.5890 83.1185 9.9500
    endloop
  endfacet
  facet normal 0.382985 0.923755 0
    outer loop
      vertex 72.0820 83.3287 9.9500
      vertex 72.5890 83.1185 3.0000
      vertex 72.0820 83.3287 3.0000
    endloop
  endfacet
  facet normal 0.760181 0.649712 -1.96677e-18
    outer loop
      vertex 73.8320 82.0572 9.9500
      vertex 73.4750 82.4749 3.0000
      vertex 73.4750 82.4749 9.9500
    endloop
  endfacet
  facet normal 0.760181 0.649712 -1.96677e-18
    outer loop
      vertex 73.4750 82.4749 3.0000
      vertex 73.8320 82.0572 9.9500
      vertex 73.8320 82.0572 3.0000
    endloop
  endfacet
  facet normal 0.972463 0.233056 -1.77766e-18
    outer loop
      vertex 74.4570 80.5475 9.9500
      vertex 74.3290 81.0816 3.0000
      vertex 74.3290 81.0816 9.9500
    endloop
  endfacet
  facet normal 0.972463 0.233056 -1.77766e-18
    outer loop
      vertex 74.3290 81.0816 3.0000
      vertex 74.4570 80.5475 9.9500
      vertex 74.4570 80.5475 3.0000
    endloop
  endfacet
  facet normal -0.649126 0.760681 0
    outer loop
      vertex 68.9430 82.8316 3.0000
      vertex 68.5250 82.4749 9.9500
      vertex 68.9430 82.8316 9.9500
    endloop
  endfacet
  facet normal -0.649126 0.760681 0
    outer loop
      vertex 68.5250 82.4749 9.9500
      vertex 68.9430 82.8316 3.0000
      vertex 68.5250 82.4749 3.0000
    endloop
  endfacet
  facet normal 0 0 1
    outer loop
      vertex 72.4500 80.0000 9.9500
      vertex 74.5000 80.0000 9.9500
      vertex 74.4570 80.5475 9.9500
    endloop
  endfacet
  facet normal 0 0 1
    outer loop
      vertex 72.4320 80.2268 9.9500
      vertex 74.4570 80.5475 9.9500
      vertex 74.3290 81.0816 9.9500
    endloop
  endfacet
  facet normal 0 0 1
    outer loop
      vertex 74.5000 80.0000 9.9500
      vertex 72.4500 80.0000 9.9500
      vertex 74.4570 79.4525 9.9500
    endloop
  endfacet
  facet normal 0 0 1
    outer loop
      vertex 72.3790 80.4481 9.9500
      vertex 74.3290 81.0816 9.9500
      vertex 74.1190 81.5890 9.9500
    endloop
  endfacet
  facet normal -0 0 1
    outer loop
      vertex 72.4320 79.7732 9.9500
      vertex 74.4570 79.4525 9.9500
      vertex 72.4500 80.0000 9.9500
    endloop
  endfacet
  facet normal 0 0 1
    outer loop
      vertex 72.2920 80.6583 9.9500
      vertex 74.1190 81.5890 9.9500
      vertex 73.8320 82.0572 9.9500
    endloop
  endfacet
  facet normal 0 0 1
    outer loop
      vertex 74.4570 79.4525 9.9500
      vertex 72.4320 79.7732 9.9500
      vertex 74.3290 78.9184 9.9500
    endloop
  endfacet
  facet normal 0 0 1
    outer loop
      vertex 72.1730 80.8523 9.9500
      vertex 73.8320 82.0572 9.9500
      vertex 73.4750 82.4749 9.9500
    endloop
  endfacet
  facet normal -0 0 1
    outer loop
      vertex 72.3790 79.5519 9.9500
      vertex 74.3290 78.9184 9.9500
      vertex 72.4320 79.7732 9.9500
    endloop
  endfacet
  facet normal 0 0 1
    outer loop
      vertex 72.0250 81.0253 9.9500
      vertex 73.4750 82.4749 9.9500
      vertex 73.0570 82.8316 9.9500
    endloop
  endfacet
  facet normal 0 0 1
    outer loop
      vertex 74.3290 78.9184 9.9500
      vertex 72.3790 79.5519 9.9500
      vertex 74.1190 78.4110 9.9500
    endloop
  endfacet
  facet normal 0 0 1
    outer loop
      vertex 71.8520 81.1731 9.9500
      vertex 73.0570 82.8316 9.9500
      vertex 72.5890 83.1185 9.9500
    endloop
  endfacet
  facet normal -0 0 1
    outer loop
      vertex 72.2920 79.3417 9.9500
      vertex 74.1190 78.4110 9.9500
      vertex 72.3790 79.5519 9.9500
    endloop
  endfacet
  facet normal 0 0 1
    outer loop
      vertex 74.1190 78.4110 9.9500
      vertex 72.2920 79.3417 9.9500
      vertex 73.8320 77.9428 9.9500
    endloop
  endfacet
  facet normal 0 0 1
    outer loop
      vertex 74.4570 80.5475 9.9500
      vertex 72.4320 80.2268 9.9500
      vertex 72.4500 80.0000 9.9500
    endloop
  endfacet
  facet normal 0 0 1
    outer loop
      vertex 74.3290 81.0816 9.9500
      vertex 72.3790 80.4481 9.9500
      vertex 72.4320 80.2268 9.9500
    endloop
  endfacet
  facet normal 0 0 1
    outer loop
      vertex 74.1190 81.5890 9.9500
      vertex 72.2920 80.6583 9.9500
      vertex 72.3790 80.4481 9.9500
    endloop
  endfacet
  facet normal 0 0 1
    outer loop
      vertex 73.8320 82.0572 9.9500
      vertex 72.1730 80.8523 9.9500
      vertex 72.2920 80.6583 9.9500
    endloop
  endfacet
  facet normal 0 0 1
    outer loop
      vertex 71.6580 81.2920 9.9500
      vertex 72.5890 83.1185 9.9500
      vertex 72.0820 83.3287 9.9500
    endloop
  endfacet
  facet normal 0 0 1
    outer loop
      vertex 73.4750 82.4749 9.9500
      vertex 72.0250 81.0253 9.9500
      vertex 72.1730 80.8523 9.9500
    endloop
  endfacet
  facet normal 0 0 1
    outer loop
      vertex 73.0570 82.8316 9.9500
      vertex 71.8520 81.1731 9.9500
      vertex 72.0250 81.0253 9.9500
    endloop
  endfacet
  facet normal 0 0 1
    outer loop
      vertex 72.5890 83.1185 9.9500
      vertex 71.6580 81.2920 9.9500
      vertex 71.8520 81.1731 9.9500
    endloop
  endfacet
  facet normal 0 0 1
    outer loop
      vertex 71.4480 81.3790 9.9500
      vertex 72.0820 83.3287 9.9500
      vertex 71.5480 83.4569 9.9500
    endloop
  endfacet
  facet normal 0 0 1
    outer loop
      vertex 72.0820 83.3287 9.9500
      vertex 71.4480 81.3790 9.9500
      vertex 71.6580 81.2920 9.9500
    endloop
  endfacet
  facet normal 0 0 1
    outer loop
      vertex 71.5480 83.4569 9.9500
      vertex 71.2270 81.4321 9.9500
      vertex 71.4480 81.3790 9.9500
    endloop
  endfacet
  facet normal 0 0 1
    outer loop
      vertex 71.0000 83.5000 9.9500
      vertex 71.2270 81.4321 9.9500
      vertex 71.5480 83.4569 9.9500
    endloop
  endfacet
  facet normal 0 0 1
    outer loop
      vertex 71.0000 83.5000 9.9500
      vertex 71.0000 81.4500 9.9500
      vertex 71.2270 81.4321 9.9500
    endloop
  endfacet
  facet normal 0 0 1
    outer loop
      vertex 71.0000 83.5000 9.9500
      vertex 70.7730 81.4321 9.9500
      vertex 71.0000 81.4500 9.9500
    endloop
  endfacet
  facet normal -0 0 1
    outer loop
      vertex 70.4520 83.4569 9.9500
      vertex 70.7730 81.4321 9.9500
      vertex 71.0000 83.5000 9.9500
    endloop
  endfacet
  facet normal 0 0 1
    outer loop
      vertex 70.7730 81.4321 9.9500
      vertex 70.4520 83.4569 9.9500
      vertex 70.5520 81.3790 9.9500
    endloop
  endfacet
  facet normal -0 0 1
    outer loop
      vertex 69.9180 83.3287 9.9500
      vertex 70.5520 81.3790 9.9500
      vertex 70.4520 83.4569 9.9500
    endloop
  endfacet
  facet normal 0 0 1
    outer loop
      vertex 70.5520 81.3790 9.9500
      vertex 69.9180 83.3287 9.9500
      vertex 70.3420 81.2920 9.9500
    endloop
  endfacet
  facet normal -0 0 1
    outer loop
      vertex 69.4110 83.1185 9.9500
      vertex 70.3420 81.2920 9.9500
      vertex 69.9180 83.3287 9.9500
    endloop
  endfacet
  facet normal 0 0 1
    outer loop
      vertex 70.3420 81.2920 9.9500
      vertex 69.4110 83.1185 9.9500
      vertex 70.1480 81.1731 9.9500
    endloop
  endfacet
  facet normal -0 0 1
    outer loop
      vertex 68.9430 82.8316 9.9500
      vertex 70.1480 81.1731 9.9500
      vertex 69.4110 83.1185 9.9500
    endloop
  endfacet
  facet normal 0 0 1
    outer loop
      vertex 70.1480 81.1731 9.9500
      vertex 68.9430 82.8316 9.9500
      vertex 69.9750 81.0253 9.9500
    endloop
  endfacet
  facet normal -0 0 1
    outer loop
      vertex 68.5250 82.4749 9.9500
      vertex 69.9750 81.0253 9.9500
      vertex 68.9430 82.8316 9.9500
    endloop
  endfacet
  facet normal 0 0 1
    outer loop
      vertex 69.9750 81.0253 9.9500
      vertex 68.5250 82.4749 9.9500
      vertex 69.8270 80.8523 9.9500
    endloop
  endfacet
  facet normal 0 0 1
    outer loop
      vertex 69.8270 80.8523 9.9500
      vertex 68.1680 82.0572 9.9500
      vertex 69.7080 80.6583 9.9500
    endloop
  endfacet
  facet normal -0 0 1
    outer loop
      vertex 68.1680 82.0572 9.9500
      vertex 69.8270 80.8523 9.9500
      vertex 68.5250 82.4749 9.9500
    endloop
  endfacet
  facet normal -0 0 1
    outer loop
      vertex 72.1730 79.1477 9.9500
      vertex 73.8320 77.9428 9.9500
      vertex 72.2920 79.3417 9.9500
    endloop
  endfacet
  facet normal 0 0 1
    outer loop
      vertex 73.8320 77.9428 9.9500
      vertex 72.1730 79.1477 9.9500
      vertex 73.4750 77.5251 9.9500
    endloop
  endfacet
  facet normal -0 0 1
    outer loop
      vertex 72.0250 78.9747 9.9500
      vertex 73.4750 77.5251 9.9500
      vertex 72.1730 79.1477 9.9500
    endloop
  endfacet
  facet normal 0 0 1
    outer loop
      vertex 73.4750 77.5251 9.9500
      vertex 72.0250 78.9747 9.9500
      vertex 73.0570 77.1684 9.9500
    endloop
  endfacet
  facet normal -0 0 1
    outer loop
      vertex 71.8520 78.8269 9.9500
      vertex 73.0570 77.1684 9.9500
      vertex 72.0250 78.9747 9.9500
    endloop
  endfacet
  facet normal 0 0 1
    outer loop
      vertex 73.0570 77.1684 9.9500
      vertex 71.8520 78.8269 9.9500
      vertex 72.5890 76.8815 9.9500
    endloop
  endfacet
  facet normal -0 0 1
    outer loop
      vertex 71.6580 78.7080 9.9500
      vertex 72.5890 76.8815 9.9500
      vertex 71.8520 78.8269 9.9500
    endloop
  endfacet
  facet normal 0 0 1
    outer loop
      vertex 72.5890 76.8815 9.9500
      vertex 71.6580 78.7080 9.9500
      vertex 72.0820 76.6713 9.9500
    endloop
  endfacet
  facet normal -0 0 1
    outer loop
      vertex 71.4480 78.6210 9.9500
      vertex 72.0820 76.6713 9.9500
      vertex 71.6580 78.7080 9.9500
    endloop
  endfacet
  facet normal 0 0 1
    outer loop
      vertex 72.0820 76.6713 9.9500
      vertex 71.4480 78.6210 9.9500
      vertex 71.5480 76.5431 9.9500
    endloop
  endfacet
  facet normal -0 0 1
    outer loop
      vertex 71.2270 78.5679 9.9500
      vertex 71.5480 76.5431 9.9500
      vertex 71.4480 78.6210 9.9500
    endloop
  endfacet
  facet normal -0 0 1
    outer loop
      vertex 71.0000 78.5500 9.9500
      vertex 71.5480 76.5431 9.9500
      vertex 71.2270 78.5679 9.9500
    endloop
  endfacet
  facet normal 0 0 1
    outer loop
      vertex 71.0000 78.5500 9.9500
      vertex 71.0000 76.5000 9.9500
      vertex 71.5480 76.5431 9.9500
    endloop
  endfacet
  facet normal 0 0 1
    outer loop
      vertex 70.7730 78.5679 9.9500
      vertex 71.0000 76.5000 9.9500
      vertex 71.0000 78.5500 9.9500
    endloop
  endfacet
  facet normal 0 0 1
    outer loop
      vertex 70.4520 76.5431 9.9500
      vertex 70.7730 78.5679 9.9500
      vertex 70.5520 78.6210 9.9500
    endloop
  endfacet
  facet normal 0 0 1
    outer loop
      vertex 70.7730 78.5679 9.9500
      vertex 70.4520 76.5431 9.9500
      vertex 71.0000 76.5000 9.9500
    endloop
  endfacet
  facet normal 0 0 1
    outer loop
      vertex 69.9180 76.6713 9.9500
      vertex 70.5520 78.6210 9.9500
      vertex 70.3420 78.7080 9.9500
    endloop
  endfacet
  facet normal 0 0 1
    outer loop
      vertex 69.4110 76.8815 9.9500
      vertex 70.3420 78.7080 9.9500
      vertex 70.1480 78.8269 9.9500
    endloop
  endfacet
  facet normal 0 0 1
    outer loop
      vertex 68.9430 77.1684 9.9500
      vertex 70.1480 78.8269 9.9500
      vertex 69.9750 78.9747 9.9500
    endloop
  endfacet
  facet normal 0 0 1
    outer loop
      vertex 70.5520 78.6210 9.9500
      vertex 69.9180 76.6713 9.9500
      vertex 70.4520 76.5431 9.9500
    endloop
  endfacet
  facet normal 0 0 1
    outer loop
      vertex 68.5250 77.5251 9.9500
      vertex 69.9750 78.9747 9.9500
      vertex 69.8270 79.1477 9.9500
    endloop
  endfacet
  facet normal 0 0 1
    outer loop
      vertex 68.1680 77.9428 9.9500
      vertex 69.8270 79.1477 9.9500
      vertex 69.7080 79.3417 9.9500
    endloop
  endfacet
  facet normal 0 0 1
    outer loop
      vertex 67.8810 78.4110 9.9500
      vertex 69.7080 79.3417 9.9500
      vertex 69.6210 79.5519 9.9500
    endloop
  endfacet
  facet normal 0 0 1
    outer loop
      vertex 67.6710 78.9184 9.9500
      vertex 69.6210 79.5519 9.9500
      vertex 69.5680 79.7732 9.9500
    endloop
  endfacet
  facet normal 0 0 1
    outer loop
      vertex 70.3420 78.7080 9.9500
      vertex 69.4110 76.8815 9.9500
      vertex 69.9180 76.6713 9.9500
    endloop
  endfacet
  facet normal 0 0 1
    outer loop
      vertex 67.5430 79.4525 9.9500
      vertex 69.5680 79.7732 9.9500
      vertex 69.5500 80.0000 9.9500
    endloop
  endfacet
  facet normal -0 0 1
    outer loop
      vertex 67.8810 81.5890 9.9500
      vertex 69.7080 80.6583 9.9500
      vertex 68.1680 82.0572 9.9500
    endloop
  endfacet
  facet normal 0 0 1
    outer loop
      vertex 69.7080 80.6583 9.9500
      vertex 67.8810 81.5890 9.9500
      vertex 69.6210 80.4481 9.9500
    endloop
  endfacet
  facet normal 0 0 1
    outer loop
      vertex 70.1480 78.8269 9.9500
      vertex 68.9430 77.1684 9.9500
      vertex 69.4110 76.8815 9.9500
    endloop
  endfacet
  facet normal -0 0 1
    outer loop
      vertex 67.6710 81.0816 9.9500
      vertex 69.6210 80.4481 9.9500
      vertex 67.8810 81.5890 9.9500
    endloop
  endfacet
  facet normal 0 0 1
    outer loop
      vertex 69.9750 78.9747 9.9500
      vertex 68.5250 77.5251 9.9500
      vertex 68.9430 77.1684 9.9500
    endloop
  endfacet
  facet normal 0 0 1
    outer loop
      vertex 69.6210 80.4481 9.9500
      vertex 67.6710 81.0816 9.9500
      vertex 69.5680 80.2268 9.9500
    endloop
  endfacet
  facet normal 0 0 1
    outer loop
      vertex 69.8270 79.1477 9.9500
      vertex 68.1680 77.9428 9.9500
      vertex 68.5250 77.5251 9.9500
    endloop
  endfacet
  facet normal -0 0 1
    outer loop
      vertex 67.5430 80.5475 9.9500
      vertex 69.5680 80.2268 9.9500
      vertex 67.6710 81.0816 9.9500
    endloop
  endfacet
  facet normal 0 0 1
    outer loop
      vertex 69.7080 79.3417 9.9500
      vertex 67.8810 78.4110 9.9500
      vertex 68.1680 77.9428 9.9500
    endloop
  endfacet
  facet normal 0 0 1
    outer loop
      vertex 69.5680 80.2268 9.9500
      vertex 67.5430 80.5475 9.9500
      vertex 69.5500 80.0000 9.9500
    endloop
  endfacet
  facet normal 0 0 1
    outer loop
      vertex 69.6210 79.5519 9.9500
      vertex 67.6710 78.9184 9.9500
      vertex 67.8810 78.4110 9.9500
    endloop
  endfacet
  facet normal 0 0 1
    outer loop
      vertex 67.5000 80.0000 9.9500
      vertex 69.5500 80.0000 9.9500
      vertex 67.5430 80.5475 9.9500
    endloop
  endfacet
  facet normal 0 0 1
    outer loop
      vertex 69.5680 79.7732 9.9500
      vertex 67.5430 79.4525 9.9500
      vertex 67.6710 78.9184 9.9500
    endloop
  endfacet
  facet normal 0 0 1
    outer loop
      vertex 69.5500 80.0000 9.9500
      vertex 67.5000 80.0000 9.9500
      vertex 67.5430 79.4525 9.9500
    endloop
  endfacet
  facet normal -0.382985 0.923755 0
    outer loop
      vertex 69.9180 83.3287 3.0000
      vertex 69.4110 83.1185 9.9500
      vertex 69.9180 83.3287 9.9500
    endloop
  endfacet
  facet normal -0.382985 0.923755 0
    outer loop
      vertex 69.4110 83.1185 9.9500
      vertex 69.9180 83.3287 3.0000
      vertex 69.4110 83.1185 3.0000
    endloop
  endfacet
  facet normal -0.233442 0.972371 0
    outer loop
      vertex 70.4520 83.4569 3.0000
      vertex 69.9180 83.3287 9.9500
      vertex 70.4520 83.4569 9.9500
    endloop
  endfacet
  facet normal -0.233442 0.972371 0
    outer loop
      vertex 69.9180 83.3287 9.9500
      vertex 70.4520 83.4569 3.0000
      vertex 69.9180 83.3287 3.0000
    endloop
  endfacet
  facet normal -0.760181 -0.649712 -1.96677e-18
    outer loop
      vertex 68.5250 77.5251 3.0000
      vertex 68.1680 77.9428 9.9500
      vertex 68.1680 77.9428 3.0000
    endloop
  endfacet
  facet normal -0.760181 -0.649712 -1.96677e-18
    outer loop
      vertex 68.1680 77.9428 9.9500
      vertex 68.5250 77.5251 3.0000
      vertex 68.5250 77.5251 9.9500
    endloop
  endfacet
  facet normal -0.233623 -0.972327 0
    outer loop
      vertex 70.5520 78.6210 9.9500
      vertex 70.7730 78.5679 12.6000
      vertex 70.5520 78.6210 12.6000
    endloop
  endfacet
  facet normal -0.233623 -0.972327 -0
    outer loop
      vertex 70.7730 78.5679 12.6000
      vertex 70.5520 78.6210 9.9500
      vertex 70.7730 78.5679 9.9500
    endloop
  endfacet
  facet normal 0.972499 -0.232908 -2.38199e-19
    outer loop
      vertex 72.3790 79.5519 12.6000
      vertex 72.4320 79.7732 9.9500
      vertex 72.4320 79.7732 12.6000
    endloop
  endfacet
  facet normal 0.972499 -0.232908 -2.38199e-19
    outer loop
      vertex 72.4320 79.7732 9.9500
      vertex 72.3790 79.5519 12.6000
      vertex 72.3790 79.5519 9.9500
    endloop
  endfacet
  facet normal 0.996865 -0.0791163 -5.48436e-19
    outer loop
      vertex 72.4320 79.7732 12.6000
      vertex 72.4500 80.0000 9.9500
      vertex 72.4500 80.0000 12.6000
    endloop
  endfacet
  facet normal 0.996865 -0.0791163 -5.48436e-19
    outer loop
      vertex 72.4500 80.0000 9.9500
      vertex 72.4320 79.7732 12.6000
      vertex 72.4320 79.7732 9.9500
    endloop
  endfacet
  facet normal 0.923985 -0.382429 -1.10511e-18
    outer loop
      vertex 72.2920 79.3417 12.6000
      vertex 72.3790 79.5519 9.9500
      vertex 72.3790 79.5519 12.6000
    endloop
  endfacet
  facet normal 0.923985 -0.382429 -1.10511e-18
    outer loop
      vertex 72.3790 79.5519 9.9500
      vertex 72.2920 79.3417 12.6000
      vertex 72.2920 79.3417 9.9500
    endloop
  endfacet
  facet normal 0.64956 0.76031 -0
    outer loop
      vertex 72.0250 81.0253 9.9500
      vertex 71.8520 81.1731 12.6000
      vertex 72.0250 81.0253 12.6000
    endloop
  endfacet
  facet normal 0.64956 0.76031 0
    outer loop
      vertex 71.8520 81.1731 12.6000
      vertex 72.0250 81.0253 9.9500
      vertex 71.8520 81.1731 9.9500
    endloop
  endfacet
  facet normal -0.972499 0.232908 -2.38199e-19
    outer loop
      vertex 69.5680 80.2268 9.9500
      vertex 69.6210 80.4481 12.6000
      vertex 69.6210 80.4481 9.9500
    endloop
  endfacet
  facet normal -0.972499 0.232908 -2.38199e-19
    outer loop
      vertex 69.6210 80.4481 12.6000
      vertex 69.5680 80.2268 9.9500
      vertex 69.5680 80.2268 12.6000
    endloop
  endfacet
  facet normal 0.852412 0.522871 -2.51972e-18
    outer loop
      vertex 72.2920 80.6583 12.6000
      vertex 72.1730 80.8523 9.9500
      vertex 72.1730 80.8523 12.6000
    endloop
  endfacet
  facet normal 0.852412 0.522871 -2.51972e-18
    outer loop
      vertex 72.1730 80.8523 9.9500
      vertex 72.2920 80.6583 12.6000
      vertex 72.2920 80.6583 9.9500
    endloop
  endfacet
  facet normal 0.996865 0.0791163 5.48436e-19
    outer loop
      vertex 72.4500 80.0000 12.6000
      vertex 72.4320 80.2268 9.9500
      vertex 72.4320 80.2268 12.6000
    endloop
  endfacet
  facet normal 0.996865 0.0791163 5.48436e-19
    outer loop
      vertex 72.4320 80.2268 9.9500
      vertex 72.4500 80.0000 12.6000
      vertex 72.4500 80.0000 9.9500
    endloop
  endfacet
  facet normal 0.38274 -0.923856 0
    outer loop
      vertex 71.4480 78.6210 9.9500
      vertex 71.6580 78.7080 12.6000
      vertex 71.4480 78.6210 12.6000
    endloop
  endfacet
  facet normal 0.38274 -0.923856 0
    outer loop
      vertex 71.6580 78.7080 12.6000
      vertex 71.4480 78.6210 9.9500
      vertex 71.6580 78.7080 9.9500
    endloop
  endfacet
  facet normal 0.852412 -0.522871 2.51972e-18
    outer loop
      vertex 72.1730 79.1477 12.6000
      vertex 72.2920 79.3417 9.9500
      vertex 72.2920 79.3417 12.6000
    endloop
  endfacet
  facet normal 0.852412 -0.522871 2.51972e-18
    outer loop
      vertex 72.2920 79.3417 9.9500
      vertex 72.1730 79.1477 12.6000
      vertex 72.1730 79.1477 9.9500
    endloop
  endfacet
  facet normal -0.64956 -0.76031 0
    outer loop
      vertex 69.9750 78.9747 9.9500
      vertex 70.1480 78.8269 12.6000
      vertex 69.9750 78.9747 12.6000
    endloop
  endfacet
  facet normal -0.64956 -0.76031 -0
    outer loop
      vertex 70.1480 78.8269 12.6000
      vertex 69.9750 78.9747 9.9500
      vertex 70.1480 78.8269 9.9500
    endloop
  endfacet
  facet normal -0.0786106 0.996905 0
    outer loop
      vertex 71.0000 81.4500 9.9500
      vertex 70.7730 81.4321 12.6000
      vertex 71.0000 81.4500 12.6000
    endloop
  endfacet
  facet normal -0.0786106 0.996905 0
    outer loop
      vertex 70.7730 81.4321 12.6000
      vertex 71.0000 81.4500 9.9500
      vertex 70.7730 81.4321 9.9500
    endloop
  endfacet
  facet normal -0.522552 -0.852608 0
    outer loop
      vertex 70.1480 78.8269 9.9500
      vertex 70.3420 78.7080 12.6000
      vertex 70.1480 78.8269 12.6000
    endloop
  endfacet
  facet normal -0.522552 -0.852608 -0
    outer loop
      vertex 70.3420 78.7080 12.6000
      vertex 70.1480 78.8269 9.9500
      vertex 70.3420 78.7080 9.9500
    endloop
  endfacet
  facet normal -0.923985 -0.382429 1.10511e-18
    outer loop
      vertex 69.7080 79.3417 9.9500
      vertex 69.6210 79.5519 12.6000
      vertex 69.6210 79.5519 9.9500
    endloop
  endfacet
  facet normal -0.923985 -0.382429 1.10511e-18
    outer loop
      vertex 69.6210 79.5519 12.6000
      vertex 69.7080 79.3417 9.9500
      vertex 69.7080 79.3417 12.6000
    endloop
  endfacet
  facet normal 0.522552 0.852608 -0
    outer loop
      vertex 71.8520 81.1731 9.9500
      vertex 71.6580 81.2920 12.6000
      vertex 71.8520 81.1731 12.6000
    endloop
  endfacet
  facet normal 0.522552 0.852608 0
    outer loop
      vertex 71.6580 81.2920 12.6000
      vertex 71.8520 81.1731 9.9500
      vertex 71.6580 81.2920 9.9500
    endloop
  endfacet
  facet normal 0.233623 0.972327 -0
    outer loop
      vertex 71.4480 81.3790 9.9500
      vertex 71.2270 81.4321 12.6000
      vertex 71.4480 81.3790 12.6000
    endloop
  endfacet
  facet normal 0.233623 0.972327 0
    outer loop
      vertex 71.2270 81.4321 12.6000
      vertex 71.4480 81.3790 9.9500
      vertex 71.2270 81.4321 9.9500
    endloop
  endfacet
  facet normal 0 0 1
    outer loop
      vertex 72.4320 80.2268 12.6000
      vertex 72.4320 79.7732 12.6000
      vertex 72.4500 80.0000 12.6000
    endloop
  endfacet
  facet normal 0 0 1
    outer loop
      vertex 72.3790 80.4481 12.6000
      vertex 72.4320 79.7732 12.6000
      vertex 72.4320 80.2268 12.6000
    endloop
  endfacet
  facet normal 0 0 1
    outer loop
      vertex 72.3790 80.4481 12.6000
      vertex 72.3790 79.5519 12.6000
      vertex 72.4320 79.7732 12.6000
    endloop
  endfacet
  facet normal 0 0 1
    outer loop
      vertex 72.2920 80.6583 12.6000
      vertex 72.3790 79.5519 12.6000
      vertex 72.3790 80.4481 12.6000
    endloop
  endfacet
  facet normal 0 0 1
    outer loop
      vertex 72.2920 80.6583 12.6000
      vertex 72.2920 79.3417 12.6000
      vertex 72.3790 79.5519 12.6000
    endloop
  endfacet
  facet normal 0 0 1
    outer loop
      vertex 72.1730 80.8523 12.6000
      vertex 72.2920 79.3417 12.6000
      vertex 72.2920 80.6583 12.6000
    endloop
  endfacet
  facet normal 0 0 1
    outer loop
      vertex 72.1730 80.8523 12.6000
      vertex 72.1730 79.1477 12.6000
      vertex 72.2920 79.3417 12.6000
    endloop
  endfacet
  facet normal 0 0 1
    outer loop
      vertex 72.0250 81.0253 12.6000
      vertex 72.1730 79.1477 12.6000
      vertex 72.1730 80.8523 12.6000
    endloop
  endfacet
  facet normal 0 0 1
    outer loop
      vertex 72.0250 81.0253 12.6000
      vertex 72.0250 78.9747 12.6000
      vertex 72.1730 79.1477 12.6000
    endloop
  endfacet
  facet normal 0 0 1
    outer loop
      vertex 71.8520 81.1731 12.6000
      vertex 72.0250 78.9747 12.6000
      vertex 72.0250 81.0253 12.6000
    endloop
  endfacet
  facet normal 0 0 1
    outer loop
      vertex 71.8520 81.1731 12.6000
      vertex 71.8520 78.8269 12.6000
      vertex 72.0250 78.9747 12.6000
    endloop
  endfacet
  facet normal 0 0 1
    outer loop
      vertex 71.6580 81.2920 12.6000
      vertex 71.8520 78.8269 12.6000
      vertex 71.8520 81.1731 12.6000
    endloop
  endfacet
  facet normal 0 0 1
    outer loop
      vertex 71.6580 81.2920 12.6000
      vertex 71.6580 78.7080 12.6000
      vertex 71.8520 78.8269 12.6000
    endloop
  endfacet
  facet normal 0 0 1
    outer loop
      vertex 71.4480 81.3790 12.6000
      vertex 71.6580 78.7080 12.6000
      vertex 71.6580 81.2920 12.6000
    endloop
  endfacet
  facet normal 0 0 1
    outer loop
      vertex 71.4480 81.3790 12.6000
      vertex 71.4480 78.6210 12.6000
      vertex 71.6580 78.7080 12.6000
    endloop
  endfacet
  facet normal 0 0 1
    outer loop
      vertex 71.2270 81.4321 12.6000
      vertex 71.4480 78.6210 12.6000
      vertex 71.4480 81.3790 12.6000
    endloop
  endfacet
  facet normal 0 0 1
    outer loop
      vertex 71.2270 81.4321 12.6000
      vertex 71.2270 78.5679 12.6000
      vertex 71.4480 78.6210 12.6000
    endloop
  endfacet
  facet normal 0 0 1
    outer loop
      vertex 71.0000 81.4500 12.6000
      vertex 71.2270 78.5679 12.6000
      vertex 71.2270 81.4321 12.6000
    endloop
  endfacet
  facet normal 0 0 1
    outer loop
      vertex 71.0000 81.4500 12.6000
      vertex 71.0000 78.5500 12.6000
      vertex 71.2270 78.5679 12.6000
    endloop
  endfacet
  facet normal -0 0 1
    outer loop
      vertex 70.7730 81.4321 12.6000
      vertex 71.0000 78.5500 12.6000
      vertex 71.0000 81.4500 12.6000
    endloop
  endfacet
  facet normal 0 0 1
    outer loop
      vertex 70.7730 81.4321 12.6000
      vertex 70.7730 78.5679 12.6000
      vertex 71.0000 78.5500 12.6000
    endloop
  endfacet
  facet normal -0 0 1
    outer loop
      vertex 70.5520 81.3790 12.6000
      vertex 70.7730 78.5679 12.6000
      vertex 70.7730 81.4321 12.6000
    endloop
  endfacet
  facet normal 0 0 1
    outer loop
      vertex 70.5520 81.3790 12.6000
      vertex 70.5520 78.6210 12.6000
      vertex 70.7730 78.5679 12.6000
    endloop
  endfacet
  facet normal -0 0 1
    outer loop
      vertex 70.3420 81.2920 12.6000
      vertex 70.5520 78.6210 12.6000
      vertex 70.5520 81.3790 12.6000
    endloop
  endfacet
  facet normal 0 0 1
    outer loop
      vertex 70.3420 81.2920 12.6000
      vertex 70.3420 78.7080 12.6000
      vertex 70.5520 78.6210 12.6000
    endloop
  endfacet
  facet normal -0 0 1
    outer loop
      vertex 70.1480 81.1731 12.6000
      vertex 70.3420 78.7080 12.6000
      vertex 70.3420 81.2920 12.6000
    endloop
  endfacet
  facet normal 0 0 1
    outer loop
      vertex 70.1480 81.1731 12.6000
      vertex 70.1480 78.8269 12.6000
      vertex 70.3420 78.7080 12.6000
    endloop
  endfacet
  facet normal -0 0 1
    outer loop
      vertex 69.9750 81.0253 12.6000
      vertex 70.1480 78.8269 12.6000
      vertex 70.1480 81.1731 12.6000
    endloop
  endfacet
  facet normal 0 0 1
    outer loop
      vertex 69.9750 81.0253 12.6000
      vertex 69.9750 78.9747 12.6000
      vertex 70.1480 78.8269 12.6000
    endloop
  endfacet
  facet normal -0 0 1
    outer loop
      vertex 69.8270 80.8523 12.6000
      vertex 69.9750 78.9747 12.6000
      vertex 69.9750 81.0253 12.6000
    endloop
  endfacet
  facet normal 0 0 1
    outer loop
      vertex 69.8270 80.8523 12.6000
      vertex 69.8270 79.1477 12.6000
      vertex 69.9750 78.9747 12.6000
    endloop
  endfacet
  facet normal -0 0 1
    outer loop
      vertex 69.7080 80.6583 12.6000
      vertex 69.8270 79.1477 12.6000
      vertex 69.8270 80.8523 12.6000
    endloop
  endfacet
  facet normal 0 0 1
    outer loop
      vertex 69.7080 80.6583 12.6000
      vertex 69.7080 79.3417 12.6000
      vertex 69.8270 79.1477 12.6000
    endloop
  endfacet
  facet normal -0 0 1
    outer loop
      vertex 69.6210 80.4481 12.6000
      vertex 69.7080 79.3417 12.6000
      vertex 69.7080 80.6583 12.6000
    endloop
  endfacet
  facet normal 0 0 1
    outer loop
      vertex 69.6210 80.4481 12.6000
      vertex 69.6210 79.5519 12.6000
      vertex 69.7080 79.3417 12.6000
    endloop
  endfacet
  facet normal -0 0 1
    outer loop
      vertex 69.5680 80.2268 12.6000
      vertex 69.6210 79.5519 12.6000
      vertex 69.6210 80.4481 12.6000
    endloop
  endfacet
  facet normal 0 0 1
    outer loop
      vertex 69.5680 80.2268 12.6000
      vertex 69.5680 79.7732 12.6000
      vertex 69.6210 79.5519 12.6000
    endloop
  endfacet
  facet normal 0 -0 1
    outer loop
      vertex 69.5680 79.7732 12.6000
      vertex 69.5680 80.2268 12.6000
      vertex 69.5500 80.0000 12.6000
    endloop
  endfacet
  facet normal 0.972499 0.232908 2.38199e-19
    outer loop
      vertex 72.4320 80.2268 12.6000
      vertex 72.3790 80.4481 9.9500
      vertex 72.3790 80.4481 12.6000
    endloop
  endfacet
  facet normal 0.972499 0.232908 2.38199e-19
    outer loop
      vertex 72.3790 80.4481 9.9500
      vertex 72.4320 80.2268 12.6000
      vertex 72.4320 80.2268 9.9500
    endloop
  endfacet
  facet normal -0.759876 -0.650068 2.46916e-18
    outer loop
      vertex 69.9750 78.9747 9.9500
      vertex 69.8270 79.1477 12.6000
      vertex 69.8270 79.1477 9.9500
    endloop
  endfacet
  facet normal -0.759876 -0.650068 2.46916e-18
    outer loop
      vertex 69.8270 79.1477 12.6000
      vertex 69.9750 78.9747 9.9500
      vertex 69.9750 78.9747 12.6000
    endloop
  endfacet
  facet normal 0.759876 0.650068 2.46916e-18
    outer loop
      vertex 72.1730 80.8523 12.6000
      vertex 72.0250 81.0253 9.9500
      vertex 72.0250 81.0253 12.6000
    endloop
  endfacet
  facet normal 0.759876 0.650068 2.46916e-18
    outer loop
      vertex 72.0250 81.0253 9.9500
      vertex 72.1730 80.8523 12.6000
      vertex 72.1730 80.8523 9.9500
    endloop
  endfacet
  facet normal -0.852412 -0.522871 -2.51972e-18
    outer loop
      vertex 69.8270 79.1477 9.9500
      vertex 69.7080 79.3417 12.6000
      vertex 69.7080 79.3417 9.9500
    endloop
  endfacet
  facet normal -0.852412 -0.522871 -2.51972e-18
    outer loop
      vertex 69.7080 79.3417 12.6000
      vertex 69.8270 79.1477 9.9500
      vertex 69.8270 79.1477 12.6000
    endloop
  endfacet
  facet normal -0.38274 -0.923856 0
    outer loop
      vertex 70.3420 78.7080 9.9500
      vertex 70.5520 78.6210 12.6000
      vertex 70.3420 78.7080 12.6000
    endloop
  endfacet
  facet normal -0.38274 -0.923856 -0
    outer loop
      vertex 70.5520 78.6210 12.6000
      vertex 70.3420 78.7080 9.9500
      vertex 70.5520 78.6210 9.9500
    endloop
  endfacet
  facet normal 0.38274 0.923856 -0
    outer loop
      vertex 71.6580 81.2920 9.9500
      vertex 71.4480 81.3790 12.6000
      vertex 71.6580 81.2920 12.6000
    endloop
  endfacet
  facet normal 0.38274 0.923856 0
    outer loop
      vertex 71.4480 81.3790 12.6000
      vertex 71.6580 81.2920 9.9500
      vertex 71.4480 81.3790 9.9500
    endloop
  endfacet
  facet normal 0.64956 -0.76031 0
    outer loop
      vertex 71.8520 78.8269 9.9500
      vertex 72.0250 78.9747 12.6000
      vertex 71.8520 78.8269 12.6000
    endloop
  endfacet
  facet normal 0.64956 -0.76031 0
    outer loop
      vertex 72.0250 78.9747 12.6000
      vertex 71.8520 78.8269 9.9500
      vertex 72.0250 78.9747 9.9500
    endloop
  endfacet
  facet normal 0.233623 -0.972327 0
    outer loop
      vertex 71.2270 78.5679 9.9500
      vertex 71.4480 78.6210 12.6000
      vertex 71.2270 78.5679 12.6000
    endloop
  endfacet
  facet normal 0.233623 -0.972327 0
    outer loop
      vertex 71.4480 78.6210 12.6000
      vertex 71.2270 78.5679 9.9500
      vertex 71.4480 78.6210 9.9500
    endloop
  endfacet
  facet normal 0.522552 -0.852608 0
    outer loop
      vertex 71.6580 78.7080 9.9500
      vertex 71.8520 78.8269 12.6000
      vertex 71.6580 78.7080 12.6000
    endloop
  endfacet
  facet normal 0.522552 -0.852608 0
    outer loop
      vertex 71.8520 78.8269 12.6000
      vertex 71.6580 78.7080 9.9500
      vertex 71.8520 78.8269 9.9500
    endloop
  endfacet
  facet normal -0.759876 0.650068 -2.46916e-18
    outer loop
      vertex 69.8270 80.8523 9.9500
      vertex 69.9750 81.0253 12.6000
      vertex 69.9750 81.0253 9.9500
    endloop
  endfacet
  facet normal -0.759876 0.650068 -2.46916e-18
    outer loop
      vertex 69.9750 81.0253 12.6000
      vertex 69.8270 80.8523 9.9500
      vertex 69.8270 80.8523 12.6000
    endloop
  endfacet
  facet normal 0.923985 0.382429 1.10511e-18
    outer loop
      vertex 72.3790 80.4481 12.6000
      vertex 72.2920 80.6583 9.9500
      vertex 72.2920 80.6583 12.6000
    endloop
  endfacet
  facet normal 0.923985 0.382429 1.10511e-18
    outer loop
      vertex 72.2920 80.6583 9.9500
      vertex 72.3790 80.4481 12.6000
      vertex 72.3790 80.4481 9.9500
    endloop
  endfacet
  facet normal -0.996865 0.0791163 -5.48436e-19
    outer loop
      vertex 69.5500 80.0000 9.9500
      vertex 69.5680 80.2268 12.6000
      vertex 69.5680 80.2268 9.9500
    endloop
  endfacet
  facet normal -0.996865 0.0791163 -5.48436e-19
    outer loop
      vertex 69.5680 80.2268 12.6000
      vertex 69.5500 80.0000 9.9500
      vertex 69.5500 80.0000 12.6000
    endloop
  endfacet
  facet normal -0.852412 0.522871 2.51972e-18
    outer loop
      vertex 69.7080 80.6583 9.9500
      vertex 69.8270 80.8523 12.6000
      vertex 69.8270 80.8523 9.9500
    endloop
  endfacet
  facet normal -0.852412 0.522871 2.51972e-18
    outer loop
      vertex 69.8270 80.8523 12.6000
      vertex 69.7080 80.6583 9.9500
      vertex 69.7080 80.6583 12.6000
    endloop
  endfacet
  facet normal -0.996865 -0.0791163 5.48436e-19
    outer loop
      vertex 69.5680 79.7732 9.9500
      vertex 69.5500 80.0000 12.6000
      vertex 69.5500 80.0000 9.9500
    endloop
  endfacet
  facet normal -0.996865 -0.0791163 5.48436e-19
    outer loop
      vertex 69.5500 80.0000 12.6000
      vertex 69.5680 79.7732 9.9500
      vertex 69.5680 79.7732 12.6000
    endloop
  endfacet
  facet normal -0.0786106 -0.996905 0
    outer loop
      vertex 70.7730 78.5679 9.9500
      vertex 71.0000 78.5500 12.6000
      vertex 70.7730 78.5679 12.6000
    endloop
  endfacet
  facet normal -0.0786106 -0.996905 -0
    outer loop
      vertex 71.0000 78.5500 12.6000
      vertex 70.7730 78.5679 9.9500
      vertex 71.0000 78.5500 9.9500
    endloop
  endfacet
  facet normal 0.0786106 -0.996905 0
    outer loop
      vertex 71.0000 78.5500 9.9500
      vertex 71.2270 78.5679 12.6000
      vertex 71.0000 78.5500 12.6000
    endloop
  endfacet
  facet normal 0.0786106 -0.996905 0
    outer loop
      vertex 71.2270 78.5679 12.6000
      vertex 71.0000 78.5500 9.9500
      vertex 71.2270 78.5679 9.9500
    endloop
  endfacet
  facet normal -0.38274 0.923856 0
    outer loop
      vertex 70.5520 81.3790 9.9500
      vertex 70.3420 81.2920 12.6000
      vertex 70.5520 81.3790 12.6000
    endloop
  endfacet
  facet normal -0.38274 0.923856 0
    outer loop
      vertex 70.3420 81.2920 12.6000
      vertex 70.5520 81.3790 9.9500
      vertex 70.3420 81.2920 9.9500
    endloop
  endfacet
  facet normal -0.233623 0.972327 0
    outer loop
      vertex 70.7730 81.4321 9.9500
      vertex 70.5520 81.3790 12.6000
      vertex 70.7730 81.4321 12.6000
    endloop
  endfacet
  facet normal -0.233623 0.972327 0
    outer loop
      vertex 70.5520 81.3790 12.6000
      vertex 70.7730 81.4321 9.9500
      vertex 70.5520 81.3790 9.9500
    endloop
  endfacet
  facet normal -0.923985 0.382429 -1.10511e-18
    outer loop
      vertex 69.6210 80.4481 9.9500
      vertex 69.7080 80.6583 12.6000
      vertex 69.7080 80.6583 9.9500
    endloop
  endfacet
  facet normal -0.923985 0.382429 -1.10511e-18
    outer loop
      vertex 69.7080 80.6583 12.6000
      vertex 69.6210 80.4481 9.9500
      vertex 69.6210 80.4481 12.6000
    endloop
  endfacet
  facet normal 0.759876 -0.650068 -2.46916e-18
    outer loop
      vertex 72.0250 78.9747 12.6000
      vertex 72.1730 79.1477 9.9500
      vertex 72.1730 79.1477 12.6000
    endloop
  endfacet
  facet normal 0.759876 -0.650068 -2.46916e-18
    outer loop
      vertex 72.1730 79.1477 9.9500
      vertex 72.0250 78.9747 12.6000
      vertex 72.0250 78.9747 9.9500
    endloop
  endfacet
  facet normal -0.522552 0.852608 0
    outer loop
      vertex 70.3420 81.2920 9.9500
      vertex 70.1480 81.1731 12.6000
      vertex 70.3420 81.2920 12.6000
    endloop
  endfacet
  facet normal -0.522552 0.852608 0
    outer loop
      vertex 70.1480 81.1731 12.6000
      vertex 70.3420 81.2920 9.9500
      vertex 70.1480 81.1731 9.9500
    endloop
  endfacet
  facet normal -0.972499 -0.232908 2.38199e-19
    outer loop
      vertex 69.6210 79.5519 9.9500
      vertex 69.5680 79.7732 12.6000
      vertex 69.5680 79.7732 9.9500
    endloop
  endfacet
  facet normal -0.972499 -0.232908 2.38199e-19
    outer loop
      vertex 69.5680 79.7732 12.6000
      vertex 69.6210 79.5519 9.9500
      vertex 69.6210 79.5519 12.6000
    endloop
  endfacet
  facet normal 0.0786106 0.996905 -0
    outer loop
      vertex 71.2270 81.4321 9.9500
      vertex 71.0000 81.4500 12.6000
      vertex 71.2270 81.4321 12.6000
    endloop
  endfacet
  facet normal 0.0786106 0.996905 0
    outer loop
      vertex 71.0000 81.4500 12.6000
      vertex 71.2270 81.4321 9.9500
      vertex 71.0000 81.4500 9.9500
    endloop
  endfacet
  facet normal -0.64956 0.76031 0
    outer loop
      vertex 70.1480 81.1731 9.9500
      vertex 69.9750 81.0253 12.6000
      vertex 70.1480 81.1731 12.6000
    endloop
  endfacet
  facet normal -0.64956 0.76031 0
    outer loop
      vertex 69.9750 81.0253 12.6000
      vertex 70.1480 81.1731 9.9500
      vertex 69.9750 81.0253 9.9500
    endloop
  endfacet
  facet normal 0.0784075 0.996921 -0
    outer loop
      vertex 71.5480 46.4569 3.0000
      vertex 71.0000 46.5000 9.9500
      vertex 71.5480 46.4569 9.9500
    endloop
  endfacet
  facet normal 0.0784075 0.996921 0
    outer loop
      vertex 71.0000 46.5000 9.9500
      vertex 71.5480 46.4569 3.0000
      vertex 71.0000 46.5000 3.0000
    endloop
  endfacet
  facet normal 0.972463 -0.233056 -4.61924e-19
    outer loop
      vertex 74.3290 41.9184 9.9500
      vertex 74.4570 42.4525 3.0000
      vertex 74.4570 42.4525 9.9500
    endloop
  endfacet
  facet normal 0.972463 -0.233056 -4.61924e-19
    outer loop
      vertex 74.4570 42.4525 3.0000
      vertex 74.3290 41.9184 9.9500
      vertex 74.3290 41.9184 3.0000
    endloop
  endfacet
  facet normal 0.99693 -0.0782977 3.2258e-19
    outer loop
      vertex 74.4570 42.4525 9.9500
      vertex 74.5000 43.0000 3.0000
      vertex 74.5000 43.0000 9.9500
    endloop
  endfacet
  facet normal 0.99693 -0.0782977 3.2258e-19
    outer loop
      vertex 74.5000 43.0000 3.0000
      vertex 74.4570 42.4525 9.9500
      vertex 74.4570 42.4525 3.0000
    endloop
  endfacet
  facet normal 0.92399 -0.382416 1.17616e-18
    outer loop
      vertex 74.1190 41.4110 9.9500
      vertex 74.3290 41.9184 3.0000
      vertex 74.3290 41.9184 9.9500
    endloop
  endfacet
  facet normal 0.92399 -0.382416 1.17616e-18
    outer loop
      vertex 74.3290 41.9184 3.0000
      vertex 74.1190 41.4110 9.9500
      vertex 74.1190 41.4110 3.0000
    endloop
  endfacet
  facet normal 0.85257 -0.522613 2.78879e-19
    outer loop
      vertex 73.8320 40.9428 9.9500
      vertex 74.1190 41.4110 3.0000
      vertex 74.1190 41.4110 9.9500
    endloop
  endfacet
  facet normal 0.85257 -0.522613 2.78879e-19
    outer loop
      vertex 74.1190 41.4110 3.0000
      vertex 73.8320 40.9428 9.9500
      vertex 73.8320 40.9428 3.0000
    endloop
  endfacet
  facet normal -0.522643 0.852552 0
    outer loop
      vertex 69.4110 46.1185 3.0000
      vertex 68.9430 45.8316 9.9500
      vertex 69.4110 46.1185 9.9500
    endloop
  endfacet
  facet normal -0.522643 0.852552 0
    outer loop
      vertex 68.9430 45.8316 9.9500
      vertex 69.4110 46.1185 3.0000
      vertex 68.9430 45.8316 3.0000
    endloop
  endfacet
  facet normal 0.92399 0.382416 -1.17616e-18
    outer loop
      vertex 74.3290 44.0816 9.9500
      vertex 74.1190 44.5890 3.0000
      vertex 74.1190 44.5890 9.9500
    endloop
  endfacet
  facet normal 0.92399 0.382416 -1.17616e-18
    outer loop
      vertex 74.1190 44.5890 3.0000
      vertex 74.3290 44.0816 9.9500
      vertex 74.3290 44.0816 3.0000
    endloop
  endfacet
  facet normal 0.760181 -0.649712 -3.09179e-18
    outer loop
      vertex 73.4750 40.5251 9.9500
      vertex 73.8320 40.9428 3.0000
      vertex 73.8320 40.9428 9.9500
    endloop
  endfacet
  facet normal 0.760181 -0.649712 -3.09179e-18
    outer loop
      vertex 73.8320 40.9428 3.0000
      vertex 73.4750 40.5251 9.9500
      vertex 73.4750 40.5251 3.0000
    endloop
  endfacet
  facet normal 0.233442 -0.972371 0
    outer loop
      vertex 71.5480 39.5431 3.0000
      vertex 72.0820 39.6713 9.9500
      vertex 71.5480 39.5431 9.9500
    endloop
  endfacet
  facet normal 0.233442 -0.972371 0
    outer loop
      vertex 72.0820 39.6713 9.9500
      vertex 71.5480 39.5431 3.0000
      vertex 72.0820 39.6713 3.0000
    endloop
  endfacet
  facet normal 0.0784075 -0.996921 0
    outer loop
      vertex 71.0000 39.5000 3.0000
      vertex 71.5480 39.5431 9.9500
      vertex 71.0000 39.5000 9.9500
    endloop
  endfacet
  facet normal 0.0784075 -0.996921 0
    outer loop
      vertex 71.5480 39.5431 9.9500
      vertex 71.0000 39.5000 3.0000
      vertex 71.5480 39.5431 3.0000
    endloop
  endfacet
  facet normal -0.972463 0.233056 -4.61924e-19
    outer loop
      vertex 67.5430 43.5475 3.0000
      vertex 67.6710 44.0816 9.9500
      vertex 67.6710 44.0816 3.0000
    endloop
  endfacet
  facet normal -0.972463 0.233056 -4.61924e-19
    outer loop
      vertex 67.6710 44.0816 9.9500
      vertex 67.5430 43.5475 3.0000
      vertex 67.5430 43.5475 9.9500
    endloop
  endfacet
  facet normal 0.85257 0.522613 -2.78879e-19
    outer loop
      vertex 74.1190 44.5890 9.9500
      vertex 73.8320 45.0572 3.0000
      vertex 73.8320 45.0572 9.9500
    endloop
  endfacet
  facet normal 0.85257 0.522613 -2.78879e-19
    outer loop
      vertex 73.8320 45.0572 3.0000
      vertex 74.1190 44.5890 9.9500
      vertex 74.1190 44.5890 3.0000
    endloop
  endfacet
  facet normal -0.92399 0.382416 1.17616e-18
    outer loop
      vertex 67.6710 44.0816 3.0000
      vertex 67.8810 44.5890 9.9500
      vertex 67.8810 44.5890 3.0000
    endloop
  endfacet
  facet normal -0.92399 0.382416 1.17616e-18
    outer loop
      vertex 67.8810 44.5890 9.9500
      vertex 67.6710 44.0816 3.0000
      vertex 67.6710 44.0816 9.9500
    endloop
  endfacet
  facet normal 0.522643 -0.852552 0
    outer loop
      vertex 72.5890 39.8815 3.0000
      vertex 73.0570 40.1684 9.9500
      vertex 72.5890 39.8815 9.9500
    endloop
  endfacet
  facet normal 0.522643 -0.852552 0
    outer loop
      vertex 73.0570 40.1684 9.9500
      vertex 72.5890 39.8815 3.0000
      vertex 73.0570 40.1684 3.0000
    endloop
  endfacet
  facet normal 0.382985 0.923755 -0
    outer loop
      vertex 72.5890 46.1185 3.0000
      vertex 72.0820 46.3287 9.9500
      vertex 72.5890 46.1185 9.9500
    endloop
  endfacet
  facet normal 0.382985 0.923755 0
    outer loop
      vertex 72.0820 46.3287 9.9500
      vertex 72.5890 46.1185 3.0000
      vertex 72.0820 46.3287 3.0000
    endloop
  endfacet
  facet normal -0.99693 -0.0782977 -3.2258e-19
    outer loop
      vertex 67.5430 42.4525 3.0000
      vertex 67.5000 43.0000 9.9500
      vertex 67.5000 43.0000 3.0000
    endloop
  endfacet
  facet normal -0.99693 -0.0782977 -3.2258e-19
    outer loop
      vertex 67.5000 43.0000 9.9500
      vertex 67.5430 42.4525 3.0000
      vertex 67.5430 42.4525 9.9500
    endloop
  endfacet
  facet normal -0.760181 0.649712 -3.09179e-18
    outer loop
      vertex 68.1680 45.0572 3.0000
      vertex 68.5250 45.4749 9.9500
      vertex 68.5250 45.4749 3.0000
    endloop
  endfacet
  facet normal -0.760181 0.649712 -3.09179e-18
    outer loop
      vertex 68.5250 45.4749 9.9500
      vertex 68.1680 45.0572 3.0000
      vertex 68.1680 45.0572 9.9500
    endloop
  endfacet
  facet normal 0.382985 -0.923755 0
    outer loop
      vertex 72.0820 39.6713 3.0000
      vertex 72.5890 39.8815 9.9500
      vertex 72.0820 39.6713 9.9500
    endloop
  endfacet
  facet normal 0.382985 -0.923755 0
    outer loop
      vertex 72.5890 39.8815 9.9500
      vertex 72.0820 39.6713 3.0000
      vertex 72.5890 39.8815 3.0000
    endloop
  endfacet
  facet normal -0.0784075 0.996921 0
    outer loop
      vertex 71.0000 46.5000 3.0000
      vertex 70.4520 46.4569 9.9500
      vertex 71.0000 46.5000 9.9500
    endloop
  endfacet
  facet normal -0.0784075 0.996921 0
    outer loop
      vertex 70.4520 46.4569 9.9500
      vertex 71.0000 46.5000 3.0000
      vertex 70.4520 46.4569 3.0000
    endloop
  endfacet
  facet normal 0.649126 0.760681 -0
    outer loop
      vertex 73.4750 45.4749 3.0000
      vertex 73.0570 45.8316 9.9500
      vertex 73.4750 45.4749 9.9500
    endloop
  endfacet
  facet normal 0.649126 0.760681 0
    outer loop
      vertex 73.0570 45.8316 9.9500
      vertex 73.4750 45.4749 3.0000
      vertex 73.0570 45.8316 3.0000
    endloop
  endfacet
  facet normal 0.99693 0.0782977 -3.2258e-19
    outer loop
      vertex 74.5000 43.0000 9.9500
      vertex 74.4570 43.5475 3.0000
      vertex 74.4570 43.5475 9.9500
    endloop
  endfacet
  facet normal 0.99693 0.0782977 -3.2258e-19
    outer loop
      vertex 74.4570 43.5475 3.0000
      vertex 74.5000 43.0000 9.9500
      vertex 74.5000 43.0000 3.0000
    endloop
  endfacet
  facet normal -0.972463 -0.233056 4.61924e-19
    outer loop
      vertex 67.6710 41.9184 3.0000
      vertex 67.5430 42.4525 9.9500
      vertex 67.5430 42.4525 3.0000
    endloop
  endfacet
  facet normal -0.972463 -0.233056 4.61924e-19
    outer loop
      vertex 67.5430 42.4525 9.9500
      vertex 67.6710 41.9184 3.0000
      vertex 67.6710 41.9184 9.9500
    endloop
  endfacet
  facet normal -0.649126 -0.760681 0
    outer loop
      vertex 68.5250 40.5251 3.0000
      vertex 68.9430 40.1684 9.9500
      vertex 68.5250 40.5251 9.9500
    endloop
  endfacet
  facet normal -0.649126 -0.760681 -0
    outer loop
      vertex 68.9430 40.1684 9.9500
      vertex 68.5250 40.5251 3.0000
      vertex 68.9430 40.1684 3.0000
    endloop
  endfacet
  facet normal 0.522643 0.852552 -0
    outer loop
      vertex 73.0570 45.8316 3.0000
      vertex 72.5890 46.1185 9.9500
      vertex 73.0570 45.8316 9.9500
    endloop
  endfacet
  facet normal 0.522643 0.852552 0
    outer loop
      vertex 72.5890 46.1185 9.9500
      vertex 73.0570 45.8316 3.0000
      vertex 72.5890 46.1185 3.0000
    endloop
  endfacet
  facet normal -0.522643 -0.852552 0
    outer loop
      vertex 68.9430 40.1684 3.0000
      vertex 69.4110 39.8815 9.9500
      vertex 68.9430 40.1684 9.9500
    endloop
  endfacet
  facet normal -0.522643 -0.852552 -0
    outer loop
      vertex 69.4110 39.8815 9.9500
      vertex 68.9430 40.1684 3.0000
      vertex 69.4110 39.8815 3.0000
    endloop
  endfacet
  facet normal -0.92399 -0.382416 -1.17616e-18
    outer loop
      vertex 67.8810 41.4110 3.0000
      vertex 67.6710 41.9184 9.9500
      vertex 67.6710 41.9184 3.0000
    endloop
  endfacet
  facet normal -0.92399 -0.382416 -1.17616e-18
    outer loop
      vertex 67.6710 41.9184 9.9500
      vertex 67.8810 41.4110 3.0000
      vertex 67.8810 41.4110 9.9500
    endloop
  endfacet
  facet normal -0.233442 -0.972371 0
    outer loop
      vertex 69.9180 39.6713 3.0000
      vertex 70.4520 39.5431 9.9500
      vertex 69.9180 39.6713 9.9500
    endloop
  endfacet
  facet normal -0.233442 -0.972371 -0
    outer loop
      vertex 70.4520 39.5431 9.9500
      vertex 69.9180 39.6713 3.0000
      vertex 70.4520 39.5431 3.0000
    endloop
  endfacet
  facet normal 0.649126 -0.760681 0
    outer loop
      vertex 73.0570 40.1684 3.0000
      vertex 73.4750 40.5251 9.9500
      vertex 73.0570 40.1684 9.9500
    endloop
  endfacet
  facet normal 0.649126 -0.760681 0
    outer loop
      vertex 73.4750 40.5251 9.9500
      vertex 73.0570 40.1684 3.0000
      vertex 73.4750 40.5251 3.0000
    endloop
  endfacet
  facet normal 0.233442 0.972371 -0
    outer loop
      vertex 72.0820 46.3287 3.0000
      vertex 71.5480 46.4569 9.9500
      vertex 72.0820 46.3287 9.9500
    endloop
  endfacet
  facet normal 0.233442 0.972371 0
    outer loop
      vertex 71.5480 46.4569 9.9500
      vertex 72.0820 46.3287 3.0000
      vertex 71.5480 46.4569 3.0000
    endloop
  endfacet
  facet normal -0.0784075 -0.996921 0
    outer loop
      vertex 70.4520 39.5431 3.0000
      vertex 71.0000 39.5000 9.9500
      vertex 70.4520 39.5431 9.9500
    endloop
  endfacet
  facet normal -0.0784075 -0.996921 -0
    outer loop
      vertex 71.0000 39.5000 9.9500
      vertex 70.4520 39.5431 3.0000
      vertex 71.0000 39.5000 3.0000
    endloop
  endfacet
  facet normal -0.85257 0.522613 2.78879e-19
    outer loop
      vertex 67.8810 44.5890 3.0000
      vertex 68.1680 45.0572 9.9500
      vertex 68.1680 45.0572 3.0000
    endloop
  endfacet
  facet normal -0.85257 0.522613 2.78879e-19
    outer loop
      vertex 68.1680 45.0572 9.9500
      vertex 67.8810 44.5890 3.0000
      vertex 67.8810 44.5890 9.9500
    endloop
  endfacet
  facet normal -0.85257 -0.522613 -2.78879e-19
    outer loop
      vertex 68.1680 40.9428 3.0000
      vertex 67.8810 41.4110 9.9500
      vertex 67.8810 41.4110 3.0000
    endloop
  endfacet
  facet normal -0.85257 -0.522613 -2.78879e-19
    outer loop
      vertex 67.8810 41.4110 9.9500
      vertex 68.1680 40.9428 3.0000
      vertex 68.1680 40.9428 9.9500
    endloop
  endfacet
  facet normal -0.99693 0.0782977 3.2258e-19
    outer loop
      vertex 67.5000 43.0000 3.0000
      vertex 67.5430 43.5475 9.9500
      vertex 67.5430 43.5475 3.0000
    endloop
  endfacet
  facet normal -0.99693 0.0782977 3.2258e-19
    outer loop
      vertex 67.5430 43.5475 9.9500
      vertex 67.5000 43.0000 3.0000
      vertex 67.5000 43.0000 9.9500
    endloop
  endfacet
  facet normal -0.382985 -0.923755 0
    outer loop
      vertex 69.4110 39.8815 3.0000
      vertex 69.9180 39.6713 9.9500
      vertex 69.4110 39.8815 9.9500
    endloop
  endfacet
  facet normal -0.382985 -0.923755 -0
    outer loop
      vertex 69.9180 39.6713 9.9500
      vertex 69.4110 39.8815 3.0000
      vertex 69.9180 39.6713 3.0000
    endloop
  endfacet
  facet normal 0.760181 0.649712 3.09179e-18
    outer loop
      vertex 73.8320 45.0572 9.9500
      vertex 73.4750 45.4749 3.0000
      vertex 73.4750 45.4749 9.9500
    endloop
  endfacet
  facet normal 0.760181 0.649712 3.09179e-18
    outer loop
      vertex 73.4750 45.4749 3.0000
      vertex 73.8320 45.0572 9.9500
      vertex 73.8320 45.0572 3.0000
    endloop
  endfacet
  facet normal 0.972463 0.233056 4.61924e-19
    outer loop
      vertex 74.4570 43.5475 9.9500
      vertex 74.3290 44.0816 3.0000
      vertex 74.3290 44.0816 9.9500
    endloop
  endfacet
  facet normal 0.972463 0.233056 4.61924e-19
    outer loop
      vertex 74.3290 44.0816 3.0000
      vertex 74.4570 43.5475 9.9500
      vertex 74.4570 43.5475 3.0000
    endloop
  endfacet
  facet normal -0.649126 0.760681 0
    outer loop
      vertex 68.9430 45.8316 3.0000
      vertex 68.5250 45.4749 9.9500
      vertex 68.9430 45.8316 9.9500
    endloop
  endfacet
  facet normal -0.649126 0.760681 0
    outer loop
      vertex 68.5250 45.4749 9.9500
      vertex 68.9430 45.8316 3.0000
      vertex 68.5250 45.4749 3.0000
    endloop
  endfacet
  facet normal 0 0 1
    outer loop
      vertex 72.4500 43.0000 9.9500
      vertex 74.5000 43.0000 9.9500
      vertex 74.4570 43.5475 9.9500
    endloop
  endfacet
  facet normal 0 0 1
    outer loop
      vertex 72.4320 43.2268 9.9500
      vertex 74.4570 43.5475 9.9500
      vertex 74.3290 44.0816 9.9500
    endloop
  endfacet
  facet normal 0 0 1
    outer loop
      vertex 74.5000 43.0000 9.9500
      vertex 72.4500 43.0000 9.9500
      vertex 74.4570 42.4525 9.9500
    endloop
  endfacet
  facet normal 0 0 1
    outer loop
      vertex 72.3790 43.4481 9.9500
      vertex 74.3290 44.0816 9.9500
      vertex 74.1190 44.5890 9.9500
    endloop
  endfacet
  facet normal -0 0 1
    outer loop
      vertex 72.4320 42.7732 9.9500
      vertex 74.4570 42.4525 9.9500
      vertex 72.4500 43.0000 9.9500
    endloop
  endfacet
  facet normal 0 0 1
    outer loop
      vertex 72.2920 43.6583 9.9500
      vertex 74.1190 44.5890 9.9500
      vertex 73.8320 45.0572 9.9500
    endloop
  endfacet
  facet normal 0 0 1
    outer loop
      vertex 74.4570 42.4525 9.9500
      vertex 72.4320 42.7732 9.9500
      vertex 74.3290 41.9184 9.9500
    endloop
  endfacet
  facet normal 0 0 1
    outer loop
      vertex 72.1730 43.8523 9.9500
      vertex 73.8320 45.0572 9.9500
      vertex 73.4750 45.4749 9.9500
    endloop
  endfacet
  facet normal -0 0 1
    outer loop
      vertex 72.3790 42.5519 9.9500
      vertex 74.3290 41.9184 9.9500
      vertex 72.4320 42.7732 9.9500
    endloop
  endfacet
  facet normal 0 0 1
    outer loop
      vertex 72.0250 44.0253 9.9500
      vertex 73.4750 45.4749 9.9500
      vertex 73.0570 45.8316 9.9500
    endloop
  endfacet
  facet normal 0 0 1
    outer loop
      vertex 74.3290 41.9184 9.9500
      vertex 72.3790 42.5519 9.9500
      vertex 74.1190 41.4110 9.9500
    endloop
  endfacet
  facet normal 0 0 1
    outer loop
      vertex 71.8520 44.1731 9.9500
      vertex 73.0570 45.8316 9.9500
      vertex 72.5890 46.1185 9.9500
    endloop
  endfacet
  facet normal -0 0 1
    outer loop
      vertex 72.2920 42.3417 9.9500
      vertex 74.1190 41.4110 9.9500
      vertex 72.3790 42.5519 9.9500
    endloop
  endfacet
  facet normal 0 0 1
    outer loop
      vertex 74.1190 41.4110 9.9500
      vertex 72.2920 42.3417 9.9500
      vertex 73.8320 40.9428 9.9500
    endloop
  endfacet
  facet normal 0 0 1
    outer loop
      vertex 74.4570 43.5475 9.9500
      vertex 72.4320 43.2268 9.9500
      vertex 72.4500 43.0000 9.9500
    endloop
  endfacet
  facet normal 0 0 1
    outer loop
      vertex 74.3290 44.0816 9.9500
      vertex 72.3790 43.4481 9.9500
      vertex 72.4320 43.2268 9.9500
    endloop
  endfacet
  facet normal 0 0 1
    outer loop
      vertex 74.1190 44.5890 9.9500
      vertex 72.2920 43.6583 9.9500
      vertex 72.3790 43.4481 9.9500
    endloop
  endfacet
  facet normal 0 0 1
    outer loop
      vertex 73.8320 45.0572 9.9500
      vertex 72.1730 43.8523 9.9500
      vertex 72.2920 43.6583 9.9500
    endloop
  endfacet
  facet normal 0 0 1
    outer loop
      vertex 71.6580 44.2920 9.9500
      vertex 72.5890 46.1185 9.9500
      vertex 72.0820 46.3287 9.9500
    endloop
  endfacet
  facet normal 0 0 1
    outer loop
      vertex 73.4750 45.4749 9.9500
      vertex 72.0250 44.0253 9.9500
      vertex 72.1730 43.8523 9.9500
    endloop
  endfacet
  facet normal 0 0 1
    outer loop
      vertex 73.0570 45.8316 9.9500
      vertex 71.8520 44.1731 9.9500
      vertex 72.0250 44.0253 9.9500
    endloop
  endfacet
  facet normal 0 0 1
    outer loop
      vertex 72.5890 46.1185 9.9500
      vertex 71.6580 44.2920 9.9500
      vertex 71.8520 44.1731 9.9500
    endloop
  endfacet
  facet normal 0 0 1
    outer loop
      vertex 71.4480 44.3790 9.9500
      vertex 72.0820 46.3287 9.9500
      vertex 71.5480 46.4569 9.9500
    endloop
  endfacet
  facet normal 0 0 1
    outer loop
      vertex 72.0820 46.3287 9.9500
      vertex 71.4480 44.3790 9.9500
      vertex 71.6580 44.2920 9.9500
    endloop
  endfacet
  facet normal 0 0 1
    outer loop
      vertex 71.5480 46.4569 9.9500
      vertex 71.2270 44.4321 9.9500
      vertex 71.4480 44.3790 9.9500
    endloop
  endfacet
  facet normal 0 0 1
    outer loop
      vertex 71.0000 46.5000 9.9500
      vertex 71.2270 44.4321 9.9500
      vertex 71.5480 46.4569 9.9500
    endloop
  endfacet
  facet normal 0 0 1
    outer loop
      vertex 71.0000 46.5000 9.9500
      vertex 71.0000 44.4500 9.9500
      vertex 71.2270 44.4321 9.9500
    endloop
  endfacet
  facet normal 0 0 1
    outer loop
      vertex 71.0000 46.5000 9.9500
      vertex 70.7730 44.4321 9.9500
      vertex 71.0000 44.4500 9.9500
    endloop
  endfacet
  facet normal -0 0 1
    outer loop
      vertex 70.4520 46.4569 9.9500
      vertex 70.7730 44.4321 9.9500
      vertex 71.0000 46.5000 9.9500
    endloop
  endfacet
  facet normal 0 0 1
    outer loop
      vertex 70.7730 44.4321 9.9500
      vertex 70.4520 46.4569 9.9500
      vertex 70.5520 44.3790 9.9500
    endloop
  endfacet
  facet normal -0 0 1
    outer loop
      vertex 69.9180 46.3287 9.9500
      vertex 70.5520 44.3790 9.9500
      vertex 70.4520 46.4569 9.9500
    endloop
  endfacet
  facet normal 0 0 1
    outer loop
      vertex 70.5520 44.3790 9.9500
      vertex 69.9180 46.3287 9.9500
      vertex 70.3420 44.2920 9.9500
    endloop
  endfacet
  facet normal -0 0 1
    outer loop
      vertex 69.4110 46.1185 9.9500
      vertex 70.3420 44.2920 9.9500
      vertex 69.9180 46.3287 9.9500
    endloop
  endfacet
  facet normal 0 0 1
    outer loop
      vertex 70.3420 44.2920 9.9500
      vertex 69.4110 46.1185 9.9500
      vertex 70.1480 44.1731 9.9500
    endloop
  endfacet
  facet normal -0 0 1
    outer loop
      vertex 68.9430 45.8316 9.9500
      vertex 70.1480 44.1731 9.9500
      vertex 69.4110 46.1185 9.9500
    endloop
  endfacet
  facet normal 0 0 1
    outer loop
      vertex 70.1480 44.1731 9.9500
      vertex 68.9430 45.8316 9.9500
      vertex 69.9750 44.0253 9.9500
    endloop
  endfacet
  facet normal -0 0 1
    outer loop
      vertex 68.5250 45.4749 9.9500
      vertex 69.9750 44.0253 9.9500
      vertex 68.9430 45.8316 9.9500
    endloop
  endfacet
  facet normal 0 0 1
    outer loop
      vertex 69.9750 44.0253 9.9500
      vertex 68.5250 45.4749 9.9500
      vertex 69.8270 43.8523 9.9500
    endloop
  endfacet
  facet normal 0 0 1
    outer loop
      vertex 69.8270 43.8523 9.9500
      vertex 68.1680 45.0572 9.9500
      vertex 69.7080 43.6583 9.9500
    endloop
  endfacet
  facet normal -0 0 1
    outer loop
      vertex 68.1680 45.0572 9.9500
      vertex 69.8270 43.8523 9.9500
      vertex 68.5250 45.4749 9.9500
    endloop
  endfacet
  facet normal -0 0 1
    outer loop
      vertex 72.1730 42.1477 9.9500
      vertex 73.8320 40.9428 9.9500
      vertex 72.2920 42.3417 9.9500
    endloop
  endfacet
  facet normal 0 0 1
    outer loop
      vertex 73.8320 40.9428 9.9500
      vertex 72.1730 42.1477 9.9500
      vertex 73.4750 40.5251 9.9500
    endloop
  endfacet
  facet normal -0 0 1
    outer loop
      vertex 72.0250 41.9747 9.9500
      vertex 73.4750 40.5251 9.9500
      vertex 72.1730 42.1477 9.9500
    endloop
  endfacet
  facet normal 0 0 1
    outer loop
      vertex 73.4750 40.5251 9.9500
      vertex 72.0250 41.9747 9.9500
      vertex 73.0570 40.1684 9.9500
    endloop
  endfacet
  facet normal -0 0 1
    outer loop
      vertex 71.8520 41.8269 9.9500
      vertex 73.0570 40.1684 9.9500
      vertex 72.0250 41.9747 9.9500
    endloop
  endfacet
  facet normal 0 0 1
    outer loop
      vertex 73.0570 40.1684 9.9500
      vertex 71.8520 41.8269 9.9500
      vertex 72.5890 39.8815 9.9500
    endloop
  endfacet
  facet normal -0 0 1
    outer loop
      vertex 71.6580 41.7080 9.9500
      vertex 72.5890 39.8815 9.9500
      vertex 71.8520 41.8269 9.9500
    endloop
  endfacet
  facet normal 0 0 1
    outer loop
      vertex 72.5890 39.8815 9.9500
      vertex 71.6580 41.7080 9.9500
      vertex 72.0820 39.6713 9.9500
    endloop
  endfacet
  facet normal -0 0 1
    outer loop
      vertex 71.4480 41.6210 9.9500
      vertex 72.0820 39.6713 9.9500
      vertex 71.6580 41.7080 9.9500
    endloop
  endfacet
  facet normal 0 0 1
    outer loop
      vertex 72.0820 39.6713 9.9500
      vertex 71.4480 41.6210 9.9500
      vertex 71.5480 39.5431 9.9500
    endloop
  endfacet
  facet normal -0 0 1
    outer loop
      vertex 71.2270 41.5679 9.9500
      vertex 71.5480 39.5431 9.9500
      vertex 71.4480 41.6210 9.9500
    endloop
  endfacet
  facet normal -0 0 1
    outer loop
      vertex 71.0000 41.5500 9.9500
      vertex 71.5480 39.5431 9.9500
      vertex 71.2270 41.5679 9.9500
    endloop
  endfacet
  facet normal 0 0 1
    outer loop
      vertex 71.0000 41.5500 9.9500
      vertex 71.0000 39.5000 9.9500
      vertex 71.5480 39.5431 9.9500
    endloop
  endfacet
  facet normal 0 0 1
    outer loop
      vertex 70.7730 41.5679 9.9500
      vertex 71.0000 39.5000 9.9500
      vertex 71.0000 41.5500 9.9500
    endloop
  endfacet
  facet normal 0 0 1
    outer loop
      vertex 70.4520 39.5431 9.9500
      vertex 70.7730 41.5679 9.9500
      vertex 70.5520 41.6210 9.9500
    endloop
  endfacet
  facet normal 0 0 1
    outer loop
      vertex 70.7730 41.5679 9.9500
      vertex 70.4520 39.5431 9.9500
      vertex 71.0000 39.5000 9.9500
    endloop
  endfacet
  facet normal 0 0 1
    outer loop
      vertex 69.9180 39.6713 9.9500
      vertex 70.5520 41.6210 9.9500
      vertex 70.3420 41.7080 9.9500
    endloop
  endfacet
  facet normal 0 0 1
    outer loop
      vertex 69.4110 39.8815 9.9500
      vertex 70.3420 41.7080 9.9500
      vertex 70.1480 41.8269 9.9500
    endloop
  endfacet
  facet normal 0 0 1
    outer loop
      vertex 68.9430 40.1684 9.9500
      vertex 70.1480 41.8269 9.9500
      vertex 69.9750 41.9747 9.9500
    endloop
  endfacet
  facet normal 0 0 1
    outer loop
      vertex 70.5520 41.6210 9.9500
      vertex 69.9180 39.6713 9.9500
      vertex 70.4520 39.5431 9.9500
    endloop
  endfacet
  facet normal 0 0 1
    outer loop
      vertex 68.5250 40.5251 9.9500
      vertex 69.9750 41.9747 9.9500
      vertex 69.8270 42.1477 9.9500
    endloop
  endfacet
  facet normal 0 0 1
    outer loop
      vertex 68.1680 40.9428 9.9500
      vertex 69.8270 42.1477 9.9500
      vertex 69.7080 42.3417 9.9500
    endloop
  endfacet
  facet normal 0 0 1
    outer loop
      vertex 67.8810 41.4110 9.9500
      vertex 69.7080 42.3417 9.9500
      vertex 69.6210 42.5519 9.9500
    endloop
  endfacet
  facet normal 0 0 1
    outer loop
      vertex 67.6710 41.9184 9.9500
      vertex 69.6210 42.5519 9.9500
      vertex 69.5680 42.7732 9.9500
    endloop
  endfacet
  facet normal 0 0 1
    outer loop
      vertex 70.3420 41.7080 9.9500
      vertex 69.4110 39.8815 9.9500
      vertex 69.9180 39.6713 9.9500
    endloop
  endfacet
  facet normal 0 0 1
    outer loop
      vertex 67.5430 42.4525 9.9500
      vertex 69.5680 42.7732 9.9500
      vertex 69.5500 43.0000 9.9500
    endloop
  endfacet
  facet normal -0 0 1
    outer loop
      vertex 67.8810 44.5890 9.9500
      vertex 69.7080 43.6583 9.9500
      vertex 68.1680 45.0572 9.9500
    endloop
  endfacet
  facet normal 0 0 1
    outer loop
      vertex 69.7080 43.6583 9.9500
      vertex 67.8810 44.5890 9.9500
      vertex 69.6210 43.4481 9.9500
    endloop
  endfacet
  facet normal 0 0 1
    outer loop
      vertex 70.1480 41.8269 9.9500
      vertex 68.9430 40.1684 9.9500
      vertex 69.4110 39.8815 9.9500
    endloop
  endfacet
  facet normal -0 0 1
    outer loop
      vertex 67.6710 44.0816 9.9500
      vertex 69.6210 43.4481 9.9500
      vertex 67.8810 44.5890 9.9500
    endloop
  endfacet
  facet normal 0 0 1
    outer loop
      vertex 69.9750 41.9747 9.9500
      vertex 68.5250 40.5251 9.9500
      vertex 68.9430 40.1684 9.9500
    endloop
  endfacet
  facet normal 0 0 1
    outer loop
      vertex 69.6210 43.4481 9.9500
      vertex 67.6710 44.0816 9.9500
      vertex 69.5680 43.2268 9.9500
    endloop
  endfacet
  facet normal 0 0 1
    outer loop
      vertex 69.8270 42.1477 9.9500
      vertex 68.1680 40.9428 9.9500
      vertex 68.5250 40.5251 9.9500
    endloop
  endfacet
  facet normal -0 0 1
    outer loop
      vertex 67.5430 43.5475 9.9500
      vertex 69.5680 43.2268 9.9500
      vertex 67.6710 44.0816 9.9500
    endloop
  endfacet
  facet normal 0 0 1
    outer loop
      vertex 69.7080 42.3417 9.9500
      vertex 67.8810 41.4110 9.9500
      vertex 68.1680 40.9428 9.9500
    endloop
  endfacet
  facet normal 0 0 1
    outer loop
      vertex 69.5680 43.2268 9.9500
      vertex 67.5430 43.5475 9.9500
      vertex 69.5500 43.0000 9.9500
    endloop
  endfacet
  facet normal 0 0 1
    outer loop
      vertex 69.6210 42.5519 9.9500
      vertex 67.6710 41.9184 9.9500
      vertex 67.8810 41.4110 9.9500
    endloop
  endfacet
  facet normal 0 0 1
    outer loop
      vertex 67.5000 43.0000 9.9500
      vertex 69.5500 43.0000 9.9500
      vertex 67.5430 43.5475 9.9500
    endloop
  endfacet
  facet normal 0 0 1
    outer loop
      vertex 69.5680 42.7732 9.9500
      vertex 67.5430 42.4525 9.9500
      vertex 67.6710 41.9184 9.9500
    endloop
  endfacet
  facet normal 0 0 1
    outer loop
      vertex 69.5500 43.0000 9.9500
      vertex 67.5000 43.0000 9.9500
      vertex 67.5430 42.4525 9.9500
    endloop
  endfacet
  facet normal -0.382985 0.923755 0
    outer loop
      vertex 69.9180 46.3287 3.0000
      vertex 69.4110 46.1185 9.9500
      vertex 69.9180 46.3287 9.9500
    endloop
  endfacet
  facet normal -0.382985 0.923755 0
    outer loop
      vertex 69.4110 46.1185 9.9500
      vertex 69.9180 46.3287 3.0000
      vertex 69.4110 46.1185 3.0000
    endloop
  endfacet
  facet normal -0.233442 0.972371 0
    outer loop
      vertex 70.4520 46.4569 3.0000
      vertex 69.9180 46.3287 9.9500
      vertex 70.4520 46.4569 9.9500
    endloop
  endfacet
  facet normal -0.233442 0.972371 0
    outer loop
      vertex 69.9180 46.3287 9.9500
      vertex 70.4520 46.4569 3.0000
      vertex 69.9180 46.3287 3.0000
    endloop
  endfacet
  facet normal -0.760181 -0.649712 3.09179e-18
    outer loop
      vertex 68.5250 40.5251 3.0000
      vertex 68.1680 40.9428 9.9500
      vertex 68.1680 40.9428 3.0000
    endloop
  endfacet
  facet normal -0.760181 -0.649712 3.09179e-18
    outer loop
      vertex 68.1680 40.9428 9.9500
      vertex 68.5250 40.5251 3.0000
      vertex 68.5250 40.5251 9.9500
    endloop
  endfacet
  facet normal -0.233623 -0.972327 0
    outer loop
      vertex 70.5520 41.6210 9.9500
      vertex 70.7730 41.5679 12.6000
      vertex 70.5520 41.6210 12.6000
    endloop
  endfacet
  facet normal -0.233623 -0.972327 -0
    outer loop
      vertex 70.7730 41.5679 12.6000
      vertex 70.5520 41.6210 9.9500
      vertex 70.7730 41.5679 9.9500
    endloop
  endfacet
  facet normal 0.972499 -0.232908 -2.38199e-19
    outer loop
      vertex 72.3790 42.5519 12.6000
      vertex 72.4320 42.7732 9.9500
      vertex 72.4320 42.7732 12.6000
    endloop
  endfacet
  facet normal 0.972499 -0.232908 -2.38199e-19
    outer loop
      vertex 72.4320 42.7732 9.9500
      vertex 72.3790 42.5519 12.6000
      vertex 72.3790 42.5519 9.9500
    endloop
  endfacet
  facet normal 0.996865 -0.0791163 -1.5713e-19
    outer loop
      vertex 72.4320 42.7732 12.6000
      vertex 72.4500 43.0000 9.9500
      vertex 72.4500 43.0000 12.6000
    endloop
  endfacet
  facet normal 0.996865 -0.0791163 -1.5713e-19
    outer loop
      vertex 72.4500 43.0000 9.9500
      vertex 72.4320 42.7732 12.6000
      vertex 72.4320 42.7732 9.9500
    endloop
  endfacet
  facet normal 0.923985 -0.382429 -1.10511e-18
    outer loop
      vertex 72.2920 42.3417 12.6000
      vertex 72.3790 42.5519 9.9500
      vertex 72.3790 42.5519 12.6000
    endloop
  endfacet
  facet normal 0.923985 -0.382429 -1.10511e-18
    outer loop
      vertex 72.3790 42.5519 9.9500
      vertex 72.2920 42.3417 12.6000
      vertex 72.2920 42.3417 9.9500
    endloop
  endfacet
  facet normal -0.972499 0.232908 -2.38199e-19
    outer loop
      vertex 69.5680 43.2268 9.9500
      vertex 69.6210 43.4481 12.6000
      vertex 69.6210 43.4481 9.9500
    endloop
  endfacet
  facet normal -0.972499 0.232908 -2.38199e-19
    outer loop
      vertex 69.6210 43.4481 12.6000
      vertex 69.5680 43.2268 9.9500
      vertex 69.5680 43.2268 12.6000
    endloop
  endfacet
  facet normal 0.852412 0.522871 -1.69135e-18
    outer loop
      vertex 72.2920 43.6583 12.6000
      vertex 72.1730 43.8523 9.9500
      vertex 72.1730 43.8523 12.6000
    endloop
  endfacet
  facet normal 0.852412 0.522871 -1.69135e-18
    outer loop
      vertex 72.1730 43.8523 9.9500
      vertex 72.2920 43.6583 12.6000
      vertex 72.2920 43.6583 9.9500
    endloop
  endfacet
  facet normal 0.996865 0.0791163 1.5713e-19
    outer loop
      vertex 72.4500 43.0000 12.6000
      vertex 72.4320 43.2268 9.9500
      vertex 72.4320 43.2268 12.6000
    endloop
  endfacet
  facet normal 0.996865 0.0791163 1.5713e-19
    outer loop
      vertex 72.4320 43.2268 9.9500
      vertex 72.4500 43.0000 12.6000
      vertex 72.4500 43.0000 9.9500
    endloop
  endfacet
  facet normal 0.38274 -0.923856 0
    outer loop
      vertex 71.4480 41.6210 9.9500
      vertex 71.6580 41.7080 12.6000
      vertex 71.4480 41.6210 12.6000
    endloop
  endfacet
  facet normal 0.38274 -0.923856 0
    outer loop
      vertex 71.6580 41.7080 12.6000
      vertex 71.4480 41.6210 9.9500
      vertex 71.6580 41.7080 9.9500
    endloop
  endfacet
  facet normal 0.852412 -0.522871 1.69135e-18
    outer loop
      vertex 72.1730 42.1477 12.6000
      vertex 72.2920 42.3417 9.9500
      vertex 72.2920 42.3417 12.6000
    endloop
  endfacet
  facet normal 0.852412 -0.522871 1.69135e-18
    outer loop
      vertex 72.2920 42.3417 9.9500
      vertex 72.1730 42.1477 12.6000
      vertex 72.1730 42.1477 9.9500
    endloop
  endfacet
  facet normal -0.64956 -0.76031 0
    outer loop
      vertex 69.9750 41.9747 9.9500
      vertex 70.1480 41.8269 12.6000
      vertex 69.9750 41.9747 12.6000
    endloop
  endfacet
  facet normal -0.64956 -0.76031 -0
    outer loop
      vertex 70.1480 41.8269 12.6000
      vertex 69.9750 41.9747 9.9500
      vertex 70.1480 41.8269 9.9500
    endloop
  endfacet
  facet normal -0.0786106 0.996905 0
    outer loop
      vertex 71.0000 44.4500 9.9500
      vertex 70.7730 44.4321 12.6000
      vertex 71.0000 44.4500 12.6000
    endloop
  endfacet
  facet normal -0.0786106 0.996905 0
    outer loop
      vertex 70.7730 44.4321 12.6000
      vertex 71.0000 44.4500 9.9500
      vertex 70.7730 44.4321 9.9500
    endloop
  endfacet
  facet normal -0.522552 -0.852608 0
    outer loop
      vertex 70.1480 41.8269 9.9500
      vertex 70.3420 41.7080 12.6000
      vertex 70.1480 41.8269 12.6000
    endloop
  endfacet
  facet normal -0.522552 -0.852608 -0
    outer loop
      vertex 70.3420 41.7080 12.6000
      vertex 70.1480 41.8269 9.9500
      vertex 70.3420 41.7080 9.9500
    endloop
  endfacet
  facet normal -0.923985 -0.382429 1.10511e-18
    outer loop
      vertex 69.7080 42.3417 9.9500
      vertex 69.6210 42.5519 12.6000
      vertex 69.6210 42.5519 9.9500
    endloop
  endfacet
  facet normal -0.923985 -0.382429 1.10511e-18
    outer loop
      vertex 69.6210 42.5519 12.6000
      vertex 69.7080 42.3417 9.9500
      vertex 69.7080 42.3417 12.6000
    endloop
  endfacet
  facet normal 0.522552 0.852608 -0
    outer loop
      vertex 71.8520 44.1731 9.9500
      vertex 71.6580 44.2920 12.6000
      vertex 71.8520 44.1731 12.6000
    endloop
  endfacet
  facet normal 0.522552 0.852608 0
    outer loop
      vertex 71.6580 44.2920 12.6000
      vertex 71.8520 44.1731 9.9500
      vertex 71.6580 44.2920 9.9500
    endloop
  endfacet
  facet normal 0.233623 0.972327 -0
    outer loop
      vertex 71.4480 44.3790 9.9500
      vertex 71.2270 44.4321 12.6000
      vertex 71.4480 44.3790 12.6000
    endloop
  endfacet
  facet normal 0.233623 0.972327 0
    outer loop
      vertex 71.2270 44.4321 12.6000
      vertex 71.4480 44.3790 9.9500
      vertex 71.2270 44.4321 9.9500
    endloop
  endfacet
  facet normal 0 0 1
    outer loop
      vertex 72.4320 43.2268 12.6000
      vertex 72.4320 42.7732 12.6000
      vertex 72.4500 43.0000 12.6000
    endloop
  endfacet
  facet normal 0 0 1
    outer loop
      vertex 72.3790 43.4481 12.6000
      vertex 72.4320 42.7732 12.6000
      vertex 72.4320 43.2268 12.6000
    endloop
  endfacet
  facet normal 0 0 1
    outer loop
      vertex 72.3790 43.4481 12.6000
      vertex 72.3790 42.5519 12.6000
      vertex 72.4320 42.7732 12.6000
    endloop
  endfacet
  facet normal 0 0 1
    outer loop
      vertex 72.2920 43.6583 12.6000
      vertex 72.3790 42.5519 12.6000
      vertex 72.3790 43.4481 12.6000
    endloop
  endfacet
  facet normal 0 0 1
    outer loop
      vertex 72.2920 43.6583 12.6000
      vertex 72.2920 42.3417 12.6000
      vertex 72.3790 42.5519 12.6000
    endloop
  endfacet
  facet normal 0 0 1
    outer loop
      vertex 72.1730 43.8523 12.6000
      vertex 72.2920 42.3417 12.6000
      vertex 72.2920 43.6583 12.6000
    endloop
  endfacet
  facet normal 0 0 1
    outer loop
      vertex 72.1730 43.8523 12.6000
      vertex 72.1730 42.1477 12.6000
      vertex 72.2920 42.3417 12.6000
    endloop
  endfacet
  facet normal 0 0 1
    outer loop
      vertex 72.0250 44.0253 12.6000
      vertex 72.1730 42.1477 12.6000
      vertex 72.1730 43.8523 12.6000
    endloop
  endfacet
  facet normal 0 0 1
    outer loop
      vertex 72.0250 44.0253 12.6000
      vertex 72.0250 41.9747 12.6000
      vertex 72.1730 42.1477 12.6000
    endloop
  endfacet
  facet normal 0 0 1
    outer loop
      vertex 71.8520 44.1731 12.6000
      vertex 72.0250 41.9747 12.6000
      vertex 72.0250 44.0253 12.6000
    endloop
  endfacet
  facet normal 0 0 1
    outer loop
      vertex 71.8520 44.1731 12.6000
      vertex 71.8520 41.8269 12.6000
      vertex 72.0250 41.9747 12.6000
    endloop
  endfacet
  facet normal 0 0 1
    outer loop
      vertex 71.6580 44.2920 12.6000
      vertex 71.8520 41.8269 12.6000
      vertex 71.8520 44.1731 12.6000
    endloop
  endfacet
  facet normal 0 0 1
    outer loop
      vertex 71.6580 44.2920 12.6000
      vertex 71.6580 41.7080 12.6000
      vertex 71.8520 41.8269 12.6000
    endloop
  endfacet
  facet normal 0 0 1
    outer loop
      vertex 71.4480 44.3790 12.6000
      vertex 71.6580 41.7080 12.6000
      vertex 71.6580 44.2920 12.6000
    endloop
  endfacet
  facet normal 0 0 1
    outer loop
      vertex 71.4480 44.3790 12.6000
      vertex 71.4480 41.6210 12.6000
      vertex 71.6580 41.7080 12.6000
    endloop
  endfacet
  facet normal 0 0 1
    outer loop
      vertex 71.2270 44.4321 12.6000
      vertex 71.4480 41.6210 12.6000
      vertex 71.4480 44.3790 12.6000
    endloop
  endfacet
  facet normal 0 0 1
    outer loop
      vertex 71.2270 44.4321 12.6000
      vertex 71.2270 41.5679 12.6000
      vertex 71.4480 41.6210 12.6000
    endloop
  endfacet
  facet normal 0 0 1
    outer loop
      vertex 71.0000 44.4500 12.6000
      vertex 71.2270 41.5679 12.6000
      vertex 71.2270 44.4321 12.6000
    endloop
  endfacet
  facet normal 0 0 1
    outer loop
      vertex 71.0000 44.4500 12.6000
      vertex 71.0000 41.5500 12.6000
      vertex 71.2270 41.5679 12.6000
    endloop
  endfacet
  facet normal -0 0 1
    outer loop
      vertex 70.7730 44.4321 12.6000
      vertex 71.0000 41.5500 12.6000
      vertex 71.0000 44.4500 12.6000
    endloop
  endfacet
  facet normal 0 0 1
    outer loop
      vertex 70.7730 44.4321 12.6000
      vertex 70.7730 41.5679 12.6000
      vertex 71.0000 41.5500 12.6000
    endloop
  endfacet
  facet normal -0 0 1
    outer loop
      vertex 70.5520 44.3790 12.6000
      vertex 70.7730 41.5679 12.6000
      vertex 70.7730 44.4321 12.6000
    endloop
  endfacet
  facet normal 0 0 1
    outer loop
      vertex 70.5520 44.3790 12.6000
      vertex 70.5520 41.6210 12.6000
      vertex 70.7730 41.5679 12.6000
    endloop
  endfacet
  facet normal -0 0 1
    outer loop
      vertex 70.3420 44.2920 12.6000
      vertex 70.5520 41.6210 12.6000
      vertex 70.5520 44.3790 12.6000
    endloop
  endfacet
  facet normal 0 0 1
    outer loop
      vertex 70.3420 44.2920 12.6000
      vertex 70.3420 41.7080 12.6000
      vertex 70.5520 41.6210 12.6000
    endloop
  endfacet
  facet normal -0 0 1
    outer loop
      vertex 70.1480 44.1731 12.6000
      vertex 70.3420 41.7080 12.6000
      vertex 70.3420 44.2920 12.6000
    endloop
  endfacet
  facet normal 0 0 1
    outer loop
      vertex 70.1480 44.1731 12.6000
      vertex 70.1480 41.8269 12.6000
      vertex 70.3420 41.7080 12.6000
    endloop
  endfacet
  facet normal -0 0 1
    outer loop
      vertex 69.9750 44.0253 12.6000
      vertex 70.1480 41.8269 12.6000
      vertex 70.1480 44.1731 12.6000
    endloop
  endfacet
  facet normal 0 0 1
    outer loop
      vertex 69.9750 44.0253 12.6000
      vertex 69.9750 41.9747 12.6000
      vertex 70.1480 41.8269 12.6000
    endloop
  endfacet
  facet normal -0 0 1
    outer loop
      vertex 69.8270 43.8523 12.6000
      vertex 69.9750 41.9747 12.6000
      vertex 69.9750 44.0253 12.6000
    endloop
  endfacet
  facet normal 0 0 1
    outer loop
      vertex 69.8270 43.8523 12.6000
      vertex 69.8270 42.1477 12.6000
      vertex 69.9750 41.9747 12.6000
    endloop
  endfacet
  facet normal -0 0 1
    outer loop
      vertex 69.7080 43.6583 12.6000
      vertex 69.8270 42.1477 12.6000
      vertex 69.8270 43.8523 12.6000
    endloop
  endfacet
  facet normal 0 0 1
    outer loop
      vertex 69.7080 43.6583 12.6000
      vertex 69.7080 42.3417 12.6000
      vertex 69.8270 42.1477 12.6000
    endloop
  endfacet
  facet normal -0 0 1
    outer loop
      vertex 69.6210 43.4481 12.6000
      vertex 69.7080 42.3417 12.6000
      vertex 69.7080 43.6583 12.6000
    endloop
  endfacet
  facet normal 0 0 1
    outer loop
      vertex 69.6210 43.4481 12.6000
      vertex 69.6210 42.5519 12.6000
      vertex 69.7080 42.3417 12.6000
    endloop
  endfacet
  facet normal -0 0 1
    outer loop
      vertex 69.5680 43.2268 12.6000
      vertex 69.6210 42.5519 12.6000
      vertex 69.6210 43.4481 12.6000
    endloop
  endfacet
  facet normal 0 0 1
    outer loop
      vertex 69.5680 43.2268 12.6000
      vertex 69.5680 42.7732 12.6000
      vertex 69.6210 42.5519 12.6000
    endloop
  endfacet
  facet normal 0 -0 1
    outer loop
      vertex 69.5680 42.7732 12.6000
      vertex 69.5680 43.2268 12.6000
      vertex 69.5500 43.0000 12.6000
    endloop
  endfacet
  facet normal 0.64956 0.76031 -0
    outer loop
      vertex 72.0250 44.0253 9.9500
      vertex 71.8520 44.1731 12.6000
      vertex 72.0250 44.0253 12.6000
    endloop
  endfacet
  facet normal 0.64956 0.76031 0
    outer loop
      vertex 71.8520 44.1731 12.6000
      vertex 72.0250 44.0253 9.9500
      vertex 71.8520 44.1731 9.9500
    endloop
  endfacet
  facet normal 0.972499 0.232908 2.38199e-19
    outer loop
      vertex 72.4320 43.2268 12.6000
      vertex 72.3790 43.4481 9.9500
      vertex 72.3790 43.4481 12.6000
    endloop
  endfacet
  facet normal 0.972499 0.232908 2.38199e-19
    outer loop
      vertex 72.3790 43.4481 9.9500
      vertex 72.4320 43.2268 12.6000
      vertex 72.4320 43.2268 9.9500
    endloop
  endfacet
  facet normal -0.759876 -0.650068 -1.99329e-18
    outer loop
      vertex 69.9750 41.9747 9.9500
      vertex 69.8270 42.1477 12.6000
      vertex 69.8270 42.1477 9.9500
    endloop
  endfacet
  facet normal -0.759876 -0.650068 -1.99329e-18
    outer loop
      vertex 69.8270 42.1477 12.6000
      vertex 69.9750 41.9747 9.9500
      vertex 69.9750 41.9747 12.6000
    endloop
  endfacet
  facet normal 0.759876 0.650068 -1.99329e-18
    outer loop
      vertex 72.1730 43.8523 12.6000
      vertex 72.0250 44.0253 9.9500
      vertex 72.0250 44.0253 12.6000
    endloop
  endfacet
  facet normal 0.759876 0.650068 -1.99329e-18
    outer loop
      vertex 72.0250 44.0253 9.9500
      vertex 72.1730 43.8523 12.6000
      vertex 72.1730 43.8523 9.9500
    endloop
  endfacet
  facet normal -0.852412 -0.522871 -1.69135e-18
    outer loop
      vertex 69.8270 42.1477 9.9500
      vertex 69.7080 42.3417 12.6000
      vertex 69.7080 42.3417 9.9500
    endloop
  endfacet
  facet normal -0.852412 -0.522871 -1.69135e-18
    outer loop
      vertex 69.7080 42.3417 12.6000
      vertex 69.8270 42.1477 9.9500
      vertex 69.8270 42.1477 12.6000
    endloop
  endfacet
  facet normal -0.38274 -0.923856 0
    outer loop
      vertex 70.3420 41.7080 9.9500
      vertex 70.5520 41.6210 12.6000
      vertex 70.3420 41.7080 12.6000
    endloop
  endfacet
  facet normal -0.38274 -0.923856 -0
    outer loop
      vertex 70.5520 41.6210 12.6000
      vertex 70.3420 41.7080 9.9500
      vertex 70.5520 41.6210 9.9500
    endloop
  endfacet
  facet normal 0.38274 0.923856 -0
    outer loop
      vertex 71.6580 44.2920 9.9500
      vertex 71.4480 44.3790 12.6000
      vertex 71.6580 44.2920 12.6000
    endloop
  endfacet
  facet normal 0.38274 0.923856 0
    outer loop
      vertex 71.4480 44.3790 12.6000
      vertex 71.6580 44.2920 9.9500
      vertex 71.4480 44.3790 9.9500
    endloop
  endfacet
  facet normal 0.64956 -0.76031 0
    outer loop
      vertex 71.8520 41.8269 9.9500
      vertex 72.0250 41.9747 12.6000
      vertex 71.8520 41.8269 12.6000
    endloop
  endfacet
  facet normal 0.64956 -0.76031 0
    outer loop
      vertex 72.0250 41.9747 12.6000
      vertex 71.8520 41.8269 9.9500
      vertex 72.0250 41.9747 9.9500
    endloop
  endfacet
  facet normal 0.233623 -0.972327 0
    outer loop
      vertex 71.2270 41.5679 9.9500
      vertex 71.4480 41.6210 12.6000
      vertex 71.2270 41.5679 12.6000
    endloop
  endfacet
  facet normal 0.233623 -0.972327 0
    outer loop
      vertex 71.4480 41.6210 12.6000
      vertex 71.2270 41.5679 9.9500
      vertex 71.4480 41.6210 9.9500
    endloop
  endfacet
  facet normal 0.522552 -0.852608 0
    outer loop
      vertex 71.6580 41.7080 9.9500
      vertex 71.8520 41.8269 12.6000
      vertex 71.6580 41.7080 12.6000
    endloop
  endfacet
  facet normal 0.522552 -0.852608 0
    outer loop
      vertex 71.8520 41.8269 12.6000
      vertex 71.6580 41.7080 9.9500
      vertex 71.8520 41.8269 9.9500
    endloop
  endfacet
  facet normal -0.759876 0.650068 1.99329e-18
    outer loop
      vertex 69.8270 43.8523 9.9500
      vertex 69.9750 44.0253 12.6000
      vertex 69.9750 44.0253 9.9500
    endloop
  endfacet
  facet normal -0.759876 0.650068 1.99329e-18
    outer loop
      vertex 69.9750 44.0253 12.6000
      vertex 69.8270 43.8523 9.9500
      vertex 69.8270 43.8523 12.6000
    endloop
  endfacet
  facet normal 0.923985 0.382429 1.10511e-18
    outer loop
      vertex 72.3790 43.4481 12.6000
      vertex 72.2920 43.6583 9.9500
      vertex 72.2920 43.6583 12.6000
    endloop
  endfacet
  facet normal 0.923985 0.382429 1.10511e-18
    outer loop
      vertex 72.2920 43.6583 9.9500
      vertex 72.3790 43.4481 12.6000
      vertex 72.3790 43.4481 9.9500
    endloop
  endfacet
  facet normal -0.996865 0.0791163 -1.5713e-19
    outer loop
      vertex 69.5500 43.0000 9.9500
      vertex 69.5680 43.2268 12.6000
      vertex 69.5680 43.2268 9.9500
    endloop
  endfacet
  facet normal -0.996865 0.0791163 -1.5713e-19
    outer loop
      vertex 69.5680 43.2268 12.6000
      vertex 69.5500 43.0000 9.9500
      vertex 69.5500 43.0000 12.6000
    endloop
  endfacet
  facet normal -0.852412 0.522871 1.69135e-18
    outer loop
      vertex 69.7080 43.6583 9.9500
      vertex 69.8270 43.8523 12.6000
      vertex 69.8270 43.8523 9.9500
    endloop
  endfacet
  facet normal -0.852412 0.522871 1.69135e-18
    outer loop
      vertex 69.8270 43.8523 12.6000
      vertex 69.7080 43.6583 9.9500
      vertex 69.7080 43.6583 12.6000
    endloop
  endfacet
  facet normal -0.996865 -0.0791163 1.5713e-19
    outer loop
      vertex 69.5680 42.7732 9.9500
      vertex 69.5500 43.0000 12.6000
      vertex 69.5500 43.0000 9.9500
    endloop
  endfacet
  facet normal -0.996865 -0.0791163 1.5713e-19
    outer loop
      vertex 69.5500 43.0000 12.6000
      vertex 69.5680 42.7732 9.9500
      vertex 69.5680 42.7732 12.6000
    endloop
  endfacet
  facet normal -0.0786106 -0.996905 0
    outer loop
      vertex 70.7730 41.5679 9.9500
      vertex 71.0000 41.5500 12.6000
      vertex 70.7730 41.5679 12.6000
    endloop
  endfacet
  facet normal -0.0786106 -0.996905 -0
    outer loop
      vertex 71.0000 41.5500 12.6000
      vertex 70.7730 41.5679 9.9500
      vertex 71.0000 41.5500 9.9500
    endloop
  endfacet
  facet normal 0.0786106 -0.996905 0
    outer loop
      vertex 71.0000 41.5500 9.9500
      vertex 71.2270 41.5679 12.6000
      vertex 71.0000 41.5500 12.6000
    endloop
  endfacet
  facet normal 0.0786106 -0.996905 0
    outer loop
      vertex 71.2270 41.5679 12.6000
      vertex 71.0000 41.5500 9.9500
      vertex 71.2270 41.5679 9.9500
    endloop
  endfacet
  facet normal -0.38274 0.923856 0
    outer loop
      vertex 70.5520 44.3790 9.9500
      vertex 70.3420 44.2920 12.6000
      vertex 70.5520 44.3790 12.6000
    endloop
  endfacet
  facet normal -0.38274 0.923856 0
    outer loop
      vertex 70.3420 44.2920 12.6000
      vertex 70.5520 44.3790 9.9500
      vertex 70.3420 44.2920 9.9500
    endloop
  endfacet
  facet normal -0.233623 0.972327 0
    outer loop
      vertex 70.7730 44.4321 9.9500
      vertex 70.5520 44.3790 12.6000
      vertex 70.7730 44.4321 12.6000
    endloop
  endfacet
  facet normal -0.233623 0.972327 0
    outer loop
      vertex 70.5520 44.3790 12.6000
      vertex 70.7730 44.4321 9.9500
      vertex 70.5520 44.3790 9.9500
    endloop
  endfacet
  facet normal -0.923985 0.382429 -1.10511e-18
    outer loop
      vertex 69.6210 43.4481 9.9500
      vertex 69.7080 43.6583 12.6000
      vertex 69.7080 43.6583 9.9500
    endloop
  endfacet
  facet normal -0.923985 0.382429 -1.10511e-18
    outer loop
      vertex 69.7080 43.6583 12.6000
      vertex 69.6210 43.4481 9.9500
      vertex 69.6210 43.4481 12.6000
    endloop
  endfacet
  facet normal 0.759876 -0.650068 1.99329e-18
    outer loop
      vertex 72.0250 41.9747 12.6000
      vertex 72.1730 42.1477 9.9500
      vertex 72.1730 42.1477 12.6000
    endloop
  endfacet
  facet normal 0.759876 -0.650068 1.99329e-18
    outer loop
      vertex 72.1730 42.1477 9.9500
      vertex 72.0250 41.9747 12.6000
      vertex 72.0250 41.9747 9.9500
    endloop
  endfacet
  facet normal -0.522552 0.852608 0
    outer loop
      vertex 70.3420 44.2920 9.9500
      vertex 70.1480 44.1731 12.6000
      vertex 70.3420 44.2920 12.6000
    endloop
  endfacet
  facet normal -0.522552 0.852608 0
    outer loop
      vertex 70.1480 44.1731 12.6000
      vertex 70.3420 44.2920 9.9500
      vertex 70.1480 44.1731 9.9500
    endloop
  endfacet
  facet normal 0.0786106 0.996905 -0
    outer loop
      vertex 71.2270 44.4321 9.9500
      vertex 71.0000 44.4500 12.6000
      vertex 71.2270 44.4321 12.6000
    endloop
  endfacet
  facet normal 0.0786106 0.996905 0
    outer loop
      vertex 71.0000 44.4500 12.6000
      vertex 71.2270 44.4321 9.9500
      vertex 71.0000 44.4500 9.9500
    endloop
  endfacet
  facet normal -0.972499 -0.232908 2.38199e-19
    outer loop
      vertex 69.6210 42.5519 9.9500
      vertex 69.5680 42.7732 12.6000
      vertex 69.5680 42.7732 9.9500
    endloop
  endfacet
  facet normal -0.972499 -0.232908 2.38199e-19
    outer loop
      vertex 69.5680 42.7732 12.6000
      vertex 69.6210 42.5519 9.9500
      vertex 69.6210 42.5519 12.6000
    endloop
  endfacet
  facet normal -0.64956 0.76031 0
    outer loop
      vertex 70.1480 44.1731 9.9500
      vertex 69.9750 44.0253 12.6000
      vertex 70.1480 44.1731 12.6000
    endloop
  endfacet
  facet normal -0.64956 0.76031 0
    outer loop
      vertex 69.9750 44.0253 12.6000
      vertex 70.1480 44.1731 9.9500
      vertex 69.9750 44.0253 9.9500
    endloop
  endfacet
  facet normal 1 0 0
    outer loop
      vertex 19.0000 28.7000 11.5000
      vertex 19.0000 27.5000 11.3000
      vertex 19.0000 28.7000 11.3000
    endloop
  endfacet
  facet normal 1 -0 0
    outer loop
      vertex 19.0000 25.5000 11.5000
      vertex 19.0000 27.5000 11.3000
      vertex 19.0000 28.7000 11.5000
    endloop
  endfacet
  facet normal 1 0 0
    outer loop
      vertex 19.0000 25.5000 3.0000
      vertex 19.0000 27.5000 11.3000
      vertex 19.0000 25.5000 11.5000
    endloop
  endfacet
  facet normal 1 0 0
    outer loop
      vertex 19.0000 27.5000 11.3000
      vertex 19.0000 25.5000 3.0000
      vertex 19.0000 27.5000 3.0000
    endloop
  endfacet
  facet normal -0 0 1
    outer loop
      vertex 15.0000 28.7000 11.5000
      vertex 19.0000 25.5000 11.5000
      vertex 19.0000 28.7000 11.5000
    endloop
  endfacet
  facet normal 0 0 1
    outer loop
      vertex 19.0000 25.5000 11.5000
      vertex 15.0000 28.7000 11.5000
      vertex 15.0000 25.5000 11.5000
    endloop
  endfacet
  facet normal -1 0 0
    outer loop
      vertex 15.0000 25.5000 3.0000
      vertex 15.0000 28.7000 11.5000
      vertex 15.0000 28.7000 3.0000
    endloop
  endfacet
  facet normal -1 -0 0
    outer loop
      vertex 15.0000 28.7000 11.5000
      vertex 15.0000 25.5000 3.0000
      vertex 15.0000 25.5000 11.5000
    endloop
  endfacet
  facet normal 0 -1 0
    outer loop
      vertex 15.0000 25.5000 3.0000
      vertex 19.0000 25.5000 11.5000
      vertex 15.0000 25.5000 11.5000
    endloop
  endfacet
  facet normal 0 -1 -0
    outer loop
      vertex 19.0000 25.5000 11.5000
      vertex 15.0000 25.5000 3.0000
      vertex 19.0000 25.5000 3.0000
    endloop
  endfacet
  facet normal 0 1 0
    outer loop
      vertex 35.0000 28.7000 11.3000
      vertex 35.0000 28.7000 3.0000
      vertex 19.0000 28.7000 11.3000
    endloop
  endfacet
  facet normal 0 1 -0
    outer loop
      vertex 19.0000 28.7000 11.3000
      vertex 15.0000 28.7000 11.5000
      vertex 19.0000 28.7000 11.5000
    endloop
  endfacet
  facet normal 0 1 0
    outer loop
      vertex 15.0000 28.7000 3.0000
      vertex 19.0000 28.7000 11.3000
      vertex 35.0000 28.7000 3.0000
    endloop
  endfacet
  facet normal 0 1 0
    outer loop
      vertex 19.0000 28.7000 11.3000
      vertex 15.0000 28.7000 3.0000
      vertex 15.0000 28.7000 11.5000
    endloop
  endfacet
  facet normal 1 -0 0
    outer loop
      vertex 35.0000 27.5000 11.3000
      vertex 35.0000 28.7000 3.0000
      vertex 35.0000 28.7000 11.3000
    endloop
  endfacet
  facet normal 1 0 0
    outer loop
      vertex 35.0000 28.7000 3.0000
      vertex 35.0000 27.5000 11.3000
      vertex 35.0000 27.5000 3.0000
    endloop
  endfacet
  facet normal -0 0 1
    outer loop
      vertex 19.0000 28.7000 11.3000
      vertex 35.0000 27.5000 11.3000
      vertex 35.0000 28.7000 11.3000
    endloop
  endfacet
  facet normal 0 0 1
    outer loop
      vertex 35.0000 27.5000 11.3000
      vertex 19.0000 28.7000 11.3000
      vertex 19.0000 27.5000 11.3000
    endloop
  endfacet
  facet normal 0 -1 0
    outer loop
      vertex 19.0000 27.5000 3.0000
      vertex 35.0000 27.5000 11.3000
      vertex 19.0000 27.5000 11.3000
    endloop
  endfacet
  facet normal 0 -1 -0
    outer loop
      vertex 35.0000 27.5000 11.3000
      vertex 19.0000 27.5000 3.0000
      vertex 35.0000 27.5000 3.0000
    endloop
  endfacet
  facet normal -0 0.707107 0.707107
    outer loop
      vertex 29.0000 29.9000 12.2000
      vertex 35.0000 28.7000 13.4000
      vertex 35.0000 29.9000 12.2000
    endloop
  endfacet
  facet normal 0 0.707107 0.707107
    outer loop
      vertex 35.0000 28.7000 13.4000
      vertex 29.0000 29.9000 12.2000
      vertex 29.0000 28.7000 13.4000
    endloop
  endfacet
  facet normal -0 0 1
    outer loop
      vertex 29.0000 28.7000 13.4000
      vertex 35.0000 28.6900 13.4000
      vertex 35.0000 28.7000 13.4000
    endloop
  endfacet
  facet normal 0 0 1
    outer loop
      vertex 35.0000 28.6900 13.4000
      vertex 29.0000 28.7000 13.4000
      vertex 29.0000 28.6900 13.4000
    endloop
  endfacet
  facet normal 0 -1 0
    outer loop
      vertex 29.0000 28.6900 11.9000
      vertex 35.0000 28.6900 13.4000
      vertex 29.0000 28.6900 13.4000
    endloop
  endfacet
  facet normal 0 -1 -0
    outer loop
      vertex 35.0000 28.6900 13.4000
      vertex 29.0000 28.6900 11.9000
      vertex 35.0000 28.6900 11.9000
    endloop
  endfacet
  facet normal -1 0 0
    outer loop
      vertex 29.0000 28.6900 11.9000
      vertex 29.0000 29.9000 12.2000
      vertex 29.0000 29.9000 11.9000
    endloop
  endfacet
  facet normal -1 -0 0
    outer loop
      vertex 29.0000 29.9000 12.2000
      vertex 29.0000 28.6900 11.9000
      vertex 29.0000 28.7000 13.4000
    endloop
  endfacet
  facet normal -1 -0 0
    outer loop
      vertex 29.0000 28.7000 13.4000
      vertex 29.0000 28.6900 11.9000
      vertex 29.0000 28.6900 13.4000
    endloop
  endfacet
  facet normal 1 0 0
    outer loop
      vertex 35.0000 28.6900 11.9000
      vertex 35.0000 29.9000 12.2000
      vertex 35.0000 28.7000 13.4000
    endloop
  endfacet
  facet normal 1 0 0
    outer loop
      vertex 35.0000 28.6900 11.9000
      vertex 35.0000 28.7000 13.4000
      vertex 35.0000 28.6900 13.4000
    endloop
  endfacet
  facet normal 1 0 0
    outer loop
      vertex 35.0000 29.9000 12.2000
      vertex 35.0000 28.6900 11.9000
      vertex 35.0000 29.9000 11.9000
    endloop
  endfacet
  facet normal 0 0 -1
    outer loop
      vertex 29.0000 28.6900 11.9000
      vertex 35.0000 29.9000 11.9000
      vertex 35.0000 28.6900 11.9000
    endloop
  endfacet
  facet normal -0 0 -1
    outer loop
      vertex 35.0000 29.9000 11.9000
      vertex 29.0000 28.6900 11.9000
      vertex 29.0000 29.9000 11.9000
    endloop
  endfacet
  facet normal 0 1 -0
    outer loop
      vertex 35.0000 29.9000 11.9000
      vertex 29.0000 29.9000 12.2000
      vertex 35.0000 29.9000 12.2000
    endloop
  endfacet
  facet normal 0 1 0
    outer loop
      vertex 29.0000 29.9000 12.2000
      vertex 35.0000 29.9000 11.9000
      vertex 29.0000 29.9000 11.9000
    endloop
  endfacet
  facet normal 1 0 0
    outer loop
      vertex 55.0000 28.7000 11.5000
      vertex 55.0000 27.5000 11.3000
      vertex 55.0000 28.7000 11.3000
    endloop
  endfacet
  facet normal 1 -0 0
    outer loop
      vertex 55.0000 25.5000 11.5000
      vertex 55.0000 27.5000 11.3000
      vertex 55.0000 28.7000 11.5000
    endloop
  endfacet
  facet normal 1 0 0
    outer loop
      vertex 55.0000 25.5000 3.0000
      vertex 55.0000 27.5000 11.3000
      vertex 55.0000 25.5000 11.5000
    endloop
  endfacet
  facet normal 1 0 0
    outer loop
      vertex 55.0000 27.5000 11.3000
      vertex 55.0000 25.5000 3.0000
      vertex 55.0000 27.5000 3.0000
    endloop
  endfacet
  facet normal -0 0 1
    outer loop
      vertex 51.0000 28.7000 11.5000
      vertex 55.0000 25.5000 11.5000
      vertex 55.0000 28.7000 11.5000
    endloop
  endfacet
  facet normal 0 0 1
    outer loop
      vertex 55.0000 25.5000 11.5000
      vertex 51.0000 28.7000 11.5000
      vertex 51.0000 25.5000 11.5000
    endloop
  endfacet
  facet normal -1 0 0
    outer loop
      vertex 51.0000 25.5000 3.0000
      vertex 51.0000 28.7000 11.5000
      vertex 51.0000 28.7000 3.0000
    endloop
  endfacet
  facet normal -1 -0 0
    outer loop
      vertex 51.0000 28.7000 11.5000
      vertex 51.0000 25.5000 3.0000
      vertex 51.0000 25.5000 11.5000
    endloop
  endfacet
  facet normal 0 -1 0
    outer loop
      vertex 51.0000 25.5000 3.0000
      vertex 55.0000 25.5000 11.5000
      vertex 51.0000 25.5000 11.5000
    endloop
  endfacet
  facet normal 0 -1 -0
    outer loop
      vertex 55.0000 25.5000 11.5000
      vertex 51.0000 25.5000 3.0000
      vertex 55.0000 25.5000 3.0000
    endloop
  endfacet
  facet normal 0 1 0
    outer loop
      vertex 71.0000 28.7000 11.3000
      vertex 71.0000 28.7000 3.0000
      vertex 55.0000 28.7000 11.3000
    endloop
  endfacet
  facet normal 0 1 -0
    outer loop
      vertex 55.0000 28.7000 11.3000
      vertex 51.0000 28.7000 11.5000
      vertex 55.0000 28.7000 11.5000
    endloop
  endfacet
  facet normal 0 1 0
    outer loop
      vertex 51.0000 28.7000 3.0000
      vertex 55.0000 28.7000 11.3000
      vertex 71.0000 28.7000 3.0000
    endloop
  endfacet
  facet normal 0 1 0
    outer loop
      vertex 55.0000 28.7000 11.3000
      vertex 51.0000 28.7000 3.0000
      vertex 51.0000 28.7000 11.5000
    endloop
  endfacet
  facet normal 1 -0 0
    outer loop
      vertex 71.0000 27.5000 11.3000
      vertex 71.0000 28.7000 3.0000
      vertex 71.0000 28.7000 11.3000
    endloop
  endfacet
  facet normal 1 0 0
    outer loop
      vertex 71.0000 28.7000 3.0000
      vertex 71.0000 27.5000 11.3000
      vertex 71.0000 27.5000 3.0000
    endloop
  endfacet
  facet normal -0 0 1
    outer loop
      vertex 55.0000 28.7000 11.3000
      vertex 71.0000 27.5000 11.3000
      vertex 71.0000 28.7000 11.3000
    endloop
  endfacet
  facet normal 0 0 1
    outer loop
      vertex 71.0000 27.5000 11.3000
      vertex 55.0000 28.7000 11.3000
      vertex 55.0000 27.5000 11.3000
    endloop
  endfacet
  facet normal 0 -1 0
    outer loop
      vertex 55.0000 27.5000 3.0000
      vertex 71.0000 27.5000 11.3000
      vertex 55.0000 27.5000 11.3000
    endloop
  endfacet
  facet normal 0 -1 -0
    outer loop
      vertex 71.0000 27.5000 11.3000
      vertex 55.0000 27.5000 3.0000
      vertex 71.0000 27.5000 3.0000
    endloop
  endfacet
  facet normal -0 0.707107 0.707107
    outer loop
      vertex 65.0000 29.9000 12.2000
      vertex 71.0000 28.7000 13.4000
      vertex 71.0000 29.9000 12.2000
    endloop
  endfacet
  facet normal 0 0.707107 0.707107
    outer loop
      vertex 71.0000 28.7000 13.4000
      vertex 65.0000 29.9000 12.2000
      vertex 65.0000 28.7000 13.4000
    endloop
  endfacet
  facet normal -0 0 1
    outer loop
      vertex 65.0000 28.7000 13.4000
      vertex 71.0000 28.6900 13.4000
      vertex 71.0000 28.7000 13.4000
    endloop
  endfacet
  facet normal 0 0 1
    outer loop
      vertex 71.0000 28.6900 13.4000
      vertex 65.0000 28.7000 13.4000
      vertex 65.0000 28.6900 13.4000
    endloop
  endfacet
  facet normal 0 -1 0
    outer loop
      vertex 65.0000 28.6900 11.9000
      vertex 71.0000 28.6900 13.4000
      vertex 65.0000 28.6900 13.4000
    endloop
  endfacet
  facet normal 0 -1 -0
    outer loop
      vertex 71.0000 28.6900 13.4000
      vertex 65.0000 28.6900 11.9000
      vertex 71.0000 28.6900 11.9000
    endloop
  endfacet
  facet normal -1 0 0
    outer loop
      vertex 65.0000 28.6900 11.9000
      vertex 65.0000 29.9000 12.2000
      vertex 65.0000 29.9000 11.9000
    endloop
  endfacet
  facet normal -1 -0 0
    outer loop
      vertex 65.0000 29.9000 12.2000
      vertex 65.0000 28.6900 11.9000
      vertex 65.0000 28.7000 13.4000
    endloop
  endfacet
  facet normal -1 -0 0
    outer loop
      vertex 65.0000 28.7000 13.4000
      vertex 65.0000 28.6900 11.9000
      vertex 65.0000 28.6900 13.4000
    endloop
  endfacet
  facet normal 1 0 0
    outer loop
      vertex 71.0000 28.6900 11.9000
      vertex 71.0000 29.9000 12.2000
      vertex 71.0000 28.7000 13.4000
    endloop
  endfacet
  facet normal 1 0 0
    outer loop
      vertex 71.0000 28.6900 11.9000
      vertex 71.0000 28.7000 13.4000
      vertex 71.0000 28.6900 13.4000
    endloop
  endfacet
  facet normal 1 0 0
    outer loop
      vertex 71.0000 29.9000 12.2000
      vertex 71.0000 28.6900 11.9000
      vertex 71.0000 29.9000 11.9000
    endloop
  endfacet
  facet normal 0 0 -1
    outer loop
      vertex 65.0000 28.6900 11.9000
      vertex 71.0000 29.9000 11.9000
      vertex 71.0000 28.6900 11.9000
    endloop
  endfacet
  facet normal -0 0 -1
    outer loop
      vertex 71.0000 29.9000 11.9000
      vertex 65.0000 28.6900 11.9000
      vertex 65.0000 29.9000 11.9000
    endloop
  endfacet
  facet normal 0 1 -0
    outer loop
      vertex 71.0000 29.9000 11.9000
      vertex 65.0000 29.9000 12.2000
      vertex 71.0000 29.9000 12.2000
    endloop
  endfacet
  facet normal 0 1 0
    outer loop
      vertex 65.0000 29.9000 12.2000
      vertex 71.0000 29.9000 11.9000
      vertex 65.0000 29.9000 11.9000
    endloop
  endfacet
  facet normal 1 0 0
    outer loop
      vertex 55.0000 97.5000 11.5000
      vertex 55.0000 95.5000 11.3000
      vertex 55.0000 97.5000 3.0000
    endloop
  endfacet
  facet normal 1 -0 0
    outer loop
      vertex 55.0000 94.3000 11.5000
      vertex 55.0000 95.5000 11.3000
      vertex 55.0000 97.5000 11.5000
    endloop
  endfacet
  facet normal 1 0 0
    outer loop
      vertex 55.0000 95.5000 11.3000
      vertex 55.0000 94.3000 11.5000
      vertex 55.0000 94.3000 11.3000
    endloop
  endfacet
  facet normal 1 0 0
    outer loop
      vertex 55.0000 97.5000 3.0000
      vertex 55.0000 95.5000 11.3000
      vertex 55.0000 95.5000 3.0000
    endloop
  endfacet
  facet normal -0 0 1
    outer loop
      vertex 51.0000 97.5000 11.5000
      vertex 55.0000 94.3000 11.5000
      vertex 55.0000 97.5000 11.5000
    endloop
  endfacet
  facet normal 0 0 1
    outer loop
      vertex 55.0000 94.3000 11.5000
      vertex 51.0000 97.5000 11.5000
      vertex 51.0000 94.3000 11.5000
    endloop
  endfacet
  facet normal -1 0 0
    outer loop
      vertex 51.0000 94.3000 3.0000
      vertex 51.0000 97.5000 11.5000
      vertex 51.0000 97.5000 3.0000
    endloop
  endfacet
  facet normal -1 -0 0
    outer loop
      vertex 51.0000 97.5000 11.5000
      vertex 51.0000 94.3000 3.0000
      vertex 51.0000 94.3000 11.5000
    endloop
  endfacet
  facet normal 0 -1 0
    outer loop
      vertex 51.0000 94.3000 11.5000
      vertex 55.0000 94.3000 11.3000
      vertex 55.0000 94.3000 11.5000
    endloop
  endfacet
  facet normal 0 -1 0
    outer loop
      vertex 51.0000 94.3000 3.0000
      vertex 55.0000 94.3000 11.3000
      vertex 51.0000 94.3000 11.5000
    endloop
  endfacet
  facet normal 0 -1 0
    outer loop
      vertex 71.0000 94.3000 3.0000
      vertex 55.0000 94.3000 11.3000
      vertex 51.0000 94.3000 3.0000
    endloop
  endfacet
  facet normal 0 -1 0
    outer loop
      vertex 55.0000 94.3000 11.3000
      vertex 71.0000 94.3000 3.0000
      vertex 71.0000 94.3000 11.3000
    endloop
  endfacet
  facet normal 0 1 -0
    outer loop
      vertex 55.0000 97.5000 3.0000
      vertex 51.0000 97.5000 11.5000
      vertex 55.0000 97.5000 11.5000
    endloop
  endfacet
  facet normal 0 1 0
    outer loop
      vertex 51.0000 97.5000 11.5000
      vertex 55.0000 97.5000 3.0000
      vertex 51.0000 97.5000 3.0000
    endloop
  endfacet
  facet normal 1 -0 0
    outer loop
      vertex 71.0000 94.3000 11.3000
      vertex 71.0000 95.5000 3.0000
      vertex 71.0000 95.5000 11.3000
    endloop
  endfacet
  facet normal 1 0 0
    outer loop
      vertex 71.0000 95.5000 3.0000
      vertex 71.0000 94.3000 11.3000
      vertex 71.0000 94.3000 3.0000
    endloop
  endfacet
  facet normal -0 0 1
    outer loop
      vertex 55.0000 95.5000 11.3000
      vertex 71.0000 94.3000 11.3000
      vertex 71.0000 95.5000 11.3000
    endloop
  endfacet
  facet normal 0 0 1
    outer loop
      vertex 71.0000 94.3000 11.3000
      vertex 55.0000 95.5000 11.3000
      vertex 55.0000 94.3000 11.3000
    endloop
  endfacet
  facet normal 0 1 -0
    outer loop
      vertex 71.0000 95.5000 3.0000
      vertex 55.0000 95.5000 11.3000
      vertex 71.0000 95.5000 11.3000
    endloop
  endfacet
  facet normal 0 1 0
    outer loop
      vertex 55.0000 95.5000 11.3000
      vertex 71.0000 95.5000 3.0000
      vertex 55.0000 95.5000 3.0000
    endloop
  endfacet
  facet normal 7.85036e-18 -0.707107 0.707106
    outer loop
      vertex 65.0000 93.1000 12.2000
      vertex 71.0000 94.3000 13.4000
      vertex 65.0000 94.3000 13.4000
    endloop
  endfacet
  facet normal 7.85036e-18 -0.707107 0.707106
    outer loop
      vertex 71.0000 94.3000 13.4000
      vertex 65.0000 93.1000 12.2000
      vertex 71.0000 93.1000 12.2000
    endloop
  endfacet
  facet normal -0 0 1
    outer loop
      vertex 65.0000 94.3100 13.4000
      vertex 71.0000 94.3000 13.4000
      vertex 71.0000 94.3100 13.4000
    endloop
  endfacet
  facet normal 0 0 1
    outer loop
      vertex 71.0000 94.3000 13.4000
      vertex 65.0000 94.3100 13.4000
      vertex 65.0000 94.3000 13.4000
    endloop
  endfacet
  facet normal -1 0 0
    outer loop
      vertex 65.0000 94.3100 11.9000
      vertex 65.0000 94.3000 13.4000
      vertex 65.0000 94.3100 13.4000
    endloop
  endfacet
  facet normal -1 0 0
    outer loop
      vertex 65.0000 93.1000 12.2000
      vertex 65.0000 94.3100 11.9000
      vertex 65.0000 93.1000 11.9000
    endloop
  endfacet
  facet normal -1 0 0
    outer loop
      vertex 65.0000 94.3100 11.9000
      vertex 65.0000 93.1000 12.2000
      vertex 65.0000 94.3000 13.4000
    endloop
  endfacet
  facet normal 0 -1 0
    outer loop
      vertex 65.0000 93.1000 11.9000
      vertex 71.0000 93.1000 12.2000
      vertex 65.0000 93.1000 12.2000
    endloop
  endfacet
  facet normal 0 -1 -0
    outer loop
      vertex 71.0000 93.1000 12.2000
      vertex 65.0000 93.1000 11.9000
      vertex 71.0000 93.1000 11.9000
    endloop
  endfacet
  facet normal 0 1 -0
    outer loop
      vertex 71.0000 94.3100 11.9000
      vertex 65.0000 94.3100 13.4000
      vertex 71.0000 94.3100 13.4000
    endloop
  endfacet
  facet normal 0 1 0
    outer loop
      vertex 65.0000 94.3100 13.4000
      vertex 71.0000 94.3100 11.9000
      vertex 65.0000 94.3100 11.9000
    endloop
  endfacet
  facet normal 0 0 -1
    outer loop
      vertex 65.0000 93.1000 11.9000
      vertex 71.0000 94.3100 11.9000
      vertex 71.0000 93.1000 11.9000
    endloop
  endfacet
  facet normal -0 0 -1
    outer loop
      vertex 71.0000 94.3100 11.9000
      vertex 65.0000 93.1000 11.9000
      vertex 65.0000 94.3100 11.9000
    endloop
  endfacet
  facet normal 1 -0 0
    outer loop
      vertex 71.0000 94.3000 13.4000
      vertex 71.0000 94.3100 11.9000
      vertex 71.0000 94.3100 13.4000
    endloop
  endfacet
  facet normal 1 -0 0
    outer loop
      vertex 71.0000 93.1000 12.2000
      vertex 71.0000 94.3100 11.9000
      vertex 71.0000 94.3000 13.4000
    endloop
  endfacet
  facet normal 1 0 0
    outer loop
      vertex 71.0000 94.3100 11.9000
      vertex 71.0000 93.1000 12.2000
      vertex 71.0000 93.1000 11.9000
    endloop
  endfacet
  facet normal 1 -0 0
    outer loop
      vertex 126.7000 0.0000 3.0000
      vertex 126.7000 144.0000 0.0000
      vertex 126.7000 144.0000 3.0000
    endloop
  endfacet
  facet normal 1 0 0
    outer loop
      vertex 126.7000 144.0000 0.0000
      vertex 126.7000 0.0000 3.0000
      vertex 126.7000 0.0000 0.0000
    endloop
  endfacet
  facet normal 0 0 -1
    outer loop
      vertex 2.0810 53.4000 0.0000
      vertex 6.7000 90.6000 0.0000
      vertex 6.7000 53.4000 0.0000
    endloop
  endfacet
  facet normal 0 0 -1
    outer loop
      vertex 2.0810 53.4000 0.0000
      vertex 2.0810 90.6000 0.0000
      vertex 6.7000 90.6000 0.0000
    endloop
  endfacet
  facet normal 0 0 -1
    outer loop
      vertex 0.0000 51.2000 0.0000
      vertex 2.0810 53.4000 0.0000
      vertex 0.8810 51.2000 0.0000
    endloop
  endfacet
  facet normal -0 0 -1
    outer loop
      vertex 2.0810 53.4000 0.0000
      vertex 0.0000 51.2000 0.0000
      vertex 2.0810 90.6000 0.0000
    endloop
  endfacet
  facet normal 0 0 -1
    outer loop
      vertex 0.0000 92.8000 0.0000
      vertex 2.0810 90.6000 0.0000
      vertex 0.0000 51.2000 0.0000
    endloop
  endfacet
  facet normal 0 0 -1
    outer loop
      vertex 2.0810 90.6000 0.0000
      vertex 0.0000 92.8000 0.0000
      vertex 0.8810 92.8000 0.0000
    endloop
  endfacet
  facet normal 0 0 -1
    outer loop
      vertex 106.5000 44.6000 0.0000
      vertex 112.9000 66.4000 0.0000
      vertex 112.9000 44.6000 0.0000
    endloop
  endfacet
  facet normal -0 0 -1
    outer loop
      vertex 112.9000 66.4000 0.0000
      vertex 106.5000 44.6000 0.0000
      vertex 106.5000 66.4000 0.0000
    endloop
  endfacet
  facet normal 0 0 -1
    outer loop
      vertex 112.9000 38.2000 0.0000
      vertex 119.9000 13.2000 0.0000
      vertex 113.5000 13.2000 0.0000
    endloop
  endfacet
  facet normal 0 0 -1
    outer loop
      vertex 112.9000 66.4000 0.0000
      vertex 119.9000 13.2000 0.0000
      vertex 112.9000 44.6000 0.0000
    endloop
  endfacet
  facet normal 0 0 -1
    outer loop
      vertex 119.9000 13.2000 0.0000
      vertex 126.7000 0.0000 0.0000
      vertex 119.9000 6.8000 0.0000
    endloop
  endfacet
  facet normal 0 0 -1
    outer loop
      vertex 126.7000 0.0000 0.0000
      vertex 113.5000 6.8000 0.0000
      vertex 119.9000 6.8000 0.0000
    endloop
  endfacet
  facet normal 0 0 -1
    outer loop
      vertex 13.2000 13.2000 0.0000
      vertex 113.5000 13.2000 0.0000
      vertex 113.5000 6.8000 0.0000
    endloop
  endfacet
  facet normal 0 0 -1
    outer loop
      vertex 112.9000 72.8000 0.0000
      vertex 119.9000 13.2000 0.0000
      vertex 112.9000 66.4000 0.0000
    endloop
  endfacet
  facet normal 0 0 -1
    outer loop
      vertex 119.9000 13.2000 0.0000
      vertex 112.9000 38.2000 0.0000
      vertex 112.9000 44.6000 0.0000
    endloop
  endfacet
  facet normal 0 0 -1
    outer loop
      vertex 113.5000 13.2000 0.0000
      vertex 106.5000 38.2000 0.0000
      vertex 112.9000 38.2000 0.0000
    endloop
  endfacet
  facet normal 0 0 -1
    outer loop
      vertex 6.7000 42.6000 0.0000
      vertex 106.5000 44.6000 0.0000
      vertex 106.5000 38.2000 0.0000
    endloop
  endfacet
  facet normal 0 0 -1
    outer loop
      vertex 106.5000 44.6000 0.0000
      vertex 6.7000 53.4000 0.0000
      vertex 106.5000 66.4000 0.0000
    endloop
  endfacet
  facet normal -0 0 -1
    outer loop
      vertex 106.5000 66.4000 0.0000
      vertex 6.7000 53.4000 0.0000
      vertex 106.5000 72.8000 0.0000
    endloop
  endfacet
  facet normal 0 0 -1
    outer loop
      vertex 106.5000 72.8000 0.0000
      vertex 79.0670 137.3000 0.0000
      vertex 89.8670 137.3000 0.0000
    endloop
  endfacet
  facet normal 0 0 -1
    outer loop
      vertex 113.5000 13.2000 0.0000
      vertex 13.2000 13.2000 0.0000
      vertex 106.5000 38.2000 0.0000
    endloop
  endfacet
  facet normal 0 0 -1
    outer loop
      vertex 79.0670 137.3000 0.0000
      vertex 47.6330 137.3000 0.0000
      vertex 79.0670 141.9187 0.0000
    endloop
  endfacet
  facet normal -0 0 -1
    outer loop
      vertex 106.5000 72.8000 0.0000
      vertex 6.7000 53.4000 0.0000
      vertex 6.7000 90.6000 0.0000
    endloop
  endfacet
  facet normal 0 -0 -1
    outer loop
      vertex 47.6330 137.3000 0.0000
      vertex 106.5000 72.8000 0.0000
      vertex 6.7000 90.6000 0.0000
    endloop
  endfacet
  facet normal -0 0 -1
    outer loop
      vertex 106.5000 38.2000 0.0000
      vertex 13.2000 13.2000 0.0000
      vertex 6.7000 42.6000 0.0000
    endloop
  endfacet
  facet normal 0 0 -1
    outer loop
      vertex 13.2000 13.2000 0.0000
      vertex 113.5000 6.8000 0.0000
      vertex 13.2000 6.8000 0.0000
    endloop
  endfacet
  facet normal 0 0 -1
    outer loop
      vertex 126.7000 0.0000 0.0000
      vertex 13.2000 6.8000 0.0000
      vertex 113.5000 6.8000 0.0000
    endloop
  endfacet
  facet normal 0 0 -1
    outer loop
      vertex 0.0000 0.0000 0.0000
      vertex 13.2000 6.8000 0.0000
      vertex 126.7000 0.0000 0.0000
    endloop
  endfacet
  facet normal 0 0 -1
    outer loop
      vertex 0.0000 0.0000 0.0000
      vertex 6.8000 13.2000 0.0000
      vertex 6.8000 6.8000 0.0000
    endloop
  endfacet
  facet normal 0 0 -1
    outer loop
      vertex 6.8000 13.2000 0.0000
      vertex 2.0810 42.6000 0.0000
      vertex 6.7000 42.6000 0.0000
    endloop
  endfacet
  facet normal 0 0 -1
    outer loop
      vertex 0.0000 44.8000 0.0000
      vertex 6.8000 13.2000 0.0000
      vertex 0.0000 0.0000 0.0000
    endloop
  endfacet
  facet normal -0 0 -1
    outer loop
      vertex 13.2000 6.8000 0.0000
      vertex 0.0000 0.0000 0.0000
      vertex 6.8000 6.8000 0.0000
    endloop
  endfacet
  facet normal 0 0 -1
    outer loop
      vertex 6.8000 13.2000 0.0000
      vertex 0.0000 44.8000 0.0000
      vertex 2.0810 42.6000 0.0000
    endloop
  endfacet
  facet normal 0 0 -1
    outer loop
      vertex 2.0810 42.6000 0.0000
      vertex 0.0000 44.8000 0.0000
      vertex 0.8810 44.8000 0.0000
    endloop
  endfacet
  facet normal 0 0 -1
    outer loop
      vertex 126.7000 0.0000 0.0000
      vertex 119.9000 13.2000 0.0000
      vertex 126.7000 144.0000 0.0000
    endloop
  endfacet
  facet normal 0 0 -1
    outer loop
      vertex 119.9000 130.8000 0.0000
      vertex 126.7000 144.0000 0.0000
      vertex 119.9000 13.2000 0.0000
    endloop
  endfacet
  facet normal 0 0 -1
    outer loop
      vertex 119.9000 137.2000 0.0000
      vertex 126.7000 144.0000 0.0000
      vertex 119.9000 130.8000 0.0000
    endloop
  endfacet
  facet normal 0 0 -1
    outer loop
      vertex 113.5000 137.2000 0.0000
      vertex 126.7000 144.0000 0.0000
      vertex 119.9000 137.2000 0.0000
    endloop
  endfacet
  facet normal 0 0 -1
    outer loop
      vertex 119.9000 13.2000 0.0000
      vertex 112.9000 72.8000 0.0000
      vertex 119.9000 130.8000 0.0000
    endloop
  endfacet
  facet normal -0 0 -1
    outer loop
      vertex 119.9000 130.8000 0.0000
      vertex 112.9000 72.8000 0.0000
      vertex 113.5000 130.8000 0.0000
    endloop
  endfacet
  facet normal 0 0 -1
    outer loop
      vertex 106.5000 72.8000 0.0000
      vertex 113.5000 130.8000 0.0000
      vertex 112.9000 72.8000 0.0000
    endloop
  endfacet
  facet normal 0 0 -1
    outer loop
      vertex 89.8670 137.3000 0.0000
      vertex 113.5000 130.8000 0.0000
      vertex 106.5000 72.8000 0.0000
    endloop
  endfacet
  facet normal 0 0 -1
    outer loop
      vertex 113.5000 130.8000 0.0000
      vertex 89.8670 137.3000 0.0000
      vertex 113.5000 137.2000 0.0000
    endloop
  endfacet
  facet normal 0 0 -1
    outer loop
      vertex 89.8670 141.9187 0.0000
      vertex 113.5000 137.2000 0.0000
      vertex 89.8670 137.3000 0.0000
    endloop
  endfacet
  facet normal 0 0 -1
    outer loop
      vertex 87.6670 144.0000 0.0000
      vertex 113.5000 137.2000 0.0000
      vertex 89.8670 141.9187 0.0000
    endloop
  endfacet
  facet normal 0 0 -1
    outer loop
      vertex 87.6670 144.0000 0.0000
      vertex 89.8670 141.9187 0.0000
      vertex 87.6670 143.1187 0.0000
    endloop
  endfacet
  facet normal 0 0 -1
    outer loop
      vertex 113.5000 137.2000 0.0000
      vertex 87.6670 144.0000 0.0000
      vertex 126.7000 144.0000 0.0000
    endloop
  endfacet
  facet normal 0 0 -1
    outer loop
      vertex 79.0670 141.9187 0.0000
      vertex 81.2670 144.0000 0.0000
      vertex 81.2670 143.1187 0.0000
    endloop
  endfacet
  facet normal 0 0 -1
    outer loop
      vertex 47.6330 141.9187 0.0000
      vertex 79.0670 141.9187 0.0000
      vertex 47.6330 137.3000 0.0000
    endloop
  endfacet
  facet normal 0 0 -1
    outer loop
      vertex 79.0670 141.9187 0.0000
      vertex 47.6330 141.9187 0.0000
      vertex 81.2670 144.0000 0.0000
    endloop
  endfacet
  facet normal 0 0 -1
    outer loop
      vertex 45.4330 144.0000 0.0000
      vertex 47.6330 141.9187 0.0000
      vertex 45.4330 143.1187 0.0000
    endloop
  endfacet
  facet normal 0 0 -1
    outer loop
      vertex 47.6330 141.9187 0.0000
      vertex 45.4330 144.0000 0.0000
      vertex 81.2670 144.0000 0.0000
    endloop
  endfacet
  facet normal 0 0 -1
    outer loop
      vertex 36.8330 141.9187 0.0000
      vertex 39.0330 144.0000 0.0000
      vertex 39.0330 143.1187 0.0000
    endloop
  endfacet
  facet normal 0 0 -1
    outer loop
      vertex 106.5000 72.8000 0.0000
      vertex 47.6330 137.3000 0.0000
      vertex 79.0670 137.3000 0.0000
    endloop
  endfacet
  facet normal 0 0 -1
    outer loop
      vertex 6.7000 42.6000 0.0000
      vertex 13.2000 13.2000 0.0000
      vertex 6.8000 13.2000 0.0000
    endloop
  endfacet
  facet normal -0 0 -1
    outer loop
      vertex 106.5000 44.6000 0.0000
      vertex 6.7000 42.6000 0.0000
      vertex 6.7000 53.4000 0.0000
    endloop
  endfacet
  facet normal 0 0 -1
    outer loop
      vertex 6.7000 101.4000 0.0000
      vertex 47.6330 137.3000 0.0000
      vertex 6.7000 90.6000 0.0000
    endloop
  endfacet
  facet normal -0 0 -1
    outer loop
      vertex 47.6330 137.3000 0.0000
      vertex 6.7000 101.4000 0.0000
      vertex 36.8330 137.3000 0.0000
    endloop
  endfacet
  facet normal 0 0 -1
    outer loop
      vertex 0.0000 144.0000 0.0000
      vertex 36.8330 137.3000 0.0000
      vertex 6.7000 101.4000 0.0000
    endloop
  endfacet
  facet normal 0 0 -1
    outer loop
      vertex 0.0000 144.0000 0.0000
      vertex 6.7000 101.4000 0.0000
      vertex 2.0810 101.4000 0.0000
    endloop
  endfacet
  facet normal 0 0 -1
    outer loop
      vertex 0.0000 99.2000 0.0000
      vertex 2.0810 101.4000 0.0000
      vertex 0.8810 99.2000 0.0000
    endloop
  endfacet
  facet normal 0 0 -1
    outer loop
      vertex 0.0000 144.0000 0.0000
      vertex 2.0810 101.4000 0.0000
      vertex 0.0000 99.2000 0.0000
    endloop
  endfacet
  facet normal 0 0 -1
    outer loop
      vertex 36.8330 141.9187 0.0000
      vertex 0.0000 144.0000 0.0000
      vertex 39.0330 144.0000 0.0000
    endloop
  endfacet
  facet normal 0 0 -1
    outer loop
      vertex 36.8330 137.3000 0.0000
      vertex 0.0000 144.0000 0.0000
      vertex 36.8330 141.9187 0.0000
    endloop
  endfacet
  facet normal 0 -1 0
    outer loop
      vertex 0.0000 0.0000 0.0000
      vertex 126.7000 0.0000 3.0000
      vertex 0.0000 0.0000 3.0000
    endloop
  endfacet
  facet normal 0 -1 -0
    outer loop
      vertex 126.7000 0.0000 3.0000
      vertex 0.0000 0.0000 0.0000
      vertex 126.7000 0.0000 0.0000
    endloop
  endfacet
  facet normal 1 -0 0
    outer loop
      vertex 80.7000 139.5000 9.0000
      vertex 80.7000 141.5000 4.0000
      vertex 80.7000 141.5000 9.0000
    endloop
  endfacet
  facet normal 1 0 0
    outer loop
      vertex 80.7000 141.5000 4.0000
      vertex 80.7000 139.5000 9.0000
      vertex 80.7000 139.5000 4.0000
    endloop
  endfacet
  facet normal -0 0 1
    outer loop
      vertex 60.7000 141.5000 9.0000
      vertex 80.7000 139.5000 9.0000
      vertex 80.7000 141.5000 9.0000
    endloop
  endfacet
  facet normal 0 0 1
    outer loop
      vertex 80.7000 139.5000 9.0000
      vertex 60.7000 141.5000 9.0000
      vertex 60.7000 139.5000 9.0000
    endloop
  endfacet
  facet normal -1 0 0
    outer loop
      vertex 60.7000 139.5000 3.0000
      vertex 60.7000 141.5000 9.0000
      vertex 60.7000 141.5000 3.0000
    endloop
  endfacet
  facet normal -1 -0 0
    outer loop
      vertex 60.7000 141.5000 9.0000
      vertex 60.7000 139.5000 3.0000
      vertex 60.7000 139.5000 9.0000
    endloop
  endfacet
  facet normal 0 -1 0
    outer loop
      vertex 60.7000 139.5000 9.0000
      vertex 79.0670 139.5000 4.0000
      vertex 80.7000 139.5000 9.0000
    endloop
  endfacet
  facet normal 0 -1 0
    outer loop
      vertex 60.7000 139.5000 3.0000
      vertex 79.0670 139.5000 4.0000
      vertex 60.7000 139.5000 9.0000
    endloop
  endfacet
  facet normal 0 -1 -0
    outer loop
      vertex 79.0670 139.5000 4.0000
      vertex 60.7000 139.5000 3.0000
      vertex 79.0670 139.5000 3.0000
    endloop
  endfacet
  facet normal 0 -1 -0
    outer loop
      vertex 80.7000 139.5000 9.0000
      vertex 79.0670 139.5000 4.0000
      vertex 80.7000 139.5000 4.0000
    endloop
  endfacet
  facet normal 0 1 0
    outer loop
      vertex 79.0670 141.5000 4.0000
      vertex 80.7000 141.5000 9.0000
      vertex 80.7000 141.5000 4.0000
    endloop
  endfacet
  facet normal 0 1 0
    outer loop
      vertex 80.7000 141.5000 9.0000
      vertex 79.0670 141.5000 4.0000
      vertex 60.7000 141.5000 9.0000
    endloop
  endfacet
  facet normal 0 1 0
    outer loop
      vertex 60.7000 141.5000 3.0000
      vertex 79.0670 141.5000 4.0000
      vertex 79.0670 141.5000 3.0000
    endloop
  endfacet
  facet normal 0 1 0
    outer loop
      vertex 79.0670 141.5000 4.0000
      vertex 60.7000 141.5000 3.0000
      vertex 60.7000 141.5000 9.0000
    endloop
  endfacet
  facet normal -1 0 0
    outer loop
      vertex 119.9000 6.8000 0.0000
      vertex 119.9000 13.2000 3.0000
      vertex 119.9000 13.2000 0.0000
    endloop
  endfacet
  facet normal -1 -0 0
    outer loop
      vertex 119.9000 13.2000 3.0000
      vertex 119.9000 6.8000 0.0000
      vertex 119.9000 6.8000 3.0000
    endloop
  endfacet
  facet normal 1 -0 0
    outer loop
      vertex 113.5000 6.8000 3.0000
      vertex 113.5000 13.2000 0.0000
      vertex 113.5000 13.2000 3.0000
    endloop
  endfacet
  facet normal 1 0 0
    outer loop
      vertex 113.5000 13.2000 0.0000
      vertex 113.5000 6.8000 3.0000
      vertex 113.5000 6.8000 0.0000
    endloop
  endfacet
  facet normal 0 1 -0
    outer loop
      vertex 119.9000 6.8000 0.0000
      vertex 113.5000 6.8000 3.0000
      vertex 119.9000 6.8000 3.0000
    endloop
  endfacet
  facet normal 0 1 0
    outer loop
      vertex 113.5000 6.8000 3.0000
      vertex 119.9000 6.8000 0.0000
      vertex 113.5000 6.8000 0.0000
    endloop
  endfacet
  facet normal 0 -1 0
    outer loop
      vertex 113.5000 13.2000 0.0000
      vertex 119.9000 13.2000 3.0000
      vertex 113.5000 13.2000 3.0000
    endloop
  endfacet
  facet normal 0 -1 -0
    outer loop
      vertex 119.9000 13.2000 3.0000
      vertex 113.5000 13.2000 0.0000
      vertex 119.9000 13.2000 0.0000
    endloop
  endfacet
  facet normal -1 0 0
    outer loop
      vertex 119.9000 130.8000 0.0000
      vertex 119.9000 137.2000 3.0000
      vertex 119.9000 137.2000 0.0000
    endloop
  endfacet
  facet normal -1 -0 0
    outer loop
      vertex 119.9000 137.2000 3.0000
      vertex 119.9000 130.8000 0.0000
      vertex 119.9000 130.8000 3.0000
    endloop
  endfacet
  facet normal 1 -0 0
    outer loop
      vertex 113.5000 130.8000 3.0000
      vertex 113.5000 137.2000 0.0000
      vertex 113.5000 137.2000 3.0000
    endloop
  endfacet
  facet normal 1 0 0
    outer loop
      vertex 113.5000 137.2000 0.0000
      vertex 113.5000 130.8000 3.0000
      vertex 113.5000 130.8000 0.0000
    endloop
  endfacet
  facet normal 0 1 -0
    outer loop
      vertex 119.9000 130.8000 0.0000
      vertex 113.5000 130.8000 3.0000
      vertex 119.9000 130.8000 3.0000
    endloop
  endfacet
  facet normal 0 1 0
    outer loop
      vertex 113.5000 130.8000 3.0000
      vertex 119.9000 130.8000 0.0000
      vertex 113.5000 130.8000 0.0000
    endloop
  endfacet
  facet normal 0 -1 0
    outer loop
      vertex 113.5000 137.2000 0.0000
      vertex 119.9000 137.2000 3.0000
      vertex 113.5000 137.2000 3.0000
    endloop
  endfacet
  facet normal 0 -1 -0
    outer loop
      vertex 119.9000 137.2000 3.0000
      vertex 113.5000 137.2000 0.0000
      vertex 119.9000 137.2000 0.0000
    endloop
  endfacet
  facet normal -1 0 0
    outer loop
      vertex 13.2000 6.8000 0.0000
      vertex 13.2000 13.2000 3.0000
      vertex 13.2000 13.2000 0.0000
    endloop
  endfacet
  facet normal -1 -0 0
    outer loop
      vertex 13.2000 13.2000 3.0000
      vertex 13.2000 6.8000 0.0000
      vertex 13.2000 6.8000 3.0000
    endloop
  endfacet
  facet normal 1 -0 0
    outer loop
      vertex 6.8000 6.8000 3.0000
      vertex 6.8000 13.2000 0.0000
      vertex 6.8000 13.2000 3.0000
    endloop
  endfacet
  facet normal 1 0 0
    outer loop
      vertex 6.8000 13.2000 0.0000
      vertex 6.8000 6.8000 3.0000
      vertex 6.8000 6.8000 0.0000
    endloop
  endfacet
  facet normal 0 1 -0
    outer loop
      vertex 13.2000 6.8000 0.0000
      vertex 6.8000 6.8000 3.0000
      vertex 13.2000 6.8000 3.0000
    endloop
  endfacet
  facet normal 0 1 0
    outer loop
      vertex 6.8000 6.8000 3.0000
      vertex 13.2000 6.8000 0.0000
      vertex 6.8000 6.8000 0.0000
    endloop
  endfacet
  facet normal 0 -1 0
    outer loop
      vertex 6.8000 13.2000 0.0000
      vertex 13.2000 13.2000 3.0000
      vertex 6.8000 13.2000 3.0000
    endloop
  endfacet
  facet normal 0 -1 -0
    outer loop
      vertex 13.2000 13.2000 3.0000
      vertex 6.8000 13.2000 0.0000
      vertex 13.2000 13.2000 0.0000
    endloop
  endfacet
  facet normal -1 0 0
    outer loop
      vertex 112.9000 66.4000 0.0000
      vertex 112.9000 72.8000 3.0000
      vertex 112.9000 72.8000 0.0000
    endloop
  endfacet
  facet normal -1 -0 0
    outer loop
      vertex 112.9000 72.8000 3.0000
      vertex 112.9000 66.4000 0.0000
      vertex 112.9000 66.4000 3.0000
    endloop
  endfacet
  facet normal 1 -0 0
    outer loop
      vertex 106.5000 66.4000 3.0000
      vertex 106.5000 72.8000 0.0000
      vertex 106.5000 72.8000 3.0000
    endloop
  endfacet
  facet normal 1 0 0
    outer loop
      vertex 106.5000 72.8000 0.0000
      vertex 106.5000 66.4000 3.0000
      vertex 106.5000 66.4000 0.0000
    endloop
  endfacet
  facet normal 0 1 -0
    outer loop
      vertex 112.9000 66.4000 0.0000
      vertex 106.5000 66.4000 3.0000
      vertex 112.9000 66.4000 3.0000
    endloop
  endfacet
  facet normal 0 1 0
    outer loop
      vertex 106.5000 66.4000 3.0000
      vertex 112.9000 66.4000 0.0000
      vertex 106.5000 66.4000 0.0000
    endloop
  endfacet
  facet normal 0 -1 0
    outer loop
      vertex 106.5000 72.8000 0.0000
      vertex 112.9000 72.8000 3.0000
      vertex 106.5000 72.8000 3.0000
    endloop
  endfacet
  facet normal 0 -1 -0
    outer loop
      vertex 112.9000 72.8000 3.0000
      vertex 106.5000 72.8000 0.0000
      vertex 112.9000 72.8000 0.0000
    endloop
  endfacet
  facet normal -1 0 0
    outer loop
      vertex 112.9000 38.2000 0.0000
      vertex 112.9000 44.6000 3.0000
      vertex 112.9000 44.6000 0.0000
    endloop
  endfacet
  facet normal -1 -0 0
    outer loop
      vertex 112.9000 44.6000 3.0000
      vertex 112.9000 38.2000 0.0000
      vertex 112.9000 38.2000 3.0000
    endloop
  endfacet
  facet normal 1 -0 0
    outer loop
      vertex 106.5000 38.2000 3.0000
      vertex 106.5000 44.6000 0.0000
      vertex 106.5000 44.6000 3.0000
    endloop
  endfacet
  facet normal 1 0 0
    outer loop
      vertex 106.5000 44.6000 0.0000
      vertex 106.5000 38.2000 3.0000
      vertex 106.5000 38.2000 0.0000
    endloop
  endfacet
  facet normal 0 1 -0
    outer loop
      vertex 112.9000 38.2000 0.0000
      vertex 106.5000 38.2000 3.0000
      vertex 112.9000 38.2000 3.0000
    endloop
  endfacet
  facet normal 0 1 0
    outer loop
      vertex 106.5000 38.2000 3.0000
      vertex 112.9000 38.2000 0.0000
      vertex 106.5000 38.2000 0.0000
    endloop
  endfacet
  facet normal 0 -1 0
    outer loop
      vertex 106.5000 44.6000 0.0000
      vertex 112.9000 44.6000 3.0000
      vertex 106.5000 44.6000 3.0000
    endloop
  endfacet
  facet normal 0 -1 -0
    outer loop
      vertex 112.9000 44.6000 3.0000
      vertex 106.5000 44.6000 0.0000
      vertex 112.9000 44.6000 0.0000
    endloop
  endfacet
  facet normal -1 0 0
    outer loop
      vertex 0.0000 44.8000 0.0000
      vertex 0.0000 6.5000 3.0000
      vertex 0.0000 44.8000 3.0000
    endloop
  endfacet
  facet normal -1 0 0
    outer loop
      vertex 0.0000 6.5000 3.0000
      vertex 0.0000 5.0000 3.0000
      vertex 0.0000 6.5000 6.0000
    endloop
  endfacet
  facet normal -1 0 0
    outer loop
      vertex 0.0000 0.0000 0.0000
      vertex 0.0000 6.5000 3.0000
      vertex 0.0000 44.8000 0.0000
    endloop
  endfacet
  facet normal -1 -0 0
    outer loop
      vertex 0.0000 6.5000 3.0000
      vertex 0.0000 0.0000 0.0000
      vertex 0.0000 5.0000 3.0000
    endloop
  endfacet
  facet normal -1 -0 0
    outer loop
      vertex 0.0000 5.0000 3.0000
      vertex 0.0000 0.0000 0.0000
      vertex 0.0000 0.0000 3.0000
    endloop
  endfacet
  facet normal -1 -0 0
    outer loop
      vertex 0.0000 6.5000 6.0000
      vertex 0.0000 5.0000 3.0000
      vertex 0.0000 5.0000 6.0000
    endloop
  endfacet
  facet normal -1 0 0
    outer loop
      vertex 0.0000 99.2000 0.0000
      vertex 0.0000 144.0000 3.0000
      vertex 0.0000 144.0000 0.0000
    endloop
  endfacet
  facet normal -1 -0 0
    outer loop
      vertex 0.0000 144.0000 3.0000
      vertex 0.0000 99.2000 0.0000
      vertex 0.0000 99.2000 3.0000
    endloop
  endfacet
  facet normal -1 0 0
    outer loop
      vertex 0.0000 51.2000 0.0000
      vertex 0.0000 92.8000 3.0000
      vertex 0.0000 92.8000 0.0000
    endloop
  endfacet
  facet normal -1 -0 0
    outer loop
      vertex 0.0000 92.8000 3.0000
      vertex 0.0000 51.2000 0.0000
      vertex 0.0000 51.2000 3.0000
    endloop
  endfacet
  facet normal 0 1 -0
    outer loop
      vertex 126.7000 144.0000 0.0000
      vertex 121.7000 144.0000 3.0000
      vertex 126.7000 144.0000 3.0000
    endloop
  endfacet
  facet normal 0 1 0
    outer loop
      vertex 121.7000 144.0000 3.0000
      vertex 126.7000 144.0000 0.0000
      vertex 120.2000 144.0000 3.0000
    endloop
  endfacet
  facet normal 0 1 0
    outer loop
      vertex 87.6670 144.0000 0.0000
      vertex 120.2000 144.0000 3.0000
      vertex 126.7000 144.0000 0.0000
    endloop
  endfacet
  facet normal 0 1 0
    outer loop
      vertex 120.2000 144.0000 3.0000
      vertex 87.6670 144.0000 0.0000
      vertex 87.6670 144.0000 3.0000
    endloop
  endfacet
  facet normal 0 1 -0
    outer loop
      vertex 121.7000 144.0000 3.0000
      vertex 120.2000 144.0000 6.0000
      vertex 121.7000 144.0000 6.0000
    endloop
  endfacet
  facet normal 0 1 0
    outer loop
      vertex 120.2000 144.0000 6.0000
      vertex 121.7000 144.0000 3.0000
      vertex 120.2000 144.0000 3.0000
    endloop
  endfacet
  facet normal 0 1 -0
    outer loop
      vertex 39.0330 144.0000 0.0000
      vertex 0.0000 144.0000 3.0000
      vertex 39.0330 144.0000 3.0000
    endloop
  endfacet
  facet normal 0 1 0
    outer loop
      vertex 0.0000 144.0000 3.0000
      vertex 39.0330 144.0000 0.0000
      vertex 0.0000 144.0000 0.0000
    endloop
  endfacet
  facet normal 0 1 -0
    outer loop
      vertex 81.2670 144.0000 0.0000
      vertex 45.4330 144.0000 3.0000
      vertex 81.2670 144.0000 3.0000
    endloop
  endfacet
  facet normal 0 1 0
    outer loop
      vertex 45.4330 144.0000 3.0000
      vertex 81.2670 144.0000 0.0000
      vertex 45.4330 144.0000 0.0000
    endloop
  endfacet
  facet normal 0.877895 -0.478854 1.65549e-17
    outer loop
      vertex 0.8810 99.2000 3.0000
      vertex 2.0810 101.4000 0.0000
      vertex 2.0810 101.4000 3.0000
    endloop
  endfacet
  facet normal 0.877895 -0.478854 1.65549e-17
    outer loop
      vertex 2.0810 101.4000 0.0000
      vertex 0.8810 99.2000 3.0000
      vertex 0.8810 99.2000 0.0000
    endloop
  endfacet
  facet normal 0 -1 0
    outer loop
      vertex 2.0810 101.4000 0.0000
      vertex 6.7000 101.4000 3.0000
      vertex 2.0810 101.4000 3.0000
    endloop
  endfacet
  facet normal 0 -1 -0
    outer loop
      vertex 6.7000 101.4000 3.0000
      vertex 2.0810 101.4000 0.0000
      vertex 6.7000 101.4000 0.0000
    endloop
  endfacet
  facet normal -1 0 0
    outer loop
      vertex 6.7000 90.6000 0.0000
      vertex 6.7000 101.4000 3.0000
      vertex 6.7000 101.4000 0.0000
    endloop
  endfacet
  facet normal -1 -0 0
    outer loop
      vertex 6.7000 101.4000 3.0000
      vertex 6.7000 90.6000 0.0000
      vertex 6.7000 90.6000 3.0000
    endloop
  endfacet
  facet normal 0 1 -0
    outer loop
      vertex 6.7000 90.6000 0.0000
      vertex 2.0810 90.6000 3.0000
      vertex 6.7000 90.6000 3.0000
    endloop
  endfacet
  facet normal 0 1 0
    outer loop
      vertex 2.0810 90.6000 3.0000
      vertex 6.7000 90.6000 0.0000
      vertex 2.0810 90.6000 0.0000
    endloop
  endfacet
  facet normal 0.877895 0.478854 -1.65549e-17
    outer loop
      vertex 2.0810 90.6000 3.0000
      vertex 0.8810 92.8000 0.0000
      vertex 0.8810 92.8000 3.0000
    endloop
  endfacet
  facet normal 0.877895 0.478854 -1.65549e-17
    outer loop
      vertex 0.8810 92.8000 0.0000
      vertex 2.0810 90.6000 3.0000
      vertex 2.0810 90.6000 0.0000
    endloop
  endfacet
  facet normal 0 1 -0
    outer loop
      vertex 0.8810 92.8000 0.0000
      vertex 0.0000 92.8000 3.0000
      vertex 0.8810 92.8000 3.0000
    endloop
  endfacet
  facet normal 0 1 0
    outer loop
      vertex 0.0000 92.8000 3.0000
      vertex 0.8810 92.8000 0.0000
      vertex 0.0000 92.8000 0.0000
    endloop
  endfacet
  facet normal 0 -1 0
    outer loop
      vertex 0.0000 99.2000 0.0000
      vertex 0.8810 99.2000 3.0000
      vertex 0.0000 99.2000 3.0000
    endloop
  endfacet
  facet normal 0 -1 -0
    outer loop
      vertex 0.8810 99.2000 3.0000
      vertex 0.0000 99.2000 0.0000
      vertex 0.8810 99.2000 0.0000
    endloop
  endfacet
  facet normal 0.877896 -0.478852 -7.08844e-18
    outer loop
      vertex 0.8810 51.2000 3.0000
      vertex 2.0810 53.4000 0.0000
      vertex 2.0810 53.4000 3.0000
    endloop
  endfacet
  facet normal 0.877896 -0.478852 -7.08844e-18
    outer loop
      vertex 2.0810 53.4000 0.0000
      vertex 0.8810 51.2000 3.0000
      vertex 0.8810 51.2000 0.0000
    endloop
  endfacet
  facet normal 0 -1 0
    outer loop
      vertex 2.0810 53.4000 0.0000
      vertex 6.7000 53.4000 3.0000
      vertex 2.0810 53.4000 3.0000
    endloop
  endfacet
  facet normal 0 -1 -0
    outer loop
      vertex 6.7000 53.4000 3.0000
      vertex 2.0810 53.4000 0.0000
      vertex 6.7000 53.4000 0.0000
    endloop
  endfacet
  facet normal -1 0 0
    outer loop
      vertex 6.7000 42.6000 0.0000
      vertex 6.7000 53.4000 3.0000
      vertex 6.7000 53.4000 0.0000
    endloop
  endfacet
  facet normal -1 -0 0
    outer loop
      vertex 6.7000 53.4000 3.0000
      vertex 6.7000 42.6000 0.0000
      vertex 6.7000 42.6000 3.0000
    endloop
  endfacet
  facet normal 0 1 -0
    outer loop
      vertex 6.7000 42.6000 0.0000
      vertex 2.0810 42.6000 3.0000
      vertex 6.7000 42.6000 3.0000
    endloop
  endfacet
  facet normal 0 1 0
    outer loop
      vertex 2.0810 42.6000 3.0000
      vertex 6.7000 42.6000 0.0000
      vertex 2.0810 42.6000 0.0000
    endloop
  endfacet
  facet normal 0.877896 0.478852 7.08844e-18
    outer loop
      vertex 2.0810 42.6000 3.0000
      vertex 0.8810 44.8000 0.0000
      vertex 0.8810 44.8000 3.0000
    endloop
  endfacet
  facet normal 0.877896 0.478852 7.08844e-18
    outer loop
      vertex 0.8810 44.8000 0.0000
      vertex 2.0810 42.6000 3.0000
      vertex 2.0810 42.6000 0.0000
    endloop
  endfacet
  facet normal 0 1 -0
    outer loop
      vertex 0.8810 44.8000 0.0000
      vertex 0.0000 44.8000 3.0000
      vertex 0.8810 44.8000 3.0000
    endloop
  endfacet
  facet normal 0 1 0
    outer loop
      vertex 0.0000 44.8000 3.0000
      vertex 0.8810 44.8000 0.0000
      vertex 0.0000 44.8000 0.0000
    endloop
  endfacet
  facet normal 0 -1 0
    outer loop
      vertex 0.0000 51.2000 0.0000
      vertex 0.8810 51.2000 3.0000
      vertex 0.0000 51.2000 3.0000
    endloop
  endfacet
  facet normal 0 -1 -0
    outer loop
      vertex 0.8810 51.2000 3.0000
      vertex 0.0000 51.2000 0.0000
      vertex 0.8810 51.2000 0.0000
    endloop
  endfacet
  facet normal -0.478852 -0.877896 0
    outer loop
      vertex 45.4330 143.1187 0.0000
      vertex 47.6330 141.9187 3.0000
      vertex 45.4330 143.1187 3.0000
    endloop
  endfacet
  facet normal -0.478852 -0.877896 -0
    outer loop
      vertex 47.6330 141.9187 3.0000
      vertex 45.4330 143.1187 0.0000
      vertex 47.6330 141.9187 0.0000
    endloop
  endfacet
  facet normal -1 0 0
    outer loop
      vertex 47.6330 137.3000 0.0000
      vertex 47.6330 141.9187 3.0000
      vertex 47.6330 141.9187 0.0000
    endloop
  endfacet
  facet normal -1 -0 0
    outer loop
      vertex 47.6330 141.9187 3.0000
      vertex 47.6330 137.3000 0.0000
      vertex 47.6330 137.3000 3.0000
    endloop
  endfacet
  facet normal 0 1 -0
    outer loop
      vertex 47.6330 137.3000 0.0000
      vertex 36.8330 137.3000 3.0000
      vertex 47.6330 137.3000 3.0000
    endloop
  endfacet
  facet normal 0 1 0
    outer loop
      vertex 36.8330 137.3000 3.0000
      vertex 47.6330 137.3000 0.0000
      vertex 36.8330 137.3000 0.0000
    endloop
  endfacet
  facet normal 1 -0 0
    outer loop
      vertex 36.8330 137.3000 3.0000
      vertex 36.8330 141.9187 0.0000
      vertex 36.8330 141.9187 3.0000
    endloop
  endfacet
  facet normal 1 0 0
    outer loop
      vertex 36.8330 141.9187 0.0000
      vertex 36.8330 137.3000 3.0000
      vertex 36.8330 137.3000 0.0000
    endloop
  endfacet
  facet normal 0.478852 -0.877896 0
    outer loop
      vertex 36.8330 141.9187 0.0000
      vertex 39.0330 143.1187 3.0000
      vertex 36.8330 141.9187 3.0000
    endloop
  endfacet
  facet normal 0.478852 -0.877896 0
    outer loop
      vertex 39.0330 143.1187 3.0000
      vertex 36.8330 141.9187 0.0000
      vertex 39.0330 143.1187 0.0000
    endloop
  endfacet
  facet normal 1 -0 0
    outer loop
      vertex 39.0330 143.1187 3.0000
      vertex 39.0330 144.0000 0.0000
      vertex 39.0330 144.0000 3.0000
    endloop
  endfacet
  facet normal 1 0 0
    outer loop
      vertex 39.0330 144.0000 0.0000
      vertex 39.0330 143.1187 3.0000
      vertex 39.0330 143.1187 0.0000
    endloop
  endfacet
  facet normal -1 0 0
    outer loop
      vertex 45.4330 143.1187 0.0000
      vertex 45.4330 144.0000 3.0000
      vertex 45.4330 144.0000 0.0000
    endloop
  endfacet
  facet normal -1 -0 0
    outer loop
      vertex 45.4330 144.0000 3.0000
      vertex 45.4330 143.1187 0.0000
      vertex 45.4330 143.1187 3.0000
    endloop
  endfacet
  facet normal 0 0 -1
    outer loop
      vertex 79.0670 139.5000 4.0000
      vertex 80.7000 141.5000 4.0000
      vertex 80.7000 139.5000 4.0000
    endloop
  endfacet
  facet normal -0 0 -1
    outer loop
      vertex 80.7000 141.5000 4.0000
      vertex 79.0670 139.5000 4.0000
      vertex 79.0670 141.5000 4.0000
    endloop
  endfacet
  facet normal -0.478852 -0.877896 0
    outer loop
      vertex 87.6670 143.1187 0.0000
      vertex 89.8670 141.9187 3.0000
      vertex 87.6670 143.1187 3.0000
    endloop
  endfacet
  facet normal -0.478852 -0.877896 -0
    outer loop
      vertex 89.8670 141.9187 3.0000
      vertex 87.6670 143.1187 0.0000
      vertex 89.8670 141.9187 0.0000
    endloop
  endfacet
  facet normal -1 0 0
    outer loop
      vertex 89.8670 137.3000 0.0000
      vertex 89.8670 141.9187 3.0000
      vertex 89.8670 141.9187 0.0000
    endloop
  endfacet
  facet normal -1 -0 0
    outer loop
      vertex 89.8670 141.9187 3.0000
      vertex 89.8670 137.3000 0.0000
      vertex 89.8670 137.3000 3.0000
    endloop
  endfacet
  facet normal 0 1 -0
    outer loop
      vertex 89.8670 137.3000 0.0000
      vertex 79.0670 137.3000 3.0000
      vertex 89.8670 137.3000 3.0000
    endloop
  endfacet
  facet normal 0 1 0
    outer loop
      vertex 79.0670 137.3000 3.0000
      vertex 89.8670 137.3000 0.0000
      vertex 79.0670 137.3000 0.0000
    endloop
  endfacet
  facet normal 1 0 0
    outer loop
      vertex 79.0670 141.5000 4.0000
      vertex 79.0670 139.5000 4.0000
      vertex 79.0670 141.5000 3.0000
    endloop
  endfacet
  facet normal 1 -0 0
    outer loop
      vertex 79.0670 141.5000 3.0000
      vertex 79.0670 141.9187 0.0000
      vertex 79.0670 141.9187 3.0000
    endloop
  endfacet
  facet normal 1 0 0
    outer loop
      vertex 79.0670 139.5000 3.0000
      vertex 79.0670 141.5000 3.0000
      vertex 79.0670 139.5000 4.0000
    endloop
  endfacet
  facet normal 1 0 0
    outer loop
      vertex 79.0670 141.5000 3.0000
      vertex 79.0670 139.5000 3.0000
      vertex 79.0670 141.9187 0.0000
    endloop
  endfacet
  facet normal 1 0 0
    outer loop
      vertex 79.0670 137.3000 0.0000
      vertex 79.0670 139.5000 3.0000
      vertex 79.0670 137.3000 3.0000
    endloop
  endfacet
  facet normal 1 0 0
    outer loop
      vertex 79.0670 139.5000 3.0000
      vertex 79.0670 137.3000 0.0000
      vertex 79.0670 141.9187 0.0000
    endloop
  endfacet
  facet normal 0.478852 -0.877896 0
    outer loop
      vertex 79.0670 141.9187 0.0000
      vertex 81.2670 143.1187 3.0000
      vertex 79.0670 141.9187 3.0000
    endloop
  endfacet
  facet normal 0.478852 -0.877896 0
    outer loop
      vertex 81.2670 143.1187 3.0000
      vertex 79.0670 141.9187 0.0000
      vertex 81.2670 143.1187 0.0000
    endloop
  endfacet
  facet normal 1 -0 0
    outer loop
      vertex 81.2670 143.1187 3.0000
      vertex 81.2670 144.0000 0.0000
      vertex 81.2670 144.0000 3.0000
    endloop
  endfacet
  facet normal 1 0 0
    outer loop
      vertex 81.2670 144.0000 0.0000
      vertex 81.2670 143.1187 3.0000
      vertex 81.2670 143.1187 0.0000
    endloop
  endfacet
  facet normal -1 0 0
    outer loop
      vertex 87.6670 143.1187 0.0000
      vertex 87.6670 144.0000 3.0000
      vertex 87.6670 144.0000 0.0000
    endloop
  endfacet
  facet normal -1 -0 0
    outer loop
      vertex 87.6670 144.0000 3.0000
      vertex 87.6670 143.1187 0.0000
      vertex 87.6670 143.1187 3.0000
    endloop
  endfacet
endsolid OpenSCAD_Model
