solid OpenSCAD_Model
  facet normal -1 0 0
    outer loop
      vertex 135.15 -33.4 7.62939e-07
      vertex 135.15 -13.4 3
      vertex 135.15 -13.4 7.62939e-07
    endloop
  endfacet
  facet normal -1 -0 0
    outer loop
      vertex 135.15 -13.4 3
      vertex 135.15 -33.4 7.62939e-07
      vertex 135.15 -33.4 3
    endloop
  endfacet
  facet normal 0 1 -0
    outer loop
      vertex 135.15 -33.4 7.62939e-07
      vertex 135 -33.4 3
      vertex 135.15 -33.4 3
    endloop
  endfacet
  facet normal 0 1 0
    outer loop
      vertex 135 -33.4 3
      vertex 135.15 -33.4 7.62939e-07
      vertex 135 -33.4 7.62939e-07
    endloop
  endfacet
  facet normal 0 -1 0
    outer loop
      vertex 135 -13.4 7.62939e-07
      vertex 135.15 -13.4 3
      vertex 135 -13.4 3
    endloop
  endfacet
  facet normal 0 -1 -0
    outer loop
      vertex 135.15 -13.4 3
      vertex 135 -13.4 7.62939e-07
      vertex 135.15 -13.4 7.62939e-07
    endloop
  endfacet
  facet normal -1 0 0
    outer loop
      vertex 135.15 -57.4 7.62939e-07
      vertex 135.15 -40.5333 3
      vertex 135.15 -40.5333 7.62939e-07
    endloop
  endfacet
  facet normal -1 -0 0
    outer loop
      vertex 135.15 -40.5333 3
      vertex 135.15 -57.4 7.62939e-07
      vertex 135.15 -57.4 3
    endloop
  endfacet
  facet normal 0 1 -0
    outer loop
      vertex 135.15 -57.4 7.62939e-07
      vertex 135 -57.4 3
      vertex 135.15 -57.4 3
    endloop
  endfacet
  facet normal 0 1 0
    outer loop
      vertex 135 -57.4 3
      vertex 135.15 -57.4 7.62939e-07
      vertex 135 -57.4 7.62939e-07
    endloop
  endfacet
  facet normal -1 0 0
    outer loop
      vertex 141.15 -31.9333 7.62939e-07
      vertex 141.15 -13.4 3
      vertex 141.15 -13.4 7.62939e-07
    endloop
  endfacet
  facet normal -1 -0 0
    outer loop
      vertex 141.15 -13.4 3
      vertex 141.15 -31.9333 7.62939e-07
      vertex 141.15 -31.9333 3
    endloop
  endfacet
  facet normal 1 -0 0
    outer loop
      vertex 138.15 -31.9333 3
      vertex 138.15 -13.4 7.62939e-07
      vertex 138.15 -13.4 3
    endloop
  endfacet
  facet normal 1 0 0
    outer loop
      vertex 138.15 -13.4 7.62939e-07
      vertex 138.15 -31.9333 3
      vertex 138.15 -31.9333 7.62939e-07
    endloop
  endfacet
  facet normal 0 -1 0
    outer loop
      vertex 138.15 -13.4 7.62939e-07
      vertex 141.15 -13.4 3
      vertex 138.15 -13.4 3
    endloop
  endfacet
  facet normal 0 -1 -0
    outer loop
      vertex 141.15 -13.4 3
      vertex 138.15 -13.4 7.62939e-07
      vertex 141.15 -13.4 7.62939e-07
    endloop
  endfacet
  facet normal -1 0 0
    outer loop
      vertex 141.15 -57.4 7.62939e-07
      vertex 141.15 -42.7333 3
      vertex 141.15 -42.7333 7.62939e-07
    endloop
  endfacet
  facet normal -1 -0 0
    outer loop
      vertex 141.15 -42.7333 3
      vertex 141.15 -57.4 7.62939e-07
      vertex 141.15 -57.4 3
    endloop
  endfacet
  facet normal 1 -0 0
    outer loop
      vertex 138.15 -57.4 3
      vertex 138.15 -42.7333 7.62939e-07
      vertex 138.15 -42.7333 3
    endloop
  endfacet
  facet normal 1 0 0
    outer loop
      vertex 138.15 -42.7333 7.62939e-07
      vertex 138.15 -57.4 3
      vertex 138.15 -57.4 7.62939e-07
    endloop
  endfacet
  facet normal 0 1 -0
    outer loop
      vertex 141.15 -57.4 7.62939e-07
      vertex 138.15 -57.4 3
      vertex 141.15 -57.4 3
    endloop
  endfacet
  facet normal 0 1 0
    outer loop
      vertex 138.15 -57.4 3
      vertex 141.15 -57.4 7.62939e-07
      vertex 138.15 -57.4 7.62939e-07
    endloop
  endfacet
  facet normal -1 0 0
    outer loop
      vertex 147.15 -33.4 7.62939e-07
      vertex 147.15 -13.4 3
      vertex 147.15 -13.4 7.62939e-07
    endloop
  endfacet
  facet normal -1 -0 0
    outer loop
      vertex 147.15 -13.4 3
      vertex 147.15 -33.4 7.62939e-07
      vertex 147.15 -33.4 3
    endloop
  endfacet
  facet normal 1 -0 0
    outer loop
      vertex 144.15 -33.4 3
      vertex 144.15 -13.4 7.62939e-07
      vertex 144.15 -13.4 3
    endloop
  endfacet
  facet normal 1 0 0
    outer loop
      vertex 144.15 -13.4 7.62939e-07
      vertex 144.15 -33.4 3
      vertex 144.15 -33.4 7.62939e-07
    endloop
  endfacet
  facet normal 0 1 -0
    outer loop
      vertex 147.15 -33.4 7.62939e-07
      vertex 144.15 -33.4 3
      vertex 147.15 -33.4 3
    endloop
  endfacet
  facet normal 0 1 0
    outer loop
      vertex 144.15 -33.4 3
      vertex 147.15 -33.4 7.62939e-07
      vertex 144.15 -33.4 7.62939e-07
    endloop
  endfacet
  facet normal 0 -1 0
    outer loop
      vertex 144.15 -13.4 7.62939e-07
      vertex 147.15 -13.4 3
      vertex 144.15 -13.4 3
    endloop
  endfacet
  facet normal 0 -1 -0
    outer loop
      vertex 147.15 -13.4 3
      vertex 144.15 -13.4 7.62939e-07
      vertex 147.15 -13.4 7.62939e-07
    endloop
  endfacet
  facet normal -1 0 0
    outer loop
      vertex 147.15 -57.4 7.62939e-07
      vertex 147.15 -37.4 3
      vertex 147.15 -37.4 7.62939e-07
    endloop
  endfacet
  facet normal -1 -0 0
    outer loop
      vertex 147.15 -37.4 3
      vertex 147.15 -57.4 7.62939e-07
      vertex 147.15 -57.4 3
    endloop
  endfacet
  facet normal 1 -0 0
    outer loop
      vertex 144.15 -57.4 3
      vertex 144.15 -37.4 7.62939e-07
      vertex 144.15 -37.4 3
    endloop
  endfacet
  facet normal 1 0 0
    outer loop
      vertex 144.15 -37.4 7.62939e-07
      vertex 144.15 -57.4 3
      vertex 144.15 -57.4 7.62939e-07
    endloop
  endfacet
  facet normal 0 1 -0
    outer loop
      vertex 147.15 -57.4 7.62939e-07
      vertex 144.15 -57.4 3
      vertex 147.15 -57.4 3
    endloop
  endfacet
  facet normal 0 1 0
    outer loop
      vertex 144.15 -57.4 3
      vertex 147.15 -57.4 7.62939e-07
      vertex 144.15 -57.4 7.62939e-07
    endloop
  endfacet
  facet normal 0 -1 0
    outer loop
      vertex 144.15 -37.4 7.62939e-07
      vertex 147.15 -37.4 3
      vertex 144.15 -37.4 3
    endloop
  endfacet
  facet normal 0 -1 -0
    outer loop
      vertex 147.15 -37.4 3
      vertex 144.15 -37.4 7.62939e-07
      vertex 147.15 -37.4 7.62939e-07
    endloop
  endfacet
  facet normal -1 0 0
    outer loop
      vertex 153.15 -33.4 7.62939e-07
      vertex 153.15 -13.4 3
      vertex 153.15 -13.4 7.62939e-07
    endloop
  endfacet
  facet normal -1 -0 0
    outer loop
      vertex 153.15 -13.4 3
      vertex 153.15 -33.4 7.62939e-07
      vertex 153.15 -33.4 3
    endloop
  endfacet
  facet normal 1 -0 0
    outer loop
      vertex 150.15 -33.4 3
      vertex 150.15 -13.4 7.62939e-07
      vertex 150.15 -13.4 3
    endloop
  endfacet
  facet normal 1 0 0
    outer loop
      vertex 150.15 -13.4 7.62939e-07
      vertex 150.15 -33.4 3
      vertex 150.15 -33.4 7.62939e-07
    endloop
  endfacet
  facet normal 0 1 -0
    outer loop
      vertex 153.15 -33.4 7.62939e-07
      vertex 150.15 -33.4 3
      vertex 153.15 -33.4 3
    endloop
  endfacet
  facet normal 0 1 0
    outer loop
      vertex 150.15 -33.4 3
      vertex 153.15 -33.4 7.62939e-07
      vertex 150.15 -33.4 7.62939e-07
    endloop
  endfacet
  facet normal 0 -1 0
    outer loop
      vertex 150.15 -13.4 7.62939e-07
      vertex 153.15 -13.4 3
      vertex 150.15 -13.4 3
    endloop
  endfacet
  facet normal 0 -1 -0
    outer loop
      vertex 153.15 -13.4 3
      vertex 150.15 -13.4 7.62939e-07
      vertex 153.15 -13.4 7.62939e-07
    endloop
  endfacet
  facet normal -1 0 0
    outer loop
      vertex 153.15 -57.4 7.62939e-07
      vertex 153.15 -37.4 3
      vertex 153.15 -37.4 7.62939e-07
    endloop
  endfacet
  facet normal -1 -0 0
    outer loop
      vertex 153.15 -37.4 3
      vertex 153.15 -57.4 7.62939e-07
      vertex 153.15 -57.4 3
    endloop
  endfacet
  facet normal 1 -0 0
    outer loop
      vertex 150.15 -57.4 3
      vertex 150.15 -37.4 7.62939e-07
      vertex 150.15 -37.4 3
    endloop
  endfacet
  facet normal 1 0 0
    outer loop
      vertex 150.15 -37.4 7.62939e-07
      vertex 150.15 -57.4 3
      vertex 150.15 -57.4 7.62939e-07
    endloop
  endfacet
  facet normal 0 1 -0
    outer loop
      vertex 153.15 -57.4 7.62939e-07
      vertex 150.15 -57.4 3
      vertex 153.15 -57.4 3
    endloop
  endfacet
  facet normal 0 1 0
    outer loop
      vertex 150.15 -57.4 3
      vertex 153.15 -57.4 7.62939e-07
      vertex 150.15 -57.4 7.62939e-07
    endloop
  endfacet
  facet normal 0 -1 0
    outer loop
      vertex 150.15 -37.4 7.62939e-07
      vertex 153.15 -37.4 3
      vertex 150.15 -37.4 3
    endloop
  endfacet
  facet normal 0 -1 -0
    outer loop
      vertex 153.15 -37.4 3
      vertex 150.15 -37.4 7.62939e-07
      vertex 153.15 -37.4 7.62939e-07
    endloop
  endfacet
  facet normal -1 0 0
    outer loop
      vertex 159.15 -33.4 7.62939e-07
      vertex 159.15 -13.4 3
      vertex 159.15 -13.4 7.62939e-07
    endloop
  endfacet
  facet normal -1 -0 0
    outer loop
      vertex 159.15 -13.4 3
      vertex 159.15 -33.4 7.62939e-07
      vertex 159.15 -33.4 3
    endloop
  endfacet
  facet normal 1 -0 0
    outer loop
      vertex 156.15 -33.4 3
      vertex 156.15 -13.4 7.62939e-07
      vertex 156.15 -13.4 3
    endloop
  endfacet
  facet normal 1 0 0
    outer loop
      vertex 156.15 -13.4 7.62939e-07
      vertex 156.15 -33.4 3
      vertex 156.15 -33.4 7.62939e-07
    endloop
  endfacet
  facet normal 0 1 -0
    outer loop
      vertex 159.15 -33.4 7.62939e-07
      vertex 156.15 -33.4 3
      vertex 159.15 -33.4 3
    endloop
  endfacet
  facet normal 0 1 0
    outer loop
      vertex 156.15 -33.4 3
      vertex 159.15 -33.4 7.62939e-07
      vertex 156.15 -33.4 7.62939e-07
    endloop
  endfacet
  facet normal 0 -1 0
    outer loop
      vertex 156.15 -13.4 7.62939e-07
      vertex 159.15 -13.4 3
      vertex 156.15 -13.4 3
    endloop
  endfacet
  facet normal 0 -1 -0
    outer loop
      vertex 159.15 -13.4 3
      vertex 156.15 -13.4 7.62939e-07
      vertex 159.15 -13.4 7.62939e-07
    endloop
  endfacet
  facet normal -1 0 0
    outer loop
      vertex 159.15 -57.4 7.62939e-07
      vertex 159.15 -37.4 3
      vertex 159.15 -37.4 7.62939e-07
    endloop
  endfacet
  facet normal -1 -0 0
    outer loop
      vertex 159.15 -37.4 3
      vertex 159.15 -57.4 7.62939e-07
      vertex 159.15 -57.4 3
    endloop
  endfacet
  facet normal 1 -0 0
    outer loop
      vertex 156.15 -57.4 3
      vertex 156.15 -37.4 7.62939e-07
      vertex 156.15 -37.4 3
    endloop
  endfacet
  facet normal 1 0 0
    outer loop
      vertex 156.15 -37.4 7.62939e-07
      vertex 156.15 -57.4 3
      vertex 156.15 -57.4 7.62939e-07
    endloop
  endfacet
  facet normal 0 1 -0
    outer loop
      vertex 159.15 -57.4 7.62939e-07
      vertex 156.15 -57.4 3
      vertex 159.15 -57.4 3
    endloop
  endfacet
  facet normal 0 1 0
    outer loop
      vertex 156.15 -57.4 3
      vertex 159.15 -57.4 7.62939e-07
      vertex 156.15 -57.4 7.62939e-07
    endloop
  endfacet
  facet normal 0 -1 0
    outer loop
      vertex 156.15 -37.4 7.62939e-07
      vertex 159.15 -37.4 3
      vertex 156.15 -37.4 3
    endloop
  endfacet
  facet normal 0 -1 -0
    outer loop
      vertex 159.15 -37.4 3
      vertex 156.15 -37.4 7.62939e-07
      vertex 159.15 -37.4 7.62939e-07
    endloop
  endfacet
  facet normal -1 0 0
    outer loop
      vertex 165.15 -33.4 7.62939e-07
      vertex 165.15 -13.4 3
      vertex 165.15 -13.4 7.62939e-07
    endloop
  endfacet
  facet normal -1 -0 0
    outer loop
      vertex 165.15 -13.4 3
      vertex 165.15 -33.4 7.62939e-07
      vertex 165.15 -33.4 3
    endloop
  endfacet
  facet normal 1 -0 0
    outer loop
      vertex 162.15 -33.4 3
      vertex 162.15 -13.4 7.62939e-07
      vertex 162.15 -13.4 3
    endloop
  endfacet
  facet normal 1 0 0
    outer loop
      vertex 162.15 -13.4 7.62939e-07
      vertex 162.15 -33.4 3
      vertex 162.15 -33.4 7.62939e-07
    endloop
  endfacet
  facet normal 0 1 -0
    outer loop
      vertex 165.15 -33.4 7.62939e-07
      vertex 162.15 -33.4 3
      vertex 165.15 -33.4 3
    endloop
  endfacet
  facet normal 0 1 0
    outer loop
      vertex 162.15 -33.4 3
      vertex 165.15 -33.4 7.62939e-07
      vertex 162.15 -33.4 7.62939e-07
    endloop
  endfacet
  facet normal 0 -1 0
    outer loop
      vertex 162.15 -13.4 7.62939e-07
      vertex 165.15 -13.4 3
      vertex 162.15 -13.4 3
    endloop
  endfacet
  facet normal 0 -1 -0
    outer loop
      vertex 165.15 -13.4 3
      vertex 162.15 -13.4 7.62939e-07
      vertex 165.15 -13.4 7.62939e-07
    endloop
  endfacet
  facet normal -1 0 0
    outer loop
      vertex 165.15 -57.4 7.62939e-07
      vertex 165.15 -37.4 3
      vertex 165.15 -37.4 7.62939e-07
    endloop
  endfacet
  facet normal -1 -0 0
    outer loop
      vertex 165.15 -37.4 3
      vertex 165.15 -57.4 7.62939e-07
      vertex 165.15 -57.4 3
    endloop
  endfacet
  facet normal 1 -0 0
    outer loop
      vertex 162.15 -57.4 3
      vertex 162.15 -37.4 7.62939e-07
      vertex 162.15 -37.4 3
    endloop
  endfacet
  facet normal 1 0 0
    outer loop
      vertex 162.15 -37.4 7.62939e-07
      vertex 162.15 -57.4 3
      vertex 162.15 -57.4 7.62939e-07
    endloop
  endfacet
  facet normal 0 1 -0
    outer loop
      vertex 165.15 -57.4 7.62939e-07
      vertex 162.15 -57.4 3
      vertex 165.15 -57.4 3
    endloop
  endfacet
  facet normal 0 1 0
    outer loop
      vertex 162.15 -57.4 3
      vertex 165.15 -57.4 7.62939e-07
      vertex 162.15 -57.4 7.62939e-07
    endloop
  endfacet
  facet normal 0 -1 0
    outer loop
      vertex 162.15 -37.4 7.62939e-07
      vertex 165.15 -37.4 3
      vertex 162.15 -37.4 3
    endloop
  endfacet
  facet normal 0 -1 -0
    outer loop
      vertex 165.15 -37.4 3
      vertex 162.15 -37.4 7.62939e-07
      vertex 165.15 -37.4 7.62939e-07
    endloop
  endfacet
  facet normal -1 0 0
    outer loop
      vertex 171.15 -33.4 7.62939e-07
      vertex 171.15 -13.4 3
      vertex 171.15 -13.4 7.62939e-07
    endloop
  endfacet
  facet normal -1 -0 0
    outer loop
      vertex 171.15 -13.4 3
      vertex 171.15 -33.4 7.62939e-07
      vertex 171.15 -33.4 3
    endloop
  endfacet
  facet normal 1 -0 0
    outer loop
      vertex 168.15 -33.4 3
      vertex 168.15 -13.4 7.62939e-07
      vertex 168.15 -13.4 3
    endloop
  endfacet
  facet normal 1 0 0
    outer loop
      vertex 168.15 -13.4 7.62939e-07
      vertex 168.15 -33.4 3
      vertex 168.15 -33.4 7.62939e-07
    endloop
  endfacet
  facet normal 0 1 -0
    outer loop
      vertex 171.15 -33.4 7.62939e-07
      vertex 168.15 -33.4 3
      vertex 171.15 -33.4 3
    endloop
  endfacet
  facet normal 0 1 0
    outer loop
      vertex 168.15 -33.4 3
      vertex 171.15 -33.4 7.62939e-07
      vertex 168.15 -33.4 7.62939e-07
    endloop
  endfacet
  facet normal 0 -1 0
    outer loop
      vertex 168.15 -13.4 7.62939e-07
      vertex 171.15 -13.4 3
      vertex 168.15 -13.4 3
    endloop
  endfacet
  facet normal 0 -1 -0
    outer loop
      vertex 171.15 -13.4 3
      vertex 168.15 -13.4 7.62939e-07
      vertex 171.15 -13.4 7.62939e-07
    endloop
  endfacet
  facet normal -1 0 0
    outer loop
      vertex 171.15 -57.4 7.62939e-07
      vertex 171.15 -37.4 3
      vertex 171.15 -37.4 7.62939e-07
    endloop
  endfacet
  facet normal -1 -0 0
    outer loop
      vertex 171.15 -37.4 3
      vertex 171.15 -57.4 7.62939e-07
      vertex 171.15 -57.4 3
    endloop
  endfacet
  facet normal 1 -0 0
    outer loop
      vertex 168.15 -57.4 3
      vertex 168.15 -37.4 7.62939e-07
      vertex 168.15 -37.4 3
    endloop
  endfacet
  facet normal 1 0 0
    outer loop
      vertex 168.15 -37.4 7.62939e-07
      vertex 168.15 -57.4 3
      vertex 168.15 -57.4 7.62939e-07
    endloop
  endfacet
  facet normal 0 1 -0
    outer loop
      vertex 171.15 -57.4 7.62939e-07
      vertex 168.15 -57.4 3
      vertex 171.15 -57.4 3
    endloop
  endfacet
  facet normal 0 1 0
    outer loop
      vertex 168.15 -57.4 3
      vertex 171.15 -57.4 7.62939e-07
      vertex 168.15 -57.4 7.62939e-07
    endloop
  endfacet
  facet normal 0 -1 0
    outer loop
      vertex 168.15 -37.4 7.62939e-07
      vertex 171.15 -37.4 3
      vertex 168.15 -37.4 3
    endloop
  endfacet
  facet normal 0 -1 -0
    outer loop
      vertex 171.15 -37.4 3
      vertex 168.15 -37.4 7.62939e-07
      vertex 171.15 -37.4 7.62939e-07
    endloop
  endfacet
  facet normal -1 0 0
    outer loop
      vertex 177.15 -33.4 7.62939e-07
      vertex 177.15 -13.4 3
      vertex 177.15 -13.4 7.62939e-07
    endloop
  endfacet
  facet normal -1 -0 0
    outer loop
      vertex 177.15 -13.4 3
      vertex 177.15 -33.4 7.62939e-07
      vertex 177.15 -33.4 3
    endloop
  endfacet
  facet normal 1 -0 0
    outer loop
      vertex 174.15 -33.4 3
      vertex 174.15 -13.4 7.62939e-07
      vertex 174.15 -13.4 3
    endloop
  endfacet
  facet normal 1 0 0
    outer loop
      vertex 174.15 -13.4 7.62939e-07
      vertex 174.15 -33.4 3
      vertex 174.15 -33.4 7.62939e-07
    endloop
  endfacet
  facet normal 0 1 -0
    outer loop
      vertex 177.15 -33.4 7.62939e-07
      vertex 174.15 -33.4 3
      vertex 177.15 -33.4 3
    endloop
  endfacet
  facet normal 0 1 0
    outer loop
      vertex 174.15 -33.4 3
      vertex 177.15 -33.4 7.62939e-07
      vertex 174.15 -33.4 7.62939e-07
    endloop
  endfacet
  facet normal 0 -1 0
    outer loop
      vertex 174.15 -13.4 7.62939e-07
      vertex 177.15 -13.4 3
      vertex 174.15 -13.4 3
    endloop
  endfacet
  facet normal 0 -1 -0
    outer loop
      vertex 177.15 -13.4 3
      vertex 174.15 -13.4 7.62939e-07
      vertex 177.15 -13.4 7.62939e-07
    endloop
  endfacet
  facet normal -1 0 0
    outer loop
      vertex 177.15 -57.4 7.62939e-07
      vertex 177.15 -37.4 3
      vertex 177.15 -37.4 7.62939e-07
    endloop
  endfacet
  facet normal -1 -0 0
    outer loop
      vertex 177.15 -37.4 3
      vertex 177.15 -57.4 7.62939e-07
      vertex 177.15 -57.4 3
    endloop
  endfacet
  facet normal 1 -0 0
    outer loop
      vertex 174.15 -57.4 3
      vertex 174.15 -37.4 7.62939e-07
      vertex 174.15 -37.4 3
    endloop
  endfacet
  facet normal 1 0 0
    outer loop
      vertex 174.15 -37.4 7.62939e-07
      vertex 174.15 -57.4 3
      vertex 174.15 -57.4 7.62939e-07
    endloop
  endfacet
  facet normal 0 1 -0
    outer loop
      vertex 177.15 -57.4 7.62939e-07
      vertex 174.15 -57.4 3
      vertex 177.15 -57.4 3
    endloop
  endfacet
  facet normal 0 1 0
    outer loop
      vertex 174.15 -57.4 3
      vertex 177.15 -57.4 7.62939e-07
      vertex 174.15 -57.4 7.62939e-07
    endloop
  endfacet
  facet normal 0 -1 0
    outer loop
      vertex 174.15 -37.4 7.62939e-07
      vertex 177.15 -37.4 3
      vertex 174.15 -37.4 3
    endloop
  endfacet
  facet normal 0 -1 -0
    outer loop
      vertex 177.15 -37.4 3
      vertex 174.15 -37.4 7.62939e-07
      vertex 177.15 -37.4 7.62939e-07
    endloop
  endfacet
  facet normal -1 0 0
    outer loop
      vertex 183.15 -33.4 7.62939e-07
      vertex 183.15 -13.4 3
      vertex 183.15 -13.4 7.62939e-07
    endloop
  endfacet
  facet normal -1 -0 0
    outer loop
      vertex 183.15 -13.4 3
      vertex 183.15 -33.4 7.62939e-07
      vertex 183.15 -33.4 3
    endloop
  endfacet
  facet normal 1 -0 0
    outer loop
      vertex 180.15 -33.4 3
      vertex 180.15 -13.4 7.62939e-07
      vertex 180.15 -13.4 3
    endloop
  endfacet
  facet normal 1 0 0
    outer loop
      vertex 180.15 -13.4 7.62939e-07
      vertex 180.15 -33.4 3
      vertex 180.15 -33.4 7.62939e-07
    endloop
  endfacet
  facet normal 0 1 -0
    outer loop
      vertex 183.15 -33.4 7.62939e-07
      vertex 180.15 -33.4 3
      vertex 183.15 -33.4 3
    endloop
  endfacet
  facet normal 0 1 0
    outer loop
      vertex 180.15 -33.4 3
      vertex 183.15 -33.4 7.62939e-07
      vertex 180.15 -33.4 7.62939e-07
    endloop
  endfacet
  facet normal 0 -1 0
    outer loop
      vertex 180.15 -13.4 7.62939e-07
      vertex 183.15 -13.4 3
      vertex 180.15 -13.4 3
    endloop
  endfacet
  facet normal 0 -1 -0
    outer loop
      vertex 183.15 -13.4 3
      vertex 180.15 -13.4 7.62939e-07
      vertex 183.15 -13.4 7.62939e-07
    endloop
  endfacet
  facet normal -1 0 0
    outer loop
      vertex 183.15 -57.4 7.62939e-07
      vertex 183.15 -37.4 3
      vertex 183.15 -37.4 7.62939e-07
    endloop
  endfacet
  facet normal -1 -0 0
    outer loop
      vertex 183.15 -37.4 3
      vertex 183.15 -57.4 7.62939e-07
      vertex 183.15 -57.4 3
    endloop
  endfacet
  facet normal 1 -0 0
    outer loop
      vertex 180.15 -57.4 3
      vertex 180.15 -37.4 7.62939e-07
      vertex 180.15 -37.4 3
    endloop
  endfacet
  facet normal 1 0 0
    outer loop
      vertex 180.15 -37.4 7.62939e-07
      vertex 180.15 -57.4 3
      vertex 180.15 -57.4 7.62939e-07
    endloop
  endfacet
  facet normal 0 1 -0
    outer loop
      vertex 183.15 -57.4 7.62939e-07
      vertex 180.15 -57.4 3
      vertex 183.15 -57.4 3
    endloop
  endfacet
  facet normal 0 1 0
    outer loop
      vertex 180.15 -57.4 3
      vertex 183.15 -57.4 7.62939e-07
      vertex 180.15 -57.4 7.62939e-07
    endloop
  endfacet
  facet normal 0 -1 0
    outer loop
      vertex 180.15 -37.4 7.62939e-07
      vertex 183.15 -37.4 3
      vertex 180.15 -37.4 3
    endloop
  endfacet
  facet normal 0 -1 -0
    outer loop
      vertex 183.15 -37.4 3
      vertex 180.15 -37.4 7.62939e-07
      vertex 183.15 -37.4 7.62939e-07
    endloop
  endfacet
  facet normal -1 0 0
    outer loop
      vertex 189.15 -33.4 7.62939e-07
      vertex 189.15 -13.4 3
      vertex 189.15 -13.4 7.62939e-07
    endloop
  endfacet
  facet normal -1 -0 0
    outer loop
      vertex 189.15 -13.4 3
      vertex 189.15 -33.4 7.62939e-07
      vertex 189.15 -33.4 3
    endloop
  endfacet
  facet normal 1 -0 0
    outer loop
      vertex 186.15 -33.4 3
      vertex 186.15 -13.4 7.62939e-07
      vertex 186.15 -13.4 3
    endloop
  endfacet
  facet normal 1 0 0
    outer loop
      vertex 186.15 -13.4 7.62939e-07
      vertex 186.15 -33.4 3
      vertex 186.15 -33.4 7.62939e-07
    endloop
  endfacet
  facet normal 0 1 -0
    outer loop
      vertex 189.15 -33.4 7.62939e-07
      vertex 186.15 -33.4 3
      vertex 189.15 -33.4 3
    endloop
  endfacet
  facet normal 0 1 0
    outer loop
      vertex 186.15 -33.4 3
      vertex 189.15 -33.4 7.62939e-07
      vertex 186.15 -33.4 7.62939e-07
    endloop
  endfacet
  facet normal 0 -1 0
    outer loop
      vertex 186.15 -13.4 7.62939e-07
      vertex 189.15 -13.4 3
      vertex 186.15 -13.4 3
    endloop
  endfacet
  facet normal 0 -1 -0
    outer loop
      vertex 189.15 -13.4 3
      vertex 186.15 -13.4 7.62939e-07
      vertex 189.15 -13.4 7.62939e-07
    endloop
  endfacet
  facet normal -1 0 0
    outer loop
      vertex 189.15 -57.4 7.62939e-07
      vertex 189.15 -37.4 3
      vertex 189.15 -37.4 7.62939e-07
    endloop
  endfacet
  facet normal -1 -0 0
    outer loop
      vertex 189.15 -37.4 3
      vertex 189.15 -57.4 7.62939e-07
      vertex 189.15 -57.4 3
    endloop
  endfacet
  facet normal 1 -0 0
    outer loop
      vertex 186.15 -57.4 3
      vertex 186.15 -37.4 7.62939e-07
      vertex 186.15 -37.4 3
    endloop
  endfacet
  facet normal 1 0 0
    outer loop
      vertex 186.15 -37.4 7.62939e-07
      vertex 186.15 -57.4 3
      vertex 186.15 -57.4 7.62939e-07
    endloop
  endfacet
  facet normal 0 1 -0
    outer loop
      vertex 189.15 -57.4 7.62939e-07
      vertex 186.15 -57.4 3
      vertex 189.15 -57.4 3
    endloop
  endfacet
  facet normal 0 1 0
    outer loop
      vertex 186.15 -57.4 3
      vertex 189.15 -57.4 7.62939e-07
      vertex 186.15 -57.4 7.62939e-07
    endloop
  endfacet
  facet normal 0 -1 0
    outer loop
      vertex 186.15 -37.4 7.62939e-07
      vertex 189.15 -37.4 3
      vertex 186.15 -37.4 3
    endloop
  endfacet
  facet normal 0 -1 -0
    outer loop
      vertex 189.15 -37.4 3
      vertex 186.15 -37.4 7.62939e-07
      vertex 189.15 -37.4 7.62939e-07
    endloop
  endfacet
  facet normal -1 0 0
    outer loop
      vertex 195.15 -33.4 7.62939e-07
      vertex 195.15 -13.4 3
      vertex 195.15 -13.4 7.62939e-07
    endloop
  endfacet
  facet normal -1 -0 0
    outer loop
      vertex 195.15 -13.4 3
      vertex 195.15 -33.4 7.62939e-07
      vertex 195.15 -33.4 3
    endloop
  endfacet
  facet normal 1 -0 0
    outer loop
      vertex 192.15 -33.4 3
      vertex 192.15 -13.4 7.62939e-07
      vertex 192.15 -13.4 3
    endloop
  endfacet
  facet normal 1 0 0
    outer loop
      vertex 192.15 -13.4 7.62939e-07
      vertex 192.15 -33.4 3
      vertex 192.15 -33.4 7.62939e-07
    endloop
  endfacet
  facet normal 0 1 -0
    outer loop
      vertex 195.15 -33.4 7.62939e-07
      vertex 192.15 -33.4 3
      vertex 195.15 -33.4 3
    endloop
  endfacet
  facet normal 0 1 0
    outer loop
      vertex 192.15 -33.4 3
      vertex 195.15 -33.4 7.62939e-07
      vertex 192.15 -33.4 7.62939e-07
    endloop
  endfacet
  facet normal 0 -1 0
    outer loop
      vertex 192.15 -13.4 7.62939e-07
      vertex 195.15 -13.4 3
      vertex 192.15 -13.4 3
    endloop
  endfacet
  facet normal 0 -1 -0
    outer loop
      vertex 195.15 -13.4 3
      vertex 192.15 -13.4 7.62939e-07
      vertex 195.15 -13.4 7.62939e-07
    endloop
  endfacet
  facet normal -1 0 0
    outer loop
      vertex 195.15 -57.4 7.62939e-07
      vertex 195.15 -37.4 3
      vertex 195.15 -37.4 7.62939e-07
    endloop
  endfacet
  facet normal -1 -0 0
    outer loop
      vertex 195.15 -37.4 3
      vertex 195.15 -57.4 7.62939e-07
      vertex 195.15 -57.4 3
    endloop
  endfacet
  facet normal 1 -0 0
    outer loop
      vertex 192.15 -57.4 3
      vertex 192.15 -37.4 7.62939e-07
      vertex 192.15 -37.4 3
    endloop
  endfacet
  facet normal 1 0 0
    outer loop
      vertex 192.15 -37.4 7.62939e-07
      vertex 192.15 -57.4 3
      vertex 192.15 -57.4 7.62939e-07
    endloop
  endfacet
  facet normal 0 1 -0
    outer loop
      vertex 195.15 -57.4 7.62939e-07
      vertex 192.15 -57.4 3
      vertex 195.15 -57.4 3
    endloop
  endfacet
  facet normal 0 1 0
    outer loop
      vertex 192.15 -57.4 3
      vertex 195.15 -57.4 7.62939e-07
      vertex 192.15 -57.4 7.62939e-07
    endloop
  endfacet
  facet normal 0 -1 0
    outer loop
      vertex 192.15 -37.4 7.62939e-07
      vertex 195.15 -37.4 3
      vertex 192.15 -37.4 3
    endloop
  endfacet
  facet normal 0 -1 -0
    outer loop
      vertex 195.15 -37.4 3
      vertex 192.15 -37.4 7.62939e-07
      vertex 195.15 -37.4 7.62939e-07
    endloop
  endfacet
  facet normal -1 0 0
    outer loop
      vertex 201.15 -33.4 7.62939e-07
      vertex 201.15 -13.4 3
      vertex 201.15 -13.4 7.62939e-07
    endloop
  endfacet
  facet normal -1 -0 0
    outer loop
      vertex 201.15 -13.4 3
      vertex 201.15 -33.4 7.62939e-07
      vertex 201.15 -33.4 3
    endloop
  endfacet
  facet normal 1 -0 0
    outer loop
      vertex 198.15 -33.4 3
      vertex 198.15 -13.4 7.62939e-07
      vertex 198.15 -13.4 3
    endloop
  endfacet
  facet normal 1 0 0
    outer loop
      vertex 198.15 -13.4 7.62939e-07
      vertex 198.15 -33.4 3
      vertex 198.15 -33.4 7.62939e-07
    endloop
  endfacet
  facet normal 0 1 -0
    outer loop
      vertex 201.15 -33.4 7.62939e-07
      vertex 198.15 -33.4 3
      vertex 201.15 -33.4 3
    endloop
  endfacet
  facet normal 0 1 0
    outer loop
      vertex 198.15 -33.4 3
      vertex 201.15 -33.4 7.62939e-07
      vertex 198.15 -33.4 7.62939e-07
    endloop
  endfacet
  facet normal 0 -1 0
    outer loop
      vertex 198.15 -13.4 7.62939e-07
      vertex 201.15 -13.4 3
      vertex 198.15 -13.4 3
    endloop
  endfacet
  facet normal 0 -1 -0
    outer loop
      vertex 201.15 -13.4 3
      vertex 198.15 -13.4 7.62939e-07
      vertex 201.15 -13.4 7.62939e-07
    endloop
  endfacet
  facet normal -1 0 0
    outer loop
      vertex 201.15 -57.4 7.62939e-07
      vertex 201.15 -37.4 3
      vertex 201.15 -37.4 7.62939e-07
    endloop
  endfacet
  facet normal -1 -0 0
    outer loop
      vertex 201.15 -37.4 3
      vertex 201.15 -57.4 7.62939e-07
      vertex 201.15 -57.4 3
    endloop
  endfacet
  facet normal 1 -0 0
    outer loop
      vertex 198.15 -57.4 3
      vertex 198.15 -37.4 7.62939e-07
      vertex 198.15 -37.4 3
    endloop
  endfacet
  facet normal 1 0 0
    outer loop
      vertex 198.15 -37.4 7.62939e-07
      vertex 198.15 -57.4 3
      vertex 198.15 -57.4 7.62939e-07
    endloop
  endfacet
  facet normal 0 1 -0
    outer loop
      vertex 201.15 -57.4 7.62939e-07
      vertex 198.15 -57.4 3
      vertex 201.15 -57.4 3
    endloop
  endfacet
  facet normal 0 1 0
    outer loop
      vertex 198.15 -57.4 3
      vertex 201.15 -57.4 7.62939e-07
      vertex 198.15 -57.4 7.62939e-07
    endloop
  endfacet
  facet normal 0 -1 0
    outer loop
      vertex 198.15 -37.4 7.62939e-07
      vertex 201.15 -37.4 3
      vertex 198.15 -37.4 3
    endloop
  endfacet
  facet normal 0 -1 -0
    outer loop
      vertex 201.15 -37.4 3
      vertex 198.15 -37.4 7.62939e-07
      vertex 201.15 -37.4 7.62939e-07
    endloop
  endfacet
  facet normal -1 0 0
    outer loop
      vertex 207.15 -33.4 7.62939e-07
      vertex 207.15 -13.4 3
      vertex 207.15 -13.4 7.62939e-07
    endloop
  endfacet
  facet normal -1 -0 0
    outer loop
      vertex 207.15 -13.4 3
      vertex 207.15 -33.4 7.62939e-07
      vertex 207.15 -33.4 3
    endloop
  endfacet
  facet normal 1 -0 0
    outer loop
      vertex 204.15 -33.4 3
      vertex 204.15 -13.4 7.62939e-07
      vertex 204.15 -13.4 3
    endloop
  endfacet
  facet normal 1 0 0
    outer loop
      vertex 204.15 -13.4 7.62939e-07
      vertex 204.15 -33.4 3
      vertex 204.15 -33.4 7.62939e-07
    endloop
  endfacet
  facet normal 0 1 -0
    outer loop
      vertex 207.15 -33.4 7.62939e-07
      vertex 204.15 -33.4 3
      vertex 207.15 -33.4 3
    endloop
  endfacet
  facet normal 0 1 0
    outer loop
      vertex 204.15 -33.4 3
      vertex 207.15 -33.4 7.62939e-07
      vertex 204.15 -33.4 7.62939e-07
    endloop
  endfacet
  facet normal 0 -1 0
    outer loop
      vertex 204.15 -13.4 7.62939e-07
      vertex 207.15 -13.4 3
      vertex 204.15 -13.4 3
    endloop
  endfacet
  facet normal 0 -1 -0
    outer loop
      vertex 207.15 -13.4 3
      vertex 204.15 -13.4 7.62939e-07
      vertex 207.15 -13.4 7.62939e-07
    endloop
  endfacet
  facet normal -1 0 0
    outer loop
      vertex 207.15 -57.4 7.62939e-07
      vertex 207.15 -37.4 3
      vertex 207.15 -37.4 7.62939e-07
    endloop
  endfacet
  facet normal -1 -0 0
    outer loop
      vertex 207.15 -37.4 3
      vertex 207.15 -57.4 7.62939e-07
      vertex 207.15 -57.4 3
    endloop
  endfacet
  facet normal 1 -0 0
    outer loop
      vertex 204.15 -57.4 3
      vertex 204.15 -37.4 7.62939e-07
      vertex 204.15 -37.4 3
    endloop
  endfacet
  facet normal 1 0 0
    outer loop
      vertex 204.15 -37.4 7.62939e-07
      vertex 204.15 -57.4 3
      vertex 204.15 -57.4 7.62939e-07
    endloop
  endfacet
  facet normal 0 1 -0
    outer loop
      vertex 207.15 -57.4 7.62939e-07
      vertex 204.15 -57.4 3
      vertex 207.15 -57.4 3
    endloop
  endfacet
  facet normal 0 1 0
    outer loop
      vertex 204.15 -57.4 3
      vertex 207.15 -57.4 7.62939e-07
      vertex 204.15 -57.4 7.62939e-07
    endloop
  endfacet
  facet normal 0 -1 0
    outer loop
      vertex 204.15 -37.4 7.62939e-07
      vertex 207.15 -37.4 3
      vertex 204.15 -37.4 3
    endloop
  endfacet
  facet normal 0 -1 -0
    outer loop
      vertex 207.15 -37.4 3
      vertex 204.15 -37.4 7.62939e-07
      vertex 207.15 -37.4 7.62939e-07
    endloop
  endfacet
  facet normal -1 0 0
    outer loop
      vertex 213.15 -33.4 7.62939e-07
      vertex 213.15 -13.4 3
      vertex 213.15 -13.4 7.62939e-07
    endloop
  endfacet
  facet normal -1 -0 0
    outer loop
      vertex 213.15 -13.4 3
      vertex 213.15 -33.4 7.62939e-07
      vertex 213.15 -33.4 3
    endloop
  endfacet
  facet normal 1 -0 0
    outer loop
      vertex 210.15 -33.4 3
      vertex 210.15 -13.4 7.62939e-07
      vertex 210.15 -13.4 3
    endloop
  endfacet
  facet normal 1 0 0
    outer loop
      vertex 210.15 -13.4 7.62939e-07
      vertex 210.15 -33.4 3
      vertex 210.15 -33.4 7.62939e-07
    endloop
  endfacet
  facet normal 0 1 -0
    outer loop
      vertex 213.15 -33.4 7.62939e-07
      vertex 210.15 -33.4 3
      vertex 213.15 -33.4 3
    endloop
  endfacet
  facet normal 0 1 0
    outer loop
      vertex 210.15 -33.4 3
      vertex 213.15 -33.4 7.62939e-07
      vertex 210.15 -33.4 7.62939e-07
    endloop
  endfacet
  facet normal 0 -1 0
    outer loop
      vertex 210.15 -13.4 7.62939e-07
      vertex 213.15 -13.4 3
      vertex 210.15 -13.4 3
    endloop
  endfacet
  facet normal 0 -1 -0
    outer loop
      vertex 213.15 -13.4 3
      vertex 210.15 -13.4 7.62939e-07
      vertex 213.15 -13.4 7.62939e-07
    endloop
  endfacet
  facet normal -1 0 0
    outer loop
      vertex 213.15 -57.4 7.62939e-07
      vertex 213.15 -37.4 3
      vertex 213.15 -37.4 7.62939e-07
    endloop
  endfacet
  facet normal -1 -0 0
    outer loop
      vertex 213.15 -37.4 3
      vertex 213.15 -57.4 7.62939e-07
      vertex 213.15 -57.4 3
    endloop
  endfacet
  facet normal 1 -0 0
    outer loop
      vertex 210.15 -57.4 3
      vertex 210.15 -37.4 7.62939e-07
      vertex 210.15 -37.4 3
    endloop
  endfacet
  facet normal 1 0 0
    outer loop
      vertex 210.15 -37.4 7.62939e-07
      vertex 210.15 -57.4 3
      vertex 210.15 -57.4 7.62939e-07
    endloop
  endfacet
  facet normal 0 1 -0
    outer loop
      vertex 213.15 -57.4 7.62939e-07
      vertex 210.15 -57.4 3
      vertex 213.15 -57.4 3
    endloop
  endfacet
  facet normal 0 1 0
    outer loop
      vertex 210.15 -57.4 3
      vertex 213.15 -57.4 7.62939e-07
      vertex 210.15 -57.4 7.62939e-07
    endloop
  endfacet
  facet normal 0 -1 0
    outer loop
      vertex 210.15 -37.4 7.62939e-07
      vertex 213.15 -37.4 3
      vertex 210.15 -37.4 3
    endloop
  endfacet
  facet normal 0 -1 -0
    outer loop
      vertex 213.15 -37.4 3
      vertex 210.15 -37.4 7.62939e-07
      vertex 213.15 -37.4 7.62939e-07
    endloop
  endfacet
  facet normal -1 0 0
    outer loop
      vertex 219.15 -33.4 7.62939e-07
      vertex 219.15 -13.4 3
      vertex 219.15 -13.4 7.62939e-07
    endloop
  endfacet
  facet normal -1 -0 0
    outer loop
      vertex 219.15 -13.4 3
      vertex 219.15 -33.4 7.62939e-07
      vertex 219.15 -33.4 3
    endloop
  endfacet
  facet normal 1 -0 0
    outer loop
      vertex 216.15 -33.4 3
      vertex 216.15 -13.4 7.62939e-07
      vertex 216.15 -13.4 3
    endloop
  endfacet
  facet normal 1 0 0
    outer loop
      vertex 216.15 -13.4 7.62939e-07
      vertex 216.15 -33.4 3
      vertex 216.15 -33.4 7.62939e-07
    endloop
  endfacet
  facet normal 0 1 -0
    outer loop
      vertex 219.15 -33.4 7.62939e-07
      vertex 216.15 -33.4 3
      vertex 219.15 -33.4 3
    endloop
  endfacet
  facet normal 0 1 0
    outer loop
      vertex 216.15 -33.4 3
      vertex 219.15 -33.4 7.62939e-07
      vertex 216.15 -33.4 7.62939e-07
    endloop
  endfacet
  facet normal 0 -1 0
    outer loop
      vertex 216.15 -13.4 7.62939e-07
      vertex 219.15 -13.4 3
      vertex 216.15 -13.4 3
    endloop
  endfacet
  facet normal 0 -1 -0
    outer loop
      vertex 219.15 -13.4 3
      vertex 216.15 -13.4 7.62939e-07
      vertex 219.15 -13.4 7.62939e-07
    endloop
  endfacet
  facet normal -1 0 0
    outer loop
      vertex 219.15 -57.4 7.62939e-07
      vertex 219.15 -37.4 3
      vertex 219.15 -37.4 7.62939e-07
    endloop
  endfacet
  facet normal -1 -0 0
    outer loop
      vertex 219.15 -37.4 3
      vertex 219.15 -57.4 7.62939e-07
      vertex 219.15 -57.4 3
    endloop
  endfacet
  facet normal 1 -0 0
    outer loop
      vertex 216.15 -57.4 3
      vertex 216.15 -37.4 7.62939e-07
      vertex 216.15 -37.4 3
    endloop
  endfacet
  facet normal 1 0 0
    outer loop
      vertex 216.15 -37.4 7.62939e-07
      vertex 216.15 -57.4 3
      vertex 216.15 -57.4 7.62939e-07
    endloop
  endfacet
  facet normal 0 1 -0
    outer loop
      vertex 219.15 -57.4 7.62939e-07
      vertex 216.15 -57.4 3
      vertex 219.15 -57.4 3
    endloop
  endfacet
  facet normal 0 1 0
    outer loop
      vertex 216.15 -57.4 3
      vertex 219.15 -57.4 7.62939e-07
      vertex 216.15 -57.4 7.62939e-07
    endloop
  endfacet
  facet normal 0 -1 0
    outer loop
      vertex 216.15 -37.4 7.62939e-07
      vertex 219.15 -37.4 3
      vertex 216.15 -37.4 3
    endloop
  endfacet
  facet normal 0 -1 -0
    outer loop
      vertex 219.15 -37.4 3
      vertex 216.15 -37.4 7.62939e-07
      vertex 219.15 -37.4 7.62939e-07
    endloop
  endfacet
  facet normal -1 0 0
    outer loop
      vertex 225.15 -33.4 7.62939e-07
      vertex 225.15 -13.4 3
      vertex 225.15 -13.4 7.62939e-07
    endloop
  endfacet
  facet normal -1 -0 0
    outer loop
      vertex 225.15 -13.4 3
      vertex 225.15 -33.4 7.62939e-07
      vertex 225.15 -33.4 3
    endloop
  endfacet
  facet normal 1 -0 0
    outer loop
      vertex 222.15 -33.4 3
      vertex 222.15 -13.4 7.62939e-07
      vertex 222.15 -13.4 3
    endloop
  endfacet
  facet normal 1 0 0
    outer loop
      vertex 222.15 -13.4 7.62939e-07
      vertex 222.15 -33.4 3
      vertex 222.15 -33.4 7.62939e-07
    endloop
  endfacet
  facet normal 0 1 -0
    outer loop
      vertex 225.15 -33.4 7.62939e-07
      vertex 222.15 -33.4 3
      vertex 225.15 -33.4 3
    endloop
  endfacet
  facet normal 0 1 0
    outer loop
      vertex 222.15 -33.4 3
      vertex 225.15 -33.4 7.62939e-07
      vertex 222.15 -33.4 7.62939e-07
    endloop
  endfacet
  facet normal 0 -1 0
    outer loop
      vertex 222.15 -13.4 7.62939e-07
      vertex 225.15 -13.4 3
      vertex 222.15 -13.4 3
    endloop
  endfacet
  facet normal 0 -1 -0
    outer loop
      vertex 225.15 -13.4 3
      vertex 222.15 -13.4 7.62939e-07
      vertex 225.15 -13.4 7.62939e-07
    endloop
  endfacet
  facet normal -1 0 0
    outer loop
      vertex 225.15 -57.4 7.62939e-07
      vertex 225.15 -37.4 3
      vertex 225.15 -37.4 7.62939e-07
    endloop
  endfacet
  facet normal -1 -0 0
    outer loop
      vertex 225.15 -37.4 3
      vertex 225.15 -57.4 7.62939e-07
      vertex 225.15 -57.4 3
    endloop
  endfacet
  facet normal 1 -0 0
    outer loop
      vertex 222.15 -57.4 3
      vertex 222.15 -37.4 7.62939e-07
      vertex 222.15 -37.4 3
    endloop
  endfacet
  facet normal 1 0 0
    outer loop
      vertex 222.15 -37.4 7.62939e-07
      vertex 222.15 -57.4 3
      vertex 222.15 -57.4 7.62939e-07
    endloop
  endfacet
  facet normal 0 1 -0
    outer loop
      vertex 225.15 -57.4 7.62939e-07
      vertex 222.15 -57.4 3
      vertex 225.15 -57.4 3
    endloop
  endfacet
  facet normal 0 1 0
    outer loop
      vertex 222.15 -57.4 3
      vertex 225.15 -57.4 7.62939e-07
      vertex 222.15 -57.4 7.62939e-07
    endloop
  endfacet
  facet normal 0 -1 0
    outer loop
      vertex 222.15 -37.4 7.62939e-07
      vertex 225.15 -37.4 3
      vertex 222.15 -37.4 3
    endloop
  endfacet
  facet normal 0 -1 -0
    outer loop
      vertex 225.15 -37.4 3
      vertex 222.15 -37.4 7.62939e-07
      vertex 225.15 -37.4 7.62939e-07
    endloop
  endfacet
  facet normal -1 0 0
    outer loop
      vertex 231.15 -33.4 7.62939e-07
      vertex 231.15 -13.4 3
      vertex 231.15 -13.4 7.62939e-07
    endloop
  endfacet
  facet normal -1 -0 0
    outer loop
      vertex 231.15 -13.4 3
      vertex 231.15 -33.4 7.62939e-07
      vertex 231.15 -33.4 3
    endloop
  endfacet
  facet normal 1 -0 0
    outer loop
      vertex 228.15 -33.4 3
      vertex 228.15 -13.4 7.62939e-07
      vertex 228.15 -13.4 3
    endloop
  endfacet
  facet normal 1 0 0
    outer loop
      vertex 228.15 -13.4 7.62939e-07
      vertex 228.15 -33.4 3
      vertex 228.15 -33.4 7.62939e-07
    endloop
  endfacet
  facet normal 0 1 -0
    outer loop
      vertex 231.15 -33.4 7.62939e-07
      vertex 228.15 -33.4 3
      vertex 231.15 -33.4 3
    endloop
  endfacet
  facet normal 0 1 0
    outer loop
      vertex 228.15 -33.4 3
      vertex 231.15 -33.4 7.62939e-07
      vertex 228.15 -33.4 7.62939e-07
    endloop
  endfacet
  facet normal 0 -1 0
    outer loop
      vertex 228.15 -13.4 7.62939e-07
      vertex 231.15 -13.4 3
      vertex 228.15 -13.4 3
    endloop
  endfacet
  facet normal 0 -1 -0
    outer loop
      vertex 231.15 -13.4 3
      vertex 228.15 -13.4 7.62939e-07
      vertex 231.15 -13.4 7.62939e-07
    endloop
  endfacet
  facet normal -1 0 0
    outer loop
      vertex 231.15 -57.4 7.62939e-07
      vertex 231.15 -37.4 3
      vertex 231.15 -37.4 7.62939e-07
    endloop
  endfacet
  facet normal -1 -0 0
    outer loop
      vertex 231.15 -37.4 3
      vertex 231.15 -57.4 7.62939e-07
      vertex 231.15 -57.4 3
    endloop
  endfacet
  facet normal 1 -0 0
    outer loop
      vertex 228.15 -57.4 3
      vertex 228.15 -37.4 7.62939e-07
      vertex 228.15 -37.4 3
    endloop
  endfacet
  facet normal 1 0 0
    outer loop
      vertex 228.15 -37.4 7.62939e-07
      vertex 228.15 -57.4 3
      vertex 228.15 -57.4 7.62939e-07
    endloop
  endfacet
  facet normal 0 1 -0
    outer loop
      vertex 231.15 -57.4 7.62939e-07
      vertex 228.15 -57.4 3
      vertex 231.15 -57.4 3
    endloop
  endfacet
  facet normal 0 1 0
    outer loop
      vertex 228.15 -57.4 3
      vertex 231.15 -57.4 7.62939e-07
      vertex 228.15 -57.4 7.62939e-07
    endloop
  endfacet
  facet normal 0 -1 0
    outer loop
      vertex 228.15 -37.4 7.62939e-07
      vertex 231.15 -37.4 3
      vertex 228.15 -37.4 3
    endloop
  endfacet
  facet normal 0 -1 -0
    outer loop
      vertex 231.15 -37.4 3
      vertex 228.15 -37.4 7.62939e-07
      vertex 231.15 -37.4 7.62939e-07
    endloop
  endfacet
  facet normal -1 0 0
    outer loop
      vertex 237.15 -33.4 7.62939e-07
      vertex 237.15 -13.4 3
      vertex 237.15 -13.4 7.62939e-07
    endloop
  endfacet
  facet normal -1 -0 0
    outer loop
      vertex 237.15 -13.4 3
      vertex 237.15 -33.4 7.62939e-07
      vertex 237.15 -33.4 3
    endloop
  endfacet
  facet normal 1 -0 0
    outer loop
      vertex 234.15 -33.4 3
      vertex 234.15 -13.4 7.62939e-07
      vertex 234.15 -13.4 3
    endloop
  endfacet
  facet normal 1 0 0
    outer loop
      vertex 234.15 -13.4 7.62939e-07
      vertex 234.15 -33.4 3
      vertex 234.15 -33.4 7.62939e-07
    endloop
  endfacet
  facet normal 0 1 -0
    outer loop
      vertex 237.15 -33.4 7.62939e-07
      vertex 234.15 -33.4 3
      vertex 237.15 -33.4 3
    endloop
  endfacet
  facet normal 0 1 0
    outer loop
      vertex 234.15 -33.4 3
      vertex 237.15 -33.4 7.62939e-07
      vertex 234.15 -33.4 7.62939e-07
    endloop
  endfacet
  facet normal 0 -1 0
    outer loop
      vertex 234.15 -13.4 7.62939e-07
      vertex 237.15 -13.4 3
      vertex 234.15 -13.4 3
    endloop
  endfacet
  facet normal 0 -1 -0
    outer loop
      vertex 237.15 -13.4 3
      vertex 234.15 -13.4 7.62939e-07
      vertex 237.15 -13.4 7.62939e-07
    endloop
  endfacet
  facet normal -1 0 0
    outer loop
      vertex 237.15 -57.4 7.62939e-07
      vertex 237.15 -37.4 3
      vertex 237.15 -37.4 7.62939e-07
    endloop
  endfacet
  facet normal -1 -0 0
    outer loop
      vertex 237.15 -37.4 3
      vertex 237.15 -57.4 7.62939e-07
      vertex 237.15 -57.4 3
    endloop
  endfacet
  facet normal 1 -0 0
    outer loop
      vertex 234.15 -57.4 3
      vertex 234.15 -37.4 7.62939e-07
      vertex 234.15 -37.4 3
    endloop
  endfacet
  facet normal 1 0 0
    outer loop
      vertex 234.15 -37.4 7.62939e-07
      vertex 234.15 -57.4 3
      vertex 234.15 -57.4 7.62939e-07
    endloop
  endfacet
  facet normal 0 1 -0
    outer loop
      vertex 237.15 -57.4 7.62939e-07
      vertex 234.15 -57.4 3
      vertex 237.15 -57.4 3
    endloop
  endfacet
  facet normal 0 1 0
    outer loop
      vertex 234.15 -57.4 3
      vertex 237.15 -57.4 7.62939e-07
      vertex 234.15 -57.4 7.62939e-07
    endloop
  endfacet
  facet normal 0 -1 0
    outer loop
      vertex 234.15 -37.4 7.62939e-07
      vertex 237.15 -37.4 3
      vertex 234.15 -37.4 3
    endloop
  endfacet
  facet normal 0 -1 -0
    outer loop
      vertex 237.15 -37.4 3
      vertex 234.15 -37.4 7.62939e-07
      vertex 237.15 -37.4 7.62939e-07
    endloop
  endfacet
  facet normal -1 0 0
    outer loop
      vertex 243.15 -33.4 7.62939e-07
      vertex 243.15 -13.4 3
      vertex 243.15 -13.4 7.62939e-07
    endloop
  endfacet
  facet normal -1 -0 0
    outer loop
      vertex 243.15 -13.4 3
      vertex 243.15 -33.4 7.62939e-07
      vertex 243.15 -33.4 3
    endloop
  endfacet
  facet normal 1 -0 0
    outer loop
      vertex 240.15 -33.4 3
      vertex 240.15 -13.4 7.62939e-07
      vertex 240.15 -13.4 3
    endloop
  endfacet
  facet normal 1 0 0
    outer loop
      vertex 240.15 -13.4 7.62939e-07
      vertex 240.15 -33.4 3
      vertex 240.15 -33.4 7.62939e-07
    endloop
  endfacet
  facet normal 0 1 -0
    outer loop
      vertex 243.15 -33.4 7.62939e-07
      vertex 240.15 -33.4 3
      vertex 243.15 -33.4 3
    endloop
  endfacet
  facet normal 0 1 0
    outer loop
      vertex 240.15 -33.4 3
      vertex 243.15 -33.4 7.62939e-07
      vertex 240.15 -33.4 7.62939e-07
    endloop
  endfacet
  facet normal 0 -1 0
    outer loop
      vertex 240.15 -13.4 7.62939e-07
      vertex 243.15 -13.4 3
      vertex 240.15 -13.4 3
    endloop
  endfacet
  facet normal 0 -1 -0
    outer loop
      vertex 243.15 -13.4 3
      vertex 240.15 -13.4 7.62939e-07
      vertex 243.15 -13.4 7.62939e-07
    endloop
  endfacet
  facet normal -1 0 0
    outer loop
      vertex 243.15 -57.4 7.62939e-07
      vertex 243.15 -37.4 3
      vertex 243.15 -37.4 7.62939e-07
    endloop
  endfacet
  facet normal -1 -0 0
    outer loop
      vertex 243.15 -37.4 3
      vertex 243.15 -57.4 7.62939e-07
      vertex 243.15 -57.4 3
    endloop
  endfacet
  facet normal 1 -0 0
    outer loop
      vertex 240.15 -57.4 3
      vertex 240.15 -37.4 7.62939e-07
      vertex 240.15 -37.4 3
    endloop
  endfacet
  facet normal 1 0 0
    outer loop
      vertex 240.15 -37.4 7.62939e-07
      vertex 240.15 -57.4 3
      vertex 240.15 -57.4 7.62939e-07
    endloop
  endfacet
  facet normal 0 1 -0
    outer loop
      vertex 243.15 -57.4 7.62939e-07
      vertex 240.15 -57.4 3
      vertex 243.15 -57.4 3
    endloop
  endfacet
  facet normal 0 1 0
    outer loop
      vertex 240.15 -57.4 3
      vertex 243.15 -57.4 7.62939e-07
      vertex 240.15 -57.4 7.62939e-07
    endloop
  endfacet
  facet normal 0 -1 0
    outer loop
      vertex 240.15 -37.4 7.62939e-07
      vertex 243.15 -37.4 3
      vertex 240.15 -37.4 3
    endloop
  endfacet
  facet normal 0 -1 -0
    outer loop
      vertex 243.15 -37.4 3
      vertex 240.15 -37.4 7.62939e-07
      vertex 243.15 -37.4 7.62939e-07
    endloop
  endfacet
  facet normal -1 0 0
    outer loop
      vertex 249.15 -33.4 7.62939e-07
      vertex 249.15 -13.4 3
      vertex 249.15 -13.4 7.62939e-07
    endloop
  endfacet
  facet normal -1 -0 0
    outer loop
      vertex 249.15 -13.4 3
      vertex 249.15 -33.4 7.62939e-07
      vertex 249.15 -33.4 3
    endloop
  endfacet
  facet normal 1 -0 0
    outer loop
      vertex 246.15 -33.4 3
      vertex 246.15 -13.4 7.62939e-07
      vertex 246.15 -13.4 3
    endloop
  endfacet
  facet normal 1 0 0
    outer loop
      vertex 246.15 -13.4 7.62939e-07
      vertex 246.15 -33.4 3
      vertex 246.15 -33.4 7.62939e-07
    endloop
  endfacet
  facet normal 0 1 -0
    outer loop
      vertex 249.15 -33.4 7.62939e-07
      vertex 246.15 -33.4 3
      vertex 249.15 -33.4 3
    endloop
  endfacet
  facet normal 0 1 0
    outer loop
      vertex 246.15 -33.4 3
      vertex 249.15 -33.4 7.62939e-07
      vertex 246.15 -33.4 7.62939e-07
    endloop
  endfacet
  facet normal 0 -1 0
    outer loop
      vertex 246.15 -13.4 7.62939e-07
      vertex 249.15 -13.4 3
      vertex 246.15 -13.4 3
    endloop
  endfacet
  facet normal 0 -1 -0
    outer loop
      vertex 249.15 -13.4 3
      vertex 246.15 -13.4 7.62939e-07
      vertex 249.15 -13.4 7.62939e-07
    endloop
  endfacet
  facet normal -1 0 0
    outer loop
      vertex 249.15 -57.4 7.62939e-07
      vertex 249.15 -37.4 3
      vertex 249.15 -37.4 7.62939e-07
    endloop
  endfacet
  facet normal -1 -0 0
    outer loop
      vertex 249.15 -37.4 3
      vertex 249.15 -57.4 7.62939e-07
      vertex 249.15 -57.4 3
    endloop
  endfacet
  facet normal 1 -0 0
    outer loop
      vertex 246.15 -57.4 3
      vertex 246.15 -37.4 7.62939e-07
      vertex 246.15 -37.4 3
    endloop
  endfacet
  facet normal 1 0 0
    outer loop
      vertex 246.15 -37.4 7.62939e-07
      vertex 246.15 -57.4 3
      vertex 246.15 -57.4 7.62939e-07
    endloop
  endfacet
  facet normal 0 1 -0
    outer loop
      vertex 249.15 -57.4 7.62939e-07
      vertex 246.15 -57.4 3
      vertex 249.15 -57.4 3
    endloop
  endfacet
  facet normal 0 1 0
    outer loop
      vertex 246.15 -57.4 3
      vertex 249.15 -57.4 7.62939e-07
      vertex 246.15 -57.4 7.62939e-07
    endloop
  endfacet
  facet normal 0 -1 0
    outer loop
      vertex 246.15 -37.4 7.62939e-07
      vertex 249.15 -37.4 3
      vertex 246.15 -37.4 3
    endloop
  endfacet
  facet normal 0 -1 -0
    outer loop
      vertex 249.15 -37.4 3
      vertex 246.15 -37.4 7.62939e-07
      vertex 249.15 -37.4 7.62939e-07
    endloop
  endfacet
  facet normal -1 0 0
    outer loop
      vertex 255.15 -33.4 7.62939e-07
      vertex 255.15 -13.4 3
      vertex 255.15 -13.4 7.62939e-07
    endloop
  endfacet
  facet normal -1 -0 0
    outer loop
      vertex 255.15 -13.4 3
      vertex 255.15 -33.4 7.62939e-07
      vertex 255.15 -33.4 3
    endloop
  endfacet
  facet normal 1 -0 0
    outer loop
      vertex 252.15 -33.4 3
      vertex 252.15 -13.4 7.62939e-07
      vertex 252.15 -13.4 3
    endloop
  endfacet
  facet normal 1 0 0
    outer loop
      vertex 252.15 -13.4 7.62939e-07
      vertex 252.15 -33.4 3
      vertex 252.15 -33.4 7.62939e-07
    endloop
  endfacet
  facet normal 0 1 -0
    outer loop
      vertex 255.15 -33.4 7.62939e-07
      vertex 252.15 -33.4 3
      vertex 255.15 -33.4 3
    endloop
  endfacet
  facet normal 0 1 0
    outer loop
      vertex 252.15 -33.4 3
      vertex 255.15 -33.4 7.62939e-07
      vertex 252.15 -33.4 7.62939e-07
    endloop
  endfacet
  facet normal 0 -1 0
    outer loop
      vertex 252.15 -13.4 7.62939e-07
      vertex 255.15 -13.4 3
      vertex 252.15 -13.4 3
    endloop
  endfacet
  facet normal 0 -1 -0
    outer loop
      vertex 255.15 -13.4 3
      vertex 252.15 -13.4 7.62939e-07
      vertex 255.15 -13.4 7.62939e-07
    endloop
  endfacet
  facet normal -1 0 0
    outer loop
      vertex 255.15 -57.4 7.62939e-07
      vertex 255.15 -37.4 3
      vertex 255.15 -37.4 7.62939e-07
    endloop
  endfacet
  facet normal -1 -0 0
    outer loop
      vertex 255.15 -37.4 3
      vertex 255.15 -57.4 7.62939e-07
      vertex 255.15 -57.4 3
    endloop
  endfacet
  facet normal 1 -0 0
    outer loop
      vertex 252.15 -57.4 3
      vertex 252.15 -37.4 7.62939e-07
      vertex 252.15 -37.4 3
    endloop
  endfacet
  facet normal 1 0 0
    outer loop
      vertex 252.15 -37.4 7.62939e-07
      vertex 252.15 -57.4 3
      vertex 252.15 -57.4 7.62939e-07
    endloop
  endfacet
  facet normal 0 1 -0
    outer loop
      vertex 255.15 -57.4 7.62939e-07
      vertex 252.15 -57.4 3
      vertex 255.15 -57.4 3
    endloop
  endfacet
  facet normal 0 1 0
    outer loop
      vertex 252.15 -57.4 3
      vertex 255.15 -57.4 7.62939e-07
      vertex 252.15 -57.4 7.62939e-07
    endloop
  endfacet
  facet normal 0 -1 0
    outer loop
      vertex 252.15 -37.4 7.62939e-07
      vertex 255.15 -37.4 3
      vertex 252.15 -37.4 3
    endloop
  endfacet
  facet normal 0 -1 -0
    outer loop
      vertex 255.15 -37.4 3
      vertex 252.15 -37.4 7.62939e-07
      vertex 255.15 -37.4 7.62939e-07
    endloop
  endfacet
  facet normal -1 0 0
    outer loop
      vertex 261.15 -33.4 7.62939e-07
      vertex 261.15 -13.4 3
      vertex 261.15 -13.4 7.62939e-07
    endloop
  endfacet
  facet normal -1 -0 0
    outer loop
      vertex 261.15 -13.4 3
      vertex 261.15 -33.4 7.62939e-07
      vertex 261.15 -33.4 3
    endloop
  endfacet
  facet normal 1 -0 0
    outer loop
      vertex 258.15 -33.4 3
      vertex 258.15 -13.4 7.62939e-07
      vertex 258.15 -13.4 3
    endloop
  endfacet
  facet normal 1 0 0
    outer loop
      vertex 258.15 -13.4 7.62939e-07
      vertex 258.15 -33.4 3
      vertex 258.15 -33.4 7.62939e-07
    endloop
  endfacet
  facet normal 0 1 -0
    outer loop
      vertex 261.15 -33.4 7.62939e-07
      vertex 258.15 -33.4 3
      vertex 261.15 -33.4 3
    endloop
  endfacet
  facet normal 0 1 0
    outer loop
      vertex 258.15 -33.4 3
      vertex 261.15 -33.4 7.62939e-07
      vertex 258.15 -33.4 7.62939e-07
    endloop
  endfacet
  facet normal 0 -1 0
    outer loop
      vertex 258.15 -13.4 7.62939e-07
      vertex 261.15 -13.4 3
      vertex 258.15 -13.4 3
    endloop
  endfacet
  facet normal 0 -1 -0
    outer loop
      vertex 261.15 -13.4 3
      vertex 258.15 -13.4 7.62939e-07
      vertex 261.15 -13.4 7.62939e-07
    endloop
  endfacet
  facet normal -1 0 0
    outer loop
      vertex 261.15 -57.4 7.62939e-07
      vertex 261.15 -37.4 3
      vertex 261.15 -37.4 7.62939e-07
    endloop
  endfacet
  facet normal -1 -0 0
    outer loop
      vertex 261.15 -37.4 3
      vertex 261.15 -57.4 7.62939e-07
      vertex 261.15 -57.4 3
    endloop
  endfacet
  facet normal 1 -0 0
    outer loop
      vertex 258.15 -57.4 3
      vertex 258.15 -37.4 7.62939e-07
      vertex 258.15 -37.4 3
    endloop
  endfacet
  facet normal 1 0 0
    outer loop
      vertex 258.15 -37.4 7.62939e-07
      vertex 258.15 -57.4 3
      vertex 258.15 -57.4 7.62939e-07
    endloop
  endfacet
  facet normal 0 1 -0
    outer loop
      vertex 261.15 -57.4 7.62939e-07
      vertex 258.15 -57.4 3
      vertex 261.15 -57.4 3
    endloop
  endfacet
  facet normal 0 1 0
    outer loop
      vertex 258.15 -57.4 3
      vertex 261.15 -57.4 7.62939e-07
      vertex 258.15 -57.4 7.62939e-07
    endloop
  endfacet
  facet normal 0 -1 0
    outer loop
      vertex 258.15 -37.4 7.62939e-07
      vertex 261.15 -37.4 3
      vertex 258.15 -37.4 3
    endloop
  endfacet
  facet normal 0 -1 -0
    outer loop
      vertex 261.15 -37.4 3
      vertex 258.15 -37.4 7.62939e-07
      vertex 261.15 -37.4 7.62939e-07
    endloop
  endfacet
  facet normal -1 0 0
    outer loop
      vertex 267.15 -33.4 7.62939e-07
      vertex 267.15 -13.4 3
      vertex 267.15 -13.4 7.62939e-07
    endloop
  endfacet
  facet normal -1 -0 0
    outer loop
      vertex 267.15 -13.4 3
      vertex 267.15 -33.4 7.62939e-07
      vertex 267.15 -33.4 3
    endloop
  endfacet
  facet normal 1 -0 0
    outer loop
      vertex 264.15 -33.4 3
      vertex 264.15 -13.4 7.62939e-07
      vertex 264.15 -13.4 3
    endloop
  endfacet
  facet normal 1 0 0
    outer loop
      vertex 264.15 -13.4 7.62939e-07
      vertex 264.15 -33.4 3
      vertex 264.15 -33.4 7.62939e-07
    endloop
  endfacet
  facet normal 0 1 -0
    outer loop
      vertex 267.15 -33.4 7.62939e-07
      vertex 264.15 -33.4 3
      vertex 267.15 -33.4 3
    endloop
  endfacet
  facet normal 0 1 0
    outer loop
      vertex 264.15 -33.4 3
      vertex 267.15 -33.4 7.62939e-07
      vertex 264.15 -33.4 7.62939e-07
    endloop
  endfacet
  facet normal 0 -1 0
    outer loop
      vertex 264.15 -13.4 7.62939e-07
      vertex 267.15 -13.4 3
      vertex 264.15 -13.4 3
    endloop
  endfacet
  facet normal 0 -1 -0
    outer loop
      vertex 267.15 -13.4 3
      vertex 264.15 -13.4 7.62939e-07
      vertex 267.15 -13.4 7.62939e-07
    endloop
  endfacet
  facet normal -1 0 0
    outer loop
      vertex 267.15 -57.4 7.62939e-07
      vertex 267.15 -37.4 3
      vertex 267.15 -37.4 7.62939e-07
    endloop
  endfacet
  facet normal -1 -0 0
    outer loop
      vertex 267.15 -37.4 3
      vertex 267.15 -57.4 7.62939e-07
      vertex 267.15 -57.4 3
    endloop
  endfacet
  facet normal 1 -0 0
    outer loop
      vertex 264.15 -57.4 3
      vertex 264.15 -37.4 7.62939e-07
      vertex 264.15 -37.4 3
    endloop
  endfacet
  facet normal 1 0 0
    outer loop
      vertex 264.15 -37.4 7.62939e-07
      vertex 264.15 -57.4 3
      vertex 264.15 -57.4 7.62939e-07
    endloop
  endfacet
  facet normal 0 1 -0
    outer loop
      vertex 267.15 -57.4 7.62939e-07
      vertex 264.15 -57.4 3
      vertex 267.15 -57.4 3
    endloop
  endfacet
  facet normal 0 1 0
    outer loop
      vertex 264.15 -57.4 3
      vertex 267.15 -57.4 7.62939e-07
      vertex 264.15 -57.4 7.62939e-07
    endloop
  endfacet
  facet normal 0 -1 0
    outer loop
      vertex 264.15 -37.4 7.62939e-07
      vertex 267.15 -37.4 3
      vertex 264.15 -37.4 3
    endloop
  endfacet
  facet normal 0 -1 -0
    outer loop
      vertex 267.15 -37.4 3
      vertex 264.15 -37.4 7.62939e-07
      vertex 267.15 -37.4 7.62939e-07
    endloop
  endfacet
  facet normal -1 0 0
    outer loop
      vertex 273.15 -33.4 7.62939e-07
      vertex 273.15 -13.4 3
      vertex 273.15 -13.4 7.62939e-07
    endloop
  endfacet
  facet normal -1 -0 0
    outer loop
      vertex 273.15 -13.4 3
      vertex 273.15 -33.4 7.62939e-07
      vertex 273.15 -33.4 3
    endloop
  endfacet
  facet normal 1 -0 0
    outer loop
      vertex 270.15 -33.4 3
      vertex 270.15 -13.4 7.62939e-07
      vertex 270.15 -13.4 3
    endloop
  endfacet
  facet normal 1 0 0
    outer loop
      vertex 270.15 -13.4 7.62939e-07
      vertex 270.15 -33.4 3
      vertex 270.15 -33.4 7.62939e-07
    endloop
  endfacet
  facet normal 0 1 -0
    outer loop
      vertex 273.15 -33.4 7.62939e-07
      vertex 270.15 -33.4 3
      vertex 273.15 -33.4 3
    endloop
  endfacet
  facet normal 0 1 0
    outer loop
      vertex 270.15 -33.4 3
      vertex 273.15 -33.4 7.62939e-07
      vertex 270.15 -33.4 7.62939e-07
    endloop
  endfacet
  facet normal 0 -1 0
    outer loop
      vertex 270.15 -13.4 7.62939e-07
      vertex 273.15 -13.4 3
      vertex 270.15 -13.4 3
    endloop
  endfacet
  facet normal 0 -1 -0
    outer loop
      vertex 273.15 -13.4 3
      vertex 270.15 -13.4 7.62939e-07
      vertex 273.15 -13.4 7.62939e-07
    endloop
  endfacet
  facet normal -1 0 0
    outer loop
      vertex 273.15 -57.4 7.62939e-07
      vertex 273.15 -37.4 3
      vertex 273.15 -37.4 7.62939e-07
    endloop
  endfacet
  facet normal -1 -0 0
    outer loop
      vertex 273.15 -37.4 3
      vertex 273.15 -57.4 7.62939e-07
      vertex 273.15 -57.4 3
    endloop
  endfacet
  facet normal 1 -0 0
    outer loop
      vertex 270.15 -57.4 3
      vertex 270.15 -37.4 7.62939e-07
      vertex 270.15 -37.4 3
    endloop
  endfacet
  facet normal 1 0 0
    outer loop
      vertex 270.15 -37.4 7.62939e-07
      vertex 270.15 -57.4 3
      vertex 270.15 -57.4 7.62939e-07
    endloop
  endfacet
  facet normal 0 1 -0
    outer loop
      vertex 273.15 -57.4 7.62939e-07
      vertex 270.15 -57.4 3
      vertex 273.15 -57.4 3
    endloop
  endfacet
  facet normal 0 1 0
    outer loop
      vertex 270.15 -57.4 3
      vertex 273.15 -57.4 7.62939e-07
      vertex 270.15 -57.4 7.62939e-07
    endloop
  endfacet
  facet normal 0 -1 0
    outer loop
      vertex 270.15 -37.4 7.62939e-07
      vertex 273.15 -37.4 3
      vertex 270.15 -37.4 3
    endloop
  endfacet
  facet normal 0 -1 -0
    outer loop
      vertex 273.15 -37.4 3
      vertex 270.15 -37.4 7.62939e-07
      vertex 273.15 -37.4 7.62939e-07
    endloop
  endfacet
  facet normal -1 0 0
    outer loop
      vertex 279.15 -33.4 7.62939e-07
      vertex 279.15 -13.4 3
      vertex 279.15 -13.4 7.62939e-07
    endloop
  endfacet
  facet normal -1 -0 0
    outer loop
      vertex 279.15 -13.4 3
      vertex 279.15 -33.4 7.62939e-07
      vertex 279.15 -33.4 3
    endloop
  endfacet
  facet normal 1 -0 0
    outer loop
      vertex 276.15 -33.4 3
      vertex 276.15 -13.4 7.62939e-07
      vertex 276.15 -13.4 3
    endloop
  endfacet
  facet normal 1 0 0
    outer loop
      vertex 276.15 -13.4 7.62939e-07
      vertex 276.15 -33.4 3
      vertex 276.15 -33.4 7.62939e-07
    endloop
  endfacet
  facet normal 0 1 -0
    outer loop
      vertex 279.15 -33.4 7.62939e-07
      vertex 276.15 -33.4 3
      vertex 279.15 -33.4 3
    endloop
  endfacet
  facet normal 0 1 0
    outer loop
      vertex 276.15 -33.4 3
      vertex 279.15 -33.4 7.62939e-07
      vertex 276.15 -33.4 7.62939e-07
    endloop
  endfacet
  facet normal 0 -1 0
    outer loop
      vertex 276.15 -13.4 7.62939e-07
      vertex 279.15 -13.4 3
      vertex 276.15 -13.4 3
    endloop
  endfacet
  facet normal 0 -1 -0
    outer loop
      vertex 279.15 -13.4 3
      vertex 276.15 -13.4 7.62939e-07
      vertex 279.15 -13.4 7.62939e-07
    endloop
  endfacet
  facet normal -1 0 0
    outer loop
      vertex 279.15 -57.4 7.62939e-07
      vertex 279.15 -37.4 3
      vertex 279.15 -37.4 7.62939e-07
    endloop
  endfacet
  facet normal -1 -0 0
    outer loop
      vertex 279.15 -37.4 3
      vertex 279.15 -57.4 7.62939e-07
      vertex 279.15 -57.4 3
    endloop
  endfacet
  facet normal 1 -0 0
    outer loop
      vertex 276.15 -57.4 3
      vertex 276.15 -37.4 7.62939e-07
      vertex 276.15 -37.4 3
    endloop
  endfacet
  facet normal 1 0 0
    outer loop
      vertex 276.15 -37.4 7.62939e-07
      vertex 276.15 -57.4 3
      vertex 276.15 -57.4 7.62939e-07
    endloop
  endfacet
  facet normal 0 1 -0
    outer loop
      vertex 279.15 -57.4 7.62939e-07
      vertex 276.15 -57.4 3
      vertex 279.15 -57.4 3
    endloop
  endfacet
  facet normal 0 1 0
    outer loop
      vertex 276.15 -57.4 3
      vertex 279.15 -57.4 7.62939e-07
      vertex 276.15 -57.4 7.62939e-07
    endloop
  endfacet
  facet normal 0 -1 0
    outer loop
      vertex 276.15 -37.4 7.62939e-07
      vertex 279.15 -37.4 3
      vertex 276.15 -37.4 3
    endloop
  endfacet
  facet normal 0 -1 -0
    outer loop
      vertex 279.15 -37.4 3
      vertex 276.15 -37.4 7.62939e-07
      vertex 279.15 -37.4 7.62939e-07
    endloop
  endfacet
  facet normal -1 0 0
    outer loop
      vertex 285.15 -33.4 7.62939e-07
      vertex 285.15 -13.4 3
      vertex 285.15 -13.4 7.62939e-07
    endloop
  endfacet
  facet normal -1 -0 0
    outer loop
      vertex 285.15 -13.4 3
      vertex 285.15 -33.4 7.62939e-07
      vertex 285.15 -33.4 3
    endloop
  endfacet
  facet normal 1 -0 0
    outer loop
      vertex 282.15 -33.4 3
      vertex 282.15 -13.4 7.62939e-07
      vertex 282.15 -13.4 3
    endloop
  endfacet
  facet normal 1 0 0
    outer loop
      vertex 282.15 -13.4 7.62939e-07
      vertex 282.15 -33.4 3
      vertex 282.15 -33.4 7.62939e-07
    endloop
  endfacet
  facet normal 0 1 -0
    outer loop
      vertex 285.15 -33.4 7.62939e-07
      vertex 282.15 -33.4 3
      vertex 285.15 -33.4 3
    endloop
  endfacet
  facet normal 0 1 0
    outer loop
      vertex 282.15 -33.4 3
      vertex 285.15 -33.4 7.62939e-07
      vertex 282.15 -33.4 7.62939e-07
    endloop
  endfacet
  facet normal 0 -1 0
    outer loop
      vertex 282.15 -13.4 7.62939e-07
      vertex 285.15 -13.4 3
      vertex 282.15 -13.4 3
    endloop
  endfacet
  facet normal 0 -1 -0
    outer loop
      vertex 285.15 -13.4 3
      vertex 282.15 -13.4 7.62939e-07
      vertex 285.15 -13.4 7.62939e-07
    endloop
  endfacet
  facet normal -1 0 0
    outer loop
      vertex 285.15 -57.4 7.62939e-07
      vertex 285.15 -37.4 3
      vertex 285.15 -37.4 7.62939e-07
    endloop
  endfacet
  facet normal -1 -0 0
    outer loop
      vertex 285.15 -37.4 3
      vertex 285.15 -57.4 7.62939e-07
      vertex 285.15 -57.4 3
    endloop
  endfacet
  facet normal 1 -0 0
    outer loop
      vertex 282.15 -57.4 3
      vertex 282.15 -37.4 7.62939e-07
      vertex 282.15 -37.4 3
    endloop
  endfacet
  facet normal 1 0 0
    outer loop
      vertex 282.15 -37.4 7.62939e-07
      vertex 282.15 -57.4 3
      vertex 282.15 -57.4 7.62939e-07
    endloop
  endfacet
  facet normal 0 1 -0
    outer loop
      vertex 285.15 -57.4 7.62939e-07
      vertex 282.15 -57.4 3
      vertex 285.15 -57.4 3
    endloop
  endfacet
  facet normal 0 1 0
    outer loop
      vertex 282.15 -57.4 3
      vertex 285.15 -57.4 7.62939e-07
      vertex 282.15 -57.4 7.62939e-07
    endloop
  endfacet
  facet normal 0 -1 0
    outer loop
      vertex 282.15 -37.4 7.62939e-07
      vertex 285.15 -37.4 3
      vertex 282.15 -37.4 3
    endloop
  endfacet
  facet normal 0 -1 -0
    outer loop
      vertex 285.15 -37.4 3
      vertex 282.15 -37.4 7.62939e-07
      vertex 285.15 -37.4 7.62939e-07
    endloop
  endfacet
  facet normal 1 -0 0
    outer loop
      vertex 294.15 -81 3
      vertex 294.15 50 7.62939e-07
      vertex 294.15 50 3
    endloop
  endfacet
  facet normal 1 0 0
    outer loop
      vertex 294.15 50 7.62939e-07
      vertex 294.15 -81 3
      vertex 294.15 -81 7.62939e-07
    endloop
  endfacet
  facet normal 0 0 -1
    outer loop
      vertex 138.15 -31.9333 7.62939e-07
      vertex 137.081 -31.9333 7.62939e-07
      vertex 138.15 -13.4 7.62939e-07
    endloop
  endfacet
  facet normal 0 0 -1
    outer loop
      vertex 180.15 -37.4 7.62939e-07
      vertex 183.15 -33.4 7.62939e-07
      vertex 183.15 -37.4 7.62939e-07
    endloop
  endfacet
  facet normal -0 0 -1
    outer loop
      vertex 183.15 -33.4 7.62939e-07
      vertex 180.15 -37.4 7.62939e-07
      vertex 180.15 -33.4 7.62939e-07
    endloop
  endfacet
  facet normal 0 0 -1
    outer loop
      vertex 186.15 -37.4 7.62939e-07
      vertex 189.15 -33.4 7.62939e-07
      vertex 189.15 -37.4 7.62939e-07
    endloop
  endfacet
  facet normal -0 0 -1
    outer loop
      vertex 189.15 -33.4 7.62939e-07
      vertex 186.15 -37.4 7.62939e-07
      vertex 186.15 -33.4 7.62939e-07
    endloop
  endfacet
  facet normal 0 0 -1
    outer loop
      vertex 192.15 -13.4 7.62939e-07
      vertex 193.45 43.3 7.62939e-07
      vertex 195.15 -13.4 7.62939e-07
    endloop
  endfacet
  facet normal 0 0 -1
    outer loop
      vertex 189.15 -33.4 7.62939e-07
      vertex 192.15 -33.4 7.62939e-07
      vertex 189.15 -37.4 7.62939e-07
    endloop
  endfacet
  facet normal 0 0 -1
    outer loop
      vertex 192.15 -33.4 7.62939e-07
      vertex 189.15 -33.4 7.62939e-07
      vertex 192.15 -13.4 7.62939e-07
    endloop
  endfacet
  facet normal 0 0 -1
    outer loop
      vertex 189.15 -13.4 7.62939e-07
      vertex 192.15 -13.4 7.62939e-07
      vertex 189.15 -33.4 7.62939e-07
    endloop
  endfacet
  facet normal 0 0 -1
    outer loop
      vertex 192.15 -13.4 7.62939e-07
      vertex 189.15 -13.4 7.62939e-07
      vertex 193.45 43.3 7.62939e-07
    endloop
  endfacet
  facet normal 0 0 -1
    outer loop
      vertex 182.65 43.3 7.62939e-07
      vertex 189.15 -13.4 7.62939e-07
      vertex 186.15 -13.4 7.62939e-07
    endloop
  endfacet
  facet normal 0 0 -1
    outer loop
      vertex 183.15 -33.4 7.62939e-07
      vertex 186.15 -33.4 7.62939e-07
      vertex 183.15 -37.4 7.62939e-07
    endloop
  endfacet
  facet normal 0 0 -1
    outer loop
      vertex 186.15 -33.4 7.62939e-07
      vertex 183.15 -33.4 7.62939e-07
      vertex 186.15 -13.4 7.62939e-07
    endloop
  endfacet
  facet normal 0 0 -1
    outer loop
      vertex 183.15 -13.4 7.62939e-07
      vertex 186.15 -13.4 7.62939e-07
      vertex 183.15 -33.4 7.62939e-07
    endloop
  endfacet
  facet normal 0 0 -1
    outer loop
      vertex 182.65 43.3 7.62939e-07
      vertex 186.15 -13.4 7.62939e-07
      vertex 183.15 -13.4 7.62939e-07
    endloop
  endfacet
  facet normal 0 0 -1
    outer loop
      vertex 189.15 -13.4 7.62939e-07
      vertex 182.65 43.3 7.62939e-07
      vertex 193.45 43.3 7.62939e-07
    endloop
  endfacet
  facet normal 0 0 -1
    outer loop
      vertex 177.15 -13.4 7.62939e-07
      vertex 182.65 43.3 7.62939e-07
      vertex 180.15 -13.4 7.62939e-07
    endloop
  endfacet
  facet normal 0 0 -1
    outer loop
      vertex 180.15 -13.4 7.62939e-07
      vertex 182.65 43.3 7.62939e-07
      vertex 183.15 -13.4 7.62939e-07
    endloop
  endfacet
  facet normal 0 0 -1
    outer loop
      vertex 192.15 -37.4 7.62939e-07
      vertex 195.15 -33.4 7.62939e-07
      vertex 195.15 -37.4 7.62939e-07
    endloop
  endfacet
  facet normal -0 0 -1
    outer loop
      vertex 195.15 -33.4 7.62939e-07
      vertex 192.15 -37.4 7.62939e-07
      vertex 192.15 -33.4 7.62939e-07
    endloop
  endfacet
  facet normal 0 0 -1
    outer loop
      vertex 198.15 -37.4 7.62939e-07
      vertex 201.15 -33.4 7.62939e-07
      vertex 201.15 -37.4 7.62939e-07
    endloop
  endfacet
  facet normal -0 0 -1
    outer loop
      vertex 201.15 -33.4 7.62939e-07
      vertex 198.15 -37.4 7.62939e-07
      vertex 198.15 -33.4 7.62939e-07
    endloop
  endfacet
  facet normal 0 0 -1
    outer loop
      vertex 204.15 -37.4 7.62939e-07
      vertex 207.15 -33.4 7.62939e-07
      vertex 207.15 -37.4 7.62939e-07
    endloop
  endfacet
  facet normal -0 0 -1
    outer loop
      vertex 207.15 -33.4 7.62939e-07
      vertex 204.15 -37.4 7.62939e-07
      vertex 204.15 -33.4 7.62939e-07
    endloop
  endfacet
  facet normal 0 0 -1
    outer loop
      vertex 210.15 -37.4 7.62939e-07
      vertex 213.15 -33.4 7.62939e-07
      vertex 213.15 -37.4 7.62939e-07
    endloop
  endfacet
  facet normal -0 0 -1
    outer loop
      vertex 213.15 -33.4 7.62939e-07
      vertex 210.15 -37.4 7.62939e-07
      vertex 210.15 -33.4 7.62939e-07
    endloop
  endfacet
  facet normal 0 0 -1
    outer loop
      vertex 216.15 -37.4 7.62939e-07
      vertex 219.15 -33.4 7.62939e-07
      vertex 219.15 -37.4 7.62939e-07
    endloop
  endfacet
  facet normal -0 0 -1
    outer loop
      vertex 219.15 -33.4 7.62939e-07
      vertex 216.15 -37.4 7.62939e-07
      vertex 216.15 -33.4 7.62939e-07
    endloop
  endfacet
  facet normal 0 0 -1
    outer loop
      vertex 222.15 -37.4 7.62939e-07
      vertex 225.15 -33.4 7.62939e-07
      vertex 225.15 -37.4 7.62939e-07
    endloop
  endfacet
  facet normal -0 0 -1
    outer loop
      vertex 225.15 -33.4 7.62939e-07
      vertex 222.15 -37.4 7.62939e-07
      vertex 222.15 -33.4 7.62939e-07
    endloop
  endfacet
  facet normal 0 0 -1
    outer loop
      vertex 228.15 -37.4 7.62939e-07
      vertex 231.15 -33.4 7.62939e-07
      vertex 231.15 -37.4 7.62939e-07
    endloop
  endfacet
  facet normal -0 0 -1
    outer loop
      vertex 231.15 -33.4 7.62939e-07
      vertex 228.15 -37.4 7.62939e-07
      vertex 228.15 -33.4 7.62939e-07
    endloop
  endfacet
  facet normal 0 0 -1
    outer loop
      vertex 234.15 -37.4 7.62939e-07
      vertex 237.15 -33.4 7.62939e-07
      vertex 237.15 -37.4 7.62939e-07
    endloop
  endfacet
  facet normal -0 0 -1
    outer loop
      vertex 237.15 -33.4 7.62939e-07
      vertex 234.15 -37.4 7.62939e-07
      vertex 234.15 -33.4 7.62939e-07
    endloop
  endfacet
  facet normal 0 0 -1
    outer loop
      vertex 240.15 -37.4 7.62939e-07
      vertex 243.15 -33.4 7.62939e-07
      vertex 243.15 -37.4 7.62939e-07
    endloop
  endfacet
  facet normal -0 0 -1
    outer loop
      vertex 243.15 -33.4 7.62939e-07
      vertex 240.15 -37.4 7.62939e-07
      vertex 240.15 -33.4 7.62939e-07
    endloop
  endfacet
  facet normal 0 0 -1
    outer loop
      vertex 246.15 -13.4 7.62939e-07
      vertex 246.5 43.3 7.62939e-07
      vertex 249.15 -13.4 7.62939e-07
    endloop
  endfacet
  facet normal 0 0 -1
    outer loop
      vertex 243.15 -33.4 7.62939e-07
      vertex 246.15 -33.4 7.62939e-07
      vertex 243.15 -37.4 7.62939e-07
    endloop
  endfacet
  facet normal 0 0 -1
    outer loop
      vertex 246.15 -33.4 7.62939e-07
      vertex 243.15 -33.4 7.62939e-07
      vertex 246.15 -13.4 7.62939e-07
    endloop
  endfacet
  facet normal 0 0 -1
    outer loop
      vertex 243.15 -13.4 7.62939e-07
      vertex 246.15 -13.4 7.62939e-07
      vertex 243.15 -33.4 7.62939e-07
    endloop
  endfacet
  facet normal 0 0 -1
    outer loop
      vertex 246.15 -13.4 7.62939e-07
      vertex 243.15 -13.4 7.62939e-07
      vertex 246.5 43.3 7.62939e-07
    endloop
  endfacet
  facet normal 0 0 -1
    outer loop
      vertex 240.15 -13.4 7.62939e-07
      vertex 246.5 43.3 7.62939e-07
      vertex 243.15 -13.4 7.62939e-07
    endloop
  endfacet
  facet normal 0 0 -1
    outer loop
      vertex 237.15 -33.4 7.62939e-07
      vertex 240.15 -33.4 7.62939e-07
      vertex 237.15 -37.4 7.62939e-07
    endloop
  endfacet
  facet normal 0 0 -1
    outer loop
      vertex 240.15 -33.4 7.62939e-07
      vertex 237.15 -33.4 7.62939e-07
      vertex 240.15 -13.4 7.62939e-07
    endloop
  endfacet
  facet normal 0 0 -1
    outer loop
      vertex 237.15 -13.4 7.62939e-07
      vertex 240.15 -13.4 7.62939e-07
      vertex 237.15 -33.4 7.62939e-07
    endloop
  endfacet
  facet normal 0 0 -1
    outer loop
      vertex 235.7 43.3 7.62939e-07
      vertex 240.15 -13.4 7.62939e-07
      vertex 237.15 -13.4 7.62939e-07
    endloop
  endfacet
  facet normal 0 0 -1
    outer loop
      vertex 240.15 -13.4 7.62939e-07
      vertex 235.7 43.3 7.62939e-07
      vertex 246.5 43.3 7.62939e-07
    endloop
  endfacet
  facet normal 0 0 -1
    outer loop
      vertex 231.15 -13.4 7.62939e-07
      vertex 235.7 43.3 7.62939e-07
      vertex 234.15 -13.4 7.62939e-07
    endloop
  endfacet
  facet normal 0 0 -1
    outer loop
      vertex 234.15 -13.4 7.62939e-07
      vertex 235.7 43.3 7.62939e-07
      vertex 237.15 -13.4 7.62939e-07
    endloop
  endfacet
  facet normal 0 0 -1
    outer loop
      vertex 246.15 -37.4 7.62939e-07
      vertex 249.15 -33.4 7.62939e-07
      vertex 249.15 -37.4 7.62939e-07
    endloop
  endfacet
  facet normal -0 0 -1
    outer loop
      vertex 249.15 -33.4 7.62939e-07
      vertex 246.15 -37.4 7.62939e-07
      vertex 246.15 -33.4 7.62939e-07
    endloop
  endfacet
  facet normal 0 0 -1
    outer loop
      vertex 252.15 -37.4 7.62939e-07
      vertex 255.15 -33.4 7.62939e-07
      vertex 255.15 -37.4 7.62939e-07
    endloop
  endfacet
  facet normal -0 0 -1
    outer loop
      vertex 255.15 -33.4 7.62939e-07
      vertex 252.15 -37.4 7.62939e-07
      vertex 252.15 -33.4 7.62939e-07
    endloop
  endfacet
  facet normal 0 0 -1
    outer loop
      vertex 258.15 -37.4 7.62939e-07
      vertex 261.15 -33.4 7.62939e-07
      vertex 261.15 -37.4 7.62939e-07
    endloop
  endfacet
  facet normal -0 0 -1
    outer loop
      vertex 261.15 -33.4 7.62939e-07
      vertex 258.15 -37.4 7.62939e-07
      vertex 258.15 -33.4 7.62939e-07
    endloop
  endfacet
  facet normal 0 0 -1
    outer loop
      vertex 264.15 -37.4 7.62939e-07
      vertex 267.15 -33.4 7.62939e-07
      vertex 267.15 -37.4 7.62939e-07
    endloop
  endfacet
  facet normal -0 0 -1
    outer loop
      vertex 267.15 -33.4 7.62939e-07
      vertex 264.15 -37.4 7.62939e-07
      vertex 264.15 -33.4 7.62939e-07
    endloop
  endfacet
  facet normal 0 0 -1
    outer loop
      vertex 270.15 -37.4 7.62939e-07
      vertex 273.15 -33.4 7.62939e-07
      vertex 273.15 -37.4 7.62939e-07
    endloop
  endfacet
  facet normal -0 0 -1
    outer loop
      vertex 273.15 -33.4 7.62939e-07
      vertex 270.15 -37.4 7.62939e-07
      vertex 270.15 -33.4 7.62939e-07
    endloop
  endfacet
  facet normal 0 0 -1
    outer loop
      vertex 276.15 -37.4 7.62939e-07
      vertex 279.15 -33.4 7.62939e-07
      vertex 279.15 -37.4 7.62939e-07
    endloop
  endfacet
  facet normal -0 0 -1
    outer loop
      vertex 279.15 -33.4 7.62939e-07
      vertex 276.15 -37.4 7.62939e-07
      vertex 276.15 -33.4 7.62939e-07
    endloop
  endfacet
  facet normal 0 0 -1
    outer loop
      vertex 282.15 -37.4 7.62939e-07
      vertex 285.15 -33.4 7.62939e-07
      vertex 285.15 -37.4 7.62939e-07
    endloop
  endfacet
  facet normal -0 0 -1
    outer loop
      vertex 285.15 -33.4 7.62939e-07
      vertex 282.15 -37.4 7.62939e-07
      vertex 282.15 -33.4 7.62939e-07
    endloop
  endfacet
  facet normal 0 0 -1
    outer loop
      vertex 285.15 -37.4 7.62939e-07
      vertex 294.15 -81 7.62939e-07
      vertex 285.15 -57.4 7.62939e-07
    endloop
  endfacet
  facet normal 0 0 -1
    outer loop
      vertex 294.15 -81 7.62939e-07
      vertex 282.15 -57.4 7.62939e-07
      vertex 285.15 -57.4 7.62939e-07
    endloop
  endfacet
  facet normal 0 0 -1
    outer loop
      vertex 279.15 -37.4 7.62939e-07
      vertex 282.15 -37.4 7.62939e-07
      vertex 282.15 -57.4 7.62939e-07
    endloop
  endfacet
  facet normal 0 0 -1
    outer loop
      vertex 282.15 -37.4 7.62939e-07
      vertex 279.15 -37.4 7.62939e-07
      vertex 282.15 -33.4 7.62939e-07
    endloop
  endfacet
  facet normal 0 0 -1
    outer loop
      vertex 279.15 -37.4 7.62939e-07
      vertex 282.15 -57.4 7.62939e-07
      vertex 279.15 -57.4 7.62939e-07
    endloop
  endfacet
  facet normal 0 0 -1
    outer loop
      vertex 294.15 -81 7.62939e-07
      vertex 279.15 -57.4 7.62939e-07
      vertex 282.15 -57.4 7.62939e-07
    endloop
  endfacet
  facet normal 0 0 -1
    outer loop
      vertex 294.15 -81 7.62939e-07
      vertex 276.15 -57.4 7.62939e-07
      vertex 279.15 -57.4 7.62939e-07
    endloop
  endfacet
  facet normal 0 0 -1
    outer loop
      vertex 273.15 -37.4 7.62939e-07
      vertex 276.15 -37.4 7.62939e-07
      vertex 276.15 -57.4 7.62939e-07
    endloop
  endfacet
  facet normal 0 0 -1
    outer loop
      vertex 276.15 -37.4 7.62939e-07
      vertex 273.15 -37.4 7.62939e-07
      vertex 276.15 -33.4 7.62939e-07
    endloop
  endfacet
  facet normal 0 0 -1
    outer loop
      vertex 273.15 -37.4 7.62939e-07
      vertex 276.15 -57.4 7.62939e-07
      vertex 273.15 -57.4 7.62939e-07
    endloop
  endfacet
  facet normal 0 0 -1
    outer loop
      vertex 294.15 -81 7.62939e-07
      vertex 273.15 -57.4 7.62939e-07
      vertex 276.15 -57.4 7.62939e-07
    endloop
  endfacet
  facet normal 0 0 -1
    outer loop
      vertex 294.15 -81 7.62939e-07
      vertex 270.15 -57.4 7.62939e-07
      vertex 273.15 -57.4 7.62939e-07
    endloop
  endfacet
  facet normal 0 0 -1
    outer loop
      vertex 267.15 -37.4 7.62939e-07
      vertex 270.15 -37.4 7.62939e-07
      vertex 270.15 -57.4 7.62939e-07
    endloop
  endfacet
  facet normal 0 0 -1
    outer loop
      vertex 270.15 -37.4 7.62939e-07
      vertex 267.15 -37.4 7.62939e-07
      vertex 270.15 -33.4 7.62939e-07
    endloop
  endfacet
  facet normal 0 0 -1
    outer loop
      vertex 267.15 -37.4 7.62939e-07
      vertex 270.15 -57.4 7.62939e-07
      vertex 267.15 -57.4 7.62939e-07
    endloop
  endfacet
  facet normal 0 0 -1
    outer loop
      vertex 294.15 -81 7.62939e-07
      vertex 267.15 -57.4 7.62939e-07
      vertex 270.15 -57.4 7.62939e-07
    endloop
  endfacet
  facet normal 0 0 -1
    outer loop
      vertex 294.15 -81 7.62939e-07
      vertex 264.15 -57.4 7.62939e-07
      vertex 267.15 -57.4 7.62939e-07
    endloop
  endfacet
  facet normal 0 0 -1
    outer loop
      vertex 261.15 -37.4 7.62939e-07
      vertex 264.15 -37.4 7.62939e-07
      vertex 264.15 -57.4 7.62939e-07
    endloop
  endfacet
  facet normal 0 0 -1
    outer loop
      vertex 264.15 -37.4 7.62939e-07
      vertex 261.15 -37.4 7.62939e-07
      vertex 264.15 -33.4 7.62939e-07
    endloop
  endfacet
  facet normal 0 0 -1
    outer loop
      vertex 261.15 -37.4 7.62939e-07
      vertex 264.15 -57.4 7.62939e-07
      vertex 261.15 -57.4 7.62939e-07
    endloop
  endfacet
  facet normal 0 0 -1
    outer loop
      vertex 294.15 -81 7.62939e-07
      vertex 261.15 -57.4 7.62939e-07
      vertex 264.15 -57.4 7.62939e-07
    endloop
  endfacet
  facet normal 0 0 -1
    outer loop
      vertex 294.15 -81 7.62939e-07
      vertex 258.15 -57.4 7.62939e-07
      vertex 261.15 -57.4 7.62939e-07
    endloop
  endfacet
  facet normal 0 0 -1
    outer loop
      vertex 255.15 -37.4 7.62939e-07
      vertex 258.15 -37.4 7.62939e-07
      vertex 258.15 -57.4 7.62939e-07
    endloop
  endfacet
  facet normal 0 0 -1
    outer loop
      vertex 258.15 -37.4 7.62939e-07
      vertex 255.15 -37.4 7.62939e-07
      vertex 258.15 -33.4 7.62939e-07
    endloop
  endfacet
  facet normal 0 0 -1
    outer loop
      vertex 255.15 -37.4 7.62939e-07
      vertex 258.15 -57.4 7.62939e-07
      vertex 255.15 -57.4 7.62939e-07
    endloop
  endfacet
  facet normal 0 0 -1
    outer loop
      vertex 294.15 -81 7.62939e-07
      vertex 255.15 -57.4 7.62939e-07
      vertex 258.15 -57.4 7.62939e-07
    endloop
  endfacet
  facet normal 0 0 -1
    outer loop
      vertex 294.15 -81 7.62939e-07
      vertex 252.15 -57.4 7.62939e-07
      vertex 255.15 -57.4 7.62939e-07
    endloop
  endfacet
  facet normal 0 0 -1
    outer loop
      vertex 249.15 -37.4 7.62939e-07
      vertex 252.15 -37.4 7.62939e-07
      vertex 252.15 -57.4 7.62939e-07
    endloop
  endfacet
  facet normal 0 0 -1
    outer loop
      vertex 252.15 -37.4 7.62939e-07
      vertex 249.15 -37.4 7.62939e-07
      vertex 252.15 -33.4 7.62939e-07
    endloop
  endfacet
  facet normal 0 0 -1
    outer loop
      vertex 249.15 -37.4 7.62939e-07
      vertex 252.15 -57.4 7.62939e-07
      vertex 249.15 -57.4 7.62939e-07
    endloop
  endfacet
  facet normal 0 0 -1
    outer loop
      vertex 294.15 -81 7.62939e-07
      vertex 249.15 -57.4 7.62939e-07
      vertex 252.15 -57.4 7.62939e-07
    endloop
  endfacet
  facet normal 0 0 -1
    outer loop
      vertex 294.15 -81 7.62939e-07
      vertex 246.15 -57.4 7.62939e-07
      vertex 249.15 -57.4 7.62939e-07
    endloop
  endfacet
  facet normal 0 0 -1
    outer loop
      vertex 243.15 -57.4 7.62939e-07
      vertex 246.15 -37.4 7.62939e-07
      vertex 246.15 -57.4 7.62939e-07
    endloop
  endfacet
  facet normal 0 0 -1
    outer loop
      vertex 243.15 -37.4 7.62939e-07
      vertex 246.15 -37.4 7.62939e-07
      vertex 243.15 -57.4 7.62939e-07
    endloop
  endfacet
  facet normal 0 0 -1
    outer loop
      vertex 246.15 -37.4 7.62939e-07
      vertex 243.15 -37.4 7.62939e-07
      vertex 246.15 -33.4 7.62939e-07
    endloop
  endfacet
  facet normal 0 0 -1
    outer loop
      vertex 294.15 -81 7.62939e-07
      vertex 243.15 -57.4 7.62939e-07
      vertex 246.15 -57.4 7.62939e-07
    endloop
  endfacet
  facet normal 0 0 -1
    outer loop
      vertex 294.15 -81 7.62939e-07
      vertex 240.15 -57.4 7.62939e-07
      vertex 243.15 -57.4 7.62939e-07
    endloop
  endfacet
  facet normal 0 0 -1
    outer loop
      vertex 237.15 -57.4 7.62939e-07
      vertex 240.15 -37.4 7.62939e-07
      vertex 240.15 -57.4 7.62939e-07
    endloop
  endfacet
  facet normal 0 0 -1
    outer loop
      vertex 237.15 -37.4 7.62939e-07
      vertex 240.15 -37.4 7.62939e-07
      vertex 237.15 -57.4 7.62939e-07
    endloop
  endfacet
  facet normal 0 0 -1
    outer loop
      vertex 240.15 -37.4 7.62939e-07
      vertex 237.15 -37.4 7.62939e-07
      vertex 240.15 -33.4 7.62939e-07
    endloop
  endfacet
  facet normal 0 0 -1
    outer loop
      vertex 294.15 -81 7.62939e-07
      vertex 237.15 -57.4 7.62939e-07
      vertex 240.15 -57.4 7.62939e-07
    endloop
  endfacet
  facet normal 0 0 -1
    outer loop
      vertex 294.15 -81 7.62939e-07
      vertex 234.15 -57.4 7.62939e-07
      vertex 237.15 -57.4 7.62939e-07
    endloop
  endfacet
  facet normal 0 0 -1
    outer loop
      vertex 231.15 -37.4 7.62939e-07
      vertex 234.15 -37.4 7.62939e-07
      vertex 234.15 -57.4 7.62939e-07
    endloop
  endfacet
  facet normal 0 0 -1
    outer loop
      vertex 234.15 -37.4 7.62939e-07
      vertex 231.15 -37.4 7.62939e-07
      vertex 234.15 -33.4 7.62939e-07
    endloop
  endfacet
  facet normal 0 0 -1
    outer loop
      vertex 231.15 -37.4 7.62939e-07
      vertex 234.15 -57.4 7.62939e-07
      vertex 231.15 -57.4 7.62939e-07
    endloop
  endfacet
  facet normal 0 0 -1
    outer loop
      vertex 294.15 -81 7.62939e-07
      vertex 231.15 -57.4 7.62939e-07
      vertex 234.15 -57.4 7.62939e-07
    endloop
  endfacet
  facet normal 0 0 -1
    outer loop
      vertex 294.15 -81 7.62939e-07
      vertex 228.15 -57.4 7.62939e-07
      vertex 231.15 -57.4 7.62939e-07
    endloop
  endfacet
  facet normal 0 0 -1
    outer loop
      vertex 225.15 -37.4 7.62939e-07
      vertex 228.15 -37.4 7.62939e-07
      vertex 228.15 -57.4 7.62939e-07
    endloop
  endfacet
  facet normal 0 0 -1
    outer loop
      vertex 228.15 -37.4 7.62939e-07
      vertex 225.15 -37.4 7.62939e-07
      vertex 228.15 -33.4 7.62939e-07
    endloop
  endfacet
  facet normal 0 0 -1
    outer loop
      vertex 225.15 -37.4 7.62939e-07
      vertex 228.15 -57.4 7.62939e-07
      vertex 225.15 -57.4 7.62939e-07
    endloop
  endfacet
  facet normal 0 0 -1
    outer loop
      vertex 294.15 -81 7.62939e-07
      vertex 225.15 -57.4 7.62939e-07
      vertex 228.15 -57.4 7.62939e-07
    endloop
  endfacet
  facet normal 0 0 -1
    outer loop
      vertex 294.15 -81 7.62939e-07
      vertex 222.15 -57.4 7.62939e-07
      vertex 225.15 -57.4 7.62939e-07
    endloop
  endfacet
  facet normal 0 0 -1
    outer loop
      vertex 219.15 -37.4 7.62939e-07
      vertex 222.15 -37.4 7.62939e-07
      vertex 222.15 -57.4 7.62939e-07
    endloop
  endfacet
  facet normal 0 0 -1
    outer loop
      vertex 222.15 -37.4 7.62939e-07
      vertex 219.15 -37.4 7.62939e-07
      vertex 222.15 -33.4 7.62939e-07
    endloop
  endfacet
  facet normal 0 0 -1
    outer loop
      vertex 219.15 -37.4 7.62939e-07
      vertex 222.15 -57.4 7.62939e-07
      vertex 219.15 -57.4 7.62939e-07
    endloop
  endfacet
  facet normal 0 0 -1
    outer loop
      vertex 294.15 -81 7.62939e-07
      vertex 219.15 -57.4 7.62939e-07
      vertex 222.15 -57.4 7.62939e-07
    endloop
  endfacet
  facet normal 0 0 -1
    outer loop
      vertex 294.15 -81 7.62939e-07
      vertex 216.15 -57.4 7.62939e-07
      vertex 219.15 -57.4 7.62939e-07
    endloop
  endfacet
  facet normal 0 0 -1
    outer loop
      vertex 213.15 -37.4 7.62939e-07
      vertex 216.15 -37.4 7.62939e-07
      vertex 216.15 -57.4 7.62939e-07
    endloop
  endfacet
  facet normal 0 0 -1
    outer loop
      vertex 216.15 -37.4 7.62939e-07
      vertex 213.15 -37.4 7.62939e-07
      vertex 216.15 -33.4 7.62939e-07
    endloop
  endfacet
  facet normal 0 0 -1
    outer loop
      vertex 213.15 -37.4 7.62939e-07
      vertex 216.15 -57.4 7.62939e-07
      vertex 213.15 -57.4 7.62939e-07
    endloop
  endfacet
  facet normal 0 0 -1
    outer loop
      vertex 294.15 -81 7.62939e-07
      vertex 213.15 -57.4 7.62939e-07
      vertex 216.15 -57.4 7.62939e-07
    endloop
  endfacet
  facet normal 0 0 -1
    outer loop
      vertex 135 -81 7.62939e-07
      vertex 213.15 -57.4 7.62939e-07
      vertex 294.15 -81 7.62939e-07
    endloop
  endfacet
  facet normal 0 0 -1
    outer loop
      vertex 207.15 -37.4 7.62939e-07
      vertex 210.15 -37.4 7.62939e-07
      vertex 210.15 -57.4 7.62939e-07
    endloop
  endfacet
  facet normal 0 0 -1
    outer loop
      vertex 210.15 -37.4 7.62939e-07
      vertex 207.15 -37.4 7.62939e-07
      vertex 210.15 -33.4 7.62939e-07
    endloop
  endfacet
  facet normal 0 0 -1
    outer loop
      vertex 207.15 -37.4 7.62939e-07
      vertex 210.15 -57.4 7.62939e-07
      vertex 207.15 -57.4 7.62939e-07
    endloop
  endfacet
  facet normal -0 0 -1
    outer loop
      vertex 213.15 -57.4 7.62939e-07
      vertex 135 -81 7.62939e-07
      vertex 210.15 -57.4 7.62939e-07
    endloop
  endfacet
  facet normal -0 0 -1
    outer loop
      vertex 210.15 -57.4 7.62939e-07
      vertex 135 -81 7.62939e-07
      vertex 207.15 -57.4 7.62939e-07
    endloop
  endfacet
  facet normal 0 0 -1
    outer loop
      vertex 201.15 -37.4 7.62939e-07
      vertex 204.15 -37.4 7.62939e-07
      vertex 204.15 -57.4 7.62939e-07
    endloop
  endfacet
  facet normal 0 0 -1
    outer loop
      vertex 204.15 -37.4 7.62939e-07
      vertex 201.15 -37.4 7.62939e-07
      vertex 204.15 -33.4 7.62939e-07
    endloop
  endfacet
  facet normal 0 0 -1
    outer loop
      vertex 201.15 -37.4 7.62939e-07
      vertex 204.15 -57.4 7.62939e-07
      vertex 201.15 -57.4 7.62939e-07
    endloop
  endfacet
  facet normal -0 0 -1
    outer loop
      vertex 207.15 -57.4 7.62939e-07
      vertex 135 -81 7.62939e-07
      vertex 204.15 -57.4 7.62939e-07
    endloop
  endfacet
  facet normal -0 0 -1
    outer loop
      vertex 204.15 -57.4 7.62939e-07
      vertex 135 -81 7.62939e-07
      vertex 201.15 -57.4 7.62939e-07
    endloop
  endfacet
  facet normal 0 0 -1
    outer loop
      vertex 195.15 -37.4 7.62939e-07
      vertex 198.15 -37.4 7.62939e-07
      vertex 198.15 -57.4 7.62939e-07
    endloop
  endfacet
  facet normal 0 0 -1
    outer loop
      vertex 198.15 -37.4 7.62939e-07
      vertex 195.15 -37.4 7.62939e-07
      vertex 198.15 -33.4 7.62939e-07
    endloop
  endfacet
  facet normal 0 0 -1
    outer loop
      vertex 195.15 -37.4 7.62939e-07
      vertex 198.15 -57.4 7.62939e-07
      vertex 195.15 -57.4 7.62939e-07
    endloop
  endfacet
  facet normal -0 0 -1
    outer loop
      vertex 201.15 -57.4 7.62939e-07
      vertex 135 -81 7.62939e-07
      vertex 198.15 -57.4 7.62939e-07
    endloop
  endfacet
  facet normal -0 0 -1
    outer loop
      vertex 198.15 -57.4 7.62939e-07
      vertex 135 -81 7.62939e-07
      vertex 195.15 -57.4 7.62939e-07
    endloop
  endfacet
  facet normal 0 0 -1
    outer loop
      vertex 189.15 -57.4 7.62939e-07
      vertex 192.15 -37.4 7.62939e-07
      vertex 192.15 -57.4 7.62939e-07
    endloop
  endfacet
  facet normal 0 0 -1
    outer loop
      vertex 189.15 -37.4 7.62939e-07
      vertex 192.15 -37.4 7.62939e-07
      vertex 189.15 -57.4 7.62939e-07
    endloop
  endfacet
  facet normal 0 0 -1
    outer loop
      vertex 192.15 -37.4 7.62939e-07
      vertex 189.15 -37.4 7.62939e-07
      vertex 192.15 -33.4 7.62939e-07
    endloop
  endfacet
  facet normal -0 0 -1
    outer loop
      vertex 195.15 -57.4 7.62939e-07
      vertex 135 -81 7.62939e-07
      vertex 192.15 -57.4 7.62939e-07
    endloop
  endfacet
  facet normal -0 0 -1
    outer loop
      vertex 192.15 -57.4 7.62939e-07
      vertex 135 -81 7.62939e-07
      vertex 189.15 -57.4 7.62939e-07
    endloop
  endfacet
  facet normal 0 0 -1
    outer loop
      vertex 183.15 -57.4 7.62939e-07
      vertex 186.15 -37.4 7.62939e-07
      vertex 186.15 -57.4 7.62939e-07
    endloop
  endfacet
  facet normal 0 0 -1
    outer loop
      vertex 183.15 -37.4 7.62939e-07
      vertex 186.15 -37.4 7.62939e-07
      vertex 183.15 -57.4 7.62939e-07
    endloop
  endfacet
  facet normal 0 0 -1
    outer loop
      vertex 186.15 -37.4 7.62939e-07
      vertex 183.15 -37.4 7.62939e-07
      vertex 186.15 -33.4 7.62939e-07
    endloop
  endfacet
  facet normal -0 0 -1
    outer loop
      vertex 189.15 -57.4 7.62939e-07
      vertex 135 -81 7.62939e-07
      vertex 186.15 -57.4 7.62939e-07
    endloop
  endfacet
  facet normal -0 0 -1
    outer loop
      vertex 186.15 -57.4 7.62939e-07
      vertex 135 -81 7.62939e-07
      vertex 183.15 -57.4 7.62939e-07
    endloop
  endfacet
  facet normal 0 0 -1
    outer loop
      vertex 177.15 -37.4 7.62939e-07
      vertex 180.15 -37.4 7.62939e-07
      vertex 180.15 -57.4 7.62939e-07
    endloop
  endfacet
  facet normal 0 0 -1
    outer loop
      vertex 180.15 -37.4 7.62939e-07
      vertex 177.15 -37.4 7.62939e-07
      vertex 180.15 -33.4 7.62939e-07
    endloop
  endfacet
  facet normal 0 0 -1
    outer loop
      vertex 177.15 -37.4 7.62939e-07
      vertex 180.15 -57.4 7.62939e-07
      vertex 177.15 -57.4 7.62939e-07
    endloop
  endfacet
  facet normal -0 0 -1
    outer loop
      vertex 183.15 -57.4 7.62939e-07
      vertex 135 -81 7.62939e-07
      vertex 180.15 -57.4 7.62939e-07
    endloop
  endfacet
  facet normal -0 0 -1
    outer loop
      vertex 180.15 -57.4 7.62939e-07
      vertex 135 -81 7.62939e-07
      vertex 177.15 -57.4 7.62939e-07
    endloop
  endfacet
  facet normal 0 0 -1
    outer loop
      vertex 171.15 -37.4 7.62939e-07
      vertex 174.15 -37.4 7.62939e-07
      vertex 174.15 -57.4 7.62939e-07
    endloop
  endfacet
  facet normal 0 0 -1
    outer loop
      vertex 174.15 -37.4 7.62939e-07
      vertex 171.15 -37.4 7.62939e-07
      vertex 174.15 -33.4 7.62939e-07
    endloop
  endfacet
  facet normal 0 0 -1
    outer loop
      vertex 171.15 -37.4 7.62939e-07
      vertex 174.15 -57.4 7.62939e-07
      vertex 171.15 -57.4 7.62939e-07
    endloop
  endfacet
  facet normal -0 0 -1
    outer loop
      vertex 177.15 -57.4 7.62939e-07
      vertex 135 -81 7.62939e-07
      vertex 174.15 -57.4 7.62939e-07
    endloop
  endfacet
  facet normal -0 0 -1
    outer loop
      vertex 174.15 -57.4 7.62939e-07
      vertex 135 -81 7.62939e-07
      vertex 171.15 -57.4 7.62939e-07
    endloop
  endfacet
  facet normal 0 0 -1
    outer loop
      vertex 165.15 -37.4 7.62939e-07
      vertex 168.15 -37.4 7.62939e-07
      vertex 168.15 -57.4 7.62939e-07
    endloop
  endfacet
  facet normal 0 0 -1
    outer loop
      vertex 168.15 -37.4 7.62939e-07
      vertex 165.15 -37.4 7.62939e-07
      vertex 168.15 -33.4 7.62939e-07
    endloop
  endfacet
  facet normal 0 0 -1
    outer loop
      vertex 165.15 -37.4 7.62939e-07
      vertex 168.15 -57.4 7.62939e-07
      vertex 165.15 -57.4 7.62939e-07
    endloop
  endfacet
  facet normal -0 0 -1
    outer loop
      vertex 171.15 -57.4 7.62939e-07
      vertex 135 -81 7.62939e-07
      vertex 168.15 -57.4 7.62939e-07
    endloop
  endfacet
  facet normal -0 0 -1
    outer loop
      vertex 168.15 -57.4 7.62939e-07
      vertex 135 -81 7.62939e-07
      vertex 165.15 -57.4 7.62939e-07
    endloop
  endfacet
  facet normal 0 0 -1
    outer loop
      vertex 159.15 -37.4 7.62939e-07
      vertex 162.15 -37.4 7.62939e-07
      vertex 162.15 -57.4 7.62939e-07
    endloop
  endfacet
  facet normal 0 0 -1
    outer loop
      vertex 162.15 -37.4 7.62939e-07
      vertex 159.15 -37.4 7.62939e-07
      vertex 162.15 -33.4 7.62939e-07
    endloop
  endfacet
  facet normal 0 0 -1
    outer loop
      vertex 159.15 -37.4 7.62939e-07
      vertex 162.15 -57.4 7.62939e-07
      vertex 159.15 -57.4 7.62939e-07
    endloop
  endfacet
  facet normal -0 0 -1
    outer loop
      vertex 165.15 -57.4 7.62939e-07
      vertex 135 -81 7.62939e-07
      vertex 162.15 -57.4 7.62939e-07
    endloop
  endfacet
  facet normal -0 0 -1
    outer loop
      vertex 162.15 -57.4 7.62939e-07
      vertex 135 -81 7.62939e-07
      vertex 159.15 -57.4 7.62939e-07
    endloop
  endfacet
  facet normal 0 0 -1
    outer loop
      vertex 153.15 -37.4 7.62939e-07
      vertex 156.15 -37.4 7.62939e-07
      vertex 156.15 -57.4 7.62939e-07
    endloop
  endfacet
  facet normal 0 0 -1
    outer loop
      vertex 156.15 -37.4 7.62939e-07
      vertex 153.15 -37.4 7.62939e-07
      vertex 156.15 -33.4 7.62939e-07
    endloop
  endfacet
  facet normal 0 0 -1
    outer loop
      vertex 153.15 -37.4 7.62939e-07
      vertex 156.15 -57.4 7.62939e-07
      vertex 153.15 -57.4 7.62939e-07
    endloop
  endfacet
  facet normal -0 0 -1
    outer loop
      vertex 159.15 -57.4 7.62939e-07
      vertex 135 -81 7.62939e-07
      vertex 156.15 -57.4 7.62939e-07
    endloop
  endfacet
  facet normal -0 0 -1
    outer loop
      vertex 156.15 -57.4 7.62939e-07
      vertex 135 -81 7.62939e-07
      vertex 153.15 -57.4 7.62939e-07
    endloop
  endfacet
  facet normal 0 0 -1
    outer loop
      vertex 147.15 -37.4 7.62939e-07
      vertex 150.15 -37.4 7.62939e-07
      vertex 150.15 -57.4 7.62939e-07
    endloop
  endfacet
  facet normal 0 0 -1
    outer loop
      vertex 150.15 -37.4 7.62939e-07
      vertex 147.15 -37.4 7.62939e-07
      vertex 150.15 -33.4 7.62939e-07
    endloop
  endfacet
  facet normal 0 0 -1
    outer loop
      vertex 147.15 -37.4 7.62939e-07
      vertex 150.15 -57.4 7.62939e-07
      vertex 147.15 -57.4 7.62939e-07
    endloop
  endfacet
  facet normal -0 0 -1
    outer loop
      vertex 153.15 -57.4 7.62939e-07
      vertex 135 -81 7.62939e-07
      vertex 150.15 -57.4 7.62939e-07
    endloop
  endfacet
  facet normal -0 0 -1
    outer loop
      vertex 150.15 -57.4 7.62939e-07
      vertex 135 -81 7.62939e-07
      vertex 147.15 -57.4 7.62939e-07
    endloop
  endfacet
  facet normal 0 0 -1
    outer loop
      vertex 141.7 -42.7333 7.62939e-07
      vertex 144.15 -37.4 7.62939e-07
      vertex 144.15 -57.4 7.62939e-07
    endloop
  endfacet
  facet normal 0 0 -1
    outer loop
      vertex 141.7 -31.9333 7.62939e-07
      vertex 144.15 -37.4 7.62939e-07
      vertex 141.7 -42.7333 7.62939e-07
    endloop
  endfacet
  facet normal 0 0 -1
    outer loop
      vertex 144.15 -37.4 7.62939e-07
      vertex 141.7 -31.9333 7.62939e-07
      vertex 144.15 -33.4 7.62939e-07
    endloop
  endfacet
  facet normal 0 0 -1
    outer loop
      vertex 144.15 -57.4 7.62939e-07
      vertex 141.15 -57.4 7.62939e-07
      vertex 141.7 -42.7333 7.62939e-07
    endloop
  endfacet
  facet normal -0 0 -1
    outer loop
      vertex 147.15 -57.4 7.62939e-07
      vertex 135 -81 7.62939e-07
      vertex 144.15 -57.4 7.62939e-07
    endloop
  endfacet
  facet normal -0 0 -1
    outer loop
      vertex 144.15 -57.4 7.62939e-07
      vertex 135 -81 7.62939e-07
      vertex 141.15 -57.4 7.62939e-07
    endloop
  endfacet
  facet normal 0 0 -1
    outer loop
      vertex 138.15 -57.4 7.62939e-07
      vertex 137.081 -42.7333 7.62939e-07
      vertex 138.15 -42.7333 7.62939e-07
    endloop
  endfacet
  facet normal 0 0 -1
    outer loop
      vertex 135.15 -57.4 7.62939e-07
      vertex 137.081 -42.7333 7.62939e-07
      vertex 138.15 -57.4 7.62939e-07
    endloop
  endfacet
  facet normal 0 0 -1
    outer loop
      vertex 135.15 -40.5333 7.62939e-07
      vertex 137.081 -42.7333 7.62939e-07
      vertex 135.15 -57.4 7.62939e-07
    endloop
  endfacet
  facet normal -0 0 -1
    outer loop
      vertex 141.15 -57.4 7.62939e-07
      vertex 135 -81 7.62939e-07
      vertex 138.15 -57.4 7.62939e-07
    endloop
  endfacet
  facet normal -0 0 -1
    outer loop
      vertex 138.15 -57.4 7.62939e-07
      vertex 135 -81 7.62939e-07
      vertex 135.15 -57.4 7.62939e-07
    endloop
  endfacet
  facet normal -0 0 -1
    outer loop
      vertex 135.15 -57.4 7.62939e-07
      vertex 135 -81 7.62939e-07
      vertex 135 -57.4 7.62939e-07
    endloop
  endfacet
  facet normal 0 0 -1
    outer loop
      vertex 285.15 -33.4 7.62939e-07
      vertex 294.15 -81 7.62939e-07
      vertex 285.15 -37.4 7.62939e-07
    endloop
  endfacet
  facet normal 0 0 -1
    outer loop
      vertex 285.15 -13.4 7.62939e-07
      vertex 294.15 -81 7.62939e-07
      vertex 285.15 -33.4 7.62939e-07
    endloop
  endfacet
  facet normal 0 0 -1
    outer loop
      vertex 294.15 -81 7.62939e-07
      vertex 285.15 -13.4 7.62939e-07
      vertex 294.15 50 7.62939e-07
    endloop
  endfacet
  facet normal 0 0 -1
    outer loop
      vertex 282.15 -13.4 7.62939e-07
      vertex 294.15 50 7.62939e-07
      vertex 285.15 -13.4 7.62939e-07
    endloop
  endfacet
  facet normal 0 0 -1
    outer loop
      vertex 279.15 -33.4 7.62939e-07
      vertex 282.15 -33.4 7.62939e-07
      vertex 279.15 -37.4 7.62939e-07
    endloop
  endfacet
  facet normal 0 0 -1
    outer loop
      vertex 282.15 -33.4 7.62939e-07
      vertex 279.15 -33.4 7.62939e-07
      vertex 282.15 -13.4 7.62939e-07
    endloop
  endfacet
  facet normal 0 0 -1
    outer loop
      vertex 279.15 -13.4 7.62939e-07
      vertex 282.15 -13.4 7.62939e-07
      vertex 279.15 -33.4 7.62939e-07
    endloop
  endfacet
  facet normal 0 0 -1
    outer loop
      vertex 279.15 -13.4 7.62939e-07
      vertex 294.15 50 7.62939e-07
      vertex 282.15 -13.4 7.62939e-07
    endloop
  endfacet
  facet normal 0 0 -1
    outer loop
      vertex 276.15 -13.4 7.62939e-07
      vertex 294.15 50 7.62939e-07
      vertex 279.15 -13.4 7.62939e-07
    endloop
  endfacet
  facet normal 0 0 -1
    outer loop
      vertex 273.15 -33.4 7.62939e-07
      vertex 276.15 -33.4 7.62939e-07
      vertex 273.15 -37.4 7.62939e-07
    endloop
  endfacet
  facet normal 0 0 -1
    outer loop
      vertex 276.15 -33.4 7.62939e-07
      vertex 273.15 -33.4 7.62939e-07
      vertex 276.15 -13.4 7.62939e-07
    endloop
  endfacet
  facet normal 0 0 -1
    outer loop
      vertex 273.15 -13.4 7.62939e-07
      vertex 276.15 -13.4 7.62939e-07
      vertex 273.15 -33.4 7.62939e-07
    endloop
  endfacet
  facet normal 0 0 -1
    outer loop
      vertex 273.15 -13.4 7.62939e-07
      vertex 294.15 50 7.62939e-07
      vertex 276.15 -13.4 7.62939e-07
    endloop
  endfacet
  facet normal 0 0 -1
    outer loop
      vertex 246.5 43.3 7.62939e-07
      vertex 273.15 -13.4 7.62939e-07
      vertex 270.15 -13.4 7.62939e-07
    endloop
  endfacet
  facet normal 0 0 -1
    outer loop
      vertex 267.15 -33.4 7.62939e-07
      vertex 270.15 -33.4 7.62939e-07
      vertex 267.15 -37.4 7.62939e-07
    endloop
  endfacet
  facet normal 0 0 -1
    outer loop
      vertex 270.15 -33.4 7.62939e-07
      vertex 267.15 -33.4 7.62939e-07
      vertex 270.15 -13.4 7.62939e-07
    endloop
  endfacet
  facet normal 0 0 -1
    outer loop
      vertex 267.15 -13.4 7.62939e-07
      vertex 270.15 -13.4 7.62939e-07
      vertex 267.15 -33.4 7.62939e-07
    endloop
  endfacet
  facet normal 0 0 -1
    outer loop
      vertex 246.5 43.3 7.62939e-07
      vertex 270.15 -13.4 7.62939e-07
      vertex 267.15 -13.4 7.62939e-07
    endloop
  endfacet
  facet normal 0 0 -1
    outer loop
      vertex 246.5 43.3 7.62939e-07
      vertex 267.15 -13.4 7.62939e-07
      vertex 264.15 -13.4 7.62939e-07
    endloop
  endfacet
  facet normal 0 0 -1
    outer loop
      vertex 261.15 -33.4 7.62939e-07
      vertex 264.15 -33.4 7.62939e-07
      vertex 261.15 -37.4 7.62939e-07
    endloop
  endfacet
  facet normal 0 0 -1
    outer loop
      vertex 264.15 -33.4 7.62939e-07
      vertex 261.15 -33.4 7.62939e-07
      vertex 264.15 -13.4 7.62939e-07
    endloop
  endfacet
  facet normal 0 0 -1
    outer loop
      vertex 261.15 -13.4 7.62939e-07
      vertex 264.15 -13.4 7.62939e-07
      vertex 261.15 -33.4 7.62939e-07
    endloop
  endfacet
  facet normal 0 0 -1
    outer loop
      vertex 246.5 43.3 7.62939e-07
      vertex 264.15 -13.4 7.62939e-07
      vertex 261.15 -13.4 7.62939e-07
    endloop
  endfacet
  facet normal 0 0 -1
    outer loop
      vertex 246.5 43.3 7.62939e-07
      vertex 261.15 -13.4 7.62939e-07
      vertex 258.15 -13.4 7.62939e-07
    endloop
  endfacet
  facet normal 0 0 -1
    outer loop
      vertex 255.15 -33.4 7.62939e-07
      vertex 258.15 -33.4 7.62939e-07
      vertex 255.15 -37.4 7.62939e-07
    endloop
  endfacet
  facet normal 0 0 -1
    outer loop
      vertex 258.15 -33.4 7.62939e-07
      vertex 255.15 -33.4 7.62939e-07
      vertex 258.15 -13.4 7.62939e-07
    endloop
  endfacet
  facet normal 0 0 -1
    outer loop
      vertex 255.15 -13.4 7.62939e-07
      vertex 258.15 -13.4 7.62939e-07
      vertex 255.15 -33.4 7.62939e-07
    endloop
  endfacet
  facet normal 0 0 -1
    outer loop
      vertex 246.5 43.3 7.62939e-07
      vertex 258.15 -13.4 7.62939e-07
      vertex 255.15 -13.4 7.62939e-07
    endloop
  endfacet
  facet normal 0 0 -1
    outer loop
      vertex 246.5 43.3 7.62939e-07
      vertex 255.15 -13.4 7.62939e-07
      vertex 252.15 -13.4 7.62939e-07
    endloop
  endfacet
  facet normal 0 0 -1
    outer loop
      vertex 249.15 -33.4 7.62939e-07
      vertex 252.15 -33.4 7.62939e-07
      vertex 249.15 -37.4 7.62939e-07
    endloop
  endfacet
  facet normal 0 0 -1
    outer loop
      vertex 252.15 -33.4 7.62939e-07
      vertex 249.15 -33.4 7.62939e-07
      vertex 252.15 -13.4 7.62939e-07
    endloop
  endfacet
  facet normal 0 0 -1
    outer loop
      vertex 249.15 -13.4 7.62939e-07
      vertex 252.15 -13.4 7.62939e-07
      vertex 249.15 -33.4 7.62939e-07
    endloop
  endfacet
  facet normal 0 0 -1
    outer loop
      vertex 246.5 43.3 7.62939e-07
      vertex 252.15 -13.4 7.62939e-07
      vertex 249.15 -13.4 7.62939e-07
    endloop
  endfacet
  facet normal 0 0 -1
    outer loop
      vertex 273.15 -13.4 7.62939e-07
      vertex 246.5 43.3 7.62939e-07
      vertex 294.15 50 7.62939e-07
    endloop
  endfacet
  facet normal 0 0 -1
    outer loop
      vertex 246.5 47.9187 7.62939e-07
      vertex 294.15 50 7.62939e-07
      vertex 246.5 43.3 7.62939e-07
    endloop
  endfacet
  facet normal 0 0 -1
    outer loop
      vertex 244.3 50 7.62939e-07
      vertex 246.5 47.9187 7.62939e-07
      vertex 244.3 49.1187 7.62939e-07
    endloop
  endfacet
  facet normal 0 0 -1
    outer loop
      vertex 246.5 47.9187 7.62939e-07
      vertex 244.3 50 7.62939e-07
      vertex 294.15 50 7.62939e-07
    endloop
  endfacet
  facet normal 0 0 -1
    outer loop
      vertex 235.7 47.9187 7.62939e-07
      vertex 237.9 50 7.62939e-07
      vertex 237.9 49.1187 7.62939e-07
    endloop
  endfacet
  facet normal 0 0 -1
    outer loop
      vertex 231.15 -33.4 7.62939e-07
      vertex 234.15 -33.4 7.62939e-07
      vertex 231.15 -37.4 7.62939e-07
    endloop
  endfacet
  facet normal 0 0 -1
    outer loop
      vertex 234.15 -33.4 7.62939e-07
      vertex 231.15 -33.4 7.62939e-07
      vertex 234.15 -13.4 7.62939e-07
    endloop
  endfacet
  facet normal 0 0 -1
    outer loop
      vertex 231.15 -13.4 7.62939e-07
      vertex 234.15 -13.4 7.62939e-07
      vertex 231.15 -33.4 7.62939e-07
    endloop
  endfacet
  facet normal 0 0 -1
    outer loop
      vertex 228.15 -13.4 7.62939e-07
      vertex 235.7 43.3 7.62939e-07
      vertex 231.15 -13.4 7.62939e-07
    endloop
  endfacet
  facet normal 0 0 -1
    outer loop
      vertex 225.15 -13.4 7.62939e-07
      vertex 235.7 43.3 7.62939e-07
      vertex 228.15 -13.4 7.62939e-07
    endloop
  endfacet
  facet normal 0 0 -1
    outer loop
      vertex 225.15 -33.4 7.62939e-07
      vertex 228.15 -33.4 7.62939e-07
      vertex 225.15 -37.4 7.62939e-07
    endloop
  endfacet
  facet normal 0 0 -1
    outer loop
      vertex 228.15 -33.4 7.62939e-07
      vertex 225.15 -33.4 7.62939e-07
      vertex 228.15 -13.4 7.62939e-07
    endloop
  endfacet
  facet normal 0 0 -1
    outer loop
      vertex 225.15 -13.4 7.62939e-07
      vertex 228.15 -13.4 7.62939e-07
      vertex 225.15 -33.4 7.62939e-07
    endloop
  endfacet
  facet normal 0 0 -1
    outer loop
      vertex 222.15 -13.4 7.62939e-07
      vertex 235.7 43.3 7.62939e-07
      vertex 225.15 -13.4 7.62939e-07
    endloop
  endfacet
  facet normal 0 0 -1
    outer loop
      vertex 219.15 -13.4 7.62939e-07
      vertex 235.7 43.3 7.62939e-07
      vertex 222.15 -13.4 7.62939e-07
    endloop
  endfacet
  facet normal 0 0 -1
    outer loop
      vertex 219.15 -33.4 7.62939e-07
      vertex 222.15 -33.4 7.62939e-07
      vertex 219.15 -37.4 7.62939e-07
    endloop
  endfacet
  facet normal 0 0 -1
    outer loop
      vertex 222.15 -33.4 7.62939e-07
      vertex 219.15 -33.4 7.62939e-07
      vertex 222.15 -13.4 7.62939e-07
    endloop
  endfacet
  facet normal 0 0 -1
    outer loop
      vertex 219.15 -13.4 7.62939e-07
      vertex 222.15 -13.4 7.62939e-07
      vertex 219.15 -33.4 7.62939e-07
    endloop
  endfacet
  facet normal 0 0 -1
    outer loop
      vertex 216.15 -13.4 7.62939e-07
      vertex 235.7 43.3 7.62939e-07
      vertex 219.15 -13.4 7.62939e-07
    endloop
  endfacet
  facet normal 0 0 -1
    outer loop
      vertex 193.45 43.3 7.62939e-07
      vertex 235.7 43.3 7.62939e-07
      vertex 216.15 -13.4 7.62939e-07
    endloop
  endfacet
  facet normal 0 0 -1
    outer loop
      vertex 213.15 -33.4 7.62939e-07
      vertex 216.15 -33.4 7.62939e-07
      vertex 213.15 -37.4 7.62939e-07
    endloop
  endfacet
  facet normal 0 0 -1
    outer loop
      vertex 216.15 -33.4 7.62939e-07
      vertex 213.15 -33.4 7.62939e-07
      vertex 216.15 -13.4 7.62939e-07
    endloop
  endfacet
  facet normal 0 0 -1
    outer loop
      vertex 213.15 -13.4 7.62939e-07
      vertex 216.15 -13.4 7.62939e-07
      vertex 213.15 -33.4 7.62939e-07
    endloop
  endfacet
  facet normal 0 0 -1
    outer loop
      vertex 193.45 43.3 7.62939e-07
      vertex 216.15 -13.4 7.62939e-07
      vertex 213.15 -13.4 7.62939e-07
    endloop
  endfacet
  facet normal 0 0 -1
    outer loop
      vertex 193.45 43.3 7.62939e-07
      vertex 213.15 -13.4 7.62939e-07
      vertex 210.15 -13.4 7.62939e-07
    endloop
  endfacet
  facet normal 0 0 -1
    outer loop
      vertex 207.15 -33.4 7.62939e-07
      vertex 210.15 -33.4 7.62939e-07
      vertex 207.15 -37.4 7.62939e-07
    endloop
  endfacet
  facet normal 0 0 -1
    outer loop
      vertex 210.15 -33.4 7.62939e-07
      vertex 207.15 -33.4 7.62939e-07
      vertex 210.15 -13.4 7.62939e-07
    endloop
  endfacet
  facet normal 0 0 -1
    outer loop
      vertex 207.15 -13.4 7.62939e-07
      vertex 210.15 -13.4 7.62939e-07
      vertex 207.15 -33.4 7.62939e-07
    endloop
  endfacet
  facet normal 0 0 -1
    outer loop
      vertex 193.45 43.3 7.62939e-07
      vertex 210.15 -13.4 7.62939e-07
      vertex 207.15 -13.4 7.62939e-07
    endloop
  endfacet
  facet normal 0 0 -1
    outer loop
      vertex 193.45 43.3 7.62939e-07
      vertex 207.15 -13.4 7.62939e-07
      vertex 204.15 -13.4 7.62939e-07
    endloop
  endfacet
  facet normal 0 0 -1
    outer loop
      vertex 201.15 -33.4 7.62939e-07
      vertex 204.15 -33.4 7.62939e-07
      vertex 201.15 -37.4 7.62939e-07
    endloop
  endfacet
  facet normal 0 0 -1
    outer loop
      vertex 204.15 -33.4 7.62939e-07
      vertex 201.15 -33.4 7.62939e-07
      vertex 204.15 -13.4 7.62939e-07
    endloop
  endfacet
  facet normal 0 0 -1
    outer loop
      vertex 201.15 -13.4 7.62939e-07
      vertex 204.15 -13.4 7.62939e-07
      vertex 201.15 -33.4 7.62939e-07
    endloop
  endfacet
  facet normal 0 0 -1
    outer loop
      vertex 193.45 43.3 7.62939e-07
      vertex 204.15 -13.4 7.62939e-07
      vertex 201.15 -13.4 7.62939e-07
    endloop
  endfacet
  facet normal 0 0 -1
    outer loop
      vertex 193.45 43.3 7.62939e-07
      vertex 201.15 -13.4 7.62939e-07
      vertex 198.15 -13.4 7.62939e-07
    endloop
  endfacet
  facet normal 0 0 -1
    outer loop
      vertex 195.15 -33.4 7.62939e-07
      vertex 198.15 -33.4 7.62939e-07
      vertex 195.15 -37.4 7.62939e-07
    endloop
  endfacet
  facet normal 0 0 -1
    outer loop
      vertex 198.15 -33.4 7.62939e-07
      vertex 195.15 -33.4 7.62939e-07
      vertex 198.15 -13.4 7.62939e-07
    endloop
  endfacet
  facet normal 0 0 -1
    outer loop
      vertex 195.15 -13.4 7.62939e-07
      vertex 198.15 -13.4 7.62939e-07
      vertex 195.15 -33.4 7.62939e-07
    endloop
  endfacet
  facet normal 0 0 -1
    outer loop
      vertex 193.45 43.3 7.62939e-07
      vertex 198.15 -13.4 7.62939e-07
      vertex 195.15 -13.4 7.62939e-07
    endloop
  endfacet
  facet normal 0 0 -1
    outer loop
      vertex 235.7 43.3 7.62939e-07
      vertex 193.45 43.3 7.62939e-07
      vertex 235.7 47.9187 7.62939e-07
    endloop
  endfacet
  facet normal 0 0 -1
    outer loop
      vertex 193.45 47.9187 7.62939e-07
      vertex 235.7 47.9187 7.62939e-07
      vertex 193.45 43.3 7.62939e-07
    endloop
  endfacet
  facet normal 0 0 -1
    outer loop
      vertex 235.7 47.9187 7.62939e-07
      vertex 193.45 47.9187 7.62939e-07
      vertex 237.9 50 7.62939e-07
    endloop
  endfacet
  facet normal 0 0 -1
    outer loop
      vertex 191.25 50 7.62939e-07
      vertex 193.45 47.9187 7.62939e-07
      vertex 191.25 49.1187 7.62939e-07
    endloop
  endfacet
  facet normal 0 0 -1
    outer loop
      vertex 193.45 47.9187 7.62939e-07
      vertex 191.25 50 7.62939e-07
      vertex 237.9 50 7.62939e-07
    endloop
  endfacet
  facet normal 0 0 -1
    outer loop
      vertex 182.65 47.9187 7.62939e-07
      vertex 184.85 50 7.62939e-07
      vertex 184.85 49.1187 7.62939e-07
    endloop
  endfacet
  facet normal 0 0 -1
    outer loop
      vertex 177.15 -33.4 7.62939e-07
      vertex 180.15 -33.4 7.62939e-07
      vertex 177.15 -37.4 7.62939e-07
    endloop
  endfacet
  facet normal 0 0 -1
    outer loop
      vertex 180.15 -33.4 7.62939e-07
      vertex 177.15 -33.4 7.62939e-07
      vertex 180.15 -13.4 7.62939e-07
    endloop
  endfacet
  facet normal 0 0 -1
    outer loop
      vertex 177.15 -13.4 7.62939e-07
      vertex 180.15 -13.4 7.62939e-07
      vertex 177.15 -33.4 7.62939e-07
    endloop
  endfacet
  facet normal 0 0 -1
    outer loop
      vertex 174.15 -13.4 7.62939e-07
      vertex 182.65 43.3 7.62939e-07
      vertex 177.15 -13.4 7.62939e-07
    endloop
  endfacet
  facet normal 0 0 -1
    outer loop
      vertex 171.15 -13.4 7.62939e-07
      vertex 182.65 43.3 7.62939e-07
      vertex 174.15 -13.4 7.62939e-07
    endloop
  endfacet
  facet normal 0 0 -1
    outer loop
      vertex 171.15 -33.4 7.62939e-07
      vertex 174.15 -33.4 7.62939e-07
      vertex 171.15 -37.4 7.62939e-07
    endloop
  endfacet
  facet normal 0 0 -1
    outer loop
      vertex 174.15 -33.4 7.62939e-07
      vertex 171.15 -33.4 7.62939e-07
      vertex 174.15 -13.4 7.62939e-07
    endloop
  endfacet
  facet normal 0 0 -1
    outer loop
      vertex 171.15 -13.4 7.62939e-07
      vertex 174.15 -13.4 7.62939e-07
      vertex 171.15 -33.4 7.62939e-07
    endloop
  endfacet
  facet normal 0 0 -1
    outer loop
      vertex 141.7 11.7333 7.62939e-07
      vertex 182.65 43.3 7.62939e-07
      vertex 171.15 -13.4 7.62939e-07
    endloop
  endfacet
  facet normal 0 0 -1
    outer loop
      vertex 141.7 11.7333 7.62939e-07
      vertex 171.15 -13.4 7.62939e-07
      vertex 168.15 -13.4 7.62939e-07
    endloop
  endfacet
  facet normal 0 0 -1
    outer loop
      vertex 165.15 -33.4 7.62939e-07
      vertex 168.15 -33.4 7.62939e-07
      vertex 165.15 -37.4 7.62939e-07
    endloop
  endfacet
  facet normal 0 0 -1
    outer loop
      vertex 168.15 -33.4 7.62939e-07
      vertex 165.15 -33.4 7.62939e-07
      vertex 168.15 -13.4 7.62939e-07
    endloop
  endfacet
  facet normal 0 0 -1
    outer loop
      vertex 165.15 -13.4 7.62939e-07
      vertex 168.15 -13.4 7.62939e-07
      vertex 165.15 -33.4 7.62939e-07
    endloop
  endfacet
  facet normal 0 0 -1
    outer loop
      vertex 141.7 11.7333 7.62939e-07
      vertex 168.15 -13.4 7.62939e-07
      vertex 165.15 -13.4 7.62939e-07
    endloop
  endfacet
  facet normal 0 0 -1
    outer loop
      vertex 141.7 11.7333 7.62939e-07
      vertex 165.15 -13.4 7.62939e-07
      vertex 162.15 -13.4 7.62939e-07
    endloop
  endfacet
  facet normal 0 0 -1
    outer loop
      vertex 159.15 -33.4 7.62939e-07
      vertex 162.15 -33.4 7.62939e-07
      vertex 159.15 -37.4 7.62939e-07
    endloop
  endfacet
  facet normal 0 0 -1
    outer loop
      vertex 162.15 -33.4 7.62939e-07
      vertex 159.15 -33.4 7.62939e-07
      vertex 162.15 -13.4 7.62939e-07
    endloop
  endfacet
  facet normal 0 0 -1
    outer loop
      vertex 159.15 -13.4 7.62939e-07
      vertex 162.15 -13.4 7.62939e-07
      vertex 159.15 -33.4 7.62939e-07
    endloop
  endfacet
  facet normal 0 0 -1
    outer loop
      vertex 141.7 11.7333 7.62939e-07
      vertex 162.15 -13.4 7.62939e-07
      vertex 159.15 -13.4 7.62939e-07
    endloop
  endfacet
  facet normal 0 0 -1
    outer loop
      vertex 141.7 0.933339 7.62939e-07
      vertex 159.15 -13.4 7.62939e-07
      vertex 156.15 -13.4 7.62939e-07
    endloop
  endfacet
  facet normal 0 0 -1
    outer loop
      vertex 153.15 -33.4 7.62939e-07
      vertex 156.15 -33.4 7.62939e-07
      vertex 153.15 -37.4 7.62939e-07
    endloop
  endfacet
  facet normal 0 0 -1
    outer loop
      vertex 156.15 -33.4 7.62939e-07
      vertex 153.15 -33.4 7.62939e-07
      vertex 156.15 -13.4 7.62939e-07
    endloop
  endfacet
  facet normal 0 0 -1
    outer loop
      vertex 153.15 -13.4 7.62939e-07
      vertex 156.15 -13.4 7.62939e-07
      vertex 153.15 -33.4 7.62939e-07
    endloop
  endfacet
  facet normal 0 0 -1
    outer loop
      vertex 141.7 0.933339 7.62939e-07
      vertex 156.15 -13.4 7.62939e-07
      vertex 153.15 -13.4 7.62939e-07
    endloop
  endfacet
  facet normal 0 0 -1
    outer loop
      vertex 141.7 0.933339 7.62939e-07
      vertex 153.15 -13.4 7.62939e-07
      vertex 150.15 -13.4 7.62939e-07
    endloop
  endfacet
  facet normal 0 0 -1
    outer loop
      vertex 147.15 -33.4 7.62939e-07
      vertex 150.15 -33.4 7.62939e-07
      vertex 147.15 -37.4 7.62939e-07
    endloop
  endfacet
  facet normal 0 0 -1
    outer loop
      vertex 150.15 -33.4 7.62939e-07
      vertex 147.15 -33.4 7.62939e-07
      vertex 150.15 -13.4 7.62939e-07
    endloop
  endfacet
  facet normal 0 0 -1
    outer loop
      vertex 147.15 -13.4 7.62939e-07
      vertex 150.15 -13.4 7.62939e-07
      vertex 147.15 -33.4 7.62939e-07
    endloop
  endfacet
  facet normal 0 0 -1
    outer loop
      vertex 141.7 0.933339 7.62939e-07
      vertex 150.15 -13.4 7.62939e-07
      vertex 147.15 -13.4 7.62939e-07
    endloop
  endfacet
  facet normal 0 0 -1
    outer loop
      vertex 141.7 0.933339 7.62939e-07
      vertex 147.15 -13.4 7.62939e-07
      vertex 144.15 -13.4 7.62939e-07
    endloop
  endfacet
  facet normal 0 0 -1
    outer loop
      vertex 144.15 -33.4 7.62939e-07
      vertex 141.7 -31.9333 7.62939e-07
      vertex 144.15 -13.4 7.62939e-07
    endloop
  endfacet
  facet normal 0 0 -1
    outer loop
      vertex 141.15 -13.4 7.62939e-07
      vertex 144.15 -13.4 7.62939e-07
      vertex 141.7 -31.9333 7.62939e-07
    endloop
  endfacet
  facet normal 0 0 -1
    outer loop
      vertex 159.15 -13.4 7.62939e-07
      vertex 141.7 0.933339 7.62939e-07
      vertex 141.7 11.7333 7.62939e-07
    endloop
  endfacet
  facet normal 0 0 -1
    outer loop
      vertex 135 50 7.62939e-07
      vertex 182.65 43.3 7.62939e-07
      vertex 141.7 11.7333 7.62939e-07
    endloop
  endfacet
  facet normal 0 0 -1
    outer loop
      vertex 182.65 43.3 7.62939e-07
      vertex 135 50 7.62939e-07
      vertex 182.65 47.9187 7.62939e-07
    endloop
  endfacet
  facet normal 0 0 -1
    outer loop
      vertex 135 50 7.62939e-07
      vertex 141.7 11.7333 7.62939e-07
      vertex 137.081 11.7333 7.62939e-07
    endloop
  endfacet
  facet normal 0 0 -1
    outer loop
      vertex 135 9.53333 7.62939e-07
      vertex 137.081 11.7333 7.62939e-07
      vertex 135.881 9.53333 7.62939e-07
    endloop
  endfacet
  facet normal 0 0 -1
    outer loop
      vertex 182.65 47.9187 7.62939e-07
      vertex 135 50 7.62939e-07
      vertex 184.85 50 7.62939e-07
    endloop
  endfacet
  facet normal 0 0 -1
    outer loop
      vertex 135 50 7.62939e-07
      vertex 137.081 11.7333 7.62939e-07
      vertex 135 9.53333 7.62939e-07
    endloop
  endfacet
  facet normal 0 0 -1
    outer loop
      vertex 141.15 -13.4 7.62939e-07
      vertex 141.7 -31.9333 7.62939e-07
      vertex 141.15 -31.9333 7.62939e-07
    endloop
  endfacet
  facet normal 0 0 -1
    outer loop
      vertex 144.15 -13.4 7.62939e-07
      vertex 141.15 -13.4 7.62939e-07
      vertex 141.7 0.933339 7.62939e-07
    endloop
  endfacet
  facet normal 0 0 -1
    outer loop
      vertex 138.15 -13.4 7.62939e-07
      vertex 141.7 0.933339 7.62939e-07
      vertex 141.15 -13.4 7.62939e-07
    endloop
  endfacet
  facet normal 0 0 -1
    outer loop
      vertex 138.15 -13.4 7.62939e-07
      vertex 137.081 0.933339 7.62939e-07
      vertex 141.7 0.933339 7.62939e-07
    endloop
  endfacet
  facet normal 0 0 -1
    outer loop
      vertex 135.15 -13.4 7.62939e-07
      vertex 138.15 -13.4 7.62939e-07
      vertex 137.081 -31.9333 7.62939e-07
    endloop
  endfacet
  facet normal 0 0 -1
    outer loop
      vertex 135.15 -33.4 7.62939e-07
      vertex 137.081 -31.9333 7.62939e-07
      vertex 135.881 -34.1333 7.62939e-07
    endloop
  endfacet
  facet normal 0 0 -1
    outer loop
      vertex 138.15 -13.4 7.62939e-07
      vertex 135.15 -13.4 7.62939e-07
      vertex 137.081 0.933339 7.62939e-07
    endloop
  endfacet
  facet normal -0 0 -1
    outer loop
      vertex 137.081 -31.9333 7.62939e-07
      vertex 135.15 -33.4 7.62939e-07
      vertex 135.15 -13.4 7.62939e-07
    endloop
  endfacet
  facet normal 0 0 -1
    outer loop
      vertex 135 -34.1333 7.62939e-07
      vertex 135.15 -33.4 7.62939e-07
      vertex 135.881 -34.1333 7.62939e-07
    endloop
  endfacet
  facet normal -0 0 -1
    outer loop
      vertex 135.15 -33.4 7.62939e-07
      vertex 135 -34.1333 7.62939e-07
      vertex 135 -33.4 7.62939e-07
    endloop
  endfacet
  facet normal 0 0 -1
    outer loop
      vertex 144.15 -37.4 7.62939e-07
      vertex 147.15 -33.4 7.62939e-07
      vertex 147.15 -37.4 7.62939e-07
    endloop
  endfacet
  facet normal -0 0 -1
    outer loop
      vertex 147.15 -33.4 7.62939e-07
      vertex 144.15 -37.4 7.62939e-07
      vertex 144.15 -33.4 7.62939e-07
    endloop
  endfacet
  facet normal 0 0 -1
    outer loop
      vertex 150.15 -37.4 7.62939e-07
      vertex 153.15 -33.4 7.62939e-07
      vertex 153.15 -37.4 7.62939e-07
    endloop
  endfacet
  facet normal -0 0 -1
    outer loop
      vertex 153.15 -33.4 7.62939e-07
      vertex 150.15 -37.4 7.62939e-07
      vertex 150.15 -33.4 7.62939e-07
    endloop
  endfacet
  facet normal 0 0 -1
    outer loop
      vertex 156.15 -37.4 7.62939e-07
      vertex 159.15 -33.4 7.62939e-07
      vertex 159.15 -37.4 7.62939e-07
    endloop
  endfacet
  facet normal -0 0 -1
    outer loop
      vertex 159.15 -33.4 7.62939e-07
      vertex 156.15 -37.4 7.62939e-07
      vertex 156.15 -33.4 7.62939e-07
    endloop
  endfacet
  facet normal 0 0 -1
    outer loop
      vertex 162.15 -37.4 7.62939e-07
      vertex 165.15 -33.4 7.62939e-07
      vertex 165.15 -37.4 7.62939e-07
    endloop
  endfacet
  facet normal -0 0 -1
    outer loop
      vertex 165.15 -33.4 7.62939e-07
      vertex 162.15 -37.4 7.62939e-07
      vertex 162.15 -33.4 7.62939e-07
    endloop
  endfacet
  facet normal 0 0 -1
    outer loop
      vertex 168.15 -37.4 7.62939e-07
      vertex 171.15 -33.4 7.62939e-07
      vertex 171.15 -37.4 7.62939e-07
    endloop
  endfacet
  facet normal -0 0 -1
    outer loop
      vertex 171.15 -33.4 7.62939e-07
      vertex 168.15 -37.4 7.62939e-07
      vertex 168.15 -33.4 7.62939e-07
    endloop
  endfacet
  facet normal 0 0 -1
    outer loop
      vertex 174.15 -37.4 7.62939e-07
      vertex 177.15 -33.4 7.62939e-07
      vertex 177.15 -37.4 7.62939e-07
    endloop
  endfacet
  facet normal -0 0 -1
    outer loop
      vertex 177.15 -33.4 7.62939e-07
      vertex 174.15 -37.4 7.62939e-07
      vertex 174.15 -33.4 7.62939e-07
    endloop
  endfacet
  facet normal -0 0 -1
    outer loop
      vertex 141.7 -42.7333 7.62939e-07
      vertex 141.15 -57.4 7.62939e-07
      vertex 141.15 -42.7333 7.62939e-07
    endloop
  endfacet
  facet normal 0 0 -1
    outer loop
      vertex 137.081 -42.7333 7.62939e-07
      vertex 135.15 -40.5333 7.62939e-07
      vertex 135.881 -40.5333 7.62939e-07
    endloop
  endfacet
  facet normal 0 0 -1
    outer loop
      vertex 135 -13.4 7.62939e-07
      vertex 137.081 0.933339 7.62939e-07
      vertex 135.15 -13.4 7.62939e-07
    endloop
  endfacet
  facet normal -0 0 -1
    outer loop
      vertex 137.081 0.933339 7.62939e-07
      vertex 135 -13.4 7.62939e-07
      vertex 135 3.13334 7.62939e-07
    endloop
  endfacet
  facet normal 0 0 -1
    outer loop
      vertex 137.081 0.933339 7.62939e-07
      vertex 135 3.13334 7.62939e-07
      vertex 135.881 3.13334 7.62939e-07
    endloop
  endfacet
  facet normal -0 0 1
    outer loop
      vertex 137.081 -42.7333 3
      vertex 138.15 -57.4 3
      vertex 138.15 -42.7333 3
    endloop
  endfacet
  facet normal 0 0 1
    outer loop
      vertex 138.15 -57.4 3
      vertex 137.081 -42.7333 3
      vertex 135.15 -57.4 3
    endloop
  endfacet
  facet normal -0 0 1
    outer loop
      vertex 135.15 -40.5333 3
      vertex 137.081 -42.7333 3
      vertex 135.881 -40.5333 3
    endloop
  endfacet
  facet normal 0 0 1
    outer loop
      vertex 137.081 -42.7333 3
      vertex 135.15 -40.5333 3
      vertex 135.15 -57.4 3
    endloop
  endfacet
  facet normal 0 0 1
    outer loop
      vertex 138.15 -57.4 3
      vertex 135.15 -57.4 3
      vertex 137.5 -74.5 3
    endloop
  endfacet
  facet normal 0 0 1
    outer loop
      vertex 135 -74.5 3
      vertex 135.15 -57.4 3
      vertex 135 -57.4 3
    endloop
  endfacet
  facet normal 0 0 1
    outer loop
      vertex 135.15 -57.4 3
      vertex 135 -74.5 3
      vertex 137.5 -74.5 3
    endloop
  endfacet
  facet normal 0 0 1
    outer loop
      vertex 144.15 -13.4 3
      vertex 141.15 -13.4 3
      vertex 141.7 -31.9333 3
    endloop
  endfacet
  facet normal 0 0 1
    outer loop
      vertex 141.7 0.933339 3
      vertex 138.15 -13.4 3
      vertex 141.15 -13.4 3
    endloop
  endfacet
  facet normal -0 0 1
    outer loop
      vertex 137.081 0.933339 3
      vertex 138.15 -13.4 3
      vertex 141.7 0.933339 3
    endloop
  endfacet
  facet normal 0 0 1
    outer loop
      vertex 135.15 -13.4 3
      vertex 138.15 -13.4 3
      vertex 137.081 0.933339 3
    endloop
  endfacet
  facet normal 0 -0 1
    outer loop
      vertex 137.081 -31.9333 3
      vertex 138.15 -13.4 3
      vertex 135.15 -13.4 3
    endloop
  endfacet
  facet normal -0 0 1
    outer loop
      vertex 135 3.13334 3
      vertex 137.081 0.933339 3
      vertex 135.881 3.13334 3
    endloop
  endfacet
  facet normal 0 0 1
    outer loop
      vertex 138.15 -13.4 3
      vertex 137.081 -31.9333 3
      vertex 138.15 -31.9333 3
    endloop
  endfacet
  facet normal 0 0 1
    outer loop
      vertex 135.15 -33.4 3
      vertex 137.081 -31.9333 3
      vertex 135.15 -13.4 3
    endloop
  endfacet
  facet normal 0 0 1
    outer loop
      vertex 135 -13.4 3
      vertex 137.081 0.933339 3
      vertex 135 3.13334 3
    endloop
  endfacet
  facet normal 0 0 1
    outer loop
      vertex 137.081 0.933339 3
      vertex 135 -13.4 3
      vertex 135.15 -13.4 3
    endloop
  endfacet
  facet normal -0 0 1
    outer loop
      vertex 144.15 -33.4 3
      vertex 147.15 -37.4 3
      vertex 147.15 -33.4 3
    endloop
  endfacet
  facet normal 0 0 1
    outer loop
      vertex 147.15 -37.4 3
      vertex 144.15 -33.4 3
      vertex 144.15 -37.4 3
    endloop
  endfacet
  facet normal 0 0 1
    outer loop
      vertex 150.15 -37.4 3
      vertex 147.15 -37.4 3
      vertex 150.15 -57.4 3
    endloop
  endfacet
  facet normal 0 0 1
    outer loop
      vertex 147.15 -57.4 3
      vertex 150.15 -57.4 3
      vertex 147.15 -37.4 3
    endloop
  endfacet
  facet normal 0 0 1
    outer loop
      vertex 150.15 -57.4 3
      vertex 147.15 -57.4 3
      vertex 148 -68 3
    endloop
  endfacet
  facet normal -0 0 1
    outer loop
      vertex 144.15 -57.4 3
      vertex 148 -68 3
      vertex 147.15 -57.4 3
    endloop
  endfacet
  facet normal 0 0 1
    outer loop
      vertex 148 -68 3
      vertex 144.15 -57.4 3
      vertex 142 -68 3
    endloop
  endfacet
  facet normal 0 0 1
    outer loop
      vertex 141.7 -31.9333 3
      vertex 141.15 -13.4 3
      vertex 141.15 -31.9333 3
    endloop
  endfacet
  facet normal 0 0 1
    outer loop
      vertex 137.081 -31.9333 3
      vertex 135.15 -33.4 3
      vertex 135.881 -34.1333 3
    endloop
  endfacet
  facet normal 0 0 1
    outer loop
      vertex 135 -34.1333 3
      vertex 135.15 -33.4 3
      vertex 135 -33.4 3
    endloop
  endfacet
  facet normal 0 0 1
    outer loop
      vertex 135.15 -33.4 3
      vertex 135 -34.1333 3
      vertex 135.881 -34.1333 3
    endloop
  endfacet
  facet normal -0 0 1
    outer loop
      vertex 150.15 -33.4 3
      vertex 153.15 -37.4 3
      vertex 153.15 -33.4 3
    endloop
  endfacet
  facet normal 0 0 1
    outer loop
      vertex 153.15 -37.4 3
      vertex 150.15 -33.4 3
      vertex 150.15 -37.4 3
    endloop
  endfacet
  facet normal -0 0 1
    outer loop
      vertex 156.15 -33.4 3
      vertex 159.15 -37.4 3
      vertex 159.15 -33.4 3
    endloop
  endfacet
  facet normal 0 0 1
    outer loop
      vertex 159.15 -37.4 3
      vertex 156.15 -33.4 3
      vertex 156.15 -37.4 3
    endloop
  endfacet
  facet normal -0 0 1
    outer loop
      vertex 162.15 -33.4 3
      vertex 165.15 -37.4 3
      vertex 165.15 -33.4 3
    endloop
  endfacet
  facet normal 0 0 1
    outer loop
      vertex 165.15 -37.4 3
      vertex 162.15 -33.4 3
      vertex 162.15 -37.4 3
    endloop
  endfacet
  facet normal -0 0 1
    outer loop
      vertex 168.15 -33.4 3
      vertex 171.15 -37.4 3
      vertex 171.15 -33.4 3
    endloop
  endfacet
  facet normal 0 0 1
    outer loop
      vertex 171.15 -37.4 3
      vertex 168.15 -33.4 3
      vertex 168.15 -37.4 3
    endloop
  endfacet
  facet normal -0 0 1
    outer loop
      vertex 174.15 -33.4 3
      vertex 177.15 -37.4 3
      vertex 177.15 -33.4 3
    endloop
  endfacet
  facet normal 0 0 1
    outer loop
      vertex 177.15 -37.4 3
      vertex 174.15 -33.4 3
      vertex 174.15 -37.4 3
    endloop
  endfacet
  facet normal 0 0 1
    outer loop
      vertex 184.85 50 3
      vertex 182.65 47.9187 3
      vertex 184.85 49.1187 3
    endloop
  endfacet
  facet normal 0 0 1
    outer loop
      vertex 135 50 3
      vertex 182.65 43.3 3
      vertex 182.65 47.9187 3
    endloop
  endfacet
  facet normal 0 0 1
    outer loop
      vertex 177.15 -33.4 3
      vertex 180.15 -33.4 3
      vertex 180.15 -13.4 3
    endloop
  endfacet
  facet normal 0 0 1
    outer loop
      vertex 180.15 -33.4 3
      vertex 177.15 -33.4 3
      vertex 180.15 -37.4 3
    endloop
  endfacet
  facet normal 0 0 1
    outer loop
      vertex 177.15 -33.4 3
      vertex 180.15 -13.4 3
      vertex 177.15 -13.4 3
    endloop
  endfacet
  facet normal 0 0 1
    outer loop
      vertex 182.65 43.3 3
      vertex 177.15 -13.4 3
      vertex 180.15 -13.4 3
    endloop
  endfacet
  facet normal 0 0 1
    outer loop
      vertex 182.65 43.3 3
      vertex 174.15 -13.4 3
      vertex 177.15 -13.4 3
    endloop
  endfacet
  facet normal 0 0 1
    outer loop
      vertex 171.15 -33.4 3
      vertex 174.15 -33.4 3
      vertex 174.15 -13.4 3
    endloop
  endfacet
  facet normal 0 0 1
    outer loop
      vertex 174.15 -33.4 3
      vertex 171.15 -33.4 3
      vertex 174.15 -37.4 3
    endloop
  endfacet
  facet normal 0 0 1
    outer loop
      vertex 171.15 -33.4 3
      vertex 174.15 -13.4 3
      vertex 171.15 -13.4 3
    endloop
  endfacet
  facet normal 0 0 1
    outer loop
      vertex 182.65 43.3 3
      vertex 171.15 -13.4 3
      vertex 174.15 -13.4 3
    endloop
  endfacet
  facet normal 0 0 1
    outer loop
      vertex 182.65 43.3 3
      vertex 141.7 11.7333 3
      vertex 171.15 -13.4 3
    endloop
  endfacet
  facet normal 0 0 1
    outer loop
      vertex 165.15 -33.4 3
      vertex 168.15 -33.4 3
      vertex 168.15 -13.4 3
    endloop
  endfacet
  facet normal 0 0 1
    outer loop
      vertex 168.15 -33.4 3
      vertex 165.15 -33.4 3
      vertex 168.15 -37.4 3
    endloop
  endfacet
  facet normal 0 0 1
    outer loop
      vertex 165.15 -33.4 3
      vertex 168.15 -13.4 3
      vertex 165.15 -13.4 3
    endloop
  endfacet
  facet normal 0 0 1
    outer loop
      vertex 171.15 -13.4 3
      vertex 141.7 11.7333 3
      vertex 168.15 -13.4 3
    endloop
  endfacet
  facet normal 0 0 1
    outer loop
      vertex 168.15 -13.4 3
      vertex 141.7 11.7333 3
      vertex 165.15 -13.4 3
    endloop
  endfacet
  facet normal 0 0 1
    outer loop
      vertex 159.15 -33.4 3
      vertex 162.15 -33.4 3
      vertex 162.15 -13.4 3
    endloop
  endfacet
  facet normal 0 0 1
    outer loop
      vertex 162.15 -33.4 3
      vertex 159.15 -33.4 3
      vertex 162.15 -37.4 3
    endloop
  endfacet
  facet normal 0 0 1
    outer loop
      vertex 159.15 -33.4 3
      vertex 162.15 -13.4 3
      vertex 159.15 -13.4 3
    endloop
  endfacet
  facet normal 0 0 1
    outer loop
      vertex 165.15 -13.4 3
      vertex 141.7 11.7333 3
      vertex 162.15 -13.4 3
    endloop
  endfacet
  facet normal 0 0 1
    outer loop
      vertex 162.15 -13.4 3
      vertex 141.7 11.7333 3
      vertex 159.15 -13.4 3
    endloop
  endfacet
  facet normal 0 0 1
    outer loop
      vertex 153.15 -33.4 3
      vertex 156.15 -33.4 3
      vertex 156.15 -13.4 3
    endloop
  endfacet
  facet normal 0 0 1
    outer loop
      vertex 156.15 -33.4 3
      vertex 153.15 -33.4 3
      vertex 156.15 -37.4 3
    endloop
  endfacet
  facet normal 0 0 1
    outer loop
      vertex 153.15 -33.4 3
      vertex 156.15 -13.4 3
      vertex 153.15 -13.4 3
    endloop
  endfacet
  facet normal -0 0 1
    outer loop
      vertex 141.7 0.933339 3
      vertex 159.15 -13.4 3
      vertex 141.7 11.7333 3
    endloop
  endfacet
  facet normal 0 0 1
    outer loop
      vertex 159.15 -13.4 3
      vertex 141.7 0.933339 3
      vertex 156.15 -13.4 3
    endloop
  endfacet
  facet normal -0 0 1
    outer loop
      vertex 147.15 -13.4 3
      vertex 150.15 -33.4 3
      vertex 150.15 -13.4 3
    endloop
  endfacet
  facet normal 0 0 1
    outer loop
      vertex 147.15 -33.4 3
      vertex 150.15 -33.4 3
      vertex 147.15 -13.4 3
    endloop
  endfacet
  facet normal 0 0 1
    outer loop
      vertex 150.15 -33.4 3
      vertex 147.15 -33.4 3
      vertex 150.15 -37.4 3
    endloop
  endfacet
  facet normal 0 0 1
    outer loop
      vertex 147.15 -37.4 3
      vertex 150.15 -37.4 3
      vertex 147.15 -33.4 3
    endloop
  endfacet
  facet normal 0 0 1
    outer loop
      vertex 156.15 -13.4 3
      vertex 141.7 0.933339 3
      vertex 153.15 -13.4 3
    endloop
  endfacet
  facet normal 0 0 1
    outer loop
      vertex 153.15 -13.4 3
      vertex 141.7 0.933339 3
      vertex 150.15 -13.4 3
    endloop
  endfacet
  facet normal -0 0 1
    outer loop
      vertex 141.7 -31.9333 3
      vertex 144.15 -33.4 3
      vertex 144.15 -13.4 3
    endloop
  endfacet
  facet normal 0 0 1
    outer loop
      vertex 144.15 -33.4 3
      vertex 141.7 -31.9333 3
      vertex 144.15 -37.4 3
    endloop
  endfacet
  facet normal 0 0 1
    outer loop
      vertex 141.7 -42.7333 3
      vertex 144.15 -37.4 3
      vertex 141.7 -31.9333 3
    endloop
  endfacet
  facet normal 0 0 1
    outer loop
      vertex 141.15 -13.4 3
      vertex 144.15 -13.4 3
      vertex 141.7 0.933339 3
    endloop
  endfacet
  facet normal 0 0 1
    outer loop
      vertex 147.15 -13.4 3
      vertex 141.7 0.933339 3
      vertex 144.15 -13.4 3
    endloop
  endfacet
  facet normal 0 0 1
    outer loop
      vertex 150.15 -13.4 3
      vertex 141.7 0.933339 3
      vertex 147.15 -13.4 3
    endloop
  endfacet
  facet normal -0 0 1
    outer loop
      vertex 135 50 3
      vertex 182.65 47.9187 3
      vertex 184.85 50 3
    endloop
  endfacet
  facet normal 0 0 1
    outer loop
      vertex 182.65 43.3 3
      vertex 135 50 3
      vertex 141.7 11.7333 3
    endloop
  endfacet
  facet normal 0 0 1
    outer loop
      vertex 141.7 11.7333 3
      vertex 135 50 3
      vertex 137.081 11.7333 3
    endloop
  endfacet
  facet normal 0 0 1
    outer loop
      vertex 135 9.53333 3
      vertex 137.081 11.7333 3
      vertex 135 50 3
    endloop
  endfacet
  facet normal 0 0 1
    outer loop
      vertex 137.081 11.7333 3
      vertex 135 9.53333 3
      vertex 135.881 9.53333 3
    endloop
  endfacet
  facet normal -0 0 1
    outer loop
      vertex 180.15 -33.4 3
      vertex 183.15 -37.4 3
      vertex 183.15 -33.4 3
    endloop
  endfacet
  facet normal 0 0 1
    outer loop
      vertex 183.15 -37.4 3
      vertex 180.15 -33.4 3
      vertex 180.15 -37.4 3
    endloop
  endfacet
  facet normal -0 0 1
    outer loop
      vertex 186.15 -33.4 3
      vertex 189.15 -37.4 3
      vertex 189.15 -33.4 3
    endloop
  endfacet
  facet normal 0 0 1
    outer loop
      vertex 189.15 -37.4 3
      vertex 186.15 -33.4 3
      vertex 186.15 -37.4 3
    endloop
  endfacet
  facet normal -0 0 1
    outer loop
      vertex 192.15 -33.4 3
      vertex 195.15 -37.4 3
      vertex 195.15 -33.4 3
    endloop
  endfacet
  facet normal 0 0 1
    outer loop
      vertex 195.15 -37.4 3
      vertex 192.15 -33.4 3
      vertex 192.15 -37.4 3
    endloop
  endfacet
  facet normal -0 0 1
    outer loop
      vertex 198.15 -33.4 3
      vertex 201.15 -37.4 3
      vertex 201.15 -33.4 3
    endloop
  endfacet
  facet normal 0 0 1
    outer loop
      vertex 201.15 -37.4 3
      vertex 198.15 -33.4 3
      vertex 198.15 -37.4 3
    endloop
  endfacet
  facet normal -0 0 1
    outer loop
      vertex 204.15 -33.4 3
      vertex 207.15 -37.4 3
      vertex 207.15 -33.4 3
    endloop
  endfacet
  facet normal 0 0 1
    outer loop
      vertex 207.15 -37.4 3
      vertex 204.15 -33.4 3
      vertex 204.15 -37.4 3
    endloop
  endfacet
  facet normal -0 0 1
    outer loop
      vertex 210.15 -33.4 3
      vertex 213.15 -37.4 3
      vertex 213.15 -33.4 3
    endloop
  endfacet
  facet normal 0 0 1
    outer loop
      vertex 213.15 -37.4 3
      vertex 210.15 -33.4 3
      vertex 210.15 -37.4 3
    endloop
  endfacet
  facet normal -0 0 1
    outer loop
      vertex 216.15 -33.4 3
      vertex 219.15 -37.4 3
      vertex 219.15 -33.4 3
    endloop
  endfacet
  facet normal 0 0 1
    outer loop
      vertex 219.15 -37.4 3
      vertex 216.15 -33.4 3
      vertex 216.15 -37.4 3
    endloop
  endfacet
  facet normal -0 0 1
    outer loop
      vertex 222.15 -33.4 3
      vertex 225.15 -37.4 3
      vertex 225.15 -33.4 3
    endloop
  endfacet
  facet normal 0 0 1
    outer loop
      vertex 225.15 -37.4 3
      vertex 222.15 -33.4 3
      vertex 222.15 -37.4 3
    endloop
  endfacet
  facet normal -0 0 1
    outer loop
      vertex 228.15 -33.4 3
      vertex 231.15 -37.4 3
      vertex 231.15 -33.4 3
    endloop
  endfacet
  facet normal 0 0 1
    outer loop
      vertex 231.15 -37.4 3
      vertex 228.15 -33.4 3
      vertex 228.15 -37.4 3
    endloop
  endfacet
  facet normal 0 0 1
    outer loop
      vertex 237.9 50 3
      vertex 235.7 47.9187 3
      vertex 237.9 49.1187 3
    endloop
  endfacet
  facet normal 0 0 1
    outer loop
      vertex 193.45 43.3 3
      vertex 235.7 43.3 3
      vertex 235.7 47.9187 3
    endloop
  endfacet
  facet normal 0 0 1
    outer loop
      vertex 231.15 -33.4 3
      vertex 234.15 -33.4 3
      vertex 234.15 -13.4 3
    endloop
  endfacet
  facet normal 0 0 1
    outer loop
      vertex 234.15 -33.4 3
      vertex 231.15 -33.4 3
      vertex 234.15 -37.4 3
    endloop
  endfacet
  facet normal 0 0 1
    outer loop
      vertex 231.15 -33.4 3
      vertex 234.15 -13.4 3
      vertex 231.15 -13.4 3
    endloop
  endfacet
  facet normal 0 0 1
    outer loop
      vertex 235.7 43.3 3
      vertex 231.15 -13.4 3
      vertex 234.15 -13.4 3
    endloop
  endfacet
  facet normal 0 0 1
    outer loop
      vertex 235.7 43.3 3
      vertex 228.15 -13.4 3
      vertex 231.15 -13.4 3
    endloop
  endfacet
  facet normal 0 0 1
    outer loop
      vertex 225.15 -33.4 3
      vertex 228.15 -33.4 3
      vertex 228.15 -13.4 3
    endloop
  endfacet
  facet normal 0 0 1
    outer loop
      vertex 228.15 -33.4 3
      vertex 225.15 -33.4 3
      vertex 228.15 -37.4 3
    endloop
  endfacet
  facet normal 0 0 1
    outer loop
      vertex 225.15 -33.4 3
      vertex 228.15 -13.4 3
      vertex 225.15 -13.4 3
    endloop
  endfacet
  facet normal 0 0 1
    outer loop
      vertex 235.7 43.3 3
      vertex 225.15 -13.4 3
      vertex 228.15 -13.4 3
    endloop
  endfacet
  facet normal 0 0 1
    outer loop
      vertex 235.7 43.3 3
      vertex 222.15 -13.4 3
      vertex 225.15 -13.4 3
    endloop
  endfacet
  facet normal 0 0 1
    outer loop
      vertex 219.15 -33.4 3
      vertex 222.15 -33.4 3
      vertex 222.15 -13.4 3
    endloop
  endfacet
  facet normal 0 0 1
    outer loop
      vertex 222.15 -33.4 3
      vertex 219.15 -33.4 3
      vertex 222.15 -37.4 3
    endloop
  endfacet
  facet normal 0 0 1
    outer loop
      vertex 219.15 -33.4 3
      vertex 222.15 -13.4 3
      vertex 219.15 -13.4 3
    endloop
  endfacet
  facet normal 0 0 1
    outer loop
      vertex 235.7 43.3 3
      vertex 219.15 -13.4 3
      vertex 222.15 -13.4 3
    endloop
  endfacet
  facet normal 0 0 1
    outer loop
      vertex 235.7 43.3 3
      vertex 216.15 -13.4 3
      vertex 219.15 -13.4 3
    endloop
  endfacet
  facet normal 0 0 1
    outer loop
      vertex 213.15 -33.4 3
      vertex 216.15 -33.4 3
      vertex 216.15 -13.4 3
    endloop
  endfacet
  facet normal 0 0 1
    outer loop
      vertex 216.15 -33.4 3
      vertex 213.15 -33.4 3
      vertex 216.15 -37.4 3
    endloop
  endfacet
  facet normal 0 0 1
    outer loop
      vertex 213.15 -33.4 3
      vertex 216.15 -13.4 3
      vertex 213.15 -13.4 3
    endloop
  endfacet
  facet normal 0 0 1
    outer loop
      vertex 235.7 43.3 3
      vertex 193.45 43.3 3
      vertex 216.15 -13.4 3
    endloop
  endfacet
  facet normal 0 0 1
    outer loop
      vertex 216.15 -13.4 3
      vertex 193.45 43.3 3
      vertex 213.15 -13.4 3
    endloop
  endfacet
  facet normal 0 0 1
    outer loop
      vertex 207.15 -33.4 3
      vertex 210.15 -33.4 3
      vertex 210.15 -13.4 3
    endloop
  endfacet
  facet normal 0 0 1
    outer loop
      vertex 210.15 -33.4 3
      vertex 207.15 -33.4 3
      vertex 210.15 -37.4 3
    endloop
  endfacet
  facet normal 0 0 1
    outer loop
      vertex 207.15 -33.4 3
      vertex 210.15 -13.4 3
      vertex 207.15 -13.4 3
    endloop
  endfacet
  facet normal 0 0 1
    outer loop
      vertex 213.15 -13.4 3
      vertex 193.45 43.3 3
      vertex 210.15 -13.4 3
    endloop
  endfacet
  facet normal 0 0 1
    outer loop
      vertex 210.15 -13.4 3
      vertex 193.45 43.3 3
      vertex 207.15 -13.4 3
    endloop
  endfacet
  facet normal 0 0 1
    outer loop
      vertex 201.15 -33.4 3
      vertex 204.15 -33.4 3
      vertex 204.15 -13.4 3
    endloop
  endfacet
  facet normal 0 0 1
    outer loop
      vertex 204.15 -33.4 3
      vertex 201.15 -33.4 3
      vertex 204.15 -37.4 3
    endloop
  endfacet
  facet normal 0 0 1
    outer loop
      vertex 201.15 -33.4 3
      vertex 204.15 -13.4 3
      vertex 201.15 -13.4 3
    endloop
  endfacet
  facet normal 0 0 1
    outer loop
      vertex 207.15 -13.4 3
      vertex 193.45 43.3 3
      vertex 204.15 -13.4 3
    endloop
  endfacet
  facet normal 0 0 1
    outer loop
      vertex 204.15 -13.4 3
      vertex 193.45 43.3 3
      vertex 201.15 -13.4 3
    endloop
  endfacet
  facet normal 0 0 1
    outer loop
      vertex 195.15 -33.4 3
      vertex 198.15 -33.4 3
      vertex 198.15 -13.4 3
    endloop
  endfacet
  facet normal 0 0 1
    outer loop
      vertex 198.15 -33.4 3
      vertex 195.15 -33.4 3
      vertex 198.15 -37.4 3
    endloop
  endfacet
  facet normal 0 0 1
    outer loop
      vertex 195.15 -33.4 3
      vertex 198.15 -13.4 3
      vertex 195.15 -13.4 3
    endloop
  endfacet
  facet normal 0 0 1
    outer loop
      vertex 201.15 -13.4 3
      vertex 193.45 43.3 3
      vertex 198.15 -13.4 3
    endloop
  endfacet
  facet normal 0 0 1
    outer loop
      vertex 193.45 43.3 3
      vertex 235.7 47.9187 3
      vertex 193.45 47.9187 3
    endloop
  endfacet
  facet normal 0 0 1
    outer loop
      vertex 237.9 50 3
      vertex 193.45 47.9187 3
      vertex 235.7 47.9187 3
    endloop
  endfacet
  facet normal -0 0 1
    outer loop
      vertex 191.25 50 3
      vertex 193.45 47.9187 3
      vertex 237.9 50 3
    endloop
  endfacet
  facet normal 0 0 1
    outer loop
      vertex 193.45 47.9187 3
      vertex 191.25 50 3
      vertex 191.25 49.1187 3
    endloop
  endfacet
  facet normal -0 0 1
    outer loop
      vertex 234.15 -33.4 3
      vertex 237.15 -37.4 3
      vertex 237.15 -33.4 3
    endloop
  endfacet
  facet normal 0 0 1
    outer loop
      vertex 237.15 -37.4 3
      vertex 234.15 -33.4 3
      vertex 234.15 -37.4 3
    endloop
  endfacet
  facet normal -0 0 1
    outer loop
      vertex 240.15 -33.4 3
      vertex 243.15 -37.4 3
      vertex 243.15 -33.4 3
    endloop
  endfacet
  facet normal 0 0 1
    outer loop
      vertex 243.15 -37.4 3
      vertex 240.15 -33.4 3
      vertex 240.15 -37.4 3
    endloop
  endfacet
  facet normal -0 0 1
    outer loop
      vertex 246.15 -33.4 3
      vertex 249.15 -37.4 3
      vertex 249.15 -33.4 3
    endloop
  endfacet
  facet normal 0 0 1
    outer loop
      vertex 249.15 -37.4 3
      vertex 246.15 -33.4 3
      vertex 246.15 -37.4 3
    endloop
  endfacet
  facet normal -0 0 1
    outer loop
      vertex 252.15 -33.4 3
      vertex 255.15 -37.4 3
      vertex 255.15 -33.4 3
    endloop
  endfacet
  facet normal 0 0 1
    outer loop
      vertex 255.15 -37.4 3
      vertex 252.15 -33.4 3
      vertex 252.15 -37.4 3
    endloop
  endfacet
  facet normal -0 0 1
    outer loop
      vertex 258.15 -33.4 3
      vertex 261.15 -37.4 3
      vertex 261.15 -33.4 3
    endloop
  endfacet
  facet normal 0 0 1
    outer loop
      vertex 261.15 -37.4 3
      vertex 258.15 -33.4 3
      vertex 258.15 -37.4 3
    endloop
  endfacet
  facet normal -0 0 1
    outer loop
      vertex 264.15 -33.4 3
      vertex 267.15 -37.4 3
      vertex 267.15 -33.4 3
    endloop
  endfacet
  facet normal 0 0 1
    outer loop
      vertex 267.15 -37.4 3
      vertex 264.15 -33.4 3
      vertex 264.15 -37.4 3
    endloop
  endfacet
  facet normal -0 0 1
    outer loop
      vertex 270.15 -33.4 3
      vertex 273.15 -37.4 3
      vertex 273.15 -33.4 3
    endloop
  endfacet
  facet normal 0 0 1
    outer loop
      vertex 273.15 -37.4 3
      vertex 270.15 -33.4 3
      vertex 270.15 -37.4 3
    endloop
  endfacet
  facet normal -0 0 1
    outer loop
      vertex 273.15 -57.4 3
      vertex 281.15 -68 3
      vertex 276.15 -57.4 3
    endloop
  endfacet
  facet normal 0 0 1
    outer loop
      vertex 273.15 -37.4 3
      vertex 276.15 -37.4 3
      vertex 273.15 -33.4 3
    endloop
  endfacet
  facet normal 0 0 1
    outer loop
      vertex 276.15 -37.4 3
      vertex 273.15 -37.4 3
      vertex 276.15 -57.4 3
    endloop
  endfacet
  facet normal 0 0 1
    outer loop
      vertex 273.15 -57.4 3
      vertex 276.15 -57.4 3
      vertex 273.15 -37.4 3
    endloop
  endfacet
  facet normal -0 0 1
    outer loop
      vertex 270.15 -57.4 3
      vertex 281.15 -68 3
      vertex 273.15 -57.4 3
    endloop
  endfacet
  facet normal 0 0 1
    outer loop
      vertex 281.15 -68 3
      vertex 270.15 -57.4 3
      vertex 278.65 -74.5 3
    endloop
  endfacet
  facet normal 0 0 1
    outer loop
      vertex 267.15 -37.4 3
      vertex 270.15 -37.4 3
      vertex 267.15 -33.4 3
    endloop
  endfacet
  facet normal 0 0 1
    outer loop
      vertex 270.15 -37.4 3
      vertex 267.15 -37.4 3
      vertex 270.15 -57.4 3
    endloop
  endfacet
  facet normal 0 0 1
    outer loop
      vertex 267.15 -57.4 3
      vertex 270.15 -57.4 3
      vertex 267.15 -37.4 3
    endloop
  endfacet
  facet normal -0 0 1
    outer loop
      vertex 267.15 -57.4 3
      vertex 278.65 -74.5 3
      vertex 270.15 -57.4 3
    endloop
  endfacet
  facet normal -0 0 1
    outer loop
      vertex 264.15 -57.4 3
      vertex 278.65 -74.5 3
      vertex 267.15 -57.4 3
    endloop
  endfacet
  facet normal 0 0 1
    outer loop
      vertex 261.15 -37.4 3
      vertex 264.15 -37.4 3
      vertex 261.15 -33.4 3
    endloop
  endfacet
  facet normal 0 0 1
    outer loop
      vertex 264.15 -37.4 3
      vertex 261.15 -37.4 3
      vertex 264.15 -57.4 3
    endloop
  endfacet
  facet normal 0 0 1
    outer loop
      vertex 261.15 -57.4 3
      vertex 264.15 -57.4 3
      vertex 261.15 -37.4 3
    endloop
  endfacet
  facet normal -0 0 1
    outer loop
      vertex 261.15 -57.4 3
      vertex 278.65 -74.5 3
      vertex 264.15 -57.4 3
    endloop
  endfacet
  facet normal -0 0 1
    outer loop
      vertex 258.15 -57.4 3
      vertex 278.65 -74.5 3
      vertex 261.15 -57.4 3
    endloop
  endfacet
  facet normal 0 0 1
    outer loop
      vertex 255.15 -37.4 3
      vertex 258.15 -37.4 3
      vertex 255.15 -33.4 3
    endloop
  endfacet
  facet normal 0 0 1
    outer loop
      vertex 258.15 -37.4 3
      vertex 255.15 -37.4 3
      vertex 258.15 -57.4 3
    endloop
  endfacet
  facet normal 0 0 1
    outer loop
      vertex 255.15 -57.4 3
      vertex 258.15 -57.4 3
      vertex 255.15 -37.4 3
    endloop
  endfacet
  facet normal -0 0 1
    outer loop
      vertex 255.15 -57.4 3
      vertex 278.65 -74.5 3
      vertex 258.15 -57.4 3
    endloop
  endfacet
  facet normal -0 0 1
    outer loop
      vertex 252.15 -57.4 3
      vertex 278.65 -74.5 3
      vertex 255.15 -57.4 3
    endloop
  endfacet
  facet normal 0 0 1
    outer loop
      vertex 249.15 -37.4 3
      vertex 252.15 -37.4 3
      vertex 249.15 -33.4 3
    endloop
  endfacet
  facet normal 0 0 1
    outer loop
      vertex 252.15 -37.4 3
      vertex 249.15 -37.4 3
      vertex 252.15 -57.4 3
    endloop
  endfacet
  facet normal 0 0 1
    outer loop
      vertex 249.15 -57.4 3
      vertex 252.15 -57.4 3
      vertex 249.15 -37.4 3
    endloop
  endfacet
  facet normal -0 0 1
    outer loop
      vertex 249.15 -57.4 3
      vertex 278.65 -74.5 3
      vertex 252.15 -57.4 3
    endloop
  endfacet
  facet normal -0 0 1
    outer loop
      vertex 246.15 -57.4 3
      vertex 278.65 -74.5 3
      vertex 249.15 -57.4 3
    endloop
  endfacet
  facet normal 0 0 1
    outer loop
      vertex 243.15 -37.4 3
      vertex 246.15 -37.4 3
      vertex 243.15 -33.4 3
    endloop
  endfacet
  facet normal 0 0 1
    outer loop
      vertex 246.15 -37.4 3
      vertex 243.15 -37.4 3
      vertex 246.15 -57.4 3
    endloop
  endfacet
  facet normal 0 0 1
    outer loop
      vertex 243.15 -57.4 3
      vertex 246.15 -57.4 3
      vertex 243.15 -37.4 3
    endloop
  endfacet
  facet normal -0 0 1
    outer loop
      vertex 243.15 -57.4 3
      vertex 278.65 -74.5 3
      vertex 246.15 -57.4 3
    endloop
  endfacet
  facet normal -0 0 1
    outer loop
      vertex 240.15 -57.4 3
      vertex 278.65 -74.5 3
      vertex 243.15 -57.4 3
    endloop
  endfacet
  facet normal 0 0 1
    outer loop
      vertex 237.15 -37.4 3
      vertex 240.15 -37.4 3
      vertex 237.15 -33.4 3
    endloop
  endfacet
  facet normal 0 0 1
    outer loop
      vertex 240.15 -37.4 3
      vertex 237.15 -37.4 3
      vertex 240.15 -57.4 3
    endloop
  endfacet
  facet normal 0 0 1
    outer loop
      vertex 237.15 -57.4 3
      vertex 240.15 -57.4 3
      vertex 237.15 -37.4 3
    endloop
  endfacet
  facet normal -0 0 1
    outer loop
      vertex 237.15 -57.4 3
      vertex 278.65 -74.5 3
      vertex 240.15 -57.4 3
    endloop
  endfacet
  facet normal -0 0 1
    outer loop
      vertex 234.15 -57.4 3
      vertex 278.65 -74.5 3
      vertex 237.15 -57.4 3
    endloop
  endfacet
  facet normal 0 0 1
    outer loop
      vertex 231.15 -37.4 3
      vertex 234.15 -37.4 3
      vertex 231.15 -33.4 3
    endloop
  endfacet
  facet normal 0 0 1
    outer loop
      vertex 234.15 -37.4 3
      vertex 231.15 -37.4 3
      vertex 234.15 -57.4 3
    endloop
  endfacet
  facet normal 0 0 1
    outer loop
      vertex 231.15 -57.4 3
      vertex 234.15 -57.4 3
      vertex 231.15 -37.4 3
    endloop
  endfacet
  facet normal -0 0 1
    outer loop
      vertex 231.15 -57.4 3
      vertex 278.65 -74.5 3
      vertex 234.15 -57.4 3
    endloop
  endfacet
  facet normal -0 0 1
    outer loop
      vertex 228.15 -57.4 3
      vertex 278.65 -74.5 3
      vertex 231.15 -57.4 3
    endloop
  endfacet
  facet normal 0 0 1
    outer loop
      vertex 225.15 -37.4 3
      vertex 228.15 -37.4 3
      vertex 225.15 -33.4 3
    endloop
  endfacet
  facet normal 0 0 1
    outer loop
      vertex 228.15 -37.4 3
      vertex 225.15 -37.4 3
      vertex 228.15 -57.4 3
    endloop
  endfacet
  facet normal 0 0 1
    outer loop
      vertex 225.15 -57.4 3
      vertex 228.15 -57.4 3
      vertex 225.15 -37.4 3
    endloop
  endfacet
  facet normal -0 0 1
    outer loop
      vertex 225.15 -57.4 3
      vertex 278.65 -74.5 3
      vertex 228.15 -57.4 3
    endloop
  endfacet
  facet normal -0 0 1
    outer loop
      vertex 222.15 -57.4 3
      vertex 278.65 -74.5 3
      vertex 225.15 -57.4 3
    endloop
  endfacet
  facet normal 0 0 1
    outer loop
      vertex 219.15 -37.4 3
      vertex 222.15 -37.4 3
      vertex 219.15 -33.4 3
    endloop
  endfacet
  facet normal 0 0 1
    outer loop
      vertex 222.15 -37.4 3
      vertex 219.15 -37.4 3
      vertex 222.15 -57.4 3
    endloop
  endfacet
  facet normal 0 0 1
    outer loop
      vertex 219.15 -57.4 3
      vertex 222.15 -57.4 3
      vertex 219.15 -37.4 3
    endloop
  endfacet
  facet normal -0 0 1
    outer loop
      vertex 219.15 -57.4 3
      vertex 278.65 -74.5 3
      vertex 222.15 -57.4 3
    endloop
  endfacet
  facet normal -0 0 1
    outer loop
      vertex 216.15 -57.4 3
      vertex 278.65 -74.5 3
      vertex 219.15 -57.4 3
    endloop
  endfacet
  facet normal 0 0 1
    outer loop
      vertex 213.15 -37.4 3
      vertex 216.15 -37.4 3
      vertex 213.15 -33.4 3
    endloop
  endfacet
  facet normal 0 0 1
    outer loop
      vertex 216.15 -37.4 3
      vertex 213.15 -37.4 3
      vertex 216.15 -57.4 3
    endloop
  endfacet
  facet normal 0 0 1
    outer loop
      vertex 213.15 -57.4 3
      vertex 216.15 -57.4 3
      vertex 213.15 -37.4 3
    endloop
  endfacet
  facet normal -0 0 1
    outer loop
      vertex 213.15 -57.4 3
      vertex 278.65 -74.5 3
      vertex 216.15 -57.4 3
    endloop
  endfacet
  facet normal 0 0 1
    outer loop
      vertex 152.5 -74.5 3
      vertex 213.15 -57.4 3
      vertex 210.15 -57.4 3
    endloop
  endfacet
  facet normal 0 0 1
    outer loop
      vertex 207.15 -37.4 3
      vertex 210.15 -37.4 3
      vertex 207.15 -33.4 3
    endloop
  endfacet
  facet normal 0 0 1
    outer loop
      vertex 210.15 -37.4 3
      vertex 207.15 -37.4 3
      vertex 210.15 -57.4 3
    endloop
  endfacet
  facet normal 0 0 1
    outer loop
      vertex 207.15 -57.4 3
      vertex 210.15 -57.4 3
      vertex 207.15 -37.4 3
    endloop
  endfacet
  facet normal 0 0 1
    outer loop
      vertex 152.5 -74.5 3
      vertex 210.15 -57.4 3
      vertex 207.15 -57.4 3
    endloop
  endfacet
  facet normal 0 0 1
    outer loop
      vertex 152.5 -74.5 3
      vertex 207.15 -57.4 3
      vertex 204.15 -57.4 3
    endloop
  endfacet
  facet normal 0 0 1
    outer loop
      vertex 201.15 -37.4 3
      vertex 204.15 -37.4 3
      vertex 201.15 -33.4 3
    endloop
  endfacet
  facet normal 0 0 1
    outer loop
      vertex 204.15 -37.4 3
      vertex 201.15 -37.4 3
      vertex 204.15 -57.4 3
    endloop
  endfacet
  facet normal 0 0 1
    outer loop
      vertex 201.15 -57.4 3
      vertex 204.15 -57.4 3
      vertex 201.15 -37.4 3
    endloop
  endfacet
  facet normal 0 0 1
    outer loop
      vertex 152.5 -74.5 3
      vertex 204.15 -57.4 3
      vertex 201.15 -57.4 3
    endloop
  endfacet
  facet normal 0 0 1
    outer loop
      vertex 152.5 -74.5 3
      vertex 201.15 -57.4 3
      vertex 198.15 -57.4 3
    endloop
  endfacet
  facet normal 0 0 1
    outer loop
      vertex 195.15 -37.4 3
      vertex 198.15 -37.4 3
      vertex 195.15 -33.4 3
    endloop
  endfacet
  facet normal 0 0 1
    outer loop
      vertex 198.15 -37.4 3
      vertex 195.15 -37.4 3
      vertex 198.15 -57.4 3
    endloop
  endfacet
  facet normal 0 0 1
    outer loop
      vertex 195.15 -57.4 3
      vertex 198.15 -57.4 3
      vertex 195.15 -37.4 3
    endloop
  endfacet
  facet normal 0 0 1
    outer loop
      vertex 152.5 -74.5 3
      vertex 198.15 -57.4 3
      vertex 195.15 -57.4 3
    endloop
  endfacet
  facet normal 0 0 1
    outer loop
      vertex 152.5 -74.5 3
      vertex 195.15 -57.4 3
      vertex 192.15 -57.4 3
    endloop
  endfacet
  facet normal 0 0 1
    outer loop
      vertex 189.15 -37.4 3
      vertex 192.15 -37.4 3
      vertex 189.15 -33.4 3
    endloop
  endfacet
  facet normal 0 0 1
    outer loop
      vertex 192.15 -37.4 3
      vertex 189.15 -37.4 3
      vertex 192.15 -57.4 3
    endloop
  endfacet
  facet normal 0 0 1
    outer loop
      vertex 189.15 -57.4 3
      vertex 192.15 -57.4 3
      vertex 189.15 -37.4 3
    endloop
  endfacet
  facet normal 0 0 1
    outer loop
      vertex 152.5 -74.5 3
      vertex 192.15 -57.4 3
      vertex 189.15 -57.4 3
    endloop
  endfacet
  facet normal 0 0 1
    outer loop
      vertex 152.5 -74.5 3
      vertex 189.15 -57.4 3
      vertex 186.15 -57.4 3
    endloop
  endfacet
  facet normal 0 0 1
    outer loop
      vertex 183.15 -37.4 3
      vertex 186.15 -37.4 3
      vertex 183.15 -33.4 3
    endloop
  endfacet
  facet normal 0 0 1
    outer loop
      vertex 186.15 -37.4 3
      vertex 183.15 -37.4 3
      vertex 186.15 -57.4 3
    endloop
  endfacet
  facet normal 0 0 1
    outer loop
      vertex 183.15 -57.4 3
      vertex 186.15 -57.4 3
      vertex 183.15 -37.4 3
    endloop
  endfacet
  facet normal 0 0 1
    outer loop
      vertex 152.5 -74.5 3
      vertex 186.15 -57.4 3
      vertex 183.15 -57.4 3
    endloop
  endfacet
  facet normal 0 0 1
    outer loop
      vertex 152.5 -74.5 3
      vertex 183.15 -57.4 3
      vertex 180.15 -57.4 3
    endloop
  endfacet
  facet normal 0 0 1
    outer loop
      vertex 177.15 -37.4 3
      vertex 180.15 -37.4 3
      vertex 177.15 -33.4 3
    endloop
  endfacet
  facet normal 0 0 1
    outer loop
      vertex 180.15 -37.4 3
      vertex 177.15 -37.4 3
      vertex 180.15 -57.4 3
    endloop
  endfacet
  facet normal 0 0 1
    outer loop
      vertex 177.15 -57.4 3
      vertex 180.15 -57.4 3
      vertex 177.15 -37.4 3
    endloop
  endfacet
  facet normal 0 0 1
    outer loop
      vertex 152.5 -74.5 3
      vertex 180.15 -57.4 3
      vertex 177.15 -57.4 3
    endloop
  endfacet
  facet normal 0 0 1
    outer loop
      vertex 152.5 -74.5 3
      vertex 177.15 -57.4 3
      vertex 174.15 -57.4 3
    endloop
  endfacet
  facet normal 0 0 1
    outer loop
      vertex 171.15 -37.4 3
      vertex 174.15 -37.4 3
      vertex 171.15 -33.4 3
    endloop
  endfacet
  facet normal 0 0 1
    outer loop
      vertex 174.15 -37.4 3
      vertex 171.15 -37.4 3
      vertex 174.15 -57.4 3
    endloop
  endfacet
  facet normal 0 0 1
    outer loop
      vertex 171.15 -57.4 3
      vertex 174.15 -57.4 3
      vertex 171.15 -37.4 3
    endloop
  endfacet
  facet normal 0 0 1
    outer loop
      vertex 152.5 -74.5 3
      vertex 174.15 -57.4 3
      vertex 171.15 -57.4 3
    endloop
  endfacet
  facet normal 0 0 1
    outer loop
      vertex 152.5 -74.5 3
      vertex 171.15 -57.4 3
      vertex 168.15 -57.4 3
    endloop
  endfacet
  facet normal 0 0 1
    outer loop
      vertex 165.15 -37.4 3
      vertex 168.15 -37.4 3
      vertex 165.15 -33.4 3
    endloop
  endfacet
  facet normal 0 0 1
    outer loop
      vertex 168.15 -37.4 3
      vertex 165.15 -37.4 3
      vertex 168.15 -57.4 3
    endloop
  endfacet
  facet normal 0 0 1
    outer loop
      vertex 165.15 -57.4 3
      vertex 168.15 -57.4 3
      vertex 165.15 -37.4 3
    endloop
  endfacet
  facet normal 0 0 1
    outer loop
      vertex 152.5 -74.5 3
      vertex 168.15 -57.4 3
      vertex 165.15 -57.4 3
    endloop
  endfacet
  facet normal 0 0 1
    outer loop
      vertex 152.5 -74.5 3
      vertex 165.15 -57.4 3
      vertex 162.15 -57.4 3
    endloop
  endfacet
  facet normal 0 0 1
    outer loop
      vertex 159.15 -37.4 3
      vertex 162.15 -37.4 3
      vertex 159.15 -33.4 3
    endloop
  endfacet
  facet normal 0 0 1
    outer loop
      vertex 162.15 -37.4 3
      vertex 159.15 -37.4 3
      vertex 162.15 -57.4 3
    endloop
  endfacet
  facet normal 0 0 1
    outer loop
      vertex 159.15 -57.4 3
      vertex 162.15 -57.4 3
      vertex 159.15 -37.4 3
    endloop
  endfacet
  facet normal 0 0 1
    outer loop
      vertex 152.5 -74.5 3
      vertex 162.15 -57.4 3
      vertex 159.15 -57.4 3
    endloop
  endfacet
  facet normal 0 0 1
    outer loop
      vertex 152.5 -74.5 3
      vertex 159.15 -57.4 3
      vertex 156.15 -57.4 3
    endloop
  endfacet
  facet normal 0 0 1
    outer loop
      vertex 153.15 -37.4 3
      vertex 156.15 -37.4 3
      vertex 153.15 -33.4 3
    endloop
  endfacet
  facet normal 0 0 1
    outer loop
      vertex 156.15 -37.4 3
      vertex 153.15 -37.4 3
      vertex 156.15 -57.4 3
    endloop
  endfacet
  facet normal 0 0 1
    outer loop
      vertex 153.15 -57.4 3
      vertex 156.15 -57.4 3
      vertex 153.15 -37.4 3
    endloop
  endfacet
  facet normal 0 0 1
    outer loop
      vertex 148 -68 3
      vertex 156.15 -57.4 3
      vertex 153.15 -57.4 3
    endloop
  endfacet
  facet normal 0 0 1
    outer loop
      vertex 213.15 -57.4 3
      vertex 152.5 -74.5 3
      vertex 278.65 -74.5 3
    endloop
  endfacet
  facet normal 0 0 1
    outer loop
      vertex 156.15 -57.4 3
      vertex 148 -68 3
      vertex 152.5 -74.5 3
    endloop
  endfacet
  facet normal 0 0 1
    outer loop
      vertex 148 -68 3
      vertex 153.15 -57.4 3
      vertex 150.15 -57.4 3
    endloop
  endfacet
  facet normal -0 0 1
    outer loop
      vertex 276.15 -33.4 3
      vertex 279.15 -37.4 3
      vertex 279.15 -33.4 3
    endloop
  endfacet
  facet normal 0 0 1
    outer loop
      vertex 279.15 -37.4 3
      vertex 276.15 -33.4 3
      vertex 276.15 -37.4 3
    endloop
  endfacet
  facet normal 0 0 1
    outer loop
      vertex 252.15 -13.4 3
      vertex 246.5 43.3 3
      vertex 249.15 -13.4 3
    endloop
  endfacet
  facet normal 0 0 1
    outer loop
      vertex 246.5 43.3 3
      vertex 246.15 -13.4 3
      vertex 249.15 -13.4 3
    endloop
  endfacet
  facet normal -0 0 1
    outer loop
      vertex 243.15 -13.4 3
      vertex 246.15 -33.4 3
      vertex 246.15 -13.4 3
    endloop
  endfacet
  facet normal 0 0 1
    outer loop
      vertex 243.15 -33.4 3
      vertex 246.15 -33.4 3
      vertex 243.15 -13.4 3
    endloop
  endfacet
  facet normal 0 0 1
    outer loop
      vertex 246.15 -33.4 3
      vertex 243.15 -33.4 3
      vertex 246.15 -37.4 3
    endloop
  endfacet
  facet normal 0 0 1
    outer loop
      vertex 246.5 43.3 3
      vertex 243.15 -13.4 3
      vertex 246.15 -13.4 3
    endloop
  endfacet
  facet normal 0 0 1
    outer loop
      vertex 246.5 43.3 3
      vertex 240.15 -13.4 3
      vertex 243.15 -13.4 3
    endloop
  endfacet
  facet normal -0 0 1
    outer loop
      vertex 237.15 -13.4 3
      vertex 240.15 -33.4 3
      vertex 240.15 -13.4 3
    endloop
  endfacet
  facet normal 0 0 1
    outer loop
      vertex 237.15 -33.4 3
      vertex 240.15 -33.4 3
      vertex 237.15 -13.4 3
    endloop
  endfacet
  facet normal 0 0 1
    outer loop
      vertex 240.15 -33.4 3
      vertex 237.15 -33.4 3
      vertex 240.15 -37.4 3
    endloop
  endfacet
  facet normal -0 0 1
    outer loop
      vertex 235.7 43.3 3
      vertex 240.15 -13.4 3
      vertex 246.5 43.3 3
    endloop
  endfacet
  facet normal 0 0 1
    outer loop
      vertex 240.15 -13.4 3
      vertex 235.7 43.3 3
      vertex 237.15 -13.4 3
    endloop
  endfacet
  facet normal 0 0 1
    outer loop
      vertex 237.15 -13.4 3
      vertex 235.7 43.3 3
      vertex 234.15 -13.4 3
    endloop
  endfacet
  facet normal 0 0 1
    outer loop
      vertex 198.15 -13.4 3
      vertex 193.45 43.3 3
      vertex 195.15 -13.4 3
    endloop
  endfacet
  facet normal 0 0 1
    outer loop
      vertex 193.45 43.3 3
      vertex 192.15 -13.4 3
      vertex 195.15 -13.4 3
    endloop
  endfacet
  facet normal -0 0 1
    outer loop
      vertex 189.15 -13.4 3
      vertex 192.15 -33.4 3
      vertex 192.15 -13.4 3
    endloop
  endfacet
  facet normal 0 0 1
    outer loop
      vertex 189.15 -33.4 3
      vertex 192.15 -33.4 3
      vertex 189.15 -13.4 3
    endloop
  endfacet
  facet normal 0 0 1
    outer loop
      vertex 192.15 -33.4 3
      vertex 189.15 -33.4 3
      vertex 192.15 -37.4 3
    endloop
  endfacet
  facet normal 0 0 1
    outer loop
      vertex 193.45 43.3 3
      vertex 189.15 -13.4 3
      vertex 192.15 -13.4 3
    endloop
  endfacet
  facet normal -0 0 1
    outer loop
      vertex 182.65 43.3 3
      vertex 189.15 -13.4 3
      vertex 193.45 43.3 3
    endloop
  endfacet
  facet normal -0 0 1
    outer loop
      vertex 183.15 -13.4 3
      vertex 186.15 -33.4 3
      vertex 186.15 -13.4 3
    endloop
  endfacet
  facet normal 0 0 1
    outer loop
      vertex 183.15 -33.4 3
      vertex 186.15 -33.4 3
      vertex 183.15 -13.4 3
    endloop
  endfacet
  facet normal 0 0 1
    outer loop
      vertex 186.15 -33.4 3
      vertex 183.15 -33.4 3
      vertex 186.15 -37.4 3
    endloop
  endfacet
  facet normal 0 0 1
    outer loop
      vertex 189.15 -13.4 3
      vertex 182.65 43.3 3
      vertex 186.15 -13.4 3
    endloop
  endfacet
  facet normal 0 0 1
    outer loop
      vertex 186.15 -13.4 3
      vertex 182.65 43.3 3
      vertex 183.15 -13.4 3
    endloop
  endfacet
  facet normal 0 0 1
    outer loop
      vertex 183.15 -13.4 3
      vertex 182.65 43.3 3
      vertex 180.15 -13.4 3
    endloop
  endfacet
  facet normal -0 0 1
    outer loop
      vertex 282.15 -33.4 3
      vertex 285.15 -37.4 3
      vertex 285.15 -33.4 3
    endloop
  endfacet
  facet normal 0 0 1
    outer loop
      vertex 285.15 -37.4 3
      vertex 282.15 -33.4 3
      vertex 282.15 -37.4 3
    endloop
  endfacet
  facet normal -0 0 1
    outer loop
      vertex 285.15 -33.4 3
      vertex 287.65 -65.5 3
      vertex 285.15 -13.4 3
    endloop
  endfacet
  facet normal 0 0 1
    outer loop
      vertex 270.15 -13.4 3
      vertex 287.65 32.5 3
      vertex 281.15 37 3
    endloop
  endfacet
  facet normal 0 0 1
    outer loop
      vertex 279.15 -33.4 3
      vertex 282.15 -33.4 3
      vertex 282.15 -13.4 3
    endloop
  endfacet
  facet normal 0 0 1
    outer loop
      vertex 282.15 -33.4 3
      vertex 279.15 -33.4 3
      vertex 282.15 -37.4 3
    endloop
  endfacet
  facet normal 0 0 1
    outer loop
      vertex 287.65 32.5 3
      vertex 279.15 -13.4 3
      vertex 282.15 -13.4 3
    endloop
  endfacet
  facet normal 0 0 1
    outer loop
      vertex 287.65 32.5 3
      vertex 282.15 -13.4 3
      vertex 285.15 -13.4 3
    endloop
  endfacet
  facet normal 0 0 1
    outer loop
      vertex 281.15 43 3
      vertex 287.65 47.5 3
      vertex 287.65 50 3
    endloop
  endfacet
  facet normal 0 0 1
    outer loop
      vertex 287.65 47.5 3
      vertex 287.15 43 3
      vertex 287.65 32.5 3
    endloop
  endfacet
  facet normal 0 0 1
    outer loop
      vertex 287.65 32.5 3
      vertex 287.15 43 3
      vertex 287.15 37 3
    endloop
  endfacet
  facet normal 0 0 1
    outer loop
      vertex 287.65 47.5 3
      vertex 281.15 43 3
      vertex 287.15 43 3
    endloop
  endfacet
  facet normal -0 0 1
    outer loop
      vertex 246.5 43.3 3
      vertex 281.15 43 3
      vertex 246.5 47.9187 3
    endloop
  endfacet
  facet normal 0 0 1
    outer loop
      vertex 279.15 -33.4 3
      vertex 282.15 -13.4 3
      vertex 279.15 -13.4 3
    endloop
  endfacet
  facet normal 0 0 1
    outer loop
      vertex 282.15 -37.4 3
      vertex 279.15 -33.4 3
      vertex 279.15 -37.4 3
    endloop
  endfacet
  facet normal 0 0 1
    outer loop
      vertex 287.65 32.5 3
      vertex 276.15 -13.4 3
      vertex 279.15 -13.4 3
    endloop
  endfacet
  facet normal -0 0 1
    outer loop
      vertex 273.15 -13.4 3
      vertex 276.15 -33.4 3
      vertex 276.15 -13.4 3
    endloop
  endfacet
  facet normal 0 0 1
    outer loop
      vertex 273.15 -33.4 3
      vertex 276.15 -33.4 3
      vertex 273.15 -13.4 3
    endloop
  endfacet
  facet normal 0 0 1
    outer loop
      vertex 276.15 -33.4 3
      vertex 273.15 -33.4 3
      vertex 276.15 -37.4 3
    endloop
  endfacet
  facet normal 0 0 1
    outer loop
      vertex 287.65 32.5 3
      vertex 273.15 -13.4 3
      vertex 276.15 -13.4 3
    endloop
  endfacet
  facet normal 0 0 1
    outer loop
      vertex 287.65 32.5 3
      vertex 270.15 -13.4 3
      vertex 273.15 -13.4 3
    endloop
  endfacet
  facet normal -0 0 1
    outer loop
      vertex 267.15 -13.4 3
      vertex 270.15 -33.4 3
      vertex 270.15 -13.4 3
    endloop
  endfacet
  facet normal 0 0 1
    outer loop
      vertex 267.15 -33.4 3
      vertex 270.15 -33.4 3
      vertex 267.15 -13.4 3
    endloop
  endfacet
  facet normal 0 0 1
    outer loop
      vertex 270.15 -33.4 3
      vertex 267.15 -33.4 3
      vertex 270.15 -37.4 3
    endloop
  endfacet
  facet normal 0 0 1
    outer loop
      vertex 281.15 37 3
      vertex 267.15 -13.4 3
      vertex 270.15 -13.4 3
    endloop
  endfacet
  facet normal 0 0 1
    outer loop
      vertex 281.15 37 3
      vertex 264.15 -13.4 3
      vertex 267.15 -13.4 3
    endloop
  endfacet
  facet normal -0 0 1
    outer loop
      vertex 261.15 -13.4 3
      vertex 264.15 -33.4 3
      vertex 264.15 -13.4 3
    endloop
  endfacet
  facet normal 0 0 1
    outer loop
      vertex 261.15 -33.4 3
      vertex 264.15 -33.4 3
      vertex 261.15 -13.4 3
    endloop
  endfacet
  facet normal 0 0 1
    outer loop
      vertex 264.15 -33.4 3
      vertex 261.15 -33.4 3
      vertex 264.15 -37.4 3
    endloop
  endfacet
  facet normal 0 0 1
    outer loop
      vertex 281.15 37 3
      vertex 261.15 -13.4 3
      vertex 264.15 -13.4 3
    endloop
  endfacet
  facet normal 0 0 1
    outer loop
      vertex 281.15 43 3
      vertex 246.5 43.3 3
      vertex 281.15 37 3
    endloop
  endfacet
  facet normal -0 0 1
    outer loop
      vertex 255.15 -13.4 3
      vertex 258.15 -33.4 3
      vertex 258.15 -13.4 3
    endloop
  endfacet
  facet normal 0 0 1
    outer loop
      vertex 255.15 -33.4 3
      vertex 258.15 -33.4 3
      vertex 255.15 -13.4 3
    endloop
  endfacet
  facet normal 0 0 1
    outer loop
      vertex 258.15 -33.4 3
      vertex 255.15 -33.4 3
      vertex 258.15 -37.4 3
    endloop
  endfacet
  facet normal 0 0 1
    outer loop
      vertex 281.15 37 3
      vertex 258.15 -13.4 3
      vertex 261.15 -13.4 3
    endloop
  endfacet
  facet normal 0 0 1
    outer loop
      vertex 246.5 43.3 3
      vertex 258.15 -13.4 3
      vertex 281.15 37 3
    endloop
  endfacet
  facet normal -0 0 1
    outer loop
      vertex 249.15 -13.4 3
      vertex 252.15 -33.4 3
      vertex 252.15 -13.4 3
    endloop
  endfacet
  facet normal 0 0 1
    outer loop
      vertex 249.15 -33.4 3
      vertex 252.15 -33.4 3
      vertex 249.15 -13.4 3
    endloop
  endfacet
  facet normal 0 0 1
    outer loop
      vertex 252.15 -33.4 3
      vertex 249.15 -33.4 3
      vertex 252.15 -37.4 3
    endloop
  endfacet
  facet normal 0 0 1
    outer loop
      vertex 258.15 -13.4 3
      vertex 246.5 43.3 3
      vertex 255.15 -13.4 3
    endloop
  endfacet
  facet normal 0 0 1
    outer loop
      vertex 255.15 -13.4 3
      vertex 246.5 43.3 3
      vertex 252.15 -13.4 3
    endloop
  endfacet
  facet normal 0 0 1
    outer loop
      vertex 287.65 50 3
      vertex 246.5 47.9187 3
      vertex 281.15 43 3
    endloop
  endfacet
  facet normal -0 0 1
    outer loop
      vertex 244.3 50 3
      vertex 246.5 47.9187 3
      vertex 287.65 50 3
    endloop
  endfacet
  facet normal 0 0 1
    outer loop
      vertex 246.5 47.9187 3
      vertex 244.3 50 3
      vertex 244.3 49.1187 3
    endloop
  endfacet
  facet normal -0 0 1
    outer loop
      vertex 287.65 47.5 3
      vertex 289.15 32.5 3
      vertex 289.15 47.5 3
    endloop
  endfacet
  facet normal 0 0 1
    outer loop
      vertex 289.15 32.5 3
      vertex 287.65 47.5 3
      vertex 287.65 32.5 3
    endloop
  endfacet
  facet normal 0 0 1
    outer loop
      vertex 289.15 47.5 3
      vertex 294.15 50 3
      vertex 289.15 50 3
    endloop
  endfacet
  facet normal 0 0 1
    outer loop
      vertex 289.15 32.5 3
      vertex 294.15 50 3
      vertex 289.15 47.5 3
    endloop
  endfacet
  facet normal 0 0 1
    outer loop
      vertex 294.15 50 3
      vertex 289.15 32.5 3
      vertex 294.15 -81 3
    endloop
  endfacet
  facet normal -0 0 1
    outer loop
      vertex 289.15 -65.5 3
      vertex 294.15 -81 3
      vertex 289.15 32.5 3
    endloop
  endfacet
  facet normal 0 0 1
    outer loop
      vertex 287.15 -68 3
      vertex 289.15 -65.5 3
      vertex 287.65 -65.5 3
    endloop
  endfacet
  facet normal -0 0 1
    outer loop
      vertex 281.15 37 3
      vertex 287.65 32.5 3
      vertex 287.15 37 3
    endloop
  endfacet
  facet normal -0 0 1
    outer loop
      vertex 285.15 -13.4 3
      vertex 287.65 -65.5 3
      vertex 287.65 32.5 3
    endloop
  endfacet
  facet normal 0 0 1
    outer loop
      vertex 287.15 -74 3
      vertex 289.15 -65.5 3
      vertex 287.15 -68 3
    endloop
  endfacet
  facet normal 0 0 1
    outer loop
      vertex 289.15 -65.5 3
      vertex 287.15 -74 3
      vertex 294.15 -81 3
    endloop
  endfacet
  facet normal 0 0 1
    outer loop
      vertex 278.65 -76 3
      vertex 287.15 -74 3
      vertex 281.15 -74 3
    endloop
  endfacet
  facet normal 0 0 1
    outer loop
      vertex 279.15 -57.4 3
      vertex 282.15 -37.4 3
      vertex 279.15 -37.4 3
    endloop
  endfacet
  facet normal 0 0 1
    outer loop
      vertex 282.15 -37.4 3
      vertex 279.15 -57.4 3
      vertex 281.15 -68 3
    endloop
  endfacet
  facet normal -0 0 1
    outer loop
      vertex 276.15 -57.4 3
      vertex 281.15 -68 3
      vertex 279.15 -57.4 3
    endloop
  endfacet
  facet normal 0 0 1
    outer loop
      vertex 281.15 -68 3
      vertex 278.65 -74.5 3
      vertex 281.15 -74 3
    endloop
  endfacet
  facet normal 0 0 1
    outer loop
      vertex 278.65 -76 3
      vertex 281.15 -74 3
      vertex 278.65 -74.5 3
    endloop
  endfacet
  facet normal 0 0 1
    outer loop
      vertex 287.15 -74 3
      vertex 278.65 -76 3
      vertex 294.15 -81 3
    endloop
  endfacet
  facet normal -0 0 1
    outer loop
      vertex 152.5 -76 3
      vertex 294.15 -81 3
      vertex 278.65 -76 3
    endloop
  endfacet
  facet normal -0 0 1
    outer loop
      vertex 148 -74 3
      vertex 152.5 -74.5 3
      vertex 148 -68 3
    endloop
  endfacet
  facet normal 0 0 1
    outer loop
      vertex 152.5 -74.5 3
      vertex 148 -74 3
      vertex 152.5 -76 3
    endloop
  endfacet
  facet normal 0 0 1
    outer loop
      vertex 135 -81 3
      vertex 148 -74 3
      vertex 142 -74 3
    endloop
  endfacet
  facet normal 0 0 1
    outer loop
      vertex 144.15 -37.4 3
      vertex 141.7 -42.7333 3
      vertex 144.15 -57.4 3
    endloop
  endfacet
  facet normal 0 0 1
    outer loop
      vertex 141.15 -57.4 3
      vertex 144.15 -57.4 3
      vertex 141.7 -42.7333 3
    endloop
  endfacet
  facet normal 0 0 1
    outer loop
      vertex 144.15 -57.4 3
      vertex 141.15 -57.4 3
      vertex 142 -68 3
    endloop
  endfacet
  facet normal 0 0 1
    outer loop
      vertex 141.15 -57.4 3
      vertex 141.7 -42.7333 3
      vertex 141.15 -42.7333 3
    endloop
  endfacet
  facet normal -0 0 1
    outer loop
      vertex 138.15 -57.4 3
      vertex 142 -68 3
      vertex 141.15 -57.4 3
    endloop
  endfacet
  facet normal 0 0 1
    outer loop
      vertex 137.5 -74.5 3
      vertex 142 -68 3
      vertex 138.15 -57.4 3
    endloop
  endfacet
  facet normal 0 0 1
    outer loop
      vertex 142 -68 3
      vertex 137.5 -74.5 3
      vertex 142 -74 3
    endloop
  endfacet
  facet normal 0 0 1
    outer loop
      vertex 137.5 -76 3
      vertex 142 -74 3
      vertex 137.5 -74.5 3
    endloop
  endfacet
  facet normal 0 0 1
    outer loop
      vertex 135 -81 3
      vertex 142 -74 3
      vertex 137.5 -76 3
    endloop
  endfacet
  facet normal 0 0 1
    outer loop
      vertex 148 -74 3
      vertex 135 -81 3
      vertex 152.5 -76 3
    endloop
  endfacet
  facet normal 0 0 1
    outer loop
      vertex 135 -81 3
      vertex 137.5 -76 3
      vertex 135 -76 3
    endloop
  endfacet
  facet normal 0 0 1
    outer loop
      vertex 152.5 -76 3
      vertex 135 -81 3
      vertex 294.15 -81 3
    endloop
  endfacet
  facet normal -0 0 1
    outer loop
      vertex 285.15 -37.4 3
      vertex 287.65 -65.5 3
      vertex 285.15 -33.4 3
    endloop
  endfacet
  facet normal -0 0 1
    outer loop
      vertex 285.15 -57.4 3
      vertex 287.65 -65.5 3
      vertex 285.15 -37.4 3
    endloop
  endfacet
  facet normal -0 0 1
    outer loop
      vertex 282.15 -57.4 3
      vertex 287.65 -65.5 3
      vertex 285.15 -57.4 3
    endloop
  endfacet
  facet normal 0 0 1
    outer loop
      vertex 287.65 -65.5 3
      vertex 282.15 -57.4 3
      vertex 281.15 -68 3
    endloop
  endfacet
  facet normal 0 0 1
    outer loop
      vertex 287.65 -65.5 3
      vertex 281.15 -68 3
      vertex 287.15 -68 3
    endloop
  endfacet
  facet normal 0 0 1
    outer loop
      vertex 282.15 -37.4 3
      vertex 281.15 -68 3
      vertex 282.15 -57.4 3
    endloop
  endfacet
  facet normal 0 -1 0
    outer loop
      vertex 135 -81 7.62939e-07
      vertex 294.15 -81 3
      vertex 135 -81 3
    endloop
  endfacet
  facet normal 0 -1 -0
    outer loop
      vertex 294.15 -81 3
      vertex 135 -81 7.62939e-07
      vertex 294.15 -81 7.62939e-07
    endloop
  endfacet
  facet normal 1 -0 0
    outer loop
      vertex 289.15 47.5 7
      vertex 289.15 50 3
      vertex 289.15 50 7
    endloop
  endfacet
  facet normal 1 0 0
    outer loop
      vertex 289.15 50 3
      vertex 289.15 47.5 7
      vertex 289.15 47.5 3
    endloop
  endfacet
  facet normal -0 0 1
    outer loop
      vertex 287.65 50 7
      vertex 289.15 47.5 7
      vertex 289.15 50 7
    endloop
  endfacet
  facet normal 0 0 1
    outer loop
      vertex 289.15 47.5 7
      vertex 287.65 50 7
      vertex 287.65 47.5 7
    endloop
  endfacet
  facet normal -1 0 0
    outer loop
      vertex 287.65 47.5 3
      vertex 287.65 50 7
      vertex 287.65 50 3
    endloop
  endfacet
  facet normal -1 -0 0
    outer loop
      vertex 287.65 50 7
      vertex 287.65 47.5 3
      vertex 287.65 47.5 7
    endloop
  endfacet
  facet normal 0 -1 0
    outer loop
      vertex 287.65 47.5 3
      vertex 289.15 47.5 7
      vertex 287.65 47.5 7
    endloop
  endfacet
  facet normal 0 -1 -0
    outer loop
      vertex 289.15 47.5 7
      vertex 287.65 47.5 3
      vertex 289.15 47.5 3
    endloop
  endfacet
  facet normal 1 -0 0
    outer loop
      vertex 289.15 -65.5 7
      vertex 289.15 32.5 3
      vertex 289.15 32.5 7
    endloop
  endfacet
  facet normal 1 0 0
    outer loop
      vertex 289.15 32.5 3
      vertex 289.15 -65.5 7
      vertex 289.15 -65.5 3
    endloop
  endfacet
  facet normal -0 0 1
    outer loop
      vertex 287.65 32.5 7
      vertex 289.15 -65.5 7
      vertex 289.15 32.5 7
    endloop
  endfacet
  facet normal 0 0 1
    outer loop
      vertex 289.15 -65.5 7
      vertex 287.65 32.5 7
      vertex 287.65 -65.5 7
    endloop
  endfacet
  facet normal -1 0 0
    outer loop
      vertex 287.65 -65.5 3
      vertex 287.65 32.5 7
      vertex 287.65 32.5 3
    endloop
  endfacet
  facet normal -1 -0 0
    outer loop
      vertex 287.65 32.5 7
      vertex 287.65 -65.5 3
      vertex 287.65 -65.5 7
    endloop
  endfacet
  facet normal 0 -1 0
    outer loop
      vertex 287.65 -65.5 3
      vertex 289.15 -65.5 7
      vertex 287.65 -65.5 7
    endloop
  endfacet
  facet normal 0 -1 -0
    outer loop
      vertex 289.15 -65.5 7
      vertex 287.65 -65.5 3
      vertex 289.15 -65.5 3
    endloop
  endfacet
  facet normal 0 1 -0
    outer loop
      vertex 289.15 32.5 3
      vertex 287.65 32.5 7
      vertex 289.15 32.5 7
    endloop
  endfacet
  facet normal 0 1 0
    outer loop
      vertex 287.65 32.5 7
      vertex 289.15 32.5 3
      vertex 287.65 32.5 3
    endloop
  endfacet
  facet normal 1 -0 0
    outer loop
      vertex 137.5 -76 7
      vertex 137.5 -74.5 3
      vertex 137.5 -74.5 7
    endloop
  endfacet
  facet normal 1 0 0
    outer loop
      vertex 137.5 -74.5 3
      vertex 137.5 -76 7
      vertex 137.5 -76 3
    endloop
  endfacet
  facet normal -0 0 1
    outer loop
      vertex 135 -74.5 7
      vertex 137.5 -76 7
      vertex 137.5 -74.5 7
    endloop
  endfacet
  facet normal 0 0 1
    outer loop
      vertex 137.5 -76 7
      vertex 135 -74.5 7
      vertex 135 -76 7
    endloop
  endfacet
  facet normal 0 -1 0
    outer loop
      vertex 135 -76 3
      vertex 137.5 -76 7
      vertex 135 -76 7
    endloop
  endfacet
  facet normal 0 -1 -0
    outer loop
      vertex 137.5 -76 7
      vertex 135 -76 3
      vertex 137.5 -76 3
    endloop
  endfacet
  facet normal 0 1 -0
    outer loop
      vertex 137.5 -74.5 3
      vertex 135 -74.5 7
      vertex 137.5 -74.5 7
    endloop
  endfacet
  facet normal 0 1 0
    outer loop
      vertex 135 -74.5 7
      vertex 137.5 -74.5 3
      vertex 135 -74.5 3
    endloop
  endfacet
  facet normal 1 -0 0
    outer loop
      vertex 278.65 -76 7
      vertex 278.65 -74.5 3
      vertex 278.65 -74.5 7
    endloop
  endfacet
  facet normal 1 0 0
    outer loop
      vertex 278.65 -74.5 3
      vertex 278.65 -76 7
      vertex 278.65 -76 3
    endloop
  endfacet
  facet normal -0 0 1
    outer loop
      vertex 152.5 -74.5 7
      vertex 278.65 -76 7
      vertex 278.65 -74.5 7
    endloop
  endfacet
  facet normal 0 0 1
    outer loop
      vertex 278.65 -76 7
      vertex 152.5 -74.5 7
      vertex 152.5 -76 7
    endloop
  endfacet
  facet normal -1 0 0
    outer loop
      vertex 152.5 -76 3
      vertex 152.5 -74.5 7
      vertex 152.5 -74.5 3
    endloop
  endfacet
  facet normal -1 -0 0
    outer loop
      vertex 152.5 -74.5 7
      vertex 152.5 -76 3
      vertex 152.5 -76 7
    endloop
  endfacet
  facet normal 0 -1 0
    outer loop
      vertex 152.5 -76 3
      vertex 278.65 -76 7
      vertex 152.5 -76 7
    endloop
  endfacet
  facet normal 0 -1 -0
    outer loop
      vertex 278.65 -76 7
      vertex 152.5 -76 3
      vertex 278.65 -76 3
    endloop
  endfacet
  facet normal 0 1 -0
    outer loop
      vertex 278.65 -74.5 3
      vertex 152.5 -74.5 7
      vertex 278.65 -74.5 7
    endloop
  endfacet
  facet normal 0 1 0
    outer loop
      vertex 152.5 -74.5 7
      vertex 278.65 -74.5 3
      vertex 152.5 -74.5 3
    endloop
  endfacet
  facet normal 1 -0 0
    outer loop
      vertex 287.15 -74 6.6
      vertex 287.15 -68 3
      vertex 287.15 -68 6.6
    endloop
  endfacet
  facet normal 1 0 0
    outer loop
      vertex 287.15 -68 3
      vertex 287.15 -74 6.6
      vertex 287.15 -74 3
    endloop
  endfacet
  facet normal -0 0 1
    outer loop
      vertex 281.15 -68 6.6
      vertex 287.15 -74 6.6
      vertex 287.15 -68 6.6
    endloop
  endfacet
  facet normal 0 0 1
    outer loop
      vertex 287.15 -74 6.6
      vertex 281.15 -68 6.6
      vertex 281.15 -74 6.6
    endloop
  endfacet
  facet normal -1 0 0
    outer loop
      vertex 281.15 -74 3
      vertex 281.15 -68 6.6
      vertex 281.15 -68 3
    endloop
  endfacet
  facet normal -1 -0 0
    outer loop
      vertex 281.15 -68 6.6
      vertex 281.15 -74 3
      vertex 281.15 -74 6.6
    endloop
  endfacet
  facet normal 0 -1 0
    outer loop
      vertex 281.15 -74 3
      vertex 287.15 -74 6.6
      vertex 281.15 -74 6.6
    endloop
  endfacet
  facet normal 0 -1 -0
    outer loop
      vertex 287.15 -74 6.6
      vertex 281.15 -74 3
      vertex 287.15 -74 3
    endloop
  endfacet
  facet normal 0 1 -0
    outer loop
      vertex 287.15 -68 3
      vertex 281.15 -68 6.6
      vertex 287.15 -68 6.6
    endloop
  endfacet
  facet normal 0 1 0
    outer loop
      vertex 281.15 -68 6.6
      vertex 287.15 -68 3
      vertex 281.15 -68 3
    endloop
  endfacet
  facet normal 1 -0 0
    outer loop
      vertex 287.15 37 6.6
      vertex 287.15 43 3
      vertex 287.15 43 6.6
    endloop
  endfacet
  facet normal 1 0 0
    outer loop
      vertex 287.15 43 3
      vertex 287.15 37 6.6
      vertex 287.15 37 3
    endloop
  endfacet
  facet normal -0 0 1
    outer loop
      vertex 281.15 43 6.6
      vertex 287.15 37 6.6
      vertex 287.15 43 6.6
    endloop
  endfacet
  facet normal 0 0 1
    outer loop
      vertex 287.15 37 6.6
      vertex 281.15 43 6.6
      vertex 281.15 37 6.6
    endloop
  endfacet
  facet normal -1 0 0
    outer loop
      vertex 281.15 37 3
      vertex 281.15 43 6.6
      vertex 281.15 43 3
    endloop
  endfacet
  facet normal -1 -0 0
    outer loop
      vertex 281.15 43 6.6
      vertex 281.15 37 3
      vertex 281.15 37 6.6
    endloop
  endfacet
  facet normal 0 -1 0
    outer loop
      vertex 281.15 37 3
      vertex 287.15 37 6.6
      vertex 281.15 37 6.6
    endloop
  endfacet
  facet normal 0 -1 -0
    outer loop
      vertex 287.15 37 6.6
      vertex 281.15 37 3
      vertex 287.15 37 3
    endloop
  endfacet
  facet normal 0 1 -0
    outer loop
      vertex 287.15 43 3
      vertex 281.15 43 6.6
      vertex 287.15 43 6.6
    endloop
  endfacet
  facet normal 0 1 0
    outer loop
      vertex 281.15 43 6.6
      vertex 287.15 43 3
      vertex 281.15 43 3
    endloop
  endfacet
  facet normal 1 -0 0
    outer loop
      vertex 148 -74 6.6
      vertex 148 -68 3
      vertex 148 -68 6.6
    endloop
  endfacet
  facet normal 1 0 0
    outer loop
      vertex 148 -68 3
      vertex 148 -74 6.6
      vertex 148 -74 3
    endloop
  endfacet
  facet normal -0 0 1
    outer loop
      vertex 142 -68 6.6
      vertex 148 -74 6.6
      vertex 148 -68 6.6
    endloop
  endfacet
  facet normal 0 0 1
    outer loop
      vertex 148 -74 6.6
      vertex 142 -68 6.6
      vertex 142 -74 6.6
    endloop
  endfacet
  facet normal -1 0 0
    outer loop
      vertex 142 -74 3
      vertex 142 -68 6.6
      vertex 142 -68 3
    endloop
  endfacet
  facet normal -1 -0 0
    outer loop
      vertex 142 -68 6.6
      vertex 142 -74 3
      vertex 142 -74 6.6
    endloop
  endfacet
  facet normal 0 -1 0
    outer loop
      vertex 142 -74 3
      vertex 148 -74 6.6
      vertex 142 -74 6.6
    endloop
  endfacet
  facet normal 0 -1 -0
    outer loop
      vertex 148 -74 6.6
      vertex 142 -74 3
      vertex 148 -74 3
    endloop
  endfacet
  facet normal 0 1 -0
    outer loop
      vertex 148 -68 3
      vertex 142 -68 6.6
      vertex 148 -68 6.6
    endloop
  endfacet
  facet normal 0 1 0
    outer loop
      vertex 142 -68 6.6
      vertex 148 -68 3
      vertex 142 -68 3
    endloop
  endfacet
  facet normal -1 0 0
    outer loop
      vertex 135 -57.4 7.62939e-07
      vertex 135 -74.5 3
      vertex 135 -57.4 3
    endloop
  endfacet
  facet normal -1 0 0
    outer loop
      vertex 135 -74.5 3
      vertex 135 -76 3
      vertex 135 -74.5 7
    endloop
  endfacet
  facet normal -1 0 0
    outer loop
      vertex 135 -81 7.62939e-07
      vertex 135 -74.5 3
      vertex 135 -57.4 7.62939e-07
    endloop
  endfacet
  facet normal -1 -0 0
    outer loop
      vertex 135 -74.5 3
      vertex 135 -81 7.62939e-07
      vertex 135 -76 3
    endloop
  endfacet
  facet normal -1 -0 0
    outer loop
      vertex 135 -76 3
      vertex 135 -81 7.62939e-07
      vertex 135 -81 3
    endloop
  endfacet
  facet normal -1 -0 0
    outer loop
      vertex 135 -74.5 7
      vertex 135 -76 3
      vertex 135 -76 7
    endloop
  endfacet
  facet normal -1 0 0
    outer loop
      vertex 135 -34.1333 7.62939e-07
      vertex 135 -33.4 3
      vertex 135 -33.4 7.62939e-07
    endloop
  endfacet
  facet normal -1 -0 0
    outer loop
      vertex 135 -33.4 3
      vertex 135 -34.1333 7.62939e-07
      vertex 135 -34.1333 3
    endloop
  endfacet
  facet normal -1 0 0
    outer loop
      vertex 135 -13.4 7.62939e-07
      vertex 135 3.13334 3
      vertex 135 3.13334 7.62939e-07
    endloop
  endfacet
  facet normal -1 -0 0
    outer loop
      vertex 135 3.13334 3
      vertex 135 -13.4 7.62939e-07
      vertex 135 -13.4 3
    endloop
  endfacet
  facet normal -1 0 0
    outer loop
      vertex 135 9.53333 7.62939e-07
      vertex 135 50 3
      vertex 135 50 7.62939e-07
    endloop
  endfacet
  facet normal -1 -0 0
    outer loop
      vertex 135 50 3
      vertex 135 9.53333 7.62939e-07
      vertex 135 9.53333 3
    endloop
  endfacet
  facet normal 0 1 -0
    outer loop
      vertex 294.15 50 7.62939e-07
      vertex 289.15 50 3
      vertex 294.15 50 3
    endloop
  endfacet
  facet normal 0 1 0
    outer loop
      vertex 289.15 50 3
      vertex 294.15 50 7.62939e-07
      vertex 287.65 50 3
    endloop
  endfacet
  facet normal 0 1 0
    outer loop
      vertex 244.3 50 7.62939e-07
      vertex 287.65 50 3
      vertex 294.15 50 7.62939e-07
    endloop
  endfacet
  facet normal 0 1 0
    outer loop
      vertex 287.65 50 3
      vertex 244.3 50 7.62939e-07
      vertex 244.3 50 3
    endloop
  endfacet
  facet normal 0 1 -0
    outer loop
      vertex 289.15 50 3
      vertex 287.65 50 7
      vertex 289.15 50 7
    endloop
  endfacet
  facet normal 0 1 0
    outer loop
      vertex 287.65 50 7
      vertex 289.15 50 3
      vertex 287.65 50 3
    endloop
  endfacet
  facet normal 0 1 -0
    outer loop
      vertex 184.85 50 7.62939e-07
      vertex 135 50 3
      vertex 184.85 50 3
    endloop
  endfacet
  facet normal 0 1 0
    outer loop
      vertex 135 50 3
      vertex 184.85 50 7.62939e-07
      vertex 135 50 7.62939e-07
    endloop
  endfacet
  facet normal 0 1 -0
    outer loop
      vertex 237.9 50 7.62939e-07
      vertex 191.25 50 3
      vertex 237.9 50 3
    endloop
  endfacet
  facet normal 0 1 0
    outer loop
      vertex 191.25 50 3
      vertex 237.9 50 7.62939e-07
      vertex 191.25 50 7.62939e-07
    endloop
  endfacet
  facet normal 0.877893 -0.478857 -7.04315e-18
    outer loop
      vertex 135.881 9.53333 3
      vertex 137.081 11.7333 7.62939e-07
      vertex 137.081 11.7333 3
    endloop
  endfacet
  facet normal 0.877893 -0.478857 -7.04315e-18
    outer loop
      vertex 137.081 11.7333 7.62939e-07
      vertex 135.881 9.53333 3
      vertex 135.881 9.53333 7.62939e-07
    endloop
  endfacet
  facet normal 0 -1 0
    outer loop
      vertex 137.081 11.7333 7.62939e-07
      vertex 141.7 11.7333 3
      vertex 137.081 11.7333 3
    endloop
  endfacet
  facet normal 0 -1 -0
    outer loop
      vertex 141.7 11.7333 3
      vertex 137.081 11.7333 7.62939e-07
      vertex 141.7 11.7333 7.62939e-07
    endloop
  endfacet
  facet normal -1 0 0
    outer loop
      vertex 141.7 0.933339 7.62939e-07
      vertex 141.7 11.7333 3
      vertex 141.7 11.7333 7.62939e-07
    endloop
  endfacet
  facet normal -1 -0 0
    outer loop
      vertex 141.7 11.7333 3
      vertex 141.7 0.933339 7.62939e-07
      vertex 141.7 0.933339 3
    endloop
  endfacet
  facet normal 0 1 -0
    outer loop
      vertex 141.7 0.933339 7.62939e-07
      vertex 137.081 0.933339 3
      vertex 141.7 0.933339 3
    endloop
  endfacet
  facet normal 0 1 0
    outer loop
      vertex 137.081 0.933339 3
      vertex 141.7 0.933339 7.62939e-07
      vertex 137.081 0.933339 7.62939e-07
    endloop
  endfacet
  facet normal 0.877896 0.478852 -2.83522e-17
    outer loop
      vertex 137.081 0.933339 3
      vertex 135.881 3.13334 7.62939e-07
      vertex 135.881 3.13334 3
    endloop
  endfacet
  facet normal 0.877896 0.478852 -2.83522e-17
    outer loop
      vertex 135.881 3.13334 7.62939e-07
      vertex 137.081 0.933339 3
      vertex 137.081 0.933339 7.62939e-07
    endloop
  endfacet
  facet normal 0 1 -0
    outer loop
      vertex 135.881 3.13334 7.62939e-07
      vertex 135 3.13334 3
      vertex 135.881 3.13334 3
    endloop
  endfacet
  facet normal 0 1 0
    outer loop
      vertex 135 3.13334 3
      vertex 135.881 3.13334 7.62939e-07
      vertex 135 3.13334 7.62939e-07
    endloop
  endfacet
  facet normal 0 -1 0
    outer loop
      vertex 135 9.53333 7.62939e-07
      vertex 135.881 9.53333 3
      vertex 135 9.53333 3
    endloop
  endfacet
  facet normal 0 -1 -0
    outer loop
      vertex 135.881 9.53333 3
      vertex 135 9.53333 7.62939e-07
      vertex 135.881 9.53333 7.62939e-07
    endloop
  endfacet
  facet normal 0.877896 -0.478852 2.83537e-17
    outer loop
      vertex 135.881 -34.1333 3
      vertex 137.081 -31.9333 7.62939e-07
      vertex 137.081 -31.9333 3
    endloop
  endfacet
  facet normal 0.877896 -0.478852 2.83537e-17
    outer loop
      vertex 137.081 -31.9333 7.62939e-07
      vertex 135.881 -34.1333 3
      vertex 135.881 -34.1333 7.62939e-07
    endloop
  endfacet
  facet normal 0 -1 0
    outer loop
      vertex 137.081 -31.9333 7.62939e-07
      vertex 138.15 -31.9333 3
      vertex 137.081 -31.9333 3
    endloop
  endfacet
  facet normal 0 -1 -0
    outer loop
      vertex 138.15 -31.9333 3
      vertex 137.081 -31.9333 7.62939e-07
      vertex 138.15 -31.9333 7.62939e-07
    endloop
  endfacet
  facet normal 0 -1 0
    outer loop
      vertex 141.15 -31.9333 7.62939e-07
      vertex 141.7 -31.9333 3
      vertex 141.15 -31.9333 3
    endloop
  endfacet
  facet normal 0 -1 -0
    outer loop
      vertex 141.7 -31.9333 3
      vertex 141.15 -31.9333 7.62939e-07
      vertex 141.7 -31.9333 7.62939e-07
    endloop
  endfacet
  facet normal -1 0 0
    outer loop
      vertex 141.7 -42.7333 7.62939e-07
      vertex 141.7 -31.9333 3
      vertex 141.7 -31.9333 7.62939e-07
    endloop
  endfacet
  facet normal -1 -0 0
    outer loop
      vertex 141.7 -31.9333 3
      vertex 141.7 -42.7333 7.62939e-07
      vertex 141.7 -42.7333 3
    endloop
  endfacet
  facet normal 0 1 -0
    outer loop
      vertex 138.15 -42.7333 7.62939e-07
      vertex 137.081 -42.7333 3
      vertex 138.15 -42.7333 3
    endloop
  endfacet
  facet normal 0 1 0
    outer loop
      vertex 137.081 -42.7333 3
      vertex 138.15 -42.7333 7.62939e-07
      vertex 137.081 -42.7333 7.62939e-07
    endloop
  endfacet
  facet normal 0 1 -0
    outer loop
      vertex 141.7 -42.7333 7.62939e-07
      vertex 141.15 -42.7333 3
      vertex 141.7 -42.7333 3
    endloop
  endfacet
  facet normal 0 1 0
    outer loop
      vertex 141.15 -42.7333 3
      vertex 141.7 -42.7333 7.62939e-07
      vertex 141.15 -42.7333 7.62939e-07
    endloop
  endfacet
  facet normal 0.877896 0.478852 -4.72562e-18
    outer loop
      vertex 137.081 -42.7333 3
      vertex 135.881 -40.5333 7.62939e-07
      vertex 135.881 -40.5333 3
    endloop
  endfacet
  facet normal 0.877896 0.478852 -4.72562e-18
    outer loop
      vertex 135.881 -40.5333 7.62939e-07
      vertex 137.081 -42.7333 3
      vertex 137.081 -42.7333 7.62939e-07
    endloop
  endfacet
  facet normal 0 1 -0
    outer loop
      vertex 135.881 -40.5333 7.62939e-07
      vertex 135.15 -40.5333 3
      vertex 135.881 -40.5333 3
    endloop
  endfacet
  facet normal 0 1 0
    outer loop
      vertex 135.15 -40.5333 3
      vertex 135.881 -40.5333 7.62939e-07
      vertex 135.15 -40.5333 7.62939e-07
    endloop
  endfacet
  facet normal 0 -1 0
    outer loop
      vertex 135 -34.1333 7.62939e-07
      vertex 135.881 -34.1333 3
      vertex 135 -34.1333 3
    endloop
  endfacet
  facet normal 0 -1 -0
    outer loop
      vertex 135.881 -34.1333 3
      vertex 135 -34.1333 7.62939e-07
      vertex 135.881 -34.1333 7.62939e-07
    endloop
  endfacet
  facet normal -0.478852 -0.877896 0
    outer loop
      vertex 191.25 49.1187 7.62939e-07
      vertex 193.45 47.9187 3
      vertex 191.25 49.1187 3
    endloop
  endfacet
  facet normal -0.478852 -0.877896 -0
    outer loop
      vertex 193.45 47.9187 3
      vertex 191.25 49.1187 7.62939e-07
      vertex 193.45 47.9187 7.62939e-07
    endloop
  endfacet
  facet normal -1 0 0
    outer loop
      vertex 193.45 43.3 7.62939e-07
      vertex 193.45 47.9187 3
      vertex 193.45 47.9187 7.62939e-07
    endloop
  endfacet
  facet normal -1 -0 0
    outer loop
      vertex 193.45 47.9187 3
      vertex 193.45 43.3 7.62939e-07
      vertex 193.45 43.3 3
    endloop
  endfacet
  facet normal 0 1 -0
    outer loop
      vertex 193.45 43.3 7.62939e-07
      vertex 182.65 43.3 3
      vertex 193.45 43.3 3
    endloop
  endfacet
  facet normal 0 1 0
    outer loop
      vertex 182.65 43.3 3
      vertex 193.45 43.3 7.62939e-07
      vertex 182.65 43.3 7.62939e-07
    endloop
  endfacet
  facet normal 1 -0 0
    outer loop
      vertex 182.65 43.3 3
      vertex 182.65 47.9187 7.62939e-07
      vertex 182.65 47.9187 3
    endloop
  endfacet
  facet normal 1 0 0
    outer loop
      vertex 182.65 47.9187 7.62939e-07
      vertex 182.65 43.3 3
      vertex 182.65 43.3 7.62939e-07
    endloop
  endfacet
  facet normal 0.478852 -0.877896 0
    outer loop
      vertex 182.65 47.9187 7.62939e-07
      vertex 184.85 49.1187 3
      vertex 182.65 47.9187 3
    endloop
  endfacet
  facet normal 0.478852 -0.877896 0
    outer loop
      vertex 184.85 49.1187 3
      vertex 182.65 47.9187 7.62939e-07
      vertex 184.85 49.1187 7.62939e-07
    endloop
  endfacet
  facet normal 1 -0 0
    outer loop
      vertex 184.85 49.1187 3
      vertex 184.85 50 7.62939e-07
      vertex 184.85 50 3
    endloop
  endfacet
  facet normal 1 0 0
    outer loop
      vertex 184.85 50 7.62939e-07
      vertex 184.85 49.1187 3
      vertex 184.85 49.1187 7.62939e-07
    endloop
  endfacet
  facet normal -1 0 0
    outer loop
      vertex 191.25 49.1187 7.62939e-07
      vertex 191.25 50 3
      vertex 191.25 50 7.62939e-07
    endloop
  endfacet
  facet normal -1 -0 0
    outer loop
      vertex 191.25 50 3
      vertex 191.25 49.1187 7.62939e-07
      vertex 191.25 49.1187 3
    endloop
  endfacet
  facet normal -0.478852 -0.877896 0
    outer loop
      vertex 244.3 49.1187 7.62939e-07
      vertex 246.5 47.9187 3
      vertex 244.3 49.1187 3
    endloop
  endfacet
  facet normal -0.478852 -0.877896 -0
    outer loop
      vertex 246.5 47.9187 3
      vertex 244.3 49.1187 7.62939e-07
      vertex 246.5 47.9187 7.62939e-07
    endloop
  endfacet
  facet normal -1 0 0
    outer loop
      vertex 246.5 43.3 7.62939e-07
      vertex 246.5 47.9187 3
      vertex 246.5 47.9187 7.62939e-07
    endloop
  endfacet
  facet normal -1 -0 0
    outer loop
      vertex 246.5 47.9187 3
      vertex 246.5 43.3 7.62939e-07
      vertex 246.5 43.3 3
    endloop
  endfacet
  facet normal 0 1 -0
    outer loop
      vertex 246.5 43.3 7.62939e-07
      vertex 235.7 43.3 3
      vertex 246.5 43.3 3
    endloop
  endfacet
  facet normal 0 1 0
    outer loop
      vertex 235.7 43.3 3
      vertex 246.5 43.3 7.62939e-07
      vertex 235.7 43.3 7.62939e-07
    endloop
  endfacet
  facet normal 1 -0 0
    outer loop
      vertex 235.7 43.3 3
      vertex 235.7 47.9187 7.62939e-07
      vertex 235.7 47.9187 3
    endloop
  endfacet
  facet normal 1 0 0
    outer loop
      vertex 235.7 47.9187 7.62939e-07
      vertex 235.7 43.3 3
      vertex 235.7 43.3 7.62939e-07
    endloop
  endfacet
  facet normal 0.478852 -0.877896 0
    outer loop
      vertex 235.7 47.9187 7.62939e-07
      vertex 237.9 49.1187 3
      vertex 235.7 47.9187 3
    endloop
  endfacet
  facet normal 0.478852 -0.877896 0
    outer loop
      vertex 237.9 49.1187 3
      vertex 235.7 47.9187 7.62939e-07
      vertex 237.9 49.1187 7.62939e-07
    endloop
  endfacet
  facet normal 1 -0 0
    outer loop
      vertex 237.9 49.1187 3
      vertex 237.9 50 7.62939e-07
      vertex 237.9 50 3
    endloop
  endfacet
  facet normal 1 0 0
    outer loop
      vertex 237.9 50 7.62939e-07
      vertex 237.9 49.1187 3
      vertex 237.9 49.1187 7.62939e-07
    endloop
  endfacet
  facet normal -1 0 0
    outer loop
      vertex 244.3 49.1187 7.62939e-07
      vertex 244.3 50 3
      vertex 244.3 50 7.62939e-07
    endloop
  endfacet
  facet normal -1 -0 0
    outer loop
      vertex 244.3 50 3
      vertex 244.3 49.1187 7.62939e-07
      vertex 244.3 49.1187 3
    endloop
  endfacet
endsolid OpenSCAD_Model
