solid OpenSCAD_Model
  facet normal -1 0 0
    outer loop
      vertex 138.7 -26 1.14441e-07
      vertex 138.7 -13.4 3
      vertex 138.7 -13.4 1.14441e-07
    endloop
  endfacet
  facet normal -1 -0 0
    outer loop
      vertex 138.7 -13.4 3
      vertex 138.7 -26 1.14441e-07
      vertex 138.7 -26 3
    endloop
  endfacet
  facet normal 1 -0 0
    outer loop
      vertex 135.7 -28.2 3
      vertex 135.7 -13.4 1.14441e-07
      vertex 135.7 -13.4 3
    endloop
  endfacet
  facet normal 1 0 0
    outer loop
      vertex 135.7 -13.4 1.14441e-07
      vertex 135.7 -28.2 3
      vertex 135.7 -28.2 1.14441e-07
    endloop
  endfacet
  facet normal 0 -1 0
    outer loop
      vertex 135.7 -13.4 1.14441e-07
      vertex 138.7 -13.4 3
      vertex 135.7 -13.4 3
    endloop
  endfacet
  facet normal 0 -1 -0
    outer loop
      vertex 138.7 -13.4 3
      vertex 135.7 -13.4 1.14441e-07
      vertex 138.7 -13.4 1.14441e-07
    endloop
  endfacet
  facet normal -1 0 0
    outer loop
      vertex 138.7 -57.4 1.14441e-07
      vertex 138.7 -37.4 3
      vertex 138.7 -37.4 1.14441e-07
    endloop
  endfacet
  facet normal -1 -0 0
    outer loop
      vertex 138.7 -37.4 3
      vertex 138.7 -57.4 1.14441e-07
      vertex 138.7 -57.4 3
    endloop
  endfacet
  facet normal 1 -0 0
    outer loop
      vertex 135.7 -57.4 3
      vertex 135.7 -37.4 1.14441e-07
      vertex 135.7 -37.4 3
    endloop
  endfacet
  facet normal 1 0 0
    outer loop
      vertex 135.7 -37.4 1.14441e-07
      vertex 135.7 -57.4 3
      vertex 135.7 -57.4 1.14441e-07
    endloop
  endfacet
  facet normal 0 1 -0
    outer loop
      vertex 138.7 -57.4 1.14441e-07
      vertex 135.7 -57.4 3
      vertex 138.7 -57.4 3
    endloop
  endfacet
  facet normal 0 1 0
    outer loop
      vertex 135.7 -57.4 3
      vertex 138.7 -57.4 1.14441e-07
      vertex 135.7 -57.4 1.14441e-07
    endloop
  endfacet
  facet normal 0 -1 0
    outer loop
      vertex 135.7 -37.4 1.14441e-07
      vertex 138.7 -37.4 3
      vertex 135.7 -37.4 3
    endloop
  endfacet
  facet normal 0 -1 -0
    outer loop
      vertex 138.7 -37.4 3
      vertex 135.7 -37.4 1.14441e-07
      vertex 138.7 -37.4 1.14441e-07
    endloop
  endfacet
  facet normal -1 0 0
    outer loop
      vertex 144.7 -33.4 1.14441e-07
      vertex 144.7 -13.4 3
      vertex 144.7 -13.4 1.14441e-07
    endloop
  endfacet
  facet normal -1 -0 0
    outer loop
      vertex 144.7 -13.4 3
      vertex 144.7 -33.4 1.14441e-07
      vertex 144.7 -33.4 3
    endloop
  endfacet
  facet normal 1 -0 0
    outer loop
      vertex 141.7 -33.4 3
      vertex 141.7 -13.4 1.14441e-07
      vertex 141.7 -13.4 3
    endloop
  endfacet
  facet normal 1 0 0
    outer loop
      vertex 141.7 -13.4 1.14441e-07
      vertex 141.7 -33.4 3
      vertex 141.7 -33.4 1.14441e-07
    endloop
  endfacet
  facet normal 0 1 -0
    outer loop
      vertex 144.7 -33.4 1.14441e-07
      vertex 141.7 -33.4 3
      vertex 144.7 -33.4 3
    endloop
  endfacet
  facet normal 0 1 0
    outer loop
      vertex 141.7 -33.4 3
      vertex 144.7 -33.4 1.14441e-07
      vertex 141.7 -33.4 1.14441e-07
    endloop
  endfacet
  facet normal 0 -1 0
    outer loop
      vertex 141.7 -13.4 1.14441e-07
      vertex 144.7 -13.4 3
      vertex 141.7 -13.4 3
    endloop
  endfacet
  facet normal 0 -1 -0
    outer loop
      vertex 144.7 -13.4 3
      vertex 141.7 -13.4 1.14441e-07
      vertex 144.7 -13.4 1.14441e-07
    endloop
  endfacet
  facet normal -1 0 0
    outer loop
      vertex 144.7 -57.4 1.14441e-07
      vertex 144.7 -37.4 3
      vertex 144.7 -37.4 1.14441e-07
    endloop
  endfacet
  facet normal -1 -0 0
    outer loop
      vertex 144.7 -37.4 3
      vertex 144.7 -57.4 1.14441e-07
      vertex 144.7 -57.4 3
    endloop
  endfacet
  facet normal 1 -0 0
    outer loop
      vertex 141.7 -57.4 3
      vertex 141.7 -37.4 1.14441e-07
      vertex 141.7 -37.4 3
    endloop
  endfacet
  facet normal 1 0 0
    outer loop
      vertex 141.7 -37.4 1.14441e-07
      vertex 141.7 -57.4 3
      vertex 141.7 -57.4 1.14441e-07
    endloop
  endfacet
  facet normal 0 1 -0
    outer loop
      vertex 144.7 -57.4 1.14441e-07
      vertex 141.7 -57.4 3
      vertex 144.7 -57.4 3
    endloop
  endfacet
  facet normal 0 1 0
    outer loop
      vertex 141.7 -57.4 3
      vertex 144.7 -57.4 1.14441e-07
      vertex 141.7 -57.4 1.14441e-07
    endloop
  endfacet
  facet normal 0 -1 0
    outer loop
      vertex 141.7 -37.4 1.14441e-07
      vertex 144.7 -37.4 3
      vertex 141.7 -37.4 3
    endloop
  endfacet
  facet normal 0 -1 -0
    outer loop
      vertex 144.7 -37.4 3
      vertex 141.7 -37.4 1.14441e-07
      vertex 144.7 -37.4 1.14441e-07
    endloop
  endfacet
  facet normal -1 0 0
    outer loop
      vertex 150.7 -33.4 1.14441e-07
      vertex 150.7 -13.4 3
      vertex 150.7 -13.4 1.14441e-07
    endloop
  endfacet
  facet normal -1 -0 0
    outer loop
      vertex 150.7 -13.4 3
      vertex 150.7 -33.4 1.14441e-07
      vertex 150.7 -33.4 3
    endloop
  endfacet
  facet normal 1 -0 0
    outer loop
      vertex 147.7 -33.4 3
      vertex 147.7 -13.4 1.14441e-07
      vertex 147.7 -13.4 3
    endloop
  endfacet
  facet normal 1 0 0
    outer loop
      vertex 147.7 -13.4 1.14441e-07
      vertex 147.7 -33.4 3
      vertex 147.7 -33.4 1.14441e-07
    endloop
  endfacet
  facet normal 0 1 -0
    outer loop
      vertex 150.7 -33.4 1.14441e-07
      vertex 147.7 -33.4 3
      vertex 150.7 -33.4 3
    endloop
  endfacet
  facet normal 0 1 0
    outer loop
      vertex 147.7 -33.4 3
      vertex 150.7 -33.4 1.14441e-07
      vertex 147.7 -33.4 1.14441e-07
    endloop
  endfacet
  facet normal 0 -1 0
    outer loop
      vertex 147.7 -13.4 1.14441e-07
      vertex 150.7 -13.4 3
      vertex 147.7 -13.4 3
    endloop
  endfacet
  facet normal 0 -1 -0
    outer loop
      vertex 150.7 -13.4 3
      vertex 147.7 -13.4 1.14441e-07
      vertex 150.7 -13.4 1.14441e-07
    endloop
  endfacet
  facet normal -1 0 0
    outer loop
      vertex 150.7 -57.4 1.14441e-07
      vertex 150.7 -37.4 3
      vertex 150.7 -37.4 1.14441e-07
    endloop
  endfacet
  facet normal -1 -0 0
    outer loop
      vertex 150.7 -37.4 3
      vertex 150.7 -57.4 1.14441e-07
      vertex 150.7 -57.4 3
    endloop
  endfacet
  facet normal 1 -0 0
    outer loop
      vertex 147.7 -57.4 3
      vertex 147.7 -37.4 1.14441e-07
      vertex 147.7 -37.4 3
    endloop
  endfacet
  facet normal 1 0 0
    outer loop
      vertex 147.7 -37.4 1.14441e-07
      vertex 147.7 -57.4 3
      vertex 147.7 -57.4 1.14441e-07
    endloop
  endfacet
  facet normal 0 1 -0
    outer loop
      vertex 150.7 -57.4 1.14441e-07
      vertex 147.7 -57.4 3
      vertex 150.7 -57.4 3
    endloop
  endfacet
  facet normal 0 1 0
    outer loop
      vertex 147.7 -57.4 3
      vertex 150.7 -57.4 1.14441e-07
      vertex 147.7 -57.4 1.14441e-07
    endloop
  endfacet
  facet normal 0 -1 0
    outer loop
      vertex 147.7 -37.4 1.14441e-07
      vertex 150.7 -37.4 3
      vertex 147.7 -37.4 3
    endloop
  endfacet
  facet normal 0 -1 -0
    outer loop
      vertex 150.7 -37.4 3
      vertex 147.7 -37.4 1.14441e-07
      vertex 150.7 -37.4 1.14441e-07
    endloop
  endfacet
  facet normal -1 0 0
    outer loop
      vertex 156.7 -33.4 1.14441e-07
      vertex 156.7 -13.4 3
      vertex 156.7 -13.4 1.14441e-07
    endloop
  endfacet
  facet normal -1 -0 0
    outer loop
      vertex 156.7 -13.4 3
      vertex 156.7 -33.4 1.14441e-07
      vertex 156.7 -33.4 3
    endloop
  endfacet
  facet normal 1 -0 0
    outer loop
      vertex 153.7 -33.4 3
      vertex 153.7 -13.4 1.14441e-07
      vertex 153.7 -13.4 3
    endloop
  endfacet
  facet normal 1 0 0
    outer loop
      vertex 153.7 -13.4 1.14441e-07
      vertex 153.7 -33.4 3
      vertex 153.7 -33.4 1.14441e-07
    endloop
  endfacet
  facet normal 0 1 -0
    outer loop
      vertex 156.7 -33.4 1.14441e-07
      vertex 153.7 -33.4 3
      vertex 156.7 -33.4 3
    endloop
  endfacet
  facet normal 0 1 0
    outer loop
      vertex 153.7 -33.4 3
      vertex 156.7 -33.4 1.14441e-07
      vertex 153.7 -33.4 1.14441e-07
    endloop
  endfacet
  facet normal 0 -1 0
    outer loop
      vertex 153.7 -13.4 1.14441e-07
      vertex 156.7 -13.4 3
      vertex 153.7 -13.4 3
    endloop
  endfacet
  facet normal 0 -1 -0
    outer loop
      vertex 156.7 -13.4 3
      vertex 153.7 -13.4 1.14441e-07
      vertex 156.7 -13.4 1.14441e-07
    endloop
  endfacet
  facet normal -1 0 0
    outer loop
      vertex 156.7 -57.4 1.14441e-07
      vertex 156.7 -37.4 3
      vertex 156.7 -37.4 1.14441e-07
    endloop
  endfacet
  facet normal -1 -0 0
    outer loop
      vertex 156.7 -37.4 3
      vertex 156.7 -57.4 1.14441e-07
      vertex 156.7 -57.4 3
    endloop
  endfacet
  facet normal 1 -0 0
    outer loop
      vertex 153.7 -57.4 3
      vertex 153.7 -37.4 1.14441e-07
      vertex 153.7 -37.4 3
    endloop
  endfacet
  facet normal 1 0 0
    outer loop
      vertex 153.7 -37.4 1.14441e-07
      vertex 153.7 -57.4 3
      vertex 153.7 -57.4 1.14441e-07
    endloop
  endfacet
  facet normal 0 1 -0
    outer loop
      vertex 156.7 -57.4 1.14441e-07
      vertex 153.7 -57.4 3
      vertex 156.7 -57.4 3
    endloop
  endfacet
  facet normal 0 1 0
    outer loop
      vertex 153.7 -57.4 3
      vertex 156.7 -57.4 1.14441e-07
      vertex 153.7 -57.4 1.14441e-07
    endloop
  endfacet
  facet normal 0 -1 0
    outer loop
      vertex 153.7 -37.4 1.14441e-07
      vertex 156.7 -37.4 3
      vertex 153.7 -37.4 3
    endloop
  endfacet
  facet normal 0 -1 -0
    outer loop
      vertex 156.7 -37.4 3
      vertex 153.7 -37.4 1.14441e-07
      vertex 156.7 -37.4 1.14441e-07
    endloop
  endfacet
  facet normal -1 0 0
    outer loop
      vertex 162.7 -33.4 1.14441e-07
      vertex 162.7 -13.4 3
      vertex 162.7 -13.4 1.14441e-07
    endloop
  endfacet
  facet normal -1 -0 0
    outer loop
      vertex 162.7 -13.4 3
      vertex 162.7 -33.4 1.14441e-07
      vertex 162.7 -33.4 3
    endloop
  endfacet
  facet normal 1 -0 0
    outer loop
      vertex 159.7 -33.4 3
      vertex 159.7 -13.4 1.14441e-07
      vertex 159.7 -13.4 3
    endloop
  endfacet
  facet normal 1 0 0
    outer loop
      vertex 159.7 -13.4 1.14441e-07
      vertex 159.7 -33.4 3
      vertex 159.7 -33.4 1.14441e-07
    endloop
  endfacet
  facet normal 0 1 -0
    outer loop
      vertex 162.7 -33.4 1.14441e-07
      vertex 159.7 -33.4 3
      vertex 162.7 -33.4 3
    endloop
  endfacet
  facet normal 0 1 0
    outer loop
      vertex 159.7 -33.4 3
      vertex 162.7 -33.4 1.14441e-07
      vertex 159.7 -33.4 1.14441e-07
    endloop
  endfacet
  facet normal 0 -1 0
    outer loop
      vertex 159.7 -13.4 1.14441e-07
      vertex 162.7 -13.4 3
      vertex 159.7 -13.4 3
    endloop
  endfacet
  facet normal 0 -1 -0
    outer loop
      vertex 162.7 -13.4 3
      vertex 159.7 -13.4 1.14441e-07
      vertex 162.7 -13.4 1.14441e-07
    endloop
  endfacet
  facet normal -1 0 0
    outer loop
      vertex 162.7 -57.4 1.14441e-07
      vertex 162.7 -37.4 3
      vertex 162.7 -37.4 1.14441e-07
    endloop
  endfacet
  facet normal -1 -0 0
    outer loop
      vertex 162.7 -37.4 3
      vertex 162.7 -57.4 1.14441e-07
      vertex 162.7 -57.4 3
    endloop
  endfacet
  facet normal 1 -0 0
    outer loop
      vertex 159.7 -57.4 3
      vertex 159.7 -37.4 1.14441e-07
      vertex 159.7 -37.4 3
    endloop
  endfacet
  facet normal 1 0 0
    outer loop
      vertex 159.7 -37.4 1.14441e-07
      vertex 159.7 -57.4 3
      vertex 159.7 -57.4 1.14441e-07
    endloop
  endfacet
  facet normal 0 1 -0
    outer loop
      vertex 162.7 -57.4 1.14441e-07
      vertex 159.7 -57.4 3
      vertex 162.7 -57.4 3
    endloop
  endfacet
  facet normal 0 1 0
    outer loop
      vertex 159.7 -57.4 3
      vertex 162.7 -57.4 1.14441e-07
      vertex 159.7 -57.4 1.14441e-07
    endloop
  endfacet
  facet normal 0 -1 0
    outer loop
      vertex 159.7 -37.4 1.14441e-07
      vertex 162.7 -37.4 3
      vertex 159.7 -37.4 3
    endloop
  endfacet
  facet normal 0 -1 -0
    outer loop
      vertex 162.7 -37.4 3
      vertex 159.7 -37.4 1.14441e-07
      vertex 162.7 -37.4 1.14441e-07
    endloop
  endfacet
  facet normal -1 0 0
    outer loop
      vertex 168.7 -33.4 1.14441e-07
      vertex 168.7 -13.4 3
      vertex 168.7 -13.4 1.14441e-07
    endloop
  endfacet
  facet normal -1 -0 0
    outer loop
      vertex 168.7 -13.4 3
      vertex 168.7 -33.4 1.14441e-07
      vertex 168.7 -33.4 3
    endloop
  endfacet
  facet normal 1 -0 0
    outer loop
      vertex 165.7 -33.4 3
      vertex 165.7 -13.4 1.14441e-07
      vertex 165.7 -13.4 3
    endloop
  endfacet
  facet normal 1 0 0
    outer loop
      vertex 165.7 -13.4 1.14441e-07
      vertex 165.7 -33.4 3
      vertex 165.7 -33.4 1.14441e-07
    endloop
  endfacet
  facet normal 0 1 -0
    outer loop
      vertex 168.7 -33.4 1.14441e-07
      vertex 165.7 -33.4 3
      vertex 168.7 -33.4 3
    endloop
  endfacet
  facet normal 0 1 0
    outer loop
      vertex 165.7 -33.4 3
      vertex 168.7 -33.4 1.14441e-07
      vertex 165.7 -33.4 1.14441e-07
    endloop
  endfacet
  facet normal 0 -1 0
    outer loop
      vertex 165.7 -13.4 1.14441e-07
      vertex 168.7 -13.4 3
      vertex 165.7 -13.4 3
    endloop
  endfacet
  facet normal 0 -1 -0
    outer loop
      vertex 168.7 -13.4 3
      vertex 165.7 -13.4 1.14441e-07
      vertex 168.7 -13.4 1.14441e-07
    endloop
  endfacet
  facet normal -1 0 0
    outer loop
      vertex 168.7 -57.4 1.14441e-07
      vertex 168.7 -37.4 3
      vertex 168.7 -37.4 1.14441e-07
    endloop
  endfacet
  facet normal -1 -0 0
    outer loop
      vertex 168.7 -37.4 3
      vertex 168.7 -57.4 1.14441e-07
      vertex 168.7 -57.4 3
    endloop
  endfacet
  facet normal 1 -0 0
    outer loop
      vertex 165.7 -57.4 3
      vertex 165.7 -37.4 1.14441e-07
      vertex 165.7 -37.4 3
    endloop
  endfacet
  facet normal 1 0 0
    outer loop
      vertex 165.7 -37.4 1.14441e-07
      vertex 165.7 -57.4 3
      vertex 165.7 -57.4 1.14441e-07
    endloop
  endfacet
  facet normal 0 1 -0
    outer loop
      vertex 168.7 -57.4 1.14441e-07
      vertex 165.7 -57.4 3
      vertex 168.7 -57.4 3
    endloop
  endfacet
  facet normal 0 1 0
    outer loop
      vertex 165.7 -57.4 3
      vertex 168.7 -57.4 1.14441e-07
      vertex 165.7 -57.4 1.14441e-07
    endloop
  endfacet
  facet normal 0 -1 0
    outer loop
      vertex 165.7 -37.4 1.14441e-07
      vertex 168.7 -37.4 3
      vertex 165.7 -37.4 3
    endloop
  endfacet
  facet normal 0 -1 -0
    outer loop
      vertex 168.7 -37.4 3
      vertex 165.7 -37.4 1.14441e-07
      vertex 168.7 -37.4 1.14441e-07
    endloop
  endfacet
  facet normal -1 0 0
    outer loop
      vertex 174.7 -33.4 1.14441e-07
      vertex 174.7 -13.4 3
      vertex 174.7 -13.4 1.14441e-07
    endloop
  endfacet
  facet normal -1 -0 0
    outer loop
      vertex 174.7 -13.4 3
      vertex 174.7 -33.4 1.14441e-07
      vertex 174.7 -33.4 3
    endloop
  endfacet
  facet normal 1 -0 0
    outer loop
      vertex 171.7 -33.4 3
      vertex 171.7 -13.4 1.14441e-07
      vertex 171.7 -13.4 3
    endloop
  endfacet
  facet normal 1 0 0
    outer loop
      vertex 171.7 -13.4 1.14441e-07
      vertex 171.7 -33.4 3
      vertex 171.7 -33.4 1.14441e-07
    endloop
  endfacet
  facet normal 0 1 -0
    outer loop
      vertex 174.7 -33.4 1.14441e-07
      vertex 171.7 -33.4 3
      vertex 174.7 -33.4 3
    endloop
  endfacet
  facet normal 0 1 0
    outer loop
      vertex 171.7 -33.4 3
      vertex 174.7 -33.4 1.14441e-07
      vertex 171.7 -33.4 1.14441e-07
    endloop
  endfacet
  facet normal 0 -1 0
    outer loop
      vertex 171.7 -13.4 1.14441e-07
      vertex 174.7 -13.4 3
      vertex 171.7 -13.4 3
    endloop
  endfacet
  facet normal 0 -1 -0
    outer loop
      vertex 174.7 -13.4 3
      vertex 171.7 -13.4 1.14441e-07
      vertex 174.7 -13.4 1.14441e-07
    endloop
  endfacet
  facet normal -1 0 0
    outer loop
      vertex 174.7 -57.4 1.14441e-07
      vertex 174.7 -37.4 3
      vertex 174.7 -37.4 1.14441e-07
    endloop
  endfacet
  facet normal -1 -0 0
    outer loop
      vertex 174.7 -37.4 3
      vertex 174.7 -57.4 1.14441e-07
      vertex 174.7 -57.4 3
    endloop
  endfacet
  facet normal 1 -0 0
    outer loop
      vertex 171.7 -57.4 3
      vertex 171.7 -37.4 1.14441e-07
      vertex 171.7 -37.4 3
    endloop
  endfacet
  facet normal 1 0 0
    outer loop
      vertex 171.7 -37.4 1.14441e-07
      vertex 171.7 -57.4 3
      vertex 171.7 -57.4 1.14441e-07
    endloop
  endfacet
  facet normal 0 1 -0
    outer loop
      vertex 174.7 -57.4 1.14441e-07
      vertex 171.7 -57.4 3
      vertex 174.7 -57.4 3
    endloop
  endfacet
  facet normal 0 1 0
    outer loop
      vertex 171.7 -57.4 3
      vertex 174.7 -57.4 1.14441e-07
      vertex 171.7 -57.4 1.14441e-07
    endloop
  endfacet
  facet normal 0 -1 0
    outer loop
      vertex 171.7 -37.4 1.14441e-07
      vertex 174.7 -37.4 3
      vertex 171.7 -37.4 3
    endloop
  endfacet
  facet normal 0 -1 -0
    outer loop
      vertex 174.7 -37.4 3
      vertex 171.7 -37.4 1.14441e-07
      vertex 174.7 -37.4 1.14441e-07
    endloop
  endfacet
  facet normal -1 0 0
    outer loop
      vertex 180.7 -33.4 1.14441e-07
      vertex 180.7 -13.4 3
      vertex 180.7 -13.4 1.14441e-07
    endloop
  endfacet
  facet normal -1 -0 0
    outer loop
      vertex 180.7 -13.4 3
      vertex 180.7 -33.4 1.14441e-07
      vertex 180.7 -33.4 3
    endloop
  endfacet
  facet normal 1 -0 0
    outer loop
      vertex 177.7 -33.4 3
      vertex 177.7 -13.4 1.14441e-07
      vertex 177.7 -13.4 3
    endloop
  endfacet
  facet normal 1 0 0
    outer loop
      vertex 177.7 -13.4 1.14441e-07
      vertex 177.7 -33.4 3
      vertex 177.7 -33.4 1.14441e-07
    endloop
  endfacet
  facet normal 0 1 -0
    outer loop
      vertex 180.7 -33.4 1.14441e-07
      vertex 177.7 -33.4 3
      vertex 180.7 -33.4 3
    endloop
  endfacet
  facet normal 0 1 0
    outer loop
      vertex 177.7 -33.4 3
      vertex 180.7 -33.4 1.14441e-07
      vertex 177.7 -33.4 1.14441e-07
    endloop
  endfacet
  facet normal 0 -1 0
    outer loop
      vertex 177.7 -13.4 1.14441e-07
      vertex 180.7 -13.4 3
      vertex 177.7 -13.4 3
    endloop
  endfacet
  facet normal 0 -1 -0
    outer loop
      vertex 180.7 -13.4 3
      vertex 177.7 -13.4 1.14441e-07
      vertex 180.7 -13.4 1.14441e-07
    endloop
  endfacet
  facet normal -1 0 0
    outer loop
      vertex 180.7 -57.4 1.14441e-07
      vertex 180.7 -37.4 3
      vertex 180.7 -37.4 1.14441e-07
    endloop
  endfacet
  facet normal -1 -0 0
    outer loop
      vertex 180.7 -37.4 3
      vertex 180.7 -57.4 1.14441e-07
      vertex 180.7 -57.4 3
    endloop
  endfacet
  facet normal 1 -0 0
    outer loop
      vertex 177.7 -57.4 3
      vertex 177.7 -37.4 1.14441e-07
      vertex 177.7 -37.4 3
    endloop
  endfacet
  facet normal 1 0 0
    outer loop
      vertex 177.7 -37.4 1.14441e-07
      vertex 177.7 -57.4 3
      vertex 177.7 -57.4 1.14441e-07
    endloop
  endfacet
  facet normal 0 1 -0
    outer loop
      vertex 180.7 -57.4 1.14441e-07
      vertex 177.7 -57.4 3
      vertex 180.7 -57.4 3
    endloop
  endfacet
  facet normal 0 1 0
    outer loop
      vertex 177.7 -57.4 3
      vertex 180.7 -57.4 1.14441e-07
      vertex 177.7 -57.4 1.14441e-07
    endloop
  endfacet
  facet normal 0 -1 0
    outer loop
      vertex 177.7 -37.4 1.14441e-07
      vertex 180.7 -37.4 3
      vertex 177.7 -37.4 3
    endloop
  endfacet
  facet normal 0 -1 -0
    outer loop
      vertex 180.7 -37.4 3
      vertex 177.7 -37.4 1.14441e-07
      vertex 180.7 -37.4 1.14441e-07
    endloop
  endfacet
  facet normal -1 0 0
    outer loop
      vertex 186.7 -33.4 1.14441e-07
      vertex 186.7 -13.4 3
      vertex 186.7 -13.4 1.14441e-07
    endloop
  endfacet
  facet normal -1 -0 0
    outer loop
      vertex 186.7 -13.4 3
      vertex 186.7 -33.4 1.14441e-07
      vertex 186.7 -33.4 3
    endloop
  endfacet
  facet normal 1 -0 0
    outer loop
      vertex 183.7 -33.4 3
      vertex 183.7 -13.4 1.14441e-07
      vertex 183.7 -13.4 3
    endloop
  endfacet
  facet normal 1 0 0
    outer loop
      vertex 183.7 -13.4 1.14441e-07
      vertex 183.7 -33.4 3
      vertex 183.7 -33.4 1.14441e-07
    endloop
  endfacet
  facet normal 0 1 -0
    outer loop
      vertex 186.7 -33.4 1.14441e-07
      vertex 183.7 -33.4 3
      vertex 186.7 -33.4 3
    endloop
  endfacet
  facet normal 0 1 0
    outer loop
      vertex 183.7 -33.4 3
      vertex 186.7 -33.4 1.14441e-07
      vertex 183.7 -33.4 1.14441e-07
    endloop
  endfacet
  facet normal 0 -1 0
    outer loop
      vertex 183.7 -13.4 1.14441e-07
      vertex 186.7 -13.4 3
      vertex 183.7 -13.4 3
    endloop
  endfacet
  facet normal 0 -1 -0
    outer loop
      vertex 186.7 -13.4 3
      vertex 183.7 -13.4 1.14441e-07
      vertex 186.7 -13.4 1.14441e-07
    endloop
  endfacet
  facet normal -1 0 0
    outer loop
      vertex 186.7 -57.4 1.14441e-07
      vertex 186.7 -37.4 3
      vertex 186.7 -37.4 1.14441e-07
    endloop
  endfacet
  facet normal -1 -0 0
    outer loop
      vertex 186.7 -37.4 3
      vertex 186.7 -57.4 1.14441e-07
      vertex 186.7 -57.4 3
    endloop
  endfacet
  facet normal 1 -0 0
    outer loop
      vertex 183.7 -57.4 3
      vertex 183.7 -37.4 1.14441e-07
      vertex 183.7 -37.4 3
    endloop
  endfacet
  facet normal 1 0 0
    outer loop
      vertex 183.7 -37.4 1.14441e-07
      vertex 183.7 -57.4 3
      vertex 183.7 -57.4 1.14441e-07
    endloop
  endfacet
  facet normal 0 1 -0
    outer loop
      vertex 186.7 -57.4 1.14441e-07
      vertex 183.7 -57.4 3
      vertex 186.7 -57.4 3
    endloop
  endfacet
  facet normal 0 1 0
    outer loop
      vertex 183.7 -57.4 3
      vertex 186.7 -57.4 1.14441e-07
      vertex 183.7 -57.4 1.14441e-07
    endloop
  endfacet
  facet normal 0 -1 0
    outer loop
      vertex 183.7 -37.4 1.14441e-07
      vertex 186.7 -37.4 3
      vertex 183.7 -37.4 3
    endloop
  endfacet
  facet normal 0 -1 -0
    outer loop
      vertex 186.7 -37.4 3
      vertex 183.7 -37.4 1.14441e-07
      vertex 186.7 -37.4 1.14441e-07
    endloop
  endfacet
  facet normal -1 0 0
    outer loop
      vertex 192.7 -33.4 1.14441e-07
      vertex 192.7 -13.4 3
      vertex 192.7 -13.4 1.14441e-07
    endloop
  endfacet
  facet normal -1 -0 0
    outer loop
      vertex 192.7 -13.4 3
      vertex 192.7 -33.4 1.14441e-07
      vertex 192.7 -33.4 3
    endloop
  endfacet
  facet normal 1 -0 0
    outer loop
      vertex 189.7 -33.4 3
      vertex 189.7 -13.4 1.14441e-07
      vertex 189.7 -13.4 3
    endloop
  endfacet
  facet normal 1 0 0
    outer loop
      vertex 189.7 -13.4 1.14441e-07
      vertex 189.7 -33.4 3
      vertex 189.7 -33.4 1.14441e-07
    endloop
  endfacet
  facet normal 0 1 -0
    outer loop
      vertex 192.7 -33.4 1.14441e-07
      vertex 189.7 -33.4 3
      vertex 192.7 -33.4 3
    endloop
  endfacet
  facet normal 0 1 0
    outer loop
      vertex 189.7 -33.4 3
      vertex 192.7 -33.4 1.14441e-07
      vertex 189.7 -33.4 1.14441e-07
    endloop
  endfacet
  facet normal 0 -1 0
    outer loop
      vertex 189.7 -13.4 1.14441e-07
      vertex 192.7 -13.4 3
      vertex 189.7 -13.4 3
    endloop
  endfacet
  facet normal 0 -1 -0
    outer loop
      vertex 192.7 -13.4 3
      vertex 189.7 -13.4 1.14441e-07
      vertex 192.7 -13.4 1.14441e-07
    endloop
  endfacet
  facet normal -1 0 0
    outer loop
      vertex 192.7 -57.4 1.14441e-07
      vertex 192.7 -37.4 3
      vertex 192.7 -37.4 1.14441e-07
    endloop
  endfacet
  facet normal -1 -0 0
    outer loop
      vertex 192.7 -37.4 3
      vertex 192.7 -57.4 1.14441e-07
      vertex 192.7 -57.4 3
    endloop
  endfacet
  facet normal 1 -0 0
    outer loop
      vertex 189.7 -57.4 3
      vertex 189.7 -37.4 1.14441e-07
      vertex 189.7 -37.4 3
    endloop
  endfacet
  facet normal 1 0 0
    outer loop
      vertex 189.7 -37.4 1.14441e-07
      vertex 189.7 -57.4 3
      vertex 189.7 -57.4 1.14441e-07
    endloop
  endfacet
  facet normal 0 1 -0
    outer loop
      vertex 192.7 -57.4 1.14441e-07
      vertex 189.7 -57.4 3
      vertex 192.7 -57.4 3
    endloop
  endfacet
  facet normal 0 1 0
    outer loop
      vertex 189.7 -57.4 3
      vertex 192.7 -57.4 1.14441e-07
      vertex 189.7 -57.4 1.14441e-07
    endloop
  endfacet
  facet normal 0 -1 0
    outer loop
      vertex 189.7 -37.4 1.14441e-07
      vertex 192.7 -37.4 3
      vertex 189.7 -37.4 3
    endloop
  endfacet
  facet normal 0 -1 -0
    outer loop
      vertex 192.7 -37.4 3
      vertex 189.7 -37.4 1.14441e-07
      vertex 192.7 -37.4 1.14441e-07
    endloop
  endfacet
  facet normal -1 0 0
    outer loop
      vertex 198.7 -33.4 1.14441e-07
      vertex 198.7 -13.4 3
      vertex 198.7 -13.4 1.14441e-07
    endloop
  endfacet
  facet normal -1 -0 0
    outer loop
      vertex 198.7 -13.4 3
      vertex 198.7 -33.4 1.14441e-07
      vertex 198.7 -33.4 3
    endloop
  endfacet
  facet normal 1 -0 0
    outer loop
      vertex 195.7 -33.4 3
      vertex 195.7 -13.4 1.14441e-07
      vertex 195.7 -13.4 3
    endloop
  endfacet
  facet normal 1 0 0
    outer loop
      vertex 195.7 -13.4 1.14441e-07
      vertex 195.7 -33.4 3
      vertex 195.7 -33.4 1.14441e-07
    endloop
  endfacet
  facet normal 0 1 -0
    outer loop
      vertex 198.7 -33.4 1.14441e-07
      vertex 195.7 -33.4 3
      vertex 198.7 -33.4 3
    endloop
  endfacet
  facet normal 0 1 0
    outer loop
      vertex 195.7 -33.4 3
      vertex 198.7 -33.4 1.14441e-07
      vertex 195.7 -33.4 1.14441e-07
    endloop
  endfacet
  facet normal 0 -1 0
    outer loop
      vertex 195.7 -13.4 1.14441e-07
      vertex 198.7 -13.4 3
      vertex 195.7 -13.4 3
    endloop
  endfacet
  facet normal 0 -1 -0
    outer loop
      vertex 198.7 -13.4 3
      vertex 195.7 -13.4 1.14441e-07
      vertex 198.7 -13.4 1.14441e-07
    endloop
  endfacet
  facet normal -1 0 0
    outer loop
      vertex 198.7 -57.4 1.14441e-07
      vertex 198.7 -37.4 3
      vertex 198.7 -37.4 1.14441e-07
    endloop
  endfacet
  facet normal -1 -0 0
    outer loop
      vertex 198.7 -37.4 3
      vertex 198.7 -57.4 1.14441e-07
      vertex 198.7 -57.4 3
    endloop
  endfacet
  facet normal 1 -0 0
    outer loop
      vertex 195.7 -57.4 3
      vertex 195.7 -37.4 1.14441e-07
      vertex 195.7 -37.4 3
    endloop
  endfacet
  facet normal 1 0 0
    outer loop
      vertex 195.7 -37.4 1.14441e-07
      vertex 195.7 -57.4 3
      vertex 195.7 -57.4 1.14441e-07
    endloop
  endfacet
  facet normal 0 1 -0
    outer loop
      vertex 198.7 -57.4 1.14441e-07
      vertex 195.7 -57.4 3
      vertex 198.7 -57.4 3
    endloop
  endfacet
  facet normal 0 1 0
    outer loop
      vertex 195.7 -57.4 3
      vertex 198.7 -57.4 1.14441e-07
      vertex 195.7 -57.4 1.14441e-07
    endloop
  endfacet
  facet normal 0 -1 0
    outer loop
      vertex 195.7 -37.4 1.14441e-07
      vertex 198.7 -37.4 3
      vertex 195.7 -37.4 3
    endloop
  endfacet
  facet normal 0 -1 -0
    outer loop
      vertex 198.7 -37.4 3
      vertex 195.7 -37.4 1.14441e-07
      vertex 198.7 -37.4 1.14441e-07
    endloop
  endfacet
  facet normal -1 0 0
    outer loop
      vertex 204.7 -33.4 1.14441e-07
      vertex 204.7 -13.4 3
      vertex 204.7 -13.4 1.14441e-07
    endloop
  endfacet
  facet normal -1 -0 0
    outer loop
      vertex 204.7 -13.4 3
      vertex 204.7 -33.4 1.14441e-07
      vertex 204.7 -33.4 3
    endloop
  endfacet
  facet normal 1 -0 0
    outer loop
      vertex 201.7 -33.4 3
      vertex 201.7 -13.4 1.14441e-07
      vertex 201.7 -13.4 3
    endloop
  endfacet
  facet normal 1 0 0
    outer loop
      vertex 201.7 -13.4 1.14441e-07
      vertex 201.7 -33.4 3
      vertex 201.7 -33.4 1.14441e-07
    endloop
  endfacet
  facet normal 0 1 -0
    outer loop
      vertex 204.7 -33.4 1.14441e-07
      vertex 201.7 -33.4 3
      vertex 204.7 -33.4 3
    endloop
  endfacet
  facet normal 0 1 0
    outer loop
      vertex 201.7 -33.4 3
      vertex 204.7 -33.4 1.14441e-07
      vertex 201.7 -33.4 1.14441e-07
    endloop
  endfacet
  facet normal 0 -1 0
    outer loop
      vertex 201.7 -13.4 1.14441e-07
      vertex 204.7 -13.4 3
      vertex 201.7 -13.4 3
    endloop
  endfacet
  facet normal 0 -1 -0
    outer loop
      vertex 204.7 -13.4 3
      vertex 201.7 -13.4 1.14441e-07
      vertex 204.7 -13.4 1.14441e-07
    endloop
  endfacet
  facet normal -1 0 0
    outer loop
      vertex 204.7 -57.4 1.14441e-07
      vertex 204.7 -37.4 3
      vertex 204.7 -37.4 1.14441e-07
    endloop
  endfacet
  facet normal -1 -0 0
    outer loop
      vertex 204.7 -37.4 3
      vertex 204.7 -57.4 1.14441e-07
      vertex 204.7 -57.4 3
    endloop
  endfacet
  facet normal 1 -0 0
    outer loop
      vertex 201.7 -57.4 3
      vertex 201.7 -37.4 1.14441e-07
      vertex 201.7 -37.4 3
    endloop
  endfacet
  facet normal 1 0 0
    outer loop
      vertex 201.7 -37.4 1.14441e-07
      vertex 201.7 -57.4 3
      vertex 201.7 -57.4 1.14441e-07
    endloop
  endfacet
  facet normal 0 1 -0
    outer loop
      vertex 204.7 -57.4 1.14441e-07
      vertex 201.7 -57.4 3
      vertex 204.7 -57.4 3
    endloop
  endfacet
  facet normal 0 1 0
    outer loop
      vertex 201.7 -57.4 3
      vertex 204.7 -57.4 1.14441e-07
      vertex 201.7 -57.4 1.14441e-07
    endloop
  endfacet
  facet normal 0 -1 0
    outer loop
      vertex 201.7 -37.4 1.14441e-07
      vertex 204.7 -37.4 3
      vertex 201.7 -37.4 3
    endloop
  endfacet
  facet normal 0 -1 -0
    outer loop
      vertex 204.7 -37.4 3
      vertex 201.7 -37.4 1.14441e-07
      vertex 204.7 -37.4 1.14441e-07
    endloop
  endfacet
  facet normal -1 0 0
    outer loop
      vertex 210.7 -33.4 1.14441e-07
      vertex 210.7 -13.4 3
      vertex 210.7 -13.4 1.14441e-07
    endloop
  endfacet
  facet normal -1 -0 0
    outer loop
      vertex 210.7 -13.4 3
      vertex 210.7 -33.4 1.14441e-07
      vertex 210.7 -33.4 3
    endloop
  endfacet
  facet normal 1 -0 0
    outer loop
      vertex 207.7 -33.4 3
      vertex 207.7 -13.4 1.14441e-07
      vertex 207.7 -13.4 3
    endloop
  endfacet
  facet normal 1 0 0
    outer loop
      vertex 207.7 -13.4 1.14441e-07
      vertex 207.7 -33.4 3
      vertex 207.7 -33.4 1.14441e-07
    endloop
  endfacet
  facet normal 0 1 -0
    outer loop
      vertex 210.7 -33.4 1.14441e-07
      vertex 207.7 -33.4 3
      vertex 210.7 -33.4 3
    endloop
  endfacet
  facet normal 0 1 0
    outer loop
      vertex 207.7 -33.4 3
      vertex 210.7 -33.4 1.14441e-07
      vertex 207.7 -33.4 1.14441e-07
    endloop
  endfacet
  facet normal 0 -1 0
    outer loop
      vertex 207.7 -13.4 1.14441e-07
      vertex 210.7 -13.4 3
      vertex 207.7 -13.4 3
    endloop
  endfacet
  facet normal 0 -1 -0
    outer loop
      vertex 210.7 -13.4 3
      vertex 207.7 -13.4 1.14441e-07
      vertex 210.7 -13.4 1.14441e-07
    endloop
  endfacet
  facet normal -1 0 0
    outer loop
      vertex 210.7 -57.4 1.14441e-07
      vertex 210.7 -37.4 3
      vertex 210.7 -37.4 1.14441e-07
    endloop
  endfacet
  facet normal -1 -0 0
    outer loop
      vertex 210.7 -37.4 3
      vertex 210.7 -57.4 1.14441e-07
      vertex 210.7 -57.4 3
    endloop
  endfacet
  facet normal 1 -0 0
    outer loop
      vertex 207.7 -57.4 3
      vertex 207.7 -37.4 1.14441e-07
      vertex 207.7 -37.4 3
    endloop
  endfacet
  facet normal 1 0 0
    outer loop
      vertex 207.7 -37.4 1.14441e-07
      vertex 207.7 -57.4 3
      vertex 207.7 -57.4 1.14441e-07
    endloop
  endfacet
  facet normal 0 1 -0
    outer loop
      vertex 210.7 -57.4 1.14441e-07
      vertex 207.7 -57.4 3
      vertex 210.7 -57.4 3
    endloop
  endfacet
  facet normal 0 1 0
    outer loop
      vertex 207.7 -57.4 3
      vertex 210.7 -57.4 1.14441e-07
      vertex 207.7 -57.4 1.14441e-07
    endloop
  endfacet
  facet normal 0 -1 0
    outer loop
      vertex 207.7 -37.4 1.14441e-07
      vertex 210.7 -37.4 3
      vertex 207.7 -37.4 3
    endloop
  endfacet
  facet normal 0 -1 -0
    outer loop
      vertex 210.7 -37.4 3
      vertex 207.7 -37.4 1.14441e-07
      vertex 210.7 -37.4 1.14441e-07
    endloop
  endfacet
  facet normal -1 0 0
    outer loop
      vertex 216.7 -33.4 1.14441e-07
      vertex 216.7 -13.4 3
      vertex 216.7 -13.4 1.14441e-07
    endloop
  endfacet
  facet normal -1 -0 0
    outer loop
      vertex 216.7 -13.4 3
      vertex 216.7 -33.4 1.14441e-07
      vertex 216.7 -33.4 3
    endloop
  endfacet
  facet normal 1 -0 0
    outer loop
      vertex 213.7 -33.4 3
      vertex 213.7 -13.4 1.14441e-07
      vertex 213.7 -13.4 3
    endloop
  endfacet
  facet normal 1 0 0
    outer loop
      vertex 213.7 -13.4 1.14441e-07
      vertex 213.7 -33.4 3
      vertex 213.7 -33.4 1.14441e-07
    endloop
  endfacet
  facet normal 0 1 -0
    outer loop
      vertex 216.7 -33.4 1.14441e-07
      vertex 213.7 -33.4 3
      vertex 216.7 -33.4 3
    endloop
  endfacet
  facet normal 0 1 0
    outer loop
      vertex 213.7 -33.4 3
      vertex 216.7 -33.4 1.14441e-07
      vertex 213.7 -33.4 1.14441e-07
    endloop
  endfacet
  facet normal 0 -1 0
    outer loop
      vertex 213.7 -13.4 1.14441e-07
      vertex 216.7 -13.4 3
      vertex 213.7 -13.4 3
    endloop
  endfacet
  facet normal 0 -1 -0
    outer loop
      vertex 216.7 -13.4 3
      vertex 213.7 -13.4 1.14441e-07
      vertex 216.7 -13.4 1.14441e-07
    endloop
  endfacet
  facet normal -1 0 0
    outer loop
      vertex 216.7 -57.4 1.14441e-07
      vertex 216.7 -37.4 3
      vertex 216.7 -37.4 1.14441e-07
    endloop
  endfacet
  facet normal -1 -0 0
    outer loop
      vertex 216.7 -37.4 3
      vertex 216.7 -57.4 1.14441e-07
      vertex 216.7 -57.4 3
    endloop
  endfacet
  facet normal 1 -0 0
    outer loop
      vertex 213.7 -57.4 3
      vertex 213.7 -37.4 1.14441e-07
      vertex 213.7 -37.4 3
    endloop
  endfacet
  facet normal 1 0 0
    outer loop
      vertex 213.7 -37.4 1.14441e-07
      vertex 213.7 -57.4 3
      vertex 213.7 -57.4 1.14441e-07
    endloop
  endfacet
  facet normal 0 1 -0
    outer loop
      vertex 216.7 -57.4 1.14441e-07
      vertex 213.7 -57.4 3
      vertex 216.7 -57.4 3
    endloop
  endfacet
  facet normal 0 1 0
    outer loop
      vertex 213.7 -57.4 3
      vertex 216.7 -57.4 1.14441e-07
      vertex 213.7 -57.4 1.14441e-07
    endloop
  endfacet
  facet normal 0 -1 0
    outer loop
      vertex 213.7 -37.4 1.14441e-07
      vertex 216.7 -37.4 3
      vertex 213.7 -37.4 3
    endloop
  endfacet
  facet normal 0 -1 -0
    outer loop
      vertex 216.7 -37.4 3
      vertex 213.7 -37.4 1.14441e-07
      vertex 216.7 -37.4 1.14441e-07
    endloop
  endfacet
  facet normal -1 0 0
    outer loop
      vertex 222.7 -33.4 1.14441e-07
      vertex 222.7 -13.4 3
      vertex 222.7 -13.4 1.14441e-07
    endloop
  endfacet
  facet normal -1 -0 0
    outer loop
      vertex 222.7 -13.4 3
      vertex 222.7 -33.4 1.14441e-07
      vertex 222.7 -33.4 3
    endloop
  endfacet
  facet normal 1 -0 0
    outer loop
      vertex 219.7 -33.4 3
      vertex 219.7 -13.4 1.14441e-07
      vertex 219.7 -13.4 3
    endloop
  endfacet
  facet normal 1 0 0
    outer loop
      vertex 219.7 -13.4 1.14441e-07
      vertex 219.7 -33.4 3
      vertex 219.7 -33.4 1.14441e-07
    endloop
  endfacet
  facet normal 0 1 -0
    outer loop
      vertex 222.7 -33.4 1.14441e-07
      vertex 219.7 -33.4 3
      vertex 222.7 -33.4 3
    endloop
  endfacet
  facet normal 0 1 0
    outer loop
      vertex 219.7 -33.4 3
      vertex 222.7 -33.4 1.14441e-07
      vertex 219.7 -33.4 1.14441e-07
    endloop
  endfacet
  facet normal 0 -1 0
    outer loop
      vertex 219.7 -13.4 1.14441e-07
      vertex 222.7 -13.4 3
      vertex 219.7 -13.4 3
    endloop
  endfacet
  facet normal 0 -1 -0
    outer loop
      vertex 222.7 -13.4 3
      vertex 219.7 -13.4 1.14441e-07
      vertex 222.7 -13.4 1.14441e-07
    endloop
  endfacet
  facet normal -1 0 0
    outer loop
      vertex 222.7 -57.4 1.14441e-07
      vertex 222.7 -37.4 3
      vertex 222.7 -37.4 1.14441e-07
    endloop
  endfacet
  facet normal -1 -0 0
    outer loop
      vertex 222.7 -37.4 3
      vertex 222.7 -57.4 1.14441e-07
      vertex 222.7 -57.4 3
    endloop
  endfacet
  facet normal 1 -0 0
    outer loop
      vertex 219.7 -57.4 3
      vertex 219.7 -37.4 1.14441e-07
      vertex 219.7 -37.4 3
    endloop
  endfacet
  facet normal 1 0 0
    outer loop
      vertex 219.7 -37.4 1.14441e-07
      vertex 219.7 -57.4 3
      vertex 219.7 -57.4 1.14441e-07
    endloop
  endfacet
  facet normal 0 1 -0
    outer loop
      vertex 222.7 -57.4 1.14441e-07
      vertex 219.7 -57.4 3
      vertex 222.7 -57.4 3
    endloop
  endfacet
  facet normal 0 1 0
    outer loop
      vertex 219.7 -57.4 3
      vertex 222.7 -57.4 1.14441e-07
      vertex 219.7 -57.4 1.14441e-07
    endloop
  endfacet
  facet normal 0 -1 0
    outer loop
      vertex 219.7 -37.4 1.14441e-07
      vertex 222.7 -37.4 3
      vertex 219.7 -37.4 3
    endloop
  endfacet
  facet normal 0 -1 -0
    outer loop
      vertex 222.7 -37.4 3
      vertex 219.7 -37.4 1.14441e-07
      vertex 222.7 -37.4 1.14441e-07
    endloop
  endfacet
  facet normal -1 0 0
    outer loop
      vertex 228.7 -33.4 1.14441e-07
      vertex 228.7 -13.4 3
      vertex 228.7 -13.4 1.14441e-07
    endloop
  endfacet
  facet normal -1 -0 0
    outer loop
      vertex 228.7 -13.4 3
      vertex 228.7 -33.4 1.14441e-07
      vertex 228.7 -33.4 3
    endloop
  endfacet
  facet normal 1 -0 0
    outer loop
      vertex 225.7 -33.4 3
      vertex 225.7 -13.4 1.14441e-07
      vertex 225.7 -13.4 3
    endloop
  endfacet
  facet normal 1 0 0
    outer loop
      vertex 225.7 -13.4 1.14441e-07
      vertex 225.7 -33.4 3
      vertex 225.7 -33.4 1.14441e-07
    endloop
  endfacet
  facet normal 0 1 -0
    outer loop
      vertex 228.7 -33.4 1.14441e-07
      vertex 225.7 -33.4 3
      vertex 228.7 -33.4 3
    endloop
  endfacet
  facet normal 0 1 0
    outer loop
      vertex 225.7 -33.4 3
      vertex 228.7 -33.4 1.14441e-07
      vertex 225.7 -33.4 1.14441e-07
    endloop
  endfacet
  facet normal 0 -1 0
    outer loop
      vertex 225.7 -13.4 1.14441e-07
      vertex 228.7 -13.4 3
      vertex 225.7 -13.4 3
    endloop
  endfacet
  facet normal 0 -1 -0
    outer loop
      vertex 228.7 -13.4 3
      vertex 225.7 -13.4 1.14441e-07
      vertex 228.7 -13.4 1.14441e-07
    endloop
  endfacet
  facet normal -1 0 0
    outer loop
      vertex 228.7 -57.4 1.14441e-07
      vertex 228.7 -37.4 3
      vertex 228.7 -37.4 1.14441e-07
    endloop
  endfacet
  facet normal -1 -0 0
    outer loop
      vertex 228.7 -37.4 3
      vertex 228.7 -57.4 1.14441e-07
      vertex 228.7 -57.4 3
    endloop
  endfacet
  facet normal 1 -0 0
    outer loop
      vertex 225.7 -57.4 3
      vertex 225.7 -37.4 1.14441e-07
      vertex 225.7 -37.4 3
    endloop
  endfacet
  facet normal 1 0 0
    outer loop
      vertex 225.7 -37.4 1.14441e-07
      vertex 225.7 -57.4 3
      vertex 225.7 -57.4 1.14441e-07
    endloop
  endfacet
  facet normal 0 1 -0
    outer loop
      vertex 228.7 -57.4 1.14441e-07
      vertex 225.7 -57.4 3
      vertex 228.7 -57.4 3
    endloop
  endfacet
  facet normal 0 1 0
    outer loop
      vertex 225.7 -57.4 3
      vertex 228.7 -57.4 1.14441e-07
      vertex 225.7 -57.4 1.14441e-07
    endloop
  endfacet
  facet normal 0 -1 0
    outer loop
      vertex 225.7 -37.4 1.14441e-07
      vertex 228.7 -37.4 3
      vertex 225.7 -37.4 3
    endloop
  endfacet
  facet normal 0 -1 -0
    outer loop
      vertex 228.7 -37.4 3
      vertex 225.7 -37.4 1.14441e-07
      vertex 228.7 -37.4 1.14441e-07
    endloop
  endfacet
  facet normal -1 0 0
    outer loop
      vertex 234.7 -33.4 1.14441e-07
      vertex 234.7 -13.4 3
      vertex 234.7 -13.4 1.14441e-07
    endloop
  endfacet
  facet normal -1 -0 0
    outer loop
      vertex 234.7 -13.4 3
      vertex 234.7 -33.4 1.14441e-07
      vertex 234.7 -33.4 3
    endloop
  endfacet
  facet normal 1 -0 0
    outer loop
      vertex 231.7 -33.4 3
      vertex 231.7 -13.4 1.14441e-07
      vertex 231.7 -13.4 3
    endloop
  endfacet
  facet normal 1 0 0
    outer loop
      vertex 231.7 -13.4 1.14441e-07
      vertex 231.7 -33.4 3
      vertex 231.7 -33.4 1.14441e-07
    endloop
  endfacet
  facet normal 0 1 -0
    outer loop
      vertex 234.7 -33.4 1.14441e-07
      vertex 231.7 -33.4 3
      vertex 234.7 -33.4 3
    endloop
  endfacet
  facet normal 0 1 0
    outer loop
      vertex 231.7 -33.4 3
      vertex 234.7 -33.4 1.14441e-07
      vertex 231.7 -33.4 1.14441e-07
    endloop
  endfacet
  facet normal 0 -1 0
    outer loop
      vertex 231.7 -13.4 1.14441e-07
      vertex 234.7 -13.4 3
      vertex 231.7 -13.4 3
    endloop
  endfacet
  facet normal 0 -1 -0
    outer loop
      vertex 234.7 -13.4 3
      vertex 231.7 -13.4 1.14441e-07
      vertex 234.7 -13.4 1.14441e-07
    endloop
  endfacet
  facet normal -1 0 0
    outer loop
      vertex 234.7 -57.4 1.14441e-07
      vertex 234.7 -37.4 3
      vertex 234.7 -37.4 1.14441e-07
    endloop
  endfacet
  facet normal -1 -0 0
    outer loop
      vertex 234.7 -37.4 3
      vertex 234.7 -57.4 1.14441e-07
      vertex 234.7 -57.4 3
    endloop
  endfacet
  facet normal 1 -0 0
    outer loop
      vertex 231.7 -57.4 3
      vertex 231.7 -37.4 1.14441e-07
      vertex 231.7 -37.4 3
    endloop
  endfacet
  facet normal 1 0 0
    outer loop
      vertex 231.7 -37.4 1.14441e-07
      vertex 231.7 -57.4 3
      vertex 231.7 -57.4 1.14441e-07
    endloop
  endfacet
  facet normal 0 1 -0
    outer loop
      vertex 234.7 -57.4 1.14441e-07
      vertex 231.7 -57.4 3
      vertex 234.7 -57.4 3
    endloop
  endfacet
  facet normal 0 1 0
    outer loop
      vertex 231.7 -57.4 3
      vertex 234.7 -57.4 1.14441e-07
      vertex 231.7 -57.4 1.14441e-07
    endloop
  endfacet
  facet normal 0 -1 0
    outer loop
      vertex 231.7 -37.4 1.14441e-07
      vertex 234.7 -37.4 3
      vertex 231.7 -37.4 3
    endloop
  endfacet
  facet normal 0 -1 -0
    outer loop
      vertex 234.7 -37.4 3
      vertex 231.7 -37.4 1.14441e-07
      vertex 234.7 -37.4 1.14441e-07
    endloop
  endfacet
  facet normal -1 0 0
    outer loop
      vertex 240.7 -33.4 1.14441e-07
      vertex 240.7 -13.4 3
      vertex 240.7 -13.4 1.14441e-07
    endloop
  endfacet
  facet normal -1 -0 0
    outer loop
      vertex 240.7 -13.4 3
      vertex 240.7 -33.4 1.14441e-07
      vertex 240.7 -33.4 3
    endloop
  endfacet
  facet normal 1 -0 0
    outer loop
      vertex 237.7 -33.4 3
      vertex 237.7 -13.4 1.14441e-07
      vertex 237.7 -13.4 3
    endloop
  endfacet
  facet normal 1 0 0
    outer loop
      vertex 237.7 -13.4 1.14441e-07
      vertex 237.7 -33.4 3
      vertex 237.7 -33.4 1.14441e-07
    endloop
  endfacet
  facet normal 0 1 -0
    outer loop
      vertex 240.7 -33.4 1.14441e-07
      vertex 237.7 -33.4 3
      vertex 240.7 -33.4 3
    endloop
  endfacet
  facet normal 0 1 0
    outer loop
      vertex 237.7 -33.4 3
      vertex 240.7 -33.4 1.14441e-07
      vertex 237.7 -33.4 1.14441e-07
    endloop
  endfacet
  facet normal 0 -1 0
    outer loop
      vertex 237.7 -13.4 1.14441e-07
      vertex 240.7 -13.4 3
      vertex 237.7 -13.4 3
    endloop
  endfacet
  facet normal 0 -1 -0
    outer loop
      vertex 240.7 -13.4 3
      vertex 237.7 -13.4 1.14441e-07
      vertex 240.7 -13.4 1.14441e-07
    endloop
  endfacet
  facet normal -1 0 0
    outer loop
      vertex 240.7 -57.4 1.14441e-07
      vertex 240.7 -37.4 3
      vertex 240.7 -37.4 1.14441e-07
    endloop
  endfacet
  facet normal -1 -0 0
    outer loop
      vertex 240.7 -37.4 3
      vertex 240.7 -57.4 1.14441e-07
      vertex 240.7 -57.4 3
    endloop
  endfacet
  facet normal 1 -0 0
    outer loop
      vertex 237.7 -57.4 3
      vertex 237.7 -37.4 1.14441e-07
      vertex 237.7 -37.4 3
    endloop
  endfacet
  facet normal 1 0 0
    outer loop
      vertex 237.7 -37.4 1.14441e-07
      vertex 237.7 -57.4 3
      vertex 237.7 -57.4 1.14441e-07
    endloop
  endfacet
  facet normal 0 1 -0
    outer loop
      vertex 240.7 -57.4 1.14441e-07
      vertex 237.7 -57.4 3
      vertex 240.7 -57.4 3
    endloop
  endfacet
  facet normal 0 1 0
    outer loop
      vertex 237.7 -57.4 3
      vertex 240.7 -57.4 1.14441e-07
      vertex 237.7 -57.4 1.14441e-07
    endloop
  endfacet
  facet normal 0 -1 0
    outer loop
      vertex 237.7 -37.4 1.14441e-07
      vertex 240.7 -37.4 3
      vertex 237.7 -37.4 3
    endloop
  endfacet
  facet normal 0 -1 -0
    outer loop
      vertex 240.7 -37.4 3
      vertex 237.7 -37.4 1.14441e-07
      vertex 240.7 -37.4 1.14441e-07
    endloop
  endfacet
  facet normal -1 0 0
    outer loop
      vertex 246.7 -33.4 1.14441e-07
      vertex 246.7 -13.4 3
      vertex 246.7 -13.4 1.14441e-07
    endloop
  endfacet
  facet normal -1 -0 0
    outer loop
      vertex 246.7 -13.4 3
      vertex 246.7 -33.4 1.14441e-07
      vertex 246.7 -33.4 3
    endloop
  endfacet
  facet normal 1 -0 0
    outer loop
      vertex 243.7 -33.4 3
      vertex 243.7 -13.4 1.14441e-07
      vertex 243.7 -13.4 3
    endloop
  endfacet
  facet normal 1 0 0
    outer loop
      vertex 243.7 -13.4 1.14441e-07
      vertex 243.7 -33.4 3
      vertex 243.7 -33.4 1.14441e-07
    endloop
  endfacet
  facet normal 0 1 -0
    outer loop
      vertex 246.7 -33.4 1.14441e-07
      vertex 243.7 -33.4 3
      vertex 246.7 -33.4 3
    endloop
  endfacet
  facet normal 0 1 0
    outer loop
      vertex 243.7 -33.4 3
      vertex 246.7 -33.4 1.14441e-07
      vertex 243.7 -33.4 1.14441e-07
    endloop
  endfacet
  facet normal 0 -1 0
    outer loop
      vertex 243.7 -13.4 1.14441e-07
      vertex 246.7 -13.4 3
      vertex 243.7 -13.4 3
    endloop
  endfacet
  facet normal 0 -1 -0
    outer loop
      vertex 246.7 -13.4 3
      vertex 243.7 -13.4 1.14441e-07
      vertex 246.7 -13.4 1.14441e-07
    endloop
  endfacet
  facet normal -1 0 0
    outer loop
      vertex 246.7 -57.4 1.14441e-07
      vertex 246.7 -37.4 3
      vertex 246.7 -37.4 1.14441e-07
    endloop
  endfacet
  facet normal -1 -0 0
    outer loop
      vertex 246.7 -37.4 3
      vertex 246.7 -57.4 1.14441e-07
      vertex 246.7 -57.4 3
    endloop
  endfacet
  facet normal 1 -0 0
    outer loop
      vertex 243.7 -57.4 3
      vertex 243.7 -37.4 1.14441e-07
      vertex 243.7 -37.4 3
    endloop
  endfacet
  facet normal 1 0 0
    outer loop
      vertex 243.7 -37.4 1.14441e-07
      vertex 243.7 -57.4 3
      vertex 243.7 -57.4 1.14441e-07
    endloop
  endfacet
  facet normal 0 1 -0
    outer loop
      vertex 246.7 -57.4 1.14441e-07
      vertex 243.7 -57.4 3
      vertex 246.7 -57.4 3
    endloop
  endfacet
  facet normal 0 1 0
    outer loop
      vertex 243.7 -57.4 3
      vertex 246.7 -57.4 1.14441e-07
      vertex 243.7 -57.4 1.14441e-07
    endloop
  endfacet
  facet normal 0 -1 0
    outer loop
      vertex 243.7 -37.4 1.14441e-07
      vertex 246.7 -37.4 3
      vertex 243.7 -37.4 3
    endloop
  endfacet
  facet normal 0 -1 -0
    outer loop
      vertex 246.7 -37.4 3
      vertex 243.7 -37.4 1.14441e-07
      vertex 246.7 -37.4 1.14441e-07
    endloop
  endfacet
  facet normal -1 0 0
    outer loop
      vertex 252.7 -33.4 1.14441e-07
      vertex 252.7 -13.4 3
      vertex 252.7 -13.4 1.14441e-07
    endloop
  endfacet
  facet normal -1 -0 0
    outer loop
      vertex 252.7 -13.4 3
      vertex 252.7 -33.4 1.14441e-07
      vertex 252.7 -33.4 3
    endloop
  endfacet
  facet normal 1 -0 0
    outer loop
      vertex 249.7 -33.4 3
      vertex 249.7 -13.4 1.14441e-07
      vertex 249.7 -13.4 3
    endloop
  endfacet
  facet normal 1 0 0
    outer loop
      vertex 249.7 -13.4 1.14441e-07
      vertex 249.7 -33.4 3
      vertex 249.7 -33.4 1.14441e-07
    endloop
  endfacet
  facet normal 0 1 -0
    outer loop
      vertex 252.7 -33.4 1.14441e-07
      vertex 249.7 -33.4 3
      vertex 252.7 -33.4 3
    endloop
  endfacet
  facet normal 0 1 0
    outer loop
      vertex 249.7 -33.4 3
      vertex 252.7 -33.4 1.14441e-07
      vertex 249.7 -33.4 1.14441e-07
    endloop
  endfacet
  facet normal 0 -1 0
    outer loop
      vertex 249.7 -13.4 1.14441e-07
      vertex 252.7 -13.4 3
      vertex 249.7 -13.4 3
    endloop
  endfacet
  facet normal 0 -1 -0
    outer loop
      vertex 252.7 -13.4 3
      vertex 249.7 -13.4 1.14441e-07
      vertex 252.7 -13.4 1.14441e-07
    endloop
  endfacet
  facet normal -1 0 0
    outer loop
      vertex 252.7 -57.4 1.14441e-07
      vertex 252.7 -37.4 3
      vertex 252.7 -37.4 1.14441e-07
    endloop
  endfacet
  facet normal -1 -0 0
    outer loop
      vertex 252.7 -37.4 3
      vertex 252.7 -57.4 1.14441e-07
      vertex 252.7 -57.4 3
    endloop
  endfacet
  facet normal 1 -0 0
    outer loop
      vertex 249.7 -57.4 3
      vertex 249.7 -37.4 1.14441e-07
      vertex 249.7 -37.4 3
    endloop
  endfacet
  facet normal 1 0 0
    outer loop
      vertex 249.7 -37.4 1.14441e-07
      vertex 249.7 -57.4 3
      vertex 249.7 -57.4 1.14441e-07
    endloop
  endfacet
  facet normal 0 1 -0
    outer loop
      vertex 252.7 -57.4 1.14441e-07
      vertex 249.7 -57.4 3
      vertex 252.7 -57.4 3
    endloop
  endfacet
  facet normal 0 1 0
    outer loop
      vertex 249.7 -57.4 3
      vertex 252.7 -57.4 1.14441e-07
      vertex 249.7 -57.4 1.14441e-07
    endloop
  endfacet
  facet normal 0 -1 0
    outer loop
      vertex 249.7 -37.4 1.14441e-07
      vertex 252.7 -37.4 3
      vertex 249.7 -37.4 3
    endloop
  endfacet
  facet normal 0 -1 -0
    outer loop
      vertex 252.7 -37.4 3
      vertex 249.7 -37.4 1.14441e-07
      vertex 252.7 -37.4 1.14441e-07
    endloop
  endfacet
  facet normal 1 -0 0
    outer loop
      vertex 261.7 -81 3
      vertex 261.7 167 1.14441e-07
      vertex 261.7 167 3
    endloop
  endfacet
  facet normal 1 0 0
    outer loop
      vertex 261.7 167 1.14441e-07
      vertex 261.7 -81 3
      vertex 261.7 -81 1.14441e-07
    endloop
  endfacet
  facet normal 0 0 -1
    outer loop
      vertex 135.7 -28.2 1.14441e-07
      vertex 135 -28.2 1.14441e-07
      vertex 135.7 -13.4 1.14441e-07
    endloop
  endfacet
  facet normal 0 0 -1
    outer loop
      vertex 137.081 73.2 1.14441e-07
      vertex 141.7 112 1.14441e-07
      vertex 141.7 73.2 1.14441e-07
    endloop
  endfacet
  facet normal 0 0 -1
    outer loop
      vertex 137.081 73.2 1.14441e-07
      vertex 137.081 112 1.14441e-07
      vertex 141.7 112 1.14441e-07
    endloop
  endfacet
  facet normal 0 0 -1
    outer loop
      vertex 135 71 1.14441e-07
      vertex 137.081 73.2 1.14441e-07
      vertex 135.881 71 1.14441e-07
    endloop
  endfacet
  facet normal -0 0 -1
    outer loop
      vertex 137.081 73.2 1.14441e-07
      vertex 135 71 1.14441e-07
      vertex 137.081 112 1.14441e-07
    endloop
  endfacet
  facet normal 0 0 -1
    outer loop
      vertex 135 114.2 1.14441e-07
      vertex 137.081 112 1.14441e-07
      vertex 135 71 1.14441e-07
    endloop
  endfacet
  facet normal 0 0 -1
    outer loop
      vertex 137.081 112 1.14441e-07
      vertex 135 114.2 1.14441e-07
      vertex 135.881 114.2 1.14441e-07
    endloop
  endfacet
  facet normal 0 0 -1
    outer loop
      vertex 137.081 23.6 1.14441e-07
      vertex 141.7 62.4 1.14441e-07
      vertex 141.7 23.6 1.14441e-07
    endloop
  endfacet
  facet normal 0 0 -1
    outer loop
      vertex 137.081 23.6 1.14441e-07
      vertex 137.081 62.4 1.14441e-07
      vertex 141.7 62.4 1.14441e-07
    endloop
  endfacet
  facet normal 0 0 -1
    outer loop
      vertex 135 21.4 1.14441e-07
      vertex 137.081 23.6 1.14441e-07
      vertex 135.881 21.4 1.14441e-07
    endloop
  endfacet
  facet normal -0 0 -1
    outer loop
      vertex 137.081 23.6 1.14441e-07
      vertex 135 21.4 1.14441e-07
      vertex 137.081 62.4 1.14441e-07
    endloop
  endfacet
  facet normal 0 0 -1
    outer loop
      vertex 135 64.6 1.14441e-07
      vertex 137.081 62.4 1.14441e-07
      vertex 135 21.4 1.14441e-07
    endloop
  endfacet
  facet normal 0 0 -1
    outer loop
      vertex 137.081 62.4 1.14441e-07
      vertex 135 64.6 1.14441e-07
      vertex 135.881 64.6 1.14441e-07
    endloop
  endfacet
  facet normal 0 0 -1
    outer loop
      vertex 141.7 -37.4 1.14441e-07
      vertex 138.7 -37.4 1.14441e-07
      vertex 141.7 -36.8 1.14441e-07
    endloop
  endfacet
  facet normal 0 0 -1
    outer loop
      vertex 138.7 -37.4 1.14441e-07
      vertex 137.081 -36.8 1.14441e-07
      vertex 141.7 -36.8 1.14441e-07
    endloop
  endfacet
  facet normal 0 0 -1
    outer loop
      vertex 135.7 -37.4 1.14441e-07
      vertex 137.081 -36.8 1.14441e-07
      vertex 138.7 -37.4 1.14441e-07
    endloop
  endfacet
  facet normal 0 0 -1
    outer loop
      vertex 135.7 -37.4 1.14441e-07
      vertex 135.881 -34.6 1.14441e-07
      vertex 137.081 -36.8 1.14441e-07
    endloop
  endfacet
  facet normal 0 0 -1
    outer loop
      vertex 135.7 -37.4 1.14441e-07
      vertex 135 -34.6 1.14441e-07
      vertex 135.881 -34.6 1.14441e-07
    endloop
  endfacet
  facet normal 0 0 -1
    outer loop
      vertex 135.7 -57.4 1.14441e-07
      vertex 135 -34.6 1.14441e-07
      vertex 135.7 -37.4 1.14441e-07
    endloop
  endfacet
  facet normal 0 0 -1
    outer loop
      vertex 141.7 -36.8 1.14441e-07
      vertex 144.7 -37.4 1.14441e-07
      vertex 141.7 -37.4 1.14441e-07
    endloop
  endfacet
  facet normal 0 0 -1
    outer loop
      vertex 144.7 -37.4 1.14441e-07
      vertex 141.7 -36.8 1.14441e-07
      vertex 144.7 -33.4 1.14441e-07
    endloop
  endfacet
  facet normal -0 0 -1
    outer loop
      vertex 144.7 -33.4 1.14441e-07
      vertex 141.7 -36.8 1.14441e-07
      vertex 141.7 -33.4 1.14441e-07
    endloop
  endfacet
  facet normal 0 0 -1
    outer loop
      vertex 147.7 -37.4 1.14441e-07
      vertex 150.7 -33.4 1.14441e-07
      vertex 150.7 -37.4 1.14441e-07
    endloop
  endfacet
  facet normal -0 0 -1
    outer loop
      vertex 150.7 -33.4 1.14441e-07
      vertex 147.7 -37.4 1.14441e-07
      vertex 147.7 -33.4 1.14441e-07
    endloop
  endfacet
  facet normal 0 0 -1
    outer loop
      vertex 153.7 -37.4 1.14441e-07
      vertex 156.7 -33.4 1.14441e-07
      vertex 156.7 -37.4 1.14441e-07
    endloop
  endfacet
  facet normal -0 0 -1
    outer loop
      vertex 156.7 -33.4 1.14441e-07
      vertex 153.7 -37.4 1.14441e-07
      vertex 153.7 -33.4 1.14441e-07
    endloop
  endfacet
  facet normal 0 0 -1
    outer loop
      vertex 159.7 -37.4 1.14441e-07
      vertex 162.7 -33.4 1.14441e-07
      vertex 162.7 -37.4 1.14441e-07
    endloop
  endfacet
  facet normal -0 0 -1
    outer loop
      vertex 162.7 -33.4 1.14441e-07
      vertex 159.7 -37.4 1.14441e-07
      vertex 159.7 -33.4 1.14441e-07
    endloop
  endfacet
  facet normal 0 0 -1
    outer loop
      vertex 165.7 -37.4 1.14441e-07
      vertex 168.7 -33.4 1.14441e-07
      vertex 168.7 -37.4 1.14441e-07
    endloop
  endfacet
  facet normal -0 0 -1
    outer loop
      vertex 168.7 -33.4 1.14441e-07
      vertex 165.7 -37.4 1.14441e-07
      vertex 165.7 -33.4 1.14441e-07
    endloop
  endfacet
  facet normal 0 0 -1
    outer loop
      vertex 171.7 -37.4 1.14441e-07
      vertex 174.7 -33.4 1.14441e-07
      vertex 174.7 -37.4 1.14441e-07
    endloop
  endfacet
  facet normal -0 0 -1
    outer loop
      vertex 174.7 -33.4 1.14441e-07
      vertex 171.7 -37.4 1.14441e-07
      vertex 171.7 -33.4 1.14441e-07
    endloop
  endfacet
  facet normal 0 0 -1
    outer loop
      vertex 177.7 -37.4 1.14441e-07
      vertex 180.7 -33.4 1.14441e-07
      vertex 180.7 -37.4 1.14441e-07
    endloop
  endfacet
  facet normal -0 0 -1
    outer loop
      vertex 180.7 -33.4 1.14441e-07
      vertex 177.7 -37.4 1.14441e-07
      vertex 177.7 -33.4 1.14441e-07
    endloop
  endfacet
  facet normal 0 0 -1
    outer loop
      vertex 183.7 -37.4 1.14441e-07
      vertex 186.7 -33.4 1.14441e-07
      vertex 186.7 -37.4 1.14441e-07
    endloop
  endfacet
  facet normal -0 0 -1
    outer loop
      vertex 186.7 -33.4 1.14441e-07
      vertex 183.7 -37.4 1.14441e-07
      vertex 183.7 -33.4 1.14441e-07
    endloop
  endfacet
  facet normal 0 0 -1
    outer loop
      vertex 189.7 -37.4 1.14441e-07
      vertex 192.7 -33.4 1.14441e-07
      vertex 192.7 -37.4 1.14441e-07
    endloop
  endfacet
  facet normal -0 0 -1
    outer loop
      vertex 192.7 -33.4 1.14441e-07
      vertex 189.7 -37.4 1.14441e-07
      vertex 189.7 -33.4 1.14441e-07
    endloop
  endfacet
  facet normal 0 0 -1
    outer loop
      vertex 195.7 -37.4 1.14441e-07
      vertex 198.7 -33.4 1.14441e-07
      vertex 198.7 -37.4 1.14441e-07
    endloop
  endfacet
  facet normal -0 0 -1
    outer loop
      vertex 198.7 -33.4 1.14441e-07
      vertex 195.7 -37.4 1.14441e-07
      vertex 195.7 -33.4 1.14441e-07
    endloop
  endfacet
  facet normal 0 0 -1
    outer loop
      vertex 201.7 -37.4 1.14441e-07
      vertex 204.7 -33.4 1.14441e-07
      vertex 204.7 -37.4 1.14441e-07
    endloop
  endfacet
  facet normal -0 0 -1
    outer loop
      vertex 204.7 -33.4 1.14441e-07
      vertex 201.7 -37.4 1.14441e-07
      vertex 201.7 -33.4 1.14441e-07
    endloop
  endfacet
  facet normal 0 0 -1
    outer loop
      vertex 207.7 -37.4 1.14441e-07
      vertex 210.7 -33.4 1.14441e-07
      vertex 210.7 -37.4 1.14441e-07
    endloop
  endfacet
  facet normal -0 0 -1
    outer loop
      vertex 210.7 -33.4 1.14441e-07
      vertex 207.7 -37.4 1.14441e-07
      vertex 207.7 -33.4 1.14441e-07
    endloop
  endfacet
  facet normal 0 0 -1
    outer loop
      vertex 213.7 -37.4 1.14441e-07
      vertex 216.7 -33.4 1.14441e-07
      vertex 216.7 -37.4 1.14441e-07
    endloop
  endfacet
  facet normal -0 0 -1
    outer loop
      vertex 216.7 -33.4 1.14441e-07
      vertex 213.7 -37.4 1.14441e-07
      vertex 213.7 -33.4 1.14441e-07
    endloop
  endfacet
  facet normal 0 0 -1
    outer loop
      vertex 219.7 -37.4 1.14441e-07
      vertex 222.7 -33.4 1.14441e-07
      vertex 222.7 -37.4 1.14441e-07
    endloop
  endfacet
  facet normal -0 0 -1
    outer loop
      vertex 222.7 -33.4 1.14441e-07
      vertex 219.7 -37.4 1.14441e-07
      vertex 219.7 -33.4 1.14441e-07
    endloop
  endfacet
  facet normal 0 0 -1
    outer loop
      vertex 225.7 -37.4 1.14441e-07
      vertex 228.7 -33.4 1.14441e-07
      vertex 228.7 -37.4 1.14441e-07
    endloop
  endfacet
  facet normal -0 0 -1
    outer loop
      vertex 228.7 -33.4 1.14441e-07
      vertex 225.7 -37.4 1.14441e-07
      vertex 225.7 -33.4 1.14441e-07
    endloop
  endfacet
  facet normal 0 0 -1
    outer loop
      vertex 231.7 -37.4 1.14441e-07
      vertex 234.7 -33.4 1.14441e-07
      vertex 234.7 -37.4 1.14441e-07
    endloop
  endfacet
  facet normal -0 0 -1
    outer loop
      vertex 234.7 -33.4 1.14441e-07
      vertex 231.7 -37.4 1.14441e-07
      vertex 231.7 -33.4 1.14441e-07
    endloop
  endfacet
  facet normal 0 0 -1
    outer loop
      vertex 237.7 -37.4 1.14441e-07
      vertex 240.7 -33.4 1.14441e-07
      vertex 240.7 -37.4 1.14441e-07
    endloop
  endfacet
  facet normal -0 0 -1
    outer loop
      vertex 240.7 -33.4 1.14441e-07
      vertex 237.7 -37.4 1.14441e-07
      vertex 237.7 -33.4 1.14441e-07
    endloop
  endfacet
  facet normal 0 0 -1
    outer loop
      vertex 243.7 -37.4 1.14441e-07
      vertex 246.7 -33.4 1.14441e-07
      vertex 246.7 -37.4 1.14441e-07
    endloop
  endfacet
  facet normal -0 0 -1
    outer loop
      vertex 246.7 -33.4 1.14441e-07
      vertex 243.7 -37.4 1.14441e-07
      vertex 243.7 -33.4 1.14441e-07
    endloop
  endfacet
  facet normal 0 0 -1
    outer loop
      vertex 249.7 -37.4 1.14441e-07
      vertex 252.7 -33.4 1.14441e-07
      vertex 252.7 -37.4 1.14441e-07
    endloop
  endfacet
  facet normal -0 0 -1
    outer loop
      vertex 252.7 -33.4 1.14441e-07
      vertex 249.7 -37.4 1.14441e-07
      vertex 249.7 -33.4 1.14441e-07
    endloop
  endfacet
  facet normal 0 0 -1
    outer loop
      vertex 252.7 -37.4 1.14441e-07
      vertex 261.7 -81 1.14441e-07
      vertex 252.7 -57.4 1.14441e-07
    endloop
  endfacet
  facet normal 0 0 -1
    outer loop
      vertex 261.7 -81 1.14441e-07
      vertex 249.7 -57.4 1.14441e-07
      vertex 252.7 -57.4 1.14441e-07
    endloop
  endfacet
  facet normal 0 0 -1
    outer loop
      vertex 246.7 -37.4 1.14441e-07
      vertex 249.7 -37.4 1.14441e-07
      vertex 249.7 -57.4 1.14441e-07
    endloop
  endfacet
  facet normal 0 0 -1
    outer loop
      vertex 249.7 -37.4 1.14441e-07
      vertex 246.7 -37.4 1.14441e-07
      vertex 249.7 -33.4 1.14441e-07
    endloop
  endfacet
  facet normal 0 0 -1
    outer loop
      vertex 246.7 -37.4 1.14441e-07
      vertex 249.7 -57.4 1.14441e-07
      vertex 246.7 -57.4 1.14441e-07
    endloop
  endfacet
  facet normal 0 0 -1
    outer loop
      vertex 261.7 -81 1.14441e-07
      vertex 246.7 -57.4 1.14441e-07
      vertex 249.7 -57.4 1.14441e-07
    endloop
  endfacet
  facet normal 0 0 -1
    outer loop
      vertex 261.7 -81 1.14441e-07
      vertex 243.7 -57.4 1.14441e-07
      vertex 246.7 -57.4 1.14441e-07
    endloop
  endfacet
  facet normal 0 0 -1
    outer loop
      vertex 240.7 -37.4 1.14441e-07
      vertex 243.7 -37.4 1.14441e-07
      vertex 243.7 -57.4 1.14441e-07
    endloop
  endfacet
  facet normal 0 0 -1
    outer loop
      vertex 243.7 -37.4 1.14441e-07
      vertex 240.7 -37.4 1.14441e-07
      vertex 243.7 -33.4 1.14441e-07
    endloop
  endfacet
  facet normal 0 0 -1
    outer loop
      vertex 240.7 -37.4 1.14441e-07
      vertex 243.7 -57.4 1.14441e-07
      vertex 240.7 -57.4 1.14441e-07
    endloop
  endfacet
  facet normal 0 0 -1
    outer loop
      vertex 261.7 -81 1.14441e-07
      vertex 240.7 -57.4 1.14441e-07
      vertex 243.7 -57.4 1.14441e-07
    endloop
  endfacet
  facet normal 0 0 -1
    outer loop
      vertex 261.7 -81 1.14441e-07
      vertex 237.7 -57.4 1.14441e-07
      vertex 240.7 -57.4 1.14441e-07
    endloop
  endfacet
  facet normal 0 0 -1
    outer loop
      vertex 234.7 -37.4 1.14441e-07
      vertex 237.7 -37.4 1.14441e-07
      vertex 237.7 -57.4 1.14441e-07
    endloop
  endfacet
  facet normal 0 0 -1
    outer loop
      vertex 237.7 -37.4 1.14441e-07
      vertex 234.7 -37.4 1.14441e-07
      vertex 237.7 -33.4 1.14441e-07
    endloop
  endfacet
  facet normal 0 0 -1
    outer loop
      vertex 234.7 -37.4 1.14441e-07
      vertex 237.7 -57.4 1.14441e-07
      vertex 234.7 -57.4 1.14441e-07
    endloop
  endfacet
  facet normal 0 0 -1
    outer loop
      vertex 261.7 -81 1.14441e-07
      vertex 234.7 -57.4 1.14441e-07
      vertex 237.7 -57.4 1.14441e-07
    endloop
  endfacet
  facet normal 0 0 -1
    outer loop
      vertex 261.7 -81 1.14441e-07
      vertex 231.7 -57.4 1.14441e-07
      vertex 234.7 -57.4 1.14441e-07
    endloop
  endfacet
  facet normal 0 0 -1
    outer loop
      vertex 228.7 -37.4 1.14441e-07
      vertex 231.7 -37.4 1.14441e-07
      vertex 231.7 -57.4 1.14441e-07
    endloop
  endfacet
  facet normal 0 0 -1
    outer loop
      vertex 231.7 -37.4 1.14441e-07
      vertex 228.7 -37.4 1.14441e-07
      vertex 231.7 -33.4 1.14441e-07
    endloop
  endfacet
  facet normal 0 0 -1
    outer loop
      vertex 228.7 -37.4 1.14441e-07
      vertex 231.7 -57.4 1.14441e-07
      vertex 228.7 -57.4 1.14441e-07
    endloop
  endfacet
  facet normal 0 0 -1
    outer loop
      vertex 261.7 -81 1.14441e-07
      vertex 228.7 -57.4 1.14441e-07
      vertex 231.7 -57.4 1.14441e-07
    endloop
  endfacet
  facet normal 0 0 -1
    outer loop
      vertex 261.7 -81 1.14441e-07
      vertex 225.7 -57.4 1.14441e-07
      vertex 228.7 -57.4 1.14441e-07
    endloop
  endfacet
  facet normal 0 0 -1
    outer loop
      vertex 222.7 -37.4 1.14441e-07
      vertex 225.7 -37.4 1.14441e-07
      vertex 225.7 -57.4 1.14441e-07
    endloop
  endfacet
  facet normal 0 0 -1
    outer loop
      vertex 225.7 -37.4 1.14441e-07
      vertex 222.7 -37.4 1.14441e-07
      vertex 225.7 -33.4 1.14441e-07
    endloop
  endfacet
  facet normal 0 0 -1
    outer loop
      vertex 222.7 -37.4 1.14441e-07
      vertex 225.7 -57.4 1.14441e-07
      vertex 222.7 -57.4 1.14441e-07
    endloop
  endfacet
  facet normal 0 0 -1
    outer loop
      vertex 261.7 -81 1.14441e-07
      vertex 222.7 -57.4 1.14441e-07
      vertex 225.7 -57.4 1.14441e-07
    endloop
  endfacet
  facet normal 0 0 -1
    outer loop
      vertex 261.7 -81 1.14441e-07
      vertex 219.7 -57.4 1.14441e-07
      vertex 222.7 -57.4 1.14441e-07
    endloop
  endfacet
  facet normal 0 0 -1
    outer loop
      vertex 216.7 -37.4 1.14441e-07
      vertex 219.7 -37.4 1.14441e-07
      vertex 219.7 -57.4 1.14441e-07
    endloop
  endfacet
  facet normal 0 0 -1
    outer loop
      vertex 219.7 -37.4 1.14441e-07
      vertex 216.7 -37.4 1.14441e-07
      vertex 219.7 -33.4 1.14441e-07
    endloop
  endfacet
  facet normal 0 0 -1
    outer loop
      vertex 216.7 -37.4 1.14441e-07
      vertex 219.7 -57.4 1.14441e-07
      vertex 216.7 -57.4 1.14441e-07
    endloop
  endfacet
  facet normal 0 0 -1
    outer loop
      vertex 261.7 -81 1.14441e-07
      vertex 216.7 -57.4 1.14441e-07
      vertex 219.7 -57.4 1.14441e-07
    endloop
  endfacet
  facet normal 0 0 -1
    outer loop
      vertex 261.7 -81 1.14441e-07
      vertex 213.7 -57.4 1.14441e-07
      vertex 216.7 -57.4 1.14441e-07
    endloop
  endfacet
  facet normal 0 0 -1
    outer loop
      vertex 210.7 -37.4 1.14441e-07
      vertex 213.7 -37.4 1.14441e-07
      vertex 213.7 -57.4 1.14441e-07
    endloop
  endfacet
  facet normal 0 0 -1
    outer loop
      vertex 213.7 -37.4 1.14441e-07
      vertex 210.7 -37.4 1.14441e-07
      vertex 213.7 -33.4 1.14441e-07
    endloop
  endfacet
  facet normal 0 0 -1
    outer loop
      vertex 210.7 -37.4 1.14441e-07
      vertex 213.7 -57.4 1.14441e-07
      vertex 210.7 -57.4 1.14441e-07
    endloop
  endfacet
  facet normal 0 0 -1
    outer loop
      vertex 261.7 -81 1.14441e-07
      vertex 210.7 -57.4 1.14441e-07
      vertex 213.7 -57.4 1.14441e-07
    endloop
  endfacet
  facet normal 0 0 -1
    outer loop
      vertex 261.7 -81 1.14441e-07
      vertex 207.7 -57.4 1.14441e-07
      vertex 210.7 -57.4 1.14441e-07
    endloop
  endfacet
  facet normal 0 0 -1
    outer loop
      vertex 204.7 -37.4 1.14441e-07
      vertex 207.7 -37.4 1.14441e-07
      vertex 207.7 -57.4 1.14441e-07
    endloop
  endfacet
  facet normal 0 0 -1
    outer loop
      vertex 207.7 -37.4 1.14441e-07
      vertex 204.7 -37.4 1.14441e-07
      vertex 207.7 -33.4 1.14441e-07
    endloop
  endfacet
  facet normal 0 0 -1
    outer loop
      vertex 204.7 -37.4 1.14441e-07
      vertex 207.7 -57.4 1.14441e-07
      vertex 204.7 -57.4 1.14441e-07
    endloop
  endfacet
  facet normal 0 0 -1
    outer loop
      vertex 261.7 -81 1.14441e-07
      vertex 204.7 -57.4 1.14441e-07
      vertex 207.7 -57.4 1.14441e-07
    endloop
  endfacet
  facet normal 0 0 -1
    outer loop
      vertex 261.7 -81 1.14441e-07
      vertex 201.7 -57.4 1.14441e-07
      vertex 204.7 -57.4 1.14441e-07
    endloop
  endfacet
  facet normal 0 0 -1
    outer loop
      vertex 198.7 -37.4 1.14441e-07
      vertex 201.7 -37.4 1.14441e-07
      vertex 201.7 -57.4 1.14441e-07
    endloop
  endfacet
  facet normal 0 0 -1
    outer loop
      vertex 201.7 -37.4 1.14441e-07
      vertex 198.7 -37.4 1.14441e-07
      vertex 201.7 -33.4 1.14441e-07
    endloop
  endfacet
  facet normal 0 0 -1
    outer loop
      vertex 198.7 -37.4 1.14441e-07
      vertex 201.7 -57.4 1.14441e-07
      vertex 198.7 -57.4 1.14441e-07
    endloop
  endfacet
  facet normal 0 0 -1
    outer loop
      vertex 261.7 -81 1.14441e-07
      vertex 198.7 -57.4 1.14441e-07
      vertex 201.7 -57.4 1.14441e-07
    endloop
  endfacet
  facet normal 0 0 -1
    outer loop
      vertex 135 -81 1.14441e-07
      vertex 198.7 -57.4 1.14441e-07
      vertex 261.7 -81 1.14441e-07
    endloop
  endfacet
  facet normal 0 0 -1
    outer loop
      vertex 192.7 -37.4 1.14441e-07
      vertex 195.7 -37.4 1.14441e-07
      vertex 195.7 -57.4 1.14441e-07
    endloop
  endfacet
  facet normal 0 0 -1
    outer loop
      vertex 195.7 -37.4 1.14441e-07
      vertex 192.7 -37.4 1.14441e-07
      vertex 195.7 -33.4 1.14441e-07
    endloop
  endfacet
  facet normal 0 0 -1
    outer loop
      vertex 192.7 -37.4 1.14441e-07
      vertex 195.7 -57.4 1.14441e-07
      vertex 192.7 -57.4 1.14441e-07
    endloop
  endfacet
  facet normal -0 0 -1
    outer loop
      vertex 198.7 -57.4 1.14441e-07
      vertex 135 -81 1.14441e-07
      vertex 195.7 -57.4 1.14441e-07
    endloop
  endfacet
  facet normal -0 0 -1
    outer loop
      vertex 195.7 -57.4 1.14441e-07
      vertex 135 -81 1.14441e-07
      vertex 192.7 -57.4 1.14441e-07
    endloop
  endfacet
  facet normal 0 0 -1
    outer loop
      vertex 186.7 -37.4 1.14441e-07
      vertex 189.7 -37.4 1.14441e-07
      vertex 189.7 -57.4 1.14441e-07
    endloop
  endfacet
  facet normal 0 0 -1
    outer loop
      vertex 189.7 -37.4 1.14441e-07
      vertex 186.7 -37.4 1.14441e-07
      vertex 189.7 -33.4 1.14441e-07
    endloop
  endfacet
  facet normal 0 0 -1
    outer loop
      vertex 186.7 -37.4 1.14441e-07
      vertex 189.7 -57.4 1.14441e-07
      vertex 186.7 -57.4 1.14441e-07
    endloop
  endfacet
  facet normal -0 0 -1
    outer loop
      vertex 192.7 -57.4 1.14441e-07
      vertex 135 -81 1.14441e-07
      vertex 189.7 -57.4 1.14441e-07
    endloop
  endfacet
  facet normal -0 0 -1
    outer loop
      vertex 189.7 -57.4 1.14441e-07
      vertex 135 -81 1.14441e-07
      vertex 186.7 -57.4 1.14441e-07
    endloop
  endfacet
  facet normal 0 0 -1
    outer loop
      vertex 180.7 -37.4 1.14441e-07
      vertex 183.7 -37.4 1.14441e-07
      vertex 183.7 -57.4 1.14441e-07
    endloop
  endfacet
  facet normal 0 0 -1
    outer loop
      vertex 183.7 -37.4 1.14441e-07
      vertex 180.7 -37.4 1.14441e-07
      vertex 183.7 -33.4 1.14441e-07
    endloop
  endfacet
  facet normal 0 0 -1
    outer loop
      vertex 180.7 -37.4 1.14441e-07
      vertex 183.7 -57.4 1.14441e-07
      vertex 180.7 -57.4 1.14441e-07
    endloop
  endfacet
  facet normal -0 0 -1
    outer loop
      vertex 186.7 -57.4 1.14441e-07
      vertex 135 -81 1.14441e-07
      vertex 183.7 -57.4 1.14441e-07
    endloop
  endfacet
  facet normal -0 0 -1
    outer loop
      vertex 183.7 -57.4 1.14441e-07
      vertex 135 -81 1.14441e-07
      vertex 180.7 -57.4 1.14441e-07
    endloop
  endfacet
  facet normal 0 0 -1
    outer loop
      vertex 174.7 -37.4 1.14441e-07
      vertex 177.7 -37.4 1.14441e-07
      vertex 177.7 -57.4 1.14441e-07
    endloop
  endfacet
  facet normal 0 0 -1
    outer loop
      vertex 177.7 -37.4 1.14441e-07
      vertex 174.7 -37.4 1.14441e-07
      vertex 177.7 -33.4 1.14441e-07
    endloop
  endfacet
  facet normal 0 0 -1
    outer loop
      vertex 174.7 -37.4 1.14441e-07
      vertex 177.7 -57.4 1.14441e-07
      vertex 174.7 -57.4 1.14441e-07
    endloop
  endfacet
  facet normal -0 0 -1
    outer loop
      vertex 180.7 -57.4 1.14441e-07
      vertex 135 -81 1.14441e-07
      vertex 177.7 -57.4 1.14441e-07
    endloop
  endfacet
  facet normal -0 0 -1
    outer loop
      vertex 177.7 -57.4 1.14441e-07
      vertex 135 -81 1.14441e-07
      vertex 174.7 -57.4 1.14441e-07
    endloop
  endfacet
  facet normal 0 0 -1
    outer loop
      vertex 168.7 -37.4 1.14441e-07
      vertex 171.7 -37.4 1.14441e-07
      vertex 171.7 -57.4 1.14441e-07
    endloop
  endfacet
  facet normal 0 0 -1
    outer loop
      vertex 171.7 -37.4 1.14441e-07
      vertex 168.7 -37.4 1.14441e-07
      vertex 171.7 -33.4 1.14441e-07
    endloop
  endfacet
  facet normal 0 0 -1
    outer loop
      vertex 168.7 -37.4 1.14441e-07
      vertex 171.7 -57.4 1.14441e-07
      vertex 168.7 -57.4 1.14441e-07
    endloop
  endfacet
  facet normal -0 0 -1
    outer loop
      vertex 174.7 -57.4 1.14441e-07
      vertex 135 -81 1.14441e-07
      vertex 171.7 -57.4 1.14441e-07
    endloop
  endfacet
  facet normal -0 0 -1
    outer loop
      vertex 171.7 -57.4 1.14441e-07
      vertex 135 -81 1.14441e-07
      vertex 168.7 -57.4 1.14441e-07
    endloop
  endfacet
  facet normal 0 0 -1
    outer loop
      vertex 162.7 -37.4 1.14441e-07
      vertex 165.7 -37.4 1.14441e-07
      vertex 165.7 -57.4 1.14441e-07
    endloop
  endfacet
  facet normal 0 0 -1
    outer loop
      vertex 165.7 -37.4 1.14441e-07
      vertex 162.7 -37.4 1.14441e-07
      vertex 165.7 -33.4 1.14441e-07
    endloop
  endfacet
  facet normal 0 0 -1
    outer loop
      vertex 162.7 -37.4 1.14441e-07
      vertex 165.7 -57.4 1.14441e-07
      vertex 162.7 -57.4 1.14441e-07
    endloop
  endfacet
  facet normal -0 0 -1
    outer loop
      vertex 168.7 -57.4 1.14441e-07
      vertex 135 -81 1.14441e-07
      vertex 165.7 -57.4 1.14441e-07
    endloop
  endfacet
  facet normal -0 0 -1
    outer loop
      vertex 165.7 -57.4 1.14441e-07
      vertex 135 -81 1.14441e-07
      vertex 162.7 -57.4 1.14441e-07
    endloop
  endfacet
  facet normal 0 0 -1
    outer loop
      vertex 156.7 -37.4 1.14441e-07
      vertex 159.7 -37.4 1.14441e-07
      vertex 159.7 -57.4 1.14441e-07
    endloop
  endfacet
  facet normal 0 0 -1
    outer loop
      vertex 159.7 -37.4 1.14441e-07
      vertex 156.7 -37.4 1.14441e-07
      vertex 159.7 -33.4 1.14441e-07
    endloop
  endfacet
  facet normal 0 0 -1
    outer loop
      vertex 156.7 -37.4 1.14441e-07
      vertex 159.7 -57.4 1.14441e-07
      vertex 156.7 -57.4 1.14441e-07
    endloop
  endfacet
  facet normal -0 0 -1
    outer loop
      vertex 162.7 -57.4 1.14441e-07
      vertex 135 -81 1.14441e-07
      vertex 159.7 -57.4 1.14441e-07
    endloop
  endfacet
  facet normal -0 0 -1
    outer loop
      vertex 159.7 -57.4 1.14441e-07
      vertex 135 -81 1.14441e-07
      vertex 156.7 -57.4 1.14441e-07
    endloop
  endfacet
  facet normal 0 0 -1
    outer loop
      vertex 150.7 -37.4 1.14441e-07
      vertex 153.7 -37.4 1.14441e-07
      vertex 153.7 -57.4 1.14441e-07
    endloop
  endfacet
  facet normal 0 0 -1
    outer loop
      vertex 153.7 -37.4 1.14441e-07
      vertex 150.7 -37.4 1.14441e-07
      vertex 153.7 -33.4 1.14441e-07
    endloop
  endfacet
  facet normal 0 0 -1
    outer loop
      vertex 150.7 -37.4 1.14441e-07
      vertex 153.7 -57.4 1.14441e-07
      vertex 150.7 -57.4 1.14441e-07
    endloop
  endfacet
  facet normal -0 0 -1
    outer loop
      vertex 156.7 -57.4 1.14441e-07
      vertex 135 -81 1.14441e-07
      vertex 153.7 -57.4 1.14441e-07
    endloop
  endfacet
  facet normal -0 0 -1
    outer loop
      vertex 153.7 -57.4 1.14441e-07
      vertex 135 -81 1.14441e-07
      vertex 150.7 -57.4 1.14441e-07
    endloop
  endfacet
  facet normal 0 0 -1
    outer loop
      vertex 144.7 -37.4 1.14441e-07
      vertex 147.7 -37.4 1.14441e-07
      vertex 147.7 -57.4 1.14441e-07
    endloop
  endfacet
  facet normal 0 0 -1
    outer loop
      vertex 147.7 -37.4 1.14441e-07
      vertex 144.7 -37.4 1.14441e-07
      vertex 147.7 -33.4 1.14441e-07
    endloop
  endfacet
  facet normal 0 0 -1
    outer loop
      vertex 144.7 -37.4 1.14441e-07
      vertex 147.7 -57.4 1.14441e-07
      vertex 144.7 -57.4 1.14441e-07
    endloop
  endfacet
  facet normal -0 0 -1
    outer loop
      vertex 150.7 -57.4 1.14441e-07
      vertex 135 -81 1.14441e-07
      vertex 147.7 -57.4 1.14441e-07
    endloop
  endfacet
  facet normal -0 0 -1
    outer loop
      vertex 147.7 -57.4 1.14441e-07
      vertex 135 -81 1.14441e-07
      vertex 144.7 -57.4 1.14441e-07
    endloop
  endfacet
  facet normal 0 0 -1
    outer loop
      vertex 138.7 -57.4 1.14441e-07
      vertex 141.7 -37.4 1.14441e-07
      vertex 141.7 -57.4 1.14441e-07
    endloop
  endfacet
  facet normal 0 0 -1
    outer loop
      vertex 138.7 -37.4 1.14441e-07
      vertex 141.7 -37.4 1.14441e-07
      vertex 138.7 -57.4 1.14441e-07
    endloop
  endfacet
  facet normal -0 0 -1
    outer loop
      vertex 144.7 -57.4 1.14441e-07
      vertex 135 -81 1.14441e-07
      vertex 141.7 -57.4 1.14441e-07
    endloop
  endfacet
  facet normal -0 0 -1
    outer loop
      vertex 141.7 -57.4 1.14441e-07
      vertex 135 -81 1.14441e-07
      vertex 138.7 -57.4 1.14441e-07
    endloop
  endfacet
  facet normal 0 0 -1
    outer loop
      vertex 135 -34.6 1.14441e-07
      vertex 135.7 -57.4 1.14441e-07
      vertex 135 -81 1.14441e-07
    endloop
  endfacet
  facet normal -0 0 -1
    outer loop
      vertex 138.7 -57.4 1.14441e-07
      vertex 135 -81 1.14441e-07
      vertex 135.7 -57.4 1.14441e-07
    endloop
  endfacet
  facet normal 0 0 -1
    outer loop
      vertex 252.7 -33.4 1.14441e-07
      vertex 261.7 -81 1.14441e-07
      vertex 252.7 -37.4 1.14441e-07
    endloop
  endfacet
  facet normal 0 0 -1
    outer loop
      vertex 252.7 -13.4 1.14441e-07
      vertex 261.7 -81 1.14441e-07
      vertex 252.7 -33.4 1.14441e-07
    endloop
  endfacet
  facet normal 0 0 -1
    outer loop
      vertex 261.7 -81 1.14441e-07
      vertex 252.7 -13.4 1.14441e-07
      vertex 261.7 167 1.14441e-07
    endloop
  endfacet
  facet normal 0 0 -1
    outer loop
      vertex 249.7 -13.4 1.14441e-07
      vertex 261.7 167 1.14441e-07
      vertex 252.7 -13.4 1.14441e-07
    endloop
  endfacet
  facet normal 0 0 -1
    outer loop
      vertex 246.7 -33.4 1.14441e-07
      vertex 249.7 -33.4 1.14441e-07
      vertex 246.7 -37.4 1.14441e-07
    endloop
  endfacet
  facet normal 0 0 -1
    outer loop
      vertex 249.7 -33.4 1.14441e-07
      vertex 246.7 -33.4 1.14441e-07
      vertex 249.7 -13.4 1.14441e-07
    endloop
  endfacet
  facet normal 0 0 -1
    outer loop
      vertex 246.7 -13.4 1.14441e-07
      vertex 249.7 -13.4 1.14441e-07
      vertex 246.7 -33.4 1.14441e-07
    endloop
  endfacet
  facet normal 0 0 -1
    outer loop
      vertex 249.7 -13.4 1.14441e-07
      vertex 246.7 -13.4 1.14441e-07
      vertex 261.7 167 1.14441e-07
    endloop
  endfacet
  facet normal 0 0 -1
    outer loop
      vertex 243.7 -13.4 1.14441e-07
      vertex 261.7 167 1.14441e-07
      vertex 246.7 -13.4 1.14441e-07
    endloop
  endfacet
  facet normal 0 0 -1
    outer loop
      vertex 240.7 -33.4 1.14441e-07
      vertex 243.7 -33.4 1.14441e-07
      vertex 240.7 -37.4 1.14441e-07
    endloop
  endfacet
  facet normal 0 0 -1
    outer loop
      vertex 243.7 -33.4 1.14441e-07
      vertex 240.7 -33.4 1.14441e-07
      vertex 243.7 -13.4 1.14441e-07
    endloop
  endfacet
  facet normal 0 0 -1
    outer loop
      vertex 240.7 -13.4 1.14441e-07
      vertex 243.7 -13.4 1.14441e-07
      vertex 240.7 -33.4 1.14441e-07
    endloop
  endfacet
  facet normal 0 0 -1
    outer loop
      vertex 243.7 -13.4 1.14441e-07
      vertex 240.7 -13.4 1.14441e-07
      vertex 261.7 167 1.14441e-07
    endloop
  endfacet
  facet normal 0 0 -1
    outer loop
      vertex 237.7 -13.4 1.14441e-07
      vertex 261.7 167 1.14441e-07
      vertex 240.7 -13.4 1.14441e-07
    endloop
  endfacet
  facet normal 0 0 -1
    outer loop
      vertex 234.7 -33.4 1.14441e-07
      vertex 237.7 -33.4 1.14441e-07
      vertex 234.7 -37.4 1.14441e-07
    endloop
  endfacet
  facet normal 0 0 -1
    outer loop
      vertex 237.7 -33.4 1.14441e-07
      vertex 234.7 -33.4 1.14441e-07
      vertex 237.7 -13.4 1.14441e-07
    endloop
  endfacet
  facet normal 0 0 -1
    outer loop
      vertex 234.7 -13.4 1.14441e-07
      vertex 237.7 -13.4 1.14441e-07
      vertex 234.7 -33.4 1.14441e-07
    endloop
  endfacet
  facet normal 0 0 -1
    outer loop
      vertex 237.7 -13.4 1.14441e-07
      vertex 234.7 -13.4 1.14441e-07
      vertex 261.7 167 1.14441e-07
    endloop
  endfacet
  facet normal 0 0 -1
    outer loop
      vertex 231.7 -13.4 1.14441e-07
      vertex 261.7 167 1.14441e-07
      vertex 234.7 -13.4 1.14441e-07
    endloop
  endfacet
  facet normal 0 0 -1
    outer loop
      vertex 228.7 -33.4 1.14441e-07
      vertex 231.7 -33.4 1.14441e-07
      vertex 228.7 -37.4 1.14441e-07
    endloop
  endfacet
  facet normal 0 0 -1
    outer loop
      vertex 231.7 -33.4 1.14441e-07
      vertex 228.7 -33.4 1.14441e-07
      vertex 231.7 -13.4 1.14441e-07
    endloop
  endfacet
  facet normal 0 0 -1
    outer loop
      vertex 228.7 -13.4 1.14441e-07
      vertex 231.7 -13.4 1.14441e-07
      vertex 228.7 -33.4 1.14441e-07
    endloop
  endfacet
  facet normal 0 0 -1
    outer loop
      vertex 141.7 73.2 1.14441e-07
      vertex 231.7 -13.4 1.14441e-07
      vertex 228.7 -13.4 1.14441e-07
    endloop
  endfacet
  facet normal 0 0 -1
    outer loop
      vertex 141.7 73.2 1.14441e-07
      vertex 228.7 -13.4 1.14441e-07
      vertex 225.7 -13.4 1.14441e-07
    endloop
  endfacet
  facet normal 0 0 -1
    outer loop
      vertex 222.7 -33.4 1.14441e-07
      vertex 225.7 -33.4 1.14441e-07
      vertex 222.7 -37.4 1.14441e-07
    endloop
  endfacet
  facet normal 0 0 -1
    outer loop
      vertex 225.7 -33.4 1.14441e-07
      vertex 222.7 -33.4 1.14441e-07
      vertex 225.7 -13.4 1.14441e-07
    endloop
  endfacet
  facet normal 0 0 -1
    outer loop
      vertex 222.7 -13.4 1.14441e-07
      vertex 225.7 -13.4 1.14441e-07
      vertex 222.7 -33.4 1.14441e-07
    endloop
  endfacet
  facet normal 0 0 -1
    outer loop
      vertex 141.7 73.2 1.14441e-07
      vertex 225.7 -13.4 1.14441e-07
      vertex 222.7 -13.4 1.14441e-07
    endloop
  endfacet
  facet normal 0 0 -1
    outer loop
      vertex 141.7 62.4 1.14441e-07
      vertex 222.7 -13.4 1.14441e-07
      vertex 219.7 -13.4 1.14441e-07
    endloop
  endfacet
  facet normal 0 0 -1
    outer loop
      vertex 216.7 -33.4 1.14441e-07
      vertex 219.7 -33.4 1.14441e-07
      vertex 216.7 -37.4 1.14441e-07
    endloop
  endfacet
  facet normal 0 0 -1
    outer loop
      vertex 219.7 -33.4 1.14441e-07
      vertex 216.7 -33.4 1.14441e-07
      vertex 219.7 -13.4 1.14441e-07
    endloop
  endfacet
  facet normal 0 0 -1
    outer loop
      vertex 216.7 -13.4 1.14441e-07
      vertex 219.7 -13.4 1.14441e-07
      vertex 216.7 -33.4 1.14441e-07
    endloop
  endfacet
  facet normal 0 0 -1
    outer loop
      vertex 141.7 62.4 1.14441e-07
      vertex 219.7 -13.4 1.14441e-07
      vertex 216.7 -13.4 1.14441e-07
    endloop
  endfacet
  facet normal 0 0 -1
    outer loop
      vertex 141.7 62.4 1.14441e-07
      vertex 216.7 -13.4 1.14441e-07
      vertex 213.7 -13.4 1.14441e-07
    endloop
  endfacet
  facet normal 0 0 -1
    outer loop
      vertex 210.7 -33.4 1.14441e-07
      vertex 213.7 -33.4 1.14441e-07
      vertex 210.7 -37.4 1.14441e-07
    endloop
  endfacet
  facet normal 0 0 -1
    outer loop
      vertex 213.7 -33.4 1.14441e-07
      vertex 210.7 -33.4 1.14441e-07
      vertex 213.7 -13.4 1.14441e-07
    endloop
  endfacet
  facet normal 0 0 -1
    outer loop
      vertex 210.7 -13.4 1.14441e-07
      vertex 213.7 -13.4 1.14441e-07
      vertex 210.7 -33.4 1.14441e-07
    endloop
  endfacet
  facet normal 0 0 -1
    outer loop
      vertex 141.7 62.4 1.14441e-07
      vertex 213.7 -13.4 1.14441e-07
      vertex 210.7 -13.4 1.14441e-07
    endloop
  endfacet
  facet normal 0 0 -1
    outer loop
      vertex 141.7 62.4 1.14441e-07
      vertex 210.7 -13.4 1.14441e-07
      vertex 207.7 -13.4 1.14441e-07
    endloop
  endfacet
  facet normal 0 0 -1
    outer loop
      vertex 204.7 -33.4 1.14441e-07
      vertex 207.7 -33.4 1.14441e-07
      vertex 204.7 -37.4 1.14441e-07
    endloop
  endfacet
  facet normal 0 0 -1
    outer loop
      vertex 207.7 -33.4 1.14441e-07
      vertex 204.7 -33.4 1.14441e-07
      vertex 207.7 -13.4 1.14441e-07
    endloop
  endfacet
  facet normal 0 0 -1
    outer loop
      vertex 204.7 -13.4 1.14441e-07
      vertex 207.7 -13.4 1.14441e-07
      vertex 204.7 -33.4 1.14441e-07
    endloop
  endfacet
  facet normal 0 0 -1
    outer loop
      vertex 141.7 62.4 1.14441e-07
      vertex 207.7 -13.4 1.14441e-07
      vertex 204.7 -13.4 1.14441e-07
    endloop
  endfacet
  facet normal 0 0 -1
    outer loop
      vertex 141.7 62.4 1.14441e-07
      vertex 204.7 -13.4 1.14441e-07
      vertex 201.7 -13.4 1.14441e-07
    endloop
  endfacet
  facet normal 0 0 -1
    outer loop
      vertex 198.7 -33.4 1.14441e-07
      vertex 201.7 -33.4 1.14441e-07
      vertex 198.7 -37.4 1.14441e-07
    endloop
  endfacet
  facet normal 0 0 -1
    outer loop
      vertex 201.7 -33.4 1.14441e-07
      vertex 198.7 -33.4 1.14441e-07
      vertex 201.7 -13.4 1.14441e-07
    endloop
  endfacet
  facet normal 0 0 -1
    outer loop
      vertex 198.7 -13.4 1.14441e-07
      vertex 201.7 -13.4 1.14441e-07
      vertex 198.7 -33.4 1.14441e-07
    endloop
  endfacet
  facet normal 0 0 -1
    outer loop
      vertex 141.7 62.4 1.14441e-07
      vertex 201.7 -13.4 1.14441e-07
      vertex 198.7 -13.4 1.14441e-07
    endloop
  endfacet
  facet normal 0 0 -1
    outer loop
      vertex 141.7 62.4 1.14441e-07
      vertex 198.7 -13.4 1.14441e-07
      vertex 195.7 -13.4 1.14441e-07
    endloop
  endfacet
  facet normal 0 0 -1
    outer loop
      vertex 192.7 -33.4 1.14441e-07
      vertex 195.7 -33.4 1.14441e-07
      vertex 192.7 -37.4 1.14441e-07
    endloop
  endfacet
  facet normal 0 0 -1
    outer loop
      vertex 195.7 -33.4 1.14441e-07
      vertex 192.7 -33.4 1.14441e-07
      vertex 195.7 -13.4 1.14441e-07
    endloop
  endfacet
  facet normal 0 0 -1
    outer loop
      vertex 192.7 -13.4 1.14441e-07
      vertex 195.7 -13.4 1.14441e-07
      vertex 192.7 -33.4 1.14441e-07
    endloop
  endfacet
  facet normal 0 0 -1
    outer loop
      vertex 141.7 62.4 1.14441e-07
      vertex 195.7 -13.4 1.14441e-07
      vertex 192.7 -13.4 1.14441e-07
    endloop
  endfacet
  facet normal 0 0 -1
    outer loop
      vertex 141.7 23.6 1.14441e-07
      vertex 192.7 -13.4 1.14441e-07
      vertex 189.7 -13.4 1.14441e-07
    endloop
  endfacet
  facet normal 0 0 -1
    outer loop
      vertex 186.7 -33.4 1.14441e-07
      vertex 189.7 -33.4 1.14441e-07
      vertex 186.7 -37.4 1.14441e-07
    endloop
  endfacet
  facet normal 0 0 -1
    outer loop
      vertex 189.7 -33.4 1.14441e-07
      vertex 186.7 -33.4 1.14441e-07
      vertex 189.7 -13.4 1.14441e-07
    endloop
  endfacet
  facet normal 0 0 -1
    outer loop
      vertex 186.7 -13.4 1.14441e-07
      vertex 189.7 -13.4 1.14441e-07
      vertex 186.7 -33.4 1.14441e-07
    endloop
  endfacet
  facet normal 0 0 -1
    outer loop
      vertex 141.7 23.6 1.14441e-07
      vertex 189.7 -13.4 1.14441e-07
      vertex 186.7 -13.4 1.14441e-07
    endloop
  endfacet
  facet normal 0 0 -1
    outer loop
      vertex 141.7 23.6 1.14441e-07
      vertex 186.7 -13.4 1.14441e-07
      vertex 183.7 -13.4 1.14441e-07
    endloop
  endfacet
  facet normal 0 0 -1
    outer loop
      vertex 180.7 -33.4 1.14441e-07
      vertex 183.7 -33.4 1.14441e-07
      vertex 180.7 -37.4 1.14441e-07
    endloop
  endfacet
  facet normal 0 0 -1
    outer loop
      vertex 183.7 -33.4 1.14441e-07
      vertex 180.7 -33.4 1.14441e-07
      vertex 183.7 -13.4 1.14441e-07
    endloop
  endfacet
  facet normal 0 0 -1
    outer loop
      vertex 180.7 -13.4 1.14441e-07
      vertex 183.7 -13.4 1.14441e-07
      vertex 180.7 -33.4 1.14441e-07
    endloop
  endfacet
  facet normal 0 0 -1
    outer loop
      vertex 141.7 23.6 1.14441e-07
      vertex 183.7 -13.4 1.14441e-07
      vertex 180.7 -13.4 1.14441e-07
    endloop
  endfacet
  facet normal 0 0 -1
    outer loop
      vertex 141.7 23.6 1.14441e-07
      vertex 180.7 -13.4 1.14441e-07
      vertex 177.7 -13.4 1.14441e-07
    endloop
  endfacet
  facet normal 0 0 -1
    outer loop
      vertex 174.7 -33.4 1.14441e-07
      vertex 177.7 -33.4 1.14441e-07
      vertex 174.7 -37.4 1.14441e-07
    endloop
  endfacet
  facet normal 0 0 -1
    outer loop
      vertex 177.7 -33.4 1.14441e-07
      vertex 174.7 -33.4 1.14441e-07
      vertex 177.7 -13.4 1.14441e-07
    endloop
  endfacet
  facet normal 0 0 -1
    outer loop
      vertex 174.7 -13.4 1.14441e-07
      vertex 177.7 -13.4 1.14441e-07
      vertex 174.7 -33.4 1.14441e-07
    endloop
  endfacet
  facet normal 0 0 -1
    outer loop
      vertex 141.7 23.6 1.14441e-07
      vertex 177.7 -13.4 1.14441e-07
      vertex 174.7 -13.4 1.14441e-07
    endloop
  endfacet
  facet normal 0 0 -1
    outer loop
      vertex 141.7 23.6 1.14441e-07
      vertex 174.7 -13.4 1.14441e-07
      vertex 171.7 -13.4 1.14441e-07
    endloop
  endfacet
  facet normal 0 0 -1
    outer loop
      vertex 168.7 -33.4 1.14441e-07
      vertex 171.7 -33.4 1.14441e-07
      vertex 168.7 -37.4 1.14441e-07
    endloop
  endfacet
  facet normal 0 0 -1
    outer loop
      vertex 171.7 -33.4 1.14441e-07
      vertex 168.7 -33.4 1.14441e-07
      vertex 171.7 -13.4 1.14441e-07
    endloop
  endfacet
  facet normal 0 0 -1
    outer loop
      vertex 168.7 -13.4 1.14441e-07
      vertex 171.7 -13.4 1.14441e-07
      vertex 168.7 -33.4 1.14441e-07
    endloop
  endfacet
  facet normal 0 0 -1
    outer loop
      vertex 141.7 12.8 1.14441e-07
      vertex 171.7 -13.4 1.14441e-07
      vertex 168.7 -13.4 1.14441e-07
    endloop
  endfacet
  facet normal 0 0 -1
    outer loop
      vertex 141.7 12.8 1.14441e-07
      vertex 168.7 -13.4 1.14441e-07
      vertex 165.7 -13.4 1.14441e-07
    endloop
  endfacet
  facet normal 0 0 -1
    outer loop
      vertex 162.7 -33.4 1.14441e-07
      vertex 165.7 -33.4 1.14441e-07
      vertex 162.7 -37.4 1.14441e-07
    endloop
  endfacet
  facet normal 0 0 -1
    outer loop
      vertex 165.7 -33.4 1.14441e-07
      vertex 162.7 -33.4 1.14441e-07
      vertex 165.7 -13.4 1.14441e-07
    endloop
  endfacet
  facet normal 0 0 -1
    outer loop
      vertex 162.7 -13.4 1.14441e-07
      vertex 165.7 -13.4 1.14441e-07
      vertex 162.7 -33.4 1.14441e-07
    endloop
  endfacet
  facet normal 0 0 -1
    outer loop
      vertex 141.7 12.8 1.14441e-07
      vertex 165.7 -13.4 1.14441e-07
      vertex 162.7 -13.4 1.14441e-07
    endloop
  endfacet
  facet normal 0 0 -1
    outer loop
      vertex 141.7 12.8 1.14441e-07
      vertex 162.7 -13.4 1.14441e-07
      vertex 159.7 -13.4 1.14441e-07
    endloop
  endfacet
  facet normal 0 0 -1
    outer loop
      vertex 156.7 -33.4 1.14441e-07
      vertex 159.7 -33.4 1.14441e-07
      vertex 156.7 -37.4 1.14441e-07
    endloop
  endfacet
  facet normal 0 0 -1
    outer loop
      vertex 159.7 -33.4 1.14441e-07
      vertex 156.7 -33.4 1.14441e-07
      vertex 159.7 -13.4 1.14441e-07
    endloop
  endfacet
  facet normal 0 0 -1
    outer loop
      vertex 156.7 -13.4 1.14441e-07
      vertex 159.7 -13.4 1.14441e-07
      vertex 156.7 -33.4 1.14441e-07
    endloop
  endfacet
  facet normal 0 0 -1
    outer loop
      vertex 141.7 12.8 1.14441e-07
      vertex 159.7 -13.4 1.14441e-07
      vertex 156.7 -13.4 1.14441e-07
    endloop
  endfacet
  facet normal 0 0 -1
    outer loop
      vertex 141.7 12.8 1.14441e-07
      vertex 156.7 -13.4 1.14441e-07
      vertex 153.7 -13.4 1.14441e-07
    endloop
  endfacet
  facet normal 0 0 -1
    outer loop
      vertex 150.7 -33.4 1.14441e-07
      vertex 153.7 -33.4 1.14441e-07
      vertex 150.7 -37.4 1.14441e-07
    endloop
  endfacet
  facet normal 0 0 -1
    outer loop
      vertex 153.7 -33.4 1.14441e-07
      vertex 150.7 -33.4 1.14441e-07
      vertex 153.7 -13.4 1.14441e-07
    endloop
  endfacet
  facet normal 0 0 -1
    outer loop
      vertex 150.7 -13.4 1.14441e-07
      vertex 153.7 -13.4 1.14441e-07
      vertex 150.7 -33.4 1.14441e-07
    endloop
  endfacet
  facet normal 0 0 -1
    outer loop
      vertex 141.7 12.8 1.14441e-07
      vertex 153.7 -13.4 1.14441e-07
      vertex 150.7 -13.4 1.14441e-07
    endloop
  endfacet
  facet normal 0 0 -1
    outer loop
      vertex 141.7 12.8 1.14441e-07
      vertex 150.7 -13.4 1.14441e-07
      vertex 147.7 -13.4 1.14441e-07
    endloop
  endfacet
  facet normal 0 0 -1
    outer loop
      vertex 144.7 -33.4 1.14441e-07
      vertex 147.7 -33.4 1.14441e-07
      vertex 144.7 -37.4 1.14441e-07
    endloop
  endfacet
  facet normal 0 0 -1
    outer loop
      vertex 147.7 -33.4 1.14441e-07
      vertex 144.7 -33.4 1.14441e-07
      vertex 147.7 -13.4 1.14441e-07
    endloop
  endfacet
  facet normal 0 0 -1
    outer loop
      vertex 144.7 -13.4 1.14441e-07
      vertex 147.7 -13.4 1.14441e-07
      vertex 144.7 -33.4 1.14441e-07
    endloop
  endfacet
  facet normal 0 0 -1
    outer loop
      vertex 141.7 12.8 1.14441e-07
      vertex 147.7 -13.4 1.14441e-07
      vertex 144.7 -13.4 1.14441e-07
    endloop
  endfacet
  facet normal 0 0 -1
    outer loop
      vertex 141.7 12.8 1.14441e-07
      vertex 144.7 -13.4 1.14441e-07
      vertex 141.7 -13.4 1.14441e-07
    endloop
  endfacet
  facet normal 0 0 -1
    outer loop
      vertex 171.7 -13.4 1.14441e-07
      vertex 141.7 12.8 1.14441e-07
      vertex 141.7 23.6 1.14441e-07
    endloop
  endfacet
  facet normal 0 0 -1
    outer loop
      vertex 192.7 -13.4 1.14441e-07
      vertex 141.7 23.6 1.14441e-07
      vertex 141.7 62.4 1.14441e-07
    endloop
  endfacet
  facet normal 0 0 -1
    outer loop
      vertex 222.7 -13.4 1.14441e-07
      vertex 141.7 62.4 1.14441e-07
      vertex 141.7 73.2 1.14441e-07
    endloop
  endfacet
  facet normal 0 0 -1
    outer loop
      vertex 231.7 -13.4 1.14441e-07
      vertex 141.7 73.2 1.14441e-07
      vertex 261.7 167 1.14441e-07
    endloop
  endfacet
  facet normal 0 0 -1
    outer loop
      vertex 141.7 112 1.14441e-07
      vertex 261.7 167 1.14441e-07
      vertex 141.7 73.2 1.14441e-07
    endloop
  endfacet
  facet normal 0 0 -1
    outer loop
      vertex 141.7 122.8 1.14441e-07
      vertex 261.7 167 1.14441e-07
      vertex 141.7 112 1.14441e-07
    endloop
  endfacet
  facet normal 0 0 -1
    outer loop
      vertex 135 167 1.14441e-07
      vertex 141.7 122.8 1.14441e-07
      vertex 137.081 122.8 1.14441e-07
    endloop
  endfacet
  facet normal 0 0 -1
    outer loop
      vertex 135 120.6 1.14441e-07
      vertex 137.081 122.8 1.14441e-07
      vertex 135.881 120.6 1.14441e-07
    endloop
  endfacet
  facet normal 0 0 -1
    outer loop
      vertex 141.7 122.8 1.14441e-07
      vertex 135 167 1.14441e-07
      vertex 261.7 167 1.14441e-07
    endloop
  endfacet
  facet normal 0 0 -1
    outer loop
      vertex 135 167 1.14441e-07
      vertex 137.081 122.8 1.14441e-07
      vertex 135 120.6 1.14441e-07
    endloop
  endfacet
  facet normal 0 0 -1
    outer loop
      vertex 138.7 -13.4 1.14441e-07
      vertex 141.7 -13.4 1.14441e-07
      vertex 141.7 -26 1.14441e-07
    endloop
  endfacet
  facet normal 0 0 -1
    outer loop
      vertex 138.7 -13.4 1.14441e-07
      vertex 141.7 -26 1.14441e-07
      vertex 138.7 -26 1.14441e-07
    endloop
  endfacet
  facet normal 0 0 -1
    outer loop
      vertex 141.7 -13.4 1.14441e-07
      vertex 138.7 -13.4 1.14441e-07
      vertex 141.7 12.8 1.14441e-07
    endloop
  endfacet
  facet normal 0 0 -1
    outer loop
      vertex 138.7 -13.4 1.14441e-07
      vertex 137.081 12.8 1.14441e-07
      vertex 141.7 12.8 1.14441e-07
    endloop
  endfacet
  facet normal 0 0 -1
    outer loop
      vertex 135.7 -13.4 1.14441e-07
      vertex 137.081 12.8 1.14441e-07
      vertex 138.7 -13.4 1.14441e-07
    endloop
  endfacet
  facet normal 0 0 -1
    outer loop
      vertex 135 15 1.14441e-07
      vertex 137.081 12.8 1.14441e-07
      vertex 135.7 -13.4 1.14441e-07
    endloop
  endfacet
  facet normal 0 0 -1
    outer loop
      vertex 135 15 1.14441e-07
      vertex 135.7 -13.4 1.14441e-07
      vertex 135 -28.2 1.14441e-07
    endloop
  endfacet
  facet normal 0 0 -1
    outer loop
      vertex 137.081 12.8 1.14441e-07
      vertex 135 15 1.14441e-07
      vertex 135.881 15 1.14441e-07
    endloop
  endfacet
  facet normal -0 0 0
    outer loop
      vertex 141.7 -33.4 1.14441e-07
      vertex 141.7 -36.8 1.14441e-07
      vertex 141.7 -26 1.14441e-07
    endloop
  endfacet
  facet normal 0 0 -0
    outer loop
      vertex 141.7 -26 1.14441e-07
      vertex 141.7 -13.4 1.14441e-07
      vertex 141.7 -33.4 1.14441e-07
    endloop
  endfacet
  facet normal 0 0 1
    outer loop
      vertex 135 -74.5 3
      vertex 142 -68 3
      vertex 135.7 -57.4 3
    endloop
  endfacet
  facet normal 0 0 1
    outer loop
      vertex 142 -68 3
      vertex 135 -74.5 3
      vertex 137.5 -74.5 3
    endloop
  endfacet
  facet normal 0 0 1
    outer loop
      vertex 135 -74.5 3
      vertex 135.7 -57.4 3
      vertex 135 -34.6 3
    endloop
  endfacet
  facet normal 0 0 1
    outer loop
      vertex 141.7 -26 3
      vertex 138.7 -13.4 3
      vertex 138.7 -26 3
    endloop
  endfacet
  facet normal -0 0 1
    outer loop
      vertex 135 160.5 3
      vertex 142 154 3
      vertex 137.5 160.5 3
    endloop
  endfacet
  facet normal 0 0 1
    outer loop
      vertex 142 154 3
      vertex 137.081 122.8 3
      vertex 141.7 122.8 3
    endloop
  endfacet
  facet normal 0 0 1
    outer loop
      vertex 142 154 3
      vertex 135 160.5 3
      vertex 137.081 122.8 3
    endloop
  endfacet
  facet normal 0 0 1
    outer loop
      vertex 135 120.6 3
      vertex 137.081 122.8 3
      vertex 135 160.5 3
    endloop
  endfacet
  facet normal 0 0 1
    outer loop
      vertex 137.081 122.8 3
      vertex 135 120.6 3
      vertex 135.881 120.6 3
    endloop
  endfacet
  facet normal -0 0 1
    outer loop
      vertex 137.081 62.4 3
      vertex 141.7 23.6 3
      vertex 141.7 62.4 3
    endloop
  endfacet
  facet normal 0 0 1
    outer loop
      vertex 137.081 62.4 3
      vertex 137.081 23.6 3
      vertex 141.7 23.6 3
    endloop
  endfacet
  facet normal -0 0 1
    outer loop
      vertex 135 64.6 3
      vertex 137.081 62.4 3
      vertex 135.881 64.6 3
    endloop
  endfacet
  facet normal 0 0 1
    outer loop
      vertex 137.081 62.4 3
      vertex 135 64.6 3
      vertex 137.081 23.6 3
    endloop
  endfacet
  facet normal 0 0 1
    outer loop
      vertex 135 21.4 3
      vertex 137.081 23.6 3
      vertex 135 64.6 3
    endloop
  endfacet
  facet normal 0 0 1
    outer loop
      vertex 137.081 23.6 3
      vertex 135 21.4 3
      vertex 135.881 21.4 3
    endloop
  endfacet
  facet normal -0 0 1
    outer loop
      vertex 137.081 112 3
      vertex 141.7 73.2 3
      vertex 141.7 112 3
    endloop
  endfacet
  facet normal 0 0 1
    outer loop
      vertex 137.081 112 3
      vertex 137.081 73.2 3
      vertex 141.7 73.2 3
    endloop
  endfacet
  facet normal -0 0 1
    outer loop
      vertex 135 114.2 3
      vertex 137.081 112 3
      vertex 135.881 114.2 3
    endloop
  endfacet
  facet normal 0 0 1
    outer loop
      vertex 137.081 112 3
      vertex 135 114.2 3
      vertex 137.081 73.2 3
    endloop
  endfacet
  facet normal 0 0 1
    outer loop
      vertex 135 71 3
      vertex 137.081 73.2 3
      vertex 135 114.2 3
    endloop
  endfacet
  facet normal 0 0 1
    outer loop
      vertex 137.081 73.2 3
      vertex 135 71 3
      vertex 135.881 71 3
    endloop
  endfacet
  facet normal 0 0 1
    outer loop
      vertex 141.7 -36.8 3
      vertex 144.7 -33.4 3
      vertex 141.7 -33.4 3
    endloop
  endfacet
  facet normal 0 0 1
    outer loop
      vertex 144.7 -33.4 3
      vertex 141.7 -36.8 3
      vertex 144.7 -37.4 3
    endloop
  endfacet
  facet normal 0 0 1
    outer loop
      vertex 141.7 -36.8 3
      vertex 141.7 -37.4 3
      vertex 144.7 -37.4 3
    endloop
  endfacet
  facet normal 0 0 1
    outer loop
      vertex 138.7 -37.4 3
      vertex 141.7 -37.4 3
      vertex 141.7 -36.8 3
    endloop
  endfacet
  facet normal 0 0 1
    outer loop
      vertex 141.7 -37.4 3
      vertex 138.7 -37.4 3
      vertex 141.7 -57.4 3
    endloop
  endfacet
  facet normal -0 0 1
    outer loop
      vertex 137.081 -36.8 3
      vertex 138.7 -37.4 3
      vertex 141.7 -36.8 3
    endloop
  endfacet
  facet normal 0 0 1
    outer loop
      vertex 137.081 -36.8 3
      vertex 135.7 -37.4 3
      vertex 138.7 -37.4 3
    endloop
  endfacet
  facet normal 0 0 1
    outer loop
      vertex 135.881 -34.6 3
      vertex 135.7 -37.4 3
      vertex 137.081 -36.8 3
    endloop
  endfacet
  facet normal 0 0 1
    outer loop
      vertex 135.7 -37.4 3
      vertex 135 -34.6 3
      vertex 135.7 -57.4 3
    endloop
  endfacet
  facet normal -0 0 1
    outer loop
      vertex 135 -34.6 3
      vertex 135.7 -37.4 3
      vertex 135.881 -34.6 3
    endloop
  endfacet
  facet normal -0 0 1
    outer loop
      vertex 147.7 -57.4 3
      vertex 148 -68 3
      vertex 150.7 -57.4 3
    endloop
  endfacet
  facet normal 0 0 1
    outer loop
      vertex 144.7 -37.4 3
      vertex 147.7 -37.4 3
      vertex 144.7 -33.4 3
    endloop
  endfacet
  facet normal 0 0 1
    outer loop
      vertex 147.7 -37.4 3
      vertex 144.7 -37.4 3
      vertex 147.7 -57.4 3
    endloop
  endfacet
  facet normal 0 0 1
    outer loop
      vertex 144.7 -57.4 3
      vertex 147.7 -57.4 3
      vertex 144.7 -37.4 3
    endloop
  endfacet
  facet normal 0 0 1
    outer loop
      vertex 147.7 -57.4 3
      vertex 144.7 -57.4 3
      vertex 148 -68 3
    endloop
  endfacet
  facet normal 0 0 1
    outer loop
      vertex 144.7 -57.4 3
      vertex 142 -68 3
      vertex 148 -68 3
    endloop
  endfacet
  facet normal -0 0 1
    outer loop
      vertex 138.7 -57.4 3
      vertex 142 -68 3
      vertex 141.7 -57.4 3
    endloop
  endfacet
  facet normal -0 0 1
    outer loop
      vertex 141.7 -57.4 3
      vertex 142 -68 3
      vertex 144.7 -57.4 3
    endloop
  endfacet
  facet normal -0 0 1
    outer loop
      vertex 147.7 -33.4 3
      vertex 150.7 -37.4 3
      vertex 150.7 -33.4 3
    endloop
  endfacet
  facet normal 0 0 1
    outer loop
      vertex 150.7 -37.4 3
      vertex 147.7 -33.4 3
      vertex 147.7 -37.4 3
    endloop
  endfacet
  facet normal 0 0 1
    outer loop
      vertex 165.7 -13.4 3
      vertex 141.7 12.8 3
      vertex 162.7 -13.4 3
    endloop
  endfacet
  facet normal 0 0 1
    outer loop
      vertex 162.7 -13.4 3
      vertex 141.7 12.8 3
      vertex 159.7 -13.4 3
    endloop
  endfacet
  facet normal -0 0 1
    outer loop
      vertex 144.7 -13.4 3
      vertex 147.7 -33.4 3
      vertex 147.7 -13.4 3
    endloop
  endfacet
  facet normal 0 0 1
    outer loop
      vertex 144.7 -33.4 3
      vertex 147.7 -33.4 3
      vertex 144.7 -13.4 3
    endloop
  endfacet
  facet normal 0 0 1
    outer loop
      vertex 147.7 -33.4 3
      vertex 144.7 -33.4 3
      vertex 147.7 -37.4 3
    endloop
  endfacet
  facet normal 0 0 1
    outer loop
      vertex 156.7 -13.4 3
      vertex 141.7 12.8 3
      vertex 153.7 -13.4 3
    endloop
  endfacet
  facet normal 0 0 1
    outer loop
      vertex 141.7 122.8 3
      vertex 148 154 3
      vertex 142 154 3
    endloop
  endfacet
  facet normal 0 0 1
    outer loop
      vertex 141.7 112 3
      vertex 148 154 3
      vertex 141.7 122.8 3
    endloop
  endfacet
  facet normal 0 0 1
    outer loop
      vertex 141.7 73.2 3
      vertex 148 154 3
      vertex 141.7 112 3
    endloop
  endfacet
  facet normal 0 0 1
    outer loop
      vertex 159.7 -13.4 3
      vertex 141.7 12.8 3
      vertex 156.7 -13.4 3
    endloop
  endfacet
  facet normal 0 0 1
    outer loop
      vertex 153.7 -13.4 3
      vertex 141.7 12.8 3
      vertex 150.7 -13.4 3
    endloop
  endfacet
  facet normal 0 0 1
    outer loop
      vertex 150.7 -13.4 3
      vertex 141.7 12.8 3
      vertex 147.7 -13.4 3
    endloop
  endfacet
  facet normal 0 0 1
    outer loop
      vertex 147.7 -13.4 3
      vertex 141.7 12.8 3
      vertex 144.7 -13.4 3
    endloop
  endfacet
  facet normal 0 0 1
    outer loop
      vertex 141.7 12.8 3
      vertex 141.7 -13.4 3
      vertex 144.7 -13.4 3
    endloop
  endfacet
  facet normal 0 0 1
    outer loop
      vertex 138.7 -13.4 3
      vertex 141.7 -13.4 3
      vertex 141.7 12.8 3
    endloop
  endfacet
  facet normal 0 0 1
    outer loop
      vertex 141.7 -13.4 3
      vertex 138.7 -13.4 3
      vertex 141.7 -26 3
    endloop
  endfacet
  facet normal -0 0 1
    outer loop
      vertex 137.081 12.8 3
      vertex 138.7 -13.4 3
      vertex 141.7 12.8 3
    endloop
  endfacet
  facet normal -0 0 1
    outer loop
      vertex 135 15 3
      vertex 137.081 12.8 3
      vertex 135.881 15 3
    endloop
  endfacet
  facet normal 0 0 1
    outer loop
      vertex 137.081 12.8 3
      vertex 135.7 -13.4 3
      vertex 138.7 -13.4 3
    endloop
  endfacet
  facet normal 0 0 1
    outer loop
      vertex 137.081 12.8 3
      vertex 135 15 3
      vertex 135.7 -13.4 3
    endloop
  endfacet
  facet normal 0 0 1
    outer loop
      vertex 135 -28.2 3
      vertex 135.7 -13.4 3
      vertex 135 15 3
    endloop
  endfacet
  facet normal 0 0 1
    outer loop
      vertex 135.7 -13.4 3
      vertex 135 -28.2 3
      vertex 135.7 -28.2 3
    endloop
  endfacet
  facet normal -0 0 1
    outer loop
      vertex 153.7 -33.4 3
      vertex 156.7 -37.4 3
      vertex 156.7 -33.4 3
    endloop
  endfacet
  facet normal 0 0 1
    outer loop
      vertex 156.7 -37.4 3
      vertex 153.7 -33.4 3
      vertex 153.7 -37.4 3
    endloop
  endfacet
  facet normal -0 0 1
    outer loop
      vertex 159.7 -33.4 3
      vertex 162.7 -37.4 3
      vertex 162.7 -33.4 3
    endloop
  endfacet
  facet normal 0 0 1
    outer loop
      vertex 162.7 -37.4 3
      vertex 159.7 -33.4 3
      vertex 159.7 -37.4 3
    endloop
  endfacet
  facet normal -0 0 1
    outer loop
      vertex 165.7 -33.4 3
      vertex 168.7 -37.4 3
      vertex 168.7 -33.4 3
    endloop
  endfacet
  facet normal 0 0 1
    outer loop
      vertex 168.7 -37.4 3
      vertex 165.7 -33.4 3
      vertex 165.7 -37.4 3
    endloop
  endfacet
  facet normal -0 0 1
    outer loop
      vertex 171.7 -33.4 3
      vertex 174.7 -37.4 3
      vertex 174.7 -33.4 3
    endloop
  endfacet
  facet normal 0 0 1
    outer loop
      vertex 174.7 -37.4 3
      vertex 171.7 -33.4 3
      vertex 171.7 -37.4 3
    endloop
  endfacet
  facet normal -0 0 1
    outer loop
      vertex 177.7 -33.4 3
      vertex 180.7 -37.4 3
      vertex 180.7 -33.4 3
    endloop
  endfacet
  facet normal 0 0 1
    outer loop
      vertex 180.7 -37.4 3
      vertex 177.7 -33.4 3
      vertex 177.7 -37.4 3
    endloop
  endfacet
  facet normal -0 0 1
    outer loop
      vertex 183.7 -33.4 3
      vertex 186.7 -37.4 3
      vertex 186.7 -33.4 3
    endloop
  endfacet
  facet normal 0 0 1
    outer loop
      vertex 186.7 -37.4 3
      vertex 183.7 -33.4 3
      vertex 183.7 -37.4 3
    endloop
  endfacet
  facet normal -0 0 1
    outer loop
      vertex 189.7 -33.4 3
      vertex 192.7 -37.4 3
      vertex 192.7 -33.4 3
    endloop
  endfacet
  facet normal 0 0 1
    outer loop
      vertex 192.7 -37.4 3
      vertex 189.7 -33.4 3
      vertex 189.7 -37.4 3
    endloop
  endfacet
  facet normal -0 0 1
    outer loop
      vertex 195.7 -33.4 3
      vertex 198.7 -37.4 3
      vertex 198.7 -33.4 3
    endloop
  endfacet
  facet normal 0 0 1
    outer loop
      vertex 198.7 -37.4 3
      vertex 195.7 -33.4 3
      vertex 195.7 -37.4 3
    endloop
  endfacet
  facet normal -0 0 1
    outer loop
      vertex 201.7 -33.4 3
      vertex 204.7 -37.4 3
      vertex 204.7 -33.4 3
    endloop
  endfacet
  facet normal 0 0 1
    outer loop
      vertex 204.7 -37.4 3
      vertex 201.7 -33.4 3
      vertex 201.7 -37.4 3
    endloop
  endfacet
  facet normal -0 0 1
    outer loop
      vertex 207.7 -33.4 3
      vertex 210.7 -37.4 3
      vertex 210.7 -33.4 3
    endloop
  endfacet
  facet normal 0 0 1
    outer loop
      vertex 210.7 -37.4 3
      vertex 207.7 -33.4 3
      vertex 207.7 -37.4 3
    endloop
  endfacet
  facet normal -0 0 1
    outer loop
      vertex 213.7 -33.4 3
      vertex 216.7 -37.4 3
      vertex 216.7 -33.4 3
    endloop
  endfacet
  facet normal 0 0 1
    outer loop
      vertex 216.7 -37.4 3
      vertex 213.7 -33.4 3
      vertex 213.7 -37.4 3
    endloop
  endfacet
  facet normal -0 0 1
    outer loop
      vertex 219.7 -33.4 3
      vertex 222.7 -37.4 3
      vertex 222.7 -33.4 3
    endloop
  endfacet
  facet normal 0 0 1
    outer loop
      vertex 222.7 -37.4 3
      vertex 219.7 -33.4 3
      vertex 219.7 -37.4 3
    endloop
  endfacet
  facet normal -0 0 1
    outer loop
      vertex 225.7 -33.4 3
      vertex 228.7 -37.4 3
      vertex 228.7 -33.4 3
    endloop
  endfacet
  facet normal 0 0 1
    outer loop
      vertex 228.7 -37.4 3
      vertex 225.7 -33.4 3
      vertex 225.7 -37.4 3
    endloop
  endfacet
  facet normal -0 0 1
    outer loop
      vertex 231.7 -33.4 3
      vertex 234.7 -37.4 3
      vertex 234.7 -33.4 3
    endloop
  endfacet
  facet normal 0 0 1
    outer loop
      vertex 234.7 -37.4 3
      vertex 231.7 -33.4 3
      vertex 231.7 -37.4 3
    endloop
  endfacet
  facet normal -0 0 1
    outer loop
      vertex 237.7 -33.4 3
      vertex 240.7 -37.4 3
      vertex 240.7 -33.4 3
    endloop
  endfacet
  facet normal 0 0 1
    outer loop
      vertex 240.7 -37.4 3
      vertex 237.7 -33.4 3
      vertex 237.7 -37.4 3
    endloop
  endfacet
  facet normal -0 0 1
    outer loop
      vertex 240.7 -57.4 3
      vertex 248.7 -68 3
      vertex 243.7 -57.4 3
    endloop
  endfacet
  facet normal 0 0 1
    outer loop
      vertex 240.7 -37.4 3
      vertex 243.7 -37.4 3
      vertex 240.7 -33.4 3
    endloop
  endfacet
  facet normal 0 0 1
    outer loop
      vertex 243.7 -37.4 3
      vertex 240.7 -37.4 3
      vertex 243.7 -57.4 3
    endloop
  endfacet
  facet normal 0 0 1
    outer loop
      vertex 240.7 -57.4 3
      vertex 243.7 -57.4 3
      vertex 240.7 -37.4 3
    endloop
  endfacet
  facet normal -0 0 1
    outer loop
      vertex 237.7 -57.4 3
      vertex 248.7 -68 3
      vertex 240.7 -57.4 3
    endloop
  endfacet
  facet normal 0 0 1
    outer loop
      vertex 248.7 -68 3
      vertex 237.7 -57.4 3
      vertex 246.2 -74.5 3
    endloop
  endfacet
  facet normal 0 0 1
    outer loop
      vertex 234.7 -37.4 3
      vertex 237.7 -37.4 3
      vertex 234.7 -33.4 3
    endloop
  endfacet
  facet normal 0 0 1
    outer loop
      vertex 237.7 -37.4 3
      vertex 234.7 -37.4 3
      vertex 237.7 -57.4 3
    endloop
  endfacet
  facet normal 0 0 1
    outer loop
      vertex 234.7 -57.4 3
      vertex 237.7 -57.4 3
      vertex 234.7 -37.4 3
    endloop
  endfacet
  facet normal -0 0 1
    outer loop
      vertex 234.7 -57.4 3
      vertex 246.2 -74.5 3
      vertex 237.7 -57.4 3
    endloop
  endfacet
  facet normal -0 0 1
    outer loop
      vertex 231.7 -57.4 3
      vertex 246.2 -74.5 3
      vertex 234.7 -57.4 3
    endloop
  endfacet
  facet normal 0 0 1
    outer loop
      vertex 228.7 -37.4 3
      vertex 231.7 -37.4 3
      vertex 228.7 -33.4 3
    endloop
  endfacet
  facet normal 0 0 1
    outer loop
      vertex 231.7 -37.4 3
      vertex 228.7 -37.4 3
      vertex 231.7 -57.4 3
    endloop
  endfacet
  facet normal 0 0 1
    outer loop
      vertex 228.7 -57.4 3
      vertex 231.7 -57.4 3
      vertex 228.7 -37.4 3
    endloop
  endfacet
  facet normal -0 0 1
    outer loop
      vertex 228.7 -57.4 3
      vertex 246.2 -74.5 3
      vertex 231.7 -57.4 3
    endloop
  endfacet
  facet normal -0 0 1
    outer loop
      vertex 225.7 -57.4 3
      vertex 246.2 -74.5 3
      vertex 228.7 -57.4 3
    endloop
  endfacet
  facet normal 0 0 1
    outer loop
      vertex 222.7 -37.4 3
      vertex 225.7 -37.4 3
      vertex 222.7 -33.4 3
    endloop
  endfacet
  facet normal 0 0 1
    outer loop
      vertex 225.7 -37.4 3
      vertex 222.7 -37.4 3
      vertex 225.7 -57.4 3
    endloop
  endfacet
  facet normal 0 0 1
    outer loop
      vertex 222.7 -57.4 3
      vertex 225.7 -57.4 3
      vertex 222.7 -37.4 3
    endloop
  endfacet
  facet normal -0 0 1
    outer loop
      vertex 222.7 -57.4 3
      vertex 246.2 -74.5 3
      vertex 225.7 -57.4 3
    endloop
  endfacet
  facet normal -0 0 1
    outer loop
      vertex 219.7 -57.4 3
      vertex 246.2 -74.5 3
      vertex 222.7 -57.4 3
    endloop
  endfacet
  facet normal 0 0 1
    outer loop
      vertex 216.7 -37.4 3
      vertex 219.7 -37.4 3
      vertex 216.7 -33.4 3
    endloop
  endfacet
  facet normal 0 0 1
    outer loop
      vertex 219.7 -37.4 3
      vertex 216.7 -37.4 3
      vertex 219.7 -57.4 3
    endloop
  endfacet
  facet normal 0 0 1
    outer loop
      vertex 216.7 -57.4 3
      vertex 219.7 -57.4 3
      vertex 216.7 -37.4 3
    endloop
  endfacet
  facet normal -0 0 1
    outer loop
      vertex 216.7 -57.4 3
      vertex 246.2 -74.5 3
      vertex 219.7 -57.4 3
    endloop
  endfacet
  facet normal -0 0 1
    outer loop
      vertex 213.7 -57.4 3
      vertex 246.2 -74.5 3
      vertex 216.7 -57.4 3
    endloop
  endfacet
  facet normal 0 0 1
    outer loop
      vertex 210.7 -37.4 3
      vertex 213.7 -37.4 3
      vertex 210.7 -33.4 3
    endloop
  endfacet
  facet normal 0 0 1
    outer loop
      vertex 213.7 -37.4 3
      vertex 210.7 -37.4 3
      vertex 213.7 -57.4 3
    endloop
  endfacet
  facet normal 0 0 1
    outer loop
      vertex 210.7 -57.4 3
      vertex 213.7 -57.4 3
      vertex 210.7 -37.4 3
    endloop
  endfacet
  facet normal -0 0 1
    outer loop
      vertex 210.7 -57.4 3
      vertex 246.2 -74.5 3
      vertex 213.7 -57.4 3
    endloop
  endfacet
  facet normal -0 0 1
    outer loop
      vertex 207.7 -57.4 3
      vertex 246.2 -74.5 3
      vertex 210.7 -57.4 3
    endloop
  endfacet
  facet normal 0 0 1
    outer loop
      vertex 204.7 -37.4 3
      vertex 207.7 -37.4 3
      vertex 204.7 -33.4 3
    endloop
  endfacet
  facet normal 0 0 1
    outer loop
      vertex 207.7 -37.4 3
      vertex 204.7 -37.4 3
      vertex 207.7 -57.4 3
    endloop
  endfacet
  facet normal 0 0 1
    outer loop
      vertex 204.7 -57.4 3
      vertex 207.7 -57.4 3
      vertex 204.7 -37.4 3
    endloop
  endfacet
  facet normal -0 0 1
    outer loop
      vertex 204.7 -57.4 3
      vertex 246.2 -74.5 3
      vertex 207.7 -57.4 3
    endloop
  endfacet
  facet normal -0 0 1
    outer loop
      vertex 201.7 -57.4 3
      vertex 246.2 -74.5 3
      vertex 204.7 -57.4 3
    endloop
  endfacet
  facet normal 0 0 1
    outer loop
      vertex 198.7 -37.4 3
      vertex 201.7 -37.4 3
      vertex 198.7 -33.4 3
    endloop
  endfacet
  facet normal 0 0 1
    outer loop
      vertex 201.7 -37.4 3
      vertex 198.7 -37.4 3
      vertex 201.7 -57.4 3
    endloop
  endfacet
  facet normal 0 0 1
    outer loop
      vertex 198.7 -57.4 3
      vertex 201.7 -57.4 3
      vertex 198.7 -37.4 3
    endloop
  endfacet
  facet normal -0 0 1
    outer loop
      vertex 198.7 -57.4 3
      vertex 246.2 -74.5 3
      vertex 201.7 -57.4 3
    endloop
  endfacet
  facet normal 0 0 1
    outer loop
      vertex 152.5 -74.5 3
      vertex 198.7 -57.4 3
      vertex 195.7 -57.4 3
    endloop
  endfacet
  facet normal 0 0 1
    outer loop
      vertex 192.7 -37.4 3
      vertex 195.7 -37.4 3
      vertex 192.7 -33.4 3
    endloop
  endfacet
  facet normal 0 0 1
    outer loop
      vertex 195.7 -37.4 3
      vertex 192.7 -37.4 3
      vertex 195.7 -57.4 3
    endloop
  endfacet
  facet normal 0 0 1
    outer loop
      vertex 192.7 -57.4 3
      vertex 195.7 -57.4 3
      vertex 192.7 -37.4 3
    endloop
  endfacet
  facet normal 0 0 1
    outer loop
      vertex 152.5 -74.5 3
      vertex 195.7 -57.4 3
      vertex 192.7 -57.4 3
    endloop
  endfacet
  facet normal 0 0 1
    outer loop
      vertex 152.5 -74.5 3
      vertex 192.7 -57.4 3
      vertex 189.7 -57.4 3
    endloop
  endfacet
  facet normal 0 0 1
    outer loop
      vertex 186.7 -37.4 3
      vertex 189.7 -37.4 3
      vertex 186.7 -33.4 3
    endloop
  endfacet
  facet normal 0 0 1
    outer loop
      vertex 189.7 -37.4 3
      vertex 186.7 -37.4 3
      vertex 189.7 -57.4 3
    endloop
  endfacet
  facet normal 0 0 1
    outer loop
      vertex 186.7 -57.4 3
      vertex 189.7 -57.4 3
      vertex 186.7 -37.4 3
    endloop
  endfacet
  facet normal 0 0 1
    outer loop
      vertex 152.5 -74.5 3
      vertex 189.7 -57.4 3
      vertex 186.7 -57.4 3
    endloop
  endfacet
  facet normal 0 0 1
    outer loop
      vertex 152.5 -74.5 3
      vertex 186.7 -57.4 3
      vertex 183.7 -57.4 3
    endloop
  endfacet
  facet normal 0 0 1
    outer loop
      vertex 180.7 -37.4 3
      vertex 183.7 -37.4 3
      vertex 180.7 -33.4 3
    endloop
  endfacet
  facet normal 0 0 1
    outer loop
      vertex 183.7 -37.4 3
      vertex 180.7 -37.4 3
      vertex 183.7 -57.4 3
    endloop
  endfacet
  facet normal 0 0 1
    outer loop
      vertex 180.7 -57.4 3
      vertex 183.7 -57.4 3
      vertex 180.7 -37.4 3
    endloop
  endfacet
  facet normal 0 0 1
    outer loop
      vertex 152.5 -74.5 3
      vertex 183.7 -57.4 3
      vertex 180.7 -57.4 3
    endloop
  endfacet
  facet normal 0 0 1
    outer loop
      vertex 152.5 -74.5 3
      vertex 180.7 -57.4 3
      vertex 177.7 -57.4 3
    endloop
  endfacet
  facet normal 0 0 1
    outer loop
      vertex 174.7 -37.4 3
      vertex 177.7 -37.4 3
      vertex 174.7 -33.4 3
    endloop
  endfacet
  facet normal 0 0 1
    outer loop
      vertex 177.7 -37.4 3
      vertex 174.7 -37.4 3
      vertex 177.7 -57.4 3
    endloop
  endfacet
  facet normal 0 0 1
    outer loop
      vertex 174.7 -57.4 3
      vertex 177.7 -57.4 3
      vertex 174.7 -37.4 3
    endloop
  endfacet
  facet normal 0 0 1
    outer loop
      vertex 152.5 -74.5 3
      vertex 177.7 -57.4 3
      vertex 174.7 -57.4 3
    endloop
  endfacet
  facet normal 0 0 1
    outer loop
      vertex 152.5 -74.5 3
      vertex 174.7 -57.4 3
      vertex 171.7 -57.4 3
    endloop
  endfacet
  facet normal 0 0 1
    outer loop
      vertex 168.7 -37.4 3
      vertex 171.7 -37.4 3
      vertex 168.7 -33.4 3
    endloop
  endfacet
  facet normal 0 0 1
    outer loop
      vertex 171.7 -37.4 3
      vertex 168.7 -37.4 3
      vertex 171.7 -57.4 3
    endloop
  endfacet
  facet normal 0 0 1
    outer loop
      vertex 168.7 -57.4 3
      vertex 171.7 -57.4 3
      vertex 168.7 -37.4 3
    endloop
  endfacet
  facet normal 0 0 1
    outer loop
      vertex 152.5 -74.5 3
      vertex 171.7 -57.4 3
      vertex 168.7 -57.4 3
    endloop
  endfacet
  facet normal 0 0 1
    outer loop
      vertex 152.5 -74.5 3
      vertex 168.7 -57.4 3
      vertex 165.7 -57.4 3
    endloop
  endfacet
  facet normal 0 0 1
    outer loop
      vertex 162.7 -37.4 3
      vertex 165.7 -37.4 3
      vertex 162.7 -33.4 3
    endloop
  endfacet
  facet normal 0 0 1
    outer loop
      vertex 165.7 -37.4 3
      vertex 162.7 -37.4 3
      vertex 165.7 -57.4 3
    endloop
  endfacet
  facet normal 0 0 1
    outer loop
      vertex 162.7 -57.4 3
      vertex 165.7 -57.4 3
      vertex 162.7 -37.4 3
    endloop
  endfacet
  facet normal 0 0 1
    outer loop
      vertex 152.5 -74.5 3
      vertex 165.7 -57.4 3
      vertex 162.7 -57.4 3
    endloop
  endfacet
  facet normal 0 0 1
    outer loop
      vertex 152.5 -74.5 3
      vertex 162.7 -57.4 3
      vertex 159.7 -57.4 3
    endloop
  endfacet
  facet normal 0 0 1
    outer loop
      vertex 156.7 -37.4 3
      vertex 159.7 -37.4 3
      vertex 156.7 -33.4 3
    endloop
  endfacet
  facet normal 0 0 1
    outer loop
      vertex 159.7 -37.4 3
      vertex 156.7 -37.4 3
      vertex 159.7 -57.4 3
    endloop
  endfacet
  facet normal 0 0 1
    outer loop
      vertex 156.7 -57.4 3
      vertex 159.7 -57.4 3
      vertex 156.7 -37.4 3
    endloop
  endfacet
  facet normal 0 0 1
    outer loop
      vertex 152.5 -74.5 3
      vertex 159.7 -57.4 3
      vertex 156.7 -57.4 3
    endloop
  endfacet
  facet normal 0 0 1
    outer loop
      vertex 148 -68 3
      vertex 156.7 -57.4 3
      vertex 153.7 -57.4 3
    endloop
  endfacet
  facet normal 0 0 1
    outer loop
      vertex 198.7 -57.4 3
      vertex 152.5 -74.5 3
      vertex 246.2 -74.5 3
    endloop
  endfacet
  facet normal 0 0 1
    outer loop
      vertex 153.7 -33.4 3
      vertex 150.7 -33.4 3
      vertex 153.7 -37.4 3
    endloop
  endfacet
  facet normal -0 0 1
    outer loop
      vertex 243.7 -33.4 3
      vertex 246.7 -37.4 3
      vertex 246.7 -33.4 3
    endloop
  endfacet
  facet normal 0 0 1
    outer loop
      vertex 246.7 -37.4 3
      vertex 243.7 -33.4 3
      vertex 243.7 -37.4 3
    endloop
  endfacet
  facet normal 0 0 1
    outer loop
      vertex 148 154 3
      vertex 248.7 154 3
      vertex 152.5 160.5 3
    endloop
  endfacet
  facet normal 0 0 1
    outer loop
      vertex 248.7 43 3
      vertex 243.7 -13.4 3
      vertex 246.7 -13.4 3
    endloop
  endfacet
  facet normal -0 0 1
    outer loop
      vertex 240.7 -13.4 3
      vertex 243.7 -33.4 3
      vertex 243.7 -13.4 3
    endloop
  endfacet
  facet normal 0 0 1
    outer loop
      vertex 240.7 -33.4 3
      vertex 243.7 -33.4 3
      vertex 240.7 -13.4 3
    endloop
  endfacet
  facet normal 0 0 1
    outer loop
      vertex 243.7 -33.4 3
      vertex 240.7 -33.4 3
      vertex 243.7 -37.4 3
    endloop
  endfacet
  facet normal 0 0 1
    outer loop
      vertex 248.7 43 3
      vertex 240.7 -13.4 3
      vertex 243.7 -13.4 3
    endloop
  endfacet
  facet normal 0 0 1
    outer loop
      vertex 248.7 43 3
      vertex 237.7 -13.4 3
      vertex 240.7 -13.4 3
    endloop
  endfacet
  facet normal -0 0 1
    outer loop
      vertex 234.7 -13.4 3
      vertex 237.7 -33.4 3
      vertex 237.7 -13.4 3
    endloop
  endfacet
  facet normal 0 0 1
    outer loop
      vertex 234.7 -33.4 3
      vertex 237.7 -33.4 3
      vertex 234.7 -13.4 3
    endloop
  endfacet
  facet normal 0 0 1
    outer loop
      vertex 237.7 -33.4 3
      vertex 234.7 -33.4 3
      vertex 237.7 -37.4 3
    endloop
  endfacet
  facet normal 0 0 1
    outer loop
      vertex 248.7 43 3
      vertex 234.7 -13.4 3
      vertex 237.7 -13.4 3
    endloop
  endfacet
  facet normal 0 0 1
    outer loop
      vertex 248.7 43 3
      vertex 231.7 -13.4 3
      vertex 234.7 -13.4 3
    endloop
  endfacet
  facet normal -0 0 1
    outer loop
      vertex 228.7 -13.4 3
      vertex 231.7 -33.4 3
      vertex 231.7 -13.4 3
    endloop
  endfacet
  facet normal 0 0 1
    outer loop
      vertex 228.7 -33.4 3
      vertex 231.7 -33.4 3
      vertex 228.7 -13.4 3
    endloop
  endfacet
  facet normal 0 0 1
    outer loop
      vertex 231.7 -33.4 3
      vertex 228.7 -33.4 3
      vertex 231.7 -37.4 3
    endloop
  endfacet
  facet normal 0 0 1
    outer loop
      vertex 248.7 43 3
      vertex 228.7 -13.4 3
      vertex 231.7 -13.4 3
    endloop
  endfacet
  facet normal 0 0 1
    outer loop
      vertex 248.7 43 3
      vertex 225.7 -13.4 3
      vertex 228.7 -13.4 3
    endloop
  endfacet
  facet normal -0 0 1
    outer loop
      vertex 222.7 -13.4 3
      vertex 225.7 -33.4 3
      vertex 225.7 -13.4 3
    endloop
  endfacet
  facet normal 0 0 1
    outer loop
      vertex 222.7 -33.4 3
      vertex 225.7 -33.4 3
      vertex 222.7 -13.4 3
    endloop
  endfacet
  facet normal 0 0 1
    outer loop
      vertex 225.7 -33.4 3
      vertex 222.7 -33.4 3
      vertex 225.7 -37.4 3
    endloop
  endfacet
  facet normal 0 0 1
    outer loop
      vertex 248.7 43 3
      vertex 222.7 -13.4 3
      vertex 225.7 -13.4 3
    endloop
  endfacet
  facet normal 0 0 1
    outer loop
      vertex 248.7 43 3
      vertex 219.7 -13.4 3
      vertex 222.7 -13.4 3
    endloop
  endfacet
  facet normal -0 0 1
    outer loop
      vertex 216.7 -13.4 3
      vertex 219.7 -33.4 3
      vertex 219.7 -13.4 3
    endloop
  endfacet
  facet normal 0 0 1
    outer loop
      vertex 216.7 -33.4 3
      vertex 219.7 -33.4 3
      vertex 216.7 -13.4 3
    endloop
  endfacet
  facet normal 0 0 1
    outer loop
      vertex 219.7 -33.4 3
      vertex 216.7 -33.4 3
      vertex 219.7 -37.4 3
    endloop
  endfacet
  facet normal 0 0 1
    outer loop
      vertex 248.7 43 3
      vertex 216.7 -13.4 3
      vertex 219.7 -13.4 3
    endloop
  endfacet
  facet normal 0 0 1
    outer loop
      vertex 248.7 43 3
      vertex 213.7 -13.4 3
      vertex 216.7 -13.4 3
    endloop
  endfacet
  facet normal -0 0 1
    outer loop
      vertex 210.7 -13.4 3
      vertex 213.7 -33.4 3
      vertex 213.7 -13.4 3
    endloop
  endfacet
  facet normal 0 0 1
    outer loop
      vertex 210.7 -33.4 3
      vertex 213.7 -33.4 3
      vertex 210.7 -13.4 3
    endloop
  endfacet
  facet normal 0 0 1
    outer loop
      vertex 213.7 -33.4 3
      vertex 210.7 -33.4 3
      vertex 213.7 -37.4 3
    endloop
  endfacet
  facet normal 0 0 1
    outer loop
      vertex 248.7 43 3
      vertex 210.7 -13.4 3
      vertex 213.7 -13.4 3
    endloop
  endfacet
  facet normal 0 0 1
    outer loop
      vertex 248.7 43 3
      vertex 207.7 -13.4 3
      vertex 210.7 -13.4 3
    endloop
  endfacet
  facet normal -0 0 1
    outer loop
      vertex 204.7 -13.4 3
      vertex 207.7 -33.4 3
      vertex 207.7 -13.4 3
    endloop
  endfacet
  facet normal 0 0 1
    outer loop
      vertex 204.7 -33.4 3
      vertex 207.7 -33.4 3
      vertex 204.7 -13.4 3
    endloop
  endfacet
  facet normal 0 0 1
    outer loop
      vertex 207.7 -33.4 3
      vertex 204.7 -33.4 3
      vertex 207.7 -37.4 3
    endloop
  endfacet
  facet normal 0 0 1
    outer loop
      vertex 248.7 43 3
      vertex 204.7 -13.4 3
      vertex 207.7 -13.4 3
    endloop
  endfacet
  facet normal 0 0 1
    outer loop
      vertex 248.7 43 3
      vertex 201.7 -13.4 3
      vertex 204.7 -13.4 3
    endloop
  endfacet
  facet normal -0 0 1
    outer loop
      vertex 198.7 -13.4 3
      vertex 201.7 -33.4 3
      vertex 201.7 -13.4 3
    endloop
  endfacet
  facet normal 0 0 1
    outer loop
      vertex 198.7 -33.4 3
      vertex 201.7 -33.4 3
      vertex 198.7 -13.4 3
    endloop
  endfacet
  facet normal 0 0 1
    outer loop
      vertex 201.7 -33.4 3
      vertex 198.7 -33.4 3
      vertex 201.7 -37.4 3
    endloop
  endfacet
  facet normal 0 0 1
    outer loop
      vertex 248.7 43 3
      vertex 198.7 -13.4 3
      vertex 201.7 -13.4 3
    endloop
  endfacet
  facet normal 0 0 1
    outer loop
      vertex 141.7 73.2 3
      vertex 248.7 154 3
      vertex 148 154 3
    endloop
  endfacet
  facet normal -0 0 1
    outer loop
      vertex 192.7 -13.4 3
      vertex 195.7 -33.4 3
      vertex 195.7 -13.4 3
    endloop
  endfacet
  facet normal 0 0 1
    outer loop
      vertex 192.7 -33.4 3
      vertex 195.7 -33.4 3
      vertex 192.7 -13.4 3
    endloop
  endfacet
  facet normal 0 0 1
    outer loop
      vertex 195.7 -33.4 3
      vertex 192.7 -33.4 3
      vertex 195.7 -37.4 3
    endloop
  endfacet
  facet normal 0 0 1
    outer loop
      vertex 248.7 43 3
      vertex 195.7 -13.4 3
      vertex 198.7 -13.4 3
    endloop
  endfacet
  facet normal 0 0 1
    outer loop
      vertex 248.7 43 3
      vertex 192.7 -13.4 3
      vertex 195.7 -13.4 3
    endloop
  endfacet
  facet normal -0 0 1
    outer loop
      vertex 186.7 -13.4 3
      vertex 189.7 -33.4 3
      vertex 189.7 -13.4 3
    endloop
  endfacet
  facet normal 0 0 1
    outer loop
      vertex 186.7 -33.4 3
      vertex 189.7 -33.4 3
      vertex 186.7 -13.4 3
    endloop
  endfacet
  facet normal 0 0 1
    outer loop
      vertex 189.7 -33.4 3
      vertex 186.7 -33.4 3
      vertex 189.7 -37.4 3
    endloop
  endfacet
  facet normal 0 0 1
    outer loop
      vertex 141.7 23.6 3
      vertex 248.7 43 3
      vertex 141.7 62.4 3
    endloop
  endfacet
  facet normal -0 0 1
    outer loop
      vertex 141.7 62.4 3
      vertex 248.7 43 3
      vertex 141.7 73.2 3
    endloop
  endfacet
  facet normal -0 0 1
    outer loop
      vertex 180.7 -13.4 3
      vertex 183.7 -33.4 3
      vertex 183.7 -13.4 3
    endloop
  endfacet
  facet normal 0 0 1
    outer loop
      vertex 180.7 -33.4 3
      vertex 183.7 -33.4 3
      vertex 180.7 -13.4 3
    endloop
  endfacet
  facet normal 0 0 1
    outer loop
      vertex 183.7 -33.4 3
      vertex 180.7 -33.4 3
      vertex 183.7 -37.4 3
    endloop
  endfacet
  facet normal 0 0 1
    outer loop
      vertex 248.7 43 3
      vertex 141.7 23.6 3
      vertex 192.7 -13.4 3
    endloop
  endfacet
  facet normal 0 0 1
    outer loop
      vertex 192.7 -13.4 3
      vertex 141.7 23.6 3
      vertex 189.7 -13.4 3
    endloop
  endfacet
  facet normal -0 0 1
    outer loop
      vertex 174.7 -13.4 3
      vertex 177.7 -33.4 3
      vertex 177.7 -13.4 3
    endloop
  endfacet
  facet normal 0 0 1
    outer loop
      vertex 174.7 -33.4 3
      vertex 177.7 -33.4 3
      vertex 174.7 -13.4 3
    endloop
  endfacet
  facet normal 0 0 1
    outer loop
      vertex 177.7 -33.4 3
      vertex 174.7 -33.4 3
      vertex 177.7 -37.4 3
    endloop
  endfacet
  facet normal 0 0 1
    outer loop
      vertex 189.7 -13.4 3
      vertex 141.7 23.6 3
      vertex 186.7 -13.4 3
    endloop
  endfacet
  facet normal 0 0 1
    outer loop
      vertex 186.7 -13.4 3
      vertex 141.7 23.6 3
      vertex 183.7 -13.4 3
    endloop
  endfacet
  facet normal -0 0 1
    outer loop
      vertex 168.7 -13.4 3
      vertex 171.7 -33.4 3
      vertex 171.7 -13.4 3
    endloop
  endfacet
  facet normal 0 0 1
    outer loop
      vertex 168.7 -33.4 3
      vertex 171.7 -33.4 3
      vertex 168.7 -13.4 3
    endloop
  endfacet
  facet normal 0 0 1
    outer loop
      vertex 171.7 -33.4 3
      vertex 168.7 -33.4 3
      vertex 171.7 -37.4 3
    endloop
  endfacet
  facet normal 0 0 1
    outer loop
      vertex 183.7 -13.4 3
      vertex 141.7 23.6 3
      vertex 180.7 -13.4 3
    endloop
  endfacet
  facet normal 0 0 1
    outer loop
      vertex 180.7 -13.4 3
      vertex 141.7 23.6 3
      vertex 177.7 -13.4 3
    endloop
  endfacet
  facet normal -0 0 1
    outer loop
      vertex 162.7 -13.4 3
      vertex 165.7 -33.4 3
      vertex 165.7 -13.4 3
    endloop
  endfacet
  facet normal 0 0 1
    outer loop
      vertex 162.7 -33.4 3
      vertex 165.7 -33.4 3
      vertex 162.7 -13.4 3
    endloop
  endfacet
  facet normal 0 0 1
    outer loop
      vertex 165.7 -33.4 3
      vertex 162.7 -33.4 3
      vertex 165.7 -37.4 3
    endloop
  endfacet
  facet normal 0 0 1
    outer loop
      vertex 248.7 154 3
      vertex 141.7 73.2 3
      vertex 248.7 43 3
    endloop
  endfacet
  facet normal 0 0 1
    outer loop
      vertex 177.7 -13.4 3
      vertex 141.7 23.6 3
      vertex 174.7 -13.4 3
    endloop
  endfacet
  facet normal -0 0 1
    outer loop
      vertex 156.7 -13.4 3
      vertex 159.7 -33.4 3
      vertex 159.7 -13.4 3
    endloop
  endfacet
  facet normal 0 0 1
    outer loop
      vertex 156.7 -33.4 3
      vertex 159.7 -33.4 3
      vertex 156.7 -13.4 3
    endloop
  endfacet
  facet normal 0 0 1
    outer loop
      vertex 159.7 -33.4 3
      vertex 156.7 -33.4 3
      vertex 159.7 -37.4 3
    endloop
  endfacet
  facet normal 0 0 1
    outer loop
      vertex 174.7 -13.4 3
      vertex 141.7 23.6 3
      vertex 171.7 -13.4 3
    endloop
  endfacet
  facet normal -0 0 1
    outer loop
      vertex 141.7 12.8 3
      vertex 171.7 -13.4 3
      vertex 141.7 23.6 3
    endloop
  endfacet
  facet normal -0 0 1
    outer loop
      vertex 150.7 -13.4 3
      vertex 153.7 -33.4 3
      vertex 153.7 -13.4 3
    endloop
  endfacet
  facet normal 0 0 1
    outer loop
      vertex 150.7 -33.4 3
      vertex 153.7 -33.4 3
      vertex 150.7 -13.4 3
    endloop
  endfacet
  facet normal 0 0 1
    outer loop
      vertex 168.7 -13.4 3
      vertex 141.7 12.8 3
      vertex 165.7 -13.4 3
    endloop
  endfacet
  facet normal 0 0 1
    outer loop
      vertex 171.7 -13.4 3
      vertex 141.7 12.8 3
      vertex 168.7 -13.4 3
    endloop
  endfacet
  facet normal -0 0 1
    outer loop
      vertex 249.7 -33.4 3
      vertex 252.7 -37.4 3
      vertex 252.7 -33.4 3
    endloop
  endfacet
  facet normal 0 0 1
    outer loop
      vertex 252.7 -37.4 3
      vertex 249.7 -33.4 3
      vertex 249.7 -37.4 3
    endloop
  endfacet
  facet normal -0 0 1
    outer loop
      vertex 252.7 -33.4 3
      vertex 255.2 -65.5 3
      vertex 252.7 -13.4 3
    endloop
  endfacet
  facet normal 0 0 1
    outer loop
      vertex 246.7 -13.4 3
      vertex 255.2 32.5 3
      vertex 248.7 37 3
    endloop
  endfacet
  facet normal 0 0 1
    outer loop
      vertex 246.7 -33.4 3
      vertex 249.7 -33.4 3
      vertex 249.7 -13.4 3
    endloop
  endfacet
  facet normal 0 0 1
    outer loop
      vertex 249.7 -33.4 3
      vertex 246.7 -33.4 3
      vertex 249.7 -37.4 3
    endloop
  endfacet
  facet normal 0 0 1
    outer loop
      vertex 255.2 32.5 3
      vertex 246.7 -13.4 3
      vertex 249.7 -13.4 3
    endloop
  endfacet
  facet normal 0 0 1
    outer loop
      vertex 255.2 32.5 3
      vertex 249.7 -13.4 3
      vertex 252.7 -13.4 3
    endloop
  endfacet
  facet normal 0 0 1
    outer loop
      vertex 248.7 43 3
      vertex 255.2 47.5 3
      vertex 248.7 154 3
    endloop
  endfacet
  facet normal 0 0 1
    outer loop
      vertex 255.2 47.5 3
      vertex 248.7 43 3
      vertex 254.7 43 3
    endloop
  endfacet
  facet normal 0 0 1
    outer loop
      vertex 254.7 43 3
      vertex 256.7 47.5 3
      vertex 255.2 47.5 3
    endloop
  endfacet
  facet normal 0 0 1
    outer loop
      vertex 256.7 47.5 3
      vertex 254.7 43 3
      vertex 256.7 32.5 3
    endloop
  endfacet
  facet normal 0 0 1
    outer loop
      vertex 256.7 47.5 3
      vertex 261.7 167 3
      vertex 256.7 151.5 3
    endloop
  endfacet
  facet normal -0 0 1
    outer loop
      vertex 254.7 160 3
      vertex 256.7 151.5 3
      vertex 261.7 167 3
    endloop
  endfacet
  facet normal -0 0 1
    outer loop
      vertex 248.7 154 3
      vertex 255.2 151.5 3
      vertex 254.7 154 3
    endloop
  endfacet
  facet normal -0 0 1
    outer loop
      vertex 254.7 37 3
      vertex 256.7 32.5 3
      vertex 254.7 43 3
    endloop
  endfacet
  facet normal 0 0 1
    outer loop
      vertex 256.7 151.5 3
      vertex 254.7 154 3
      vertex 255.2 151.5 3
    endloop
  endfacet
  facet normal 0 0 1
    outer loop
      vertex 256.7 151.5 3
      vertex 254.7 160 3
      vertex 254.7 154 3
    endloop
  endfacet
  facet normal -0 0 1
    outer loop
      vertex 246.2 162 3
      vertex 254.7 160 3
      vertex 261.7 167 3
    endloop
  endfacet
  facet normal -0 0 1
    outer loop
      vertex 246.2 160.5 3
      vertex 248.7 160 3
      vertex 246.2 162 3
    endloop
  endfacet
  facet normal 0 0 1
    outer loop
      vertex 248.7 160 3
      vertex 246.2 160.5 3
      vertex 248.7 154 3
    endloop
  endfacet
  facet normal -0 0 1
    outer loop
      vertex 152.5 160.5 3
      vertex 248.7 154 3
      vertex 246.2 160.5 3
    endloop
  endfacet
  facet normal 0 0 1
    outer loop
      vertex 246.7 -33.4 3
      vertex 249.7 -13.4 3
      vertex 246.7 -13.4 3
    endloop
  endfacet
  facet normal 0 0 1
    outer loop
      vertex 249.7 -37.4 3
      vertex 246.7 -33.4 3
      vertex 246.7 -37.4 3
    endloop
  endfacet
  facet normal 0 0 1
    outer loop
      vertex 248.7 43 3
      vertex 246.7 -13.4 3
      vertex 248.7 37 3
    endloop
  endfacet
  facet normal 0 0 1
    outer loop
      vertex 254.7 160 3
      vertex 246.2 162 3
      vertex 248.7 160 3
    endloop
  endfacet
  facet normal 0 0 1
    outer loop
      vertex 261.7 167 3
      vertex 152.5 162 3
      vertex 246.2 162 3
    endloop
  endfacet
  facet normal 0 0 1
    outer loop
      vertex 148 160 3
      vertex 152.5 160.5 3
      vertex 152.5 162 3
    endloop
  endfacet
  facet normal 0 0 1
    outer loop
      vertex 150.7 -37.4 3
      vertex 153.7 -37.4 3
      vertex 150.7 -33.4 3
    endloop
  endfacet
  facet normal 0 0 1
    outer loop
      vertex 153.7 -37.4 3
      vertex 150.7 -37.4 3
      vertex 153.7 -57.4 3
    endloop
  endfacet
  facet normal 0 0 1
    outer loop
      vertex 148 154 3
      vertex 152.5 160.5 3
      vertex 148 160 3
    endloop
  endfacet
  facet normal 0 0 1
    outer loop
      vertex 135 167 3
      vertex 148 160 3
      vertex 152.5 162 3
    endloop
  endfacet
  facet normal -0 0 1
    outer loop
      vertex 137.5 160.5 3
      vertex 142 160 3
      vertex 137.5 162 3
    endloop
  endfacet
  facet normal 0 0 1
    outer loop
      vertex 142 160 3
      vertex 137.5 160.5 3
      vertex 142 154 3
    endloop
  endfacet
  facet normal 0 0 1
    outer loop
      vertex 148 160 3
      vertex 135 167 3
      vertex 142 160 3
    endloop
  endfacet
  facet normal -0 0 1
    outer loop
      vertex 135 167 3
      vertex 152.5 162 3
      vertex 261.7 167 3
    endloop
  endfacet
  facet normal 0 0 1
    outer loop
      vertex 142 160 3
      vertex 135 167 3
      vertex 137.5 162 3
    endloop
  endfacet
  facet normal 0 0 1
    outer loop
      vertex 137.5 162 3
      vertex 135 167 3
      vertex 135 162 3
    endloop
  endfacet
  facet normal 0 0 1
    outer loop
      vertex 261.7 167 3
      vertex 256.7 47.5 3
      vertex 261.7 -81 3
    endloop
  endfacet
  facet normal -0 0 1
    outer loop
      vertex 256.7 32.5 3
      vertex 261.7 -81 3
      vertex 256.7 47.5 3
    endloop
  endfacet
  facet normal -0 0 1
    outer loop
      vertex 256.7 -65.5 3
      vertex 261.7 -81 3
      vertex 256.7 32.5 3
    endloop
  endfacet
  facet normal 0 0 1
    outer loop
      vertex 254.7 -68 3
      vertex 256.7 -65.5 3
      vertex 255.2 -65.5 3
    endloop
  endfacet
  facet normal 0 0 1
    outer loop
      vertex 255.2 151.5 3
      vertex 248.7 154 3
      vertex 255.2 47.5 3
    endloop
  endfacet
  facet normal 0 0 1
    outer loop
      vertex 256.7 32.5 3
      vertex 254.7 37 3
      vertex 255.2 32.5 3
    endloop
  endfacet
  facet normal -0 0 1
    outer loop
      vertex 248.7 37 3
      vertex 255.2 32.5 3
      vertex 254.7 37 3
    endloop
  endfacet
  facet normal -0 0 1
    outer loop
      vertex 252.7 -13.4 3
      vertex 255.2 -65.5 3
      vertex 255.2 32.5 3
    endloop
  endfacet
  facet normal 0 0 1
    outer loop
      vertex 254.7 -74 3
      vertex 256.7 -65.5 3
      vertex 254.7 -68 3
    endloop
  endfacet
  facet normal 0 0 1
    outer loop
      vertex 256.7 -65.5 3
      vertex 254.7 -74 3
      vertex 261.7 -81 3
    endloop
  endfacet
  facet normal 0 0 1
    outer loop
      vertex 246.2 -76 3
      vertex 254.7 -74 3
      vertex 248.7 -74 3
    endloop
  endfacet
  facet normal 0 0 1
    outer loop
      vertex 246.7 -57.4 3
      vertex 249.7 -37.4 3
      vertex 246.7 -37.4 3
    endloop
  endfacet
  facet normal 0 0 1
    outer loop
      vertex 249.7 -37.4 3
      vertex 246.7 -57.4 3
      vertex 248.7 -68 3
    endloop
  endfacet
  facet normal -0 0 1
    outer loop
      vertex 243.7 -57.4 3
      vertex 248.7 -68 3
      vertex 246.7 -57.4 3
    endloop
  endfacet
  facet normal 0 0 1
    outer loop
      vertex 248.7 -68 3
      vertex 246.2 -74.5 3
      vertex 248.7 -74 3
    endloop
  endfacet
  facet normal 0 0 1
    outer loop
      vertex 246.2 -76 3
      vertex 248.7 -74 3
      vertex 246.2 -74.5 3
    endloop
  endfacet
  facet normal 0 0 1
    outer loop
      vertex 254.7 -74 3
      vertex 246.2 -76 3
      vertex 261.7 -81 3
    endloop
  endfacet
  facet normal -0 0 1
    outer loop
      vertex 152.5 -76 3
      vertex 261.7 -81 3
      vertex 246.2 -76 3
    endloop
  endfacet
  facet normal 0 0 1
    outer loop
      vertex 150.7 -57.4 3
      vertex 153.7 -57.4 3
      vertex 150.7 -37.4 3
    endloop
  endfacet
  facet normal 0 0 1
    outer loop
      vertex 148 -68 3
      vertex 153.7 -57.4 3
      vertex 150.7 -57.4 3
    endloop
  endfacet
  facet normal 0 0 1
    outer loop
      vertex 156.7 -57.4 3
      vertex 148 -68 3
      vertex 152.5 -74.5 3
    endloop
  endfacet
  facet normal -0 0 1
    outer loop
      vertex 148 -74 3
      vertex 152.5 -74.5 3
      vertex 148 -68 3
    endloop
  endfacet
  facet normal 0 0 1
    outer loop
      vertex 152.5 -74.5 3
      vertex 148 -74 3
      vertex 152.5 -76 3
    endloop
  endfacet
  facet normal 0 0 1
    outer loop
      vertex 135 -81 3
      vertex 148 -74 3
      vertex 142 -74 3
    endloop
  endfacet
  facet normal 0 0 1
    outer loop
      vertex 138.7 -57.4 3
      vertex 141.7 -57.4 3
      vertex 138.7 -37.4 3
    endloop
  endfacet
  facet normal -0 0 1
    outer loop
      vertex 135.7 -57.4 3
      vertex 142 -68 3
      vertex 138.7 -57.4 3
    endloop
  endfacet
  facet normal 0 0 1
    outer loop
      vertex 142 -68 3
      vertex 137.5 -74.5 3
      vertex 142 -74 3
    endloop
  endfacet
  facet normal 0 0 1
    outer loop
      vertex 137.5 -76 3
      vertex 142 -74 3
      vertex 137.5 -74.5 3
    endloop
  endfacet
  facet normal 0 0 1
    outer loop
      vertex 135 -81 3
      vertex 142 -74 3
      vertex 137.5 -76 3
    endloop
  endfacet
  facet normal 0 0 1
    outer loop
      vertex 148 -74 3
      vertex 135 -81 3
      vertex 152.5 -76 3
    endloop
  endfacet
  facet normal 0 0 1
    outer loop
      vertex 135 -81 3
      vertex 137.5 -76 3
      vertex 135 -76 3
    endloop
  endfacet
  facet normal 0 0 1
    outer loop
      vertex 152.5 -76 3
      vertex 135 -81 3
      vertex 261.7 -81 3
    endloop
  endfacet
  facet normal -0 0 1
    outer loop
      vertex 252.7 -37.4 3
      vertex 255.2 -65.5 3
      vertex 252.7 -33.4 3
    endloop
  endfacet
  facet normal -0 0 1
    outer loop
      vertex 252.7 -57.4 3
      vertex 255.2 -65.5 3
      vertex 252.7 -37.4 3
    endloop
  endfacet
  facet normal -0 0 1
    outer loop
      vertex 249.7 -57.4 3
      vertex 255.2 -65.5 3
      vertex 252.7 -57.4 3
    endloop
  endfacet
  facet normal 0 0 1
    outer loop
      vertex 255.2 -65.5 3
      vertex 249.7 -57.4 3
      vertex 248.7 -68 3
    endloop
  endfacet
  facet normal 0 0 1
    outer loop
      vertex 255.2 -65.5 3
      vertex 248.7 -68 3
      vertex 254.7 -68 3
    endloop
  endfacet
  facet normal 0 0 1
    outer loop
      vertex 249.7 -37.4 3
      vertex 248.7 -68 3
      vertex 249.7 -57.4 3
    endloop
  endfacet
  facet normal 0 0 0
    outer loop
      vertex 141.7 -13.4 3
      vertex 141.7 -26 3
      vertex 141.7 -36.8 3
    endloop
  endfacet
  facet normal 0 0 0
    outer loop
      vertex 141.7 -36.8 3
      vertex 141.7 -33.4 3
      vertex 141.7 -13.4 3
    endloop
  endfacet
  facet normal 0 -1 0
    outer loop
      vertex 135 -81 1.14441e-07
      vertex 261.7 -81 3
      vertex 135 -81 3
    endloop
  endfacet
  facet normal 0 -1 -0
    outer loop
      vertex 261.7 -81 3
      vertex 135 -81 1.14441e-07
      vertex 261.7 -81 1.14441e-07
    endloop
  endfacet
  facet normal 0 1 -0
    outer loop
      vertex 261.7 167 1.14441e-07
      vertex 135 167 3
      vertex 261.7 167 3
    endloop
  endfacet
  facet normal 0 1 0
    outer loop
      vertex 135 167 3
      vertex 261.7 167 1.14441e-07
      vertex 135 167 1.14441e-07
    endloop
  endfacet
  facet normal 1 -0 0
    outer loop
      vertex 256.7 47.5 7
      vertex 256.7 151.5 3
      vertex 256.7 151.5 7
    endloop
  endfacet
  facet normal 1 0 0
    outer loop
      vertex 256.7 151.5 3
      vertex 256.7 47.5 7
      vertex 256.7 47.5 3
    endloop
  endfacet
  facet normal -0 0 1
    outer loop
      vertex 255.2 151.5 7
      vertex 256.7 47.5 7
      vertex 256.7 151.5 7
    endloop
  endfacet
  facet normal 0 0 1
    outer loop
      vertex 256.7 47.5 7
      vertex 255.2 151.5 7
      vertex 255.2 47.5 7
    endloop
  endfacet
  facet normal -1 0 0
    outer loop
      vertex 255.2 47.5 3
      vertex 255.2 151.5 7
      vertex 255.2 151.5 3
    endloop
  endfacet
  facet normal -1 -0 0
    outer loop
      vertex 255.2 151.5 7
      vertex 255.2 47.5 3
      vertex 255.2 47.5 7
    endloop
  endfacet
  facet normal 0 -1 0
    outer loop
      vertex 255.2 47.5 3
      vertex 256.7 47.5 7
      vertex 255.2 47.5 7
    endloop
  endfacet
  facet normal 0 -1 -0
    outer loop
      vertex 256.7 47.5 7
      vertex 255.2 47.5 3
      vertex 256.7 47.5 3
    endloop
  endfacet
  facet normal 0 1 -0
    outer loop
      vertex 256.7 151.5 3
      vertex 255.2 151.5 7
      vertex 256.7 151.5 7
    endloop
  endfacet
  facet normal 0 1 0
    outer loop
      vertex 255.2 151.5 7
      vertex 256.7 151.5 3
      vertex 255.2 151.5 3
    endloop
  endfacet
  facet normal 1 -0 0
    outer loop
      vertex 256.7 -65.5 7
      vertex 256.7 32.5 3
      vertex 256.7 32.5 7
    endloop
  endfacet
  facet normal 1 0 0
    outer loop
      vertex 256.7 32.5 3
      vertex 256.7 -65.5 7
      vertex 256.7 -65.5 3
    endloop
  endfacet
  facet normal -0 0 1
    outer loop
      vertex 255.2 32.5 7
      vertex 256.7 -65.5 7
      vertex 256.7 32.5 7
    endloop
  endfacet
  facet normal 0 0 1
    outer loop
      vertex 256.7 -65.5 7
      vertex 255.2 32.5 7
      vertex 255.2 -65.5 7
    endloop
  endfacet
  facet normal -1 0 0
    outer loop
      vertex 255.2 -65.5 3
      vertex 255.2 32.5 7
      vertex 255.2 32.5 3
    endloop
  endfacet
  facet normal -1 -0 0
    outer loop
      vertex 255.2 32.5 7
      vertex 255.2 -65.5 3
      vertex 255.2 -65.5 7
    endloop
  endfacet
  facet normal 0 -1 0
    outer loop
      vertex 255.2 -65.5 3
      vertex 256.7 -65.5 7
      vertex 255.2 -65.5 7
    endloop
  endfacet
  facet normal 0 -1 -0
    outer loop
      vertex 256.7 -65.5 7
      vertex 255.2 -65.5 3
      vertex 256.7 -65.5 3
    endloop
  endfacet
  facet normal 0 1 -0
    outer loop
      vertex 256.7 32.5 3
      vertex 255.2 32.5 7
      vertex 256.7 32.5 7
    endloop
  endfacet
  facet normal 0 1 0
    outer loop
      vertex 255.2 32.5 7
      vertex 256.7 32.5 3
      vertex 255.2 32.5 3
    endloop
  endfacet
  facet normal 1 -0 0
    outer loop
      vertex 137.5 160.5 7
      vertex 137.5 162 3
      vertex 137.5 162 7
    endloop
  endfacet
  facet normal 1 0 0
    outer loop
      vertex 137.5 162 3
      vertex 137.5 160.5 7
      vertex 137.5 160.5 3
    endloop
  endfacet
  facet normal -0 0 1
    outer loop
      vertex 135 162 7
      vertex 137.5 160.5 7
      vertex 137.5 162 7
    endloop
  endfacet
  facet normal 0 0 1
    outer loop
      vertex 137.5 160.5 7
      vertex 135 162 7
      vertex 135 160.5 7
    endloop
  endfacet
  facet normal 0 -1 0
    outer loop
      vertex 135 160.5 3
      vertex 137.5 160.5 7
      vertex 135 160.5 7
    endloop
  endfacet
  facet normal 0 -1 -0
    outer loop
      vertex 137.5 160.5 7
      vertex 135 160.5 3
      vertex 137.5 160.5 3
    endloop
  endfacet
  facet normal 0 1 -0
    outer loop
      vertex 137.5 162 3
      vertex 135 162 7
      vertex 137.5 162 7
    endloop
  endfacet
  facet normal 0 1 0
    outer loop
      vertex 135 162 7
      vertex 137.5 162 3
      vertex 135 162 3
    endloop
  endfacet
  facet normal 1 -0 0
    outer loop
      vertex 137.5 -76 7
      vertex 137.5 -74.5 3
      vertex 137.5 -74.5 7
    endloop
  endfacet
  facet normal 1 0 0
    outer loop
      vertex 137.5 -74.5 3
      vertex 137.5 -76 7
      vertex 137.5 -76 3
    endloop
  endfacet
  facet normal -0 0 1
    outer loop
      vertex 135 -74.5 7
      vertex 137.5 -76 7
      vertex 137.5 -74.5 7
    endloop
  endfacet
  facet normal 0 0 1
    outer loop
      vertex 137.5 -76 7
      vertex 135 -74.5 7
      vertex 135 -76 7
    endloop
  endfacet
  facet normal 0 -1 0
    outer loop
      vertex 135 -76 3
      vertex 137.5 -76 7
      vertex 135 -76 7
    endloop
  endfacet
  facet normal 0 -1 -0
    outer loop
      vertex 137.5 -76 7
      vertex 135 -76 3
      vertex 137.5 -76 3
    endloop
  endfacet
  facet normal 0 1 -0
    outer loop
      vertex 137.5 -74.5 3
      vertex 135 -74.5 7
      vertex 137.5 -74.5 7
    endloop
  endfacet
  facet normal 0 1 0
    outer loop
      vertex 135 -74.5 7
      vertex 137.5 -74.5 3
      vertex 135 -74.5 3
    endloop
  endfacet
  facet normal 1 -0 0
    outer loop
      vertex 246.2 160.5 7
      vertex 246.2 162 3
      vertex 246.2 162 7
    endloop
  endfacet
  facet normal 1 0 0
    outer loop
      vertex 246.2 162 3
      vertex 246.2 160.5 7
      vertex 246.2 160.5 3
    endloop
  endfacet
  facet normal -0 0 1
    outer loop
      vertex 152.5 162 7
      vertex 246.2 160.5 7
      vertex 246.2 162 7
    endloop
  endfacet
  facet normal 0 0 1
    outer loop
      vertex 246.2 160.5 7
      vertex 152.5 162 7
      vertex 152.5 160.5 7
    endloop
  endfacet
  facet normal -1 0 0
    outer loop
      vertex 152.5 160.5 3
      vertex 152.5 162 7
      vertex 152.5 162 3
    endloop
  endfacet
  facet normal -1 -0 0
    outer loop
      vertex 152.5 162 7
      vertex 152.5 160.5 3
      vertex 152.5 160.5 7
    endloop
  endfacet
  facet normal 0 -1 0
    outer loop
      vertex 152.5 160.5 3
      vertex 246.2 160.5 7
      vertex 152.5 160.5 7
    endloop
  endfacet
  facet normal 0 -1 -0
    outer loop
      vertex 246.2 160.5 7
      vertex 152.5 160.5 3
      vertex 246.2 160.5 3
    endloop
  endfacet
  facet normal 0 1 -0
    outer loop
      vertex 246.2 162 3
      vertex 152.5 162 7
      vertex 246.2 162 7
    endloop
  endfacet
  facet normal 0 1 0
    outer loop
      vertex 152.5 162 7
      vertex 246.2 162 3
      vertex 152.5 162 3
    endloop
  endfacet
  facet normal 1 -0 0
    outer loop
      vertex 246.2 -76 7
      vertex 246.2 -74.5 3
      vertex 246.2 -74.5 7
    endloop
  endfacet
  facet normal 1 0 0
    outer loop
      vertex 246.2 -74.5 3
      vertex 246.2 -76 7
      vertex 246.2 -76 3
    endloop
  endfacet
  facet normal -0 0 1
    outer loop
      vertex 152.5 -74.5 7
      vertex 246.2 -76 7
      vertex 246.2 -74.5 7
    endloop
  endfacet
  facet normal 0 0 1
    outer loop
      vertex 246.2 -76 7
      vertex 152.5 -74.5 7
      vertex 152.5 -76 7
    endloop
  endfacet
  facet normal -1 0 0
    outer loop
      vertex 152.5 -76 3
      vertex 152.5 -74.5 7
      vertex 152.5 -74.5 3
    endloop
  endfacet
  facet normal -1 -0 0
    outer loop
      vertex 152.5 -74.5 7
      vertex 152.5 -76 3
      vertex 152.5 -76 7
    endloop
  endfacet
  facet normal 0 -1 0
    outer loop
      vertex 152.5 -76 3
      vertex 246.2 -76 7
      vertex 152.5 -76 7
    endloop
  endfacet
  facet normal 0 -1 -0
    outer loop
      vertex 246.2 -76 7
      vertex 152.5 -76 3
      vertex 246.2 -76 3
    endloop
  endfacet
  facet normal 0 1 -0
    outer loop
      vertex 246.2 -74.5 3
      vertex 152.5 -74.5 7
      vertex 246.2 -74.5 7
    endloop
  endfacet
  facet normal 0 1 0
    outer loop
      vertex 152.5 -74.5 7
      vertex 246.2 -74.5 3
      vertex 152.5 -74.5 3
    endloop
  endfacet
  facet normal 1 -0 0
    outer loop
      vertex 254.7 154 6.6
      vertex 254.7 160 3
      vertex 254.7 160 6.6
    endloop
  endfacet
  facet normal 1 0 0
    outer loop
      vertex 254.7 160 3
      vertex 254.7 154 6.6
      vertex 254.7 154 3
    endloop
  endfacet
  facet normal -0 0 1
    outer loop
      vertex 248.7 160 6.6
      vertex 254.7 154 6.6
      vertex 254.7 160 6.6
    endloop
  endfacet
  facet normal 0 0 1
    outer loop
      vertex 254.7 154 6.6
      vertex 248.7 160 6.6
      vertex 248.7 154 6.6
    endloop
  endfacet
  facet normal -1 0 0
    outer loop
      vertex 248.7 154 3
      vertex 248.7 160 6.6
      vertex 248.7 160 3
    endloop
  endfacet
  facet normal -1 -0 0
    outer loop
      vertex 248.7 160 6.6
      vertex 248.7 154 3
      vertex 248.7 154 6.6
    endloop
  endfacet
  facet normal 0 -1 0
    outer loop
      vertex 248.7 154 3
      vertex 254.7 154 6.6
      vertex 248.7 154 6.6
    endloop
  endfacet
  facet normal 0 -1 -0
    outer loop
      vertex 254.7 154 6.6
      vertex 248.7 154 3
      vertex 254.7 154 3
    endloop
  endfacet
  facet normal 0 1 -0
    outer loop
      vertex 254.7 160 3
      vertex 248.7 160 6.6
      vertex 254.7 160 6.6
    endloop
  endfacet
  facet normal 0 1 0
    outer loop
      vertex 248.7 160 6.6
      vertex 254.7 160 3
      vertex 248.7 160 3
    endloop
  endfacet
  facet normal 1 -0 0
    outer loop
      vertex 254.7 -74 6.6
      vertex 254.7 -68 3
      vertex 254.7 -68 6.6
    endloop
  endfacet
  facet normal 1 0 0
    outer loop
      vertex 254.7 -68 3
      vertex 254.7 -74 6.6
      vertex 254.7 -74 3
    endloop
  endfacet
  facet normal -0 0 1
    outer loop
      vertex 248.7 -68 6.6
      vertex 254.7 -74 6.6
      vertex 254.7 -68 6.6
    endloop
  endfacet
  facet normal 0 0 1
    outer loop
      vertex 254.7 -74 6.6
      vertex 248.7 -68 6.6
      vertex 248.7 -74 6.6
    endloop
  endfacet
  facet normal -1 0 0
    outer loop
      vertex 248.7 -74 3
      vertex 248.7 -68 6.6
      vertex 248.7 -68 3
    endloop
  endfacet
  facet normal -1 -0 0
    outer loop
      vertex 248.7 -68 6.6
      vertex 248.7 -74 3
      vertex 248.7 -74 6.6
    endloop
  endfacet
  facet normal 0 -1 0
    outer loop
      vertex 248.7 -74 3
      vertex 254.7 -74 6.6
      vertex 248.7 -74 6.6
    endloop
  endfacet
  facet normal 0 -1 -0
    outer loop
      vertex 254.7 -74 6.6
      vertex 248.7 -74 3
      vertex 254.7 -74 3
    endloop
  endfacet
  facet normal 0 1 -0
    outer loop
      vertex 254.7 -68 3
      vertex 248.7 -68 6.6
      vertex 254.7 -68 6.6
    endloop
  endfacet
  facet normal 0 1 0
    outer loop
      vertex 248.7 -68 6.6
      vertex 254.7 -68 3
      vertex 248.7 -68 3
    endloop
  endfacet
  facet normal 1 -0 0
    outer loop
      vertex 254.7 37 6.6
      vertex 254.7 43 3
      vertex 254.7 43 6.6
    endloop
  endfacet
  facet normal 1 0 0
    outer loop
      vertex 254.7 43 3
      vertex 254.7 37 6.6
      vertex 254.7 37 3
    endloop
  endfacet
  facet normal -0 0 1
    outer loop
      vertex 248.7 43 6.6
      vertex 254.7 37 6.6
      vertex 254.7 43 6.6
    endloop
  endfacet
  facet normal 0 0 1
    outer loop
      vertex 254.7 37 6.6
      vertex 248.7 43 6.6
      vertex 248.7 37 6.6
    endloop
  endfacet
  facet normal -1 0 0
    outer loop
      vertex 248.7 37 3
      vertex 248.7 43 6.6
      vertex 248.7 43 3
    endloop
  endfacet
  facet normal -1 -0 0
    outer loop
      vertex 248.7 43 6.6
      vertex 248.7 37 3
      vertex 248.7 37 6.6
    endloop
  endfacet
  facet normal 0 -1 0
    outer loop
      vertex 248.7 37 3
      vertex 254.7 37 6.6
      vertex 248.7 37 6.6
    endloop
  endfacet
  facet normal 0 -1 -0
    outer loop
      vertex 254.7 37 6.6
      vertex 248.7 37 3
      vertex 254.7 37 3
    endloop
  endfacet
  facet normal 0 1 -0
    outer loop
      vertex 254.7 43 3
      vertex 248.7 43 6.6
      vertex 254.7 43 6.6
    endloop
  endfacet
  facet normal 0 1 0
    outer loop
      vertex 248.7 43 6.6
      vertex 254.7 43 3
      vertex 248.7 43 3
    endloop
  endfacet
  facet normal 1 -0 0
    outer loop
      vertex 148 154 6.6
      vertex 148 160 3
      vertex 148 160 6.6
    endloop
  endfacet
  facet normal 1 0 0
    outer loop
      vertex 148 160 3
      vertex 148 154 6.6
      vertex 148 154 3
    endloop
  endfacet
  facet normal -0 0 1
    outer loop
      vertex 142 160 6.6
      vertex 148 154 6.6
      vertex 148 160 6.6
    endloop
  endfacet
  facet normal 0 0 1
    outer loop
      vertex 148 154 6.6
      vertex 142 160 6.6
      vertex 142 154 6.6
    endloop
  endfacet
  facet normal -1 0 0
    outer loop
      vertex 142 154 3
      vertex 142 160 6.6
      vertex 142 160 3
    endloop
  endfacet
  facet normal -1 -0 0
    outer loop
      vertex 142 160 6.6
      vertex 142 154 3
      vertex 142 154 6.6
    endloop
  endfacet
  facet normal 0 -1 0
    outer loop
      vertex 142 154 3
      vertex 148 154 6.6
      vertex 142 154 6.6
    endloop
  endfacet
  facet normal 0 -1 -0
    outer loop
      vertex 148 154 6.6
      vertex 142 154 3
      vertex 148 154 3
    endloop
  endfacet
  facet normal 0 1 -0
    outer loop
      vertex 148 160 3
      vertex 142 160 6.6
      vertex 148 160 6.6
    endloop
  endfacet
  facet normal 0 1 0
    outer loop
      vertex 142 160 6.6
      vertex 148 160 3
      vertex 142 160 3
    endloop
  endfacet
  facet normal 1 -0 0
    outer loop
      vertex 148 -74 6.6
      vertex 148 -68 3
      vertex 148 -68 6.6
    endloop
  endfacet
  facet normal 1 0 0
    outer loop
      vertex 148 -68 3
      vertex 148 -74 6.6
      vertex 148 -74 3
    endloop
  endfacet
  facet normal -0 0 1
    outer loop
      vertex 142 -68 6.6
      vertex 148 -74 6.6
      vertex 148 -68 6.6
    endloop
  endfacet
  facet normal 0 0 1
    outer loop
      vertex 148 -74 6.6
      vertex 142 -68 6.6
      vertex 142 -74 6.6
    endloop
  endfacet
  facet normal -1 0 0
    outer loop
      vertex 142 -74 3
      vertex 142 -68 6.6
      vertex 142 -68 3
    endloop
  endfacet
  facet normal -1 -0 0
    outer loop
      vertex 142 -68 6.6
      vertex 142 -74 3
      vertex 142 -74 6.6
    endloop
  endfacet
  facet normal 0 -1 0
    outer loop
      vertex 142 -74 3
      vertex 148 -74 6.6
      vertex 142 -74 6.6
    endloop
  endfacet
  facet normal 0 -1 -0
    outer loop
      vertex 148 -74 6.6
      vertex 142 -74 3
      vertex 148 -74 3
    endloop
  endfacet
  facet normal 0 1 -0
    outer loop
      vertex 148 -68 3
      vertex 142 -68 6.6
      vertex 148 -68 6.6
    endloop
  endfacet
  facet normal 0 1 0
    outer loop
      vertex 142 -68 6.6
      vertex 148 -68 3
      vertex 142 -68 3
    endloop
  endfacet
  facet normal -1 0 0
    outer loop
      vertex 135 -34.6 1.14441e-07
      vertex 135 -74.5 3
      vertex 135 -34.6 3
    endloop
  endfacet
  facet normal -1 0 0
    outer loop
      vertex 135 -74.5 3
      vertex 135 -76 3
      vertex 135 -74.5 7
    endloop
  endfacet
  facet normal -1 0 0
    outer loop
      vertex 135 -81 1.14441e-07
      vertex 135 -74.5 3
      vertex 135 -34.6 1.14441e-07
    endloop
  endfacet
  facet normal -1 -0 0
    outer loop
      vertex 135 -74.5 3
      vertex 135 -81 1.14441e-07
      vertex 135 -76 3
    endloop
  endfacet
  facet normal -1 -0 0
    outer loop
      vertex 135 -76 3
      vertex 135 -81 1.14441e-07
      vertex 135 -81 3
    endloop
  endfacet
  facet normal -1 -0 0
    outer loop
      vertex 135 -74.5 7
      vertex 135 -76 3
      vertex 135 -76 7
    endloop
  endfacet
  facet normal -1 0 0
    outer loop
      vertex 135 167 1.14441e-07
      vertex 135 162 3
      vertex 135 167 3
    endloop
  endfacet
  facet normal -1 0 0
    outer loop
      vertex 135 162 3
      vertex 135 160.5 3
      vertex 135 162 7
    endloop
  endfacet
  facet normal -1 0 0
    outer loop
      vertex 135 167 1.14441e-07
      vertex 135 160.5 3
      vertex 135 162 3
    endloop
  endfacet
  facet normal -1 0 0
    outer loop
      vertex 135 120.6 1.14441e-07
      vertex 135 160.5 3
      vertex 135 167 1.14441e-07
    endloop
  endfacet
  facet normal -1 -0 0
    outer loop
      vertex 135 160.5 3
      vertex 135 120.6 1.14441e-07
      vertex 135 120.6 3
    endloop
  endfacet
  facet normal -1 -0 0
    outer loop
      vertex 135 162 7
      vertex 135 160.5 3
      vertex 135 160.5 7
    endloop
  endfacet
  facet normal -1 0 0
    outer loop
      vertex 135 71 1.14441e-07
      vertex 135 114.2 3
      vertex 135 114.2 1.14441e-07
    endloop
  endfacet
  facet normal -1 -0 0
    outer loop
      vertex 135 114.2 3
      vertex 135 71 1.14441e-07
      vertex 135 71 3
    endloop
  endfacet
  facet normal -1 0 0
    outer loop
      vertex 135 21.4 1.14441e-07
      vertex 135 64.6 3
      vertex 135 64.6 1.14441e-07
    endloop
  endfacet
  facet normal -1 -0 0
    outer loop
      vertex 135 64.6 3
      vertex 135 21.4 1.14441e-07
      vertex 135 21.4 3
    endloop
  endfacet
  facet normal -1 0 0
    outer loop
      vertex 135 -28.2 1.14441e-07
      vertex 135 15 3
      vertex 135 15 1.14441e-07
    endloop
  endfacet
  facet normal -1 -0 0
    outer loop
      vertex 135 15 3
      vertex 135 -28.2 1.14441e-07
      vertex 135 -28.2 3
    endloop
  endfacet
  facet normal 0.877896 -0.478852 4.72562e-18
    outer loop
      vertex 135.881 120.6 3
      vertex 137.081 122.8 1.14441e-07
      vertex 137.081 122.8 3
    endloop
  endfacet
  facet normal 0.877896 -0.478852 4.72562e-18
    outer loop
      vertex 137.081 122.8 1.14441e-07
      vertex 135.881 120.6 3
      vertex 135.881 120.6 1.14441e-07
    endloop
  endfacet
  facet normal 0 -1 0
    outer loop
      vertex 137.081 122.8 1.14441e-07
      vertex 141.7 122.8 3
      vertex 137.081 122.8 3
    endloop
  endfacet
  facet normal 0 -1 -0
    outer loop
      vertex 141.7 122.8 3
      vertex 137.081 122.8 1.14441e-07
      vertex 141.7 122.8 1.14441e-07
    endloop
  endfacet
  facet normal -1 0 0
    outer loop
      vertex 141.7 112 1.14441e-07
      vertex 141.7 122.8 3
      vertex 141.7 122.8 1.14441e-07
    endloop
  endfacet
  facet normal -1 -0 0
    outer loop
      vertex 141.7 122.8 3
      vertex 141.7 112 1.14441e-07
      vertex 141.7 112 3
    endloop
  endfacet
  facet normal 0 1 -0
    outer loop
      vertex 141.7 112 1.14441e-07
      vertex 137.081 112 3
      vertex 141.7 112 3
    endloop
  endfacet
  facet normal 0 1 0
    outer loop
      vertex 137.081 112 3
      vertex 141.7 112 1.14441e-07
      vertex 137.081 112 1.14441e-07
    endloop
  endfacet
  facet normal 0.877896 0.478852 -4.72562e-18
    outer loop
      vertex 137.081 112 3
      vertex 135.881 114.2 1.14441e-07
      vertex 135.881 114.2 3
    endloop
  endfacet
  facet normal 0.877896 0.478852 -4.72562e-18
    outer loop
      vertex 135.881 114.2 1.14441e-07
      vertex 137.081 112 3
      vertex 137.081 112 1.14441e-07
    endloop
  endfacet
  facet normal 0 1 -0
    outer loop
      vertex 135.881 114.2 1.14441e-07
      vertex 135 114.2 3
      vertex 135.881 114.2 3
    endloop
  endfacet
  facet normal 0 1 0
    outer loop
      vertex 135 114.2 3
      vertex 135.881 114.2 1.14441e-07
      vertex 135 114.2 1.14441e-07
    endloop
  endfacet
  facet normal 0 -1 0
    outer loop
      vertex 135 120.6 1.14441e-07
      vertex 135.881 120.6 3
      vertex 135 120.6 3
    endloop
  endfacet
  facet normal 0 -1 -0
    outer loop
      vertex 135.881 120.6 3
      vertex 135 120.6 1.14441e-07
      vertex 135.881 120.6 1.14441e-07
    endloop
  endfacet
  facet normal 0.877896 -0.478852 4.72562e-18
    outer loop
      vertex 135.881 71 3
      vertex 137.081 73.2 1.14441e-07
      vertex 137.081 73.2 3
    endloop
  endfacet
  facet normal 0.877896 -0.478852 4.72562e-18
    outer loop
      vertex 137.081 73.2 1.14441e-07
      vertex 135.881 71 3
      vertex 135.881 71 1.14441e-07
    endloop
  endfacet
  facet normal 0 -1 0
    outer loop
      vertex 137.081 73.2 1.14441e-07
      vertex 141.7 73.2 3
      vertex 137.081 73.2 3
    endloop
  endfacet
  facet normal 0 -1 -0
    outer loop
      vertex 141.7 73.2 3
      vertex 137.081 73.2 1.14441e-07
      vertex 141.7 73.2 1.14441e-07
    endloop
  endfacet
  facet normal -1 0 0
    outer loop
      vertex 141.7 62.4 1.14441e-07
      vertex 141.7 73.2 3
      vertex 141.7 73.2 1.14441e-07
    endloop
  endfacet
  facet normal -1 -0 0
    outer loop
      vertex 141.7 73.2 3
      vertex 141.7 62.4 1.14441e-07
      vertex 141.7 62.4 3
    endloop
  endfacet
  facet normal 0 1 -0
    outer loop
      vertex 141.7 62.4 1.14441e-07
      vertex 137.081 62.4 3
      vertex 141.7 62.4 3
    endloop
  endfacet
  facet normal 0 1 0
    outer loop
      vertex 137.081 62.4 3
      vertex 141.7 62.4 1.14441e-07
      vertex 137.081 62.4 1.14441e-07
    endloop
  endfacet
  facet normal 0.877896 0.478852 7.08844e-18
    outer loop
      vertex 137.081 62.4 3
      vertex 135.881 64.6 1.14441e-07
      vertex 135.881 64.6 3
    endloop
  endfacet
  facet normal 0.877896 0.478852 7.08844e-18
    outer loop
      vertex 135.881 64.6 1.14441e-07
      vertex 137.081 62.4 3
      vertex 137.081 62.4 1.14441e-07
    endloop
  endfacet
  facet normal 0 1 -0
    outer loop
      vertex 135.881 64.6 1.14441e-07
      vertex 135 64.6 3
      vertex 135.881 64.6 3
    endloop
  endfacet
  facet normal 0 1 0
    outer loop
      vertex 135 64.6 3
      vertex 135.881 64.6 1.14441e-07
      vertex 135 64.6 1.14441e-07
    endloop
  endfacet
  facet normal 0 -1 0
    outer loop
      vertex 135 71 1.14441e-07
      vertex 135.881 71 3
      vertex 135 71 3
    endloop
  endfacet
  facet normal 0 -1 -0
    outer loop
      vertex 135.881 71 3
      vertex 135 71 1.14441e-07
      vertex 135.881 71 1.14441e-07
    endloop
  endfacet
  facet normal 0.877896 -0.478852 4.72562e-18
    outer loop
      vertex 135.881 21.4 3
      vertex 137.081 23.6 1.14441e-07
      vertex 137.081 23.6 3
    endloop
  endfacet
  facet normal 0.877896 -0.478852 4.72562e-18
    outer loop
      vertex 137.081 23.6 1.14441e-07
      vertex 135.881 21.4 3
      vertex 135.881 21.4 1.14441e-07
    endloop
  endfacet
  facet normal 0 -1 0
    outer loop
      vertex 137.081 23.6 1.14441e-07
      vertex 141.7 23.6 3
      vertex 137.081 23.6 3
    endloop
  endfacet
  facet normal 0 -1 -0
    outer loop
      vertex 141.7 23.6 3
      vertex 137.081 23.6 1.14441e-07
      vertex 141.7 23.6 1.14441e-07
    endloop
  endfacet
  facet normal -1 0 0
    outer loop
      vertex 141.7 12.8 1.14441e-07
      vertex 141.7 23.6 3
      vertex 141.7 23.6 1.14441e-07
    endloop
  endfacet
  facet normal -1 -0 0
    outer loop
      vertex 141.7 23.6 3
      vertex 141.7 12.8 1.14441e-07
      vertex 141.7 12.8 3
    endloop
  endfacet
  facet normal 0 1 -0
    outer loop
      vertex 141.7 12.8 1.14441e-07
      vertex 137.081 12.8 3
      vertex 141.7 12.8 3
    endloop
  endfacet
  facet normal 0 1 0
    outer loop
      vertex 137.081 12.8 3
      vertex 141.7 12.8 1.14441e-07
      vertex 137.081 12.8 1.14441e-07
    endloop
  endfacet
  facet normal 0.877896 0.478852 -2.83537e-17
    outer loop
      vertex 137.081 12.8 3
      vertex 135.881 15 1.14441e-07
      vertex 135.881 15 3
    endloop
  endfacet
  facet normal 0.877896 0.478852 -2.83537e-17
    outer loop
      vertex 135.881 15 1.14441e-07
      vertex 137.081 12.8 3
      vertex 137.081 12.8 1.14441e-07
    endloop
  endfacet
  facet normal 0 1 -0
    outer loop
      vertex 135.881 15 1.14441e-07
      vertex 135 15 3
      vertex 135.881 15 3
    endloop
  endfacet
  facet normal 0 1 0
    outer loop
      vertex 135 15 3
      vertex 135.881 15 1.14441e-07
      vertex 135 15 1.14441e-07
    endloop
  endfacet
  facet normal 0 -1 0
    outer loop
      vertex 135 21.4 1.14441e-07
      vertex 135.881 21.4 3
      vertex 135 21.4 3
    endloop
  endfacet
  facet normal 0 -1 -0
    outer loop
      vertex 135.881 21.4 3
      vertex 135 21.4 1.14441e-07
      vertex 135.881 21.4 1.14441e-07
    endloop
  endfacet
  facet normal 0 -1 0
    outer loop
      vertex 138.7 -26 1.14441e-07
      vertex 141.7 -26 3
      vertex 138.7 -26 3
    endloop
  endfacet
  facet normal 0 -1 -0
    outer loop
      vertex 141.7 -26 3
      vertex 138.7 -26 1.14441e-07
      vertex 141.7 -26 1.14441e-07
    endloop
  endfacet
  facet normal -1 0 0
    outer loop
      vertex 141.7 -36.8 1.14441e-07
      vertex 141.7 -26 3
      vertex 141.7 -26 1.14441e-07
    endloop
  endfacet
  facet normal -1 -0 0
    outer loop
      vertex 141.7 -26 3
      vertex 141.7 -36.8 1.14441e-07
      vertex 141.7 -36.8 3
    endloop
  endfacet
  facet normal 0 1 -0
    outer loop
      vertex 141.7 -36.8 1.14441e-07
      vertex 137.081 -36.8 3
      vertex 141.7 -36.8 3
    endloop
  endfacet
  facet normal 0 1 0
    outer loop
      vertex 137.081 -36.8 3
      vertex 141.7 -36.8 1.14441e-07
      vertex 137.081 -36.8 1.14441e-07
    endloop
  endfacet
  facet normal 0.877896 0.478852 7.08844e-18
    outer loop
      vertex 137.081 -36.8 3
      vertex 135.881 -34.6 1.14441e-07
      vertex 135.881 -34.6 3
    endloop
  endfacet
  facet normal 0.877896 0.478852 7.08844e-18
    outer loop
      vertex 135.881 -34.6 1.14441e-07
      vertex 137.081 -36.8 3
      vertex 137.081 -36.8 1.14441e-07
    endloop
  endfacet
  facet normal 0 1 -0
    outer loop
      vertex 135.881 -34.6 1.14441e-07
      vertex 135 -34.6 3
      vertex 135.881 -34.6 3
    endloop
  endfacet
  facet normal 0 1 0
    outer loop
      vertex 135 -34.6 3
      vertex 135.881 -34.6 1.14441e-07
      vertex 135 -34.6 1.14441e-07
    endloop
  endfacet
  facet normal 0 -1 0
    outer loop
      vertex 135 -28.2 1.14441e-07
      vertex 135.7 -28.2 3
      vertex 135 -28.2 3
    endloop
  endfacet
  facet normal 0 -1 -0
    outer loop
      vertex 135.7 -28.2 3
      vertex 135 -28.2 1.14441e-07
      vertex 135.7 -28.2 1.14441e-07
    endloop
  endfacet
endsolid OpenSCAD_Model
