solid OpenSCAD_Model
  facet normal -0.972364 0.233468 -3.12613e-19
    outer loop
      vertex 11.9021 9.3820 0.0000
      vertex 11.9754 9.6871 5.6000
      vertex 11.9754 9.6871 0.0000
    endloop
  endfacet
  facet normal -0.972364 0.233468 -3.12613e-19
    outer loop
      vertex 11.9754 9.6871 5.6000
      vertex 11.9021 9.3820 0.0000
      vertex 11.9021 9.3820 5.6000
    endloop
  endfacet
  facet normal -0.972364 -0.233468 3.12613e-19
    outer loop
      vertex 11.9754 10.3129 0.0000
      vertex 11.9021 10.6180 5.6000
      vertex 11.9021 10.6180 0.0000
    endloop
  endfacet
  facet normal -0.972364 -0.233468 3.12613e-19
    outer loop
      vertex 11.9021 10.6180 5.6000
      vertex 11.9754 10.3129 0.0000
      vertex 11.9754 10.3129 5.6000
    endloop
  endfacet
  facet normal -0.996918 -0.0784483 -1.16233e-19
    outer loop
      vertex 12.0000 10.0000 0.0000
      vertex 11.9754 10.3129 5.6000
      vertex 11.9754 10.3129 0.0000
    endloop
  endfacet
  facet normal -0.996918 -0.0784483 -1.16233e-19
    outer loop
      vertex 11.9754 10.3129 5.6000
      vertex 12.0000 10.0000 0.0000
      vertex 12.0000 10.0000 5.6000
    endloop
  endfacet
  facet normal -0.923881 -0.38268 -4.41497e-19
    outer loop
      vertex 11.9021 10.6180 0.0000
      vertex 11.7820 10.9080 5.6000
      vertex 11.7820 10.9080 0.0000
    endloop
  endfacet
  facet normal -0.923881 -0.38268 -4.41497e-19
    outer loop
      vertex 11.7820 10.9080 5.6000
      vertex 11.9021 10.6180 0.0000
      vertex 11.9021 10.6180 5.6000
    endloop
  endfacet
  facet normal 0.923881 0.38268 7.01447e-21
    outer loop
      vertex 8.2180 9.0920 5.6000
      vertex 8.0979 9.3820 0.0000
      vertex 8.0979 9.3820 5.6000
    endloop
  endfacet
  facet normal 0.923881 0.38268 7.01447e-21
    outer loop
      vertex 8.0979 9.3820 0.0000
      vertex 8.2180 9.0920 5.6000
      vertex 8.2180 9.0920 0.0000
    endloop
  endfacet
  facet normal 0.649452 0.760403 -0
    outer loop
      vertex 8.8244 8.3820 0.0000
      vertex 8.5858 8.5858 5.6000
      vertex 8.8244 8.3820 5.6000
    endloop
  endfacet
  facet normal 0.649452 0.760403 0
    outer loop
      vertex 8.5858 8.5858 5.6000
      vertex 8.8244 8.3820 0.0000
      vertex 8.5858 8.5858 0.0000
    endloop
  endfacet
  facet normal 0.233468 -0.972364 0
    outer loop
      vertex 9.3820 11.9021 0.0000
      vertex 9.6871 11.9754 5.6000
      vertex 9.3820 11.9021 5.6000
    endloop
  endfacet
  facet normal 0.233468 -0.972364 0
    outer loop
      vertex 9.6871 11.9754 5.6000
      vertex 9.3820 11.9021 0.0000
      vertex 9.6871 11.9754 0.0000
    endloop
  endfacet
  facet normal -0.0784483 0.996918 0
    outer loop
      vertex 10.3129 8.0246 0.0000
      vertex 10.0000 8.0000 5.6000
      vertex 10.3129 8.0246 5.6000
    endloop
  endfacet
  facet normal -0.0784483 0.996918 0
    outer loop
      vertex 10.0000 8.0000 5.6000
      vertex 10.3129 8.0246 0.0000
      vertex 10.0000 8.0000 0.0000
    endloop
  endfacet
  facet normal 0.760403 -0.649452 -1.18004e-18
    outer loop
      vertex 8.3820 11.1756 5.6000
      vertex 8.5858 11.4142 0.0000
      vertex 8.5858 11.4142 5.6000
    endloop
  endfacet
  facet normal 0.760403 -0.649452 -1.18004e-18
    outer loop
      vertex 8.5858 11.4142 0.0000
      vertex 8.3820 11.1756 5.6000
      vertex 8.3820 11.1756 0.0000
    endloop
  endfacet
  facet normal -0.852639 -0.5225 2.40109e-19
    outer loop
      vertex 11.7820 10.9080 0.0000
      vertex 11.6180 11.1756 5.6000
      vertex 11.6180 11.1756 0.0000
    endloop
  endfacet
  facet normal -0.852639 -0.5225 2.40109e-19
    outer loop
      vertex 11.6180 11.1756 5.6000
      vertex 11.7820 10.9080 0.0000
      vertex 11.7820 10.9080 5.6000
    endloop
  endfacet
  facet normal -0.923881 0.38268 4.41497e-19
    outer loop
      vertex 11.7820 9.0920 0.0000
      vertex 11.9021 9.3820 5.6000
      vertex 11.9021 9.3820 0.0000
    endloop
  endfacet
  facet normal -0.923881 0.38268 4.41497e-19
    outer loop
      vertex 11.9021 9.3820 5.6000
      vertex 11.7820 9.0920 0.0000
      vertex 11.7820 9.0920 5.6000
    endloop
  endfacet
  facet normal -0.760403 -0.649452 1.02336e-19
    outer loop
      vertex 11.6180 11.1756 0.0000
      vertex 11.4142 11.4142 5.6000
      vertex 11.4142 11.4142 0.0000
    endloop
  endfacet
  facet normal -0.760403 -0.649452 1.02336e-19
    outer loop
      vertex 11.4142 11.4142 5.6000
      vertex 11.6180 11.1756 0.0000
      vertex 11.6180 11.1756 5.6000
    endloop
  endfacet
  facet normal -0.233468 -0.972364 0
    outer loop
      vertex 10.3129 11.9754 0.0000
      vertex 10.6180 11.9021 5.6000
      vertex 10.3129 11.9754 5.6000
    endloop
  endfacet
  facet normal -0.233468 -0.972364 -0
    outer loop
      vertex 10.6180 11.9021 5.6000
      vertex 10.3129 11.9754 0.0000
      vertex 10.6180 11.9021 0.0000
    endloop
  endfacet
  facet normal -0.852639 0.5225 1.71314e-18
    outer loop
      vertex 11.6180 8.8244 0.0000
      vertex 11.7820 9.0920 5.6000
      vertex 11.7820 9.0920 0.0000
    endloop
  endfacet
  facet normal -0.852639 0.5225 1.71314e-18
    outer loop
      vertex 11.7820 9.0920 5.6000
      vertex 11.6180 8.8244 0.0000
      vertex 11.6180 8.8244 5.6000
    endloop
  endfacet
  facet normal -0.38268 0.923881 0
    outer loop
      vertex 10.9080 8.2180 0.0000
      vertex 10.6180 8.0979 5.6000
      vertex 10.9080 8.2180 5.6000
    endloop
  endfacet
  facet normal -0.38268 0.923881 0
    outer loop
      vertex 10.6180 8.0979 5.6000
      vertex 10.9080 8.2180 0.0000
      vertex 10.6180 8.0979 0.0000
    endloop
  endfacet
  facet normal 0.972364 0.233468 3.12613e-19
    outer loop
      vertex 8.0979 9.3820 5.6000
      vertex 8.0246 9.6871 0.0000
      vertex 8.0246 9.6871 5.6000
    endloop
  endfacet
  facet normal 0.972364 0.233468 3.12613e-19
    outer loop
      vertex 8.0246 9.6871 0.0000
      vertex 8.0979 9.3820 5.6000
      vertex 8.0979 9.3820 0.0000
    endloop
  endfacet
  facet normal 0.0784483 -0.996918 0
    outer loop
      vertex 9.6871 11.9754 0.0000
      vertex 10.0000 12.0000 5.6000
      vertex 9.6871 11.9754 5.6000
    endloop
  endfacet
  facet normal 0.0784483 -0.996918 0
    outer loop
      vertex 10.0000 12.0000 5.6000
      vertex 9.6871 11.9754 0.0000
      vertex 10.0000 12.0000 0.0000
    endloop
  endfacet
  facet normal 0.0784483 0.996918 -0
    outer loop
      vertex 10.0000 8.0000 0.0000
      vertex 9.6871 8.0246 5.6000
      vertex 10.0000 8.0000 5.6000
    endloop
  endfacet
  facet normal 0.0784483 0.996918 0
    outer loop
      vertex 9.6871 8.0246 5.6000
      vertex 10.0000 8.0000 0.0000
      vertex 9.6871 8.0246 0.0000
    endloop
  endfacet
  facet normal 0.972364 -0.233468 -3.12613e-19
    outer loop
      vertex 8.0246 10.3129 5.6000
      vertex 8.0979 10.6180 0.0000
      vertex 8.0979 10.6180 5.6000
    endloop
  endfacet
  facet normal 0.972364 -0.233468 -3.12613e-19
    outer loop
      vertex 8.0979 10.6180 0.0000
      vertex 8.0246 10.3129 5.6000
      vertex 8.0246 10.3129 0.0000
    endloop
  endfacet
  facet normal 0.649452 -0.760403 0
    outer loop
      vertex 8.5858 11.4142 0.0000
      vertex 8.8244 11.6180 5.6000
      vertex 8.5858 11.4142 5.6000
    endloop
  endfacet
  facet normal 0.649452 -0.760403 0
    outer loop
      vertex 8.8244 11.6180 5.6000
      vertex 8.5858 11.4142 0.0000
      vertex 8.8244 11.6180 0.0000
    endloop
  endfacet
  facet normal -0.5225 -0.852639 0
    outer loop
      vertex 10.9080 11.7820 0.0000
      vertex 11.1756 11.6180 5.6000
      vertex 10.9080 11.7820 5.6000
    endloop
  endfacet
  facet normal -0.5225 -0.852639 -0
    outer loop
      vertex 11.1756 11.6180 5.6000
      vertex 10.9080 11.7820 0.0000
      vertex 11.1756 11.6180 0.0000
    endloop
  endfacet
  facet normal 0.5225 0.852639 -0
    outer loop
      vertex 9.0920 8.2180 0.0000
      vertex 8.8244 8.3820 5.6000
      vertex 9.0920 8.2180 5.6000
    endloop
  endfacet
  facet normal 0.5225 0.852639 0
    outer loop
      vertex 8.8244 8.3820 5.6000
      vertex 9.0920 8.2180 0.0000
      vertex 8.8244 8.3820 0.0000
    endloop
  endfacet
  facet normal -0.760403 0.649452 -1.02336e-19
    outer loop
      vertex 11.4142 8.5858 0.0000
      vertex 11.6180 8.8244 5.6000
      vertex 11.6180 8.8244 0.0000
    endloop
  endfacet
  facet normal -0.760403 0.649452 -1.02336e-19
    outer loop
      vertex 11.6180 8.8244 5.6000
      vertex 11.4142 8.5858 0.0000
      vertex 11.4142 8.5858 5.6000
    endloop
  endfacet
  facet normal -0.5225 0.852639 0
    outer loop
      vertex 11.1756 8.3820 0.0000
      vertex 10.9080 8.2180 5.6000
      vertex 11.1756 8.3820 5.6000
    endloop
  endfacet
  facet normal -0.5225 0.852639 0
    outer loop
      vertex 10.9080 8.2180 5.6000
      vertex 11.1756 8.3820 0.0000
      vertex 10.9080 8.2180 0.0000
    endloop
  endfacet
  facet normal -0.996918 0.0784483 1.16233e-19
    outer loop
      vertex 11.9754 9.6871 0.0000
      vertex 12.0000 10.0000 5.6000
      vertex 12.0000 10.0000 0.0000
    endloop
  endfacet
  facet normal -0.996918 0.0784483 1.16233e-19
    outer loop
      vertex 12.0000 10.0000 5.6000
      vertex 11.9754 9.6871 0.0000
      vertex 11.9754 9.6871 5.6000
    endloop
  endfacet
  facet normal 0.5225 -0.852639 0
    outer loop
      vertex 8.8244 11.6180 0.0000
      vertex 9.0920 11.7820 5.6000
      vertex 8.8244 11.6180 5.6000
    endloop
  endfacet
  facet normal 0.5225 -0.852639 0
    outer loop
      vertex 9.0920 11.7820 5.6000
      vertex 8.8244 11.6180 0.0000
      vertex 9.0920 11.7820 0.0000
    endloop
  endfacet
  facet normal -0.649452 -0.760403 0
    outer loop
      vertex 11.1756 11.6180 0.0000
      vertex 11.4142 11.4142 5.6000
      vertex 11.1756 11.6180 5.6000
    endloop
  endfacet
  facet normal -0.649452 -0.760403 -0
    outer loop
      vertex 11.4142 11.4142 5.6000
      vertex 11.1756 11.6180 0.0000
      vertex 11.4142 11.4142 0.0000
    endloop
  endfacet
  facet normal -0.38268 -0.923881 0
    outer loop
      vertex 10.6180 11.9021 0.0000
      vertex 10.9080 11.7820 5.6000
      vertex 10.6180 11.9021 5.6000
    endloop
  endfacet
  facet normal -0.38268 -0.923881 -0
    outer loop
      vertex 10.9080 11.7820 5.6000
      vertex 10.6180 11.9021 0.0000
      vertex 10.9080 11.7820 0.0000
    endloop
  endfacet
  facet normal 0.923881 -0.38268 -7.01447e-21
    outer loop
      vertex 8.0979 10.6180 5.6000
      vertex 8.2180 10.9080 0.0000
      vertex 8.2180 10.9080 5.6000
    endloop
  endfacet
  facet normal 0.923881 -0.38268 -7.01447e-21
    outer loop
      vertex 8.2180 10.9080 0.0000
      vertex 8.0979 10.6180 5.6000
      vertex 8.0979 10.6180 0.0000
    endloop
  endfacet
  facet normal -0.233468 0.972364 0
    outer loop
      vertex 10.6180 8.0979 0.0000
      vertex 10.3129 8.0246 5.6000
      vertex 10.6180 8.0979 5.6000
    endloop
  endfacet
  facet normal -0.233468 0.972364 0
    outer loop
      vertex 10.3129 8.0246 5.6000
      vertex 10.6180 8.0979 0.0000
      vertex 10.3129 8.0246 0.0000
    endloop
  endfacet
  facet normal -0.0784483 -0.996918 0
    outer loop
      vertex 10.0000 12.0000 0.0000
      vertex 10.3129 11.9754 5.6000
      vertex 10.0000 12.0000 5.6000
    endloop
  endfacet
  facet normal -0.0784483 -0.996918 -0
    outer loop
      vertex 10.3129 11.9754 5.6000
      vertex 10.0000 12.0000 0.0000
      vertex 10.3129 11.9754 0.0000
    endloop
  endfacet
  facet normal 0.38268 -0.923881 0
    outer loop
      vertex 9.0920 11.7820 0.0000
      vertex 9.3820 11.9021 5.6000
      vertex 9.0920 11.7820 5.6000
    endloop
  endfacet
  facet normal 0.38268 -0.923881 0
    outer loop
      vertex 9.3820 11.9021 5.6000
      vertex 9.0920 11.7820 0.0000
      vertex 9.3820 11.9021 0.0000
    endloop
  endfacet
  facet normal 0.233468 0.972364 -0
    outer loop
      vertex 9.6871 8.0246 0.0000
      vertex 9.3820 8.0979 5.6000
      vertex 9.6871 8.0246 5.6000
    endloop
  endfacet
  facet normal 0.233468 0.972364 0
    outer loop
      vertex 9.3820 8.0979 5.6000
      vertex 9.6871 8.0246 0.0000
      vertex 9.3820 8.0979 0.0000
    endloop
  endfacet
  facet normal 0.852639 0.5225 1.73852e-18
    outer loop
      vertex 8.3820 8.8244 5.6000
      vertex 8.2180 9.0920 0.0000
      vertex 8.2180 9.0920 5.6000
    endloop
  endfacet
  facet normal 0.852639 0.5225 1.73852e-18
    outer loop
      vertex 8.2180 9.0920 0.0000
      vertex 8.3820 8.8244 5.6000
      vertex 8.3820 8.8244 0.0000
    endloop
  endfacet
  facet normal 0.760403 0.649452 1.18004e-18
    outer loop
      vertex 8.5858 8.5858 5.6000
      vertex 8.3820 8.8244 0.0000
      vertex 8.3820 8.8244 5.6000
    endloop
  endfacet
  facet normal 0.760403 0.649452 1.18004e-18
    outer loop
      vertex 8.3820 8.8244 0.0000
      vertex 8.5858 8.5858 5.6000
      vertex 8.5858 8.5858 0.0000
    endloop
  endfacet
  facet normal 0.996918 0.0784483 -2.09726e-19
    outer loop
      vertex 8.0246 9.6871 5.6000
      vertex 8.0000 10.0000 0.0000
      vertex 8.0000 10.0000 5.6000
    endloop
  endfacet
  facet normal 0.996918 0.0784483 -2.09726e-19
    outer loop
      vertex 8.0000 10.0000 0.0000
      vertex 8.0246 9.6871 5.6000
      vertex 8.0246 9.6871 0.0000
    endloop
  endfacet
  facet normal 0 0 -1
    outer loop
      vertex 11.6000 10.0000 5.6000
      vertex 12.0000 10.0000 5.6000
      vertex 11.9754 9.6871 5.6000
    endloop
  endfacet
  facet normal 0 0 -1
    outer loop
      vertex 11.5650 9.6673 5.6000
      vertex 11.9754 9.6871 5.6000
      vertex 11.9021 9.3820 5.6000
    endloop
  endfacet
  facet normal 0 0 -1
    outer loop
      vertex 12.0000 10.0000 5.6000
      vertex 11.6000 10.0000 5.6000
      vertex 11.9754 10.3129 5.6000
    endloop
  endfacet
  facet normal 0 0 -1
    outer loop
      vertex 11.4617 9.3492 5.6000
      vertex 11.9021 9.3820 5.6000
      vertex 11.7820 9.0920 5.6000
    endloop
  endfacet
  facet normal 0 0 -1
    outer loop
      vertex 11.5650 10.3327 5.6000
      vertex 11.9754 10.3129 5.6000
      vertex 11.6000 10.0000 5.6000
    endloop
  endfacet
  facet normal 0 0 -1
    outer loop
      vertex 11.2944 9.0595 5.6000
      vertex 11.7820 9.0920 5.6000
      vertex 11.6180 8.8244 5.6000
    endloop
  endfacet
  facet normal 0 0 -1
    outer loop
      vertex 11.9754 10.3129 5.6000
      vertex 11.5650 10.3327 5.6000
      vertex 11.9021 10.6180 5.6000
    endloop
  endfacet
  facet normal 0 0 -1
    outer loop
      vertex 11.4617 10.6508 5.6000
      vertex 11.9021 10.6180 5.6000
      vertex 11.5650 10.3327 5.6000
    endloop
  endfacet
  facet normal -0 0 -1
    outer loop
      vertex 11.9754 9.6871 5.6000
      vertex 11.5650 9.6673 5.6000
      vertex 11.6000 10.0000 5.6000
    endloop
  endfacet
  facet normal -0 0 -1
    outer loop
      vertex 11.9021 9.3820 5.6000
      vertex 11.4617 9.3492 5.6000
      vertex 11.5650 9.6673 5.6000
    endloop
  endfacet
  facet normal 0 0 -1
    outer loop
      vertex 11.2944 9.0595 5.6000
      vertex 11.6180 8.8244 5.6000
      vertex 11.4142 8.5858 5.6000
    endloop
  endfacet
  facet normal -0 0 -1
    outer loop
      vertex 11.7820 9.0920 5.6000
      vertex 11.2944 9.0595 5.6000
      vertex 11.4617 9.3492 5.6000
    endloop
  endfacet
  facet normal 0 0 -1
    outer loop
      vertex 11.0706 8.8110 5.6000
      vertex 11.4142 8.5858 5.6000
      vertex 11.1756 8.3820 5.6000
    endloop
  endfacet
  facet normal 0 0 -1
    outer loop
      vertex 11.4142 8.5858 5.6000
      vertex 11.0706 8.8110 5.6000
      vertex 11.2944 9.0595 5.6000
    endloop
  endfacet
  facet normal 0 0 -1
    outer loop
      vertex 10.8000 8.6144 5.6000
      vertex 11.1756 8.3820 5.6000
      vertex 10.9080 8.2180 5.6000
    endloop
  endfacet
  facet normal 0 0 -1
    outer loop
      vertex 11.1756 8.3820 5.6000
      vertex 10.8000 8.6144 5.6000
      vertex 11.0706 8.8110 5.6000
    endloop
  endfacet
  facet normal 0 0 -1
    outer loop
      vertex 10.4944 8.4783 5.6000
      vertex 10.9080 8.2180 5.6000
      vertex 10.6180 8.0979 5.6000
    endloop
  endfacet
  facet normal 0 0 -1
    outer loop
      vertex 10.9080 8.2180 5.6000
      vertex 10.4944 8.4783 5.6000
      vertex 10.8000 8.6144 5.6000
    endloop
  endfacet
  facet normal 0 0 -1
    outer loop
      vertex 10.3129 8.0246 5.6000
      vertex 10.4944 8.4783 5.6000
      vertex 10.6180 8.0979 5.6000
    endloop
  endfacet
  facet normal 0 0 -1
    outer loop
      vertex 10.3129 8.0246 5.6000
      vertex 10.1672 8.4088 5.6000
      vertex 10.4944 8.4783 5.6000
    endloop
  endfacet
  facet normal 0 0 -1
    outer loop
      vertex 10.0000 8.0000 5.6000
      vertex 10.1672 8.4088 5.6000
      vertex 10.3129 8.0246 5.6000
    endloop
  endfacet
  facet normal 0 0 -1
    outer loop
      vertex 10.0000 8.0000 5.6000
      vertex 9.8328 8.4088 5.6000
      vertex 10.1672 8.4088 5.6000
    endloop
  endfacet
  facet normal 0 0 -1
    outer loop
      vertex 9.6871 8.0246 5.6000
      vertex 9.8328 8.4088 5.6000
      vertex 10.0000 8.0000 5.6000
    endloop
  endfacet
  facet normal 0 0 -1
    outer loop
      vertex 9.6871 8.0246 5.6000
      vertex 9.5056 8.4783 5.6000
      vertex 9.8328 8.4088 5.6000
    endloop
  endfacet
  facet normal 0 0 -1
    outer loop
      vertex 9.3820 8.0979 5.6000
      vertex 9.5056 8.4783 5.6000
      vertex 9.6871 8.0246 5.6000
    endloop
  endfacet
  facet normal 0 0 -1
    outer loop
      vertex 9.0920 8.2180 5.6000
      vertex 9.5056 8.4783 5.6000
      vertex 9.3820 8.0979 5.6000
    endloop
  endfacet
  facet normal -0 0 -1
    outer loop
      vertex 9.5056 8.4783 5.6000
      vertex 9.0920 8.2180 5.6000
      vertex 9.2000 8.6144 5.6000
    endloop
  endfacet
  facet normal 0 0 -1
    outer loop
      vertex 8.8244 8.3820 5.6000
      vertex 9.2000 8.6144 5.6000
      vertex 9.0920 8.2180 5.6000
    endloop
  endfacet
  facet normal -0 0 -1
    outer loop
      vertex 9.2000 8.6144 5.6000
      vertex 8.8244 8.3820 5.6000
      vertex 8.9294 8.8110 5.6000
    endloop
  endfacet
  facet normal 0 0 -1
    outer loop
      vertex 8.5858 8.5858 5.6000
      vertex 8.9294 8.8110 5.6000
      vertex 8.8244 8.3820 5.6000
    endloop
  endfacet
  facet normal -0 0 -1
    outer loop
      vertex 8.9294 8.8110 5.6000
      vertex 8.5858 8.5858 5.6000
      vertex 8.7056 9.0595 5.6000
    endloop
  endfacet
  facet normal 0 0 -1
    outer loop
      vertex 8.3820 8.8244 5.6000
      vertex 8.7056 9.0595 5.6000
      vertex 8.5858 8.5858 5.6000
    endloop
  endfacet
  facet normal 0 0 -1
    outer loop
      vertex 8.2180 9.0920 5.6000
      vertex 8.7056 9.0595 5.6000
      vertex 8.3820 8.8244 5.6000
    endloop
  endfacet
  facet normal 0 0 -1
    outer loop
      vertex 8.0979 9.3820 5.6000
      vertex 8.5383 9.3492 5.6000
      vertex 8.2180 9.0920 5.6000
    endloop
  endfacet
  facet normal 0 0 -1
    outer loop
      vertex 8.7056 9.0595 5.6000
      vertex 8.2180 9.0920 5.6000
      vertex 8.5383 9.3492 5.6000
    endloop
  endfacet
  facet normal 0 0 -1
    outer loop
      vertex 11.9021 10.6180 5.6000
      vertex 11.4617 10.6508 5.6000
      vertex 11.7820 10.9080 5.6000
    endloop
  endfacet
  facet normal 0 0 -1
    outer loop
      vertex 11.2944 10.9405 5.6000
      vertex 11.7820 10.9080 5.6000
      vertex 11.4617 10.6508 5.6000
    endloop
  endfacet
  facet normal 0 0 -1
    outer loop
      vertex 11.7820 10.9080 5.6000
      vertex 11.2944 10.9405 5.6000
      vertex 11.6180 11.1756 5.6000
    endloop
  endfacet
  facet normal -0 0 -1
    outer loop
      vertex 11.6180 11.1756 5.6000
      vertex 11.2944 10.9405 5.6000
      vertex 11.4142 11.4142 5.6000
    endloop
  endfacet
  facet normal 0 0 -1
    outer loop
      vertex 11.0706 11.1890 5.6000
      vertex 11.4142 11.4142 5.6000
      vertex 11.2944 10.9405 5.6000
    endloop
  endfacet
  facet normal -0 0 -1
    outer loop
      vertex 11.4142 11.4142 5.6000
      vertex 11.0706 11.1890 5.6000
      vertex 11.1756 11.6180 5.6000
    endloop
  endfacet
  facet normal 0 0 -1
    outer loop
      vertex 10.8000 11.3856 5.6000
      vertex 11.1756 11.6180 5.6000
      vertex 11.0706 11.1890 5.6000
    endloop
  endfacet
  facet normal -0 0 -1
    outer loop
      vertex 11.1756 11.6180 5.6000
      vertex 10.8000 11.3856 5.6000
      vertex 10.9080 11.7820 5.6000
    endloop
  endfacet
  facet normal 0 0 -1
    outer loop
      vertex 10.4944 11.5217 5.6000
      vertex 10.9080 11.7820 5.6000
      vertex 10.8000 11.3856 5.6000
    endloop
  endfacet
  facet normal -0 0 -1
    outer loop
      vertex 10.9080 11.7820 5.6000
      vertex 10.4944 11.5217 5.6000
      vertex 10.6180 11.9021 5.6000
    endloop
  endfacet
  facet normal 0 0 -1
    outer loop
      vertex 10.4944 11.5217 5.6000
      vertex 10.3129 11.9754 5.6000
      vertex 10.6180 11.9021 5.6000
    endloop
  endfacet
  facet normal 0 0 -1
    outer loop
      vertex 10.1672 11.5912 5.6000
      vertex 10.3129 11.9754 5.6000
      vertex 10.4944 11.5217 5.6000
    endloop
  endfacet
  facet normal 0 0 -1
    outer loop
      vertex 10.1672 11.5912 5.6000
      vertex 10.0000 12.0000 5.6000
      vertex 10.3129 11.9754 5.6000
    endloop
  endfacet
  facet normal 0 0 -1
    outer loop
      vertex 9.8328 11.5912 5.6000
      vertex 10.0000 12.0000 5.6000
      vertex 10.1672 11.5912 5.6000
    endloop
  endfacet
  facet normal 0 0 -1
    outer loop
      vertex 9.8328 11.5912 5.6000
      vertex 9.6871 11.9754 5.6000
      vertex 10.0000 12.0000 5.6000
    endloop
  endfacet
  facet normal 0 0 -1
    outer loop
      vertex 9.5056 11.5217 5.6000
      vertex 9.6871 11.9754 5.6000
      vertex 9.8328 11.5912 5.6000
    endloop
  endfacet
  facet normal 0 0 -1
    outer loop
      vertex 9.5056 11.5217 5.6000
      vertex 9.3820 11.9021 5.6000
      vertex 9.6871 11.9754 5.6000
    endloop
  endfacet
  facet normal 0 0 -1
    outer loop
      vertex 9.0920 11.7820 5.6000
      vertex 9.5056 11.5217 5.6000
      vertex 9.2000 11.3856 5.6000
    endloop
  endfacet
  facet normal 0 0 -1
    outer loop
      vertex 9.5056 11.5217 5.6000
      vertex 9.0920 11.7820 5.6000
      vertex 9.3820 11.9021 5.6000
    endloop
  endfacet
  facet normal 0 0 -1
    outer loop
      vertex 8.8244 11.6180 5.6000
      vertex 9.2000 11.3856 5.6000
      vertex 8.9294 11.1890 5.6000
    endloop
  endfacet
  facet normal 0 0 -1
    outer loop
      vertex 9.2000 11.3856 5.6000
      vertex 8.8244 11.6180 5.6000
      vertex 9.0920 11.7820 5.6000
    endloop
  endfacet
  facet normal 0 0 -1
    outer loop
      vertex 8.5858 11.4142 5.6000
      vertex 8.9294 11.1890 5.6000
      vertex 8.7056 10.9405 5.6000
    endloop
  endfacet
  facet normal 0 0 -1
    outer loop
      vertex 8.9294 11.1890 5.6000
      vertex 8.5858 11.4142 5.6000
      vertex 8.8244 11.6180 5.6000
    endloop
  endfacet
  facet normal 0 0 -1
    outer loop
      vertex 8.2180 10.9080 5.6000
      vertex 8.7056 10.9405 5.6000
      vertex 8.5383 10.6508 5.6000
    endloop
  endfacet
  facet normal 0 0 -1
    outer loop
      vertex 8.0979 10.6180 5.6000
      vertex 8.5383 10.6508 5.6000
      vertex 8.4350 10.3327 5.6000
    endloop
  endfacet
  facet normal 0 0 -1
    outer loop
      vertex 8.7056 10.9405 5.6000
      vertex 8.3820 11.1756 5.6000
      vertex 8.5858 11.4142 5.6000
    endloop
  endfacet
  facet normal 0 0 -1
    outer loop
      vertex 8.0246 10.3129 5.6000
      vertex 8.4350 10.3327 5.6000
      vertex 8.4000 10.0000 5.6000
    endloop
  endfacet
  facet normal 0 0 -1
    outer loop
      vertex 8.5383 9.3492 5.6000
      vertex 8.0979 9.3820 5.6000
      vertex 8.4350 9.6673 5.6000
    endloop
  endfacet
  facet normal 0 0 -1
    outer loop
      vertex 8.0246 9.6871 5.6000
      vertex 8.4350 9.6673 5.6000
      vertex 8.0979 9.3820 5.6000
    endloop
  endfacet
  facet normal -0 0 -1
    outer loop
      vertex 8.7056 10.9405 5.6000
      vertex 8.2180 10.9080 5.6000
      vertex 8.3820 11.1756 5.6000
    endloop
  endfacet
  facet normal 0 0 -1
    outer loop
      vertex 8.4350 9.6673 5.6000
      vertex 8.0246 9.6871 5.6000
      vertex 8.4000 10.0000 5.6000
    endloop
  endfacet
  facet normal -0 0 -1
    outer loop
      vertex 8.5383 10.6508 5.6000
      vertex 8.0979 10.6180 5.6000
      vertex 8.2180 10.9080 5.6000
    endloop
  endfacet
  facet normal 0 0 -1
    outer loop
      vertex 8.0000 10.0000 5.6000
      vertex 8.4000 10.0000 5.6000
      vertex 8.0246 9.6871 5.6000
    endloop
  endfacet
  facet normal -0 0 -1
    outer loop
      vertex 8.4350 10.3327 5.6000
      vertex 8.0246 10.3129 5.6000
      vertex 8.0979 10.6180 5.6000
    endloop
  endfacet
  facet normal 0 0 -1
    outer loop
      vertex 8.4000 10.0000 5.6000
      vertex 8.0000 10.0000 5.6000
      vertex 8.0246 10.3129 5.6000
    endloop
  endfacet
  facet normal 0.996918 -0.0784483 2.09726e-19
    outer loop
      vertex 8.0000 10.0000 5.6000
      vertex 8.0246 10.3129 0.0000
      vertex 8.0246 10.3129 5.6000
    endloop
  endfacet
  facet normal 0.996918 -0.0784483 2.09726e-19
    outer loop
      vertex 8.0246 10.3129 0.0000
      vertex 8.0000 10.0000 5.6000
      vertex 8.0000 10.0000 0.0000
    endloop
  endfacet
  facet normal 0.38268 0.923881 -0
    outer loop
      vertex 9.3820 8.0979 0.0000
      vertex 9.0920 8.2180 5.6000
      vertex 9.3820 8.0979 5.6000
    endloop
  endfacet
  facet normal 0.38268 0.923881 0
    outer loop
      vertex 9.0920 8.2180 5.6000
      vertex 9.3820 8.0979 0.0000
      vertex 9.0920 8.2180 0.0000
    endloop
  endfacet
  facet normal 0.852639 -0.5225 2.56415e-19
    outer loop
      vertex 8.2180 10.9080 5.6000
      vertex 8.3820 11.1756 0.0000
      vertex 8.3820 11.1756 5.6000
    endloop
  endfacet
  facet normal 0.852639 -0.5225 2.56415e-19
    outer loop
      vertex 8.3820 11.1756 0.0000
      vertex 8.2180 10.9080 5.6000
      vertex 8.2180 10.9080 0.0000
    endloop
  endfacet
  facet normal -0.649452 0.760403 0
    outer loop
      vertex 11.4142 8.5858 0.0000
      vertex 11.1756 8.3820 5.6000
      vertex 11.4142 8.5858 5.6000
    endloop
  endfacet
  facet normal -0.649452 0.760403 0
    outer loop
      vertex 11.1756 8.3820 5.6000
      vertex 11.4142 8.5858 0.0000
      vertex 11.1756 8.3820 0.0000
    endloop
  endfacet
  facet normal 0.994523 -0.104517 3.85401e-19
    outer loop
      vertex 8.4000 10.0000 10.6000
      vertex 8.4350 10.3327 5.6000
      vertex 8.4350 10.3327 10.6000
    endloop
  endfacet
  facet normal 0.994523 -0.104517 3.85401e-19
    outer loop
      vertex 8.4350 10.3327 5.6000
      vertex 8.4000 10.0000 10.6000
      vertex 8.4000 10.0000 5.6000
    endloop
  endfacet
  facet normal -0.951051 -0.309035 7.0816e-19
    outer loop
      vertex 11.5650 10.3327 5.6000
      vertex 11.4617 10.6508 10.6000
      vertex 11.4617 10.6508 5.6000
    endloop
  endfacet
  facet normal -0.951051 -0.309035 7.0816e-19
    outer loop
      vertex 11.4617 10.6508 10.6000
      vertex 11.5650 10.3327 5.6000
      vertex 11.5650 10.3327 10.6000
    endloop
  endfacet
  facet normal -0.994523 -0.104517 -3.85401e-19
    outer loop
      vertex 11.6000 10.0000 5.6000
      vertex 11.5650 10.3327 10.6000
      vertex 11.5650 10.3327 5.6000
    endloop
  endfacet
  facet normal -0.994523 -0.104517 -3.85401e-19
    outer loop
      vertex 11.5650 10.3327 10.6000
      vertex 11.6000 10.0000 5.6000
      vertex 11.6000 10.0000 10.6000
    endloop
  endfacet
  facet normal -0.866034 -0.499985 -1.64879e-18
    outer loop
      vertex 11.4617 10.6508 5.6000
      vertex 11.2944 10.9405 10.6000
      vertex 11.2944 10.9405 5.6000
    endloop
  endfacet
  facet normal -0.866034 -0.499985 -1.64879e-18
    outer loop
      vertex 11.2944 10.9405 10.6000
      vertex 11.4617 10.6508 5.6000
      vertex 11.4617 10.6508 10.6000
    endloop
  endfacet
  facet normal -0.994523 0.104517 3.85401e-19
    outer loop
      vertex 11.5650 9.6673 5.6000
      vertex 11.6000 10.0000 10.6000
      vertex 11.6000 10.0000 5.6000
    endloop
  endfacet
  facet normal -0.994523 0.104517 3.85401e-19
    outer loop
      vertex 11.6000 10.0000 10.6000
      vertex 11.5650 9.6673 5.6000
      vertex 11.5650 9.6673 10.6000
    endloop
  endfacet
  facet normal -0.743135 -0.669141 -9.35083e-19
    outer loop
      vertex 11.2944 10.9405 5.6000
      vertex 11.0706 11.1890 10.6000
      vertex 11.0706 11.1890 5.6000
    endloop
  endfacet
  facet normal -0.743135 -0.669141 -9.35083e-19
    outer loop
      vertex 11.0706 11.1890 10.6000
      vertex 11.2944 10.9405 5.6000
      vertex 11.2944 10.9405 10.6000
    endloop
  endfacet
  facet normal -0.866034 0.499985 1.64879e-18
    outer loop
      vertex 11.2944 9.0595 5.6000
      vertex 11.4617 9.3492 10.6000
      vertex 11.4617 9.3492 5.6000
    endloop
  endfacet
  facet normal -0.866034 0.499985 1.64879e-18
    outer loop
      vertex 11.4617 9.3492 10.6000
      vertex 11.2944 9.0595 5.6000
      vertex 11.2944 9.0595 10.6000
    endloop
  endfacet
  facet normal -0.207893 -0.978151 0
    outer loop
      vertex 10.1672 11.5912 5.6000
      vertex 10.4944 11.5217 10.6000
      vertex 10.1672 11.5912 10.6000
    endloop
  endfacet
  facet normal -0.207893 -0.978151 -0
    outer loop
      vertex 10.4944 11.5217 10.6000
      vertex 10.1672 11.5912 5.6000
      vertex 10.4944 11.5217 5.6000
    endloop
  endfacet
  facet normal 0.951051 0.309035 -7.84117e-19
    outer loop
      vertex 8.5383 9.3492 10.6000
      vertex 8.4350 9.6673 5.6000
      vertex 8.4350 9.6673 10.6000
    endloop
  endfacet
  facet normal 0.951051 0.309035 -7.84117e-19
    outer loop
      vertex 8.4350 9.6673 5.6000
      vertex 8.5383 9.3492 10.6000
      vertex 8.5383 9.3492 5.6000
    endloop
  endfacet
  facet normal -0.587786 -0.809017 0
    outer loop
      vertex 10.8000 11.3856 5.6000
      vertex 11.0706 11.1890 10.6000
      vertex 10.8000 11.3856 10.6000
    endloop
  endfacet
  facet normal -0.587786 -0.809017 -0
    outer loop
      vertex 11.0706 11.1890 10.6000
      vertex 10.8000 11.3856 5.6000
      vertex 11.0706 11.1890 5.6000
    endloop
  endfacet
  facet normal 0.743135 0.669141 -5.5537e-19
    outer loop
      vertex 8.9294 8.8110 10.6000
      vertex 8.7056 9.0595 5.6000
      vertex 8.7056 9.0595 10.6000
    endloop
  endfacet
  facet normal 0.743135 0.669141 -5.5537e-19
    outer loop
      vertex 8.7056 9.0595 5.6000
      vertex 8.9294 8.8110 10.6000
      vertex 8.9294 8.8110 5.6000
    endloop
  endfacet
  facet normal 0.587786 -0.809017 0
    outer loop
      vertex 8.9294 11.1890 5.6000
      vertex 9.2000 11.3856 10.6000
      vertex 8.9294 11.1890 10.6000
    endloop
  endfacet
  facet normal 0.587786 -0.809017 0
    outer loop
      vertex 9.2000 11.3856 10.6000
      vertex 8.9294 11.1890 5.6000
      vertex 9.2000 11.3856 5.6000
    endloop
  endfacet
  facet normal -0.207893 0.978151 0
    outer loop
      vertex 10.4944 8.4783 5.6000
      vertex 10.1672 8.4088 10.6000
      vertex 10.4944 8.4783 10.6000
    endloop
  endfacet
  facet normal -0.207893 0.978151 0
    outer loop
      vertex 10.1672 8.4088 10.6000
      vertex 10.4944 8.4783 5.6000
      vertex 10.1672 8.4088 5.6000
    endloop
  endfacet
  facet normal -0.743135 0.669141 9.35083e-19
    outer loop
      vertex 11.0706 8.8110 5.6000
      vertex 11.2944 9.0595 10.6000
      vertex 11.2944 9.0595 5.6000
    endloop
  endfacet
  facet normal -0.743135 0.669141 9.35083e-19
    outer loop
      vertex 11.2944 9.0595 10.6000
      vertex 11.0706 8.8110 5.6000
      vertex 11.0706 8.8110 10.6000
    endloop
  endfacet
  facet normal 0.951051 -0.309035 7.84117e-19
    outer loop
      vertex 8.4350 10.3327 10.6000
      vertex 8.5383 10.6508 5.6000
      vertex 8.5383 10.6508 10.6000
    endloop
  endfacet
  facet normal 0.951051 -0.309035 7.84117e-19
    outer loop
      vertex 8.5383 10.6508 5.6000
      vertex 8.4350 10.3327 10.6000
      vertex 8.4350 10.3327 5.6000
    endloop
  endfacet
  facet normal 0.40674 0.913544 -0
    outer loop
      vertex 9.5056 8.4783 5.6000
      vertex 9.2000 8.6144 10.6000
      vertex 9.5056 8.4783 10.6000
    endloop
  endfacet
  facet normal 0.40674 0.913544 0
    outer loop
      vertex 9.2000 8.6144 10.6000
      vertex 9.5056 8.4783 5.6000
      vertex 9.2000 8.6144 5.6000
    endloop
  endfacet
  facet normal 0.40674 -0.913544 0
    outer loop
      vertex 9.2000 11.3856 5.6000
      vertex 9.5056 11.5217 10.6000
      vertex 9.2000 11.3856 10.6000
    endloop
  endfacet
  facet normal 0.40674 -0.913544 0
    outer loop
      vertex 9.5056 11.5217 10.6000
      vertex 9.2000 11.3856 5.6000
      vertex 9.5056 11.5217 5.6000
    endloop
  endfacet
  facet normal -0.40674 0.913544 0
    outer loop
      vertex 10.8000 8.6144 5.6000
      vertex 10.4944 8.4783 10.6000
      vertex 10.8000 8.6144 10.6000
    endloop
  endfacet
  facet normal -0.40674 0.913544 0
    outer loop
      vertex 10.4944 8.4783 10.6000
      vertex 10.8000 8.6144 5.6000
      vertex 10.4944 8.4783 5.6000
    endloop
  endfacet
  facet normal -0.951051 0.309035 -7.0816e-19
    outer loop
      vertex 11.4617 9.3492 5.6000
      vertex 11.5650 9.6673 10.6000
      vertex 11.5650 9.6673 5.6000
    endloop
  endfacet
  facet normal -0.951051 0.309035 -7.0816e-19
    outer loop
      vertex 11.5650 9.6673 10.6000
      vertex 11.4617 9.3492 5.6000
      vertex 11.4617 9.3492 10.6000
    endloop
  endfacet
  facet normal 0.994523 0.104517 -3.85401e-19
    outer loop
      vertex 8.4350 9.6673 10.6000
      vertex 8.4000 10.0000 5.6000
      vertex 8.4000 10.0000 10.6000
    endloop
  endfacet
  facet normal 0.994523 0.104517 -3.85401e-19
    outer loop
      vertex 8.4000 10.0000 5.6000
      vertex 8.4350 9.6673 10.6000
      vertex 8.4350 9.6673 5.6000
    endloop
  endfacet
  facet normal 0.207893 0.978151 -0
    outer loop
      vertex 9.8328 8.4088 5.6000
      vertex 9.5056 8.4783 10.6000
      vertex 9.8328 8.4088 10.6000
    endloop
  endfacet
  facet normal 0.207893 0.978151 0
    outer loop
      vertex 9.5056 8.4783 10.6000
      vertex 9.8328 8.4088 5.6000
      vertex 9.5056 8.4783 5.6000
    endloop
  endfacet
  facet normal 0.866034 0.499985 -1.64879e-18
    outer loop
      vertex 8.7056 9.0595 10.6000
      vertex 8.5383 9.3492 5.6000
      vertex 8.5383 9.3492 10.6000
    endloop
  endfacet
  facet normal 0.866034 0.499985 -1.64879e-18
    outer loop
      vertex 8.5383 9.3492 5.6000
      vertex 8.7056 9.0595 10.6000
      vertex 8.7056 9.0595 5.6000
    endloop
  endfacet
  facet normal 0.207893 -0.978151 0
    outer loop
      vertex 9.5056 11.5217 5.6000
      vertex 9.8328 11.5912 10.6000
      vertex 9.5056 11.5217 10.6000
    endloop
  endfacet
  facet normal 0.207893 -0.978151 0
    outer loop
      vertex 9.8328 11.5912 10.6000
      vertex 9.5056 11.5217 5.6000
      vertex 9.8328 11.5912 5.6000
    endloop
  endfacet
  facet normal -0.40674 -0.913544 0
    outer loop
      vertex 10.4944 11.5217 5.6000
      vertex 10.8000 11.3856 10.6000
      vertex 10.4944 11.5217 10.6000
    endloop
  endfacet
  facet normal -0.40674 -0.913544 -0
    outer loop
      vertex 10.8000 11.3856 10.6000
      vertex 10.4944 11.5217 5.6000
      vertex 10.8000 11.3856 5.6000
    endloop
  endfacet
  facet normal 0.743135 -0.669141 5.5537e-19
    outer loop
      vertex 8.7056 10.9405 10.6000
      vertex 8.9294 11.1890 5.6000
      vertex 8.9294 11.1890 10.6000
    endloop
  endfacet
  facet normal 0.743135 -0.669141 5.5537e-19
    outer loop
      vertex 8.9294 11.1890 5.6000
      vertex 8.7056 10.9405 10.6000
      vertex 8.7056 10.9405 5.6000
    endloop
  endfacet
  facet normal 0.866034 -0.499985 1.64879e-18
    outer loop
      vertex 8.5383 10.6508 10.6000
      vertex 8.7056 10.9405 5.6000
      vertex 8.7056 10.9405 10.6000
    endloop
  endfacet
  facet normal 0.866034 -0.499985 1.64879e-18
    outer loop
      vertex 8.7056 10.9405 5.6000
      vertex 8.5383 10.6508 10.6000
      vertex 8.5383 10.6508 5.6000
    endloop
  endfacet
  facet normal 0 1 -0
    outer loop
      vertex 10.1672 8.4088 5.6000
      vertex 9.8328 8.4088 10.6000
      vertex 10.1672 8.4088 10.6000
    endloop
  endfacet
  facet normal 0 1 0
    outer loop
      vertex 9.8328 8.4088 10.6000
      vertex 10.1672 8.4088 5.6000
      vertex 9.8328 8.4088 5.6000
    endloop
  endfacet
  facet normal -0.587786 0.809017 0
    outer loop
      vertex 11.0706 8.8110 5.6000
      vertex 10.8000 8.6144 10.6000
      vertex 11.0706 8.8110 10.6000
    endloop
  endfacet
  facet normal -0.587786 0.809017 0
    outer loop
      vertex 10.8000 8.6144 10.6000
      vertex 11.0706 8.8110 5.6000
      vertex 10.8000 8.6144 5.6000
    endloop
  endfacet
  facet normal 0 -1 0
    outer loop
      vertex 9.8328 11.5912 5.6000
      vertex 10.1672 11.5912 10.6000
      vertex 9.8328 11.5912 10.6000
    endloop
  endfacet
  facet normal 0 -1 -0
    outer loop
      vertex 10.1672 11.5912 10.6000
      vertex 9.8328 11.5912 5.6000
      vertex 10.1672 11.5912 5.6000
    endloop
  endfacet
  facet normal 0.587786 0.809017 -0
    outer loop
      vertex 9.2000 8.6144 5.6000
      vertex 8.9294 8.8110 10.6000
      vertex 9.2000 8.6144 10.6000
    endloop
  endfacet
  facet normal 0.587786 0.809017 0
    outer loop
      vertex 8.9294 8.8110 10.6000
      vertex 9.2000 8.6144 5.6000
      vertex 8.9294 8.8110 5.6000
    endloop
  endfacet
  facet normal 0 0 -1
    outer loop
      vertex 11.5650 9.6673 10.6000
      vertex 11.5650 10.3327 10.6000
      vertex 11.6000 10.0000 10.6000
    endloop
  endfacet
  facet normal 0 0 -1
    outer loop
      vertex 11.4617 9.3492 10.6000
      vertex 11.5650 10.3327 10.6000
      vertex 11.5650 9.6673 10.6000
    endloop
  endfacet
  facet normal 0 0 -1
    outer loop
      vertex 11.4617 9.3492 10.6000
      vertex 11.4617 10.6508 10.6000
      vertex 11.5650 10.3327 10.6000
    endloop
  endfacet
  facet normal 0 0 -1
    outer loop
      vertex 11.2944 9.0595 10.6000
      vertex 11.4617 10.6508 10.6000
      vertex 11.4617 9.3492 10.6000
    endloop
  endfacet
  facet normal 0 0 -1
    outer loop
      vertex 11.2944 9.0595 10.6000
      vertex 11.2944 10.9405 10.6000
      vertex 11.4617 10.6508 10.6000
    endloop
  endfacet
  facet normal 0 0 -1
    outer loop
      vertex 11.0706 8.8110 10.6000
      vertex 11.2944 10.9405 10.6000
      vertex 11.2944 9.0595 10.6000
    endloop
  endfacet
  facet normal 0 0 -1
    outer loop
      vertex 11.0706 8.8110 10.6000
      vertex 11.0706 11.1890 10.6000
      vertex 11.2944 10.9405 10.6000
    endloop
  endfacet
  facet normal 0 0 -1
    outer loop
      vertex 10.8000 8.6144 10.6000
      vertex 11.0706 11.1890 10.6000
      vertex 11.0706 8.8110 10.6000
    endloop
  endfacet
  facet normal 0 0 -1
    outer loop
      vertex 10.8000 8.6144 10.6000
      vertex 10.8000 11.3856 10.6000
      vertex 11.0706 11.1890 10.6000
    endloop
  endfacet
  facet normal 0 0 -1
    outer loop
      vertex 10.4944 8.4783 10.6000
      vertex 10.8000 11.3856 10.6000
      vertex 10.8000 8.6144 10.6000
    endloop
  endfacet
  facet normal 0 0 -1
    outer loop
      vertex 10.4944 8.4783 10.6000
      vertex 10.4944 11.5217 10.6000
      vertex 10.8000 11.3856 10.6000
    endloop
  endfacet
  facet normal 0 0 -1
    outer loop
      vertex 10.1672 8.4088 10.6000
      vertex 10.4944 11.5217 10.6000
      vertex 10.4944 8.4783 10.6000
    endloop
  endfacet
  facet normal 0 0 -1
    outer loop
      vertex 10.1672 8.4088 10.6000
      vertex 10.1672 11.5912 10.6000
      vertex 10.4944 11.5217 10.6000
    endloop
  endfacet
  facet normal 0 0 -1
    outer loop
      vertex 9.8328 8.4088 10.6000
      vertex 10.1672 11.5912 10.6000
      vertex 10.1672 8.4088 10.6000
    endloop
  endfacet
  facet normal 0 0 -1
    outer loop
      vertex 9.8328 8.4088 10.6000
      vertex 9.8328 11.5912 10.6000
      vertex 10.1672 11.5912 10.6000
    endloop
  endfacet
  facet normal 0 0 -1
    outer loop
      vertex 9.5056 8.4783 10.6000
      vertex 9.8328 11.5912 10.6000
      vertex 9.8328 8.4088 10.6000
    endloop
  endfacet
  facet normal 0 0 -1
    outer loop
      vertex 9.5056 8.4783 10.6000
      vertex 9.5056 11.5217 10.6000
      vertex 9.8328 11.5912 10.6000
    endloop
  endfacet
  facet normal 0 0 -1
    outer loop
      vertex 9.2000 8.6144 10.6000
      vertex 9.5056 11.5217 10.6000
      vertex 9.5056 8.4783 10.6000
    endloop
  endfacet
  facet normal 0 0 -1
    outer loop
      vertex 9.2000 8.6144 10.6000
      vertex 9.2000 11.3856 10.6000
      vertex 9.5056 11.5217 10.6000
    endloop
  endfacet
  facet normal 0 0 -1
    outer loop
      vertex 8.9294 8.8110 10.6000
      vertex 9.2000 11.3856 10.6000
      vertex 9.2000 8.6144 10.6000
    endloop
  endfacet
  facet normal 0 0 -1
    outer loop
      vertex 8.9294 8.8110 10.6000
      vertex 8.9294 11.1890 10.6000
      vertex 9.2000 11.3856 10.6000
    endloop
  endfacet
  facet normal 0 0 -1
    outer loop
      vertex 8.7056 9.0595 10.6000
      vertex 8.9294 11.1890 10.6000
      vertex 8.9294 8.8110 10.6000
    endloop
  endfacet
  facet normal 0 0 -1
    outer loop
      vertex 8.7056 9.0595 10.6000
      vertex 8.7056 10.9405 10.6000
      vertex 8.9294 11.1890 10.6000
    endloop
  endfacet
  facet normal 0 0 -1
    outer loop
      vertex 8.5383 9.3492 10.6000
      vertex 8.7056 10.9405 10.6000
      vertex 8.7056 9.0595 10.6000
    endloop
  endfacet
  facet normal 0 0 -1
    outer loop
      vertex 8.5383 9.3492 10.6000
      vertex 8.5383 10.6508 10.6000
      vertex 8.7056 10.9405 10.6000
    endloop
  endfacet
  facet normal 0 0 -1
    outer loop
      vertex 8.4350 9.6673 10.6000
      vertex 8.5383 10.6508 10.6000
      vertex 8.5383 9.3492 10.6000
    endloop
  endfacet
  facet normal 0 0 -1
    outer loop
      vertex 8.4350 9.6673 10.6000
      vertex 8.4350 10.3327 10.6000
      vertex 8.5383 10.6508 10.6000
    endloop
  endfacet
  facet normal 0 -0 -1
    outer loop
      vertex 8.4350 10.3327 10.6000
      vertex 8.4350 9.6673 10.6000
      vertex 8.4000 10.0000 10.6000
    endloop
  endfacet
  facet normal -0.232654 -2.73867e-20 -0.972559
    outer loop
      vertex 11.2129 9.4000 163.8750
      vertex 11.5180 15.0000 163.8020
      vertex 11.5180 9.4000 163.8020
    endloop
  endfacet
  facet normal -0.232654 -2.73867e-20 -0.972559
    outer loop
      vertex 11.5180 15.0000 163.8020
      vertex 11.2129 9.4000 163.8750
      vertex 11.2129 15.0000 163.8750
    endloop
  endfacet
  facet normal -0.972337 0 0.233584
    outer loop
      vertex 12.8021 9.4000 161.2820
      vertex 12.8754 15.0000 161.5870
      vertex 12.8021 15.0000 161.2820
    endloop
  endfacet
  facet normal -0.972337 0 0.233584
    outer loop
      vertex 12.8754 15.0000 161.5870
      vertex 12.8021 9.4000 161.2820
      vertex 12.8754 9.4000 161.5870
    endloop
  endfacet
  facet normal -0.996921 0 0.0784159
    outer loop
      vertex 12.8754 9.4000 161.5870
      vertex 12.9000 15.0000 161.9000
      vertex 12.8754 15.0000 161.5870
    endloop
  endfacet
  facet normal -0.996921 0 0.0784159
    outer loop
      vertex 12.9000 15.0000 161.9000
      vertex 12.8754 9.4000 161.5870
      vertex 12.9000 9.4000 161.9000
    endloop
  endfacet
  facet normal 0.996921 0 -0.0784159
    outer loop
      vertex 8.9246 9.4000 162.2130
      vertex 8.9000 15.0000 161.9000
      vertex 8.9246 15.0000 162.2130
    endloop
  endfacet
  facet normal 0.996921 0 -0.0784159
    outer loop
      vertex 8.9000 15.0000 161.9000
      vertex 8.9246 9.4000 162.2130
      vertex 8.9000 9.4000 161.9000
    endloop
  endfacet
  facet normal -0.649784 -4.33166e-19 0.760119
    outer loop
      vertex 12.0756 15.0000 160.2820
      vertex 12.3142 9.4000 160.4860
      vertex 12.3142 15.0000 160.4860
    endloop
  endfacet
  facet normal -0.649784 -4.33166e-19 0.760119
    outer loop
      vertex 12.3142 9.4000 160.4860
      vertex 12.0756 15.0000 160.2820
      vertex 12.0756 9.4000 160.2820
    endloop
  endfacet
  facet normal -0.996921 0 -0.0784159
    outer loop
      vertex 12.9000 9.4000 161.9000
      vertex 12.8754 15.0000 162.2130
      vertex 12.9000 15.0000 161.9000
    endloop
  endfacet
  facet normal -0.996921 -0 -0.0784159
    outer loop
      vertex 12.8754 15.0000 162.2130
      vertex 12.9000 9.4000 161.9000
      vertex 12.8754 9.4000 162.2130
    endloop
  endfacet
  facet normal 0.972337 0 -0.233584
    outer loop
      vertex 8.9979 9.4000 162.5180
      vertex 8.9246 15.0000 162.2130
      vertex 8.9979 15.0000 162.5180
    endloop
  endfacet
  facet normal 0.972337 0 -0.233584
    outer loop
      vertex 8.9246 15.0000 162.2130
      vertex 8.9979 9.4000 162.5180
      vertex 8.9246 9.4000 162.2130
    endloop
  endfacet
  facet normal -0.852995 0 -0.521919
    outer loop
      vertex 12.6820 9.4000 162.8080
      vertex 12.5180 15.0000 163.0760
      vertex 12.6820 15.0000 162.8080
    endloop
  endfacet
  facet normal -0.852995 -0 -0.521919
    outer loop
      vertex 12.5180 15.0000 163.0760
      vertex 12.6820 9.4000 162.8080
      vertex 12.5180 9.4000 163.0760
    endloop
  endfacet
  facet normal 0.0796515 -1.85137e-19 -0.996823
    outer loop
      vertex 10.5871 9.4000 163.8750
      vertex 10.9000 15.0000 163.9000
      vertex 10.9000 9.4000 163.9000
    endloop
  endfacet
  facet normal 0.0796515 -1.85137e-19 -0.996823
    outer loop
      vertex 10.9000 15.0000 163.9000
      vertex 10.5871 9.4000 163.8750
      vertex 10.5871 15.0000 163.8750
    endloop
  endfacet
  facet normal 0.75954 0 -0.65046
    outer loop
      vertex 9.4858 9.4000 163.3140
      vertex 9.2820 15.0000 163.0760
      vertex 9.4858 15.0000 163.3140
    endloop
  endfacet
  facet normal 0.75954 0 -0.65046
    outer loop
      vertex 9.2820 15.0000 163.0760
      vertex 9.4858 9.4000 163.3140
      vertex 9.2820 9.4000 163.0760
    endloop
  endfacet
  facet normal -0.382408 1.96788e-18 -0.923994
    outer loop
      vertex 11.5180 9.4000 163.8020
      vertex 11.8080 15.0000 163.6820
      vertex 11.8080 9.4000 163.6820
    endloop
  endfacet
  facet normal -0.382408 1.96788e-18 -0.923994
    outer loop
      vertex 11.8080 15.0000 163.6820
      vertex 11.5180 9.4000 163.8020
      vertex 11.5180 15.0000 163.8020
    endloop
  endfacet
  facet normal -0.75954 0 -0.65046
    outer loop
      vertex 12.5180 9.4000 163.0760
      vertex 12.3142 15.0000 163.3140
      vertex 12.5180 15.0000 163.0760
    endloop
  endfacet
  facet normal -0.75954 -0 -0.65046
    outer loop
      vertex 12.3142 15.0000 163.3140
      vertex 12.5180 9.4000 163.0760
      vertex 12.3142 9.4000 163.3140
    endloop
  endfacet
  facet normal 0.232654 -8.98701e-19 0.972559
    outer loop
      vertex 10.2820 15.0000 159.9980
      vertex 10.5871 9.4000 159.9250
      vertex 10.5871 15.0000 159.9250
    endloop
  endfacet
  facet normal 0.232654 -8.98701e-19 0.972559
    outer loop
      vertex 10.5871 9.4000 159.9250
      vertex 10.2820 15.0000 159.9980
      vertex 10.2820 9.4000 159.9980
    endloop
  endfacet
  facet normal 0 1 0
    outer loop
      vertex 11.2129 9.4000 163.8750
      vertex 10.5871 9.4000 163.8750
      vertex 10.9000 9.4000 163.9000
    endloop
  endfacet
  facet normal 0 1 0
    outer loop
      vertex 11.5180 9.4000 163.8020
      vertex 10.5871 9.4000 163.8750
      vertex 11.2129 9.4000 163.8750
    endloop
  endfacet
  facet normal 0 1 0
    outer loop
      vertex 11.5180 9.4000 163.8020
      vertex 10.2820 9.4000 163.8020
      vertex 10.5871 9.4000 163.8750
    endloop
  endfacet
  facet normal 0 1 0
    outer loop
      vertex 11.8080 9.4000 163.6820
      vertex 10.2820 9.4000 163.8020
      vertex 11.5180 9.4000 163.8020
    endloop
  endfacet
  facet normal 0 1 0
    outer loop
      vertex 11.8080 9.4000 163.6820
      vertex 9.9920 9.4000 163.6820
      vertex 10.2820 9.4000 163.8020
    endloop
  endfacet
  facet normal 0 1 0
    outer loop
      vertex 12.0756 9.4000 163.5180
      vertex 9.9920 9.4000 163.6820
      vertex 11.8080 9.4000 163.6820
    endloop
  endfacet
  facet normal 0 1 0
    outer loop
      vertex 12.0756 9.4000 163.5180
      vertex 9.7244 9.4000 163.5180
      vertex 9.9920 9.4000 163.6820
    endloop
  endfacet
  facet normal 0 1 0
    outer loop
      vertex 12.3142 9.4000 163.3140
      vertex 9.7244 9.4000 163.5180
      vertex 12.0756 9.4000 163.5180
    endloop
  endfacet
  facet normal 0 1 0
    outer loop
      vertex 12.3142 9.4000 163.3140
      vertex 9.4858 9.4000 163.3140
      vertex 9.7244 9.4000 163.5180
    endloop
  endfacet
  facet normal 0 1 0
    outer loop
      vertex 12.5180 9.4000 163.0760
      vertex 9.4858 9.4000 163.3140
      vertex 12.3142 9.4000 163.3140
    endloop
  endfacet
  facet normal 0 1 0
    outer loop
      vertex 12.5180 9.4000 163.0760
      vertex 9.2820 9.4000 163.0760
      vertex 9.4858 9.4000 163.3140
    endloop
  endfacet
  facet normal 0 1 0
    outer loop
      vertex 12.6820 9.4000 162.8080
      vertex 9.2820 9.4000 163.0760
      vertex 12.5180 9.4000 163.0760
    endloop
  endfacet
  facet normal 0 1 0
    outer loop
      vertex 12.6820 9.4000 162.8080
      vertex 9.1180 9.4000 162.8080
      vertex 9.2820 9.4000 163.0760
    endloop
  endfacet
  facet normal 0 1 0
    outer loop
      vertex 12.8021 9.4000 162.5180
      vertex 9.1180 9.4000 162.8080
      vertex 12.6820 9.4000 162.8080
    endloop
  endfacet
  facet normal 0 1 0
    outer loop
      vertex 12.8021 9.4000 162.5180
      vertex 8.9979 9.4000 162.5180
      vertex 9.1180 9.4000 162.8080
    endloop
  endfacet
  facet normal 0 1 0
    outer loop
      vertex 12.8754 9.4000 162.2130
      vertex 8.9979 9.4000 162.5180
      vertex 12.8021 9.4000 162.5180
    endloop
  endfacet
  facet normal 0 1 0
    outer loop
      vertex 12.8754 9.4000 162.2130
      vertex 8.9246 9.4000 162.2130
      vertex 8.9979 9.4000 162.5180
    endloop
  endfacet
  facet normal 0 1 0
    outer loop
      vertex 12.9000 9.4000 161.9000
      vertex 8.9246 9.4000 162.2130
      vertex 12.8754 9.4000 162.2130
    endloop
  endfacet
  facet normal 0 1 0
    outer loop
      vertex 12.9000 9.4000 161.9000
      vertex 8.9000 9.4000 161.9000
      vertex 8.9246 9.4000 162.2130
    endloop
  endfacet
  facet normal 0 1 -0
    outer loop
      vertex 12.8754 9.4000 161.5870
      vertex 8.9000 9.4000 161.9000
      vertex 12.9000 9.4000 161.9000
    endloop
  endfacet
  facet normal 0 1 0
    outer loop
      vertex 12.8754 9.4000 161.5870
      vertex 8.9246 9.4000 161.5870
      vertex 8.9000 9.4000 161.9000
    endloop
  endfacet
  facet normal 0 1 -0
    outer loop
      vertex 12.8021 9.4000 161.2820
      vertex 8.9246 9.4000 161.5870
      vertex 12.8754 9.4000 161.5870
    endloop
  endfacet
  facet normal 0 1 0
    outer loop
      vertex 12.8021 9.4000 161.2820
      vertex 8.9979 9.4000 161.2820
      vertex 8.9246 9.4000 161.5870
    endloop
  endfacet
  facet normal 0 1 -0
    outer loop
      vertex 12.6820 9.4000 160.9920
      vertex 8.9979 9.4000 161.2820
      vertex 12.8021 9.4000 161.2820
    endloop
  endfacet
  facet normal 0 1 0
    outer loop
      vertex 12.6820 9.4000 160.9920
      vertex 9.1180 9.4000 160.9920
      vertex 8.9979 9.4000 161.2820
    endloop
  endfacet
  facet normal 0 1 -0
    outer loop
      vertex 12.5180 9.4000 160.7240
      vertex 9.1180 9.4000 160.9920
      vertex 12.6820 9.4000 160.9920
    endloop
  endfacet
  facet normal 0 1 0
    outer loop
      vertex 12.5180 9.4000 160.7240
      vertex 9.2820 9.4000 160.7240
      vertex 9.1180 9.4000 160.9920
    endloop
  endfacet
  facet normal 0 1 -0
    outer loop
      vertex 12.3142 9.4000 160.4860
      vertex 9.2820 9.4000 160.7240
      vertex 12.5180 9.4000 160.7240
    endloop
  endfacet
  facet normal 0 1 0
    outer loop
      vertex 12.3142 9.4000 160.4860
      vertex 9.4858 9.4000 160.4860
      vertex 9.2820 9.4000 160.7240
    endloop
  endfacet
  facet normal 0 1 -0
    outer loop
      vertex 12.0756 9.4000 160.2820
      vertex 9.4858 9.4000 160.4860
      vertex 12.3142 9.4000 160.4860
    endloop
  endfacet
  facet normal 0 1 0
    outer loop
      vertex 12.0756 9.4000 160.2820
      vertex 9.7244 9.4000 160.2820
      vertex 9.4858 9.4000 160.4860
    endloop
  endfacet
  facet normal 0 1 -0
    outer loop
      vertex 11.8080 9.4000 160.1180
      vertex 9.7244 9.4000 160.2820
      vertex 12.0756 9.4000 160.2820
    endloop
  endfacet
  facet normal 0 1 0
    outer loop
      vertex 11.8080 9.4000 160.1180
      vertex 9.9920 9.4000 160.1180
      vertex 9.7244 9.4000 160.2820
    endloop
  endfacet
  facet normal 0 1 -0
    outer loop
      vertex 11.5180 9.4000 159.9980
      vertex 9.9920 9.4000 160.1180
      vertex 11.8080 9.4000 160.1180
    endloop
  endfacet
  facet normal 0 1 0
    outer loop
      vertex 11.5180 9.4000 159.9980
      vertex 10.2820 9.4000 159.9980
      vertex 9.9920 9.4000 160.1180
    endloop
  endfacet
  facet normal 0 1 -0
    outer loop
      vertex 11.2129 9.4000 159.9250
      vertex 10.2820 9.4000 159.9980
      vertex 11.5180 9.4000 159.9980
    endloop
  endfacet
  facet normal 0 1 0
    outer loop
      vertex 11.2129 9.4000 159.9250
      vertex 10.5871 9.4000 159.9250
      vertex 10.2820 9.4000 159.9980
    endloop
  endfacet
  facet normal -0 1 0
    outer loop
      vertex 10.5871 9.4000 159.9250
      vertex 11.2129 9.4000 159.9250
      vertex 10.9000 9.4000 159.9000
    endloop
  endfacet
  facet normal 0.522546 -6.86135e-19 -0.852611
    outer loop
      vertex 9.7244 9.4000 163.5180
      vertex 9.9920 15.0000 163.6820
      vertex 9.9920 9.4000 163.6820
    endloop
  endfacet
  facet normal 0.522546 -6.86135e-19 -0.852611
    outer loop
      vertex 9.9920 15.0000 163.6820
      vertex 9.7244 9.4000 163.5180
      vertex 9.7244 15.0000 163.5180
    endloop
  endfacet
  facet normal 0.852995 -0 0.521919
    outer loop
      vertex 9.1180 9.4000 160.9920
      vertex 9.2820 15.0000 160.7240
      vertex 9.1180 15.0000 160.9920
    endloop
  endfacet
  facet normal 0.852995 0 0.521919
    outer loop
      vertex 9.2820 15.0000 160.7240
      vertex 9.1180 9.4000 160.9920
      vertex 9.2820 9.4000 160.7240
    endloop
  endfacet
  facet normal -0.0796515 -1.2254e-20 -0.996823
    outer loop
      vertex 10.9000 9.4000 163.9000
      vertex 11.2129 15.0000 163.8750
      vertex 11.2129 9.4000 163.8750
    endloop
  endfacet
  facet normal -0.0796515 -1.2254e-20 -0.996823
    outer loop
      vertex 11.2129 15.0000 163.8750
      vertex 10.9000 9.4000 163.9000
      vertex 10.9000 15.0000 163.9000
    endloop
  endfacet
  facet normal 0.923904 -0 0.382624
    outer loop
      vertex 8.9979 9.4000 161.2820
      vertex 9.1180 15.0000 160.9920
      vertex 8.9979 15.0000 161.2820
    endloop
  endfacet
  facet normal 0.923904 0 0.382624
    outer loop
      vertex 9.1180 15.0000 160.9920
      vertex 8.9979 9.4000 161.2820
      vertex 9.1180 9.4000 160.9920
    endloop
  endfacet
  facet normal 0.996921 -0 0.0784159
    outer loop
      vertex 8.9000 9.4000 161.9000
      vertex 8.9246 15.0000 161.5870
      vertex 8.9000 15.0000 161.9000
    endloop
  endfacet
  facet normal 0.996921 0 0.0784159
    outer loop
      vertex 8.9246 15.0000 161.5870
      vertex 8.9000 9.4000 161.9000
      vertex 8.9246 9.4000 161.5870
    endloop
  endfacet
  facet normal -0.923904 0 -0.382624
    outer loop
      vertex 12.8021 9.4000 162.5180
      vertex 12.6820 15.0000 162.8080
      vertex 12.8021 15.0000 162.5180
    endloop
  endfacet
  facet normal -0.923904 -0 -0.382624
    outer loop
      vertex 12.6820 15.0000 162.8080
      vertex 12.8021 9.4000 162.5180
      vertex 12.6820 9.4000 162.8080
    endloop
  endfacet
  facet normal -0.382408 -1.96788e-18 0.923994
    outer loop
      vertex 11.5180 15.0000 159.9980
      vertex 11.8080 9.4000 160.1180
      vertex 11.8080 15.0000 160.1180
    endloop
  endfacet
  facet normal -0.382408 -1.96788e-18 0.923994
    outer loop
      vertex 11.8080 9.4000 160.1180
      vertex 11.5180 15.0000 159.9980
      vertex 11.5180 9.4000 159.9980
    endloop
  endfacet
  facet normal 0.852995 0 -0.521919
    outer loop
      vertex 9.2820 9.4000 163.0760
      vertex 9.1180 15.0000 162.8080
      vertex 9.2820 15.0000 163.0760
    endloop
  endfacet
  facet normal 0.852995 0 -0.521919
    outer loop
      vertex 9.1180 15.0000 162.8080
      vertex 9.2820 9.4000 163.0760
      vertex 9.1180 9.4000 162.8080
    endloop
  endfacet
  facet normal 0.923904 0 -0.382624
    outer loop
      vertex 9.1180 9.4000 162.8080
      vertex 8.9979 15.0000 162.5180
      vertex 9.1180 15.0000 162.8080
    endloop
  endfacet
  facet normal 0.923904 0 -0.382624
    outer loop
      vertex 8.9979 15.0000 162.5180
      vertex 9.1180 9.4000 162.8080
      vertex 8.9979 9.4000 162.5180
    endloop
  endfacet
  facet normal -0.75954 0 0.65046
    outer loop
      vertex 12.3142 9.4000 160.4860
      vertex 12.5180 15.0000 160.7240
      vertex 12.3142 15.0000 160.4860
    endloop
  endfacet
  facet normal -0.75954 0 0.65046
    outer loop
      vertex 12.5180 15.0000 160.7240
      vertex 12.3142 9.4000 160.4860
      vertex 12.5180 9.4000 160.7240
    endloop
  endfacet
  facet normal -0.972337 0 -0.233584
    outer loop
      vertex 12.8754 9.4000 162.2130
      vertex 12.8021 15.0000 162.5180
      vertex 12.8754 15.0000 162.2130
    endloop
  endfacet
  facet normal -0.972337 -0 -0.233584
    outer loop
      vertex 12.8021 15.0000 162.5180
      vertex 12.8754 9.4000 162.2130
      vertex 12.8021 9.4000 162.5180
    endloop
  endfacet
  facet normal -0.522546 -4.94102e-19 0.852611
    outer loop
      vertex 11.8080 15.0000 160.1180
      vertex 12.0756 9.4000 160.2820
      vertex 12.0756 15.0000 160.2820
    endloop
  endfacet
  facet normal -0.522546 -4.94102e-19 0.852611
    outer loop
      vertex 12.0756 9.4000 160.2820
      vertex 11.8080 15.0000 160.1180
      vertex 11.8080 9.4000 160.1180
    endloop
  endfacet
  facet normal -0.923904 0 0.382624
    outer loop
      vertex 12.6820 9.4000 160.9920
      vertex 12.8021 15.0000 161.2820
      vertex 12.6820 15.0000 160.9920
    endloop
  endfacet
  facet normal -0.923904 0 0.382624
    outer loop
      vertex 12.8021 15.0000 161.2820
      vertex 12.6820 9.4000 160.9920
      vertex 12.8021 9.4000 161.2820
    endloop
  endfacet
  facet normal 0.75954 -0 0.65046
    outer loop
      vertex 9.2820 9.4000 160.7240
      vertex 9.4858 15.0000 160.4860
      vertex 9.2820 15.0000 160.7240
    endloop
  endfacet
  facet normal 0.75954 0 0.65046
    outer loop
      vertex 9.4858 15.0000 160.4860
      vertex 9.2820 9.4000 160.7240
      vertex 9.4858 9.4000 160.4860
    endloop
  endfacet
  facet normal 0.0796515 1.85137e-19 0.996823
    outer loop
      vertex 10.5871 15.0000 159.9250
      vertex 10.9000 9.4000 159.9000
      vertex 10.9000 15.0000 159.9000
    endloop
  endfacet
  facet normal 0.0796515 1.85137e-19 0.996823
    outer loop
      vertex 10.9000 9.4000 159.9000
      vertex 10.5871 15.0000 159.9250
      vertex 10.5871 9.4000 159.9250
    endloop
  endfacet
  facet normal 0.382408 5.46366e-19 0.923994
    outer loop
      vertex 9.9920 15.0000 160.1180
      vertex 10.2820 9.4000 159.9980
      vertex 10.2820 15.0000 159.9980
    endloop
  endfacet
  facet normal 0.382408 5.46366e-19 0.923994
    outer loop
      vertex 10.2820 9.4000 159.9980
      vertex 9.9920 15.0000 160.1180
      vertex 9.9920 9.4000 160.1180
    endloop
  endfacet
  facet normal 0.649784 4.33166e-19 0.760119
    outer loop
      vertex 9.4858 15.0000 160.4860
      vertex 9.7244 9.4000 160.2820
      vertex 9.7244 15.0000 160.2820
    endloop
  endfacet
  facet normal 0.649784 4.33166e-19 0.760119
    outer loop
      vertex 9.7244 9.4000 160.2820
      vertex 9.4858 15.0000 160.4860
      vertex 9.4858 9.4000 160.4860
    endloop
  endfacet
  facet normal -0.232654 2.82652e-19 0.972559
    outer loop
      vertex 11.2129 15.0000 159.9250
      vertex 11.5180 9.4000 159.9980
      vertex 11.5180 15.0000 159.9980
    endloop
  endfacet
  facet normal -0.232654 2.82652e-19 0.972559
    outer loop
      vertex 11.5180 9.4000 159.9980
      vertex 11.2129 15.0000 159.9250
      vertex 11.2129 9.4000 159.9250
    endloop
  endfacet
  facet normal -0.852995 0 0.521919
    outer loop
      vertex 12.5180 9.4000 160.7240
      vertex 12.6820 15.0000 160.9920
      vertex 12.5180 15.0000 160.7240
    endloop
  endfacet
  facet normal -0.852995 0 0.521919
    outer loop
      vertex 12.6820 15.0000 160.9920
      vertex 12.5180 9.4000 160.7240
      vertex 12.6820 9.4000 160.9920
    endloop
  endfacet
  facet normal 0.649784 1.4196e-18 -0.760119
    outer loop
      vertex 9.4858 9.4000 163.3140
      vertex 9.7244 15.0000 163.5180
      vertex 9.7244 9.4000 163.5180
    endloop
  endfacet
  facet normal 0.649784 1.4196e-18 -0.760119
    outer loop
      vertex 9.7244 15.0000 163.5180
      vertex 9.4858 9.4000 163.3140
      vertex 9.4858 15.0000 163.3140
    endloop
  endfacet
  facet normal -0.522546 6.86135e-19 -0.852611
    outer loop
      vertex 11.8080 9.4000 163.6820
      vertex 12.0756 15.0000 163.5180
      vertex 12.0756 9.4000 163.5180
    endloop
  endfacet
  facet normal -0.522546 6.86135e-19 -0.852611
    outer loop
      vertex 12.0756 15.0000 163.5180
      vertex 11.8080 9.4000 163.6820
      vertex 11.8080 15.0000 163.6820
    endloop
  endfacet
  facet normal 0.232654 6.43436e-19 -0.972559
    outer loop
      vertex 10.2820 9.4000 163.8020
      vertex 10.5871 15.0000 163.8750
      vertex 10.5871 9.4000 163.8750
    endloop
  endfacet
  facet normal 0.232654 6.43436e-19 -0.972559
    outer loop
      vertex 10.5871 15.0000 163.8750
      vertex 10.2820 9.4000 163.8020
      vertex 10.2820 15.0000 163.8020
    endloop
  endfacet
  facet normal 0.522546 4.94102e-19 0.852611
    outer loop
      vertex 9.7244 15.0000 160.2820
      vertex 9.9920 9.4000 160.1180
      vertex 9.9920 15.0000 160.1180
    endloop
  endfacet
  facet normal 0.522546 4.94102e-19 0.852611
    outer loop
      vertex 9.9920 9.4000 160.1180
      vertex 9.7244 15.0000 160.2820
      vertex 9.7244 9.4000 160.2820
    endloop
  endfacet
  facet normal 0.972337 -0 0.233584
    outer loop
      vertex 8.9246 9.4000 161.5870
      vertex 8.9979 15.0000 161.2820
      vertex 8.9246 15.0000 161.5870
    endloop
  endfacet
  facet normal 0.972337 0 0.233584
    outer loop
      vertex 8.9979 15.0000 161.2820
      vertex 8.9246 9.4000 161.5870
      vertex 8.9979 9.4000 161.2820
    endloop
  endfacet
  facet normal -0.0796515 1.2254e-20 0.996823
    outer loop
      vertex 10.9000 15.0000 159.9000
      vertex 11.2129 9.4000 159.9250
      vertex 11.2129 15.0000 159.9250
    endloop
  endfacet
  facet normal -0.0796515 1.2254e-20 0.996823
    outer loop
      vertex 11.2129 9.4000 159.9250
      vertex 10.9000 15.0000 159.9000
      vertex 10.9000 9.4000 159.9000
    endloop
  endfacet
  facet normal 0.382408 -5.46366e-19 -0.923994
    outer loop
      vertex 9.9920 9.4000 163.6820
      vertex 10.2820 15.0000 163.8020
      vertex 10.2820 9.4000 163.8020
    endloop
  endfacet
  facet normal 0.382408 -5.46366e-19 -0.923994
    outer loop
      vertex 10.2820 15.0000 163.8020
      vertex 9.9920 9.4000 163.6820
      vertex 9.9920 15.0000 163.6820
    endloop
  endfacet
  facet normal -0.649784 -1.4196e-18 -0.760119
    outer loop
      vertex 12.0756 9.4000 163.5180
      vertex 12.3142 15.0000 163.3140
      vertex 12.3142 9.4000 163.3140
    endloop
  endfacet
  facet normal -0.649784 -1.4196e-18 -0.760119
    outer loop
      vertex 12.3142 15.0000 163.3140
      vertex 12.0756 9.4000 163.5180
      vertex 12.0756 15.0000 163.5180
    endloop
  endfacet
  facet normal 0 -0.0796515 -0.996823
    outer loop
      vertex 9.4000 10.9000 171.9000
      vertex 15.0000 11.2129 171.8750
      vertex 15.0000 10.9000 171.9000
    endloop
  endfacet
  facet normal -0 -0.0796515 -0.996823
    outer loop
      vertex 15.0000 11.2129 171.8750
      vertex 9.4000 10.9000 171.9000
      vertex 9.4000 11.2129 171.8750
    endloop
  endfacet
  facet normal 9.14526e-19 -0.852995 0.521919
    outer loop
      vertex 9.4000 12.5180 168.7240
      vertex 15.0000 12.6820 168.9920
      vertex 9.4000 12.6820 168.9920
    endloop
  endfacet
  facet normal 9.14526e-19 -0.852995 0.521919
    outer loop
      vertex 15.0000 12.6820 168.9920
      vertex 9.4000 12.5180 168.7240
      vertex 15.0000 12.5180 168.7240
    endloop
  endfacet
  facet normal 4.45026e-19 -0.972337 -0.233584
    outer loop
      vertex 9.4000 12.8754 170.2130
      vertex 15.0000 12.8021 170.5180
      vertex 9.4000 12.8021 170.5180
    endloop
  endfacet
  facet normal 4.45026e-19 -0.972337 -0.233584
    outer loop
      vertex 15.0000 12.8021 170.5180
      vertex 9.4000 12.8754 170.2130
      vertex 15.0000 12.8754 170.2130
    endloop
  endfacet
  facet normal -0 0.0796515 0.996823
    outer loop
      vertex 9.4000 10.9000 167.9000
      vertex 15.0000 10.5871 167.9250
      vertex 15.0000 10.9000 167.9000
    endloop
  endfacet
  facet normal 0 0.0796515 0.996823
    outer loop
      vertex 15.0000 10.5871 167.9250
      vertex 9.4000 10.9000 167.9000
      vertex 9.4000 10.5871 167.9250
    endloop
  endfacet
  facet normal 0 -0.0796515 0.996823
    outer loop
      vertex 9.4000 11.2129 167.9250
      vertex 15.0000 10.9000 167.9000
      vertex 15.0000 11.2129 167.9250
    endloop
  endfacet
  facet normal 0 -0.0796515 0.996823
    outer loop
      vertex 15.0000 10.9000 167.9000
      vertex 9.4000 11.2129 167.9250
      vertex 9.4000 10.9000 167.9000
    endloop
  endfacet
  facet normal -9.14526e-19 -0.852995 -0.521919
    outer loop
      vertex 9.4000 12.6820 170.8080
      vertex 15.0000 12.5180 171.0760
      vertex 9.4000 12.5180 171.0760
    endloop
  endfacet
  facet normal -9.14526e-19 -0.852995 -0.521919
    outer loop
      vertex 15.0000 12.5180 171.0760
      vertex 9.4000 12.6820 170.8080
      vertex 15.0000 12.6820 170.8080
    endloop
  endfacet
  facet normal 0 -0.382408 0.923994
    outer loop
      vertex 9.4000 11.8080 168.1180
      vertex 15.0000 11.5180 167.9980
      vertex 15.0000 11.8080 168.1180
    endloop
  endfacet
  facet normal 0 -0.382408 0.923994
    outer loop
      vertex 15.0000 11.5180 167.9980
      vertex 9.4000 11.8080 168.1180
      vertex 9.4000 11.5180 167.9980
    endloop
  endfacet
  facet normal 0 -0.232654 0.972559
    outer loop
      vertex 9.4000 11.5180 167.9980
      vertex 15.0000 11.2129 167.9250
      vertex 15.0000 11.5180 167.9980
    endloop
  endfacet
  facet normal 0 -0.232654 0.972559
    outer loop
      vertex 15.0000 11.2129 167.9250
      vertex 9.4000 11.5180 167.9980
      vertex 9.4000 11.2129 167.9250
    endloop
  endfacet
  facet normal -1.33805e-19 0.996921 -0.0784159
    outer loop
      vertex 15.0000 8.9000 169.9000
      vertex 9.4000 8.9246 170.2130
      vertex 15.0000 8.9246 170.2130
    endloop
  endfacet
  facet normal -1.33805e-19 0.996921 -0.0784159
    outer loop
      vertex 9.4000 8.9246 170.2130
      vertex 15.0000 8.9000 169.9000
      vertex 9.4000 8.9000 169.9000
    endloop
  endfacet
  facet normal -5.51525e-19 -0.923904 -0.382624
    outer loop
      vertex 9.4000 12.8021 170.5180
      vertex 15.0000 12.6820 170.8080
      vertex 9.4000 12.6820 170.8080
    endloop
  endfacet
  facet normal -5.51525e-19 -0.923904 -0.382624
    outer loop
      vertex 15.0000 12.6820 170.8080
      vertex 9.4000 12.8021 170.5180
      vertex 15.0000 12.8021 170.5180
    endloop
  endfacet
  facet normal -1.31753e-19 -0.996921 0.0784159
    outer loop
      vertex 9.4000 12.8754 169.5870
      vertex 15.0000 12.9000 169.9000
      vertex 9.4000 12.9000 169.9000
    endloop
  endfacet
  facet normal -1.31753e-19 -0.996921 0.0784159
    outer loop
      vertex 15.0000 12.9000 169.9000
      vertex 9.4000 12.8754 169.5870
      vertex 15.0000 12.8754 169.5870
    endloop
  endfacet
  facet normal -2.35277e-19 0.996921 0.0784159
    outer loop
      vertex 15.0000 8.9246 169.5870
      vertex 9.4000 8.9000 169.9000
      vertex 15.0000 8.9000 169.9000
    endloop
  endfacet
  facet normal -2.35277e-19 0.996921 0.0784159
    outer loop
      vertex 9.4000 8.9000 169.9000
      vertex 15.0000 8.9246 169.5870
      vertex 9.4000 8.9246 169.5870
    endloop
  endfacet
  facet normal -0 0.382408 0.923994
    outer loop
      vertex 9.4000 10.2820 167.9980
      vertex 15.0000 9.9920 168.1180
      vertex 15.0000 10.2820 167.9980
    endloop
  endfacet
  facet normal 0 0.382408 0.923994
    outer loop
      vertex 15.0000 9.9920 168.1180
      vertex 9.4000 10.2820 167.9980
      vertex 9.4000 9.9920 168.1180
    endloop
  endfacet
  facet normal 0 -0.382408 -0.923994
    outer loop
      vertex 9.4000 11.5180 171.8020
      vertex 15.0000 11.8080 171.6820
      vertex 15.0000 11.5180 171.8020
    endloop
  endfacet
  facet normal -0 -0.382408 -0.923994
    outer loop
      vertex 15.0000 11.8080 171.6820
      vertex 9.4000 11.5180 171.8020
      vertex 9.4000 11.8080 171.6820
    endloop
  endfacet
  facet normal -0 0.522546 0.852611
    outer loop
      vertex 9.4000 9.9920 168.1180
      vertex 15.0000 9.7244 168.2820
      vertex 15.0000 9.9920 168.1180
    endloop
  endfacet
  facet normal 0 0.522546 0.852611
    outer loop
      vertex 15.0000 9.7244 168.2820
      vertex 9.4000 9.9920 168.1180
      vertex 9.4000 9.7244 168.2820
    endloop
  endfacet
  facet normal -1.08528e-18 0.75954 0.65046
    outer loop
      vertex 15.0000 9.4858 168.4860
      vertex 9.4000 9.2820 168.7240
      vertex 15.0000 9.2820 168.7240
    endloop
  endfacet
  facet normal -1.08528e-18 0.75954 0.65046
    outer loop
      vertex 9.4000 9.2820 168.7240
      vertex 15.0000 9.4858 168.4860
      vertex 9.4000 9.4858 168.4860
    endloop
  endfacet
  facet normal 0 0.382408 -0.923994
    outer loop
      vertex 9.4000 9.9920 171.6820
      vertex 15.0000 10.2820 171.8020
      vertex 15.0000 9.9920 171.6820
    endloop
  endfacet
  facet normal 0 0.382408 -0.923994
    outer loop
      vertex 15.0000 10.2820 171.8020
      vertex 9.4000 9.9920 171.6820
      vertex 9.4000 10.2820 171.8020
    endloop
  endfacet
  facet normal 0 -0.522546 -0.852611
    outer loop
      vertex 9.4000 11.8080 171.6820
      vertex 15.0000 12.0756 171.5180
      vertex 15.0000 11.8080 171.6820
    endloop
  endfacet
  facet normal -0 -0.522546 -0.852611
    outer loop
      vertex 15.0000 12.0756 171.5180
      vertex 9.4000 11.8080 171.6820
      vertex 9.4000 12.0756 171.5180
    endloop
  endfacet
  facet normal -0 0.232654 0.972559
    outer loop
      vertex 9.4000 10.5871 167.9250
      vertex 15.0000 10.2820 167.9980
      vertex 15.0000 10.5871 167.9250
    endloop
  endfacet
  facet normal 0 0.232654 0.972559
    outer loop
      vertex 15.0000 10.2820 167.9980
      vertex 9.4000 10.5871 167.9250
      vertex 9.4000 10.2820 167.9980
    endloop
  endfacet
  facet normal 8.95033e-19 0.972337 0.233584
    outer loop
      vertex 15.0000 8.9979 169.2820
      vertex 9.4000 8.9246 169.5870
      vertex 15.0000 8.9246 169.5870
    endloop
  endfacet
  facet normal 8.95033e-19 0.972337 0.233584
    outer loop
      vertex 9.4000 8.9246 169.5870
      vertex 15.0000 8.9979 169.2820
      vertex 9.4000 8.9979 169.2820
    endloop
  endfacet
  facet normal 0 -0.522546 0.852611
    outer loop
      vertex 9.4000 12.0756 168.2820
      vertex 15.0000 11.8080 168.1180
      vertex 15.0000 12.0756 168.2820
    endloop
  endfacet
  facet normal 0 -0.522546 0.852611
    outer loop
      vertex 15.0000 11.8080 168.1180
      vertex 9.4000 12.0756 168.2820
      vertex 9.4000 11.8080 168.1180
    endloop
  endfacet
  facet normal -1.83035e-18 0.852995 -0.521919
    outer loop
      vertex 15.0000 9.1180 170.8080
      vertex 9.4000 9.2820 171.0760
      vertex 15.0000 9.2820 171.0760
    endloop
  endfacet
  facet normal -1.83035e-18 0.852995 -0.521919
    outer loop
      vertex 9.4000 9.2820 171.0760
      vertex 15.0000 9.1180 170.8080
      vertex 9.4000 9.1180 170.8080
    endloop
  endfacet
  facet normal -1.03425e-18 -0.75954 0.65046
    outer loop
      vertex 9.4000 12.3142 168.4860
      vertex 15.0000 12.5180 168.7240
      vertex 9.4000 12.5180 168.7240
    endloop
  endfacet
  facet normal -1.03425e-18 -0.75954 0.65046
    outer loop
      vertex 15.0000 12.5180 168.7240
      vertex 9.4000 12.3142 168.4860
      vertex 15.0000 12.3142 168.4860
    endloop
  endfacet
  facet normal 2.73615e-19 -0.923904 0.382624
    outer loop
      vertex 9.4000 12.6820 168.9920
      vertex 15.0000 12.8021 169.2820
      vertex 9.4000 12.8021 169.2820
    endloop
  endfacet
  facet normal 2.73615e-19 -0.923904 0.382624
    outer loop
      vertex 15.0000 12.8021 169.2820
      vertex 9.4000 12.6820 168.9920
      vertex 15.0000 12.6820 168.9920
    endloop
  endfacet
  facet normal 0 0.232654 -0.972559
    outer loop
      vertex 9.4000 10.2820 171.8020
      vertex 15.0000 10.5871 171.8750
      vertex 15.0000 10.2820 171.8020
    endloop
  endfacet
  facet normal 0 0.232654 -0.972559
    outer loop
      vertex 15.0000 10.5871 171.8750
      vertex 9.4000 10.2820 171.8020
      vertex 9.4000 10.5871 171.8750
    endloop
  endfacet
  facet normal -2.73615e-19 0.923904 0.382624
    outer loop
      vertex 15.0000 9.1180 168.9920
      vertex 9.4000 8.9979 169.2820
      vertex 15.0000 8.9979 169.2820
    endloop
  endfacet
  facet normal -2.73615e-19 0.923904 0.382624
    outer loop
      vertex 9.4000 8.9979 169.2820
      vertex 15.0000 9.1180 168.9920
      vertex 9.4000 9.1180 168.9920
    endloop
  endfacet
  facet normal -4.45026e-19 0.972337 -0.233584
    outer loop
      vertex 15.0000 8.9246 170.2130
      vertex 9.4000 8.9979 170.5180
      vertex 15.0000 8.9979 170.5180
    endloop
  endfacet
  facet normal -4.45026e-19 0.972337 -0.233584
    outer loop
      vertex 9.4000 8.9979 170.5180
      vertex 15.0000 8.9246 170.2130
      vertex 9.4000 8.9246 170.2130
    endloop
  endfacet
  facet normal 1.83035e-18 0.852995 0.521919
    outer loop
      vertex 15.0000 9.2820 168.7240
      vertex 9.4000 9.1180 168.9920
      vertex 15.0000 9.1180 168.9920
    endloop
  endfacet
  facet normal 1.83035e-18 0.852995 0.521919
    outer loop
      vertex 9.4000 9.1180 168.9920
      vertex 15.0000 9.2820 168.7240
      vertex 9.4000 9.2820 168.7240
    endloop
  endfacet
  facet normal -0 0.649784 0.760119
    outer loop
      vertex 9.4000 9.7244 168.2820
      vertex 15.0000 9.4858 168.4860
      vertex 15.0000 9.7244 168.2820
    endloop
  endfacet
  facet normal 0 0.649784 0.760119
    outer loop
      vertex 15.0000 9.4858 168.4860
      vertex 9.4000 9.7244 168.2820
      vertex 9.4000 9.4858 168.4860
    endloop
  endfacet
  facet normal 1 0 0
    outer loop
      vertex 9.4000 12.8754 170.2130
      vertex 9.4000 12.8754 169.5870
      vertex 9.4000 12.9000 169.9000
    endloop
  endfacet
  facet normal 1 0 0
    outer loop
      vertex 9.4000 12.8021 170.5180
      vertex 9.4000 12.8754 169.5870
      vertex 9.4000 12.8754 170.2130
    endloop
  endfacet
  facet normal 1 0 0
    outer loop
      vertex 9.4000 12.8021 170.5180
      vertex 9.4000 12.8021 169.2820
      vertex 9.4000 12.8754 169.5870
    endloop
  endfacet
  facet normal 1 0 0
    outer loop
      vertex 9.4000 12.6820 170.8080
      vertex 9.4000 12.8021 169.2820
      vertex 9.4000 12.8021 170.5180
    endloop
  endfacet
  facet normal 1 0 0
    outer loop
      vertex 9.4000 12.6820 170.8080
      vertex 9.4000 12.6820 168.9920
      vertex 9.4000 12.8021 169.2820
    endloop
  endfacet
  facet normal 1 0 0
    outer loop
      vertex 9.4000 12.5180 171.0760
      vertex 9.4000 12.6820 168.9920
      vertex 9.4000 12.6820 170.8080
    endloop
  endfacet
  facet normal 1 0 0
    outer loop
      vertex 9.4000 12.5180 171.0760
      vertex 9.4000 12.5180 168.7240
      vertex 9.4000 12.6820 168.9920
    endloop
  endfacet
  facet normal 1 0 0
    outer loop
      vertex 9.4000 12.3142 171.3140
      vertex 9.4000 12.5180 168.7240
      vertex 9.4000 12.5180 171.0760
    endloop
  endfacet
  facet normal 1 0 0
    outer loop
      vertex 9.4000 12.3142 171.3140
      vertex 9.4000 12.3142 168.4860
      vertex 9.4000 12.5180 168.7240
    endloop
  endfacet
  facet normal 1 0 0
    outer loop
      vertex 9.4000 12.0756 171.5180
      vertex 9.4000 12.3142 168.4860
      vertex 9.4000 12.3142 171.3140
    endloop
  endfacet
  facet normal 1 0 0
    outer loop
      vertex 9.4000 12.0756 171.5180
      vertex 9.4000 12.0756 168.2820
      vertex 9.4000 12.3142 168.4860
    endloop
  endfacet
  facet normal 1 0 0
    outer loop
      vertex 9.4000 11.8080 171.6820
      vertex 9.4000 12.0756 168.2820
      vertex 9.4000 12.0756 171.5180
    endloop
  endfacet
  facet normal 1 0 0
    outer loop
      vertex 9.4000 11.8080 171.6820
      vertex 9.4000 11.8080 168.1180
      vertex 9.4000 12.0756 168.2820
    endloop
  endfacet
  facet normal 1 0 0
    outer loop
      vertex 9.4000 11.5180 171.8020
      vertex 9.4000 11.8080 168.1180
      vertex 9.4000 11.8080 171.6820
    endloop
  endfacet
  facet normal 1 0 0
    outer loop
      vertex 9.4000 11.5180 171.8020
      vertex 9.4000 11.5180 167.9980
      vertex 9.4000 11.8080 168.1180
    endloop
  endfacet
  facet normal 1 0 0
    outer loop
      vertex 9.4000 11.2129 171.8750
      vertex 9.4000 11.5180 167.9980
      vertex 9.4000 11.5180 171.8020
    endloop
  endfacet
  facet normal 1 0 0
    outer loop
      vertex 9.4000 11.2129 171.8750
      vertex 9.4000 11.2129 167.9250
      vertex 9.4000 11.5180 167.9980
    endloop
  endfacet
  facet normal 1 0 0
    outer loop
      vertex 9.4000 10.9000 171.9000
      vertex 9.4000 11.2129 167.9250
      vertex 9.4000 11.2129 171.8750
    endloop
  endfacet
  facet normal 1 0 0
    outer loop
      vertex 9.4000 10.9000 171.9000
      vertex 9.4000 10.9000 167.9000
      vertex 9.4000 11.2129 167.9250
    endloop
  endfacet
  facet normal 1 -0 0
    outer loop
      vertex 9.4000 10.5871 171.8750
      vertex 9.4000 10.9000 167.9000
      vertex 9.4000 10.9000 171.9000
    endloop
  endfacet
  facet normal 1 0 0
    outer loop
      vertex 9.4000 10.5871 171.8750
      vertex 9.4000 10.5871 167.9250
      vertex 9.4000 10.9000 167.9000
    endloop
  endfacet
  facet normal 1 -0 0
    outer loop
      vertex 9.4000 10.2820 171.8020
      vertex 9.4000 10.5871 167.9250
      vertex 9.4000 10.5871 171.8750
    endloop
  endfacet
  facet normal 1 0 0
    outer loop
      vertex 9.4000 10.2820 171.8020
      vertex 9.4000 10.2820 167.9980
      vertex 9.4000 10.5871 167.9250
    endloop
  endfacet
  facet normal 1 -0 0
    outer loop
      vertex 9.4000 9.9920 171.6820
      vertex 9.4000 10.2820 167.9980
      vertex 9.4000 10.2820 171.8020
    endloop
  endfacet
  facet normal 1 0 0
    outer loop
      vertex 9.4000 9.9920 171.6820
      vertex 9.4000 9.9920 168.1180
      vertex 9.4000 10.2820 167.9980
    endloop
  endfacet
  facet normal 1 -0 0
    outer loop
      vertex 9.4000 9.7244 171.5180
      vertex 9.4000 9.9920 168.1180
      vertex 9.4000 9.9920 171.6820
    endloop
  endfacet
  facet normal 1 0 0
    outer loop
      vertex 9.4000 9.7244 171.5180
      vertex 9.4000 9.7244 168.2820
      vertex 9.4000 9.9920 168.1180
    endloop
  endfacet
  facet normal 1 -0 0
    outer loop
      vertex 9.4000 9.4858 171.3140
      vertex 9.4000 9.7244 168.2820
      vertex 9.4000 9.7244 171.5180
    endloop
  endfacet
  facet normal 1 0 0
    outer loop
      vertex 9.4000 9.4858 171.3140
      vertex 9.4000 9.4858 168.4860
      vertex 9.4000 9.7244 168.2820
    endloop
  endfacet
  facet normal 1 -0 0
    outer loop
      vertex 9.4000 9.2820 171.0760
      vertex 9.4000 9.4858 168.4860
      vertex 9.4000 9.4858 171.3140
    endloop
  endfacet
  facet normal 1 0 0
    outer loop
      vertex 9.4000 9.2820 171.0760
      vertex 9.4000 9.2820 168.7240
      vertex 9.4000 9.4858 168.4860
    endloop
  endfacet
  facet normal 1 -0 0
    outer loop
      vertex 9.4000 9.1180 170.8080
      vertex 9.4000 9.2820 168.7240
      vertex 9.4000 9.2820 171.0760
    endloop
  endfacet
  facet normal 1 0 0
    outer loop
      vertex 9.4000 9.1180 170.8080
      vertex 9.4000 9.1180 168.9920
      vertex 9.4000 9.2820 168.7240
    endloop
  endfacet
  facet normal 1 -0 0
    outer loop
      vertex 9.4000 8.9979 170.5180
      vertex 9.4000 9.1180 168.9920
      vertex 9.4000 9.1180 170.8080
    endloop
  endfacet
  facet normal 1 0 0
    outer loop
      vertex 9.4000 8.9979 170.5180
      vertex 9.4000 8.9979 169.2820
      vertex 9.4000 9.1180 168.9920
    endloop
  endfacet
  facet normal 1 -0 0
    outer loop
      vertex 9.4000 8.9246 170.2130
      vertex 9.4000 8.9979 169.2820
      vertex 9.4000 8.9979 170.5180
    endloop
  endfacet
  facet normal 1 0 0
    outer loop
      vertex 9.4000 8.9246 170.2130
      vertex 9.4000 8.9246 169.5870
      vertex 9.4000 8.9979 169.2820
    endloop
  endfacet
  facet normal 1 0 -0
    outer loop
      vertex 9.4000 8.9246 169.5870
      vertex 9.4000 8.9246 170.2130
      vertex 9.4000 8.9000 169.9000
    endloop
  endfacet
  facet normal 0 -0.649784 -0.760119
    outer loop
      vertex 9.4000 12.0756 171.5180
      vertex 15.0000 12.3142 171.3140
      vertex 15.0000 12.0756 171.5180
    endloop
  endfacet
  facet normal -0 -0.649784 -0.760119
    outer loop
      vertex 15.0000 12.3142 171.3140
      vertex 9.4000 12.0756 171.5180
      vertex 9.4000 12.3142 171.3140
    endloop
  endfacet
  facet normal 0 0.522546 -0.852611
    outer loop
      vertex 9.4000 9.7244 171.5180
      vertex 15.0000 9.9920 171.6820
      vertex 15.0000 9.7244 171.5180
    endloop
  endfacet
  facet normal 0 0.522546 -0.852611
    outer loop
      vertex 15.0000 9.9920 171.6820
      vertex 9.4000 9.7244 171.5180
      vertex 9.4000 9.9920 171.6820
    endloop
  endfacet
  facet normal 0 0.649784 -0.760119
    outer loop
      vertex 9.4000 9.4858 171.3140
      vertex 15.0000 9.7244 171.5180
      vertex 15.0000 9.4858 171.3140
    endloop
  endfacet
  facet normal 0 0.649784 -0.760119
    outer loop
      vertex 15.0000 9.7244 171.5180
      vertex 9.4000 9.4858 171.3140
      vertex 9.4000 9.7244 171.5180
    endloop
  endfacet
  facet normal 1.08528e-18 0.75954 -0.65046
    outer loop
      vertex 15.0000 9.2820 171.0760
      vertex 9.4000 9.4858 171.3140
      vertex 15.0000 9.4858 171.3140
    endloop
  endfacet
  facet normal 1.08528e-18 0.75954 -0.65046
    outer loop
      vertex 9.4000 9.4858 171.3140
      vertex 15.0000 9.2820 171.0760
      vertex 9.4000 9.2820 171.0760
    endloop
  endfacet
  facet normal 1.03425e-18 -0.75954 -0.65046
    outer loop
      vertex 9.4000 12.5180 171.0760
      vertex 15.0000 12.3142 171.3140
      vertex 9.4000 12.3142 171.3140
    endloop
  endfacet
  facet normal 1.03425e-18 -0.75954 -0.65046
    outer loop
      vertex 15.0000 12.3142 171.3140
      vertex 9.4000 12.5180 171.0760
      vertex 15.0000 12.5180 171.0760
    endloop
  endfacet
  facet normal -8.95033e-19 -0.972337 0.233584
    outer loop
      vertex 9.4000 12.8021 169.2820
      vertex 15.0000 12.8754 169.5870
      vertex 9.4000 12.8754 169.5870
    endloop
  endfacet
  facet normal -8.95033e-19 -0.972337 0.233584
    outer loop
      vertex 15.0000 12.8754 169.5870
      vertex 9.4000 12.8021 169.2820
      vertex 15.0000 12.8021 169.2820
    endloop
  endfacet
  facet normal 5.51525e-19 0.923904 -0.382624
    outer loop
      vertex 15.0000 8.9979 170.5180
      vertex 9.4000 9.1180 170.8080
      vertex 15.0000 9.1180 170.8080
    endloop
  endfacet
  facet normal 5.51525e-19 0.923904 -0.382624
    outer loop
      vertex 9.4000 9.1180 170.8080
      vertex 15.0000 8.9979 170.5180
      vertex 9.4000 8.9979 170.5180
    endloop
  endfacet
  facet normal 0 -0.232654 -0.972559
    outer loop
      vertex 9.4000 11.2129 171.8750
      vertex 15.0000 11.5180 171.8020
      vertex 15.0000 11.2129 171.8750
    endloop
  endfacet
  facet normal -0 -0.232654 -0.972559
    outer loop
      vertex 15.0000 11.5180 171.8020
      vertex 9.4000 11.2129 171.8750
      vertex 9.4000 11.5180 171.8020
    endloop
  endfacet
  facet normal 0 -0.649784 0.760119
    outer loop
      vertex 9.4000 12.3142 168.4860
      vertex 15.0000 12.0756 168.2820
      vertex 15.0000 12.3142 168.4860
    endloop
  endfacet
  facet normal 0 -0.649784 0.760119
    outer loop
      vertex 15.0000 12.0756 168.2820
      vertex 9.4000 12.3142 168.4860
      vertex 9.4000 12.0756 168.2820
    endloop
  endfacet
  facet normal 7.51551e-21 -0.996921 -0.0784159
    outer loop
      vertex 9.4000 12.9000 169.9000
      vertex 15.0000 12.8754 170.2130
      vertex 9.4000 12.8754 170.2130
    endloop
  endfacet
  facet normal 7.51551e-21 -0.996921 -0.0784159
    outer loop
      vertex 15.0000 12.8754 170.2130
      vertex 9.4000 12.9000 169.9000
      vertex 15.0000 12.9000 169.9000
    endloop
  endfacet
  facet normal 0 0.0796515 -0.996823
    outer loop
      vertex 9.4000 10.5871 171.8750
      vertex 15.0000 10.9000 171.9000
      vertex 15.0000 10.5871 171.8750
    endloop
  endfacet
  facet normal 0 0.0796515 -0.996823
    outer loop
      vertex 15.0000 10.9000 171.9000
      vertex 9.4000 10.5871 171.8750
      vertex 9.4000 10.9000 171.9000
    endloop
  endfacet
  facet normal 1 0 0
    outer loop
      vertex 15.0000 12.8754 169.5870
      vertex 15.0000 15.0000 177.9000
      vertex 15.0000 12.9000 169.9000
    endloop
  endfacet
  facet normal 1 0 0
    outer loop
      vertex 15.0000 15.0000 177.9000
      vertex 15.0000 12.8754 170.2130
      vertex 15.0000 12.9000 169.9000
    endloop
  endfacet
  facet normal 1 0 0
    outer loop
      vertex 15.0000 15.0000 177.9000
      vertex 15.0000 12.8021 170.5180
      vertex 15.0000 12.8754 170.2130
    endloop
  endfacet
  facet normal 1 0 0
    outer loop
      vertex 15.0000 15.0000 177.9000
      vertex 15.0000 12.6820 170.8080
      vertex 15.0000 12.8021 170.5180
    endloop
  endfacet
  facet normal 1 0 0
    outer loop
      vertex 15.0000 15.0000 177.9000
      vertex 15.0000 12.5180 171.0760
      vertex 15.0000 12.6820 170.8080
    endloop
  endfacet
  facet normal 1 0 0
    outer loop
      vertex 15.0000 15.0000 177.9000
      vertex 15.0000 12.3142 171.3140
      vertex 15.0000 12.5180 171.0760
    endloop
  endfacet
  facet normal 1 0 0
    outer loop
      vertex 15.0000 15.0000 177.9000
      vertex 15.0000 12.0756 171.5180
      vertex 15.0000 12.3142 171.3140
    endloop
  endfacet
  facet normal 1 0 0
    outer loop
      vertex 15.0000 15.0000 177.9000
      vertex 15.0000 11.8080 171.6820
      vertex 15.0000 12.0756 171.5180
    endloop
  endfacet
  facet normal 1 0 0
    outer loop
      vertex 15.0000 15.0000 177.9000
      vertex 15.0000 11.5180 171.8020
      vertex 15.0000 11.8080 171.6820
    endloop
  endfacet
  facet normal 1 0 0
    outer loop
      vertex 15.0000 15.0000 177.9000
      vertex 15.0000 11.2129 171.8750
      vertex 15.0000 11.5180 171.8020
    endloop
  endfacet
  facet normal 1 0 0
    outer loop
      vertex 15.0000 15.0000 177.9000
      vertex 15.0000 10.9000 171.9000
      vertex 15.0000 11.2129 171.8750
    endloop
  endfacet
  facet normal 1 0 0
    outer loop
      vertex 15.0000 15.0000 177.9000
      vertex 15.0000 10.5871 171.8750
      vertex 15.0000 10.9000 171.9000
    endloop
  endfacet
  facet normal 1 -0 0
    outer loop
      vertex 15.0000 5.2000 177.9000
      vertex 15.0000 10.5871 171.8750
      vertex 15.0000 15.0000 177.9000
    endloop
  endfacet
  facet normal 1 0 0
    outer loop
      vertex 15.0000 10.5871 171.8750
      vertex 15.0000 5.2000 177.9000
      vertex 15.0000 10.2820 171.8020
    endloop
  endfacet
  facet normal 1 0 0
    outer loop
      vertex 15.0000 10.2820 171.8020
      vertex 15.0000 5.2000 177.9000
      vertex 15.0000 9.9920 171.6820
    endloop
  endfacet
  facet normal 1 0 0
    outer loop
      vertex 15.0000 9.9920 171.6820
      vertex 15.0000 5.2000 177.9000
      vertex 15.0000 9.7244 171.5180
    endloop
  endfacet
  facet normal 1 0 0
    outer loop
      vertex 15.0000 9.7244 171.5180
      vertex 15.0000 5.2000 177.9000
      vertex 15.0000 9.4858 171.3140
    endloop
  endfacet
  facet normal 1 0 0
    outer loop
      vertex 15.0000 8.9246 170.2130
      vertex 15.0000 5.2000 177.9000
      vertex 15.0000 8.9000 169.9000
    endloop
  endfacet
  facet normal 1 0 0
    outer loop
      vertex 15.0000 8.9979 170.5180
      vertex 15.0000 5.2000 177.9000
      vertex 15.0000 8.9246 170.2130
    endloop
  endfacet
  facet normal 1 0 0
    outer loop
      vertex 15.0000 9.1180 170.8080
      vertex 15.0000 5.2000 177.9000
      vertex 15.0000 8.9979 170.5180
    endloop
  endfacet
  facet normal 1 0 0
    outer loop
      vertex 15.0000 9.2820 171.0760
      vertex 15.0000 5.2000 177.9000
      vertex 15.0000 9.1180 170.8080
    endloop
  endfacet
  facet normal 1 0 0
    outer loop
      vertex 15.0000 9.4858 171.3140
      vertex 15.0000 5.2000 177.9000
      vertex 15.0000 9.2820 171.0760
    endloop
  endfacet
  facet normal 1 0 0
    outer loop
      vertex 15.0000 15.0000 177.9000
      vertex 15.0000 12.8754 169.5870
      vertex 15.0000 15.0000 0.0000
    endloop
  endfacet
  facet normal 1 -0 0
    outer loop
      vertex 15.0000 12.8021 169.2820
      vertex 15.0000 15.0000 0.0000
      vertex 15.0000 12.8754 169.5870
    endloop
  endfacet
  facet normal 1 -0 0
    outer loop
      vertex 15.0000 12.6820 168.9920
      vertex 15.0000 15.0000 0.0000
      vertex 15.0000 12.8021 169.2820
    endloop
  endfacet
  facet normal 1 -0 0
    outer loop
      vertex 15.0000 12.5180 168.7240
      vertex 15.0000 15.0000 0.0000
      vertex 15.0000 12.6820 168.9920
    endloop
  endfacet
  facet normal 1 -0 0
    outer loop
      vertex 15.0000 12.3142 168.4860
      vertex 15.0000 15.0000 0.0000
      vertex 15.0000 12.5180 168.7240
    endloop
  endfacet
  facet normal 1 -0 0
    outer loop
      vertex 15.0000 12.0756 168.2820
      vertex 15.0000 15.0000 0.0000
      vertex 15.0000 12.3142 168.4860
    endloop
  endfacet
  facet normal 1 -0 0
    outer loop
      vertex 15.0000 11.8080 168.1180
      vertex 15.0000 15.0000 0.0000
      vertex 15.0000 12.0756 168.2820
    endloop
  endfacet
  facet normal 1 -0 0
    outer loop
      vertex 15.0000 11.5180 167.9980
      vertex 15.0000 15.0000 0.0000
      vertex 15.0000 11.8080 168.1180
    endloop
  endfacet
  facet normal 1 -0 0
    outer loop
      vertex 15.0000 11.2129 167.9250
      vertex 15.0000 15.0000 0.0000
      vertex 15.0000 11.5180 167.9980
    endloop
  endfacet
  facet normal 1 -0 0
    outer loop
      vertex 15.0000 10.9000 167.9000
      vertex 15.0000 15.0000 0.0000
      vertex 15.0000 11.2129 167.9250
    endloop
  endfacet
  facet normal 1 0 0
    outer loop
      vertex 15.0000 5.2000 0.0000
      vertex 15.0000 10.9000 167.9000
      vertex 15.0000 10.5871 167.9250
    endloop
  endfacet
  facet normal 1 0 0
    outer loop
      vertex 15.0000 5.2000 0.0000
      vertex 15.0000 10.5871 167.9250
      vertex 15.0000 10.2820 167.9980
    endloop
  endfacet
  facet normal 1 0 0
    outer loop
      vertex 15.0000 5.2000 0.0000
      vertex 15.0000 10.2820 167.9980
      vertex 15.0000 9.9920 168.1180
    endloop
  endfacet
  facet normal 1 0 0
    outer loop
      vertex 15.0000 5.2000 0.0000
      vertex 15.0000 9.9920 168.1180
      vertex 15.0000 9.7244 168.2820
    endloop
  endfacet
  facet normal 1 0 0
    outer loop
      vertex 15.0000 5.2000 0.0000
      vertex 15.0000 9.7244 168.2820
      vertex 15.0000 9.4858 168.4860
    endloop
  endfacet
  facet normal 1 0 0
    outer loop
      vertex 15.0000 5.2000 0.0000
      vertex 15.0000 9.4858 168.4860
      vertex 15.0000 9.2820 168.7240
    endloop
  endfacet
  facet normal 1 0 0
    outer loop
      vertex 15.0000 5.2000 0.0000
      vertex 15.0000 9.2820 168.7240
      vertex 15.0000 9.1180 168.9920
    endloop
  endfacet
  facet normal 1 0 0
    outer loop
      vertex 15.0000 5.2000 0.0000
      vertex 15.0000 9.1180 168.9920
      vertex 15.0000 8.9979 169.2820
    endloop
  endfacet
  facet normal 1 0 0
    outer loop
      vertex 15.0000 5.2000 177.9000
      vertex 15.0000 8.9979 169.2820
      vertex 15.0000 8.9246 169.5870
    endloop
  endfacet
  facet normal 1 0 0
    outer loop
      vertex 15.0000 5.2000 177.9000
      vertex 15.0000 8.9246 169.5870
      vertex 15.0000 8.9000 169.9000
    endloop
  endfacet
  facet normal 1 0 0
    outer loop
      vertex 15.0000 8.9979 169.2820
      vertex 15.0000 5.2000 177.9000
      vertex 15.0000 5.2000 0.0000
    endloop
  endfacet
  facet normal 1 0 0
    outer loop
      vertex 15.0000 10.9000 167.9000
      vertex 15.0000 5.2000 0.0000
      vertex 15.0000 15.0000 0.0000
    endloop
  endfacet
  facet normal 1 -0 0
    outer loop
      vertex 15.0000 0.0000 177.9000
      vertex 15.0000 1.8000 0.0000
      vertex 15.0000 1.8000 177.9000
    endloop
  endfacet
  facet normal 1 0 0
    outer loop
      vertex 15.0000 1.8000 0.0000
      vertex 15.0000 0.0000 177.9000
      vertex 15.0000 0.0000 0.0000
    endloop
  endfacet
  facet normal 0 0 -1
    outer loop
      vertex 15.0000 0.0000 0.0000
      vertex 8.0000 1.8000 0.0000
      vertex 15.0000 1.8000 0.0000
    endloop
  endfacet
  facet normal 0 0 -1
    outer loop
      vertex 5.2000 8.0000 0.0000
      vertex 8.0000 5.2000 0.0000
      vertex 8.0000 1.8000 0.0000
    endloop
  endfacet
  facet normal 0 0 -1
    outer loop
      vertex 8.0000 5.2000 0.0000
      vertex 5.2000 8.0000 0.0000
      vertex 8.0000 10.0000 0.0000
    endloop
  endfacet
  facet normal 0 0 -1
    outer loop
      vertex 8.0000 1.8000 0.0000
      vertex 1.8000 8.0000 0.0000
      vertex 5.2000 8.0000 0.0000
    endloop
  endfacet
  facet normal 0 0 -1
    outer loop
      vertex 0.0000 0.0000 0.0000
      vertex 8.0000 1.8000 0.0000
      vertex 15.0000 0.0000 0.0000
    endloop
  endfacet
  facet normal 0 0 -1
    outer loop
      vertex 0.0000 0.0000 0.0000
      vertex 1.8000 8.0000 0.0000
      vertex 8.0000 1.8000 0.0000
    endloop
  endfacet
  facet normal 0 0 -1
    outer loop
      vertex 0.0000 15.0000 0.0000
      vertex 1.8000 8.0000 0.0000
      vertex 0.0000 0.0000 0.0000
    endloop
  endfacet
  facet normal 0 0 -1
    outer loop
      vertex 1.8000 8.0000 0.0000
      vertex 0.0000 15.0000 0.0000
      vertex 1.8000 15.0000 0.0000
    endloop
  endfacet
  facet normal 0 0 -1
    outer loop
      vertex 15.0000 5.2000 0.0000
      vertex 12.0000 10.0000 0.0000
      vertex 15.0000 15.0000 0.0000
    endloop
  endfacet
  facet normal 0 0 -1
    outer loop
      vertex 15.0000 5.2000 0.0000
      vertex 11.9754 9.6871 0.0000
      vertex 12.0000 10.0000 0.0000
    endloop
  endfacet
  facet normal 0 0 -1
    outer loop
      vertex 15.0000 5.2000 0.0000
      vertex 11.9021 9.3820 0.0000
      vertex 11.9754 9.6871 0.0000
    endloop
  endfacet
  facet normal 0 0 -1
    outer loop
      vertex 15.0000 5.2000 0.0000
      vertex 11.7820 9.0920 0.0000
      vertex 11.9021 9.3820 0.0000
    endloop
  endfacet
  facet normal 0 0 -1
    outer loop
      vertex 15.0000 5.2000 0.0000
      vertex 11.6180 8.8244 0.0000
      vertex 11.7820 9.0920 0.0000
    endloop
  endfacet
  facet normal 0 0 -1
    outer loop
      vertex 15.0000 5.2000 0.0000
      vertex 11.4142 8.5858 0.0000
      vertex 11.6180 8.8244 0.0000
    endloop
  endfacet
  facet normal 0 0 -1
    outer loop
      vertex 15.0000 5.2000 0.0000
      vertex 11.1756 8.3820 0.0000
      vertex 11.4142 8.5858 0.0000
    endloop
  endfacet
  facet normal 0 0 -1
    outer loop
      vertex 15.0000 5.2000 0.0000
      vertex 10.9080 8.2180 0.0000
      vertex 11.1756 8.3820 0.0000
    endloop
  endfacet
  facet normal 0 0 -1
    outer loop
      vertex 15.0000 5.2000 0.0000
      vertex 10.6180 8.0979 0.0000
      vertex 10.9080 8.2180 0.0000
    endloop
  endfacet
  facet normal 0 0 -1
    outer loop
      vertex 8.0000 5.2000 0.0000
      vertex 10.6180 8.0979 0.0000
      vertex 15.0000 5.2000 0.0000
    endloop
  endfacet
  facet normal 0 0 -1
    outer loop
      vertex 10.6180 8.0979 0.0000
      vertex 8.0000 5.2000 0.0000
      vertex 10.3129 8.0246 0.0000
    endloop
  endfacet
  facet normal 0 0 -1
    outer loop
      vertex 10.3129 8.0246 0.0000
      vertex 8.0000 5.2000 0.0000
      vertex 10.0000 8.0000 0.0000
    endloop
  endfacet
  facet normal -0 0 -1
    outer loop
      vertex 10.0000 8.0000 0.0000
      vertex 8.0000 5.2000 0.0000
      vertex 9.6871 8.0246 0.0000
    endloop
  endfacet
  facet normal -0 0 -1
    outer loop
      vertex 9.6871 8.0246 0.0000
      vertex 8.0000 5.2000 0.0000
      vertex 9.3820 8.0979 0.0000
    endloop
  endfacet
  facet normal -0 0 -1
    outer loop
      vertex 9.3820 8.0979 0.0000
      vertex 8.0000 5.2000 0.0000
      vertex 9.0920 8.2180 0.0000
    endloop
  endfacet
  facet normal 0 0 -1
    outer loop
      vertex 8.0000 5.2000 0.0000
      vertex 8.8244 8.3820 0.0000
      vertex 9.0920 8.2180 0.0000
    endloop
  endfacet
  facet normal 0 0 -1
    outer loop
      vertex 8.0000 5.2000 0.0000
      vertex 8.5858 8.5858 0.0000
      vertex 8.8244 8.3820 0.0000
    endloop
  endfacet
  facet normal 0 0 -1
    outer loop
      vertex 8.0000 5.2000 0.0000
      vertex 8.3820 8.8244 0.0000
      vertex 8.5858 8.5858 0.0000
    endloop
  endfacet
  facet normal 0 0 -1
    outer loop
      vertex 8.0000 5.2000 0.0000
      vertex 8.2180 9.0920 0.0000
      vertex 8.3820 8.8244 0.0000
    endloop
  endfacet
  facet normal 0 0 -1
    outer loop
      vertex 8.0000 5.2000 0.0000
      vertex 8.0979 9.3820 0.0000
      vertex 8.2180 9.0920 0.0000
    endloop
  endfacet
  facet normal 0 0 -1
    outer loop
      vertex 8.0000 5.2000 0.0000
      vertex 8.0246 9.6871 0.0000
      vertex 8.0979 9.3820 0.0000
    endloop
  endfacet
  facet normal -0 0 -1
    outer loop
      vertex 8.0246 9.6871 0.0000
      vertex 8.0000 5.2000 0.0000
      vertex 8.0000 10.0000 0.0000
    endloop
  endfacet
  facet normal 0 0 -1
    outer loop
      vertex 11.9754 10.3129 0.0000
      vertex 15.0000 15.0000 0.0000
      vertex 12.0000 10.0000 0.0000
    endloop
  endfacet
  facet normal 0 0 -1
    outer loop
      vertex 11.9021 10.6180 0.0000
      vertex 15.0000 15.0000 0.0000
      vertex 11.9754 10.3129 0.0000
    endloop
  endfacet
  facet normal 0 0 -1
    outer loop
      vertex 11.7820 10.9080 0.0000
      vertex 15.0000 15.0000 0.0000
      vertex 11.9021 10.6180 0.0000
    endloop
  endfacet
  facet normal 0 0 -1
    outer loop
      vertex 11.6180 11.1756 0.0000
      vertex 15.0000 15.0000 0.0000
      vertex 11.7820 10.9080 0.0000
    endloop
  endfacet
  facet normal 0 0 -1
    outer loop
      vertex 11.4142 11.4142 0.0000
      vertex 15.0000 15.0000 0.0000
      vertex 11.6180 11.1756 0.0000
    endloop
  endfacet
  facet normal 0 0 -1
    outer loop
      vertex 11.1756 11.6180 0.0000
      vertex 15.0000 15.0000 0.0000
      vertex 11.4142 11.4142 0.0000
    endloop
  endfacet
  facet normal 0 0 -1
    outer loop
      vertex 10.9080 11.7820 0.0000
      vertex 15.0000 15.0000 0.0000
      vertex 11.1756 11.6180 0.0000
    endloop
  endfacet
  facet normal 0 0 -1
    outer loop
      vertex 10.6180 11.9021 0.0000
      vertex 15.0000 15.0000 0.0000
      vertex 10.9080 11.7820 0.0000
    endloop
  endfacet
  facet normal 0 0 -1
    outer loop
      vertex 10.3129 11.9754 0.0000
      vertex 15.0000 15.0000 0.0000
      vertex 10.6180 11.9021 0.0000
    endloop
  endfacet
  facet normal 0 0 -1
    outer loop
      vertex 10.0000 12.0000 0.0000
      vertex 15.0000 15.0000 0.0000
      vertex 10.3129 11.9754 0.0000
    endloop
  endfacet
  facet normal 0 0 -1
    outer loop
      vertex 5.2000 15.0000 0.0000
      vertex 10.0000 12.0000 0.0000
      vertex 9.6871 11.9754 0.0000
    endloop
  endfacet
  facet normal 0 0 -1
    outer loop
      vertex 5.2000 15.0000 0.0000
      vertex 9.6871 11.9754 0.0000
      vertex 9.3820 11.9021 0.0000
    endloop
  endfacet
  facet normal 0 0 -1
    outer loop
      vertex 5.2000 15.0000 0.0000
      vertex 9.3820 11.9021 0.0000
      vertex 9.0920 11.7820 0.0000
    endloop
  endfacet
  facet normal 0 0 -1
    outer loop
      vertex 5.2000 8.0000 0.0000
      vertex 8.0246 10.3129 0.0000
      vertex 8.0000 10.0000 0.0000
    endloop
  endfacet
  facet normal 0 0 -1
    outer loop
      vertex 5.2000 8.0000 0.0000
      vertex 8.0979 10.6180 0.0000
      vertex 8.0246 10.3129 0.0000
    endloop
  endfacet
  facet normal 0 0 -1
    outer loop
      vertex 5.2000 15.0000 0.0000
      vertex 8.0979 10.6180 0.0000
      vertex 5.2000 8.0000 0.0000
    endloop
  endfacet
  facet normal 0 0 -1
    outer loop
      vertex 8.0979 10.6180 0.0000
      vertex 5.2000 15.0000 0.0000
      vertex 8.2180 10.9080 0.0000
    endloop
  endfacet
  facet normal 0 0 -1
    outer loop
      vertex 8.2180 10.9080 0.0000
      vertex 5.2000 15.0000 0.0000
      vertex 8.3820 11.1756 0.0000
    endloop
  endfacet
  facet normal 0 0 -1
    outer loop
      vertex 10.0000 12.0000 0.0000
      vertex 5.2000 15.0000 0.0000
      vertex 15.0000 15.0000 0.0000
    endloop
  endfacet
  facet normal 0 0 -1
    outer loop
      vertex 8.8244 11.6180 0.0000
      vertex 5.2000 15.0000 0.0000
      vertex 9.0920 11.7820 0.0000
    endloop
  endfacet
  facet normal 0 0 -1
    outer loop
      vertex 8.5858 11.4142 0.0000
      vertex 5.2000 15.0000 0.0000
      vertex 8.8244 11.6180 0.0000
    endloop
  endfacet
  facet normal 0 0 -1
    outer loop
      vertex 8.3820 11.1756 0.0000
      vertex 5.2000 15.0000 0.0000
      vertex 8.5858 11.4142 0.0000
    endloop
  endfacet
  facet normal 0 0 1
    outer loop
      vertex 1.8000 15.0000 177.9000
      vertex 0.0000 15.0000 177.9000
      vertex 1.8000 8.0000 177.9000
    endloop
  endfacet
  facet normal 0 0 1
    outer loop
      vertex 15.0000 15.0000 177.9000
      vertex 13.0000 13.0000 177.9000
      vertex 15.0000 5.2000 177.9000
    endloop
  endfacet
  facet normal -0 0 1
    outer loop
      vertex 5.2000 15.0000 177.9000
      vertex 13.0000 13.0000 177.9000
      vertex 15.0000 15.0000 177.9000
    endloop
  endfacet
  facet normal 0 0 1
    outer loop
      vertex 5.2000 8.0000 177.9000
      vertex 7.0000 13.0000 177.9000
      vertex 5.2000 15.0000 177.9000
    endloop
  endfacet
  facet normal 0 0 1
    outer loop
      vertex 13.0000 13.0000 177.9000
      vertex 5.2000 15.0000 177.9000
      vertex 7.0000 13.0000 177.9000
    endloop
  endfacet
  facet normal -0 0 1
    outer loop
      vertex 13.0000 7.0000 177.9000
      vertex 15.0000 5.2000 177.9000
      vertex 13.0000 13.0000 177.9000
    endloop
  endfacet
  facet normal 0 0 1
    outer loop
      vertex 13.0000 7.0000 177.9000
      vertex 8.0000 5.2000 177.9000
      vertex 15.0000 5.2000 177.9000
    endloop
  endfacet
  facet normal 0 0 1
    outer loop
      vertex 5.2000 8.0000 177.9000
      vertex 8.0000 5.2000 177.9000
      vertex 7.0000 7.0000 177.9000
    endloop
  endfacet
  facet normal -0 0 1
    outer loop
      vertex 7.0000 7.0000 177.9000
      vertex 8.0000 5.2000 177.9000
      vertex 13.0000 7.0000 177.9000
    endloop
  endfacet
  facet normal -0 0 1
    outer loop
      vertex 8.0000 1.8000 177.9000
      vertex 15.0000 0.0000 177.9000
      vertex 15.0000 1.8000 177.9000
    endloop
  endfacet
  facet normal 0 0 1
    outer loop
      vertex 7.0000 13.0000 177.9000
      vertex 5.2000 8.0000 177.9000
      vertex 7.0000 7.0000 177.9000
    endloop
  endfacet
  facet normal 0 0 1
    outer loop
      vertex 8.0000 5.2000 177.9000
      vertex 5.2000 8.0000 177.9000
      vertex 8.0000 1.8000 177.9000
    endloop
  endfacet
  facet normal -0 0 1
    outer loop
      vertex 1.8000 8.0000 177.9000
      vertex 8.0000 1.8000 177.9000
      vertex 5.2000 8.0000 177.9000
    endloop
  endfacet
  facet normal 0 0 1
    outer loop
      vertex 8.0000 1.8000 177.9000
      vertex 0.0000 0.0000 177.9000
      vertex 15.0000 0.0000 177.9000
    endloop
  endfacet
  facet normal 0 0 1
    outer loop
      vertex 1.8000 8.0000 177.9000
      vertex 0.0000 0.0000 177.9000
      vertex 8.0000 1.8000 177.9000
    endloop
  endfacet
  facet normal 0 0 1
    outer loop
      vertex 0.0000 0.0000 177.9000
      vertex 1.8000 8.0000 177.9000
      vertex 0.0000 15.0000 177.9000
    endloop
  endfacet
  facet normal -1 0 0
    outer loop
      vertex 0.0000 0.0000 0.0000
      vertex 0.0000 15.0000 177.9000
      vertex 0.0000 15.0000 0.0000
    endloop
  endfacet
  facet normal -1 -0 0
    outer loop
      vertex 0.0000 15.0000 177.9000
      vertex 0.0000 0.0000 0.0000
      vertex 0.0000 0.0000 177.9000
    endloop
  endfacet
  facet normal 0 1 -0
    outer loop
      vertex 1.8000 15.0000 0.0000
      vertex 0.0000 15.0000 177.9000
      vertex 1.8000 15.0000 177.9000
    endloop
  endfacet
  facet normal 0 1 0
    outer loop
      vertex 0.0000 15.0000 177.9000
      vertex 1.8000 15.0000 0.0000
      vertex 0.0000 15.0000 0.0000
    endloop
  endfacet
  facet normal 0 1 0
    outer loop
      vertex 15.0000 15.0000 177.9000
      vertex 10.9000 15.0000 163.9000
      vertex 5.2000 15.0000 177.9000
    endloop
  endfacet
  facet normal 0 1 0
    outer loop
      vertex 15.0000 15.0000 177.9000
      vertex 11.2129 15.0000 163.8750
      vertex 10.9000 15.0000 163.9000
    endloop
  endfacet
  facet normal 0 1 0
    outer loop
      vertex 15.0000 15.0000 177.9000
      vertex 11.5180 15.0000 163.8020
      vertex 11.2129 15.0000 163.8750
    endloop
  endfacet
  facet normal 0 1 0
    outer loop
      vertex 15.0000 15.0000 177.9000
      vertex 11.8080 15.0000 163.6820
      vertex 11.5180 15.0000 163.8020
    endloop
  endfacet
  facet normal 0 1 0
    outer loop
      vertex 15.0000 15.0000 177.9000
      vertex 12.0756 15.0000 163.5180
      vertex 11.8080 15.0000 163.6820
    endloop
  endfacet
  facet normal 0 1 0
    outer loop
      vertex 15.0000 15.0000 177.9000
      vertex 12.3142 15.0000 163.3140
      vertex 12.0756 15.0000 163.5180
    endloop
  endfacet
  facet normal 0 1 0
    outer loop
      vertex 15.0000 15.0000 177.9000
      vertex 12.5180 15.0000 163.0760
      vertex 12.3142 15.0000 163.3140
    endloop
  endfacet
  facet normal 0 1 0
    outer loop
      vertex 15.0000 15.0000 177.9000
      vertex 12.6820 15.0000 162.8080
      vertex 12.5180 15.0000 163.0760
    endloop
  endfacet
  facet normal 0 1 0
    outer loop
      vertex 15.0000 15.0000 177.9000
      vertex 12.8021 15.0000 162.5180
      vertex 12.6820 15.0000 162.8080
    endloop
  endfacet
  facet normal 0 1 0
    outer loop
      vertex 15.0000 15.0000 177.9000
      vertex 12.8754 15.0000 162.2130
      vertex 12.8021 15.0000 162.5180
    endloop
  endfacet
  facet normal 0 1 0
    outer loop
      vertex 15.0000 15.0000 177.9000
      vertex 12.9000 15.0000 161.9000
      vertex 12.8754 15.0000 162.2130
    endloop
  endfacet
  facet normal 0 1 0
    outer loop
      vertex 15.0000 15.0000 177.9000
      vertex 12.8754 15.0000 161.5870
      vertex 12.9000 15.0000 161.9000
    endloop
  endfacet
  facet normal 0 1 0
    outer loop
      vertex 11.2129 15.0000 159.9250
      vertex 15.0000 15.0000 0.0000
      vertex 10.9000 15.0000 159.9000
    endloop
  endfacet
  facet normal 0 1 0
    outer loop
      vertex 11.5180 15.0000 159.9980
      vertex 15.0000 15.0000 0.0000
      vertex 11.2129 15.0000 159.9250
    endloop
  endfacet
  facet normal 0 1 0
    outer loop
      vertex 11.8080 15.0000 160.1180
      vertex 15.0000 15.0000 0.0000
      vertex 11.5180 15.0000 159.9980
    endloop
  endfacet
  facet normal 0 1 0
    outer loop
      vertex 12.0756 15.0000 160.2820
      vertex 15.0000 15.0000 0.0000
      vertex 11.8080 15.0000 160.1180
    endloop
  endfacet
  facet normal 0 1 0
    outer loop
      vertex 12.3142 15.0000 160.4860
      vertex 15.0000 15.0000 0.0000
      vertex 12.0756 15.0000 160.2820
    endloop
  endfacet
  facet normal 0 1 0
    outer loop
      vertex 12.5180 15.0000 160.7240
      vertex 15.0000 15.0000 0.0000
      vertex 12.3142 15.0000 160.4860
    endloop
  endfacet
  facet normal 0 1 0
    outer loop
      vertex 12.6820 15.0000 160.9920
      vertex 15.0000 15.0000 0.0000
      vertex 12.5180 15.0000 160.7240
    endloop
  endfacet
  facet normal 0 1 0
    outer loop
      vertex 12.8021 15.0000 161.2820
      vertex 15.0000 15.0000 0.0000
      vertex 12.6820 15.0000 160.9920
    endloop
  endfacet
  facet normal 0 1 0
    outer loop
      vertex 12.8754 15.0000 161.5870
      vertex 15.0000 15.0000 0.0000
      vertex 12.8021 15.0000 161.2820
    endloop
  endfacet
  facet normal 0 1 -0
    outer loop
      vertex 15.0000 15.0000 0.0000
      vertex 12.8754 15.0000 161.5870
      vertex 15.0000 15.0000 177.9000
    endloop
  endfacet
  facet normal 0 1 -0
    outer loop
      vertex 10.5871 15.0000 163.8750
      vertex 5.2000 15.0000 177.9000
      vertex 10.9000 15.0000 163.9000
    endloop
  endfacet
  facet normal 0 1 -0
    outer loop
      vertex 10.2820 15.0000 163.8020
      vertex 5.2000 15.0000 177.9000
      vertex 10.5871 15.0000 163.8750
    endloop
  endfacet
  facet normal 0 1 -0
    outer loop
      vertex 9.9920 15.0000 163.6820
      vertex 5.2000 15.0000 177.9000
      vertex 10.2820 15.0000 163.8020
    endloop
  endfacet
  facet normal 0 1 -0
    outer loop
      vertex 9.7244 15.0000 163.5180
      vertex 5.2000 15.0000 177.9000
      vertex 9.9920 15.0000 163.6820
    endloop
  endfacet
  facet normal 0 1 -0
    outer loop
      vertex 9.4858 15.0000 163.3140
      vertex 5.2000 15.0000 177.9000
      vertex 9.7244 15.0000 163.5180
    endloop
  endfacet
  facet normal 0 1 -0
    outer loop
      vertex 9.2820 15.0000 163.0760
      vertex 5.2000 15.0000 177.9000
      vertex 9.4858 15.0000 163.3140
    endloop
  endfacet
  facet normal 0 1 -0
    outer loop
      vertex 9.1180 15.0000 162.8080
      vertex 5.2000 15.0000 177.9000
      vertex 9.2820 15.0000 163.0760
    endloop
  endfacet
  facet normal 0 1 -0
    outer loop
      vertex 8.9979 15.0000 162.5180
      vertex 5.2000 15.0000 177.9000
      vertex 9.1180 15.0000 162.8080
    endloop
  endfacet
  facet normal 0 1 -0
    outer loop
      vertex 8.9246 15.0000 162.2130
      vertex 5.2000 15.0000 177.9000
      vertex 8.9979 15.0000 162.5180
    endloop
  endfacet
  facet normal 0 1 -0
    outer loop
      vertex 8.9000 15.0000 161.9000
      vertex 5.2000 15.0000 177.9000
      vertex 8.9246 15.0000 162.2130
    endloop
  endfacet
  facet normal 0 1 0
    outer loop
      vertex 8.9246 15.0000 161.5870
      vertex 5.2000 15.0000 177.9000
      vertex 8.9000 15.0000 161.9000
    endloop
  endfacet
  facet normal 0 1 0
    outer loop
      vertex 5.2000 15.0000 0.0000
      vertex 10.9000 15.0000 159.9000
      vertex 15.0000 15.0000 0.0000
    endloop
  endfacet
  facet normal 0 1 0
    outer loop
      vertex 10.9000 15.0000 159.9000
      vertex 5.2000 15.0000 0.0000
      vertex 10.5871 15.0000 159.9250
    endloop
  endfacet
  facet normal 0 1 0
    outer loop
      vertex 10.5871 15.0000 159.9250
      vertex 5.2000 15.0000 0.0000
      vertex 10.2820 15.0000 159.9980
    endloop
  endfacet
  facet normal 0 1 0
    outer loop
      vertex 10.2820 15.0000 159.9980
      vertex 5.2000 15.0000 0.0000
      vertex 9.9920 15.0000 160.1180
    endloop
  endfacet
  facet normal 0 1 0
    outer loop
      vertex 9.9920 15.0000 160.1180
      vertex 5.2000 15.0000 0.0000
      vertex 9.7244 15.0000 160.2820
    endloop
  endfacet
  facet normal 0 1 0
    outer loop
      vertex 9.7244 15.0000 160.2820
      vertex 5.2000 15.0000 0.0000
      vertex 9.4858 15.0000 160.4860
    endloop
  endfacet
  facet normal 0 1 0
    outer loop
      vertex 9.4858 15.0000 160.4860
      vertex 5.2000 15.0000 0.0000
      vertex 9.2820 15.0000 160.7240
    endloop
  endfacet
  facet normal 0 1 0
    outer loop
      vertex 9.2820 15.0000 160.7240
      vertex 5.2000 15.0000 0.0000
      vertex 9.1180 15.0000 160.9920
    endloop
  endfacet
  facet normal 0 1 0
    outer loop
      vertex 9.1180 15.0000 160.9920
      vertex 5.2000 15.0000 0.0000
      vertex 8.9979 15.0000 161.2820
    endloop
  endfacet
  facet normal 0 1 0
    outer loop
      vertex 8.9979 15.0000 161.2820
      vertex 5.2000 15.0000 0.0000
      vertex 8.9246 15.0000 161.5870
    endloop
  endfacet
  facet normal 0 1 0
    outer loop
      vertex 8.9246 15.0000 161.5870
      vertex 5.2000 15.0000 0.0000
      vertex 5.2000 15.0000 177.9000
    endloop
  endfacet
  facet normal 0 -1 0
    outer loop
      vertex 0.0000 0.0000 0.0000
      vertex 15.0000 0.0000 177.9000
      vertex 0.0000 0.0000 177.9000
    endloop
  endfacet
  facet normal 0 -1 -0
    outer loop
      vertex 15.0000 0.0000 177.9000
      vertex 0.0000 0.0000 0.0000
      vertex 15.0000 0.0000 0.0000
    endloop
  endfacet
  facet normal -1 0 0
    outer loop
      vertex 5.2000 8.0000 0.0000
      vertex 5.2000 15.0000 177.9000
      vertex 5.2000 15.0000 0.0000
    endloop
  endfacet
  facet normal -1 -0 0
    outer loop
      vertex 5.2000 15.0000 177.9000
      vertex 5.2000 8.0000 0.0000
      vertex 5.2000 8.0000 177.9000
    endloop
  endfacet
  facet normal 1 -0 0
    outer loop
      vertex 1.8000 8.0000 177.9000
      vertex 1.8000 15.0000 0.0000
      vertex 1.8000 15.0000 177.9000
    endloop
  endfacet
  facet normal 1 0 0
    outer loop
      vertex 1.8000 15.0000 0.0000
      vertex 1.8000 8.0000 177.9000
      vertex 1.8000 8.0000 0.0000
    endloop
  endfacet
  facet normal 0 1 -0
    outer loop
      vertex 5.2000 8.0000 0.0000
      vertex 1.8000 8.0000 177.9000
      vertex 5.2000 8.0000 177.9000
    endloop
  endfacet
  facet normal 0 1 0
    outer loop
      vertex 1.8000 8.0000 177.9000
      vertex 5.2000 8.0000 0.0000
      vertex 1.8000 8.0000 0.0000
    endloop
  endfacet
  facet normal 1 -0 0
    outer loop
      vertex 8.0000 1.8000 177.9000
      vertex 8.0000 5.2000 0.0000
      vertex 8.0000 5.2000 177.9000
    endloop
  endfacet
  facet normal 1 0 0
    outer loop
      vertex 8.0000 5.2000 0.0000
      vertex 8.0000 1.8000 177.9000
      vertex 8.0000 1.8000 0.0000
    endloop
  endfacet
  facet normal 0 -1 0
    outer loop
      vertex 8.0000 5.2000 0.0000
      vertex 15.0000 5.2000 177.9000
      vertex 8.0000 5.2000 177.9000
    endloop
  endfacet
  facet normal 0 -1 -0
    outer loop
      vertex 15.0000 5.2000 177.9000
      vertex 8.0000 5.2000 0.0000
      vertex 15.0000 5.2000 0.0000
    endloop
  endfacet
  facet normal 0 1 -0
    outer loop
      vertex 15.0000 1.8000 0.0000
      vertex 8.0000 1.8000 177.9000
      vertex 15.0000 1.8000 177.9000
    endloop
  endfacet
  facet normal 0 1 0
    outer loop
      vertex 8.0000 1.8000 177.9000
      vertex 15.0000 1.8000 0.0000
      vertex 8.0000 1.8000 0.0000
    endloop
  endfacet
  facet normal 1 -0 0
    outer loop
      vertex 13.0000 7.0000 180.3000
      vertex 13.0000 13.0000 177.9000
      vertex 13.0000 13.0000 180.3000
    endloop
  endfacet
  facet normal 1 0 0
    outer loop
      vertex 13.0000 13.0000 177.9000
      vertex 13.0000 7.0000 180.3000
      vertex 13.0000 7.0000 177.9000
    endloop
  endfacet
  facet normal -0 0 1
    outer loop
      vertex 7.0000 13.0000 180.3000
      vertex 13.0000 7.0000 180.3000
      vertex 13.0000 13.0000 180.3000
    endloop
  endfacet
  facet normal 0 0 1
    outer loop
      vertex 13.0000 7.0000 180.3000
      vertex 7.0000 13.0000 180.3000
      vertex 7.0000 7.0000 180.3000
    endloop
  endfacet
  facet normal -1 0 0
    outer loop
      vertex 7.0000 7.0000 177.9000
      vertex 7.0000 13.0000 180.3000
      vertex 7.0000 13.0000 177.9000
    endloop
  endfacet
  facet normal -1 -0 0
    outer loop
      vertex 7.0000 13.0000 180.3000
      vertex 7.0000 7.0000 177.9000
      vertex 7.0000 7.0000 180.3000
    endloop
  endfacet
  facet normal 0 1 -0
    outer loop
      vertex 13.0000 13.0000 177.9000
      vertex 7.0000 13.0000 180.3000
      vertex 13.0000 13.0000 180.3000
    endloop
  endfacet
  facet normal 0 1 0
    outer loop
      vertex 7.0000 13.0000 180.3000
      vertex 13.0000 13.0000 177.9000
      vertex 7.0000 13.0000 177.9000
    endloop
  endfacet
  facet normal 0 -1 0
    outer loop
      vertex 7.0000 7.0000 177.9000
      vertex 13.0000 7.0000 180.3000
      vertex 7.0000 7.0000 180.3000
    endloop
  endfacet
  facet normal 0 -1 -0
    outer loop
      vertex 13.0000 7.0000 180.3000
      vertex 7.0000 7.0000 177.9000
      vertex 13.0000 7.0000 177.9000
    endloop
  endfacet
endsolid OpenSCAD_Model
