solid OpenSCAD_Model
  facet normal -1 0 0
    outer loop
      vertex 12.7 -14.6 177.9
      vertex 12.7 -33.4 177.9
      vertex 12.7 -14.6 177.91
    endloop
  endfacet
  facet normal -1 0 0
    outer loop
      vertex 12.7 -14.6 177.91
      vertex 12.7 -13.4 180.9
      vertex 12.7 -13.4 177.91
    endloop
  endfacet
  facet normal -1 0 0
    outer loop
      vertex 12.7 -33.4 180.9
      vertex 12.7 -14.6 177.91
      vertex 12.7 -33.4 177.9
    endloop
  endfacet
  facet normal -1 0 0
    outer loop
      vertex 12.7 -14.6 177.91
      vertex 12.7 -33.4 180.9
      vertex 12.7 -13.4 180.9
    endloop
  endfacet
  facet normal 1 0 0
    outer loop
      vertex 9.7 -13.4 180.9
      vertex 9.7 -14.6 177.91
      vertex 9.7 -13.4 177.91
    endloop
  endfacet
  facet normal 1 -0 0
    outer loop
      vertex 9.7 -33.4 180.9
      vertex 9.7 -14.6 177.91
      vertex 9.7 -13.4 180.9
    endloop
  endfacet
  facet normal 1 0 0
    outer loop
      vertex 9.7 -33.4 177.9
      vertex 9.7 -14.6 177.91
      vertex 9.7 -33.4 180.9
    endloop
  endfacet
  facet normal 1 0 0
    outer loop
      vertex 9.7 -14.6 177.91
      vertex 9.7 -33.4 177.9
      vertex 9.7 -14.6 177.9
    endloop
  endfacet
  facet normal 0 1 -0
    outer loop
      vertex 12.7 -33.4 177.9
      vertex 9.7 -33.4 180.9
      vertex 12.7 -33.4 180.9
    endloop
  endfacet
  facet normal 0 1 0
    outer loop
      vertex 9.7 -33.4 180.9
      vertex 12.7 -33.4 177.9
      vertex 9.7 -33.4 177.9
    endloop
  endfacet
  facet normal 0 -1 0
    outer loop
      vertex 9.7 -13.4 177.91
      vertex 12.7 -13.4 180.9
      vertex 9.7 -13.4 180.9
    endloop
  endfacet
  facet normal 0 -1 -0
    outer loop
      vertex 12.7 -13.4 180.9
      vertex 9.7 -13.4 177.91
      vertex 12.7 -13.4 177.91
    endloop
  endfacet
  facet normal -1 0 0
    outer loop
      vertex 12.7 -38.62 177.9
      vertex 12.7 -57.4 177.9
      vertex 12.7 -38.62 177.91
    endloop
  endfacet
  facet normal -1 0 0
    outer loop
      vertex 12.7 -38.62 177.91
      vertex 12.7 -37.4 180.9
      vertex 12.7 -37.4 177.91
    endloop
  endfacet
  facet normal -1 0 0
    outer loop
      vertex 12.7 -57.4 180.9
      vertex 12.7 -38.62 177.91
      vertex 12.7 -57.4 177.9
    endloop
  endfacet
  facet normal -1 0 0
    outer loop
      vertex 12.7 -38.62 177.91
      vertex 12.7 -57.4 180.9
      vertex 12.7 -37.4 180.9
    endloop
  endfacet
  facet normal 1 0 0
    outer loop
      vertex 9.7 -37.4 180.9
      vertex 9.7 -38.62 177.91
      vertex 9.7 -37.4 177.91
    endloop
  endfacet
  facet normal 1 -0 0
    outer loop
      vertex 9.7 -57.4 180.9
      vertex 9.7 -38.62 177.91
      vertex 9.7 -37.4 180.9
    endloop
  endfacet
  facet normal 1 0 0
    outer loop
      vertex 9.7 -57.4 177.9
      vertex 9.7 -38.62 177.91
      vertex 9.7 -57.4 180.9
    endloop
  endfacet
  facet normal 1 0 0
    outer loop
      vertex 9.7 -38.62 177.91
      vertex 9.7 -57.4 177.9
      vertex 9.7 -38.62 177.9
    endloop
  endfacet
  facet normal 0 1 -0
    outer loop
      vertex 12.7 -57.4 177.9
      vertex 9.7 -57.4 180.9
      vertex 12.7 -57.4 180.9
    endloop
  endfacet
  facet normal 0 1 0
    outer loop
      vertex 9.7 -57.4 180.9
      vertex 12.7 -57.4 177.9
      vertex 9.7 -57.4 177.9
    endloop
  endfacet
  facet normal 0 -1 0
    outer loop
      vertex 9.7 -37.4 177.91
      vertex 12.7 -37.4 180.9
      vertex 9.7 -37.4 180.9
    endloop
  endfacet
  facet normal 0 -1 -0
    outer loop
      vertex 12.7 -37.4 180.9
      vertex 9.7 -37.4 177.91
      vertex 12.7 -37.4 177.91
    endloop
  endfacet
  facet normal -1 0 0
    outer loop
      vertex 12.7 -81.4 177.9
      vertex 12.7 -61.4 180.9
      vertex 12.7 -61.4 177.9
    endloop
  endfacet
  facet normal -1 -0 0
    outer loop
      vertex 12.7 -61.4 180.9
      vertex 12.7 -81.4 177.9
      vertex 12.7 -81.4 180.9
    endloop
  endfacet
  facet normal 1 -0 0
    outer loop
      vertex 9.7 -81.4 180.9
      vertex 9.7 -61.4 177.9
      vertex 9.7 -61.4 180.9
    endloop
  endfacet
  facet normal 1 0 0
    outer loop
      vertex 9.7 -61.4 177.9
      vertex 9.7 -81.4 180.9
      vertex 9.7 -81.4 177.9
    endloop
  endfacet
  facet normal 0 1 -0
    outer loop
      vertex 12.7 -81.4 177.9
      vertex 9.7 -81.4 180.9
      vertex 12.7 -81.4 180.9
    endloop
  endfacet
  facet normal 0 1 0
    outer loop
      vertex 9.7 -81.4 180.9
      vertex 12.7 -81.4 177.9
      vertex 9.7 -81.4 177.9
    endloop
  endfacet
  facet normal 0 -1 0
    outer loop
      vertex 9.7 -61.4 177.9
      vertex 12.7 -61.4 180.9
      vertex 9.7 -61.4 180.9
    endloop
  endfacet
  facet normal 0 -1 -0
    outer loop
      vertex 12.7 -61.4 180.9
      vertex 9.7 -61.4 177.9
      vertex 12.7 -61.4 177.9
    endloop
  endfacet
  facet normal -1 0 0
    outer loop
      vertex 18.7 -33.4 177.9
      vertex 18.7 -13.4 180.9
      vertex 18.7 -13.4 177.9
    endloop
  endfacet
  facet normal -1 -0 0
    outer loop
      vertex 18.7 -13.4 180.9
      vertex 18.7 -33.4 177.9
      vertex 18.7 -33.4 180.9
    endloop
  endfacet
  facet normal 1 0 0
    outer loop
      vertex 15.7 -13.4 180.9
      vertex 15.7 -14.6 177.91
      vertex 15.7 -13.4 177.91
    endloop
  endfacet
  facet normal 1 -0 0
    outer loop
      vertex 15.7 -33.4 180.9
      vertex 15.7 -14.6 177.91
      vertex 15.7 -13.4 180.9
    endloop
  endfacet
  facet normal 1 0 0
    outer loop
      vertex 15.7 -33.4 177.9
      vertex 15.7 -14.6 177.91
      vertex 15.7 -33.4 180.9
    endloop
  endfacet
  facet normal 1 0 0
    outer loop
      vertex 15.7 -14.6 177.91
      vertex 15.7 -33.4 177.9
      vertex 15.7 -14.6 177.9
    endloop
  endfacet
  facet normal 0 1 -0
    outer loop
      vertex 18.7 -33.4 177.9
      vertex 15.7 -33.4 180.9
      vertex 18.7 -33.4 180.9
    endloop
  endfacet
  facet normal 0 1 0
    outer loop
      vertex 15.7 -33.4 180.9
      vertex 18.7 -33.4 177.9
      vertex 15.7 -33.4 177.9
    endloop
  endfacet
  facet normal 0 -1 0
    outer loop
      vertex 16.7 -13.4 177.91
      vertex 15.7 -13.4 180.9
      vertex 15.7 -13.4 177.91
    endloop
  endfacet
  facet normal 0 -1 0
    outer loop
      vertex 15.7 -13.4 180.9
      vertex 16.7 -13.4 177.91
      vertex 18.7 -13.4 180.9
    endloop
  endfacet
  facet normal 0 -1 0
    outer loop
      vertex 18.7 -13.4 177.9
      vertex 16.7 -13.4 177.91
      vertex 16.7 -13.4 177.9
    endloop
  endfacet
  facet normal 0 -1 0
    outer loop
      vertex 16.7 -13.4 177.91
      vertex 18.7 -13.4 177.9
      vertex 18.7 -13.4 180.9
    endloop
  endfacet
  facet normal -1 0 0
    outer loop
      vertex 18.7 -57.4 177.9
      vertex 18.7 -37.4 180.9
      vertex 18.7 -37.4 177.9
    endloop
  endfacet
  facet normal -1 -0 0
    outer loop
      vertex 18.7 -37.4 180.9
      vertex 18.7 -57.4 177.9
      vertex 18.7 -57.4 180.9
    endloop
  endfacet
  facet normal 1 -0 0
    outer loop
      vertex 15.7 -57.4 180.9
      vertex 15.7 -37.4 177.9
      vertex 15.7 -37.4 180.9
    endloop
  endfacet
  facet normal 1 0 0
    outer loop
      vertex 15.7 -37.4 177.9
      vertex 15.7 -57.4 180.9
      vertex 15.7 -57.4 177.9
    endloop
  endfacet
  facet normal 0 1 -0
    outer loop
      vertex 18.7 -57.4 177.9
      vertex 15.7 -57.4 180.9
      vertex 18.7 -57.4 180.9
    endloop
  endfacet
  facet normal 0 1 0
    outer loop
      vertex 15.7 -57.4 180.9
      vertex 18.7 -57.4 177.9
      vertex 15.7 -57.4 177.9
    endloop
  endfacet
  facet normal 0 -1 0
    outer loop
      vertex 15.7 -37.4 177.9
      vertex 18.7 -37.4 180.9
      vertex 15.7 -37.4 180.9
    endloop
  endfacet
  facet normal 0 -1 -0
    outer loop
      vertex 18.7 -37.4 180.9
      vertex 15.7 -37.4 177.9
      vertex 18.7 -37.4 177.9
    endloop
  endfacet
  facet normal -1 0 0
    outer loop
      vertex 18.7 -81.4 177.9
      vertex 18.7 -61.4 180.9
      vertex 18.7 -61.4 177.9
    endloop
  endfacet
  facet normal -1 -0 0
    outer loop
      vertex 18.7 -61.4 180.9
      vertex 18.7 -81.4 177.9
      vertex 18.7 -81.4 180.9
    endloop
  endfacet
  facet normal 1 -0 0
    outer loop
      vertex 15.7 -81.4 180.9
      vertex 15.7 -61.4 177.9
      vertex 15.7 -61.4 180.9
    endloop
  endfacet
  facet normal 1 0 0
    outer loop
      vertex 15.7 -61.4 177.9
      vertex 15.7 -81.4 180.9
      vertex 15.7 -81.4 177.9
    endloop
  endfacet
  facet normal 0 1 -0
    outer loop
      vertex 18.7 -81.4 177.9
      vertex 15.7 -81.4 180.9
      vertex 18.7 -81.4 180.9
    endloop
  endfacet
  facet normal 0 1 0
    outer loop
      vertex 15.7 -81.4 180.9
      vertex 18.7 -81.4 177.9
      vertex 15.7 -81.4 177.9
    endloop
  endfacet
  facet normal 0 -1 0
    outer loop
      vertex 15.7 -61.4 177.9
      vertex 18.7 -61.4 180.9
      vertex 15.7 -61.4 180.9
    endloop
  endfacet
  facet normal 0 -1 -0
    outer loop
      vertex 18.7 -61.4 180.9
      vertex 15.7 -61.4 177.9
      vertex 18.7 -61.4 177.9
    endloop
  endfacet
  facet normal -1 0 0
    outer loop
      vertex 24.7 -33.4 177.9
      vertex 24.7 -13.4 180.9
      vertex 24.7 -13.4 177.9
    endloop
  endfacet
  facet normal -1 -0 0
    outer loop
      vertex 24.7 -13.4 180.9
      vertex 24.7 -33.4 177.9
      vertex 24.7 -33.4 180.9
    endloop
  endfacet
  facet normal 1 -0 0
    outer loop
      vertex 21.7 -33.4 180.9
      vertex 21.7 -13.4 177.9
      vertex 21.7 -13.4 180.9
    endloop
  endfacet
  facet normal 1 0 0
    outer loop
      vertex 21.7 -13.4 177.9
      vertex 21.7 -33.4 180.9
      vertex 21.7 -33.4 177.9
    endloop
  endfacet
  facet normal 0 1 -0
    outer loop
      vertex 24.7 -33.4 177.9
      vertex 21.7 -33.4 180.9
      vertex 24.7 -33.4 180.9
    endloop
  endfacet
  facet normal 0 1 0
    outer loop
      vertex 21.7 -33.4 180.9
      vertex 24.7 -33.4 177.9
      vertex 21.7 -33.4 177.9
    endloop
  endfacet
  facet normal 0 -1 0
    outer loop
      vertex 21.7 -13.4 177.9
      vertex 24.7 -13.4 180.9
      vertex 21.7 -13.4 180.9
    endloop
  endfacet
  facet normal 0 -1 -0
    outer loop
      vertex 24.7 -13.4 180.9
      vertex 21.7 -13.4 177.9
      vertex 24.7 -13.4 177.9
    endloop
  endfacet
  facet normal -1 0 0
    outer loop
      vertex 24.7 -57.4 177.9
      vertex 24.7 -37.4 180.9
      vertex 24.7 -37.4 177.9
    endloop
  endfacet
  facet normal -1 -0 0
    outer loop
      vertex 24.7 -37.4 180.9
      vertex 24.7 -57.4 177.9
      vertex 24.7 -57.4 180.9
    endloop
  endfacet
  facet normal 1 -0 0
    outer loop
      vertex 21.7 -57.4 180.9
      vertex 21.7 -37.4 177.9
      vertex 21.7 -37.4 180.9
    endloop
  endfacet
  facet normal 1 0 0
    outer loop
      vertex 21.7 -37.4 177.9
      vertex 21.7 -57.4 180.9
      vertex 21.7 -57.4 177.9
    endloop
  endfacet
  facet normal 0 1 -0
    outer loop
      vertex 24.7 -57.4 177.9
      vertex 21.7 -57.4 180.9
      vertex 24.7 -57.4 180.9
    endloop
  endfacet
  facet normal 0 1 0
    outer loop
      vertex 21.7 -57.4 180.9
      vertex 24.7 -57.4 177.9
      vertex 21.7 -57.4 177.9
    endloop
  endfacet
  facet normal 0 -1 0
    outer loop
      vertex 21.7 -37.4 177.9
      vertex 24.7 -37.4 180.9
      vertex 21.7 -37.4 180.9
    endloop
  endfacet
  facet normal 0 -1 -0
    outer loop
      vertex 24.7 -37.4 180.9
      vertex 21.7 -37.4 177.9
      vertex 24.7 -37.4 177.9
    endloop
  endfacet
  facet normal -1 0 0
    outer loop
      vertex 24.7 -81.4 177.9
      vertex 24.7 -61.4 180.9
      vertex 24.7 -61.4 177.9
    endloop
  endfacet
  facet normal -1 -0 0
    outer loop
      vertex 24.7 -61.4 180.9
      vertex 24.7 -81.4 177.9
      vertex 24.7 -81.4 180.9
    endloop
  endfacet
  facet normal 1 -0 0
    outer loop
      vertex 21.7 -81.4 180.9
      vertex 21.7 -61.4 177.9
      vertex 21.7 -61.4 180.9
    endloop
  endfacet
  facet normal 1 0 0
    outer loop
      vertex 21.7 -61.4 177.9
      vertex 21.7 -81.4 180.9
      vertex 21.7 -81.4 177.9
    endloop
  endfacet
  facet normal 0 1 -0
    outer loop
      vertex 24.7 -81.4 177.9
      vertex 21.7 -81.4 180.9
      vertex 24.7 -81.4 180.9
    endloop
  endfacet
  facet normal 0 1 0
    outer loop
      vertex 21.7 -81.4 180.9
      vertex 24.7 -81.4 177.9
      vertex 21.7 -81.4 177.9
    endloop
  endfacet
  facet normal 0 -1 0
    outer loop
      vertex 21.7 -61.4 177.9
      vertex 24.7 -61.4 180.9
      vertex 21.7 -61.4 180.9
    endloop
  endfacet
  facet normal 0 -1 -0
    outer loop
      vertex 24.7 -61.4 180.9
      vertex 21.7 -61.4 177.9
      vertex 24.7 -61.4 177.9
    endloop
  endfacet
  facet normal -1 0 0
    outer loop
      vertex 30.7 -16.9 177.9
      vertex 30.7 -33.4 177.9
      vertex 30.7 -16.9 177.91
    endloop
  endfacet
  facet normal -1 0 0
    outer loop
      vertex 30.7 -13.9 177.91
      vertex 30.7 -13.4 177.9
      vertex 30.7 -13.9 177.9
    endloop
  endfacet
  facet normal -1 0 0
    outer loop
      vertex 30.7 -13.4 177.9
      vertex 30.7 -13.9 177.91
      vertex 30.7 -13.4 180.9
    endloop
  endfacet
  facet normal -1 0 0
    outer loop
      vertex 30.7 -16.9 177.91
      vertex 30.7 -13.4 180.9
      vertex 30.7 -13.9 177.91
    endloop
  endfacet
  facet normal -1 0 0
    outer loop
      vertex 30.7 -33.4 180.9
      vertex 30.7 -16.9 177.91
      vertex 30.7 -33.4 177.9
    endloop
  endfacet
  facet normal -1 0 0
    outer loop
      vertex 30.7 -16.9 177.91
      vertex 30.7 -33.4 180.9
      vertex 30.7 -13.4 180.9
    endloop
  endfacet
  facet normal 1 0 0
    outer loop
      vertex 27.7 -13.4 180.9
      vertex 27.7 -13.9 177.91
      vertex 27.7 -13.4 177.9
    endloop
  endfacet
  facet normal 1 0 0
    outer loop
      vertex 27.7 -13.4 180.9
      vertex 27.7 -16.9 177.91
      vertex 27.7 -13.9 177.91
    endloop
  endfacet
  facet normal 1 -0 0
    outer loop
      vertex 27.7 -33.4 180.9
      vertex 27.7 -16.9 177.91
      vertex 27.7 -13.4 180.9
    endloop
  endfacet
  facet normal 1 0 0
    outer loop
      vertex 27.7 -33.4 177.9
      vertex 27.7 -16.9 177.91
      vertex 27.7 -33.4 180.9
    endloop
  endfacet
  facet normal 1 0 0
    outer loop
      vertex 27.7 -16.9 177.91
      vertex 27.7 -33.4 177.9
      vertex 27.7 -16.9 177.9
    endloop
  endfacet
  facet normal 1 0 0
    outer loop
      vertex 27.7 -13.4 177.9
      vertex 27.7 -13.9 177.91
      vertex 27.7 -13.9 177.9
    endloop
  endfacet
  facet normal -1 0 0
    outer loop
      vertex 27.7 -16.9 136.9
      vertex 27.7 -13.9 177.9
      vertex 27.7 -13.9 136.9
    endloop
  endfacet
  facet normal -1 -0 0
    outer loop
      vertex 27.7 -13.9 177.9
      vertex 27.7 -16.9 136.9
      vertex 27.7 -16.9 177.9
    endloop
  endfacet
  facet normal 0 1 -0
    outer loop
      vertex 30.7 -33.4 177.9
      vertex 27.7 -33.4 180.9
      vertex 30.7 -33.4 180.9
    endloop
  endfacet
  facet normal 0 1 0
    outer loop
      vertex 27.7 -33.4 180.9
      vertex 30.7 -33.4 177.9
      vertex 27.7 -33.4 177.9
    endloop
  endfacet
  facet normal 0 -1 0
    outer loop
      vertex 27.7 -13.4 177.9
      vertex 30.7 -13.4 180.9
      vertex 27.7 -13.4 180.9
    endloop
  endfacet
  facet normal 0 -1 -0
    outer loop
      vertex 30.7 -13.4 180.9
      vertex 27.7 -13.4 177.9
      vertex 30.7 -13.4 177.9
    endloop
  endfacet
  facet normal -1 0 0
    outer loop
      vertex 30.7 -57.4 177.9
      vertex 30.7 -37.4 180.9
      vertex 30.7 -37.4 177.9
    endloop
  endfacet
  facet normal -1 -0 0
    outer loop
      vertex 30.7 -37.4 180.9
      vertex 30.7 -57.4 177.9
      vertex 30.7 -57.4 180.9
    endloop
  endfacet
  facet normal 1 -0 0
    outer loop
      vertex 27.7 -57.4 180.9
      vertex 27.7 -37.4 177.9
      vertex 27.7 -37.4 180.9
    endloop
  endfacet
  facet normal 1 0 0
    outer loop
      vertex 27.7 -37.4 177.9
      vertex 27.7 -57.4 180.9
      vertex 27.7 -57.4 177.9
    endloop
  endfacet
  facet normal 0 1 -0
    outer loop
      vertex 30.7 -57.4 177.9
      vertex 27.7 -57.4 180.9
      vertex 30.7 -57.4 180.9
    endloop
  endfacet
  facet normal 0 1 0
    outer loop
      vertex 27.7 -57.4 180.9
      vertex 30.7 -57.4 177.9
      vertex 27.7 -57.4 177.9
    endloop
  endfacet
  facet normal 0 -1 0
    outer loop
      vertex 27.7 -37.4 177.9
      vertex 30.7 -37.4 180.9
      vertex 27.7 -37.4 180.9
    endloop
  endfacet
  facet normal 0 -1 -0
    outer loop
      vertex 30.7 -37.4 180.9
      vertex 27.7 -37.4 177.9
      vertex 30.7 -37.4 177.9
    endloop
  endfacet
  facet normal -1 0 0
    outer loop
      vertex 30.7 -63.1 177.9
      vertex 30.7 -81.4 177.9
      vertex 30.7 -63.1 177.91
    endloop
  endfacet
  facet normal -1 0 0
    outer loop
      vertex 30.7 -63.1 177.91
      vertex 30.7 -61.4 180.9
      vertex 30.7 -61.4 177.91
    endloop
  endfacet
  facet normal -1 0 0
    outer loop
      vertex 30.7 -81.4 180.9
      vertex 30.7 -63.1 177.91
      vertex 30.7 -81.4 177.9
    endloop
  endfacet
  facet normal -1 0 0
    outer loop
      vertex 30.7 -63.1 177.91
      vertex 30.7 -81.4 180.9
      vertex 30.7 -61.4 180.9
    endloop
  endfacet
  facet normal 1 0 0
    outer loop
      vertex 27.7 -61.4 180.9
      vertex 27.7 -63.1 177.91
      vertex 27.7 -61.4 177.91
    endloop
  endfacet
  facet normal 1 -0 0
    outer loop
      vertex 27.7 -81.4 180.9
      vertex 27.7 -63.1 177.91
      vertex 27.7 -61.4 180.9
    endloop
  endfacet
  facet normal 1 0 0
    outer loop
      vertex 27.7 -81.4 177.9
      vertex 27.7 -63.1 177.91
      vertex 27.7 -81.4 180.9
    endloop
  endfacet
  facet normal 1 0 0
    outer loop
      vertex 27.7 -63.1 177.91
      vertex 27.7 -81.4 177.9
      vertex 27.7 -63.1 177.9
    endloop
  endfacet
  facet normal -1 0 0
    outer loop
      vertex 27.7 -63.1 136.9
      vertex 27.7 -60.1 177.9
      vertex 27.7 -60.1 136.9
    endloop
  endfacet
  facet normal -1 -0 0
    outer loop
      vertex 27.7 -60.1 177.9
      vertex 27.7 -63.1 136.9
      vertex 27.7 -63.1 177.9
    endloop
  endfacet
  facet normal 0 1 -0
    outer loop
      vertex 30.7 -81.4 177.9
      vertex 27.7 -81.4 180.9
      vertex 30.7 -81.4 180.9
    endloop
  endfacet
  facet normal 0 1 0
    outer loop
      vertex 27.7 -81.4 180.9
      vertex 30.7 -81.4 177.9
      vertex 27.7 -81.4 177.9
    endloop
  endfacet
  facet normal 0 -1 0
    outer loop
      vertex 27.7 -61.4 177.91
      vertex 30.7 -61.4 180.9
      vertex 27.7 -61.4 180.9
    endloop
  endfacet
  facet normal 0 -1 -0
    outer loop
      vertex 30.7 -61.4 180.9
      vertex 27.7 -61.4 177.91
      vertex 30.7 -61.4 177.91
    endloop
  endfacet
  facet normal -1 0 0
    outer loop
      vertex 36.7 -16.9 177.9
      vertex 36.7 -33.4 177.9
      vertex 36.7 -16.9 177.91
    endloop
  endfacet
  facet normal -1 0 0
    outer loop
      vertex 36.7 -13.9 177.91
      vertex 36.7 -13.4 177.9
      vertex 36.7 -13.9 177.9
    endloop
  endfacet
  facet normal -1 0 0
    outer loop
      vertex 36.7 -13.4 177.9
      vertex 36.7 -13.9 177.91
      vertex 36.7 -13.4 180.9
    endloop
  endfacet
  facet normal -1 0 0
    outer loop
      vertex 36.7 -16.9 177.91
      vertex 36.7 -13.4 180.9
      vertex 36.7 -13.9 177.91
    endloop
  endfacet
  facet normal -1 0 0
    outer loop
      vertex 36.7 -33.4 180.9
      vertex 36.7 -16.9 177.91
      vertex 36.7 -33.4 177.9
    endloop
  endfacet
  facet normal -1 0 0
    outer loop
      vertex 36.7 -16.9 177.91
      vertex 36.7 -33.4 180.9
      vertex 36.7 -13.4 180.9
    endloop
  endfacet
  facet normal 1 0 0
    outer loop
      vertex 33.7 -13.4 180.9
      vertex 33.7 -13.9 177.91
      vertex 33.7 -13.4 177.9
    endloop
  endfacet
  facet normal 1 0 0
    outer loop
      vertex 33.7 -13.4 180.9
      vertex 33.7 -16.9 177.91
      vertex 33.7 -13.9 177.91
    endloop
  endfacet
  facet normal 1 -0 0
    outer loop
      vertex 33.7 -33.4 180.9
      vertex 33.7 -16.9 177.91
      vertex 33.7 -13.4 180.9
    endloop
  endfacet
  facet normal 1 0 0
    outer loop
      vertex 33.7 -33.4 177.9
      vertex 33.7 -16.9 177.91
      vertex 33.7 -33.4 180.9
    endloop
  endfacet
  facet normal 1 0 0
    outer loop
      vertex 33.7 -16.9 177.91
      vertex 33.7 -33.4 177.9
      vertex 33.7 -16.9 177.9
    endloop
  endfacet
  facet normal 1 0 0
    outer loop
      vertex 33.7 -13.4 177.9
      vertex 33.7 -13.9 177.91
      vertex 33.7 -13.9 177.9
    endloop
  endfacet
  facet normal 0 1 -0
    outer loop
      vertex 36.7 -33.4 177.9
      vertex 33.7 -33.4 180.9
      vertex 36.7 -33.4 180.9
    endloop
  endfacet
  facet normal 0 1 0
    outer loop
      vertex 33.7 -33.4 180.9
      vertex 36.7 -33.4 177.9
      vertex 33.7 -33.4 177.9
    endloop
  endfacet
  facet normal 0 -1 0
    outer loop
      vertex 33.7 -13.4 177.9
      vertex 36.7 -13.4 180.9
      vertex 33.7 -13.4 180.9
    endloop
  endfacet
  facet normal 0 -1 -0
    outer loop
      vertex 36.7 -13.4 180.9
      vertex 33.7 -13.4 177.9
      vertex 36.7 -13.4 177.9
    endloop
  endfacet
  facet normal -1 0 0
    outer loop
      vertex 36.7 -57.4 177.9
      vertex 36.7 -37.4 180.9
      vertex 36.7 -37.4 177.9
    endloop
  endfacet
  facet normal -1 -0 0
    outer loop
      vertex 36.7 -37.4 180.9
      vertex 36.7 -57.4 177.9
      vertex 36.7 -57.4 180.9
    endloop
  endfacet
  facet normal 1 -0 0
    outer loop
      vertex 33.7 -57.4 180.9
      vertex 33.7 -37.4 177.9
      vertex 33.7 -37.4 180.9
    endloop
  endfacet
  facet normal 1 0 0
    outer loop
      vertex 33.7 -37.4 177.9
      vertex 33.7 -57.4 180.9
      vertex 33.7 -57.4 177.9
    endloop
  endfacet
  facet normal 0 1 -0
    outer loop
      vertex 36.7 -57.4 177.9
      vertex 33.7 -57.4 180.9
      vertex 36.7 -57.4 180.9
    endloop
  endfacet
  facet normal 0 1 0
    outer loop
      vertex 33.7 -57.4 180.9
      vertex 36.7 -57.4 177.9
      vertex 33.7 -57.4 177.9
    endloop
  endfacet
  facet normal 0 -1 0
    outer loop
      vertex 33.7 -37.4 177.9
      vertex 36.7 -37.4 180.9
      vertex 33.7 -37.4 180.9
    endloop
  endfacet
  facet normal 0 -1 -0
    outer loop
      vertex 36.7 -37.4 180.9
      vertex 33.7 -37.4 177.9
      vertex 36.7 -37.4 177.9
    endloop
  endfacet
  facet normal -1 0 0
    outer loop
      vertex 36.7 -63.1 177.9
      vertex 36.7 -81.4 177.9
      vertex 36.7 -63.1 177.91
    endloop
  endfacet
  facet normal -1 0 0
    outer loop
      vertex 36.7 -63.1 177.91
      vertex 36.7 -61.4 180.9
      vertex 36.7 -61.4 177.91
    endloop
  endfacet
  facet normal -1 0 0
    outer loop
      vertex 36.7 -81.4 180.9
      vertex 36.7 -63.1 177.91
      vertex 36.7 -81.4 177.9
    endloop
  endfacet
  facet normal -1 0 0
    outer loop
      vertex 36.7 -63.1 177.91
      vertex 36.7 -81.4 180.9
      vertex 36.7 -61.4 180.9
    endloop
  endfacet
  facet normal 1 0 0
    outer loop
      vertex 33.7 -61.4 180.9
      vertex 33.7 -63.1 177.91
      vertex 33.7 -61.4 177.91
    endloop
  endfacet
  facet normal 1 -0 0
    outer loop
      vertex 33.7 -81.4 180.9
      vertex 33.7 -63.1 177.91
      vertex 33.7 -61.4 180.9
    endloop
  endfacet
  facet normal 1 0 0
    outer loop
      vertex 33.7 -81.4 177.9
      vertex 33.7 -63.1 177.91
      vertex 33.7 -81.4 180.9
    endloop
  endfacet
  facet normal 1 0 0
    outer loop
      vertex 33.7 -63.1 177.91
      vertex 33.7 -81.4 177.9
      vertex 33.7 -63.1 177.9
    endloop
  endfacet
  facet normal 0 1 -0
    outer loop
      vertex 36.7 -81.4 177.9
      vertex 33.7 -81.4 180.9
      vertex 36.7 -81.4 180.9
    endloop
  endfacet
  facet normal 0 1 0
    outer loop
      vertex 33.7 -81.4 180.9
      vertex 36.7 -81.4 177.9
      vertex 33.7 -81.4 177.9
    endloop
  endfacet
  facet normal 0 -1 0
    outer loop
      vertex 33.7 -61.4 177.91
      vertex 36.7 -61.4 180.9
      vertex 33.7 -61.4 180.9
    endloop
  endfacet
  facet normal 0 -1 -0
    outer loop
      vertex 36.7 -61.4 180.9
      vertex 33.7 -61.4 177.91
      vertex 36.7 -61.4 177.91
    endloop
  endfacet
  facet normal -1 0 0
    outer loop
      vertex 42.7 -16.9 177.9
      vertex 42.7 -33.4 177.9
      vertex 42.7 -16.9 177.91
    endloop
  endfacet
  facet normal -1 0 0
    outer loop
      vertex 42.7 -13.9 177.91
      vertex 42.7 -13.4 177.9
      vertex 42.7 -13.9 177.9
    endloop
  endfacet
  facet normal -1 0 0
    outer loop
      vertex 42.7 -13.4 177.9
      vertex 42.7 -13.9 177.91
      vertex 42.7 -13.4 180.9
    endloop
  endfacet
  facet normal -1 0 0
    outer loop
      vertex 42.7 -16.9 177.91
      vertex 42.7 -13.4 180.9
      vertex 42.7 -13.9 177.91
    endloop
  endfacet
  facet normal -1 0 0
    outer loop
      vertex 42.7 -33.4 180.9
      vertex 42.7 -16.9 177.91
      vertex 42.7 -33.4 177.9
    endloop
  endfacet
  facet normal -1 0 0
    outer loop
      vertex 42.7 -16.9 177.91
      vertex 42.7 -33.4 180.9
      vertex 42.7 -13.4 180.9
    endloop
  endfacet
  facet normal 1 0 0
    outer loop
      vertex 39.7 -13.4 180.9
      vertex 39.7 -13.9 177.91
      vertex 39.7 -13.4 177.9
    endloop
  endfacet
  facet normal 1 0 0
    outer loop
      vertex 39.7 -13.4 180.9
      vertex 39.7 -16.9 177.91
      vertex 39.7 -13.9 177.91
    endloop
  endfacet
  facet normal 1 -0 0
    outer loop
      vertex 39.7 -33.4 180.9
      vertex 39.7 -16.9 177.91
      vertex 39.7 -13.4 180.9
    endloop
  endfacet
  facet normal 1 0 0
    outer loop
      vertex 39.7 -33.4 177.9
      vertex 39.7 -16.9 177.91
      vertex 39.7 -33.4 180.9
    endloop
  endfacet
  facet normal 1 0 0
    outer loop
      vertex 39.7 -16.9 177.91
      vertex 39.7 -33.4 177.9
      vertex 39.7 -16.9 177.9
    endloop
  endfacet
  facet normal 1 0 0
    outer loop
      vertex 39.7 -13.4 177.9
      vertex 39.7 -13.9 177.91
      vertex 39.7 -13.9 177.9
    endloop
  endfacet
  facet normal 0 1 -0
    outer loop
      vertex 42.7 -33.4 177.9
      vertex 39.7 -33.4 180.9
      vertex 42.7 -33.4 180.9
    endloop
  endfacet
  facet normal 0 1 0
    outer loop
      vertex 39.7 -33.4 180.9
      vertex 42.7 -33.4 177.9
      vertex 39.7 -33.4 177.9
    endloop
  endfacet
  facet normal 0 -1 0
    outer loop
      vertex 39.7 -13.4 177.9
      vertex 42.7 -13.4 180.9
      vertex 39.7 -13.4 180.9
    endloop
  endfacet
  facet normal 0 -1 -0
    outer loop
      vertex 42.7 -13.4 180.9
      vertex 39.7 -13.4 177.9
      vertex 42.7 -13.4 177.9
    endloop
  endfacet
  facet normal -1 0 0
    outer loop
      vertex 42.7 -57.4 177.9
      vertex 42.7 -37.4 180.9
      vertex 42.7 -37.4 177.9
    endloop
  endfacet
  facet normal -1 -0 0
    outer loop
      vertex 42.7 -37.4 180.9
      vertex 42.7 -57.4 177.9
      vertex 42.7 -57.4 180.9
    endloop
  endfacet
  facet normal 1 -0 0
    outer loop
      vertex 39.7 -57.4 180.9
      vertex 39.7 -37.4 177.9
      vertex 39.7 -37.4 180.9
    endloop
  endfacet
  facet normal 1 0 0
    outer loop
      vertex 39.7 -37.4 177.9
      vertex 39.7 -57.4 180.9
      vertex 39.7 -57.4 177.9
    endloop
  endfacet
  facet normal 0 1 -0
    outer loop
      vertex 42.7 -57.4 177.9
      vertex 39.7 -57.4 180.9
      vertex 42.7 -57.4 180.9
    endloop
  endfacet
  facet normal 0 1 0
    outer loop
      vertex 39.7 -57.4 180.9
      vertex 42.7 -57.4 177.9
      vertex 39.7 -57.4 177.9
    endloop
  endfacet
  facet normal 0 -1 0
    outer loop
      vertex 39.7 -37.4 177.9
      vertex 42.7 -37.4 180.9
      vertex 39.7 -37.4 180.9
    endloop
  endfacet
  facet normal 0 -1 -0
    outer loop
      vertex 42.7 -37.4 180.9
      vertex 39.7 -37.4 177.9
      vertex 42.7 -37.4 177.9
    endloop
  endfacet
  facet normal -1 0 0
    outer loop
      vertex 42.7 -63.1 177.9
      vertex 42.7 -81.4 177.9
      vertex 42.7 -63.1 177.91
    endloop
  endfacet
  facet normal -1 0 0
    outer loop
      vertex 42.7 -63.1 177.91
      vertex 42.7 -61.4 180.9
      vertex 42.7 -61.4 177.91
    endloop
  endfacet
  facet normal -1 0 0
    outer loop
      vertex 42.7 -81.4 180.9
      vertex 42.7 -63.1 177.91
      vertex 42.7 -81.4 177.9
    endloop
  endfacet
  facet normal -1 0 0
    outer loop
      vertex 42.7 -63.1 177.91
      vertex 42.7 -81.4 180.9
      vertex 42.7 -61.4 180.9
    endloop
  endfacet
  facet normal 1 0 0
    outer loop
      vertex 39.7 -61.4 180.9
      vertex 39.7 -63.1 177.91
      vertex 39.7 -61.4 177.91
    endloop
  endfacet
  facet normal 1 -0 0
    outer loop
      vertex 39.7 -81.4 180.9
      vertex 39.7 -63.1 177.91
      vertex 39.7 -61.4 180.9
    endloop
  endfacet
  facet normal 1 0 0
    outer loop
      vertex 39.7 -81.4 177.9
      vertex 39.7 -63.1 177.91
      vertex 39.7 -81.4 180.9
    endloop
  endfacet
  facet normal 1 0 0
    outer loop
      vertex 39.7 -63.1 177.91
      vertex 39.7 -81.4 177.9
      vertex 39.7 -63.1 177.9
    endloop
  endfacet
  facet normal 0 1 -0
    outer loop
      vertex 42.7 -81.4 177.9
      vertex 39.7 -81.4 180.9
      vertex 42.7 -81.4 180.9
    endloop
  endfacet
  facet normal 0 1 0
    outer loop
      vertex 39.7 -81.4 180.9
      vertex 42.7 -81.4 177.9
      vertex 39.7 -81.4 177.9
    endloop
  endfacet
  facet normal 0 -1 0
    outer loop
      vertex 39.7 -61.4 177.91
      vertex 42.7 -61.4 180.9
      vertex 39.7 -61.4 180.9
    endloop
  endfacet
  facet normal 0 -1 -0
    outer loop
      vertex 42.7 -61.4 180.9
      vertex 39.7 -61.4 177.91
      vertex 42.7 -61.4 177.91
    endloop
  endfacet
  facet normal -1 0 0
    outer loop
      vertex 48.7 -16.9 177.9
      vertex 48.7 -33.4 177.9
      vertex 48.7 -16.9 177.91
    endloop
  endfacet
  facet normal -1 0 0
    outer loop
      vertex 48.7 -13.9 177.91
      vertex 48.7 -13.4 177.9
      vertex 48.7 -13.9 177.9
    endloop
  endfacet
  facet normal -1 0 0
    outer loop
      vertex 48.7 -13.4 177.9
      vertex 48.7 -13.9 177.91
      vertex 48.7 -13.4 180.9
    endloop
  endfacet
  facet normal -1 0 0
    outer loop
      vertex 48.7 -16.9 177.91
      vertex 48.7 -13.4 180.9
      vertex 48.7 -13.9 177.91
    endloop
  endfacet
  facet normal -1 0 0
    outer loop
      vertex 48.7 -33.4 180.9
      vertex 48.7 -16.9 177.91
      vertex 48.7 -33.4 177.9
    endloop
  endfacet
  facet normal -1 0 0
    outer loop
      vertex 48.7 -16.9 177.91
      vertex 48.7 -33.4 180.9
      vertex 48.7 -13.4 180.9
    endloop
  endfacet
  facet normal 1 0 0
    outer loop
      vertex 45.7 -13.4 180.9
      vertex 45.7 -13.9 177.91
      vertex 45.7 -13.4 177.9
    endloop
  endfacet
  facet normal 1 0 0
    outer loop
      vertex 45.7 -13.4 180.9
      vertex 45.7 -16.9 177.91
      vertex 45.7 -13.9 177.91
    endloop
  endfacet
  facet normal 1 -0 0
    outer loop
      vertex 45.7 -33.4 180.9
      vertex 45.7 -16.9 177.91
      vertex 45.7 -13.4 180.9
    endloop
  endfacet
  facet normal 1 0 0
    outer loop
      vertex 45.7 -33.4 177.9
      vertex 45.7 -16.9 177.91
      vertex 45.7 -33.4 180.9
    endloop
  endfacet
  facet normal 1 0 0
    outer loop
      vertex 45.7 -16.9 177.91
      vertex 45.7 -33.4 177.9
      vertex 45.7 -16.9 177.9
    endloop
  endfacet
  facet normal 1 0 0
    outer loop
      vertex 45.7 -13.4 177.9
      vertex 45.7 -13.9 177.91
      vertex 45.7 -13.9 177.9
    endloop
  endfacet
  facet normal 0 1 -0
    outer loop
      vertex 48.7 -33.4 177.9
      vertex 45.7 -33.4 180.9
      vertex 48.7 -33.4 180.9
    endloop
  endfacet
  facet normal 0 1 0
    outer loop
      vertex 45.7 -33.4 180.9
      vertex 48.7 -33.4 177.9
      vertex 45.7 -33.4 177.9
    endloop
  endfacet
  facet normal 0 -1 0
    outer loop
      vertex 45.7 -13.4 177.9
      vertex 48.7 -13.4 180.9
      vertex 45.7 -13.4 180.9
    endloop
  endfacet
  facet normal 0 -1 -0
    outer loop
      vertex 48.7 -13.4 180.9
      vertex 45.7 -13.4 177.9
      vertex 48.7 -13.4 177.9
    endloop
  endfacet
  facet normal -1 0 0
    outer loop
      vertex 48.7 -57.4 177.9
      vertex 48.7 -37.4 180.9
      vertex 48.7 -37.4 177.9
    endloop
  endfacet
  facet normal -1 -0 0
    outer loop
      vertex 48.7 -37.4 180.9
      vertex 48.7 -57.4 177.9
      vertex 48.7 -57.4 180.9
    endloop
  endfacet
  facet normal 1 -0 0
    outer loop
      vertex 45.7 -57.4 180.9
      vertex 45.7 -37.4 177.9
      vertex 45.7 -37.4 180.9
    endloop
  endfacet
  facet normal 1 0 0
    outer loop
      vertex 45.7 -37.4 177.9
      vertex 45.7 -57.4 180.9
      vertex 45.7 -57.4 177.9
    endloop
  endfacet
  facet normal 0 1 -0
    outer loop
      vertex 48.7 -57.4 177.9
      vertex 45.7 -57.4 180.9
      vertex 48.7 -57.4 180.9
    endloop
  endfacet
  facet normal 0 1 0
    outer loop
      vertex 45.7 -57.4 180.9
      vertex 48.7 -57.4 177.9
      vertex 45.7 -57.4 177.9
    endloop
  endfacet
  facet normal 0 -1 0
    outer loop
      vertex 45.7 -37.4 177.9
      vertex 48.7 -37.4 180.9
      vertex 45.7 -37.4 180.9
    endloop
  endfacet
  facet normal 0 -1 -0
    outer loop
      vertex 48.7 -37.4 180.9
      vertex 45.7 -37.4 177.9
      vertex 48.7 -37.4 177.9
    endloop
  endfacet
  facet normal -1 0 0
    outer loop
      vertex 48.7 -63.1 177.9
      vertex 48.7 -81.4 177.9
      vertex 48.7 -63.1 177.91
    endloop
  endfacet
  facet normal -1 0 0
    outer loop
      vertex 48.7 -63.1 177.91
      vertex 48.7 -61.4 180.9
      vertex 48.7 -61.4 177.91
    endloop
  endfacet
  facet normal -1 0 0
    outer loop
      vertex 48.7 -81.4 180.9
      vertex 48.7 -63.1 177.91
      vertex 48.7 -81.4 177.9
    endloop
  endfacet
  facet normal -1 0 0
    outer loop
      vertex 48.7 -63.1 177.91
      vertex 48.7 -81.4 180.9
      vertex 48.7 -61.4 180.9
    endloop
  endfacet
  facet normal 1 0 0
    outer loop
      vertex 45.7 -61.4 180.9
      vertex 45.7 -63.1 177.91
      vertex 45.7 -61.4 177.91
    endloop
  endfacet
  facet normal 1 -0 0
    outer loop
      vertex 45.7 -81.4 180.9
      vertex 45.7 -63.1 177.91
      vertex 45.7 -61.4 180.9
    endloop
  endfacet
  facet normal 1 0 0
    outer loop
      vertex 45.7 -81.4 177.9
      vertex 45.7 -63.1 177.91
      vertex 45.7 -81.4 180.9
    endloop
  endfacet
  facet normal 1 0 0
    outer loop
      vertex 45.7 -63.1 177.91
      vertex 45.7 -81.4 177.9
      vertex 45.7 -63.1 177.9
    endloop
  endfacet
  facet normal 0 1 -0
    outer loop
      vertex 48.7 -81.4 177.9
      vertex 45.7 -81.4 180.9
      vertex 48.7 -81.4 180.9
    endloop
  endfacet
  facet normal 0 1 0
    outer loop
      vertex 45.7 -81.4 180.9
      vertex 48.7 -81.4 177.9
      vertex 45.7 -81.4 177.9
    endloop
  endfacet
  facet normal 0 -1 0
    outer loop
      vertex 45.7 -61.4 177.91
      vertex 48.7 -61.4 180.9
      vertex 45.7 -61.4 180.9
    endloop
  endfacet
  facet normal 0 -1 -0
    outer loop
      vertex 48.7 -61.4 180.9
      vertex 45.7 -61.4 177.91
      vertex 48.7 -61.4 177.91
    endloop
  endfacet
  facet normal -1 0 0
    outer loop
      vertex 54.7 -16.9 177.9
      vertex 54.7 -33.4 177.9
      vertex 54.7 -16.9 177.91
    endloop
  endfacet
  facet normal -1 0 0
    outer loop
      vertex 54.7 -13.9 177.91
      vertex 54.7 -13.4 177.9
      vertex 54.7 -13.9 177.9
    endloop
  endfacet
  facet normal -1 0 0
    outer loop
      vertex 54.7 -13.4 177.9
      vertex 54.7 -13.9 177.91
      vertex 54.7 -13.4 180.9
    endloop
  endfacet
  facet normal -1 0 0
    outer loop
      vertex 54.7 -16.9 177.91
      vertex 54.7 -13.4 180.9
      vertex 54.7 -13.9 177.91
    endloop
  endfacet
  facet normal -1 0 0
    outer loop
      vertex 54.7 -33.4 180.9
      vertex 54.7 -16.9 177.91
      vertex 54.7 -33.4 177.9
    endloop
  endfacet
  facet normal -1 0 0
    outer loop
      vertex 54.7 -16.9 177.91
      vertex 54.7 -33.4 180.9
      vertex 54.7 -13.4 180.9
    endloop
  endfacet
  facet normal 1 0 0
    outer loop
      vertex 51.7 -13.4 180.9
      vertex 51.7 -13.9 177.91
      vertex 51.7 -13.4 177.9
    endloop
  endfacet
  facet normal 1 0 0
    outer loop
      vertex 51.7 -13.4 180.9
      vertex 51.7 -16.9 177.91
      vertex 51.7 -13.9 177.91
    endloop
  endfacet
  facet normal 1 -0 0
    outer loop
      vertex 51.7 -33.4 180.9
      vertex 51.7 -16.9 177.91
      vertex 51.7 -13.4 180.9
    endloop
  endfacet
  facet normal 1 0 0
    outer loop
      vertex 51.7 -33.4 177.9
      vertex 51.7 -16.9 177.91
      vertex 51.7 -33.4 180.9
    endloop
  endfacet
  facet normal 1 0 0
    outer loop
      vertex 51.7 -16.9 177.91
      vertex 51.7 -33.4 177.9
      vertex 51.7 -16.9 177.9
    endloop
  endfacet
  facet normal 1 0 0
    outer loop
      vertex 51.7 -13.4 177.9
      vertex 51.7 -13.9 177.91
      vertex 51.7 -13.9 177.9
    endloop
  endfacet
  facet normal 0 1 -0
    outer loop
      vertex 54.7 -33.4 177.9
      vertex 51.7 -33.4 180.9
      vertex 54.7 -33.4 180.9
    endloop
  endfacet
  facet normal 0 1 0
    outer loop
      vertex 51.7 -33.4 180.9
      vertex 54.7 -33.4 177.9
      vertex 51.7 -33.4 177.9
    endloop
  endfacet
  facet normal 0 -1 0
    outer loop
      vertex 51.7 -13.4 177.9
      vertex 54.7 -13.4 180.9
      vertex 51.7 -13.4 180.9
    endloop
  endfacet
  facet normal 0 -1 -0
    outer loop
      vertex 54.7 -13.4 180.9
      vertex 51.7 -13.4 177.9
      vertex 54.7 -13.4 177.9
    endloop
  endfacet
  facet normal -1 0 0
    outer loop
      vertex 54.7 -57.4 177.9
      vertex 54.7 -37.4 180.9
      vertex 54.7 -37.4 177.9
    endloop
  endfacet
  facet normal -1 -0 0
    outer loop
      vertex 54.7 -37.4 180.9
      vertex 54.7 -57.4 177.9
      vertex 54.7 -57.4 180.9
    endloop
  endfacet
  facet normal 1 -0 0
    outer loop
      vertex 51.7 -57.4 180.9
      vertex 51.7 -37.4 177.9
      vertex 51.7 -37.4 180.9
    endloop
  endfacet
  facet normal 1 0 0
    outer loop
      vertex 51.7 -37.4 177.9
      vertex 51.7 -57.4 180.9
      vertex 51.7 -57.4 177.9
    endloop
  endfacet
  facet normal 0 1 -0
    outer loop
      vertex 54.7 -57.4 177.9
      vertex 51.7 -57.4 180.9
      vertex 54.7 -57.4 180.9
    endloop
  endfacet
  facet normal 0 1 0
    outer loop
      vertex 51.7 -57.4 180.9
      vertex 54.7 -57.4 177.9
      vertex 51.7 -57.4 177.9
    endloop
  endfacet
  facet normal 0 -1 0
    outer loop
      vertex 51.7 -37.4 177.9
      vertex 54.7 -37.4 180.9
      vertex 51.7 -37.4 180.9
    endloop
  endfacet
  facet normal 0 -1 -0
    outer loop
      vertex 54.7 -37.4 180.9
      vertex 51.7 -37.4 177.9
      vertex 54.7 -37.4 177.9
    endloop
  endfacet
  facet normal -1 0 0
    outer loop
      vertex 54.7 -63.1 177.9
      vertex 54.7 -81.4 177.9
      vertex 54.7 -63.1 177.91
    endloop
  endfacet
  facet normal -1 0 0
    outer loop
      vertex 54.7 -63.1 177.91
      vertex 54.7 -61.4 180.9
      vertex 54.7 -61.4 177.91
    endloop
  endfacet
  facet normal -1 0 0
    outer loop
      vertex 54.7 -81.4 180.9
      vertex 54.7 -63.1 177.91
      vertex 54.7 -81.4 177.9
    endloop
  endfacet
  facet normal -1 0 0
    outer loop
      vertex 54.7 -63.1 177.91
      vertex 54.7 -81.4 180.9
      vertex 54.7 -61.4 180.9
    endloop
  endfacet
  facet normal 1 0 0
    outer loop
      vertex 51.7 -61.4 180.9
      vertex 51.7 -63.1 177.91
      vertex 51.7 -61.4 177.91
    endloop
  endfacet
  facet normal 1 -0 0
    outer loop
      vertex 51.7 -81.4 180.9
      vertex 51.7 -63.1 177.91
      vertex 51.7 -61.4 180.9
    endloop
  endfacet
  facet normal 1 0 0
    outer loop
      vertex 51.7 -81.4 177.9
      vertex 51.7 -63.1 177.91
      vertex 51.7 -81.4 180.9
    endloop
  endfacet
  facet normal 1 0 0
    outer loop
      vertex 51.7 -63.1 177.91
      vertex 51.7 -81.4 177.9
      vertex 51.7 -63.1 177.9
    endloop
  endfacet
  facet normal 0 1 -0
    outer loop
      vertex 54.7 -81.4 177.9
      vertex 51.7 -81.4 180.9
      vertex 54.7 -81.4 180.9
    endloop
  endfacet
  facet normal 0 1 0
    outer loop
      vertex 51.7 -81.4 180.9
      vertex 54.7 -81.4 177.9
      vertex 51.7 -81.4 177.9
    endloop
  endfacet
  facet normal 0 -1 0
    outer loop
      vertex 51.7 -61.4 177.91
      vertex 54.7 -61.4 180.9
      vertex 51.7 -61.4 180.9
    endloop
  endfacet
  facet normal 0 -1 -0
    outer loop
      vertex 54.7 -61.4 180.9
      vertex 51.7 -61.4 177.91
      vertex 54.7 -61.4 177.91
    endloop
  endfacet
  facet normal -1 0 0
    outer loop
      vertex 60.7 -16.9 177.9
      vertex 60.7 -33.4 177.9
      vertex 60.7 -16.9 177.91
    endloop
  endfacet
  facet normal -1 0 0
    outer loop
      vertex 60.7 -13.9 177.91
      vertex 60.7 -13.4 177.9
      vertex 60.7 -13.9 177.9
    endloop
  endfacet
  facet normal -1 0 0
    outer loop
      vertex 60.7 -13.4 177.9
      vertex 60.7 -13.9 177.91
      vertex 60.7 -13.4 180.9
    endloop
  endfacet
  facet normal -1 0 0
    outer loop
      vertex 60.7 -16.9 177.91
      vertex 60.7 -13.4 180.9
      vertex 60.7 -13.9 177.91
    endloop
  endfacet
  facet normal -1 0 0
    outer loop
      vertex 60.7 -33.4 180.9
      vertex 60.7 -16.9 177.91
      vertex 60.7 -33.4 177.9
    endloop
  endfacet
  facet normal -1 0 0
    outer loop
      vertex 60.7 -16.9 177.91
      vertex 60.7 -33.4 180.9
      vertex 60.7 -13.4 180.9
    endloop
  endfacet
  facet normal 1 0 0
    outer loop
      vertex 57.7 -13.4 180.9
      vertex 57.7 -13.9 177.91
      vertex 57.7 -13.4 177.9
    endloop
  endfacet
  facet normal 1 0 0
    outer loop
      vertex 57.7 -13.4 180.9
      vertex 57.7 -16.9 177.91
      vertex 57.7 -13.9 177.91
    endloop
  endfacet
  facet normal 1 -0 0
    outer loop
      vertex 57.7 -33.4 180.9
      vertex 57.7 -16.9 177.91
      vertex 57.7 -13.4 180.9
    endloop
  endfacet
  facet normal 1 0 0
    outer loop
      vertex 57.7 -33.4 177.9
      vertex 57.7 -16.9 177.91
      vertex 57.7 -33.4 180.9
    endloop
  endfacet
  facet normal 1 0 0
    outer loop
      vertex 57.7 -16.9 177.91
      vertex 57.7 -33.4 177.9
      vertex 57.7 -16.9 177.9
    endloop
  endfacet
  facet normal 1 0 0
    outer loop
      vertex 57.7 -13.4 177.9
      vertex 57.7 -13.9 177.91
      vertex 57.7 -13.9 177.9
    endloop
  endfacet
  facet normal 0 1 -0
    outer loop
      vertex 60.7 -33.4 177.9
      vertex 57.7 -33.4 180.9
      vertex 60.7 -33.4 180.9
    endloop
  endfacet
  facet normal 0 1 0
    outer loop
      vertex 57.7 -33.4 180.9
      vertex 60.7 -33.4 177.9
      vertex 57.7 -33.4 177.9
    endloop
  endfacet
  facet normal 0 -1 0
    outer loop
      vertex 57.7 -13.4 177.9
      vertex 60.7 -13.4 180.9
      vertex 57.7 -13.4 180.9
    endloop
  endfacet
  facet normal 0 -1 -0
    outer loop
      vertex 60.7 -13.4 180.9
      vertex 57.7 -13.4 177.9
      vertex 60.7 -13.4 177.9
    endloop
  endfacet
  facet normal -1 0 0
    outer loop
      vertex 60.7 -57.4 177.9
      vertex 60.7 -37.4 180.9
      vertex 60.7 -37.4 177.9
    endloop
  endfacet
  facet normal -1 -0 0
    outer loop
      vertex 60.7 -37.4 180.9
      vertex 60.7 -57.4 177.9
      vertex 60.7 -57.4 180.9
    endloop
  endfacet
  facet normal 1 -0 0
    outer loop
      vertex 57.7 -57.4 180.9
      vertex 57.7 -37.4 177.9
      vertex 57.7 -37.4 180.9
    endloop
  endfacet
  facet normal 1 0 0
    outer loop
      vertex 57.7 -37.4 177.9
      vertex 57.7 -57.4 180.9
      vertex 57.7 -57.4 177.9
    endloop
  endfacet
  facet normal 0 1 -0
    outer loop
      vertex 60.7 -57.4 177.9
      vertex 57.7 -57.4 180.9
      vertex 60.7 -57.4 180.9
    endloop
  endfacet
  facet normal 0 1 0
    outer loop
      vertex 57.7 -57.4 180.9
      vertex 60.7 -57.4 177.9
      vertex 57.7 -57.4 177.9
    endloop
  endfacet
  facet normal 0 -1 0
    outer loop
      vertex 57.7 -37.4 177.9
      vertex 60.7 -37.4 180.9
      vertex 57.7 -37.4 180.9
    endloop
  endfacet
  facet normal 0 -1 -0
    outer loop
      vertex 60.7 -37.4 180.9
      vertex 57.7 -37.4 177.9
      vertex 60.7 -37.4 177.9
    endloop
  endfacet
  facet normal -1 0 0
    outer loop
      vertex 60.7 -63.1 177.9
      vertex 60.7 -81.4 177.9
      vertex 60.7 -63.1 177.91
    endloop
  endfacet
  facet normal -1 0 0
    outer loop
      vertex 60.7 -63.1 177.91
      vertex 60.7 -61.4 180.9
      vertex 60.7 -61.4 177.91
    endloop
  endfacet
  facet normal -1 0 0
    outer loop
      vertex 60.7 -81.4 180.9
      vertex 60.7 -63.1 177.91
      vertex 60.7 -81.4 177.9
    endloop
  endfacet
  facet normal -1 0 0
    outer loop
      vertex 60.7 -63.1 177.91
      vertex 60.7 -81.4 180.9
      vertex 60.7 -61.4 180.9
    endloop
  endfacet
  facet normal 1 0 0
    outer loop
      vertex 57.7 -61.4 180.9
      vertex 57.7 -63.1 177.91
      vertex 57.7 -61.4 177.91
    endloop
  endfacet
  facet normal 1 -0 0
    outer loop
      vertex 57.7 -81.4 180.9
      vertex 57.7 -63.1 177.91
      vertex 57.7 -61.4 180.9
    endloop
  endfacet
  facet normal 1 0 0
    outer loop
      vertex 57.7 -81.4 177.9
      vertex 57.7 -63.1 177.91
      vertex 57.7 -81.4 180.9
    endloop
  endfacet
  facet normal 1 0 0
    outer loop
      vertex 57.7 -63.1 177.91
      vertex 57.7 -81.4 177.9
      vertex 57.7 -63.1 177.9
    endloop
  endfacet
  facet normal 0 1 -0
    outer loop
      vertex 60.7 -81.4 177.9
      vertex 57.7 -81.4 180.9
      vertex 60.7 -81.4 180.9
    endloop
  endfacet
  facet normal 0 1 0
    outer loop
      vertex 57.7 -81.4 180.9
      vertex 60.7 -81.4 177.9
      vertex 57.7 -81.4 177.9
    endloop
  endfacet
  facet normal 0 -1 0
    outer loop
      vertex 57.7 -61.4 177.91
      vertex 60.7 -61.4 180.9
      vertex 57.7 -61.4 180.9
    endloop
  endfacet
  facet normal 0 -1 -0
    outer loop
      vertex 60.7 -61.4 180.9
      vertex 57.7 -61.4 177.91
      vertex 60.7 -61.4 177.91
    endloop
  endfacet
  facet normal -1 0 0
    outer loop
      vertex 66.7 -16.9 177.9
      vertex 66.7 -33.4 177.9
      vertex 66.7 -16.9 177.91
    endloop
  endfacet
  facet normal -1 0 0
    outer loop
      vertex 66.7 -13.9 177.91
      vertex 66.7 -13.4 177.9
      vertex 66.7 -13.9 177.9
    endloop
  endfacet
  facet normal -1 0 0
    outer loop
      vertex 66.7 -13.4 177.9
      vertex 66.7 -13.9 177.91
      vertex 66.7 -13.4 180.9
    endloop
  endfacet
  facet normal -1 0 0
    outer loop
      vertex 66.7 -16.9 177.91
      vertex 66.7 -13.4 180.9
      vertex 66.7 -13.9 177.91
    endloop
  endfacet
  facet normal -1 0 0
    outer loop
      vertex 66.7 -33.4 180.9
      vertex 66.7 -16.9 177.91
      vertex 66.7 -33.4 177.9
    endloop
  endfacet
  facet normal -1 0 0
    outer loop
      vertex 66.7 -16.9 177.91
      vertex 66.7 -33.4 180.9
      vertex 66.7 -13.4 180.9
    endloop
  endfacet
  facet normal 1 0 0
    outer loop
      vertex 63.7 -13.4 180.9
      vertex 63.7 -13.9 177.91
      vertex 63.7 -13.4 177.9
    endloop
  endfacet
  facet normal 1 0 0
    outer loop
      vertex 63.7 -13.4 180.9
      vertex 63.7 -16.9 177.91
      vertex 63.7 -13.9 177.91
    endloop
  endfacet
  facet normal 1 -0 0
    outer loop
      vertex 63.7 -33.4 180.9
      vertex 63.7 -16.9 177.91
      vertex 63.7 -13.4 180.9
    endloop
  endfacet
  facet normal 1 0 0
    outer loop
      vertex 63.7 -33.4 177.9
      vertex 63.7 -16.9 177.91
      vertex 63.7 -33.4 180.9
    endloop
  endfacet
  facet normal 1 0 0
    outer loop
      vertex 63.7 -16.9 177.91
      vertex 63.7 -33.4 177.9
      vertex 63.7 -16.9 177.9
    endloop
  endfacet
  facet normal 1 0 0
    outer loop
      vertex 63.7 -13.4 177.9
      vertex 63.7 -13.9 177.91
      vertex 63.7 -13.9 177.9
    endloop
  endfacet
  facet normal 0 1 -0
    outer loop
      vertex 66.7 -33.4 177.9
      vertex 63.7 -33.4 180.9
      vertex 66.7 -33.4 180.9
    endloop
  endfacet
  facet normal 0 1 0
    outer loop
      vertex 63.7 -33.4 180.9
      vertex 66.7 -33.4 177.9
      vertex 63.7 -33.4 177.9
    endloop
  endfacet
  facet normal 0 -1 0
    outer loop
      vertex 63.7 -13.4 177.9
      vertex 66.7 -13.4 180.9
      vertex 63.7 -13.4 180.9
    endloop
  endfacet
  facet normal 0 -1 -0
    outer loop
      vertex 66.7 -13.4 180.9
      vertex 63.7 -13.4 177.9
      vertex 66.7 -13.4 177.9
    endloop
  endfacet
  facet normal -1 0 0
    outer loop
      vertex 66.7 -57.4 177.9
      vertex 66.7 -37.4 180.9
      vertex 66.7 -37.4 177.9
    endloop
  endfacet
  facet normal -1 -0 0
    outer loop
      vertex 66.7 -37.4 180.9
      vertex 66.7 -57.4 177.9
      vertex 66.7 -57.4 180.9
    endloop
  endfacet
  facet normal 1 -0 0
    outer loop
      vertex 63.7 -57.4 180.9
      vertex 63.7 -37.4 177.9
      vertex 63.7 -37.4 180.9
    endloop
  endfacet
  facet normal 1 0 0
    outer loop
      vertex 63.7 -37.4 177.9
      vertex 63.7 -57.4 180.9
      vertex 63.7 -57.4 177.9
    endloop
  endfacet
  facet normal 0 1 -0
    outer loop
      vertex 66.7 -57.4 177.9
      vertex 63.7 -57.4 180.9
      vertex 66.7 -57.4 180.9
    endloop
  endfacet
  facet normal 0 1 0
    outer loop
      vertex 63.7 -57.4 180.9
      vertex 66.7 -57.4 177.9
      vertex 63.7 -57.4 177.9
    endloop
  endfacet
  facet normal 0 -1 0
    outer loop
      vertex 63.7 -37.4 177.9
      vertex 66.7 -37.4 180.9
      vertex 63.7 -37.4 180.9
    endloop
  endfacet
  facet normal 0 -1 -0
    outer loop
      vertex 66.7 -37.4 180.9
      vertex 63.7 -37.4 177.9
      vertex 66.7 -37.4 177.9
    endloop
  endfacet
  facet normal -1 0 0
    outer loop
      vertex 66.7 -63.1 177.9
      vertex 66.7 -81.4 177.9
      vertex 66.7 -63.1 177.91
    endloop
  endfacet
  facet normal -1 0 0
    outer loop
      vertex 66.7 -63.1 177.91
      vertex 66.7 -61.4 180.9
      vertex 66.7 -61.4 177.91
    endloop
  endfacet
  facet normal -1 0 0
    outer loop
      vertex 66.7 -81.4 180.9
      vertex 66.7 -63.1 177.91
      vertex 66.7 -81.4 177.9
    endloop
  endfacet
  facet normal -1 0 0
    outer loop
      vertex 66.7 -63.1 177.91
      vertex 66.7 -81.4 180.9
      vertex 66.7 -61.4 180.9
    endloop
  endfacet
  facet normal 1 0 0
    outer loop
      vertex 63.7 -61.4 180.9
      vertex 63.7 -63.1 177.91
      vertex 63.7 -61.4 177.91
    endloop
  endfacet
  facet normal 1 -0 0
    outer loop
      vertex 63.7 -81.4 180.9
      vertex 63.7 -63.1 177.91
      vertex 63.7 -61.4 180.9
    endloop
  endfacet
  facet normal 1 0 0
    outer loop
      vertex 63.7 -81.4 177.9
      vertex 63.7 -63.1 177.91
      vertex 63.7 -81.4 180.9
    endloop
  endfacet
  facet normal 1 0 0
    outer loop
      vertex 63.7 -63.1 177.91
      vertex 63.7 -81.4 177.9
      vertex 63.7 -63.1 177.9
    endloop
  endfacet
  facet normal 0 1 -0
    outer loop
      vertex 66.7 -81.4 177.9
      vertex 63.7 -81.4 180.9
      vertex 66.7 -81.4 180.9
    endloop
  endfacet
  facet normal 0 1 0
    outer loop
      vertex 63.7 -81.4 180.9
      vertex 66.7 -81.4 177.9
      vertex 63.7 -81.4 177.9
    endloop
  endfacet
  facet normal 0 -1 0
    outer loop
      vertex 63.7 -61.4 177.91
      vertex 66.7 -61.4 180.9
      vertex 63.7 -61.4 180.9
    endloop
  endfacet
  facet normal 0 -1 -0
    outer loop
      vertex 66.7 -61.4 180.9
      vertex 63.7 -61.4 177.91
      vertex 66.7 -61.4 177.91
    endloop
  endfacet
  facet normal -1 0 0
    outer loop
      vertex 72.7 -16.9 177.9
      vertex 72.7 -33.4 177.9
      vertex 72.7 -16.9 177.91
    endloop
  endfacet
  facet normal -1 0 0
    outer loop
      vertex 72.7 -13.9 177.91
      vertex 72.7 -13.4 177.9
      vertex 72.7 -13.9 177.9
    endloop
  endfacet
  facet normal -1 0 0
    outer loop
      vertex 72.7 -13.4 177.9
      vertex 72.7 -13.9 177.91
      vertex 72.7 -13.4 180.9
    endloop
  endfacet
  facet normal -1 0 0
    outer loop
      vertex 72.7 -16.9 177.91
      vertex 72.7 -13.4 180.9
      vertex 72.7 -13.9 177.91
    endloop
  endfacet
  facet normal -1 0 0
    outer loop
      vertex 72.7 -33.4 180.9
      vertex 72.7 -16.9 177.91
      vertex 72.7 -33.4 177.9
    endloop
  endfacet
  facet normal -1 0 0
    outer loop
      vertex 72.7 -16.9 177.91
      vertex 72.7 -33.4 180.9
      vertex 72.7 -13.4 180.9
    endloop
  endfacet
  facet normal 1 0 0
    outer loop
      vertex 69.7 -13.4 180.9
      vertex 69.7 -13.9 177.91
      vertex 69.7 -13.4 177.9
    endloop
  endfacet
  facet normal 1 0 0
    outer loop
      vertex 69.7 -13.4 180.9
      vertex 69.7 -16.9 177.91
      vertex 69.7 -13.9 177.91
    endloop
  endfacet
  facet normal 1 -0 0
    outer loop
      vertex 69.7 -33.4 180.9
      vertex 69.7 -16.9 177.91
      vertex 69.7 -13.4 180.9
    endloop
  endfacet
  facet normal 1 0 0
    outer loop
      vertex 69.7 -33.4 177.9
      vertex 69.7 -16.9 177.91
      vertex 69.7 -33.4 180.9
    endloop
  endfacet
  facet normal 1 0 0
    outer loop
      vertex 69.7 -16.9 177.91
      vertex 69.7 -33.4 177.9
      vertex 69.7 -16.9 177.9
    endloop
  endfacet
  facet normal 1 0 0
    outer loop
      vertex 69.7 -13.4 177.9
      vertex 69.7 -13.9 177.91
      vertex 69.7 -13.9 177.9
    endloop
  endfacet
  facet normal 0 1 -0
    outer loop
      vertex 72.7 -33.4 177.9
      vertex 69.7 -33.4 180.9
      vertex 72.7 -33.4 180.9
    endloop
  endfacet
  facet normal 0 1 0
    outer loop
      vertex 69.7 -33.4 180.9
      vertex 72.7 -33.4 177.9
      vertex 69.7 -33.4 177.9
    endloop
  endfacet
  facet normal 0 -1 0
    outer loop
      vertex 69.7 -13.4 177.9
      vertex 72.7 -13.4 180.9
      vertex 69.7 -13.4 180.9
    endloop
  endfacet
  facet normal 0 -1 -0
    outer loop
      vertex 72.7 -13.4 180.9
      vertex 69.7 -13.4 177.9
      vertex 72.7 -13.4 177.9
    endloop
  endfacet
  facet normal -1 0 0
    outer loop
      vertex 72.7 -57.4 177.9
      vertex 72.7 -37.4 180.9
      vertex 72.7 -37.4 177.9
    endloop
  endfacet
  facet normal -1 -0 0
    outer loop
      vertex 72.7 -37.4 180.9
      vertex 72.7 -57.4 177.9
      vertex 72.7 -57.4 180.9
    endloop
  endfacet
  facet normal 1 -0 0
    outer loop
      vertex 69.7 -57.4 180.9
      vertex 69.7 -37.4 177.9
      vertex 69.7 -37.4 180.9
    endloop
  endfacet
  facet normal 1 0 0
    outer loop
      vertex 69.7 -37.4 177.9
      vertex 69.7 -57.4 180.9
      vertex 69.7 -57.4 177.9
    endloop
  endfacet
  facet normal 0 1 -0
    outer loop
      vertex 72.7 -57.4 177.9
      vertex 69.7 -57.4 180.9
      vertex 72.7 -57.4 180.9
    endloop
  endfacet
  facet normal 0 1 0
    outer loop
      vertex 69.7 -57.4 180.9
      vertex 72.7 -57.4 177.9
      vertex 69.7 -57.4 177.9
    endloop
  endfacet
  facet normal 0 -1 0
    outer loop
      vertex 69.7 -37.4 177.9
      vertex 72.7 -37.4 180.9
      vertex 69.7 -37.4 180.9
    endloop
  endfacet
  facet normal 0 -1 -0
    outer loop
      vertex 72.7 -37.4 180.9
      vertex 69.7 -37.4 177.9
      vertex 72.7 -37.4 177.9
    endloop
  endfacet
  facet normal -1 0 0
    outer loop
      vertex 72.7 -63.1 177.9
      vertex 72.7 -81.4 177.9
      vertex 72.7 -63.1 177.91
    endloop
  endfacet
  facet normal -1 0 0
    outer loop
      vertex 72.7 -63.1 177.91
      vertex 72.7 -61.4 180.9
      vertex 72.7 -61.4 177.91
    endloop
  endfacet
  facet normal -1 0 0
    outer loop
      vertex 72.7 -81.4 180.9
      vertex 72.7 -63.1 177.91
      vertex 72.7 -81.4 177.9
    endloop
  endfacet
  facet normal -1 0 0
    outer loop
      vertex 72.7 -63.1 177.91
      vertex 72.7 -81.4 180.9
      vertex 72.7 -61.4 180.9
    endloop
  endfacet
  facet normal 1 0 0
    outer loop
      vertex 69.7 -61.4 180.9
      vertex 69.7 -63.1 177.91
      vertex 69.7 -61.4 177.91
    endloop
  endfacet
  facet normal 1 -0 0
    outer loop
      vertex 69.7 -81.4 180.9
      vertex 69.7 -63.1 177.91
      vertex 69.7 -61.4 180.9
    endloop
  endfacet
  facet normal 1 0 0
    outer loop
      vertex 69.7 -81.4 177.9
      vertex 69.7 -63.1 177.91
      vertex 69.7 -81.4 180.9
    endloop
  endfacet
  facet normal 1 0 0
    outer loop
      vertex 69.7 -63.1 177.91
      vertex 69.7 -81.4 177.9
      vertex 69.7 -63.1 177.9
    endloop
  endfacet
  facet normal 0 1 -0
    outer loop
      vertex 72.7 -81.4 177.9
      vertex 69.7 -81.4 180.9
      vertex 72.7 -81.4 180.9
    endloop
  endfacet
  facet normal 0 1 0
    outer loop
      vertex 69.7 -81.4 180.9
      vertex 72.7 -81.4 177.9
      vertex 69.7 -81.4 177.9
    endloop
  endfacet
  facet normal 0 -1 0
    outer loop
      vertex 69.7 -61.4 177.91
      vertex 72.7 -61.4 180.9
      vertex 69.7 -61.4 180.9
    endloop
  endfacet
  facet normal 0 -1 -0
    outer loop
      vertex 72.7 -61.4 180.9
      vertex 69.7 -61.4 177.91
      vertex 72.7 -61.4 177.91
    endloop
  endfacet
  facet normal -1 0 0
    outer loop
      vertex 78.7 -33.4 177.9
      vertex 78.7 -13.4 180.9
      vertex 78.7 -13.4 177.9
    endloop
  endfacet
  facet normal -1 -0 0
    outer loop
      vertex 78.7 -13.4 180.9
      vertex 78.7 -33.4 177.9
      vertex 78.7 -33.4 180.9
    endloop
  endfacet
  facet normal 1 0 0
    outer loop
      vertex 75.7 -13.4 180.9
      vertex 75.7 -13.9 177.91
      vertex 75.7 -13.4 177.9
    endloop
  endfacet
  facet normal 1 0 0
    outer loop
      vertex 75.7 -13.4 180.9
      vertex 75.7 -16.9 177.91
      vertex 75.7 -13.9 177.91
    endloop
  endfacet
  facet normal 1 -0 0
    outer loop
      vertex 75.7 -33.4 180.9
      vertex 75.7 -16.9 177.91
      vertex 75.7 -13.4 180.9
    endloop
  endfacet
  facet normal 1 0 0
    outer loop
      vertex 75.7 -33.4 177.9
      vertex 75.7 -16.9 177.91
      vertex 75.7 -33.4 180.9
    endloop
  endfacet
  facet normal 1 0 0
    outer loop
      vertex 75.7 -16.9 177.91
      vertex 75.7 -33.4 177.9
      vertex 75.7 -16.9 177.9
    endloop
  endfacet
  facet normal 1 0 0
    outer loop
      vertex 75.7 -13.4 177.9
      vertex 75.7 -13.9 177.91
      vertex 75.7 -13.9 177.9
    endloop
  endfacet
  facet normal 0 1 -0
    outer loop
      vertex 78.7 -33.4 177.9
      vertex 75.7 -33.4 180.9
      vertex 78.7 -33.4 180.9
    endloop
  endfacet
  facet normal 0 1 0
    outer loop
      vertex 75.7 -33.4 180.9
      vertex 78.7 -33.4 177.9
      vertex 75.7 -33.4 177.9
    endloop
  endfacet
  facet normal 0 -1 0
    outer loop
      vertex 75.7 -13.4 177.9
      vertex 78.7 -13.4 180.9
      vertex 75.7 -13.4 180.9
    endloop
  endfacet
  facet normal 0 -1 -0
    outer loop
      vertex 78.7 -13.4 180.9
      vertex 75.7 -13.4 177.9
      vertex 78.7 -13.4 177.9
    endloop
  endfacet
  facet normal -1 0 0
    outer loop
      vertex 78.7 -57.4 177.9
      vertex 78.7 -37.4 180.9
      vertex 78.7 -37.4 177.9
    endloop
  endfacet
  facet normal -1 -0 0
    outer loop
      vertex 78.7 -37.4 180.9
      vertex 78.7 -57.4 177.9
      vertex 78.7 -57.4 180.9
    endloop
  endfacet
  facet normal 1 -0 0
    outer loop
      vertex 75.7 -57.4 180.9
      vertex 75.7 -37.4 177.9
      vertex 75.7 -37.4 180.9
    endloop
  endfacet
  facet normal 1 0 0
    outer loop
      vertex 75.7 -37.4 177.9
      vertex 75.7 -57.4 180.9
      vertex 75.7 -57.4 177.9
    endloop
  endfacet
  facet normal 0 1 -0
    outer loop
      vertex 78.7 -57.4 177.9
      vertex 75.7 -57.4 180.9
      vertex 78.7 -57.4 180.9
    endloop
  endfacet
  facet normal 0 1 0
    outer loop
      vertex 75.7 -57.4 180.9
      vertex 78.7 -57.4 177.9
      vertex 75.7 -57.4 177.9
    endloop
  endfacet
  facet normal 0 -1 0
    outer loop
      vertex 75.7 -37.4 177.9
      vertex 78.7 -37.4 180.9
      vertex 75.7 -37.4 180.9
    endloop
  endfacet
  facet normal 0 -1 -0
    outer loop
      vertex 78.7 -37.4 180.9
      vertex 75.7 -37.4 177.9
      vertex 78.7 -37.4 177.9
    endloop
  endfacet
  facet normal -1 0 0
    outer loop
      vertex 78.7 -81.4 177.9
      vertex 78.7 -61.4 180.9
      vertex 78.7 -61.4 177.9
    endloop
  endfacet
  facet normal -1 -0 0
    outer loop
      vertex 78.7 -61.4 180.9
      vertex 78.7 -81.4 177.9
      vertex 78.7 -81.4 180.9
    endloop
  endfacet
  facet normal 1 0 0
    outer loop
      vertex 75.7 -61.4 180.9
      vertex 75.7 -63.1 177.91
      vertex 75.7 -61.4 177.91
    endloop
  endfacet
  facet normal 1 -0 0
    outer loop
      vertex 75.7 -81.4 180.9
      vertex 75.7 -63.1 177.91
      vertex 75.7 -61.4 180.9
    endloop
  endfacet
  facet normal 1 0 0
    outer loop
      vertex 75.7 -81.4 177.9
      vertex 75.7 -63.1 177.91
      vertex 75.7 -81.4 180.9
    endloop
  endfacet
  facet normal 1 0 0
    outer loop
      vertex 75.7 -63.1 177.91
      vertex 75.7 -81.4 177.9
      vertex 75.7 -63.1 177.9
    endloop
  endfacet
  facet normal 0 1 -0
    outer loop
      vertex 78.7 -81.4 177.9
      vertex 75.7 -81.4 180.9
      vertex 78.7 -81.4 180.9
    endloop
  endfacet
  facet normal 0 1 0
    outer loop
      vertex 75.7 -81.4 180.9
      vertex 78.7 -81.4 177.9
      vertex 75.7 -81.4 177.9
    endloop
  endfacet
  facet normal 0 -1 0
    outer loop
      vertex 77.7 -61.4 177.91
      vertex 75.7 -61.4 180.9
      vertex 75.7 -61.4 177.91
    endloop
  endfacet
  facet normal 0 -1 0
    outer loop
      vertex 75.7 -61.4 180.9
      vertex 77.7 -61.4 177.91
      vertex 78.7 -61.4 180.9
    endloop
  endfacet
  facet normal 0 -1 0
    outer loop
      vertex 78.7 -61.4 177.9
      vertex 77.7 -61.4 177.91
      vertex 77.7 -61.4 177.9
    endloop
  endfacet
  facet normal 0 -1 0
    outer loop
      vertex 77.7 -61.4 177.91
      vertex 78.7 -61.4 177.9
      vertex 78.7 -61.4 180.9
    endloop
  endfacet
  facet normal -1 0 0
    outer loop
      vertex 84.7 -33.4 177.9
      vertex 84.7 -13.4 180.9
      vertex 84.7 -13.4 177.9
    endloop
  endfacet
  facet normal -1 -0 0
    outer loop
      vertex 84.7 -13.4 180.9
      vertex 84.7 -33.4 177.9
      vertex 84.7 -33.4 180.9
    endloop
  endfacet
  facet normal 1 -0 0
    outer loop
      vertex 81.7 -33.4 180.9
      vertex 81.7 -13.4 177.9
      vertex 81.7 -13.4 180.9
    endloop
  endfacet
  facet normal 1 0 0
    outer loop
      vertex 81.7 -13.4 177.9
      vertex 81.7 -33.4 180.9
      vertex 81.7 -33.4 177.9
    endloop
  endfacet
  facet normal 0 1 -0
    outer loop
      vertex 84.7 -33.4 177.9
      vertex 81.7 -33.4 180.9
      vertex 84.7 -33.4 180.9
    endloop
  endfacet
  facet normal 0 1 0
    outer loop
      vertex 81.7 -33.4 180.9
      vertex 84.7 -33.4 177.9
      vertex 81.7 -33.4 177.9
    endloop
  endfacet
  facet normal 0 -1 0
    outer loop
      vertex 81.7 -13.4 177.9
      vertex 84.7 -13.4 180.9
      vertex 81.7 -13.4 180.9
    endloop
  endfacet
  facet normal 0 -1 -0
    outer loop
      vertex 84.7 -13.4 180.9
      vertex 81.7 -13.4 177.9
      vertex 84.7 -13.4 177.9
    endloop
  endfacet
  facet normal -1 0 0
    outer loop
      vertex 84.7 -57.4 177.9
      vertex 84.7 -37.4 180.9
      vertex 84.7 -37.4 177.9
    endloop
  endfacet
  facet normal -1 -0 0
    outer loop
      vertex 84.7 -37.4 180.9
      vertex 84.7 -57.4 177.9
      vertex 84.7 -57.4 180.9
    endloop
  endfacet
  facet normal 1 -0 0
    outer loop
      vertex 81.7 -57.4 180.9
      vertex 81.7 -37.4 177.9
      vertex 81.7 -37.4 180.9
    endloop
  endfacet
  facet normal 1 0 0
    outer loop
      vertex 81.7 -37.4 177.9
      vertex 81.7 -57.4 180.9
      vertex 81.7 -57.4 177.9
    endloop
  endfacet
  facet normal 0 1 -0
    outer loop
      vertex 84.7 -57.4 177.9
      vertex 81.7 -57.4 180.9
      vertex 84.7 -57.4 180.9
    endloop
  endfacet
  facet normal 0 1 0
    outer loop
      vertex 81.7 -57.4 180.9
      vertex 84.7 -57.4 177.9
      vertex 81.7 -57.4 177.9
    endloop
  endfacet
  facet normal 0 -1 0
    outer loop
      vertex 81.7 -37.4 177.9
      vertex 84.7 -37.4 180.9
      vertex 81.7 -37.4 180.9
    endloop
  endfacet
  facet normal 0 -1 -0
    outer loop
      vertex 84.7 -37.4 180.9
      vertex 81.7 -37.4 177.9
      vertex 84.7 -37.4 177.9
    endloop
  endfacet
  facet normal -1 0 0
    outer loop
      vertex 84.7 -81.4 177.9
      vertex 84.7 -61.4 180.9
      vertex 84.7 -61.4 177.9
    endloop
  endfacet
  facet normal -1 -0 0
    outer loop
      vertex 84.7 -61.4 180.9
      vertex 84.7 -81.4 177.9
      vertex 84.7 -81.4 180.9
    endloop
  endfacet
  facet normal 1 -0 0
    outer loop
      vertex 81.7 -81.4 180.9
      vertex 81.7 -61.4 177.9
      vertex 81.7 -61.4 180.9
    endloop
  endfacet
  facet normal 1 0 0
    outer loop
      vertex 81.7 -61.4 177.9
      vertex 81.7 -81.4 180.9
      vertex 81.7 -81.4 177.9
    endloop
  endfacet
  facet normal 0 1 -0
    outer loop
      vertex 84.7 -81.4 177.9
      vertex 81.7 -81.4 180.9
      vertex 84.7 -81.4 180.9
    endloop
  endfacet
  facet normal 0 1 0
    outer loop
      vertex 81.7 -81.4 180.9
      vertex 84.7 -81.4 177.9
      vertex 81.7 -81.4 177.9
    endloop
  endfacet
  facet normal 0 -1 0
    outer loop
      vertex 81.7 -61.4 177.9
      vertex 84.7 -61.4 180.9
      vertex 81.7 -61.4 180.9
    endloop
  endfacet
  facet normal 0 -1 -0
    outer loop
      vertex 84.7 -61.4 180.9
      vertex 81.7 -61.4 177.9
      vertex 84.7 -61.4 177.9
    endloop
  endfacet
  facet normal -1 0 0
    outer loop
      vertex 90.7 -33.4 177.9
      vertex 90.7 -13.4 180.9
      vertex 90.7 -13.4 177.9
    endloop
  endfacet
  facet normal -1 -0 0
    outer loop
      vertex 90.7 -13.4 180.9
      vertex 90.7 -33.4 177.9
      vertex 90.7 -33.4 180.9
    endloop
  endfacet
  facet normal 1 -0 0
    outer loop
      vertex 87.7 -33.4 180.9
      vertex 87.7 -13.4 177.9
      vertex 87.7 -13.4 180.9
    endloop
  endfacet
  facet normal 1 0 0
    outer loop
      vertex 87.7 -13.4 177.9
      vertex 87.7 -33.4 180.9
      vertex 87.7 -33.4 177.9
    endloop
  endfacet
  facet normal 0 1 -0
    outer loop
      vertex 90.7 -33.4 177.9
      vertex 87.7 -33.4 180.9
      vertex 90.7 -33.4 180.9
    endloop
  endfacet
  facet normal 0 1 0
    outer loop
      vertex 87.7 -33.4 180.9
      vertex 90.7 -33.4 177.9
      vertex 87.7 -33.4 177.9
    endloop
  endfacet
  facet normal 0 -1 0
    outer loop
      vertex 87.7 -13.4 177.9
      vertex 90.7 -13.4 180.9
      vertex 87.7 -13.4 180.9
    endloop
  endfacet
  facet normal 0 -1 -0
    outer loop
      vertex 90.7 -13.4 180.9
      vertex 87.7 -13.4 177.9
      vertex 90.7 -13.4 177.9
    endloop
  endfacet
  facet normal -1 0 0
    outer loop
      vertex 90.7 -57.4 177.9
      vertex 90.7 -37.4 180.9
      vertex 90.7 -37.4 177.9
    endloop
  endfacet
  facet normal -1 -0 0
    outer loop
      vertex 90.7 -37.4 180.9
      vertex 90.7 -57.4 177.9
      vertex 90.7 -57.4 180.9
    endloop
  endfacet
  facet normal 1 -0 0
    outer loop
      vertex 87.7 -57.4 180.9
      vertex 87.7 -37.4 177.9
      vertex 87.7 -37.4 180.9
    endloop
  endfacet
  facet normal 1 0 0
    outer loop
      vertex 87.7 -37.4 177.9
      vertex 87.7 -57.4 180.9
      vertex 87.7 -57.4 177.9
    endloop
  endfacet
  facet normal 0 1 -0
    outer loop
      vertex 90.7 -57.4 177.9
      vertex 87.7 -57.4 180.9
      vertex 90.7 -57.4 180.9
    endloop
  endfacet
  facet normal 0 1 0
    outer loop
      vertex 87.7 -57.4 180.9
      vertex 90.7 -57.4 177.9
      vertex 87.7 -57.4 177.9
    endloop
  endfacet
  facet normal 0 -1 0
    outer loop
      vertex 87.7 -37.4 177.9
      vertex 90.7 -37.4 180.9
      vertex 87.7 -37.4 180.9
    endloop
  endfacet
  facet normal 0 -1 -0
    outer loop
      vertex 90.7 -37.4 180.9
      vertex 87.7 -37.4 177.9
      vertex 90.7 -37.4 177.9
    endloop
  endfacet
  facet normal -1 0 0
    outer loop
      vertex 90.7 -81.4 177.9
      vertex 90.7 -61.4 180.9
      vertex 90.7 -61.4 177.9
    endloop
  endfacet
  facet normal -1 -0 0
    outer loop
      vertex 90.7 -61.4 180.9
      vertex 90.7 -81.4 177.9
      vertex 90.7 -81.4 180.9
    endloop
  endfacet
  facet normal 1 -0 0
    outer loop
      vertex 87.7 -81.4 180.9
      vertex 87.7 -61.4 177.9
      vertex 87.7 -61.4 180.9
    endloop
  endfacet
  facet normal 1 0 0
    outer loop
      vertex 87.7 -61.4 177.9
      vertex 87.7 -81.4 180.9
      vertex 87.7 -81.4 177.9
    endloop
  endfacet
  facet normal 0 1 -0
    outer loop
      vertex 90.7 -81.4 177.9
      vertex 87.7 -81.4 180.9
      vertex 90.7 -81.4 180.9
    endloop
  endfacet
  facet normal 0 1 0
    outer loop
      vertex 87.7 -81.4 180.9
      vertex 90.7 -81.4 177.9
      vertex 87.7 -81.4 177.9
    endloop
  endfacet
  facet normal 0 -1 0
    outer loop
      vertex 87.7 -61.4 177.9
      vertex 90.7 -61.4 180.9
      vertex 87.7 -61.4 180.9
    endloop
  endfacet
  facet normal 0 -1 -0
    outer loop
      vertex 90.7 -61.4 180.9
      vertex 87.7 -61.4 177.9
      vertex 90.7 -61.4 177.9
    endloop
  endfacet
  facet normal -1 0 0
    outer loop
      vertex 96.7 -33.4 177.9
      vertex 96.7 -13.4 180.9
      vertex 96.7 -13.4 177.9
    endloop
  endfacet
  facet normal -1 -0 0
    outer loop
      vertex 96.7 -13.4 180.9
      vertex 96.7 -33.4 177.9
      vertex 96.7 -33.4 180.9
    endloop
  endfacet
  facet normal 1 -0 0
    outer loop
      vertex 93.7 -33.4 180.9
      vertex 93.7 -13.4 177.9
      vertex 93.7 -13.4 180.9
    endloop
  endfacet
  facet normal 1 0 0
    outer loop
      vertex 93.7 -13.4 177.9
      vertex 93.7 -33.4 180.9
      vertex 93.7 -33.4 177.9
    endloop
  endfacet
  facet normal 0 1 -0
    outer loop
      vertex 96.7 -33.4 177.9
      vertex 93.7 -33.4 180.9
      vertex 96.7 -33.4 180.9
    endloop
  endfacet
  facet normal 0 1 0
    outer loop
      vertex 93.7 -33.4 180.9
      vertex 96.7 -33.4 177.9
      vertex 93.7 -33.4 177.9
    endloop
  endfacet
  facet normal 0 -1 0
    outer loop
      vertex 93.7 -13.4 177.9
      vertex 96.7 -13.4 180.9
      vertex 93.7 -13.4 180.9
    endloop
  endfacet
  facet normal 0 -1 -0
    outer loop
      vertex 96.7 -13.4 180.9
      vertex 93.7 -13.4 177.9
      vertex 96.7 -13.4 177.9
    endloop
  endfacet
  facet normal -1 0 0
    outer loop
      vertex 96.7 -57.4 177.9
      vertex 96.7 -37.4 180.9
      vertex 96.7 -37.4 177.9
    endloop
  endfacet
  facet normal -1 -0 0
    outer loop
      vertex 96.7 -37.4 180.9
      vertex 96.7 -57.4 177.9
      vertex 96.7 -57.4 180.9
    endloop
  endfacet
  facet normal 1 -0 0
    outer loop
      vertex 93.7 -57.4 180.9
      vertex 93.7 -37.4 177.9
      vertex 93.7 -37.4 180.9
    endloop
  endfacet
  facet normal 1 0 0
    outer loop
      vertex 93.7 -37.4 177.9
      vertex 93.7 -57.4 180.9
      vertex 93.7 -57.4 177.9
    endloop
  endfacet
  facet normal 0 1 -0
    outer loop
      vertex 96.7 -57.4 177.9
      vertex 93.7 -57.4 180.9
      vertex 96.7 -57.4 180.9
    endloop
  endfacet
  facet normal 0 1 0
    outer loop
      vertex 93.7 -57.4 180.9
      vertex 96.7 -57.4 177.9
      vertex 93.7 -57.4 177.9
    endloop
  endfacet
  facet normal 0 -1 0
    outer loop
      vertex 93.7 -37.4 177.9
      vertex 96.7 -37.4 180.9
      vertex 93.7 -37.4 180.9
    endloop
  endfacet
  facet normal 0 -1 -0
    outer loop
      vertex 96.7 -37.4 180.9
      vertex 93.7 -37.4 177.9
      vertex 96.7 -37.4 177.9
    endloop
  endfacet
  facet normal -1 0 0
    outer loop
      vertex 96.7 -81.4 177.9
      vertex 96.7 -61.4 180.9
      vertex 96.7 -61.4 177.9
    endloop
  endfacet
  facet normal -1 -0 0
    outer loop
      vertex 96.7 -61.4 180.9
      vertex 96.7 -81.4 177.9
      vertex 96.7 -81.4 180.9
    endloop
  endfacet
  facet normal 1 -0 0
    outer loop
      vertex 93.7 -81.4 180.9
      vertex 93.7 -61.4 177.9
      vertex 93.7 -61.4 180.9
    endloop
  endfacet
  facet normal 1 0 0
    outer loop
      vertex 93.7 -61.4 177.9
      vertex 93.7 -81.4 180.9
      vertex 93.7 -81.4 177.9
    endloop
  endfacet
  facet normal 0 1 -0
    outer loop
      vertex 96.7 -81.4 177.9
      vertex 93.7 -81.4 180.9
      vertex 96.7 -81.4 180.9
    endloop
  endfacet
  facet normal 0 1 0
    outer loop
      vertex 93.7 -81.4 180.9
      vertex 96.7 -81.4 177.9
      vertex 93.7 -81.4 177.9
    endloop
  endfacet
  facet normal 0 -1 0
    outer loop
      vertex 93.7 -61.4 177.9
      vertex 96.7 -61.4 180.9
      vertex 93.7 -61.4 180.9
    endloop
  endfacet
  facet normal 0 -1 -0
    outer loop
      vertex 96.7 -61.4 180.9
      vertex 93.7 -61.4 177.9
      vertex 96.7 -61.4 177.9
    endloop
  endfacet
  facet normal -1 0 0
    outer loop
      vertex 102.7 -33.4 177.9
      vertex 102.7 -13.4 180.9
      vertex 102.7 -13.4 177.9
    endloop
  endfacet
  facet normal -1 -0 0
    outer loop
      vertex 102.7 -13.4 180.9
      vertex 102.7 -33.4 177.9
      vertex 102.7 -33.4 180.9
    endloop
  endfacet
  facet normal 1 -0 0
    outer loop
      vertex 99.7 -33.4 180.9
      vertex 99.7 -13.4 177.9
      vertex 99.7 -13.4 180.9
    endloop
  endfacet
  facet normal 1 0 0
    outer loop
      vertex 99.7 -13.4 177.9
      vertex 99.7 -33.4 180.9
      vertex 99.7 -33.4 177.9
    endloop
  endfacet
  facet normal 0 1 -0
    outer loop
      vertex 102.7 -33.4 177.9
      vertex 99.7 -33.4 180.9
      vertex 102.7 -33.4 180.9
    endloop
  endfacet
  facet normal 0 1 0
    outer loop
      vertex 99.7 -33.4 180.9
      vertex 102.7 -33.4 177.9
      vertex 99.7 -33.4 177.9
    endloop
  endfacet
  facet normal 0 -1 0
    outer loop
      vertex 99.7 -13.4 177.9
      vertex 102.7 -13.4 180.9
      vertex 99.7 -13.4 180.9
    endloop
  endfacet
  facet normal 0 -1 -0
    outer loop
      vertex 102.7 -13.4 180.9
      vertex 99.7 -13.4 177.9
      vertex 102.7 -13.4 177.9
    endloop
  endfacet
  facet normal -1 0 0
    outer loop
      vertex 102.7 -57.4 177.9
      vertex 102.7 -37.4 180.9
      vertex 102.7 -37.4 177.9
    endloop
  endfacet
  facet normal -1 -0 0
    outer loop
      vertex 102.7 -37.4 180.9
      vertex 102.7 -57.4 177.9
      vertex 102.7 -57.4 180.9
    endloop
  endfacet
  facet normal 1 -0 0
    outer loop
      vertex 99.7 -57.4 180.9
      vertex 99.7 -37.4 177.9
      vertex 99.7 -37.4 180.9
    endloop
  endfacet
  facet normal 1 0 0
    outer loop
      vertex 99.7 -37.4 177.9
      vertex 99.7 -57.4 180.9
      vertex 99.7 -57.4 177.9
    endloop
  endfacet
  facet normal 0 1 -0
    outer loop
      vertex 102.7 -57.4 177.9
      vertex 99.7 -57.4 180.9
      vertex 102.7 -57.4 180.9
    endloop
  endfacet
  facet normal 0 1 0
    outer loop
      vertex 99.7 -57.4 180.9
      vertex 102.7 -57.4 177.9
      vertex 99.7 -57.4 177.9
    endloop
  endfacet
  facet normal 0 -1 0
    outer loop
      vertex 99.7 -37.4 177.9
      vertex 102.7 -37.4 180.9
      vertex 99.7 -37.4 180.9
    endloop
  endfacet
  facet normal 0 -1 -0
    outer loop
      vertex 102.7 -37.4 180.9
      vertex 99.7 -37.4 177.9
      vertex 102.7 -37.4 177.9
    endloop
  endfacet
  facet normal -1 0 0
    outer loop
      vertex 102.7 -81.4 177.9
      vertex 102.7 -61.4 180.9
      vertex 102.7 -61.4 177.9
    endloop
  endfacet
  facet normal -1 -0 0
    outer loop
      vertex 102.7 -61.4 180.9
      vertex 102.7 -81.4 177.9
      vertex 102.7 -81.4 180.9
    endloop
  endfacet
  facet normal 1 -0 0
    outer loop
      vertex 99.7 -81.4 180.9
      vertex 99.7 -61.4 177.9
      vertex 99.7 -61.4 180.9
    endloop
  endfacet
  facet normal 1 0 0
    outer loop
      vertex 99.7 -61.4 177.9
      vertex 99.7 -81.4 180.9
      vertex 99.7 -81.4 177.9
    endloop
  endfacet
  facet normal 0 1 -0
    outer loop
      vertex 102.7 -81.4 177.9
      vertex 99.7 -81.4 180.9
      vertex 102.7 -81.4 180.9
    endloop
  endfacet
  facet normal 0 1 0
    outer loop
      vertex 99.7 -81.4 180.9
      vertex 102.7 -81.4 177.9
      vertex 99.7 -81.4 177.9
    endloop
  endfacet
  facet normal 0 -1 0
    outer loop
      vertex 99.7 -61.4 177.9
      vertex 102.7 -61.4 180.9
      vertex 99.7 -61.4 180.9
    endloop
  endfacet
  facet normal 0 -1 -0
    outer loop
      vertex 102.7 -61.4 180.9
      vertex 99.7 -61.4 177.9
      vertex 102.7 -61.4 177.9
    endloop
  endfacet
  facet normal -1 0 0
    outer loop
      vertex 108.7 -33.4 177.9
      vertex 108.7 -13.4 180.9
      vertex 108.7 -13.4 177.9
    endloop
  endfacet
  facet normal -1 -0 0
    outer loop
      vertex 108.7 -13.4 180.9
      vertex 108.7 -33.4 177.9
      vertex 108.7 -33.4 180.9
    endloop
  endfacet
  facet normal 1 -0 0
    outer loop
      vertex 105.7 -33.4 180.9
      vertex 105.7 -13.4 177.9
      vertex 105.7 -13.4 180.9
    endloop
  endfacet
  facet normal 1 0 0
    outer loop
      vertex 105.7 -13.4 177.9
      vertex 105.7 -33.4 180.9
      vertex 105.7 -33.4 177.9
    endloop
  endfacet
  facet normal 0 1 -0
    outer loop
      vertex 108.7 -33.4 177.9
      vertex 105.7 -33.4 180.9
      vertex 108.7 -33.4 180.9
    endloop
  endfacet
  facet normal 0 1 0
    outer loop
      vertex 105.7 -33.4 180.9
      vertex 108.7 -33.4 177.9
      vertex 105.7 -33.4 177.9
    endloop
  endfacet
  facet normal 0 -1 0
    outer loop
      vertex 105.7 -13.4 177.9
      vertex 108.7 -13.4 180.9
      vertex 105.7 -13.4 180.9
    endloop
  endfacet
  facet normal 0 -1 -0
    outer loop
      vertex 108.7 -13.4 180.9
      vertex 105.7 -13.4 177.9
      vertex 108.7 -13.4 177.9
    endloop
  endfacet
  facet normal -1 0 0
    outer loop
      vertex 108.7 -57.4 177.9
      vertex 108.7 -37.4 180.9
      vertex 108.7 -37.4 177.9
    endloop
  endfacet
  facet normal -1 -0 0
    outer loop
      vertex 108.7 -37.4 180.9
      vertex 108.7 -57.4 177.9
      vertex 108.7 -57.4 180.9
    endloop
  endfacet
  facet normal 1 -0 0
    outer loop
      vertex 105.7 -57.4 180.9
      vertex 105.7 -37.4 177.9
      vertex 105.7 -37.4 180.9
    endloop
  endfacet
  facet normal 1 0 0
    outer loop
      vertex 105.7 -37.4 177.9
      vertex 105.7 -57.4 180.9
      vertex 105.7 -57.4 177.9
    endloop
  endfacet
  facet normal 0 1 -0
    outer loop
      vertex 108.7 -57.4 177.9
      vertex 105.7 -57.4 180.9
      vertex 108.7 -57.4 180.9
    endloop
  endfacet
  facet normal 0 1 0
    outer loop
      vertex 105.7 -57.4 180.9
      vertex 108.7 -57.4 177.9
      vertex 105.7 -57.4 177.9
    endloop
  endfacet
  facet normal 0 -1 0
    outer loop
      vertex 105.7 -37.4 177.9
      vertex 108.7 -37.4 180.9
      vertex 105.7 -37.4 180.9
    endloop
  endfacet
  facet normal 0 -1 -0
    outer loop
      vertex 108.7 -37.4 180.9
      vertex 105.7 -37.4 177.9
      vertex 108.7 -37.4 177.9
    endloop
  endfacet
  facet normal -1 0 0
    outer loop
      vertex 108.7 -81.4 177.9
      vertex 108.7 -61.4 180.9
      vertex 108.7 -61.4 177.9
    endloop
  endfacet
  facet normal -1 -0 0
    outer loop
      vertex 108.7 -61.4 180.9
      vertex 108.7 -81.4 177.9
      vertex 108.7 -81.4 180.9
    endloop
  endfacet
  facet normal 1 -0 0
    outer loop
      vertex 105.7 -81.4 180.9
      vertex 105.7 -61.4 177.9
      vertex 105.7 -61.4 180.9
    endloop
  endfacet
  facet normal 1 0 0
    outer loop
      vertex 105.7 -61.4 177.9
      vertex 105.7 -81.4 180.9
      vertex 105.7 -81.4 177.9
    endloop
  endfacet
  facet normal 0 1 -0
    outer loop
      vertex 108.7 -81.4 177.9
      vertex 105.7 -81.4 180.9
      vertex 108.7 -81.4 180.9
    endloop
  endfacet
  facet normal 0 1 0
    outer loop
      vertex 105.7 -81.4 180.9
      vertex 108.7 -81.4 177.9
      vertex 105.7 -81.4 177.9
    endloop
  endfacet
  facet normal 0 -1 0
    outer loop
      vertex 105.7 -61.4 177.9
      vertex 108.7 -61.4 180.9
      vertex 105.7 -61.4 180.9
    endloop
  endfacet
  facet normal 0 -1 -0
    outer loop
      vertex 108.7 -61.4 180.9
      vertex 105.7 -61.4 177.9
      vertex 108.7 -61.4 177.9
    endloop
  endfacet
  facet normal -1 0 0
    outer loop
      vertex 114.7 -33.4 177.9
      vertex 114.7 -13.4 180.9
      vertex 114.7 -13.4 177.9
    endloop
  endfacet
  facet normal -1 -0 0
    outer loop
      vertex 114.7 -13.4 180.9
      vertex 114.7 -33.4 177.9
      vertex 114.7 -33.4 180.9
    endloop
  endfacet
  facet normal 1 -0 0
    outer loop
      vertex 111.7 -33.4 180.9
      vertex 111.7 -13.4 177.9
      vertex 111.7 -13.4 180.9
    endloop
  endfacet
  facet normal 1 0 0
    outer loop
      vertex 111.7 -13.4 177.9
      vertex 111.7 -33.4 180.9
      vertex 111.7 -33.4 177.9
    endloop
  endfacet
  facet normal 0 1 -0
    outer loop
      vertex 114.7 -33.4 177.9
      vertex 111.7 -33.4 180.9
      vertex 114.7 -33.4 180.9
    endloop
  endfacet
  facet normal 0 1 0
    outer loop
      vertex 111.7 -33.4 180.9
      vertex 114.7 -33.4 177.9
      vertex 111.7 -33.4 177.9
    endloop
  endfacet
  facet normal 0 -1 0
    outer loop
      vertex 111.7 -13.4 177.9
      vertex 114.7 -13.4 180.9
      vertex 111.7 -13.4 180.9
    endloop
  endfacet
  facet normal 0 -1 -0
    outer loop
      vertex 114.7 -13.4 180.9
      vertex 111.7 -13.4 177.9
      vertex 114.7 -13.4 177.9
    endloop
  endfacet
  facet normal -1 0 0
    outer loop
      vertex 114.7 -57.4 177.9
      vertex 114.7 -37.4 180.9
      vertex 114.7 -37.4 177.9
    endloop
  endfacet
  facet normal -1 -0 0
    outer loop
      vertex 114.7 -37.4 180.9
      vertex 114.7 -57.4 177.9
      vertex 114.7 -57.4 180.9
    endloop
  endfacet
  facet normal 1 -0 0
    outer loop
      vertex 111.7 -57.4 180.9
      vertex 111.7 -37.4 177.9
      vertex 111.7 -37.4 180.9
    endloop
  endfacet
  facet normal 1 0 0
    outer loop
      vertex 111.7 -37.4 177.9
      vertex 111.7 -57.4 180.9
      vertex 111.7 -57.4 177.9
    endloop
  endfacet
  facet normal 0 1 -0
    outer loop
      vertex 114.7 -57.4 177.9
      vertex 111.7 -57.4 180.9
      vertex 114.7 -57.4 180.9
    endloop
  endfacet
  facet normal 0 1 0
    outer loop
      vertex 111.7 -57.4 180.9
      vertex 114.7 -57.4 177.9
      vertex 111.7 -57.4 177.9
    endloop
  endfacet
  facet normal 0 -1 0
    outer loop
      vertex 111.7 -37.4 177.9
      vertex 114.7 -37.4 180.9
      vertex 111.7 -37.4 180.9
    endloop
  endfacet
  facet normal 0 -1 -0
    outer loop
      vertex 114.7 -37.4 180.9
      vertex 111.7 -37.4 177.9
      vertex 114.7 -37.4 177.9
    endloop
  endfacet
  facet normal -1 0 0
    outer loop
      vertex 114.7 -81.4 177.9
      vertex 114.7 -61.4 180.9
      vertex 114.7 -61.4 177.9
    endloop
  endfacet
  facet normal -1 -0 0
    outer loop
      vertex 114.7 -61.4 180.9
      vertex 114.7 -81.4 177.9
      vertex 114.7 -81.4 180.9
    endloop
  endfacet
  facet normal 1 -0 0
    outer loop
      vertex 111.7 -81.4 180.9
      vertex 111.7 -61.4 177.9
      vertex 111.7 -61.4 180.9
    endloop
  endfacet
  facet normal 1 0 0
    outer loop
      vertex 111.7 -61.4 177.9
      vertex 111.7 -81.4 180.9
      vertex 111.7 -81.4 177.9
    endloop
  endfacet
  facet normal 0 1 -0
    outer loop
      vertex 114.7 -81.4 177.9
      vertex 111.7 -81.4 180.9
      vertex 114.7 -81.4 180.9
    endloop
  endfacet
  facet normal 0 1 0
    outer loop
      vertex 111.7 -81.4 180.9
      vertex 114.7 -81.4 177.9
      vertex 111.7 -81.4 177.9
    endloop
  endfacet
  facet normal 0 -1 0
    outer loop
      vertex 111.7 -61.4 177.9
      vertex 114.7 -61.4 180.9
      vertex 111.7 -61.4 180.9
    endloop
  endfacet
  facet normal 0 -1 -0
    outer loop
      vertex 114.7 -61.4 180.9
      vertex 111.7 -61.4 177.9
      vertex 114.7 -61.4 177.9
    endloop
  endfacet
  facet normal -1 0 0
    outer loop
      vertex 120.7 -33.4 177.9
      vertex 120.7 -13.4 180.9
      vertex 120.7 -13.4 177.9
    endloop
  endfacet
  facet normal -1 -0 0
    outer loop
      vertex 120.7 -13.4 180.9
      vertex 120.7 -33.4 177.9
      vertex 120.7 -33.4 180.9
    endloop
  endfacet
  facet normal 1 -0 0
    outer loop
      vertex 117.7 -33.4 180.9
      vertex 117.7 -13.4 177.9
      vertex 117.7 -13.4 180.9
    endloop
  endfacet
  facet normal 1 0 0
    outer loop
      vertex 117.7 -13.4 177.9
      vertex 117.7 -33.4 180.9
      vertex 117.7 -33.4 177.9
    endloop
  endfacet
  facet normal 0 1 -0
    outer loop
      vertex 120.7 -33.4 177.9
      vertex 117.7 -33.4 180.9
      vertex 120.7 -33.4 180.9
    endloop
  endfacet
  facet normal 0 1 0
    outer loop
      vertex 117.7 -33.4 180.9
      vertex 120.7 -33.4 177.9
      vertex 117.7 -33.4 177.9
    endloop
  endfacet
  facet normal 0 -1 0
    outer loop
      vertex 117.7 -13.4 177.9
      vertex 120.7 -13.4 180.9
      vertex 117.7 -13.4 180.9
    endloop
  endfacet
  facet normal 0 -1 -0
    outer loop
      vertex 120.7 -13.4 180.9
      vertex 117.7 -13.4 177.9
      vertex 120.7 -13.4 177.9
    endloop
  endfacet
  facet normal -1 0 0
    outer loop
      vertex 120.7 -57.4 177.9
      vertex 120.7 -37.4 180.9
      vertex 120.7 -37.4 177.9
    endloop
  endfacet
  facet normal -1 -0 0
    outer loop
      vertex 120.7 -37.4 180.9
      vertex 120.7 -57.4 177.9
      vertex 120.7 -57.4 180.9
    endloop
  endfacet
  facet normal 1 -0 0
    outer loop
      vertex 117.7 -57.4 180.9
      vertex 117.7 -37.4 177.9
      vertex 117.7 -37.4 180.9
    endloop
  endfacet
  facet normal 1 0 0
    outer loop
      vertex 117.7 -37.4 177.9
      vertex 117.7 -57.4 180.9
      vertex 117.7 -57.4 177.9
    endloop
  endfacet
  facet normal 0 1 -0
    outer loop
      vertex 120.7 -57.4 177.9
      vertex 117.7 -57.4 180.9
      vertex 120.7 -57.4 180.9
    endloop
  endfacet
  facet normal 0 1 0
    outer loop
      vertex 117.7 -57.4 180.9
      vertex 120.7 -57.4 177.9
      vertex 117.7 -57.4 177.9
    endloop
  endfacet
  facet normal 0 -1 0
    outer loop
      vertex 117.7 -37.4 177.9
      vertex 120.7 -37.4 180.9
      vertex 117.7 -37.4 180.9
    endloop
  endfacet
  facet normal 0 -1 -0
    outer loop
      vertex 120.7 -37.4 180.9
      vertex 117.7 -37.4 177.9
      vertex 120.7 -37.4 177.9
    endloop
  endfacet
  facet normal -1 0 0
    outer loop
      vertex 120.7 -81.4 177.9
      vertex 120.7 -61.4 180.9
      vertex 120.7 -61.4 177.9
    endloop
  endfacet
  facet normal -1 -0 0
    outer loop
      vertex 120.7 -61.4 180.9
      vertex 120.7 -81.4 177.9
      vertex 120.7 -81.4 180.9
    endloop
  endfacet
  facet normal 1 -0 0
    outer loop
      vertex 117.7 -81.4 180.9
      vertex 117.7 -61.4 177.9
      vertex 117.7 -61.4 180.9
    endloop
  endfacet
  facet normal 1 0 0
    outer loop
      vertex 117.7 -61.4 177.9
      vertex 117.7 -81.4 180.9
      vertex 117.7 -81.4 177.9
    endloop
  endfacet
  facet normal 0 1 -0
    outer loop
      vertex 120.7 -81.4 177.9
      vertex 117.7 -81.4 180.9
      vertex 120.7 -81.4 180.9
    endloop
  endfacet
  facet normal 0 1 0
    outer loop
      vertex 117.7 -81.4 180.9
      vertex 120.7 -81.4 177.9
      vertex 117.7 -81.4 177.9
    endloop
  endfacet
  facet normal 0 -1 0
    outer loop
      vertex 117.7 -61.4 177.9
      vertex 120.7 -61.4 180.9
      vertex 117.7 -61.4 180.9
    endloop
  endfacet
  facet normal 0 -1 -0
    outer loop
      vertex 120.7 -61.4 180.9
      vertex 117.7 -61.4 177.9
      vertex 120.7 -61.4 177.9
    endloop
  endfacet
  facet normal -1 0 0
    outer loop
      vertex 126.7 -33.4 177.9
      vertex 126.7 -13.4 180.9
      vertex 126.7 -13.4 177.9
    endloop
  endfacet
  facet normal -1 -0 0
    outer loop
      vertex 126.7 -13.4 180.9
      vertex 126.7 -33.4 177.9
      vertex 126.7 -33.4 180.9
    endloop
  endfacet
  facet normal 1 -0 0
    outer loop
      vertex 123.7 -33.4 180.9
      vertex 123.7 -13.4 177.9
      vertex 123.7 -13.4 180.9
    endloop
  endfacet
  facet normal 1 0 0
    outer loop
      vertex 123.7 -13.4 177.9
      vertex 123.7 -33.4 180.9
      vertex 123.7 -33.4 177.9
    endloop
  endfacet
  facet normal 0 1 -0
    outer loop
      vertex 126.7 -33.4 177.9
      vertex 123.7 -33.4 180.9
      vertex 126.7 -33.4 180.9
    endloop
  endfacet
  facet normal 0 1 0
    outer loop
      vertex 123.7 -33.4 180.9
      vertex 126.7 -33.4 177.9
      vertex 123.7 -33.4 177.9
    endloop
  endfacet
  facet normal 0 -1 0
    outer loop
      vertex 123.7 -13.4 177.9
      vertex 126.7 -13.4 180.9
      vertex 123.7 -13.4 180.9
    endloop
  endfacet
  facet normal 0 -1 -0
    outer loop
      vertex 126.7 -13.4 180.9
      vertex 123.7 -13.4 177.9
      vertex 126.7 -13.4 177.9
    endloop
  endfacet
  facet normal -1 0 0
    outer loop
      vertex 126.7 -57.4 177.9
      vertex 126.7 -37.4 180.9
      vertex 126.7 -37.4 177.9
    endloop
  endfacet
  facet normal -1 -0 0
    outer loop
      vertex 126.7 -37.4 180.9
      vertex 126.7 -57.4 177.9
      vertex 126.7 -57.4 180.9
    endloop
  endfacet
  facet normal 1 -0 0
    outer loop
      vertex 123.7 -57.4 180.9
      vertex 123.7 -37.4 177.9
      vertex 123.7 -37.4 180.9
    endloop
  endfacet
  facet normal 1 0 0
    outer loop
      vertex 123.7 -37.4 177.9
      vertex 123.7 -57.4 180.9
      vertex 123.7 -57.4 177.9
    endloop
  endfacet
  facet normal 0 1 -0
    outer loop
      vertex 126.7 -57.4 177.9
      vertex 123.7 -57.4 180.9
      vertex 126.7 -57.4 180.9
    endloop
  endfacet
  facet normal 0 1 0
    outer loop
      vertex 123.7 -57.4 180.9
      vertex 126.7 -57.4 177.9
      vertex 123.7 -57.4 177.9
    endloop
  endfacet
  facet normal 0 -1 0
    outer loop
      vertex 123.7 -37.4 177.9
      vertex 126.7 -37.4 180.9
      vertex 123.7 -37.4 180.9
    endloop
  endfacet
  facet normal 0 -1 -0
    outer loop
      vertex 126.7 -37.4 180.9
      vertex 123.7 -37.4 177.9
      vertex 126.7 -37.4 177.9
    endloop
  endfacet
  facet normal -1 0 0
    outer loop
      vertex 126.7 -81.4 177.9
      vertex 126.7 -61.4 180.9
      vertex 126.7 -61.4 177.9
    endloop
  endfacet
  facet normal -1 -0 0
    outer loop
      vertex 126.7 -61.4 180.9
      vertex 126.7 -81.4 177.9
      vertex 126.7 -81.4 180.9
    endloop
  endfacet
  facet normal 1 -0 0
    outer loop
      vertex 123.7 -81.4 180.9
      vertex 123.7 -61.4 177.9
      vertex 123.7 -61.4 180.9
    endloop
  endfacet
  facet normal 1 0 0
    outer loop
      vertex 123.7 -61.4 177.9
      vertex 123.7 -81.4 180.9
      vertex 123.7 -81.4 177.9
    endloop
  endfacet
  facet normal 0 1 -0
    outer loop
      vertex 126.7 -81.4 177.9
      vertex 123.7 -81.4 180.9
      vertex 126.7 -81.4 180.9
    endloop
  endfacet
  facet normal 0 1 0
    outer loop
      vertex 123.7 -81.4 180.9
      vertex 126.7 -81.4 177.9
      vertex 123.7 -81.4 177.9
    endloop
  endfacet
  facet normal 0 -1 0
    outer loop
      vertex 123.7 -61.4 177.9
      vertex 126.7 -61.4 180.9
      vertex 123.7 -61.4 180.9
    endloop
  endfacet
  facet normal 0 -1 -0
    outer loop
      vertex 126.7 -61.4 180.9
      vertex 123.7 -61.4 177.9
      vertex 126.7 -61.4 177.9
    endloop
  endfacet
  facet normal -0 0 1
    outer loop
      vertex 9.7 -57.4 180.9
      vertex 12.7 -61.4 180.9
      vertex 12.7 -57.4 180.9
    endloop
  endfacet
  facet normal 0 0 1
    outer loop
      vertex 12.7 -61.4 180.9
      vertex 9.7 -57.4 180.9
      vertex 9.7 -61.4 180.9
    endloop
  endfacet
  facet normal -0 0 1
    outer loop
      vertex 9.7 -33.4 180.9
      vertex 12.7 -37.4 180.9
      vertex 12.7 -33.4 180.9
    endloop
  endfacet
  facet normal 0 0 1
    outer loop
      vertex 12.7 -37.4 180.9
      vertex 9.7 -33.4 180.9
      vertex 9.7 -37.4 180.9
    endloop
  endfacet
  facet normal -0 0 1
    outer loop
      vertex 15.7 -57.4 180.9
      vertex 18.7 -61.4 180.9
      vertex 18.7 -57.4 180.9
    endloop
  endfacet
  facet normal 0 0 1
    outer loop
      vertex 18.7 -61.4 180.9
      vertex 15.7 -57.4 180.9
      vertex 15.7 -61.4 180.9
    endloop
  endfacet
  facet normal -0 0 1
    outer loop
      vertex 15.7 -33.4 180.9
      vertex 18.7 -37.4 180.9
      vertex 18.7 -33.4 180.9
    endloop
  endfacet
  facet normal 0 0 1
    outer loop
      vertex 18.7 -37.4 180.9
      vertex 15.7 -33.4 180.9
      vertex 15.7 -37.4 180.9
    endloop
  endfacet
  facet normal -0 0 1
    outer loop
      vertex 21.7 -57.4 180.9
      vertex 24.7 -61.4 180.9
      vertex 24.7 -57.4 180.9
    endloop
  endfacet
  facet normal 0 0 1
    outer loop
      vertex 24.7 -61.4 180.9
      vertex 21.7 -57.4 180.9
      vertex 21.7 -61.4 180.9
    endloop
  endfacet
  facet normal -0 0 1
    outer loop
      vertex 21.7 -33.4 180.9
      vertex 24.7 -37.4 180.9
      vertex 24.7 -33.4 180.9
    endloop
  endfacet
  facet normal 0 0 1
    outer loop
      vertex 24.7 -37.4 180.9
      vertex 21.7 -33.4 180.9
      vertex 21.7 -37.4 180.9
    endloop
  endfacet
  facet normal -0 0 1
    outer loop
      vertex 27.7 -57.4 180.9
      vertex 30.7 -61.4 180.9
      vertex 30.7 -57.4 180.9
    endloop
  endfacet
  facet normal 0 0 1
    outer loop
      vertex 30.7 -61.4 180.9
      vertex 27.7 -57.4 180.9
      vertex 27.7 -61.4 180.9
    endloop
  endfacet
  facet normal -0 0 1
    outer loop
      vertex 27.7 -33.4 180.9
      vertex 30.7 -37.4 180.9
      vertex 30.7 -33.4 180.9
    endloop
  endfacet
  facet normal 0 0 1
    outer loop
      vertex 30.7 -37.4 180.9
      vertex 27.7 -33.4 180.9
      vertex 27.7 -37.4 180.9
    endloop
  endfacet
  facet normal -0 0 1
    outer loop
      vertex 33.7 -57.4 180.9
      vertex 36.7 -61.4 180.9
      vertex 36.7 -57.4 180.9
    endloop
  endfacet
  facet normal 0 0 1
    outer loop
      vertex 36.7 -61.4 180.9
      vertex 33.7 -57.4 180.9
      vertex 33.7 -61.4 180.9
    endloop
  endfacet
  facet normal -0 0 1
    outer loop
      vertex 33.7 -33.4 180.9
      vertex 36.7 -37.4 180.9
      vertex 36.7 -33.4 180.9
    endloop
  endfacet
  facet normal 0 0 1
    outer loop
      vertex 36.7 -37.4 180.9
      vertex 33.7 -33.4 180.9
      vertex 33.7 -37.4 180.9
    endloop
  endfacet
  facet normal -0 0 1
    outer loop
      vertex 39.7 -57.4 180.9
      vertex 42.7 -61.4 180.9
      vertex 42.7 -57.4 180.9
    endloop
  endfacet
  facet normal 0 0 1
    outer loop
      vertex 42.7 -61.4 180.9
      vertex 39.7 -57.4 180.9
      vertex 39.7 -61.4 180.9
    endloop
  endfacet
  facet normal -0 0 1
    outer loop
      vertex 39.7 -33.4 180.9
      vertex 42.7 -37.4 180.9
      vertex 42.7 -33.4 180.9
    endloop
  endfacet
  facet normal 0 0 1
    outer loop
      vertex 42.7 -37.4 180.9
      vertex 39.7 -33.4 180.9
      vertex 39.7 -37.4 180.9
    endloop
  endfacet
  facet normal -0 0 1
    outer loop
      vertex 45.7 -57.4 180.9
      vertex 48.7 -61.4 180.9
      vertex 48.7 -57.4 180.9
    endloop
  endfacet
  facet normal 0 0 1
    outer loop
      vertex 48.7 -61.4 180.9
      vertex 45.7 -57.4 180.9
      vertex 45.7 -61.4 180.9
    endloop
  endfacet
  facet normal -0 0 1
    outer loop
      vertex 45.7 -33.4 180.9
      vertex 48.7 -37.4 180.9
      vertex 48.7 -33.4 180.9
    endloop
  endfacet
  facet normal 0 0 1
    outer loop
      vertex 48.7 -37.4 180.9
      vertex 45.7 -33.4 180.9
      vertex 45.7 -37.4 180.9
    endloop
  endfacet
  facet normal -0 0 1
    outer loop
      vertex 51.7 -57.4 180.9
      vertex 54.7 -61.4 180.9
      vertex 54.7 -57.4 180.9
    endloop
  endfacet
  facet normal 0 0 1
    outer loop
      vertex 54.7 -61.4 180.9
      vertex 51.7 -57.4 180.9
      vertex 51.7 -61.4 180.9
    endloop
  endfacet
  facet normal -0 0 1
    outer loop
      vertex 51.7 -33.4 180.9
      vertex 54.7 -37.4 180.9
      vertex 54.7 -33.4 180.9
    endloop
  endfacet
  facet normal 0 0 1
    outer loop
      vertex 54.7 -37.4 180.9
      vertex 51.7 -33.4 180.9
      vertex 51.7 -37.4 180.9
    endloop
  endfacet
  facet normal -0 0 1
    outer loop
      vertex 57.7 -57.4 180.9
      vertex 60.7 -61.4 180.9
      vertex 60.7 -57.4 180.9
    endloop
  endfacet
  facet normal 0 0 1
    outer loop
      vertex 60.7 -61.4 180.9
      vertex 57.7 -57.4 180.9
      vertex 57.7 -61.4 180.9
    endloop
  endfacet
  facet normal -0 0 1
    outer loop
      vertex 57.7 -33.4 180.9
      vertex 60.7 -37.4 180.9
      vertex 60.7 -33.4 180.9
    endloop
  endfacet
  facet normal 0 0 1
    outer loop
      vertex 60.7 -37.4 180.9
      vertex 57.7 -33.4 180.9
      vertex 57.7 -37.4 180.9
    endloop
  endfacet
  facet normal -0 0 1
    outer loop
      vertex 63.7 -57.4 180.9
      vertex 66.7 -61.4 180.9
      vertex 66.7 -57.4 180.9
    endloop
  endfacet
  facet normal 0 0 1
    outer loop
      vertex 66.7 -61.4 180.9
      vertex 63.7 -57.4 180.9
      vertex 63.7 -61.4 180.9
    endloop
  endfacet
  facet normal -0 0 1
    outer loop
      vertex 63.7 -33.4 180.9
      vertex 66.7 -37.4 180.9
      vertex 66.7 -33.4 180.9
    endloop
  endfacet
  facet normal 0 0 1
    outer loop
      vertex 66.7 -37.4 180.9
      vertex 63.7 -33.4 180.9
      vertex 63.7 -37.4 180.9
    endloop
  endfacet
  facet normal -0 0 1
    outer loop
      vertex 69.7 -57.4 180.9
      vertex 72.7 -61.4 180.9
      vertex 72.7 -57.4 180.9
    endloop
  endfacet
  facet normal 0 0 1
    outer loop
      vertex 72.7 -61.4 180.9
      vertex 69.7 -57.4 180.9
      vertex 69.7 -61.4 180.9
    endloop
  endfacet
  facet normal -0 0 1
    outer loop
      vertex 69.7 -33.4 180.9
      vertex 72.7 -37.4 180.9
      vertex 72.7 -33.4 180.9
    endloop
  endfacet
  facet normal 0 0 1
    outer loop
      vertex 72.7 -37.4 180.9
      vertex 69.7 -33.4 180.9
      vertex 69.7 -37.4 180.9
    endloop
  endfacet
  facet normal -0 0 1
    outer loop
      vertex 75.7 -57.4 180.9
      vertex 78.7 -61.4 180.9
      vertex 78.7 -57.4 180.9
    endloop
  endfacet
  facet normal 0 0 1
    outer loop
      vertex 78.7 -61.4 180.9
      vertex 75.7 -57.4 180.9
      vertex 75.7 -61.4 180.9
    endloop
  endfacet
  facet normal -0 0 1
    outer loop
      vertex 75.7 -33.4 180.9
      vertex 78.7 -37.4 180.9
      vertex 78.7 -33.4 180.9
    endloop
  endfacet
  facet normal 0 0 1
    outer loop
      vertex 78.7 -37.4 180.9
      vertex 75.7 -33.4 180.9
      vertex 75.7 -37.4 180.9
    endloop
  endfacet
  facet normal -0 0 1
    outer loop
      vertex 81.7 -57.4 180.9
      vertex 84.7 -61.4 180.9
      vertex 84.7 -57.4 180.9
    endloop
  endfacet
  facet normal 0 0 1
    outer loop
      vertex 84.7 -61.4 180.9
      vertex 81.7 -57.4 180.9
      vertex 81.7 -61.4 180.9
    endloop
  endfacet
  facet normal -0 0 1
    outer loop
      vertex 81.7 -33.4 180.9
      vertex 84.7 -37.4 180.9
      vertex 84.7 -33.4 180.9
    endloop
  endfacet
  facet normal 0 0 1
    outer loop
      vertex 84.7 -37.4 180.9
      vertex 81.7 -33.4 180.9
      vertex 81.7 -37.4 180.9
    endloop
  endfacet
  facet normal -0 0 1
    outer loop
      vertex 87.7 -57.4 180.9
      vertex 90.7 -61.4 180.9
      vertex 90.7 -57.4 180.9
    endloop
  endfacet
  facet normal 0 0 1
    outer loop
      vertex 90.7 -61.4 180.9
      vertex 87.7 -57.4 180.9
      vertex 87.7 -61.4 180.9
    endloop
  endfacet
  facet normal -0 0 1
    outer loop
      vertex 87.7 -33.4 180.9
      vertex 90.7 -37.4 180.9
      vertex 90.7 -33.4 180.9
    endloop
  endfacet
  facet normal 0 0 1
    outer loop
      vertex 90.7 -37.4 180.9
      vertex 87.7 -33.4 180.9
      vertex 87.7 -37.4 180.9
    endloop
  endfacet
  facet normal -0 0 1
    outer loop
      vertex 93.7 -57.4 180.9
      vertex 96.7 -61.4 180.9
      vertex 96.7 -57.4 180.9
    endloop
  endfacet
  facet normal 0 0 1
    outer loop
      vertex 96.7 -61.4 180.9
      vertex 93.7 -57.4 180.9
      vertex 93.7 -61.4 180.9
    endloop
  endfacet
  facet normal -0 0 1
    outer loop
      vertex 93.7 -33.4 180.9
      vertex 96.7 -37.4 180.9
      vertex 96.7 -33.4 180.9
    endloop
  endfacet
  facet normal 0 0 1
    outer loop
      vertex 96.7 -37.4 180.9
      vertex 93.7 -33.4 180.9
      vertex 93.7 -37.4 180.9
    endloop
  endfacet
  facet normal -0 0 1
    outer loop
      vertex 99.7 -57.4 180.9
      vertex 102.7 -61.4 180.9
      vertex 102.7 -57.4 180.9
    endloop
  endfacet
  facet normal 0 0 1
    outer loop
      vertex 102.7 -61.4 180.9
      vertex 99.7 -57.4 180.9
      vertex 99.7 -61.4 180.9
    endloop
  endfacet
  facet normal -0 0 1
    outer loop
      vertex 99.7 -33.4 180.9
      vertex 102.7 -37.4 180.9
      vertex 102.7 -33.4 180.9
    endloop
  endfacet
  facet normal 0 0 1
    outer loop
      vertex 102.7 -37.4 180.9
      vertex 99.7 -33.4 180.9
      vertex 99.7 -37.4 180.9
    endloop
  endfacet
  facet normal -0 0 1
    outer loop
      vertex 105.7 -57.4 180.9
      vertex 108.7 -61.4 180.9
      vertex 108.7 -57.4 180.9
    endloop
  endfacet
  facet normal 0 0 1
    outer loop
      vertex 108.7 -61.4 180.9
      vertex 105.7 -57.4 180.9
      vertex 105.7 -61.4 180.9
    endloop
  endfacet
  facet normal -0 0 1
    outer loop
      vertex 105.7 -33.4 180.9
      vertex 108.7 -37.4 180.9
      vertex 108.7 -33.4 180.9
    endloop
  endfacet
  facet normal 0 0 1
    outer loop
      vertex 108.7 -37.4 180.9
      vertex 105.7 -33.4 180.9
      vertex 105.7 -37.4 180.9
    endloop
  endfacet
  facet normal -0 0 1
    outer loop
      vertex 111.7 -57.4 180.9
      vertex 114.7 -61.4 180.9
      vertex 114.7 -57.4 180.9
    endloop
  endfacet
  facet normal 0 0 1
    outer loop
      vertex 114.7 -61.4 180.9
      vertex 111.7 -57.4 180.9
      vertex 111.7 -61.4 180.9
    endloop
  endfacet
  facet normal -0 0 1
    outer loop
      vertex 111.7 -33.4 180.9
      vertex 114.7 -37.4 180.9
      vertex 114.7 -33.4 180.9
    endloop
  endfacet
  facet normal 0 0 1
    outer loop
      vertex 114.7 -37.4 180.9
      vertex 111.7 -33.4 180.9
      vertex 111.7 -37.4 180.9
    endloop
  endfacet
  facet normal -0 0 1
    outer loop
      vertex 117.7 -57.4 180.9
      vertex 120.7 -61.4 180.9
      vertex 120.7 -57.4 180.9
    endloop
  endfacet
  facet normal 0 0 1
    outer loop
      vertex 120.7 -61.4 180.9
      vertex 117.7 -57.4 180.9
      vertex 117.7 -61.4 180.9
    endloop
  endfacet
  facet normal -0 0 1
    outer loop
      vertex 117.7 -33.4 180.9
      vertex 120.7 -37.4 180.9
      vertex 120.7 -33.4 180.9
    endloop
  endfacet
  facet normal 0 0 1
    outer loop
      vertex 120.7 -37.4 180.9
      vertex 117.7 -33.4 180.9
      vertex 117.7 -37.4 180.9
    endloop
  endfacet
  facet normal -0 0 1
    outer loop
      vertex 123.7 -57.4 180.9
      vertex 126.7 -61.4 180.9
      vertex 126.7 -57.4 180.9
    endloop
  endfacet
  facet normal 0 0 1
    outer loop
      vertex 126.7 -61.4 180.9
      vertex 123.7 -57.4 180.9
      vertex 123.7 -61.4 180.9
    endloop
  endfacet
  facet normal -0 0 1
    outer loop
      vertex 123.7 -33.4 180.9
      vertex 126.7 -37.4 180.9
      vertex 126.7 -33.4 180.9
    endloop
  endfacet
  facet normal 0 0 1
    outer loop
      vertex 126.7 -37.4 180.9
      vertex 123.7 -33.4 180.9
      vertex 123.7 -37.4 180.9
    endloop
  endfacet
  facet normal -0 0 1
    outer loop
      vertex -9 150 180.9
      vertex 135 104.2 180.9
      vertex 135 150 180.9
    endloop
  endfacet
  facet normal 0 0 1
    outer loop
      vertex 135 104.2 180.9
      vertex -9 150 180.9
      vertex 135 98.2 180.9
    endloop
  endfacet
  facet normal 0 -0 1
    outer loop
      vertex 45.7 -13.4 180.9
      vertex 135 98.2 180.9
      vertex -9 150 180.9
    endloop
  endfacet
  facet normal 0 0 1
    outer loop
      vertex 135 98.2 180.9
      vertex 48.7 -13.4 180.9
      vertex 135 55.4 180.9
    endloop
  endfacet
  facet normal 0 -0 1
    outer loop
      vertex 81.7 -13.4 180.9
      vertex 135 49.4 180.9
      vertex 78.7 -13.4 180.9
    endloop
  endfacet
  facet normal 0 -0 1
    outer loop
      vertex 93.7 -13.4 180.9
      vertex 135 49.4 180.9
      vertex 90.7 -13.4 180.9
    endloop
  endfacet
  facet normal 0 0 1
    outer loop
      vertex 135 0.599999 180.9
      vertex 126.7 -13.4 180.9
      vertex 135 -42.2 180.9
    endloop
  endfacet
  facet normal -0 0 1
    outer loop
      vertex 126.7 -33.4 180.9
      vertex 135 -42.2 180.9
      vertex 126.7 -13.4 180.9
    endloop
  endfacet
  facet normal -0 0 1
    outer loop
      vertex 126.7 -37.4 180.9
      vertex 135 -42.2 180.9
      vertex 126.7 -33.4 180.9
    endloop
  endfacet
  facet normal 0 0 1
    outer loop
      vertex 135 0.599999 180.9
      vertex 123.7 -13.4 180.9
      vertex 126.7 -13.4 180.9
    endloop
  endfacet
  facet normal 0 0 1
    outer loop
      vertex 120.7 -33.4 180.9
      vertex 123.7 -33.4 180.9
      vertex 123.7 -13.4 180.9
    endloop
  endfacet
  facet normal 0 0 1
    outer loop
      vertex 123.7 -33.4 180.9
      vertex 120.7 -33.4 180.9
      vertex 123.7 -37.4 180.9
    endloop
  endfacet
  facet normal 0 0 1
    outer loop
      vertex 123.7 -37.4 180.9
      vertex 120.7 -37.4 180.9
      vertex 123.7 -57.4 180.9
    endloop
  endfacet
  facet normal 0 0 1
    outer loop
      vertex 120.7 -57.4 180.9
      vertex 123.7 -57.4 180.9
      vertex 120.7 -37.4 180.9
    endloop
  endfacet
  facet normal 0 0 1
    outer loop
      vertex 120.7 -33.4 180.9
      vertex 123.7 -13.4 180.9
      vertex 120.7 -13.4 180.9
    endloop
  endfacet
  facet normal 0 0 1
    outer loop
      vertex 135 0.599999 180.9
      vertex 120.7 -13.4 180.9
      vertex 123.7 -13.4 180.9
    endloop
  endfacet
  facet normal 0 0 1
    outer loop
      vertex 135 0.599999 180.9
      vertex 117.7 -13.4 180.9
      vertex 120.7 -13.4 180.9
    endloop
  endfacet
  facet normal 0 0 1
    outer loop
      vertex 114.7 -33.4 180.9
      vertex 117.7 -33.4 180.9
      vertex 117.7 -13.4 180.9
    endloop
  endfacet
  facet normal 0 0 1
    outer loop
      vertex 117.7 -33.4 180.9
      vertex 114.7 -33.4 180.9
      vertex 117.7 -37.4 180.9
    endloop
  endfacet
  facet normal 0 0 1
    outer loop
      vertex 117.7 -37.4 180.9
      vertex 114.7 -37.4 180.9
      vertex 117.7 -57.4 180.9
    endloop
  endfacet
  facet normal 0 0 1
    outer loop
      vertex 114.7 -57.4 180.9
      vertex 117.7 -57.4 180.9
      vertex 114.7 -37.4 180.9
    endloop
  endfacet
  facet normal 0 0 1
    outer loop
      vertex 114.7 -33.4 180.9
      vertex 117.7 -13.4 180.9
      vertex 114.7 -13.4 180.9
    endloop
  endfacet
  facet normal 0 0 1
    outer loop
      vertex 135 6.6 180.9
      vertex 117.7 -13.4 180.9
      vertex 135 0.599999 180.9
    endloop
  endfacet
  facet normal 0 -0 1
    outer loop
      vertex 117.7 -13.4 180.9
      vertex 135 6.6 180.9
      vertex 114.7 -13.4 180.9
    endloop
  endfacet
  facet normal 0 0 1
    outer loop
      vertex 108.7 -33.4 180.9
      vertex 111.7 -33.4 180.9
      vertex 111.7 -13.4 180.9
    endloop
  endfacet
  facet normal 0 0 1
    outer loop
      vertex 111.7 -33.4 180.9
      vertex 108.7 -33.4 180.9
      vertex 111.7 -37.4 180.9
    endloop
  endfacet
  facet normal 0 0 1
    outer loop
      vertex 111.7 -37.4 180.9
      vertex 108.7 -37.4 180.9
      vertex 111.7 -57.4 180.9
    endloop
  endfacet
  facet normal 0 0 1
    outer loop
      vertex 108.7 -57.4 180.9
      vertex 111.7 -57.4 180.9
      vertex 108.7 -37.4 180.9
    endloop
  endfacet
  facet normal 0 0 1
    outer loop
      vertex 108.7 -33.4 180.9
      vertex 111.7 -13.4 180.9
      vertex 108.7 -13.4 180.9
    endloop
  endfacet
  facet normal 0 -0 1
    outer loop
      vertex 114.7 -13.4 180.9
      vertex 135 6.6 180.9
      vertex 111.7 -13.4 180.9
    endloop
  endfacet
  facet normal 0 -0 1
    outer loop
      vertex 111.7 -13.4 180.9
      vertex 135 6.6 180.9
      vertex 108.7 -13.4 180.9
    endloop
  endfacet
  facet normal 0 0 1
    outer loop
      vertex 102.7 -33.4 180.9
      vertex 105.7 -33.4 180.9
      vertex 105.7 -13.4 180.9
    endloop
  endfacet
  facet normal 0 0 1
    outer loop
      vertex 105.7 -33.4 180.9
      vertex 102.7 -33.4 180.9
      vertex 105.7 -37.4 180.9
    endloop
  endfacet
  facet normal 0 0 1
    outer loop
      vertex 105.7 -37.4 180.9
      vertex 102.7 -37.4 180.9
      vertex 105.7 -57.4 180.9
    endloop
  endfacet
  facet normal 0 0 1
    outer loop
      vertex 102.7 -57.4 180.9
      vertex 105.7 -57.4 180.9
      vertex 102.7 -37.4 180.9
    endloop
  endfacet
  facet normal 0 0 1
    outer loop
      vertex 102.7 -33.4 180.9
      vertex 105.7 -13.4 180.9
      vertex 102.7 -13.4 180.9
    endloop
  endfacet
  facet normal 0 -0 1
    outer loop
      vertex 108.7 -13.4 180.9
      vertex 135 6.6 180.9
      vertex 105.7 -13.4 180.9
    endloop
  endfacet
  facet normal 0 -0 1
    outer loop
      vertex 105.7 -13.4 180.9
      vertex 135 6.6 180.9
      vertex 102.7 -13.4 180.9
    endloop
  endfacet
  facet normal 0 0 1
    outer loop
      vertex 96.7 -33.4 180.9
      vertex 99.7 -33.4 180.9
      vertex 99.7 -13.4 180.9
    endloop
  endfacet
  facet normal 0 0 1
    outer loop
      vertex 99.7 -33.4 180.9
      vertex 96.7 -33.4 180.9
      vertex 99.7 -37.4 180.9
    endloop
  endfacet
  facet normal 0 0 1
    outer loop
      vertex 99.7 -37.4 180.9
      vertex 96.7 -37.4 180.9
      vertex 99.7 -57.4 180.9
    endloop
  endfacet
  facet normal 0 0 1
    outer loop
      vertex 96.7 -57.4 180.9
      vertex 99.7 -57.4 180.9
      vertex 96.7 -37.4 180.9
    endloop
  endfacet
  facet normal 0 0 1
    outer loop
      vertex 96.7 -33.4 180.9
      vertex 99.7 -13.4 180.9
      vertex 96.7 -13.4 180.9
    endloop
  endfacet
  facet normal 0 -0 1
    outer loop
      vertex 102.7 -13.4 180.9
      vertex 135 6.6 180.9
      vertex 99.7 -13.4 180.9
    endloop
  endfacet
  facet normal 0 0 1
    outer loop
      vertex 135 49.4 180.9
      vertex 99.7 -13.4 180.9
      vertex 135 6.6 180.9
    endloop
  endfacet
  facet normal 0 0 1
    outer loop
      vertex 90.7 -33.4 180.9
      vertex 93.7 -33.4 180.9
      vertex 93.7 -13.4 180.9
    endloop
  endfacet
  facet normal 0 0 1
    outer loop
      vertex 93.7 -33.4 180.9
      vertex 90.7 -33.4 180.9
      vertex 93.7 -37.4 180.9
    endloop
  endfacet
  facet normal 0 0 1
    outer loop
      vertex 93.7 -37.4 180.9
      vertex 90.7 -37.4 180.9
      vertex 93.7 -57.4 180.9
    endloop
  endfacet
  facet normal 0 0 1
    outer loop
      vertex 90.7 -57.4 180.9
      vertex 93.7 -57.4 180.9
      vertex 90.7 -37.4 180.9
    endloop
  endfacet
  facet normal 0 0 1
    outer loop
      vertex 90.7 -33.4 180.9
      vertex 93.7 -13.4 180.9
      vertex 90.7 -13.4 180.9
    endloop
  endfacet
  facet normal 0 -0 1
    outer loop
      vertex 99.7 -13.4 180.9
      vertex 135 49.4 180.9
      vertex 96.7 -13.4 180.9
    endloop
  endfacet
  facet normal 0 -0 1
    outer loop
      vertex 96.7 -13.4 180.9
      vertex 135 49.4 180.9
      vertex 93.7 -13.4 180.9
    endloop
  endfacet
  facet normal 0 0 1
    outer loop
      vertex 84.7 -33.4 180.9
      vertex 87.7 -33.4 180.9
      vertex 87.7 -13.4 180.9
    endloop
  endfacet
  facet normal 0 0 1
    outer loop
      vertex 87.7 -33.4 180.9
      vertex 84.7 -33.4 180.9
      vertex 87.7 -37.4 180.9
    endloop
  endfacet
  facet normal 0 0 1
    outer loop
      vertex 87.7 -37.4 180.9
      vertex 84.7 -37.4 180.9
      vertex 87.7 -57.4 180.9
    endloop
  endfacet
  facet normal 0 0 1
    outer loop
      vertex 84.7 -57.4 180.9
      vertex 87.7 -57.4 180.9
      vertex 84.7 -37.4 180.9
    endloop
  endfacet
  facet normal 0 0 1
    outer loop
      vertex 84.7 -33.4 180.9
      vertex 87.7 -13.4 180.9
      vertex 84.7 -13.4 180.9
    endloop
  endfacet
  facet normal 0 -0 1
    outer loop
      vertex 90.7 -13.4 180.9
      vertex 135 49.4 180.9
      vertex 87.7 -13.4 180.9
    endloop
  endfacet
  facet normal 0 -0 1
    outer loop
      vertex 87.7 -13.4 180.9
      vertex 135 49.4 180.9
      vertex 84.7 -13.4 180.9
    endloop
  endfacet
  facet normal 0 0 1
    outer loop
      vertex 78.7 -33.4 180.9
      vertex 81.7 -33.4 180.9
      vertex 81.7 -13.4 180.9
    endloop
  endfacet
  facet normal 0 0 1
    outer loop
      vertex 81.7 -33.4 180.9
      vertex 78.7 -33.4 180.9
      vertex 81.7 -37.4 180.9
    endloop
  endfacet
  facet normal 0 0 1
    outer loop
      vertex 81.7 -37.4 180.9
      vertex 78.7 -37.4 180.9
      vertex 81.7 -57.4 180.9
    endloop
  endfacet
  facet normal 0 0 1
    outer loop
      vertex 78.7 -57.4 180.9
      vertex 81.7 -57.4 180.9
      vertex 78.7 -37.4 180.9
    endloop
  endfacet
  facet normal 0 0 1
    outer loop
      vertex 78.7 -33.4 180.9
      vertex 81.7 -13.4 180.9
      vertex 78.7 -13.4 180.9
    endloop
  endfacet
  facet normal 0 -0 1
    outer loop
      vertex 84.7 -13.4 180.9
      vertex 135 49.4 180.9
      vertex 81.7 -13.4 180.9
    endloop
  endfacet
  facet normal 0 0 1
    outer loop
      vertex 135 49.4 180.9
      vertex 75.7 -13.4 180.9
      vertex 78.7 -13.4 180.9
    endloop
  endfacet
  facet normal 0 0 1
    outer loop
      vertex 72.7 -33.4 180.9
      vertex 75.7 -33.4 180.9
      vertex 75.7 -13.4 180.9
    endloop
  endfacet
  facet normal 0 0 1
    outer loop
      vertex 75.7 -33.4 180.9
      vertex 72.7 -33.4 180.9
      vertex 75.7 -37.4 180.9
    endloop
  endfacet
  facet normal 0 0 1
    outer loop
      vertex 75.7 -37.4 180.9
      vertex 72.7 -37.4 180.9
      vertex 75.7 -57.4 180.9
    endloop
  endfacet
  facet normal 0 0 1
    outer loop
      vertex 72.7 -57.4 180.9
      vertex 75.7 -57.4 180.9
      vertex 72.7 -37.4 180.9
    endloop
  endfacet
  facet normal 0 0 1
    outer loop
      vertex 72.7 -33.4 180.9
      vertex 75.7 -13.4 180.9
      vertex 72.7 -13.4 180.9
    endloop
  endfacet
  facet normal 0 0 1
    outer loop
      vertex 135 49.4 180.9
      vertex 72.7 -13.4 180.9
      vertex 75.7 -13.4 180.9
    endloop
  endfacet
  facet normal 0 0 1
    outer loop
      vertex 135 49.4 180.9
      vertex 69.7 -13.4 180.9
      vertex 72.7 -13.4 180.9
    endloop
  endfacet
  facet normal 0 0 1
    outer loop
      vertex 66.7 -33.4 180.9
      vertex 69.7 -33.4 180.9
      vertex 69.7 -13.4 180.9
    endloop
  endfacet
  facet normal 0 0 1
    outer loop
      vertex 69.7 -33.4 180.9
      vertex 66.7 -33.4 180.9
      vertex 69.7 -37.4 180.9
    endloop
  endfacet
  facet normal 0 0 1
    outer loop
      vertex 69.7 -37.4 180.9
      vertex 66.7 -37.4 180.9
      vertex 69.7 -57.4 180.9
    endloop
  endfacet
  facet normal 0 0 1
    outer loop
      vertex 66.7 -57.4 180.9
      vertex 69.7 -57.4 180.9
      vertex 66.7 -37.4 180.9
    endloop
  endfacet
  facet normal 0 0 1
    outer loop
      vertex 66.7 -33.4 180.9
      vertex 69.7 -13.4 180.9
      vertex 66.7 -13.4 180.9
    endloop
  endfacet
  facet normal 0 0 1
    outer loop
      vertex 135 55.4 180.9
      vertex 69.7 -13.4 180.9
      vertex 135 49.4 180.9
    endloop
  endfacet
  facet normal 0 -0 1
    outer loop
      vertex 69.7 -13.4 180.9
      vertex 135 55.4 180.9
      vertex 66.7 -13.4 180.9
    endloop
  endfacet
  facet normal 0 0 1
    outer loop
      vertex 60.7 -33.4 180.9
      vertex 63.7 -33.4 180.9
      vertex 63.7 -13.4 180.9
    endloop
  endfacet
  facet normal 0 0 1
    outer loop
      vertex 63.7 -33.4 180.9
      vertex 60.7 -33.4 180.9
      vertex 63.7 -37.4 180.9
    endloop
  endfacet
  facet normal 0 0 1
    outer loop
      vertex 63.7 -37.4 180.9
      vertex 60.7 -37.4 180.9
      vertex 63.7 -57.4 180.9
    endloop
  endfacet
  facet normal 0 0 1
    outer loop
      vertex 60.7 -57.4 180.9
      vertex 63.7 -57.4 180.9
      vertex 60.7 -37.4 180.9
    endloop
  endfacet
  facet normal 0 0 1
    outer loop
      vertex 60.7 -33.4 180.9
      vertex 63.7 -13.4 180.9
      vertex 60.7 -13.4 180.9
    endloop
  endfacet
  facet normal 0 -0 1
    outer loop
      vertex 66.7 -13.4 180.9
      vertex 135 55.4 180.9
      vertex 63.7 -13.4 180.9
    endloop
  endfacet
  facet normal 0 -0 1
    outer loop
      vertex 51.7 -13.4 180.9
      vertex 135 55.4 180.9
      vertex 48.7 -13.4 180.9
    endloop
  endfacet
  facet normal 0 0 1
    outer loop
      vertex 54.7 -33.4 180.9
      vertex 57.7 -33.4 180.9
      vertex 57.7 -13.4 180.9
    endloop
  endfacet
  facet normal 0 0 1
    outer loop
      vertex 57.7 -33.4 180.9
      vertex 54.7 -33.4 180.9
      vertex 57.7 -37.4 180.9
    endloop
  endfacet
  facet normal 0 0 1
    outer loop
      vertex 57.7 -37.4 180.9
      vertex 54.7 -37.4 180.9
      vertex 57.7 -57.4 180.9
    endloop
  endfacet
  facet normal 0 0 1
    outer loop
      vertex 54.7 -57.4 180.9
      vertex 57.7 -57.4 180.9
      vertex 54.7 -37.4 180.9
    endloop
  endfacet
  facet normal 0 0 1
    outer loop
      vertex 54.7 -33.4 180.9
      vertex 57.7 -13.4 180.9
      vertex 54.7 -13.4 180.9
    endloop
  endfacet
  facet normal 0 -0 1
    outer loop
      vertex 63.7 -13.4 180.9
      vertex 135 55.4 180.9
      vertex 60.7 -13.4 180.9
    endloop
  endfacet
  facet normal 0 -0 1
    outer loop
      vertex 60.7 -13.4 180.9
      vertex 135 55.4 180.9
      vertex 57.7 -13.4 180.9
    endloop
  endfacet
  facet normal 0 0 1
    outer loop
      vertex 48.7 -33.4 180.9
      vertex 51.7 -33.4 180.9
      vertex 51.7 -13.4 180.9
    endloop
  endfacet
  facet normal 0 0 1
    outer loop
      vertex 51.7 -33.4 180.9
      vertex 48.7 -33.4 180.9
      vertex 51.7 -37.4 180.9
    endloop
  endfacet
  facet normal 0 0 1
    outer loop
      vertex 51.7 -37.4 180.9
      vertex 48.7 -37.4 180.9
      vertex 51.7 -57.4 180.9
    endloop
  endfacet
  facet normal 0 0 1
    outer loop
      vertex 48.7 -57.4 180.9
      vertex 51.7 -57.4 180.9
      vertex 48.7 -37.4 180.9
    endloop
  endfacet
  facet normal 0 0 1
    outer loop
      vertex 48.7 -33.4 180.9
      vertex 51.7 -13.4 180.9
      vertex 48.7 -13.4 180.9
    endloop
  endfacet
  facet normal 0 -0 1
    outer loop
      vertex 57.7 -13.4 180.9
      vertex 135 55.4 180.9
      vertex 54.7 -13.4 180.9
    endloop
  endfacet
  facet normal 0 -0 1
    outer loop
      vertex 54.7 -13.4 180.9
      vertex 135 55.4 180.9
      vertex 51.7 -13.4 180.9
    endloop
  endfacet
  facet normal 0 0 1
    outer loop
      vertex 42.7 -33.4 180.9
      vertex 45.7 -33.4 180.9
      vertex 45.7 -13.4 180.9
    endloop
  endfacet
  facet normal 0 0 1
    outer loop
      vertex 45.7 -33.4 180.9
      vertex 42.7 -33.4 180.9
      vertex 45.7 -37.4 180.9
    endloop
  endfacet
  facet normal 0 0 1
    outer loop
      vertex 45.7 -37.4 180.9
      vertex 42.7 -37.4 180.9
      vertex 45.7 -57.4 180.9
    endloop
  endfacet
  facet normal 0 0 1
    outer loop
      vertex 42.7 -57.4 180.9
      vertex 45.7 -57.4 180.9
      vertex 42.7 -37.4 180.9
    endloop
  endfacet
  facet normal 0 0 1
    outer loop
      vertex 42.7 -33.4 180.9
      vertex 45.7 -13.4 180.9
      vertex 42.7 -13.4 180.9
    endloop
  endfacet
  facet normal 0 0 1
    outer loop
      vertex 135 98.2 180.9
      vertex 45.7 -13.4 180.9
      vertex 48.7 -13.4 180.9
    endloop
  endfacet
  facet normal 0 0 1
    outer loop
      vertex 45.7 -13.4 180.9
      vertex -9 150 180.9
      vertex 42.7 -13.4 180.9
    endloop
  endfacet
  facet normal 0 0 1
    outer loop
      vertex 36.7 -33.4 180.9
      vertex 39.7 -33.4 180.9
      vertex 39.7 -13.4 180.9
    endloop
  endfacet
  facet normal 0 0 1
    outer loop
      vertex 39.7 -33.4 180.9
      vertex 36.7 -33.4 180.9
      vertex 39.7 -37.4 180.9
    endloop
  endfacet
  facet normal 0 0 1
    outer loop
      vertex 39.7 -37.4 180.9
      vertex 36.7 -37.4 180.9
      vertex 39.7 -57.4 180.9
    endloop
  endfacet
  facet normal 0 0 1
    outer loop
      vertex 36.7 -57.4 180.9
      vertex 39.7 -57.4 180.9
      vertex 36.7 -37.4 180.9
    endloop
  endfacet
  facet normal 0 0 1
    outer loop
      vertex 36.7 -33.4 180.9
      vertex 39.7 -13.4 180.9
      vertex 36.7 -13.4 180.9
    endloop
  endfacet
  facet normal 0 0 1
    outer loop
      vertex 42.7 -13.4 180.9
      vertex -9 150 180.9
      vertex 39.7 -13.4 180.9
    endloop
  endfacet
  facet normal 0 0 1
    outer loop
      vertex 39.7 -13.4 180.9
      vertex -9 150 180.9
      vertex 36.7 -13.4 180.9
    endloop
  endfacet
  facet normal 0 0 1
    outer loop
      vertex 30.7 -33.4 180.9
      vertex 33.7 -33.4 180.9
      vertex 33.7 -13.4 180.9
    endloop
  endfacet
  facet normal 0 0 1
    outer loop
      vertex 33.7 -33.4 180.9
      vertex 30.7 -33.4 180.9
      vertex 33.7 -37.4 180.9
    endloop
  endfacet
  facet normal 0 0 1
    outer loop
      vertex 33.7 -37.4 180.9
      vertex 30.7 -37.4 180.9
      vertex 33.7 -57.4 180.9
    endloop
  endfacet
  facet normal 0 0 1
    outer loop
      vertex 30.7 -57.4 180.9
      vertex 33.7 -57.4 180.9
      vertex 30.7 -37.4 180.9
    endloop
  endfacet
  facet normal 0 0 1
    outer loop
      vertex 30.7 -33.4 180.9
      vertex 33.7 -13.4 180.9
      vertex 30.7 -13.4 180.9
    endloop
  endfacet
  facet normal 0 0 1
    outer loop
      vertex 36.7 -13.4 180.9
      vertex -9 150 180.9
      vertex 33.7 -13.4 180.9
    endloop
  endfacet
  facet normal 0 0 1
    outer loop
      vertex 33.7 -13.4 180.9
      vertex -9 150 180.9
      vertex 30.7 -13.4 180.9
    endloop
  endfacet
  facet normal 0 0 1
    outer loop
      vertex 24.7 -33.4 180.9
      vertex 27.7 -33.4 180.9
      vertex 27.7 -13.4 180.9
    endloop
  endfacet
  facet normal 0 0 1
    outer loop
      vertex 27.7 -33.4 180.9
      vertex 24.7 -33.4 180.9
      vertex 27.7 -37.4 180.9
    endloop
  endfacet
  facet normal 0 0 1
    outer loop
      vertex 27.7 -37.4 180.9
      vertex 24.7 -37.4 180.9
      vertex 27.7 -57.4 180.9
    endloop
  endfacet
  facet normal 0 0 1
    outer loop
      vertex 24.7 -57.4 180.9
      vertex 27.7 -57.4 180.9
      vertex 24.7 -37.4 180.9
    endloop
  endfacet
  facet normal 0 0 1
    outer loop
      vertex 24.7 -33.4 180.9
      vertex 27.7 -13.4 180.9
      vertex 24.7 -13.4 180.9
    endloop
  endfacet
  facet normal 0 0 1
    outer loop
      vertex 30.7 -13.4 180.9
      vertex -9 150 180.9
      vertex 27.7 -13.4 180.9
    endloop
  endfacet
  facet normal 0 0 1
    outer loop
      vertex 27.7 -13.4 180.9
      vertex -9 150 180.9
      vertex 24.7 -13.4 180.9
    endloop
  endfacet
  facet normal 0 0 1
    outer loop
      vertex 18.7 -33.4 180.9
      vertex 21.7 -33.4 180.9
      vertex 21.7 -13.4 180.9
    endloop
  endfacet
  facet normal 0 0 1
    outer loop
      vertex 21.7 -33.4 180.9
      vertex 18.7 -33.4 180.9
      vertex 21.7 -37.4 180.9
    endloop
  endfacet
  facet normal 0 0 1
    outer loop
      vertex 21.7 -37.4 180.9
      vertex 18.7 -37.4 180.9
      vertex 21.7 -57.4 180.9
    endloop
  endfacet
  facet normal 0 0 1
    outer loop
      vertex 18.7 -57.4 180.9
      vertex 21.7 -57.4 180.9
      vertex 18.7 -37.4 180.9
    endloop
  endfacet
  facet normal 0 0 1
    outer loop
      vertex 18.7 -33.4 180.9
      vertex 21.7 -13.4 180.9
      vertex 18.7 -13.4 180.9
    endloop
  endfacet
  facet normal 0 0 1
    outer loop
      vertex 24.7 -13.4 180.9
      vertex -9 150 180.9
      vertex 21.7 -13.4 180.9
    endloop
  endfacet
  facet normal 0 0 1
    outer loop
      vertex 21.7 -13.4 180.9
      vertex -9 150 180.9
      vertex 18.7 -13.4 180.9
    endloop
  endfacet
  facet normal 0 0 1
    outer loop
      vertex 12.7 -33.4 180.9
      vertex 15.7 -33.4 180.9
      vertex 15.7 -13.4 180.9
    endloop
  endfacet
  facet normal 0 0 1
    outer loop
      vertex 15.7 -33.4 180.9
      vertex 12.7 -33.4 180.9
      vertex 15.7 -37.4 180.9
    endloop
  endfacet
  facet normal 0 0 1
    outer loop
      vertex 15.7 -37.4 180.9
      vertex 12.7 -37.4 180.9
      vertex 15.7 -57.4 180.9
    endloop
  endfacet
  facet normal 0 0 1
    outer loop
      vertex 12.7 -57.4 180.9
      vertex 15.7 -57.4 180.9
      vertex 12.7 -37.4 180.9
    endloop
  endfacet
  facet normal 0 0 1
    outer loop
      vertex 12.7 -33.4 180.9
      vertex 15.7 -13.4 180.9
      vertex 12.7 -13.4 180.9
    endloop
  endfacet
  facet normal 0 0 1
    outer loop
      vertex 18.7 -13.4 180.9
      vertex -9 150 180.9
      vertex 15.7 -13.4 180.9
    endloop
  endfacet
  facet normal 0 0 1
    outer loop
      vertex 15.7 -13.4 180.9
      vertex -9 150 180.9
      vertex 12.7 -13.4 180.9
    endloop
  endfacet
  facet normal 0 0 1
    outer loop
      vertex -9 -94 180.9
      vertex 9.7 -33.4 180.9
      vertex 9.7 -13.4 180.9
    endloop
  endfacet
  facet normal 0 0 1
    outer loop
      vertex 9.7 -33.4 180.9
      vertex -9 -94 180.9
      vertex 9.7 -37.4 180.9
    endloop
  endfacet
  facet normal 0 0 1
    outer loop
      vertex 9.7 -37.4 180.9
      vertex -9 -94 180.9
      vertex 9.7 -57.4 180.9
    endloop
  endfacet
  facet normal 0 0 1
    outer loop
      vertex 9.7 -57.4 180.9
      vertex -9 -94 180.9
      vertex 9.7 -61.4 180.9
    endloop
  endfacet
  facet normal 0 0 1
    outer loop
      vertex -9 -94 180.9
      vertex 9.7 -13.4 180.9
      vertex -9 150 180.9
    endloop
  endfacet
  facet normal 0 0 1
    outer loop
      vertex 12.7 -13.4 180.9
      vertex -9 150 180.9
      vertex 9.7 -13.4 180.9
    endloop
  endfacet
  facet normal 0 0 1
    outer loop
      vertex 136 104.2 180.9
      vertex 141.5 106.4 180.9
      vertex 137.2 106.4 180.9
    endloop
  endfacet
  facet normal 0 0 1
    outer loop
      vertex 141.5 106.4 180.9
      vertex 136 104.2 180.9
      vertex 141.5 96 180.9
    endloop
  endfacet
  facet normal -0 0 1
    outer loop
      vertex 136 98.2 180.9
      vertex 141.5 96 180.9
      vertex 136 104.2 180.9
    endloop
  endfacet
  facet normal 0 0 1
    outer loop
      vertex 141.5 96 180.9
      vertex 136 98.2 180.9
      vertex 137.2 96 180.9
    endloop
  endfacet
  facet normal -0 0 1
    outer loop
      vertex 135 104.2 180.9
      vertex 136 98.2 180.9
      vertex 136 104.2 180.9
    endloop
  endfacet
  facet normal 0 0 1
    outer loop
      vertex 136 98.2 180.9
      vertex 135 104.2 180.9
      vertex 135 98.2 180.9
    endloop
  endfacet
  facet normal 0 0 1
    outer loop
      vertex 136 55.4 180.9
      vertex 141.5 57.6 180.9
      vertex 137.2 57.6 180.9
    endloop
  endfacet
  facet normal 0 0 1
    outer loop
      vertex 141.5 57.6 180.9
      vertex 136 55.4 180.9
      vertex 141.5 47.2 180.9
    endloop
  endfacet
  facet normal -0 0 1
    outer loop
      vertex 136 49.4 180.9
      vertex 141.5 47.2 180.9
      vertex 136 55.4 180.9
    endloop
  endfacet
  facet normal 0 0 1
    outer loop
      vertex 141.5 47.2 180.9
      vertex 136 49.4 180.9
      vertex 137.2 47.2 180.9
    endloop
  endfacet
  facet normal -0 0 1
    outer loop
      vertex 135 55.4 180.9
      vertex 136 49.4 180.9
      vertex 136 55.4 180.9
    endloop
  endfacet
  facet normal 0 0 1
    outer loop
      vertex 136 49.4 180.9
      vertex 135 55.4 180.9
      vertex 135 49.4 180.9
    endloop
  endfacet
  facet normal 0 0 1
    outer loop
      vertex 136 6.6 180.9
      vertex 141.5 8.8 180.9
      vertex 137.2 8.8 180.9
    endloop
  endfacet
  facet normal 0 0 1
    outer loop
      vertex 141.5 8.8 180.9
      vertex 136 6.6 180.9
      vertex 141.5 -1.6 180.9
    endloop
  endfacet
  facet normal -0 0 1
    outer loop
      vertex 136 0.599999 180.9
      vertex 141.5 -1.6 180.9
      vertex 136 6.6 180.9
    endloop
  endfacet
  facet normal 0 0 1
    outer loop
      vertex 141.5 -1.6 180.9
      vertex 136 0.599999 180.9
      vertex 137.2 -1.6 180.9
    endloop
  endfacet
  facet normal -0 0 1
    outer loop
      vertex 135 6.6 180.9
      vertex 136 0.599999 180.9
      vertex 136 6.6 180.9
    endloop
  endfacet
  facet normal 0 0 1
    outer loop
      vertex 136 0.599999 180.9
      vertex 135 6.6 180.9
      vertex 135 0.599999 180.9
    endloop
  endfacet
  facet normal 0 0 1
    outer loop
      vertex 136 -42.2 180.9
      vertex 141.5 -40 180.9
      vertex 137.2 -40 180.9
    endloop
  endfacet
  facet normal 0 0 1
    outer loop
      vertex 141.5 -40 180.9
      vertex 136 -42.2 180.9
      vertex 141.5 -50.4 180.9
    endloop
  endfacet
  facet normal -0 0 1
    outer loop
      vertex 136 -48.2 180.9
      vertex 141.5 -50.4 180.9
      vertex 136 -42.2 180.9
    endloop
  endfacet
  facet normal 0 0 1
    outer loop
      vertex 141.5 -50.4 180.9
      vertex 136 -48.2 180.9
      vertex 137.2 -50.4 180.9
    endloop
  endfacet
  facet normal -0 0 1
    outer loop
      vertex 135 -42.2 180.9
      vertex 136 -48.2 180.9
      vertex 136 -42.2 180.9
    endloop
  endfacet
  facet normal 0 0 1
    outer loop
      vertex 136 -48.2 180.9
      vertex 135 -42.2 180.9
      vertex 135 -48.2 180.9
    endloop
  endfacet
  facet normal 0 0 1
    outer loop
      vertex 135 -42.2 180.9
      vertex 126.7 -37.4 180.9
      vertex 135 -48.2 180.9
    endloop
  endfacet
  facet normal 0 0 1
    outer loop
      vertex 126.7 -57.4 180.9
      vertex 135 -48.2 180.9
      vertex 126.7 -37.4 180.9
    endloop
  endfacet
  facet normal 0 0 1
    outer loop
      vertex 126.7 -61.4 180.9
      vertex 135 -48.2 180.9
      vertex 126.7 -57.4 180.9
    endloop
  endfacet
  facet normal 0 0 1
    outer loop
      vertex 135 -48.2 180.9
      vertex 126.7 -61.4 180.9
      vertex 135 -94 180.9
    endloop
  endfacet
  facet normal -0 0 1
    outer loop
      vertex 126.7 -81.4 180.9
      vertex 135 -94 180.9
      vertex 126.7 -61.4 180.9
    endloop
  endfacet
  facet normal -0 0 1
    outer loop
      vertex 123.7 -81.4 180.9
      vertex 135 -94 180.9
      vertex 126.7 -81.4 180.9
    endloop
  endfacet
  facet normal 0 0 1
    outer loop
      vertex 123.7 -37.4 180.9
      vertex 120.7 -33.4 180.9
      vertex 120.7 -37.4 180.9
    endloop
  endfacet
  facet normal 0 0 1
    outer loop
      vertex 123.7 -57.4 180.9
      vertex 120.7 -57.4 180.9
      vertex 123.7 -61.4 180.9
    endloop
  endfacet
  facet normal 0 0 1
    outer loop
      vertex 120.7 -61.4 180.9
      vertex 123.7 -61.4 180.9
      vertex 120.7 -57.4 180.9
    endloop
  endfacet
  facet normal 0 0 1
    outer loop
      vertex 123.7 -61.4 180.9
      vertex 120.7 -61.4 180.9
      vertex 123.7 -81.4 180.9
    endloop
  endfacet
  facet normal 0 0 1
    outer loop
      vertex 120.7 -81.4 180.9
      vertex 123.7 -81.4 180.9
      vertex 120.7 -61.4 180.9
    endloop
  endfacet
  facet normal -0 0 1
    outer loop
      vertex 120.7 -81.4 180.9
      vertex 135 -94 180.9
      vertex 123.7 -81.4 180.9
    endloop
  endfacet
  facet normal -0 0 1
    outer loop
      vertex 117.7 -81.4 180.9
      vertex 135 -94 180.9
      vertex 120.7 -81.4 180.9
    endloop
  endfacet
  facet normal 0 0 1
    outer loop
      vertex 117.7 -37.4 180.9
      vertex 114.7 -33.4 180.9
      vertex 114.7 -37.4 180.9
    endloop
  endfacet
  facet normal 0 0 1
    outer loop
      vertex 117.7 -57.4 180.9
      vertex 114.7 -57.4 180.9
      vertex 117.7 -61.4 180.9
    endloop
  endfacet
  facet normal 0 0 1
    outer loop
      vertex 114.7 -61.4 180.9
      vertex 117.7 -61.4 180.9
      vertex 114.7 -57.4 180.9
    endloop
  endfacet
  facet normal 0 0 1
    outer loop
      vertex 117.7 -61.4 180.9
      vertex 114.7 -61.4 180.9
      vertex 117.7 -81.4 180.9
    endloop
  endfacet
  facet normal 0 0 1
    outer loop
      vertex 114.7 -81.4 180.9
      vertex 117.7 -81.4 180.9
      vertex 114.7 -61.4 180.9
    endloop
  endfacet
  facet normal -0 0 1
    outer loop
      vertex 114.7 -81.4 180.9
      vertex 135 -94 180.9
      vertex 117.7 -81.4 180.9
    endloop
  endfacet
  facet normal -0 0 1
    outer loop
      vertex 111.7 -81.4 180.9
      vertex 135 -94 180.9
      vertex 114.7 -81.4 180.9
    endloop
  endfacet
  facet normal 0 0 1
    outer loop
      vertex 111.7 -37.4 180.9
      vertex 108.7 -33.4 180.9
      vertex 108.7 -37.4 180.9
    endloop
  endfacet
  facet normal 0 0 1
    outer loop
      vertex 111.7 -57.4 180.9
      vertex 108.7 -57.4 180.9
      vertex 111.7 -61.4 180.9
    endloop
  endfacet
  facet normal 0 0 1
    outer loop
      vertex 108.7 -61.4 180.9
      vertex 111.7 -61.4 180.9
      vertex 108.7 -57.4 180.9
    endloop
  endfacet
  facet normal 0 0 1
    outer loop
      vertex 111.7 -61.4 180.9
      vertex 108.7 -61.4 180.9
      vertex 111.7 -81.4 180.9
    endloop
  endfacet
  facet normal 0 0 1
    outer loop
      vertex 108.7 -81.4 180.9
      vertex 111.7 -81.4 180.9
      vertex 108.7 -61.4 180.9
    endloop
  endfacet
  facet normal -0 0 1
    outer loop
      vertex 108.7 -81.4 180.9
      vertex 135 -94 180.9
      vertex 111.7 -81.4 180.9
    endloop
  endfacet
  facet normal -0 0 1
    outer loop
      vertex 105.7 -81.4 180.9
      vertex 135 -94 180.9
      vertex 108.7 -81.4 180.9
    endloop
  endfacet
  facet normal 0 0 1
    outer loop
      vertex 105.7 -37.4 180.9
      vertex 102.7 -33.4 180.9
      vertex 102.7 -37.4 180.9
    endloop
  endfacet
  facet normal 0 0 1
    outer loop
      vertex 105.7 -57.4 180.9
      vertex 102.7 -57.4 180.9
      vertex 105.7 -61.4 180.9
    endloop
  endfacet
  facet normal 0 0 1
    outer loop
      vertex 102.7 -61.4 180.9
      vertex 105.7 -61.4 180.9
      vertex 102.7 -57.4 180.9
    endloop
  endfacet
  facet normal 0 0 1
    outer loop
      vertex 105.7 -61.4 180.9
      vertex 102.7 -61.4 180.9
      vertex 105.7 -81.4 180.9
    endloop
  endfacet
  facet normal 0 0 1
    outer loop
      vertex 102.7 -81.4 180.9
      vertex 105.7 -81.4 180.9
      vertex 102.7 -61.4 180.9
    endloop
  endfacet
  facet normal -0 0 1
    outer loop
      vertex 102.7 -81.4 180.9
      vertex 135 -94 180.9
      vertex 105.7 -81.4 180.9
    endloop
  endfacet
  facet normal -0 0 1
    outer loop
      vertex 99.7 -81.4 180.9
      vertex 135 -94 180.9
      vertex 102.7 -81.4 180.9
    endloop
  endfacet
  facet normal 0 0 1
    outer loop
      vertex 99.7 -37.4 180.9
      vertex 96.7 -33.4 180.9
      vertex 96.7 -37.4 180.9
    endloop
  endfacet
  facet normal 0 0 1
    outer loop
      vertex 99.7 -57.4 180.9
      vertex 96.7 -57.4 180.9
      vertex 99.7 -61.4 180.9
    endloop
  endfacet
  facet normal 0 0 1
    outer loop
      vertex 96.7 -61.4 180.9
      vertex 99.7 -61.4 180.9
      vertex 96.7 -57.4 180.9
    endloop
  endfacet
  facet normal 0 0 1
    outer loop
      vertex 99.7 -61.4 180.9
      vertex 96.7 -61.4 180.9
      vertex 99.7 -81.4 180.9
    endloop
  endfacet
  facet normal 0 0 1
    outer loop
      vertex 96.7 -81.4 180.9
      vertex 99.7 -81.4 180.9
      vertex 96.7 -61.4 180.9
    endloop
  endfacet
  facet normal -0 0 1
    outer loop
      vertex 96.7 -81.4 180.9
      vertex 135 -94 180.9
      vertex 99.7 -81.4 180.9
    endloop
  endfacet
  facet normal -0 0 1
    outer loop
      vertex 93.7 -81.4 180.9
      vertex 135 -94 180.9
      vertex 96.7 -81.4 180.9
    endloop
  endfacet
  facet normal 0 0 1
    outer loop
      vertex 93.7 -37.4 180.9
      vertex 90.7 -33.4 180.9
      vertex 90.7 -37.4 180.9
    endloop
  endfacet
  facet normal 0 0 1
    outer loop
      vertex 93.7 -57.4 180.9
      vertex 90.7 -57.4 180.9
      vertex 93.7 -61.4 180.9
    endloop
  endfacet
  facet normal 0 0 1
    outer loop
      vertex 90.7 -61.4 180.9
      vertex 93.7 -61.4 180.9
      vertex 90.7 -57.4 180.9
    endloop
  endfacet
  facet normal 0 0 1
    outer loop
      vertex 93.7 -61.4 180.9
      vertex 90.7 -61.4 180.9
      vertex 93.7 -81.4 180.9
    endloop
  endfacet
  facet normal 0 0 1
    outer loop
      vertex 90.7 -81.4 180.9
      vertex 93.7 -81.4 180.9
      vertex 90.7 -61.4 180.9
    endloop
  endfacet
  facet normal -0 0 1
    outer loop
      vertex 90.7 -81.4 180.9
      vertex 135 -94 180.9
      vertex 93.7 -81.4 180.9
    endloop
  endfacet
  facet normal -0 0 1
    outer loop
      vertex 87.7 -81.4 180.9
      vertex 135 -94 180.9
      vertex 90.7 -81.4 180.9
    endloop
  endfacet
  facet normal 0 0 1
    outer loop
      vertex 87.7 -37.4 180.9
      vertex 84.7 -33.4 180.9
      vertex 84.7 -37.4 180.9
    endloop
  endfacet
  facet normal 0 0 1
    outer loop
      vertex 87.7 -57.4 180.9
      vertex 84.7 -57.4 180.9
      vertex 87.7 -61.4 180.9
    endloop
  endfacet
  facet normal 0 0 1
    outer loop
      vertex 84.7 -61.4 180.9
      vertex 87.7 -61.4 180.9
      vertex 84.7 -57.4 180.9
    endloop
  endfacet
  facet normal 0 0 1
    outer loop
      vertex 87.7 -61.4 180.9
      vertex 84.7 -61.4 180.9
      vertex 87.7 -81.4 180.9
    endloop
  endfacet
  facet normal 0 0 1
    outer loop
      vertex 84.7 -81.4 180.9
      vertex 87.7 -81.4 180.9
      vertex 84.7 -61.4 180.9
    endloop
  endfacet
  facet normal -0 0 1
    outer loop
      vertex 84.7 -81.4 180.9
      vertex 135 -94 180.9
      vertex 87.7 -81.4 180.9
    endloop
  endfacet
  facet normal -0 0 1
    outer loop
      vertex 81.7 -81.4 180.9
      vertex 135 -94 180.9
      vertex 84.7 -81.4 180.9
    endloop
  endfacet
  facet normal 0 0 1
    outer loop
      vertex 81.7 -37.4 180.9
      vertex 78.7 -33.4 180.9
      vertex 78.7 -37.4 180.9
    endloop
  endfacet
  facet normal 0 0 1
    outer loop
      vertex 81.7 -57.4 180.9
      vertex 78.7 -57.4 180.9
      vertex 81.7 -61.4 180.9
    endloop
  endfacet
  facet normal 0 0 1
    outer loop
      vertex 78.7 -61.4 180.9
      vertex 81.7 -61.4 180.9
      vertex 78.7 -57.4 180.9
    endloop
  endfacet
  facet normal 0 0 1
    outer loop
      vertex 81.7 -61.4 180.9
      vertex 78.7 -61.4 180.9
      vertex 81.7 -81.4 180.9
    endloop
  endfacet
  facet normal 0 0 1
    outer loop
      vertex 78.7 -81.4 180.9
      vertex 81.7 -81.4 180.9
      vertex 78.7 -61.4 180.9
    endloop
  endfacet
  facet normal -0 0 1
    outer loop
      vertex 78.7 -81.4 180.9
      vertex 135 -94 180.9
      vertex 81.7 -81.4 180.9
    endloop
  endfacet
  facet normal -0 0 1
    outer loop
      vertex 75.7 -81.4 180.9
      vertex 135 -94 180.9
      vertex 78.7 -81.4 180.9
    endloop
  endfacet
  facet normal 0 0 1
    outer loop
      vertex 75.7 -37.4 180.9
      vertex 72.7 -33.4 180.9
      vertex 72.7 -37.4 180.9
    endloop
  endfacet
  facet normal 0 0 1
    outer loop
      vertex 75.7 -57.4 180.9
      vertex 72.7 -57.4 180.9
      vertex 75.7 -61.4 180.9
    endloop
  endfacet
  facet normal 0 0 1
    outer loop
      vertex 72.7 -61.4 180.9
      vertex 75.7 -61.4 180.9
      vertex 72.7 -57.4 180.9
    endloop
  endfacet
  facet normal 0 0 1
    outer loop
      vertex 75.7 -61.4 180.9
      vertex 72.7 -61.4 180.9
      vertex 75.7 -81.4 180.9
    endloop
  endfacet
  facet normal 0 0 1
    outer loop
      vertex 72.7 -81.4 180.9
      vertex 75.7 -81.4 180.9
      vertex 72.7 -61.4 180.9
    endloop
  endfacet
  facet normal -0 0 1
    outer loop
      vertex 72.7 -81.4 180.9
      vertex 135 -94 180.9
      vertex 75.7 -81.4 180.9
    endloop
  endfacet
  facet normal -0 0 1
    outer loop
      vertex 69.7 -81.4 180.9
      vertex 135 -94 180.9
      vertex 72.7 -81.4 180.9
    endloop
  endfacet
  facet normal 0 0 1
    outer loop
      vertex 69.7 -37.4 180.9
      vertex 66.7 -33.4 180.9
      vertex 66.7 -37.4 180.9
    endloop
  endfacet
  facet normal 0 0 1
    outer loop
      vertex 69.7 -57.4 180.9
      vertex 66.7 -57.4 180.9
      vertex 69.7 -61.4 180.9
    endloop
  endfacet
  facet normal 0 0 1
    outer loop
      vertex 66.7 -61.4 180.9
      vertex 69.7 -61.4 180.9
      vertex 66.7 -57.4 180.9
    endloop
  endfacet
  facet normal 0 0 1
    outer loop
      vertex 69.7 -61.4 180.9
      vertex 66.7 -61.4 180.9
      vertex 69.7 -81.4 180.9
    endloop
  endfacet
  facet normal 0 0 1
    outer loop
      vertex 66.7 -81.4 180.9
      vertex 69.7 -81.4 180.9
      vertex 66.7 -61.4 180.9
    endloop
  endfacet
  facet normal -0 0 1
    outer loop
      vertex 66.7 -81.4 180.9
      vertex 135 -94 180.9
      vertex 69.7 -81.4 180.9
    endloop
  endfacet
  facet normal -0 0 1
    outer loop
      vertex 63.7 -81.4 180.9
      vertex 135 -94 180.9
      vertex 66.7 -81.4 180.9
    endloop
  endfacet
  facet normal 0 0 1
    outer loop
      vertex 63.7 -37.4 180.9
      vertex 60.7 -33.4 180.9
      vertex 60.7 -37.4 180.9
    endloop
  endfacet
  facet normal 0 0 1
    outer loop
      vertex 63.7 -57.4 180.9
      vertex 60.7 -57.4 180.9
      vertex 63.7 -61.4 180.9
    endloop
  endfacet
  facet normal 0 0 1
    outer loop
      vertex 60.7 -61.4 180.9
      vertex 63.7 -61.4 180.9
      vertex 60.7 -57.4 180.9
    endloop
  endfacet
  facet normal 0 0 1
    outer loop
      vertex 63.7 -61.4 180.9
      vertex 60.7 -61.4 180.9
      vertex 63.7 -81.4 180.9
    endloop
  endfacet
  facet normal 0 0 1
    outer loop
      vertex 60.7 -81.4 180.9
      vertex 63.7 -81.4 180.9
      vertex 60.7 -61.4 180.9
    endloop
  endfacet
  facet normal -0 0 1
    outer loop
      vertex 60.7 -81.4 180.9
      vertex 135 -94 180.9
      vertex 63.7 -81.4 180.9
    endloop
  endfacet
  facet normal 0 0 1
    outer loop
      vertex -9 -94 180.9
      vertex 60.7 -81.4 180.9
      vertex 57.7 -81.4 180.9
    endloop
  endfacet
  facet normal 0 0 1
    outer loop
      vertex 57.7 -37.4 180.9
      vertex 54.7 -33.4 180.9
      vertex 54.7 -37.4 180.9
    endloop
  endfacet
  facet normal 0 0 1
    outer loop
      vertex 57.7 -57.4 180.9
      vertex 54.7 -57.4 180.9
      vertex 57.7 -61.4 180.9
    endloop
  endfacet
  facet normal 0 0 1
    outer loop
      vertex 54.7 -61.4 180.9
      vertex 57.7 -61.4 180.9
      vertex 54.7 -57.4 180.9
    endloop
  endfacet
  facet normal 0 0 1
    outer loop
      vertex 57.7 -61.4 180.9
      vertex 54.7 -61.4 180.9
      vertex 57.7 -81.4 180.9
    endloop
  endfacet
  facet normal 0 0 1
    outer loop
      vertex 54.7 -81.4 180.9
      vertex 57.7 -81.4 180.9
      vertex 54.7 -61.4 180.9
    endloop
  endfacet
  facet normal 0 0 1
    outer loop
      vertex -9 -94 180.9
      vertex 57.7 -81.4 180.9
      vertex 54.7 -81.4 180.9
    endloop
  endfacet
  facet normal 0 0 1
    outer loop
      vertex -9 -94 180.9
      vertex 54.7 -81.4 180.9
      vertex 51.7 -81.4 180.9
    endloop
  endfacet
  facet normal 0 0 1
    outer loop
      vertex 51.7 -37.4 180.9
      vertex 48.7 -33.4 180.9
      vertex 48.7 -37.4 180.9
    endloop
  endfacet
  facet normal 0 0 1
    outer loop
      vertex 51.7 -57.4 180.9
      vertex 48.7 -57.4 180.9
      vertex 51.7 -61.4 180.9
    endloop
  endfacet
  facet normal 0 0 1
    outer loop
      vertex 48.7 -61.4 180.9
      vertex 51.7 -61.4 180.9
      vertex 48.7 -57.4 180.9
    endloop
  endfacet
  facet normal 0 0 1
    outer loop
      vertex 51.7 -61.4 180.9
      vertex 48.7 -61.4 180.9
      vertex 51.7 -81.4 180.9
    endloop
  endfacet
  facet normal 0 0 1
    outer loop
      vertex 48.7 -81.4 180.9
      vertex 51.7 -81.4 180.9
      vertex 48.7 -61.4 180.9
    endloop
  endfacet
  facet normal 0 0 1
    outer loop
      vertex -9 -94 180.9
      vertex 51.7 -81.4 180.9
      vertex 48.7 -81.4 180.9
    endloop
  endfacet
  facet normal 0 0 1
    outer loop
      vertex -9 -94 180.9
      vertex 48.7 -81.4 180.9
      vertex 45.7 -81.4 180.9
    endloop
  endfacet
  facet normal 0 0 1
    outer loop
      vertex 45.7 -37.4 180.9
      vertex 42.7 -33.4 180.9
      vertex 42.7 -37.4 180.9
    endloop
  endfacet
  facet normal 0 0 1
    outer loop
      vertex 45.7 -57.4 180.9
      vertex 42.7 -57.4 180.9
      vertex 45.7 -61.4 180.9
    endloop
  endfacet
  facet normal 0 0 1
    outer loop
      vertex 42.7 -61.4 180.9
      vertex 45.7 -61.4 180.9
      vertex 42.7 -57.4 180.9
    endloop
  endfacet
  facet normal 0 0 1
    outer loop
      vertex 45.7 -61.4 180.9
      vertex 42.7 -61.4 180.9
      vertex 45.7 -81.4 180.9
    endloop
  endfacet
  facet normal 0 0 1
    outer loop
      vertex 42.7 -81.4 180.9
      vertex 45.7 -81.4 180.9
      vertex 42.7 -61.4 180.9
    endloop
  endfacet
  facet normal 0 0 1
    outer loop
      vertex -9 -94 180.9
      vertex 45.7 -81.4 180.9
      vertex 42.7 -81.4 180.9
    endloop
  endfacet
  facet normal 0 0 1
    outer loop
      vertex -9 -94 180.9
      vertex 42.7 -81.4 180.9
      vertex 39.7 -81.4 180.9
    endloop
  endfacet
  facet normal 0 0 1
    outer loop
      vertex 39.7 -37.4 180.9
      vertex 36.7 -33.4 180.9
      vertex 36.7 -37.4 180.9
    endloop
  endfacet
  facet normal 0 0 1
    outer loop
      vertex 39.7 -57.4 180.9
      vertex 36.7 -57.4 180.9
      vertex 39.7 -61.4 180.9
    endloop
  endfacet
  facet normal 0 0 1
    outer loop
      vertex 36.7 -61.4 180.9
      vertex 39.7 -61.4 180.9
      vertex 36.7 -57.4 180.9
    endloop
  endfacet
  facet normal 0 0 1
    outer loop
      vertex 39.7 -61.4 180.9
      vertex 36.7 -61.4 180.9
      vertex 39.7 -81.4 180.9
    endloop
  endfacet
  facet normal 0 0 1
    outer loop
      vertex 36.7 -81.4 180.9
      vertex 39.7 -81.4 180.9
      vertex 36.7 -61.4 180.9
    endloop
  endfacet
  facet normal 0 0 1
    outer loop
      vertex -9 -94 180.9
      vertex 39.7 -81.4 180.9
      vertex 36.7 -81.4 180.9
    endloop
  endfacet
  facet normal 0 0 1
    outer loop
      vertex -9 -94 180.9
      vertex 36.7 -81.4 180.9
      vertex 33.7 -81.4 180.9
    endloop
  endfacet
  facet normal 0 0 1
    outer loop
      vertex 33.7 -37.4 180.9
      vertex 30.7 -33.4 180.9
      vertex 30.7 -37.4 180.9
    endloop
  endfacet
  facet normal 0 0 1
    outer loop
      vertex 33.7 -57.4 180.9
      vertex 30.7 -57.4 180.9
      vertex 33.7 -61.4 180.9
    endloop
  endfacet
  facet normal 0 0 1
    outer loop
      vertex 30.7 -61.4 180.9
      vertex 33.7 -61.4 180.9
      vertex 30.7 -57.4 180.9
    endloop
  endfacet
  facet normal 0 0 1
    outer loop
      vertex 33.7 -61.4 180.9
      vertex 30.7 -61.4 180.9
      vertex 33.7 -81.4 180.9
    endloop
  endfacet
  facet normal 0 0 1
    outer loop
      vertex 30.7 -81.4 180.9
      vertex 33.7 -81.4 180.9
      vertex 30.7 -61.4 180.9
    endloop
  endfacet
  facet normal 0 0 1
    outer loop
      vertex -9 -94 180.9
      vertex 33.7 -81.4 180.9
      vertex 30.7 -81.4 180.9
    endloop
  endfacet
  facet normal 0 0 1
    outer loop
      vertex -9 -94 180.9
      vertex 30.7 -81.4 180.9
      vertex 27.7 -81.4 180.9
    endloop
  endfacet
  facet normal 0 0 1
    outer loop
      vertex 27.7 -37.4 180.9
      vertex 24.7 -33.4 180.9
      vertex 24.7 -37.4 180.9
    endloop
  endfacet
  facet normal 0 0 1
    outer loop
      vertex 27.7 -57.4 180.9
      vertex 24.7 -57.4 180.9
      vertex 27.7 -61.4 180.9
    endloop
  endfacet
  facet normal 0 0 1
    outer loop
      vertex 24.7 -61.4 180.9
      vertex 27.7 -61.4 180.9
      vertex 24.7 -57.4 180.9
    endloop
  endfacet
  facet normal 0 0 1
    outer loop
      vertex 27.7 -61.4 180.9
      vertex 24.7 -61.4 180.9
      vertex 27.7 -81.4 180.9
    endloop
  endfacet
  facet normal 0 0 1
    outer loop
      vertex 24.7 -81.4 180.9
      vertex 27.7 -81.4 180.9
      vertex 24.7 -61.4 180.9
    endloop
  endfacet
  facet normal 0 0 1
    outer loop
      vertex -9 -94 180.9
      vertex 27.7 -81.4 180.9
      vertex 24.7 -81.4 180.9
    endloop
  endfacet
  facet normal 0 0 1
    outer loop
      vertex -9 -94 180.9
      vertex 24.7 -81.4 180.9
      vertex 21.7 -81.4 180.9
    endloop
  endfacet
  facet normal 0 0 1
    outer loop
      vertex 21.7 -37.4 180.9
      vertex 18.7 -33.4 180.9
      vertex 18.7 -37.4 180.9
    endloop
  endfacet
  facet normal 0 0 1
    outer loop
      vertex 21.7 -57.4 180.9
      vertex 18.7 -57.4 180.9
      vertex 21.7 -61.4 180.9
    endloop
  endfacet
  facet normal 0 0 1
    outer loop
      vertex 18.7 -61.4 180.9
      vertex 21.7 -61.4 180.9
      vertex 18.7 -57.4 180.9
    endloop
  endfacet
  facet normal 0 0 1
    outer loop
      vertex 21.7 -61.4 180.9
      vertex 18.7 -61.4 180.9
      vertex 21.7 -81.4 180.9
    endloop
  endfacet
  facet normal 0 0 1
    outer loop
      vertex 18.7 -81.4 180.9
      vertex 21.7 -81.4 180.9
      vertex 18.7 -61.4 180.9
    endloop
  endfacet
  facet normal 0 0 1
    outer loop
      vertex -9 -94 180.9
      vertex 21.7 -81.4 180.9
      vertex 18.7 -81.4 180.9
    endloop
  endfacet
  facet normal 0 0 1
    outer loop
      vertex -9 -94 180.9
      vertex 18.7 -81.4 180.9
      vertex 15.7 -81.4 180.9
    endloop
  endfacet
  facet normal 0 0 1
    outer loop
      vertex 15.7 -37.4 180.9
      vertex 12.7 -33.4 180.9
      vertex 12.7 -37.4 180.9
    endloop
  endfacet
  facet normal 0 0 1
    outer loop
      vertex 15.7 -57.4 180.9
      vertex 12.7 -57.4 180.9
      vertex 15.7 -61.4 180.9
    endloop
  endfacet
  facet normal 0 0 1
    outer loop
      vertex 12.7 -61.4 180.9
      vertex 15.7 -61.4 180.9
      vertex 12.7 -57.4 180.9
    endloop
  endfacet
  facet normal 0 0 1
    outer loop
      vertex 15.7 -61.4 180.9
      vertex 12.7 -61.4 180.9
      vertex 15.7 -81.4 180.9
    endloop
  endfacet
  facet normal 0 0 1
    outer loop
      vertex 12.7 -81.4 180.9
      vertex 15.7 -81.4 180.9
      vertex 12.7 -61.4 180.9
    endloop
  endfacet
  facet normal 0 0 1
    outer loop
      vertex -9 -94 180.9
      vertex 15.7 -81.4 180.9
      vertex 12.7 -81.4 180.9
    endloop
  endfacet
  facet normal 0 0 1
    outer loop
      vertex -9 -94 180.9
      vertex 12.7 -81.4 180.9
      vertex 9.7 -81.4 180.9
    endloop
  endfacet
  facet normal 0 0 1
    outer loop
      vertex 60.7 -81.4 180.9
      vertex -9 -94 180.9
      vertex 135 -94 180.9
    endloop
  endfacet
  facet normal 0 0 1
    outer loop
      vertex 9.7 -61.4 180.9
      vertex -9 -94 180.9
      vertex 9.7 -81.4 180.9
    endloop
  endfacet
  facet normal 0 0 -1
    outer loop
      vertex -4 47.5 177.9
      vertex -2 43 177.9
      vertex -4 32.5 177.9
    endloop
  endfacet
  facet normal 0 0 -1
    outer loop
      vertex -2 43 177.9
      vertex -4 47.5 177.9
      vertex -2.5 47.5 177.9
    endloop
  endfacet
  facet normal 0 0 -1
    outer loop
      vertex -2.5 47.5 177.9
      vertex 4 43 177.9
      vertex -2 43 177.9
    endloop
  endfacet
  facet normal 0 0 -1
    outer loop
      vertex 4 43 177.9
      vertex -2.5 47.5 177.9
      vertex 4 137 177.9
    endloop
  endfacet
  facet normal 0 0 -1
    outer loop
      vertex -2.5 -78.5 177.9
      vertex 4 -81 177.9
      vertex -2 -81 177.9
    endloop
  endfacet
  facet normal 0 0 -1
    outer loop
      vertex -2.5 32.5 177.9
      vertex 4 -81 177.9
      vertex -2.5 -78.5 177.9
    endloop
  endfacet
  facet normal 0 0 -1
    outer loop
      vertex 135 -94 177.9
      vertex 6.5 -89 177.9
      vertex 135 -89 177.9
    endloop
  endfacet
  facet normal 0 0 -1
    outer loop
      vertex 4 -87 177.9
      vertex 6.5 -87.5 177.9
      vertex 6.5 -89 177.9
    endloop
  endfacet
  facet normal 0 0 -1
    outer loop
      vertex 6.5 -87.5 177.9
      vertex 4 37 177.9
      vertex 6.5 143.5 177.9
    endloop
  endfacet
  facet normal 0 0 -1
    outer loop
      vertex 6.5 -87.5 177.9
      vertex 4 -87 177.9
      vertex 4 -81 177.9
    endloop
  endfacet
  facet normal 0 0 -1
    outer loop
      vertex 6.5 -89 177.9
      vertex -2 -87 177.9
      vertex 4 -87 177.9
    endloop
  endfacet
  facet normal 0 0 -1
    outer loop
      vertex -4 -78.5 177.9
      vertex -2 -81 177.9
      vertex -2 -87 177.9
    endloop
  endfacet
  facet normal 0 0 -1
    outer loop
      vertex 4 -81 177.9
      vertex -2.5 32.5 177.9
      vertex 4 37 177.9
    endloop
  endfacet
  facet normal 0 0 -1
    outer loop
      vertex -4 32.5 177.9
      vertex -2 37 177.9
      vertex -2.5 32.5 177.9
    endloop
  endfacet
  facet normal -0 0 -1
    outer loop
      vertex -2 37 177.9
      vertex -4 32.5 177.9
      vertex -2 43 177.9
    endloop
  endfacet
  facet normal -0 0 -1
    outer loop
      vertex 4 37 177.9
      vertex -2.5 32.5 177.9
      vertex -2 37 177.9
    endloop
  endfacet
  facet normal 0 0 -1
    outer loop
      vertex -2 -81 177.9
      vertex -4 -78.5 177.9
      vertex -2.5 -78.5 177.9
    endloop
  endfacet
  facet normal 0 0 -1
    outer loop
      vertex -9 -94 177.9
      vertex -4 32.5 177.9
      vertex -4 -78.5 177.9
    endloop
  endfacet
  facet normal -0 0 -1
    outer loop
      vertex -4 32.5 177.9
      vertex -9 -94 177.9
      vertex -4 47.5 177.9
    endloop
  endfacet
  facet normal 0 0 -1
    outer loop
      vertex -9 150 177.9
      vertex -4 47.5 177.9
      vertex -9 -94 177.9
    endloop
  endfacet
  facet normal -0 0 -1
    outer loop
      vertex -2 -87 177.9
      vertex -9 -94 177.9
      vertex -4 -78.5 177.9
    endloop
  endfacet
  facet normal -0 0 -1
    outer loop
      vertex 6.5 -89 177.9
      vertex -9 -94 177.9
      vertex -2 -87 177.9
    endloop
  endfacet
  facet normal 0 0 -1
    outer loop
      vertex -9 -94 177.9
      vertex 6.5 -89 177.9
      vertex 135 -94 177.9
    endloop
  endfacet
  facet normal 0 0 -1
    outer loop
      vertex 6.5 145 177.9
      vertex 135 150 177.9
      vertex 135 145 177.9
    endloop
  endfacet
  facet normal 0 0 -1
    outer loop
      vertex 6.5 -87.5 177.9
      vertex 4 -81 177.9
      vertex 4 37 177.9
    endloop
  endfacet
  facet normal 0 0 -1
    outer loop
      vertex 4 43 177.9
      vertex 6.5 143.5 177.9
      vertex 4 37 177.9
    endloop
  endfacet
  facet normal 0 0 -1
    outer loop
      vertex 4 137 177.9
      vertex 6.5 143.5 177.9
      vertex 4 43 177.9
    endloop
  endfacet
  facet normal 0 0 -1
    outer loop
      vertex 4 143 177.9
      vertex 6.5 143.5 177.9
      vertex 4 137 177.9
    endloop
  endfacet
  facet normal -0 0 -1
    outer loop
      vertex 6.5 143.5 177.9
      vertex 4 143 177.9
      vertex 6.5 145 177.9
    endloop
  endfacet
  facet normal 0 0 -1
    outer loop
      vertex -2 143 177.9
      vertex 6.5 145 177.9
      vertex 4 143 177.9
    endloop
  endfacet
  facet normal 0 0 -1
    outer loop
      vertex -2.5 134.5 177.9
      vertex 4 137 177.9
      vertex -2.5 47.5 177.9
    endloop
  endfacet
  facet normal -0 0 -1
    outer loop
      vertex 4 137 177.9
      vertex -2.5 134.5 177.9
      vertex -2 137 177.9
    endloop
  endfacet
  facet normal 0 0 -1
    outer loop
      vertex -4 134.5 177.9
      vertex -2 137 177.9
      vertex -2.5 134.5 177.9
    endloop
  endfacet
  facet normal -0 0 -1
    outer loop
      vertex -2 137 177.9
      vertex -4 134.5 177.9
      vertex -2 143 177.9
    endloop
  endfacet
  facet normal 0 0 -1
    outer loop
      vertex 6.5 145 177.9
      vertex -9 150 177.9
      vertex 135 150 177.9
    endloop
  endfacet
  facet normal 0 0 -1
    outer loop
      vertex -2 143 177.9
      vertex -9 150 177.9
      vertex 6.5 145 177.9
    endloop
  endfacet
  facet normal 0 0 -1
    outer loop
      vertex -4 134.5 177.9
      vertex -9 150 177.9
      vertex -2 143 177.9
    endloop
  endfacet
  facet normal 0 0 -1
    outer loop
      vertex -4 47.5 177.9
      vertex -9 150 177.9
      vertex -4 134.5 177.9
    endloop
  endfacet
  facet normal 0 0 -1
    outer loop
      vertex 9.2 -34.62 177.9
      vertex 12.7 -33.4 177.9
      vertex 13.4 -34.62 177.9
    endloop
  endfacet
  facet normal -0 0 -1
    outer loop
      vertex 12.7 -33.4 177.9
      vertex 9.2 -34.62 177.9
      vertex 9.7 -33.4 177.9
    endloop
  endfacet
  facet normal 0 0 -1
    outer loop
      vertex 9.2 -14.6 177.9
      vertex 9.7 -33.4 177.9
      vertex 9.2 -34.62 177.9
    endloop
  endfacet
  facet normal 0 0 -1
    outer loop
      vertex 9.7 -33.4 177.9
      vertex 9.2 -14.6 177.9
      vertex 9.7 -14.6 177.9
    endloop
  endfacet
  facet normal 0 0 -1
    outer loop
      vertex 9.7 -61.4 177.9
      vertex 12.7 -57.4 177.9
      vertex 12.7 -61.4 177.9
    endloop
  endfacet
  facet normal -0 0 -1
    outer loop
      vertex 12.7 -57.4 177.9
      vertex 9.7 -61.4 177.9
      vertex 9.7 -57.4 177.9
    endloop
  endfacet
  facet normal 0 0 -1
    outer loop
      vertex 15.7 -37.4 177.9
      vertex 18.7 -33.4 177.9
      vertex 18.7 -37.4 177.9
    endloop
  endfacet
  facet normal -0 0 -1
    outer loop
      vertex 18.7 -33.4 177.9
      vertex 15.7 -37.4 177.9
      vertex 15.7 -33.4 177.9
    endloop
  endfacet
  facet normal 0 0 -1
    outer loop
      vertex 15.7 -61.4 177.9
      vertex 18.7 -57.4 177.9
      vertex 18.7 -61.4 177.9
    endloop
  endfacet
  facet normal -0 0 -1
    outer loop
      vertex 18.7 -57.4 177.9
      vertex 15.7 -61.4 177.9
      vertex 15.7 -57.4 177.9
    endloop
  endfacet
  facet normal 0 0 -1
    outer loop
      vertex 21.7 -37.4 177.9
      vertex 24.7 -33.4 177.9
      vertex 24.7 -37.4 177.9
    endloop
  endfacet
  facet normal -0 0 -1
    outer loop
      vertex 24.7 -33.4 177.9
      vertex 21.7 -37.4 177.9
      vertex 21.7 -33.4 177.9
    endloop
  endfacet
  facet normal 0 0 -1
    outer loop
      vertex 21.7 -61.4 177.9
      vertex 24.7 -57.4 177.9
      vertex 24.7 -61.4 177.9
    endloop
  endfacet
  facet normal -0 0 -1
    outer loop
      vertex 24.7 -57.4 177.9
      vertex 21.7 -61.4 177.9
      vertex 21.7 -57.4 177.9
    endloop
  endfacet
  facet normal 0 0 -1
    outer loop
      vertex 27.7 -37.4 177.9
      vertex 30.7 -33.4 177.9
      vertex 30.7 -37.4 177.9
    endloop
  endfacet
  facet normal -0 0 -1
    outer loop
      vertex 30.7 -33.4 177.9
      vertex 27.7 -37.4 177.9
      vertex 27.7 -33.4 177.9
    endloop
  endfacet
  facet normal -0 0 -1
    outer loop
      vertex 33.7 -63.1 177.9
      vertex 30.7 -81.4 177.9
      vertex 30.7 -63.1 177.9
    endloop
  endfacet
  facet normal 0 0 -1
    outer loop
      vertex 30.7 -33.4 177.9
      vertex 33.7 -33.4 177.9
      vertex 30.7 -37.4 177.9
    endloop
  endfacet
  facet normal 0 0 -1
    outer loop
      vertex 33.7 -33.4 177.9
      vertex 30.7 -33.4 177.9
      vertex 33.7 -16.9 177.9
    endloop
  endfacet
  facet normal -0 0 -1
    outer loop
      vertex 33.7 -16.9 177.9
      vertex 30.7 -33.4 177.9
      vertex 30.7 -16.9 177.9
    endloop
  endfacet
  facet normal 0 0 -1
    outer loop
      vertex 33.7 -13.9 177.9
      vertex 30.7 -13.9 177.9
      vertex 33.7 -13.4 177.9
    endloop
  endfacet
  facet normal 0 0 -1
    outer loop
      vertex 39.7 -13.9 177.9
      vertex 36.7 -13.9 177.9
      vertex 39.7 -13.4 177.9
    endloop
  endfacet
  facet normal 0 0 -1
    outer loop
      vertex 45.7 -13.9 177.9
      vertex 42.7 -13.9 177.9
      vertex 45.7 -13.4 177.9
    endloop
  endfacet
  facet normal 0 0 -1
    outer loop
      vertex 51.7 -13.9 177.9
      vertex 48.7 -13.9 177.9
      vertex 51.7 -13.4 177.9
    endloop
  endfacet
  facet normal 0 0 -1
    outer loop
      vertex 57.7 -13.9 177.9
      vertex 54.7 -13.9 177.9
      vertex 57.7 -13.4 177.9
    endloop
  endfacet
  facet normal 0 0 -1
    outer loop
      vertex 63.7 -13.9 177.9
      vertex 60.7 -13.9 177.9
      vertex 63.7 -13.4 177.9
    endloop
  endfacet
  facet normal 0 0 -1
    outer loop
      vertex 69.7 -13.9 177.9
      vertex 66.7 -13.9 177.9
      vertex 69.7 -13.4 177.9
    endloop
  endfacet
  facet normal 0 0 -1
    outer loop
      vertex 75.7 -13.9 177.9
      vertex 72.7 -13.9 177.9
      vertex 75.7 -13.4 177.9
    endloop
  endfacet
  facet normal 0 0 -1
    outer loop
      vertex 75.7 -37.4 177.9
      vertex 78.7 -33.4 177.9
      vertex 78.7 -37.4 177.9
    endloop
  endfacet
  facet normal -0 0 -1
    outer loop
      vertex 78.7 -33.4 177.9
      vertex 75.7 -37.4 177.9
      vertex 75.7 -33.4 177.9
    endloop
  endfacet
  facet normal 0 0 -1
    outer loop
      vertex 77.7 -60.1 177.9
      vertex 78.7 -61.4 177.9
      vertex 77.7 -61.4 177.9
    endloop
  endfacet
  facet normal 0 0 -1
    outer loop
      vertex 78.7 -61.4 177.9
      vertex 77.7 -60.1 177.9
      vertex 78.7 -57.4 177.9
    endloop
  endfacet
  facet normal 0 0 -1
    outer loop
      vertex 77.7 -60.1 177.9
      vertex 75.7 -57.4 177.9
      vertex 78.7 -57.4 177.9
    endloop
  endfacet
  facet normal 0 0 -1
    outer loop
      vertex 72.7 -37.4 177.9
      vertex 75.7 -37.4 177.9
      vertex 75.7 -57.4 177.9
    endloop
  endfacet
  facet normal 0 0 -1
    outer loop
      vertex 75.7 -37.4 177.9
      vertex 72.7 -37.4 177.9
      vertex 75.7 -33.4 177.9
    endloop
  endfacet
  facet normal 0 0 -1
    outer loop
      vertex 72.7 -37.4 177.9
      vertex 75.7 -57.4 177.9
      vertex 72.7 -57.4 177.9
    endloop
  endfacet
  facet normal 0 0 -1
    outer loop
      vertex 77.7 -60.1 177.9
      vertex 72.7 -57.4 177.9
      vertex 75.7 -57.4 177.9
    endloop
  endfacet
  facet normal 0 0 -1
    outer loop
      vertex 77.7 -60.1 177.9
      vertex 69.7 -57.4 177.9
      vertex 72.7 -57.4 177.9
    endloop
  endfacet
  facet normal 0 0 -1
    outer loop
      vertex 66.7 -37.4 177.9
      vertex 69.7 -37.4 177.9
      vertex 69.7 -57.4 177.9
    endloop
  endfacet
  facet normal 0 0 -1
    outer loop
      vertex 69.7 -37.4 177.9
      vertex 66.7 -37.4 177.9
      vertex 69.7 -33.4 177.9
    endloop
  endfacet
  facet normal 0 0 -1
    outer loop
      vertex 66.7 -37.4 177.9
      vertex 69.7 -57.4 177.9
      vertex 66.7 -57.4 177.9
    endloop
  endfacet
  facet normal 0 0 -1
    outer loop
      vertex 77.7 -60.1 177.9
      vertex 66.7 -57.4 177.9
      vertex 69.7 -57.4 177.9
    endloop
  endfacet
  facet normal 0 0 -1
    outer loop
      vertex 77.7 -60.1 177.9
      vertex 63.7 -57.4 177.9
      vertex 66.7 -57.4 177.9
    endloop
  endfacet
  facet normal 0 0 -1
    outer loop
      vertex 60.7 -37.4 177.9
      vertex 63.7 -37.4 177.9
      vertex 63.7 -57.4 177.9
    endloop
  endfacet
  facet normal 0 0 -1
    outer loop
      vertex 63.7 -37.4 177.9
      vertex 60.7 -37.4 177.9
      vertex 63.7 -33.4 177.9
    endloop
  endfacet
  facet normal 0 0 -1
    outer loop
      vertex 60.7 -37.4 177.9
      vertex 63.7 -57.4 177.9
      vertex 60.7 -57.4 177.9
    endloop
  endfacet
  facet normal 0 0 -1
    outer loop
      vertex 77.7 -60.1 177.9
      vertex 60.7 -57.4 177.9
      vertex 63.7 -57.4 177.9
    endloop
  endfacet
  facet normal 0 0 -1
    outer loop
      vertex 77.7 -60.1 177.9
      vertex 57.7 -57.4 177.9
      vertex 60.7 -57.4 177.9
    endloop
  endfacet
  facet normal 0 0 -1
    outer loop
      vertex 54.7 -37.4 177.9
      vertex 57.7 -37.4 177.9
      vertex 57.7 -57.4 177.9
    endloop
  endfacet
  facet normal 0 0 -1
    outer loop
      vertex 57.7 -37.4 177.9
      vertex 54.7 -37.4 177.9
      vertex 57.7 -33.4 177.9
    endloop
  endfacet
  facet normal 0 0 -1
    outer loop
      vertex 54.7 -37.4 177.9
      vertex 57.7 -57.4 177.9
      vertex 54.7 -57.4 177.9
    endloop
  endfacet
  facet normal 0 0 -1
    outer loop
      vertex 77.7 -60.1 177.9
      vertex 54.7 -57.4 177.9
      vertex 57.7 -57.4 177.9
    endloop
  endfacet
  facet normal 0 0 -1
    outer loop
      vertex 77.7 -60.1 177.9
      vertex 51.7 -57.4 177.9
      vertex 54.7 -57.4 177.9
    endloop
  endfacet
  facet normal 0 0 -1
    outer loop
      vertex 48.7 -37.4 177.9
      vertex 51.7 -37.4 177.9
      vertex 51.7 -57.4 177.9
    endloop
  endfacet
  facet normal 0 0 -1
    outer loop
      vertex 51.7 -37.4 177.9
      vertex 48.7 -37.4 177.9
      vertex 51.7 -33.4 177.9
    endloop
  endfacet
  facet normal 0 0 -1
    outer loop
      vertex 48.7 -37.4 177.9
      vertex 51.7 -57.4 177.9
      vertex 48.7 -57.4 177.9
    endloop
  endfacet
  facet normal 0 0 -1
    outer loop
      vertex 27.7 -60.1 177.9
      vertex 51.7 -57.4 177.9
      vertex 77.7 -60.1 177.9
    endloop
  endfacet
  facet normal -0 0 -1
    outer loop
      vertex 51.7 -57.4 177.9
      vertex 27.7 -60.1 177.9
      vertex 48.7 -57.4 177.9
    endloop
  endfacet
  facet normal 0 0 -1
    outer loop
      vertex 42.7 -37.4 177.9
      vertex 45.7 -37.4 177.9
      vertex 45.7 -57.4 177.9
    endloop
  endfacet
  facet normal 0 0 -1
    outer loop
      vertex 45.7 -37.4 177.9
      vertex 42.7 -37.4 177.9
      vertex 45.7 -33.4 177.9
    endloop
  endfacet
  facet normal 0 0 -1
    outer loop
      vertex 42.7 -37.4 177.9
      vertex 45.7 -57.4 177.9
      vertex 42.7 -57.4 177.9
    endloop
  endfacet
  facet normal -0 0 -1
    outer loop
      vertex 48.7 -57.4 177.9
      vertex 27.7 -60.1 177.9
      vertex 45.7 -57.4 177.9
    endloop
  endfacet
  facet normal -0 0 -1
    outer loop
      vertex 45.7 -57.4 177.9
      vertex 27.7 -60.1 177.9
      vertex 42.7 -57.4 177.9
    endloop
  endfacet
  facet normal 0 0 -1
    outer loop
      vertex 36.7 -37.4 177.9
      vertex 39.7 -37.4 177.9
      vertex 39.7 -57.4 177.9
    endloop
  endfacet
  facet normal 0 0 -1
    outer loop
      vertex 39.7 -37.4 177.9
      vertex 36.7 -37.4 177.9
      vertex 39.7 -33.4 177.9
    endloop
  endfacet
  facet normal 0 0 -1
    outer loop
      vertex 36.7 -37.4 177.9
      vertex 39.7 -57.4 177.9
      vertex 36.7 -57.4 177.9
    endloop
  endfacet
  facet normal -0 0 -1
    outer loop
      vertex 42.7 -57.4 177.9
      vertex 27.7 -60.1 177.9
      vertex 39.7 -57.4 177.9
    endloop
  endfacet
  facet normal -0 0 -1
    outer loop
      vertex 39.7 -57.4 177.9
      vertex 27.7 -60.1 177.9
      vertex 36.7 -57.4 177.9
    endloop
  endfacet
  facet normal 0 0 -1
    outer loop
      vertex 30.7 -57.4 177.9
      vertex 33.7 -37.4 177.9
      vertex 33.7 -57.4 177.9
    endloop
  endfacet
  facet normal 0 0 -1
    outer loop
      vertex 30.7 -37.4 177.9
      vertex 33.7 -37.4 177.9
      vertex 30.7 -57.4 177.9
    endloop
  endfacet
  facet normal 0 0 -1
    outer loop
      vertex 33.7 -37.4 177.9
      vertex 30.7 -37.4 177.9
      vertex 33.7 -33.4 177.9
    endloop
  endfacet
  facet normal -0 0 -1
    outer loop
      vertex 36.7 -57.4 177.9
      vertex 27.7 -60.1 177.9
      vertex 33.7 -57.4 177.9
    endloop
  endfacet
  facet normal -0 0 -1
    outer loop
      vertex 33.7 -57.4 177.9
      vertex 27.7 -60.1 177.9
      vertex 30.7 -57.4 177.9
    endloop
  endfacet
  facet normal -0 0 -1
    outer loop
      vertex 30.7 -57.4 177.9
      vertex 27.7 -60.1 177.9
      vertex 27.7 -57.4 177.9
    endloop
  endfacet
  facet normal 0 0 -1
    outer loop
      vertex 81.7 -37.4 177.9
      vertex 84.7 -33.4 177.9
      vertex 84.7 -37.4 177.9
    endloop
  endfacet
  facet normal -0 0 -1
    outer loop
      vertex 84.7 -33.4 177.9
      vertex 81.7 -37.4 177.9
      vertex 81.7 -33.4 177.9
    endloop
  endfacet
  facet normal 0 0 -1
    outer loop
      vertex 81.7 -61.4 177.9
      vertex 84.7 -57.4 177.9
      vertex 84.7 -61.4 177.9
    endloop
  endfacet
  facet normal -0 0 -1
    outer loop
      vertex 84.7 -57.4 177.9
      vertex 81.7 -61.4 177.9
      vertex 81.7 -57.4 177.9
    endloop
  endfacet
  facet normal 0 0 -1
    outer loop
      vertex 87.7 -37.4 177.9
      vertex 90.7 -33.4 177.9
      vertex 90.7 -37.4 177.9
    endloop
  endfacet
  facet normal -0 0 -1
    outer loop
      vertex 90.7 -33.4 177.9
      vertex 87.7 -37.4 177.9
      vertex 87.7 -33.4 177.9
    endloop
  endfacet
  facet normal 0 0 -1
    outer loop
      vertex 87.7 -61.4 177.9
      vertex 90.7 -57.4 177.9
      vertex 90.7 -61.4 177.9
    endloop
  endfacet
  facet normal -0 0 -1
    outer loop
      vertex 90.7 -57.4 177.9
      vertex 87.7 -61.4 177.9
      vertex 87.7 -57.4 177.9
    endloop
  endfacet
  facet normal 0 0 -1
    outer loop
      vertex 93.7 -37.4 177.9
      vertex 96.7 -33.4 177.9
      vertex 96.7 -37.4 177.9
    endloop
  endfacet
  facet normal -0 0 -1
    outer loop
      vertex 96.7 -33.4 177.9
      vertex 93.7 -37.4 177.9
      vertex 93.7 -33.4 177.9
    endloop
  endfacet
  facet normal 0 0 -1
    outer loop
      vertex 93.7 -61.4 177.9
      vertex 96.7 -57.4 177.9
      vertex 96.7 -61.4 177.9
    endloop
  endfacet
  facet normal -0 0 -1
    outer loop
      vertex 96.7 -57.4 177.9
      vertex 93.7 -61.4 177.9
      vertex 93.7 -57.4 177.9
    endloop
  endfacet
  facet normal 0 0 -1
    outer loop
      vertex 99.7 -37.4 177.9
      vertex 102.7 -33.4 177.9
      vertex 102.7 -37.4 177.9
    endloop
  endfacet
  facet normal -0 0 -1
    outer loop
      vertex 102.7 -33.4 177.9
      vertex 99.7 -37.4 177.9
      vertex 99.7 -33.4 177.9
    endloop
  endfacet
  facet normal 0 0 -1
    outer loop
      vertex 99.7 -61.4 177.9
      vertex 102.7 -57.4 177.9
      vertex 102.7 -61.4 177.9
    endloop
  endfacet
  facet normal -0 0 -1
    outer loop
      vertex 102.7 -57.4 177.9
      vertex 99.7 -61.4 177.9
      vertex 99.7 -57.4 177.9
    endloop
  endfacet
  facet normal 0 0 -1
    outer loop
      vertex 105.7 -37.4 177.9
      vertex 108.7 -33.4 177.9
      vertex 108.7 -37.4 177.9
    endloop
  endfacet
  facet normal -0 0 -1
    outer loop
      vertex 108.7 -33.4 177.9
      vertex 105.7 -37.4 177.9
      vertex 105.7 -33.4 177.9
    endloop
  endfacet
  facet normal 0 0 -1
    outer loop
      vertex 105.7 -61.4 177.9
      vertex 108.7 -57.4 177.9
      vertex 108.7 -61.4 177.9
    endloop
  endfacet
  facet normal -0 0 -1
    outer loop
      vertex 108.7 -57.4 177.9
      vertex 105.7 -61.4 177.9
      vertex 105.7 -57.4 177.9
    endloop
  endfacet
  facet normal 0 0 -1
    outer loop
      vertex 111.7 -37.4 177.9
      vertex 114.7 -33.4 177.9
      vertex 114.7 -37.4 177.9
    endloop
  endfacet
  facet normal -0 0 -1
    outer loop
      vertex 114.7 -33.4 177.9
      vertex 111.7 -37.4 177.9
      vertex 111.7 -33.4 177.9
    endloop
  endfacet
  facet normal 0 0 -1
    outer loop
      vertex 111.7 -61.4 177.9
      vertex 114.7 -57.4 177.9
      vertex 114.7 -61.4 177.9
    endloop
  endfacet
  facet normal -0 0 -1
    outer loop
      vertex 114.7 -57.4 177.9
      vertex 111.7 -61.4 177.9
      vertex 111.7 -57.4 177.9
    endloop
  endfacet
  facet normal 0 0 -1
    outer loop
      vertex 117.7 -37.4 177.9
      vertex 120.7 -33.4 177.9
      vertex 120.7 -37.4 177.9
    endloop
  endfacet
  facet normal -0 0 -1
    outer loop
      vertex 120.7 -33.4 177.9
      vertex 117.7 -37.4 177.9
      vertex 117.7 -33.4 177.9
    endloop
  endfacet
  facet normal 0 0 -1
    outer loop
      vertex 117.7 -61.4 177.9
      vertex 120.7 -57.4 177.9
      vertex 120.7 -61.4 177.9
    endloop
  endfacet
  facet normal -0 0 -1
    outer loop
      vertex 120.7 -57.4 177.9
      vertex 117.7 -61.4 177.9
      vertex 117.7 -57.4 177.9
    endloop
  endfacet
  facet normal 0 0 -1
    outer loop
      vertex 123.7 -37.4 177.9
      vertex 126.7 -33.4 177.9
      vertex 126.7 -37.4 177.9
    endloop
  endfacet
  facet normal -0 0 -1
    outer loop
      vertex 126.7 -33.4 177.9
      vertex 123.7 -37.4 177.9
      vertex 123.7 -33.4 177.9
    endloop
  endfacet
  facet normal 0 0 -1
    outer loop
      vertex 123.7 -61.4 177.9
      vertex 126.7 -57.4 177.9
      vertex 126.7 -61.4 177.9
    endloop
  endfacet
  facet normal -0 0 -1
    outer loop
      vertex 126.7 -57.4 177.9
      vertex 123.7 -61.4 177.9
      vertex 123.7 -57.4 177.9
    endloop
  endfacet
  facet normal 0 0 -1
    outer loop
      vertex 126.7 -61.4 177.9
      vertex 135 -48.2 177.9
      vertex 135 -87.5 177.9
    endloop
  endfacet
  facet normal 0 0 -1
    outer loop
      vertex 126.7 -57.4 177.9
      vertex 135 -48.2 177.9
      vertex 126.7 -61.4 177.9
    endloop
  endfacet
  facet normal 0 0 -1
    outer loop
      vertex 126.7 -33.4 177.9
      vertex 135 -42.2 177.9
      vertex 126.7 -37.4 177.9
    endloop
  endfacet
  facet normal 0 0 -1
    outer loop
      vertex 126.7 -13.4 177.9
      vertex 135 -42.2 177.9
      vertex 126.7 -33.4 177.9
    endloop
  endfacet
  facet normal 0 0 -1
    outer loop
      vertex 120.7 -13.4 177.9
      vertex 135 0.599999 177.9
      vertex 123.7 -13.4 177.9
    endloop
  endfacet
  facet normal 0 0 -1
    outer loop
      vertex 117.7 -13.4 177.9
      vertex 135 0.599999 177.9
      vertex 120.7 -13.4 177.9
    endloop
  endfacet
  facet normal -0 0 -1
    outer loop
      vertex 135 0.599999 177.9
      vertex 117.7 -13.4 177.9
      vertex 135 6.6 177.9
    endloop
  endfacet
  facet normal 0 0 -1
    outer loop
      vertex 114.7 -13.4 177.9
      vertex 135 6.6 177.9
      vertex 117.7 -13.4 177.9
    endloop
  endfacet
  facet normal 0 0 -1
    outer loop
      vertex 126.7 -61.4 177.9
      vertex 135 -87.5 177.9
      vertex 126.7 -81.4 177.9
    endloop
  endfacet
  facet normal 0 0 -1
    outer loop
      vertex 135 -87.5 177.9
      vertex 123.7 -81.4 177.9
      vertex 126.7 -81.4 177.9
    endloop
  endfacet
  facet normal 0 0 -1
    outer loop
      vertex 120.7 -61.4 177.9
      vertex 123.7 -61.4 177.9
      vertex 123.7 -81.4 177.9
    endloop
  endfacet
  facet normal 0 0 -1
    outer loop
      vertex 123.7 -61.4 177.9
      vertex 120.7 -61.4 177.9
      vertex 123.7 -57.4 177.9
    endloop
  endfacet
  facet normal 0 0 -1
    outer loop
      vertex 123.7 -57.4 177.9
      vertex 120.7 -57.4 177.9
      vertex 123.7 -37.4 177.9
    endloop
  endfacet
  facet normal 0 0 -1
    outer loop
      vertex 120.7 -37.4 177.9
      vertex 123.7 -37.4 177.9
      vertex 120.7 -57.4 177.9
    endloop
  endfacet
  facet normal 0 0 -1
    outer loop
      vertex 120.7 -61.4 177.9
      vertex 123.7 -81.4 177.9
      vertex 120.7 -81.4 177.9
    endloop
  endfacet
  facet normal 0 0 -1
    outer loop
      vertex 135 -87.5 177.9
      vertex 120.7 -81.4 177.9
      vertex 123.7 -81.4 177.9
    endloop
  endfacet
  facet normal 0 0 -1
    outer loop
      vertex 135 -87.5 177.9
      vertex 117.7 -81.4 177.9
      vertex 120.7 -81.4 177.9
    endloop
  endfacet
  facet normal 0 0 -1
    outer loop
      vertex 114.7 -61.4 177.9
      vertex 117.7 -61.4 177.9
      vertex 117.7 -81.4 177.9
    endloop
  endfacet
  facet normal 0 0 -1
    outer loop
      vertex 117.7 -61.4 177.9
      vertex 114.7 -61.4 177.9
      vertex 117.7 -57.4 177.9
    endloop
  endfacet
  facet normal 0 0 -1
    outer loop
      vertex 117.7 -57.4 177.9
      vertex 114.7 -57.4 177.9
      vertex 117.7 -37.4 177.9
    endloop
  endfacet
  facet normal 0 0 -1
    outer loop
      vertex 114.7 -37.4 177.9
      vertex 117.7 -37.4 177.9
      vertex 114.7 -57.4 177.9
    endloop
  endfacet
  facet normal 0 0 -1
    outer loop
      vertex 114.7 -61.4 177.9
      vertex 117.7 -81.4 177.9
      vertex 114.7 -81.4 177.9
    endloop
  endfacet
  facet normal 0 0 -1
    outer loop
      vertex 135 -87.5 177.9
      vertex 114.7 -81.4 177.9
      vertex 117.7 -81.4 177.9
    endloop
  endfacet
  facet normal 0 0 -1
    outer loop
      vertex 135 -87.5 177.9
      vertex 111.7 -81.4 177.9
      vertex 114.7 -81.4 177.9
    endloop
  endfacet
  facet normal 0 0 -1
    outer loop
      vertex 108.7 -61.4 177.9
      vertex 111.7 -61.4 177.9
      vertex 111.7 -81.4 177.9
    endloop
  endfacet
  facet normal 0 0 -1
    outer loop
      vertex 111.7 -61.4 177.9
      vertex 108.7 -61.4 177.9
      vertex 111.7 -57.4 177.9
    endloop
  endfacet
  facet normal 0 0 -1
    outer loop
      vertex 111.7 -57.4 177.9
      vertex 108.7 -57.4 177.9
      vertex 111.7 -37.4 177.9
    endloop
  endfacet
  facet normal 0 0 -1
    outer loop
      vertex 108.7 -37.4 177.9
      vertex 111.7 -37.4 177.9
      vertex 108.7 -57.4 177.9
    endloop
  endfacet
  facet normal 0 0 -1
    outer loop
      vertex 108.7 -61.4 177.9
      vertex 111.7 -81.4 177.9
      vertex 108.7 -81.4 177.9
    endloop
  endfacet
  facet normal 0 0 -1
    outer loop
      vertex 135 -87.5 177.9
      vertex 108.7 -81.4 177.9
      vertex 111.7 -81.4 177.9
    endloop
  endfacet
  facet normal 0 0 -1
    outer loop
      vertex 135 -87.5 177.9
      vertex 105.7 -81.4 177.9
      vertex 108.7 -81.4 177.9
    endloop
  endfacet
  facet normal 0 0 -1
    outer loop
      vertex 102.7 -61.4 177.9
      vertex 105.7 -61.4 177.9
      vertex 105.7 -81.4 177.9
    endloop
  endfacet
  facet normal 0 0 -1
    outer loop
      vertex 105.7 -61.4 177.9
      vertex 102.7 -61.4 177.9
      vertex 105.7 -57.4 177.9
    endloop
  endfacet
  facet normal 0 0 -1
    outer loop
      vertex 105.7 -57.4 177.9
      vertex 102.7 -57.4 177.9
      vertex 105.7 -37.4 177.9
    endloop
  endfacet
  facet normal 0 0 -1
    outer loop
      vertex 102.7 -37.4 177.9
      vertex 105.7 -37.4 177.9
      vertex 102.7 -57.4 177.9
    endloop
  endfacet
  facet normal 0 0 -1
    outer loop
      vertex 102.7 -61.4 177.9
      vertex 105.7 -81.4 177.9
      vertex 102.7 -81.4 177.9
    endloop
  endfacet
  facet normal 0 0 -1
    outer loop
      vertex 135 -87.5 177.9
      vertex 102.7 -81.4 177.9
      vertex 105.7 -81.4 177.9
    endloop
  endfacet
  facet normal 0 0 -1
    outer loop
      vertex 135 -87.5 177.9
      vertex 99.7 -81.4 177.9
      vertex 102.7 -81.4 177.9
    endloop
  endfacet
  facet normal 0 0 -1
    outer loop
      vertex 96.7 -61.4 177.9
      vertex 99.7 -61.4 177.9
      vertex 99.7 -81.4 177.9
    endloop
  endfacet
  facet normal 0 0 -1
    outer loop
      vertex 99.7 -61.4 177.9
      vertex 96.7 -61.4 177.9
      vertex 99.7 -57.4 177.9
    endloop
  endfacet
  facet normal 0 0 -1
    outer loop
      vertex 99.7 -57.4 177.9
      vertex 96.7 -57.4 177.9
      vertex 99.7 -37.4 177.9
    endloop
  endfacet
  facet normal 0 0 -1
    outer loop
      vertex 96.7 -37.4 177.9
      vertex 99.7 -37.4 177.9
      vertex 96.7 -57.4 177.9
    endloop
  endfacet
  facet normal 0 0 -1
    outer loop
      vertex 96.7 -61.4 177.9
      vertex 99.7 -81.4 177.9
      vertex 96.7 -81.4 177.9
    endloop
  endfacet
  facet normal 0 0 -1
    outer loop
      vertex 135 -87.5 177.9
      vertex 96.7 -81.4 177.9
      vertex 99.7 -81.4 177.9
    endloop
  endfacet
  facet normal 0 0 -1
    outer loop
      vertex 135 -87.5 177.9
      vertex 93.7 -81.4 177.9
      vertex 96.7 -81.4 177.9
    endloop
  endfacet
  facet normal 0 0 -1
    outer loop
      vertex 90.7 -61.4 177.9
      vertex 93.7 -61.4 177.9
      vertex 93.7 -81.4 177.9
    endloop
  endfacet
  facet normal 0 0 -1
    outer loop
      vertex 93.7 -61.4 177.9
      vertex 90.7 -61.4 177.9
      vertex 93.7 -57.4 177.9
    endloop
  endfacet
  facet normal 0 0 -1
    outer loop
      vertex 93.7 -57.4 177.9
      vertex 90.7 -57.4 177.9
      vertex 93.7 -37.4 177.9
    endloop
  endfacet
  facet normal 0 0 -1
    outer loop
      vertex 90.7 -37.4 177.9
      vertex 93.7 -37.4 177.9
      vertex 90.7 -57.4 177.9
    endloop
  endfacet
  facet normal 0 0 -1
    outer loop
      vertex 90.7 -61.4 177.9
      vertex 93.7 -81.4 177.9
      vertex 90.7 -81.4 177.9
    endloop
  endfacet
  facet normal 0 0 -1
    outer loop
      vertex 135 -87.5 177.9
      vertex 90.7 -81.4 177.9
      vertex 93.7 -81.4 177.9
    endloop
  endfacet
  facet normal 0 0 -1
    outer loop
      vertex 135 -87.5 177.9
      vertex 87.7 -81.4 177.9
      vertex 90.7 -81.4 177.9
    endloop
  endfacet
  facet normal 0 0 -1
    outer loop
      vertex 84.7 -61.4 177.9
      vertex 87.7 -61.4 177.9
      vertex 87.7 -81.4 177.9
    endloop
  endfacet
  facet normal 0 0 -1
    outer loop
      vertex 87.7 -61.4 177.9
      vertex 84.7 -61.4 177.9
      vertex 87.7 -57.4 177.9
    endloop
  endfacet
  facet normal 0 0 -1
    outer loop
      vertex 87.7 -57.4 177.9
      vertex 84.7 -57.4 177.9
      vertex 87.7 -37.4 177.9
    endloop
  endfacet
  facet normal 0 0 -1
    outer loop
      vertex 84.7 -37.4 177.9
      vertex 87.7 -37.4 177.9
      vertex 84.7 -57.4 177.9
    endloop
  endfacet
  facet normal 0 0 -1
    outer loop
      vertex 84.7 -61.4 177.9
      vertex 87.7 -81.4 177.9
      vertex 84.7 -81.4 177.9
    endloop
  endfacet
  facet normal 0 0 -1
    outer loop
      vertex 135 -87.5 177.9
      vertex 84.7 -81.4 177.9
      vertex 87.7 -81.4 177.9
    endloop
  endfacet
  facet normal 0 0 -1
    outer loop
      vertex 135 -87.5 177.9
      vertex 81.7 -81.4 177.9
      vertex 84.7 -81.4 177.9
    endloop
  endfacet
  facet normal 0 0 -1
    outer loop
      vertex 78.7 -61.4 177.9
      vertex 81.7 -61.4 177.9
      vertex 81.7 -81.4 177.9
    endloop
  endfacet
  facet normal 0 0 -1
    outer loop
      vertex 81.7 -61.4 177.9
      vertex 78.7 -61.4 177.9
      vertex 81.7 -57.4 177.9
    endloop
  endfacet
  facet normal 0 0 -1
    outer loop
      vertex 81.7 -57.4 177.9
      vertex 78.7 -57.4 177.9
      vertex 81.7 -37.4 177.9
    endloop
  endfacet
  facet normal 0 0 -1
    outer loop
      vertex 78.7 -37.4 177.9
      vertex 81.7 -37.4 177.9
      vertex 78.7 -57.4 177.9
    endloop
  endfacet
  facet normal 0 0 -1
    outer loop
      vertex 78.7 -61.4 177.9
      vertex 81.7 -81.4 177.9
      vertex 78.7 -81.4 177.9
    endloop
  endfacet
  facet normal 0 0 -1
    outer loop
      vertex 135 -87.5 177.9
      vertex 78.7 -81.4 177.9
      vertex 81.7 -81.4 177.9
    endloop
  endfacet
  facet normal 0 0 -1
    outer loop
      vertex 135 -87.5 177.9
      vertex 75.7 -81.4 177.9
      vertex 78.7 -81.4 177.9
    endloop
  endfacet
  facet normal 0 0 -1
    outer loop
      vertex 75.7 -81.4 177.9
      vertex 72.7 -81.4 177.9
      vertex 75.7 -63.1 177.9
    endloop
  endfacet
  facet normal 0 0 -1
    outer loop
      vertex 135 -87.5 177.9
      vertex 72.7 -81.4 177.9
      vertex 75.7 -81.4 177.9
    endloop
  endfacet
  facet normal 0 0 -1
    outer loop
      vertex 135 -87.5 177.9
      vertex 69.7 -81.4 177.9
      vertex 72.7 -81.4 177.9
    endloop
  endfacet
  facet normal 0 0 -1
    outer loop
      vertex 69.7 -81.4 177.9
      vertex 66.7 -81.4 177.9
      vertex 69.7 -63.1 177.9
    endloop
  endfacet
  facet normal 0 0 -1
    outer loop
      vertex 135 -87.5 177.9
      vertex 66.7 -81.4 177.9
      vertex 69.7 -81.4 177.9
    endloop
  endfacet
  facet normal 0 0 -1
    outer loop
      vertex 6.5 -87.5 177.9
      vertex 66.7 -81.4 177.9
      vertex 135 -87.5 177.9
    endloop
  endfacet
  facet normal 0 0 -1
    outer loop
      vertex 63.7 -81.4 177.9
      vertex 60.7 -81.4 177.9
      vertex 63.7 -63.1 177.9
    endloop
  endfacet
  facet normal -0 0 -1
    outer loop
      vertex 66.7 -81.4 177.9
      vertex 6.5 -87.5 177.9
      vertex 63.7 -81.4 177.9
    endloop
  endfacet
  facet normal -0 0 -1
    outer loop
      vertex 63.7 -81.4 177.9
      vertex 6.5 -87.5 177.9
      vertex 60.7 -81.4 177.9
    endloop
  endfacet
  facet normal 0 0 -1
    outer loop
      vertex 57.7 -81.4 177.9
      vertex 54.7 -81.4 177.9
      vertex 57.7 -63.1 177.9
    endloop
  endfacet
  facet normal -0 0 -1
    outer loop
      vertex 60.7 -81.4 177.9
      vertex 6.5 -87.5 177.9
      vertex 57.7 -81.4 177.9
    endloop
  endfacet
  facet normal -0 0 -1
    outer loop
      vertex 57.7 -81.4 177.9
      vertex 6.5 -87.5 177.9
      vertex 54.7 -81.4 177.9
    endloop
  endfacet
  facet normal 0 0 -1
    outer loop
      vertex 51.7 -81.4 177.9
      vertex 48.7 -81.4 177.9
      vertex 51.7 -63.1 177.9
    endloop
  endfacet
  facet normal -0 0 -1
    outer loop
      vertex 54.7 -81.4 177.9
      vertex 6.5 -87.5 177.9
      vertex 51.7 -81.4 177.9
    endloop
  endfacet
  facet normal -0 0 -1
    outer loop
      vertex 51.7 -81.4 177.9
      vertex 6.5 -87.5 177.9
      vertex 48.7 -81.4 177.9
    endloop
  endfacet
  facet normal 0 0 -1
    outer loop
      vertex 45.7 -81.4 177.9
      vertex 42.7 -81.4 177.9
      vertex 45.7 -63.1 177.9
    endloop
  endfacet
  facet normal -0 0 -1
    outer loop
      vertex 48.7 -81.4 177.9
      vertex 6.5 -87.5 177.9
      vertex 45.7 -81.4 177.9
    endloop
  endfacet
  facet normal -0 0 -1
    outer loop
      vertex 45.7 -81.4 177.9
      vertex 6.5 -87.5 177.9
      vertex 42.7 -81.4 177.9
    endloop
  endfacet
  facet normal 0 0 -1
    outer loop
      vertex 39.7 -81.4 177.9
      vertex 36.7 -81.4 177.9
      vertex 39.7 -63.1 177.9
    endloop
  endfacet
  facet normal -0 0 -1
    outer loop
      vertex 42.7 -81.4 177.9
      vertex 6.5 -87.5 177.9
      vertex 39.7 -81.4 177.9
    endloop
  endfacet
  facet normal -0 0 -1
    outer loop
      vertex 39.7 -81.4 177.9
      vertex 6.5 -87.5 177.9
      vertex 36.7 -81.4 177.9
    endloop
  endfacet
  facet normal 0 0 -1
    outer loop
      vertex 33.7 -81.4 177.9
      vertex 30.7 -81.4 177.9
      vertex 33.7 -63.1 177.9
    endloop
  endfacet
  facet normal -0 0 -1
    outer loop
      vertex 36.7 -81.4 177.9
      vertex 6.5 -87.5 177.9
      vertex 33.7 -81.4 177.9
    endloop
  endfacet
  facet normal -0 0 -1
    outer loop
      vertex 33.7 -81.4 177.9
      vertex 6.5 -87.5 177.9
      vertex 30.7 -81.4 177.9
    endloop
  endfacet
  facet normal 0 0 -1
    outer loop
      vertex 24.7 -81.4 177.9
      vertex 27.7 -63.1 177.9
      vertex 27.7 -81.4 177.9
    endloop
  endfacet
  facet normal 0 0 -1
    outer loop
      vertex 27.7 -63.1 177.9
      vertex 24.7 -61.4 177.9
      vertex 27.7 -60.1 177.9
    endloop
  endfacet
  facet normal 0 0 -1
    outer loop
      vertex 24.7 -57.4 177.9
      vertex 27.7 -60.1 177.9
      vertex 24.7 -61.4 177.9
    endloop
  endfacet
  facet normal 0 0 -1
    outer loop
      vertex 27.7 -57.4 177.9
      vertex 24.7 -57.4 177.9
      vertex 27.7 -37.4 177.9
    endloop
  endfacet
  facet normal 0 0 -1
    outer loop
      vertex 24.7 -37.4 177.9
      vertex 27.7 -37.4 177.9
      vertex 24.7 -57.4 177.9
    endloop
  endfacet
  facet normal 0 0 -1
    outer loop
      vertex 27.7 -37.4 177.9
      vertex 24.7 -37.4 177.9
      vertex 27.7 -33.4 177.9
    endloop
  endfacet
  facet normal 0 0 -1
    outer loop
      vertex 24.7 -33.4 177.9
      vertex 27.7 -33.4 177.9
      vertex 24.7 -37.4 177.9
    endloop
  endfacet
  facet normal -0 0 -1
    outer loop
      vertex 27.7 -63.1 177.9
      vertex 24.7 -81.4 177.9
      vertex 24.7 -61.4 177.9
    endloop
  endfacet
  facet normal -0 0 -1
    outer loop
      vertex 30.7 -81.4 177.9
      vertex 6.5 -87.5 177.9
      vertex 27.7 -81.4 177.9
    endloop
  endfacet
  facet normal -0 0 -1
    outer loop
      vertex 27.7 -81.4 177.9
      vertex 6.5 -87.5 177.9
      vertex 24.7 -81.4 177.9
    endloop
  endfacet
  facet normal 0 0 -1
    outer loop
      vertex 18.7 -61.4 177.9
      vertex 21.7 -61.4 177.9
      vertex 21.7 -81.4 177.9
    endloop
  endfacet
  facet normal 0 0 -1
    outer loop
      vertex 21.7 -61.4 177.9
      vertex 18.7 -61.4 177.9
      vertex 21.7 -57.4 177.9
    endloop
  endfacet
  facet normal 0 0 -1
    outer loop
      vertex 21.7 -57.4 177.9
      vertex 18.7 -57.4 177.9
      vertex 21.7 -37.4 177.9
    endloop
  endfacet
  facet normal 0 0 -1
    outer loop
      vertex 18.7 -37.4 177.9
      vertex 21.7 -37.4 177.9
      vertex 18.7 -57.4 177.9
    endloop
  endfacet
  facet normal 0 0 -1
    outer loop
      vertex 18.7 -61.4 177.9
      vertex 21.7 -81.4 177.9
      vertex 18.7 -81.4 177.9
    endloop
  endfacet
  facet normal -0 0 -1
    outer loop
      vertex 24.7 -81.4 177.9
      vertex 6.5 -87.5 177.9
      vertex 21.7 -81.4 177.9
    endloop
  endfacet
  facet normal -0 0 -1
    outer loop
      vertex 21.7 -81.4 177.9
      vertex 6.5 -87.5 177.9
      vertex 18.7 -81.4 177.9
    endloop
  endfacet
  facet normal 0 0 -1
    outer loop
      vertex 12.7 -61.4 177.9
      vertex 15.7 -61.4 177.9
      vertex 15.7 -81.4 177.9
    endloop
  endfacet
  facet normal 0 0 -1
    outer loop
      vertex 15.7 -61.4 177.9
      vertex 12.7 -61.4 177.9
      vertex 15.7 -57.4 177.9
    endloop
  endfacet
  facet normal 0 -0 -1
    outer loop
      vertex 13.4 -38.62 177.9
      vertex 15.7 -57.4 177.9
      vertex 12.7 -57.4 177.9
    endloop
  endfacet
  facet normal 0 0 -1
    outer loop
      vertex 15.7 -57.4 177.9
      vertex 13.4 -38.62 177.9
      vertex 15.7 -37.4 177.9
    endloop
  endfacet
  facet normal 0 0 -1
    outer loop
      vertex 15.7 -37.4 177.9
      vertex 13.4 -34.62 177.9
      vertex 15.7 -33.4 177.9
    endloop
  endfacet
  facet normal 0 0 -1
    outer loop
      vertex 12.7 -61.4 177.9
      vertex 15.7 -81.4 177.9
      vertex 12.7 -81.4 177.9
    endloop
  endfacet
  facet normal -0 0 -1
    outer loop
      vertex 18.7 -81.4 177.9
      vertex 6.5 -87.5 177.9
      vertex 15.7 -81.4 177.9
    endloop
  endfacet
  facet normal -0 0 -1
    outer loop
      vertex 15.7 -81.4 177.9
      vertex 6.5 -87.5 177.9
      vertex 12.7 -81.4 177.9
    endloop
  endfacet
  facet normal 0 0 -1
    outer loop
      vertex 6.5 -87.5 177.9
      vertex 9.7 -61.4 177.9
      vertex 9.7 -81.4 177.9
    endloop
  endfacet
  facet normal -0 0 -1
    outer loop
      vertex 9.7 -61.4 177.9
      vertex 6.5 -87.5 177.9
      vertex 9.7 -57.4 177.9
    endloop
  endfacet
  facet normal 0 0 -1
    outer loop
      vertex 9.7 -57.4 177.9
      vertex 9.2 -38.62 177.9
      vertex 9.7 -38.62 177.9
    endloop
  endfacet
  facet normal 0 0 -1
    outer loop
      vertex 6.5 -87.5 177.9
      vertex 9.2 -34.62 177.9
      vertex 9.2 -38.62 177.9
    endloop
  endfacet
  facet normal -0 0 -1
    outer loop
      vertex 9.2 -34.62 177.9
      vertex 6.5 -87.5 177.9
      vertex 9.2 -14.6 177.9
    endloop
  endfacet
  facet normal -0 0 -1
    outer loop
      vertex 9.2 -14.6 177.9
      vertex 6.5 -87.5 177.9
      vertex 9.2 -10.6 177.9
    endloop
  endfacet
  facet normal -0 0 -1
    outer loop
      vertex 9.7 -57.4 177.9
      vertex 6.5 -87.5 177.9
      vertex 9.2 -38.62 177.9
    endloop
  endfacet
  facet normal -0 0 -1
    outer loop
      vertex 12.7 -81.4 177.9
      vertex 6.5 -87.5 177.9
      vertex 9.7 -81.4 177.9
    endloop
  endfacet
  facet normal 0 0 -1
    outer loop
      vertex 136 -48.2 177.9
      vertex 141.5 -50.4 177.9
      vertex 137.2 -50.4 177.9
    endloop
  endfacet
  facet normal 0 0 -1
    outer loop
      vertex 141.5 -50.4 177.9
      vertex 136 -48.2 177.9
      vertex 141.5 -40 177.9
    endloop
  endfacet
  facet normal 0 0 -1
    outer loop
      vertex 136 -42.2 177.9
      vertex 141.5 -40 177.9
      vertex 136 -48.2 177.9
    endloop
  endfacet
  facet normal -0 0 -1
    outer loop
      vertex 141.5 -40 177.9
      vertex 136 -42.2 177.9
      vertex 137.2 -40 177.9
    endloop
  endfacet
  facet normal 0 0 -1
    outer loop
      vertex 135 -48.2 177.9
      vertex 136 -42.2 177.9
      vertex 136 -48.2 177.9
    endloop
  endfacet
  facet normal -0 0 -1
    outer loop
      vertex 136 -42.2 177.9
      vertex 135 -48.2 177.9
      vertex 135 -42.2 177.9
    endloop
  endfacet
  facet normal 0 0 -1
    outer loop
      vertex 136 0.599999 177.9
      vertex 141.5 -1.6 177.9
      vertex 137.2 -1.6 177.9
    endloop
  endfacet
  facet normal 0 0 -1
    outer loop
      vertex 141.5 -1.6 177.9
      vertex 136 0.599999 177.9
      vertex 141.5 8.8 177.9
    endloop
  endfacet
  facet normal 0 0 -1
    outer loop
      vertex 136 6.6 177.9
      vertex 141.5 8.8 177.9
      vertex 136 0.599999 177.9
    endloop
  endfacet
  facet normal -0 0 -1
    outer loop
      vertex 141.5 8.8 177.9
      vertex 136 6.6 177.9
      vertex 137.2 8.8 177.9
    endloop
  endfacet
  facet normal 0 0 -1
    outer loop
      vertex 135 0.599999 177.9
      vertex 136 6.6 177.9
      vertex 136 0.599999 177.9
    endloop
  endfacet
  facet normal -0 0 -1
    outer loop
      vertex 136 6.6 177.9
      vertex 135 0.599999 177.9
      vertex 135 6.6 177.9
    endloop
  endfacet
  facet normal 0 0 -1
    outer loop
      vertex 136 49.4 177.9
      vertex 141.5 47.2 177.9
      vertex 137.2 47.2 177.9
    endloop
  endfacet
  facet normal 0 0 -1
    outer loop
      vertex 141.5 47.2 177.9
      vertex 136 49.4 177.9
      vertex 141.5 57.6 177.9
    endloop
  endfacet
  facet normal 0 0 -1
    outer loop
      vertex 136 55.4 177.9
      vertex 141.5 57.6 177.9
      vertex 136 49.4 177.9
    endloop
  endfacet
  facet normal -0 0 -1
    outer loop
      vertex 141.5 57.6 177.9
      vertex 136 55.4 177.9
      vertex 137.2 57.6 177.9
    endloop
  endfacet
  facet normal 0 0 -1
    outer loop
      vertex 135 49.4 177.9
      vertex 136 55.4 177.9
      vertex 136 49.4 177.9
    endloop
  endfacet
  facet normal -0 0 -1
    outer loop
      vertex 136 55.4 177.9
      vertex 135 49.4 177.9
      vertex 135 55.4 177.9
    endloop
  endfacet
  facet normal 0 0 -1
    outer loop
      vertex 136 98.2 177.9
      vertex 141.5 96 177.9
      vertex 137.2 96 177.9
    endloop
  endfacet
  facet normal 0 0 -1
    outer loop
      vertex 141.5 96 177.9
      vertex 136 98.2 177.9
      vertex 141.5 106.4 177.9
    endloop
  endfacet
  facet normal 0 0 -1
    outer loop
      vertex 136 104.2 177.9
      vertex 141.5 106.4 177.9
      vertex 136 98.2 177.9
    endloop
  endfacet
  facet normal -0 0 -1
    outer loop
      vertex 141.5 106.4 177.9
      vertex 136 104.2 177.9
      vertex 137.2 106.4 177.9
    endloop
  endfacet
  facet normal 0 0 -1
    outer loop
      vertex 135 98.2 177.9
      vertex 136 104.2 177.9
      vertex 136 98.2 177.9
    endloop
  endfacet
  facet normal -0 0 -1
    outer loop
      vertex 136 104.2 177.9
      vertex 135 98.2 177.9
      vertex 135 104.2 177.9
    endloop
  endfacet
  facet normal 0 0 -1
    outer loop
      vertex 126.7 -37.4 177.9
      vertex 135 -48.2 177.9
      vertex 126.7 -57.4 177.9
    endloop
  endfacet
  facet normal 0 0 -1
    outer loop
      vertex 135 -48.2 177.9
      vertex 126.7 -37.4 177.9
      vertex 135 -42.2 177.9
    endloop
  endfacet
  facet normal 0 0 -1
    outer loop
      vertex 135 -42.2 177.9
      vertex 126.7 -13.4 177.9
      vertex 135 0.599999 177.9
    endloop
  endfacet
  facet normal 0 0 -1
    outer loop
      vertex 123.7 -13.4 177.9
      vertex 135 0.599999 177.9
      vertex 126.7 -13.4 177.9
    endloop
  endfacet
  facet normal 0 0 -1
    outer loop
      vertex 111.7 -13.4 177.9
      vertex 135 6.6 177.9
      vertex 114.7 -13.4 177.9
    endloop
  endfacet
  facet normal 0 0 -1
    outer loop
      vertex 108.7 -13.4 177.9
      vertex 135 6.6 177.9
      vertex 111.7 -13.4 177.9
    endloop
  endfacet
  facet normal -0 0 -1
    outer loop
      vertex 123.7 -57.4 177.9
      vertex 120.7 -61.4 177.9
      vertex 120.7 -57.4 177.9
    endloop
  endfacet
  facet normal 0 0 -1
    outer loop
      vertex 123.7 -37.4 177.9
      vertex 120.7 -37.4 177.9
      vertex 123.7 -33.4 177.9
    endloop
  endfacet
  facet normal 0 0 -1
    outer loop
      vertex 120.7 -33.4 177.9
      vertex 123.7 -33.4 177.9
      vertex 120.7 -37.4 177.9
    endloop
  endfacet
  facet normal 0 0 -1
    outer loop
      vertex 123.7 -33.4 177.9
      vertex 120.7 -33.4 177.9
      vertex 123.7 -13.4 177.9
    endloop
  endfacet
  facet normal 0 0 -1
    outer loop
      vertex 120.7 -13.4 177.9
      vertex 123.7 -13.4 177.9
      vertex 120.7 -33.4 177.9
    endloop
  endfacet
  facet normal 0 0 -1
    outer loop
      vertex 105.7 -13.4 177.9
      vertex 135 6.6 177.9
      vertex 108.7 -13.4 177.9
    endloop
  endfacet
  facet normal 0 0 -1
    outer loop
      vertex 102.7 -13.4 177.9
      vertex 135 6.6 177.9
      vertex 105.7 -13.4 177.9
    endloop
  endfacet
  facet normal -0 0 -1
    outer loop
      vertex 117.7 -57.4 177.9
      vertex 114.7 -61.4 177.9
      vertex 114.7 -57.4 177.9
    endloop
  endfacet
  facet normal 0 0 -1
    outer loop
      vertex 117.7 -37.4 177.9
      vertex 114.7 -37.4 177.9
      vertex 117.7 -33.4 177.9
    endloop
  endfacet
  facet normal 0 0 -1
    outer loop
      vertex 114.7 -33.4 177.9
      vertex 117.7 -33.4 177.9
      vertex 114.7 -37.4 177.9
    endloop
  endfacet
  facet normal 0 0 -1
    outer loop
      vertex 117.7 -33.4 177.9
      vertex 114.7 -33.4 177.9
      vertex 117.7 -13.4 177.9
    endloop
  endfacet
  facet normal 0 0 -1
    outer loop
      vertex 114.7 -13.4 177.9
      vertex 117.7 -13.4 177.9
      vertex 114.7 -33.4 177.9
    endloop
  endfacet
  facet normal 0 0 -1
    outer loop
      vertex 99.7 -13.4 177.9
      vertex 135 6.6 177.9
      vertex 102.7 -13.4 177.9
    endloop
  endfacet
  facet normal -0 0 -1
    outer loop
      vertex 135 6.6 177.9
      vertex 99.7 -13.4 177.9
      vertex 135 49.4 177.9
    endloop
  endfacet
  facet normal -0 0 -1
    outer loop
      vertex 111.7 -57.4 177.9
      vertex 108.7 -61.4 177.9
      vertex 108.7 -57.4 177.9
    endloop
  endfacet
  facet normal 0 0 -1
    outer loop
      vertex 111.7 -37.4 177.9
      vertex 108.7 -37.4 177.9
      vertex 111.7 -33.4 177.9
    endloop
  endfacet
  facet normal 0 0 -1
    outer loop
      vertex 108.7 -33.4 177.9
      vertex 111.7 -33.4 177.9
      vertex 108.7 -37.4 177.9
    endloop
  endfacet
  facet normal 0 0 -1
    outer loop
      vertex 111.7 -33.4 177.9
      vertex 108.7 -33.4 177.9
      vertex 111.7 -13.4 177.9
    endloop
  endfacet
  facet normal 0 0 -1
    outer loop
      vertex 108.7 -13.4 177.9
      vertex 111.7 -13.4 177.9
      vertex 108.7 -33.4 177.9
    endloop
  endfacet
  facet normal 0 0 -1
    outer loop
      vertex 96.7 -13.4 177.9
      vertex 135 49.4 177.9
      vertex 99.7 -13.4 177.9
    endloop
  endfacet
  facet normal 0 0 -1
    outer loop
      vertex 93.7 -13.4 177.9
      vertex 135 49.4 177.9
      vertex 96.7 -13.4 177.9
    endloop
  endfacet
  facet normal -0 0 -1
    outer loop
      vertex 105.7 -57.4 177.9
      vertex 102.7 -61.4 177.9
      vertex 102.7 -57.4 177.9
    endloop
  endfacet
  facet normal 0 0 -1
    outer loop
      vertex 105.7 -37.4 177.9
      vertex 102.7 -37.4 177.9
      vertex 105.7 -33.4 177.9
    endloop
  endfacet
  facet normal 0 0 -1
    outer loop
      vertex 102.7 -33.4 177.9
      vertex 105.7 -33.4 177.9
      vertex 102.7 -37.4 177.9
    endloop
  endfacet
  facet normal 0 0 -1
    outer loop
      vertex 105.7 -33.4 177.9
      vertex 102.7 -33.4 177.9
      vertex 105.7 -13.4 177.9
    endloop
  endfacet
  facet normal 0 0 -1
    outer loop
      vertex 102.7 -13.4 177.9
      vertex 105.7 -13.4 177.9
      vertex 102.7 -33.4 177.9
    endloop
  endfacet
  facet normal 0 0 -1
    outer loop
      vertex 90.7 -13.4 177.9
      vertex 135 49.4 177.9
      vertex 93.7 -13.4 177.9
    endloop
  endfacet
  facet normal 0 0 -1
    outer loop
      vertex 87.7 -13.4 177.9
      vertex 135 49.4 177.9
      vertex 90.7 -13.4 177.9
    endloop
  endfacet
  facet normal -0 0 -1
    outer loop
      vertex 99.7 -57.4 177.9
      vertex 96.7 -61.4 177.9
      vertex 96.7 -57.4 177.9
    endloop
  endfacet
  facet normal 0 0 -1
    outer loop
      vertex 99.7 -37.4 177.9
      vertex 96.7 -37.4 177.9
      vertex 99.7 -33.4 177.9
    endloop
  endfacet
  facet normal 0 0 -1
    outer loop
      vertex 96.7 -33.4 177.9
      vertex 99.7 -33.4 177.9
      vertex 96.7 -37.4 177.9
    endloop
  endfacet
  facet normal 0 0 -1
    outer loop
      vertex 99.7 -33.4 177.9
      vertex 96.7 -33.4 177.9
      vertex 99.7 -13.4 177.9
    endloop
  endfacet
  facet normal 0 0 -1
    outer loop
      vertex 96.7 -13.4 177.9
      vertex 99.7 -13.4 177.9
      vertex 96.7 -33.4 177.9
    endloop
  endfacet
  facet normal 0 0 -1
    outer loop
      vertex 84.7 -13.4 177.9
      vertex 135 49.4 177.9
      vertex 87.7 -13.4 177.9
    endloop
  endfacet
  facet normal 0 0 -1
    outer loop
      vertex 81.7 -13.4 177.9
      vertex 135 49.4 177.9
      vertex 84.7 -13.4 177.9
    endloop
  endfacet
  facet normal -0 0 -1
    outer loop
      vertex 93.7 -57.4 177.9
      vertex 90.7 -61.4 177.9
      vertex 90.7 -57.4 177.9
    endloop
  endfacet
  facet normal 0 0 -1
    outer loop
      vertex 93.7 -37.4 177.9
      vertex 90.7 -37.4 177.9
      vertex 93.7 -33.4 177.9
    endloop
  endfacet
  facet normal 0 0 -1
    outer loop
      vertex 90.7 -33.4 177.9
      vertex 93.7 -33.4 177.9
      vertex 90.7 -37.4 177.9
    endloop
  endfacet
  facet normal 0 0 -1
    outer loop
      vertex 93.7 -33.4 177.9
      vertex 90.7 -33.4 177.9
      vertex 93.7 -13.4 177.9
    endloop
  endfacet
  facet normal 0 0 -1
    outer loop
      vertex 90.7 -13.4 177.9
      vertex 93.7 -13.4 177.9
      vertex 90.7 -33.4 177.9
    endloop
  endfacet
  facet normal 0 0 -1
    outer loop
      vertex 78.7 -13.4 177.9
      vertex 135 49.4 177.9
      vertex 81.7 -13.4 177.9
    endloop
  endfacet
  facet normal 0 0 -1
    outer loop
      vertex 75.7 -13.4 177.9
      vertex 135 49.4 177.9
      vertex 78.7 -13.4 177.9
    endloop
  endfacet
  facet normal -0 0 -1
    outer loop
      vertex 87.7 -57.4 177.9
      vertex 84.7 -61.4 177.9
      vertex 84.7 -57.4 177.9
    endloop
  endfacet
  facet normal 0 0 -1
    outer loop
      vertex 87.7 -37.4 177.9
      vertex 84.7 -37.4 177.9
      vertex 87.7 -33.4 177.9
    endloop
  endfacet
  facet normal 0 0 -1
    outer loop
      vertex 84.7 -33.4 177.9
      vertex 87.7 -33.4 177.9
      vertex 84.7 -37.4 177.9
    endloop
  endfacet
  facet normal 0 0 -1
    outer loop
      vertex 87.7 -33.4 177.9
      vertex 84.7 -33.4 177.9
      vertex 87.7 -13.4 177.9
    endloop
  endfacet
  facet normal 0 0 -1
    outer loop
      vertex 84.7 -13.4 177.9
      vertex 87.7 -13.4 177.9
      vertex 84.7 -33.4 177.9
    endloop
  endfacet
  facet normal 0 0 -1
    outer loop
      vertex 72.7 -13.4 177.9
      vertex 135 49.4 177.9
      vertex 75.7 -13.4 177.9
    endloop
  endfacet
  facet normal 0 0 -1
    outer loop
      vertex 69.7 -13.4 177.9
      vertex 135 49.4 177.9
      vertex 72.7 -13.4 177.9
    endloop
  endfacet
  facet normal -0 0 -1
    outer loop
      vertex 81.7 -57.4 177.9
      vertex 78.7 -61.4 177.9
      vertex 78.7 -57.4 177.9
    endloop
  endfacet
  facet normal 0 0 -1
    outer loop
      vertex 81.7 -37.4 177.9
      vertex 78.7 -37.4 177.9
      vertex 81.7 -33.4 177.9
    endloop
  endfacet
  facet normal 0 0 -1
    outer loop
      vertex 78.7 -33.4 177.9
      vertex 81.7 -33.4 177.9
      vertex 78.7 -37.4 177.9
    endloop
  endfacet
  facet normal 0 0 -1
    outer loop
      vertex 81.7 -33.4 177.9
      vertex 78.7 -33.4 177.9
      vertex 81.7 -13.4 177.9
    endloop
  endfacet
  facet normal 0 0 -1
    outer loop
      vertex 78.7 -13.4 177.9
      vertex 81.7 -13.4 177.9
      vertex 78.7 -33.4 177.9
    endloop
  endfacet
  facet normal -0 0 -1
    outer loop
      vertex 135 49.4 177.9
      vertex 69.7 -13.4 177.9
      vertex 135 55.4 177.9
    endloop
  endfacet
  facet normal 0 0 -1
    outer loop
      vertex 66.7 -13.4 177.9
      vertex 135 55.4 177.9
      vertex 69.7 -13.4 177.9
    endloop
  endfacet
  facet normal 0 0 -1
    outer loop
      vertex 72.7 -13.4 177.9
      vertex 75.7 -13.4 177.9
      vertex 72.7 -13.9 177.9
    endloop
  endfacet
  facet normal 0 0 -1
    outer loop
      vertex 63.7 -13.4 177.9
      vertex 135 55.4 177.9
      vertex 66.7 -13.4 177.9
    endloop
  endfacet
  facet normal 0 0 -1
    outer loop
      vertex 60.7 -13.4 177.9
      vertex 135 55.4 177.9
      vertex 63.7 -13.4 177.9
    endloop
  endfacet
  facet normal 0 0 -1
    outer loop
      vertex 66.7 -13.4 177.9
      vertex 69.7 -13.4 177.9
      vertex 66.7 -13.9 177.9
    endloop
  endfacet
  facet normal 0 0 -1
    outer loop
      vertex 57.7 -13.4 177.9
      vertex 135 55.4 177.9
      vertex 60.7 -13.4 177.9
    endloop
  endfacet
  facet normal 0 0 -1
    outer loop
      vertex 54.7 -13.4 177.9
      vertex 135 55.4 177.9
      vertex 57.7 -13.4 177.9
    endloop
  endfacet
  facet normal 0 0 -1
    outer loop
      vertex 60.7 -13.4 177.9
      vertex 63.7 -13.4 177.9
      vertex 60.7 -13.9 177.9
    endloop
  endfacet
  facet normal 0 0 -1
    outer loop
      vertex 51.7 -13.4 177.9
      vertex 135 55.4 177.9
      vertex 54.7 -13.4 177.9
    endloop
  endfacet
  facet normal 0 0 -1
    outer loop
      vertex 135 55.4 177.9
      vertex 6.5 143.5 177.9
      vertex 135 98.2 177.9
    endloop
  endfacet
  facet normal 0 0 -1
    outer loop
      vertex 54.7 -13.4 177.9
      vertex 57.7 -13.4 177.9
      vertex 54.7 -13.9 177.9
    endloop
  endfacet
  facet normal 0 0 -1
    outer loop
      vertex 135 98.2 177.9
      vertex 6.5 143.5 177.9
      vertex 135 104.2 177.9
    endloop
  endfacet
  facet normal -0 0 -1
    outer loop
      vertex 135 55.4 177.9
      vertex 51.7 -13.4 177.9
      vertex 6.5 143.5 177.9
    endloop
  endfacet
  facet normal 0 0 -1
    outer loop
      vertex 48.7 -13.4 177.9
      vertex 51.7 -13.4 177.9
      vertex 48.7 -13.9 177.9
    endloop
  endfacet
  facet normal 0 0 -1
    outer loop
      vertex 6.5 143.5 177.9
      vertex 51.7 -13.4 177.9
      vertex 48.7 -13.4 177.9
    endloop
  endfacet
  facet normal 0 0 -1
    outer loop
      vertex 6.5 143.5 177.9
      vertex 48.7 -13.4 177.9
      vertex 45.7 -13.4 177.9
    endloop
  endfacet
  facet normal 0 0 -1
    outer loop
      vertex 42.7 -13.4 177.9
      vertex 45.7 -13.4 177.9
      vertex 42.7 -13.9 177.9
    endloop
  endfacet
  facet normal 0 0 -1
    outer loop
      vertex 6.5 143.5 177.9
      vertex 45.7 -13.4 177.9
      vertex 42.7 -13.4 177.9
    endloop
  endfacet
  facet normal 0 0 -1
    outer loop
      vertex 6.5 143.5 177.9
      vertex 42.7 -13.4 177.9
      vertex 39.7 -13.4 177.9
    endloop
  endfacet
  facet normal 0 0 -1
    outer loop
      vertex 36.7 -13.4 177.9
      vertex 39.7 -13.4 177.9
      vertex 36.7 -13.9 177.9
    endloop
  endfacet
  facet normal 0 0 -1
    outer loop
      vertex 6.5 143.5 177.9
      vertex 39.7 -13.4 177.9
      vertex 36.7 -13.4 177.9
    endloop
  endfacet
  facet normal 0 0 -1
    outer loop
      vertex 16.7 -10.6 177.9
      vertex 36.7 -13.4 177.9
      vertex 33.7 -13.4 177.9
    endloop
  endfacet
  facet normal 0 0 -1
    outer loop
      vertex 30.7 -13.4 177.9
      vertex 33.7 -13.4 177.9
      vertex 30.7 -13.9 177.9
    endloop
  endfacet
  facet normal 0 0 -1
    outer loop
      vertex 16.7 -10.6 177.9
      vertex 33.7 -13.4 177.9
      vertex 30.7 -13.4 177.9
    endloop
  endfacet
  facet normal 0 0 -1
    outer loop
      vertex 16.7 -10.6 177.9
      vertex 30.7 -13.4 177.9
      vertex 27.7 -13.4 177.9
    endloop
  endfacet
  facet normal 0 0 -1
    outer loop
      vertex 27.7 -60.1 177.9
      vertex 24.7 -57.4 177.9
      vertex 27.7 -57.4 177.9
    endloop
  endfacet
  facet normal 0 0 -1
    outer loop
      vertex 27.7 -33.4 177.9
      vertex 24.7 -33.4 177.9
      vertex 27.7 -16.9 177.9
    endloop
  endfacet
  facet normal 0 0 -1
    outer loop
      vertex 24.7 -13.4 177.9
      vertex 27.7 -16.9 177.9
      vertex 24.7 -33.4 177.9
    endloop
  endfacet
  facet normal 0 0 -1
    outer loop
      vertex 27.7 -16.9 177.9
      vertex 24.7 -13.4 177.9
      vertex 27.7 -13.9 177.9
    endloop
  endfacet
  facet normal 0 0 -1
    outer loop
      vertex 27.7 -13.9 177.9
      vertex 24.7 -13.4 177.9
      vertex 27.7 -13.4 177.9
    endloop
  endfacet
  facet normal 0 0 -1
    outer loop
      vertex 16.7 -10.6 177.9
      vertex 27.7 -13.4 177.9
      vertex 24.7 -13.4 177.9
    endloop
  endfacet
  facet normal 0 0 -1
    outer loop
      vertex 16.7 -10.6 177.9
      vertex 24.7 -13.4 177.9
      vertex 21.7 -13.4 177.9
    endloop
  endfacet
  facet normal -0 0 -1
    outer loop
      vertex 21.7 -57.4 177.9
      vertex 18.7 -61.4 177.9
      vertex 18.7 -57.4 177.9
    endloop
  endfacet
  facet normal 0 0 -1
    outer loop
      vertex 21.7 -37.4 177.9
      vertex 18.7 -37.4 177.9
      vertex 21.7 -33.4 177.9
    endloop
  endfacet
  facet normal 0 0 -1
    outer loop
      vertex 18.7 -33.4 177.9
      vertex 21.7 -33.4 177.9
      vertex 18.7 -37.4 177.9
    endloop
  endfacet
  facet normal 0 0 -1
    outer loop
      vertex 21.7 -33.4 177.9
      vertex 18.7 -33.4 177.9
      vertex 21.7 -13.4 177.9
    endloop
  endfacet
  facet normal 0 0 -1
    outer loop
      vertex 18.7 -13.4 177.9
      vertex 21.7 -13.4 177.9
      vertex 18.7 -33.4 177.9
    endloop
  endfacet
  facet normal 0 0 -1
    outer loop
      vertex 16.7 -10.6 177.9
      vertex 21.7 -13.4 177.9
      vertex 18.7 -13.4 177.9
    endloop
  endfacet
  facet normal 0 0 -1
    outer loop
      vertex 16.7 -10.6 177.9
      vertex 18.7 -13.4 177.9
      vertex 16.7 -13.4 177.9
    endloop
  endfacet
  facet normal 0 0 -1
    outer loop
      vertex 36.7 -13.4 177.9
      vertex 16.7 -10.6 177.9
      vertex 6.5 143.5 177.9
    endloop
  endfacet
  facet normal 0 0 -1
    outer loop
      vertex 6.5 143.5 177.9
      vertex 16.7 -10.6 177.9
      vertex 9.2 -10.6 177.9
    endloop
  endfacet
  facet normal 0 0 -1
    outer loop
      vertex 135 104.2 177.9
      vertex 6.5 143.5 177.9
      vertex 135 143.5 177.9
    endloop
  endfacet
  facet normal 0 0 -1
    outer loop
      vertex 6.5 143.5 177.9
      vertex 9.2 -10.6 177.9
      vertex 6.5 -87.5 177.9
    endloop
  endfacet
  facet normal 0 0 -1
    outer loop
      vertex 69.7 -37.4 177.9
      vertex 72.7 -33.4 177.9
      vertex 72.7 -37.4 177.9
    endloop
  endfacet
  facet normal -0 0 -1
    outer loop
      vertex 72.7 -33.4 177.9
      vertex 69.7 -37.4 177.9
      vertex 69.7 -33.4 177.9
    endloop
  endfacet
  facet normal -0 0 -1
    outer loop
      vertex 75.7 -63.1 177.9
      vertex 72.7 -81.4 177.9
      vertex 72.7 -63.1 177.9
    endloop
  endfacet
  facet normal 0 0 -1
    outer loop
      vertex 72.7 -33.4 177.9
      vertex 75.7 -33.4 177.9
      vertex 72.7 -37.4 177.9
    endloop
  endfacet
  facet normal 0 0 -1
    outer loop
      vertex 75.7 -33.4 177.9
      vertex 72.7 -33.4 177.9
      vertex 75.7 -16.9 177.9
    endloop
  endfacet
  facet normal -0 0 -1
    outer loop
      vertex 75.7 -16.9 177.9
      vertex 72.7 -33.4 177.9
      vertex 72.7 -16.9 177.9
    endloop
  endfacet
  facet normal 0 0 -1
    outer loop
      vertex 63.7 -37.4 177.9
      vertex 66.7 -33.4 177.9
      vertex 66.7 -37.4 177.9
    endloop
  endfacet
  facet normal -0 0 -1
    outer loop
      vertex 66.7 -33.4 177.9
      vertex 63.7 -37.4 177.9
      vertex 63.7 -33.4 177.9
    endloop
  endfacet
  facet normal -0 0 -1
    outer loop
      vertex 69.7 -63.1 177.9
      vertex 66.7 -81.4 177.9
      vertex 66.7 -63.1 177.9
    endloop
  endfacet
  facet normal 0 0 -1
    outer loop
      vertex 66.7 -33.4 177.9
      vertex 69.7 -33.4 177.9
      vertex 66.7 -37.4 177.9
    endloop
  endfacet
  facet normal 0 0 -1
    outer loop
      vertex 69.7 -33.4 177.9
      vertex 66.7 -33.4 177.9
      vertex 69.7 -16.9 177.9
    endloop
  endfacet
  facet normal -0 0 -1
    outer loop
      vertex 69.7 -16.9 177.9
      vertex 66.7 -33.4 177.9
      vertex 66.7 -16.9 177.9
    endloop
  endfacet
  facet normal 0 0 -1
    outer loop
      vertex 57.7 -37.4 177.9
      vertex 60.7 -33.4 177.9
      vertex 60.7 -37.4 177.9
    endloop
  endfacet
  facet normal -0 0 -1
    outer loop
      vertex 60.7 -33.4 177.9
      vertex 57.7 -37.4 177.9
      vertex 57.7 -33.4 177.9
    endloop
  endfacet
  facet normal -0 0 -1
    outer loop
      vertex 63.7 -63.1 177.9
      vertex 60.7 -81.4 177.9
      vertex 60.7 -63.1 177.9
    endloop
  endfacet
  facet normal 0 0 -1
    outer loop
      vertex 60.7 -33.4 177.9
      vertex 63.7 -33.4 177.9
      vertex 60.7 -37.4 177.9
    endloop
  endfacet
  facet normal 0 0 -1
    outer loop
      vertex 63.7 -33.4 177.9
      vertex 60.7 -33.4 177.9
      vertex 63.7 -16.9 177.9
    endloop
  endfacet
  facet normal -0 0 -1
    outer loop
      vertex 63.7 -16.9 177.9
      vertex 60.7 -33.4 177.9
      vertex 60.7 -16.9 177.9
    endloop
  endfacet
  facet normal 0 0 -1
    outer loop
      vertex 51.7 -37.4 177.9
      vertex 54.7 -33.4 177.9
      vertex 54.7 -37.4 177.9
    endloop
  endfacet
  facet normal -0 0 -1
    outer loop
      vertex 54.7 -33.4 177.9
      vertex 51.7 -37.4 177.9
      vertex 51.7 -33.4 177.9
    endloop
  endfacet
  facet normal -0 0 -1
    outer loop
      vertex 57.7 -63.1 177.9
      vertex 54.7 -81.4 177.9
      vertex 54.7 -63.1 177.9
    endloop
  endfacet
  facet normal 0 0 -1
    outer loop
      vertex 54.7 -33.4 177.9
      vertex 57.7 -33.4 177.9
      vertex 54.7 -37.4 177.9
    endloop
  endfacet
  facet normal 0 0 -1
    outer loop
      vertex 57.7 -33.4 177.9
      vertex 54.7 -33.4 177.9
      vertex 57.7 -16.9 177.9
    endloop
  endfacet
  facet normal -0 0 -1
    outer loop
      vertex 57.7 -16.9 177.9
      vertex 54.7 -33.4 177.9
      vertex 54.7 -16.9 177.9
    endloop
  endfacet
  facet normal 0 0 -1
    outer loop
      vertex 45.7 -37.4 177.9
      vertex 48.7 -33.4 177.9
      vertex 48.7 -37.4 177.9
    endloop
  endfacet
  facet normal -0 0 -1
    outer loop
      vertex 48.7 -33.4 177.9
      vertex 45.7 -37.4 177.9
      vertex 45.7 -33.4 177.9
    endloop
  endfacet
  facet normal -0 0 -1
    outer loop
      vertex 51.7 -63.1 177.9
      vertex 48.7 -81.4 177.9
      vertex 48.7 -63.1 177.9
    endloop
  endfacet
  facet normal 0 0 -1
    outer loop
      vertex 48.7 -33.4 177.9
      vertex 51.7 -33.4 177.9
      vertex 48.7 -37.4 177.9
    endloop
  endfacet
  facet normal 0 0 -1
    outer loop
      vertex 51.7 -33.4 177.9
      vertex 48.7 -33.4 177.9
      vertex 51.7 -16.9 177.9
    endloop
  endfacet
  facet normal -0 0 -1
    outer loop
      vertex 51.7 -16.9 177.9
      vertex 48.7 -33.4 177.9
      vertex 48.7 -16.9 177.9
    endloop
  endfacet
  facet normal 0 0 -1
    outer loop
      vertex 39.7 -37.4 177.9
      vertex 42.7 -33.4 177.9
      vertex 42.7 -37.4 177.9
    endloop
  endfacet
  facet normal -0 0 -1
    outer loop
      vertex 42.7 -33.4 177.9
      vertex 39.7 -37.4 177.9
      vertex 39.7 -33.4 177.9
    endloop
  endfacet
  facet normal -0 0 -1
    outer loop
      vertex 45.7 -63.1 177.9
      vertex 42.7 -81.4 177.9
      vertex 42.7 -63.1 177.9
    endloop
  endfacet
  facet normal 0 0 -1
    outer loop
      vertex 42.7 -33.4 177.9
      vertex 45.7 -33.4 177.9
      vertex 42.7 -37.4 177.9
    endloop
  endfacet
  facet normal 0 0 -1
    outer loop
      vertex 45.7 -33.4 177.9
      vertex 42.7 -33.4 177.9
      vertex 45.7 -16.9 177.9
    endloop
  endfacet
  facet normal -0 0 -1
    outer loop
      vertex 45.7 -16.9 177.9
      vertex 42.7 -33.4 177.9
      vertex 42.7 -16.9 177.9
    endloop
  endfacet
  facet normal 0 0 -1
    outer loop
      vertex 33.7 -37.4 177.9
      vertex 36.7 -33.4 177.9
      vertex 36.7 -37.4 177.9
    endloop
  endfacet
  facet normal -0 0 -1
    outer loop
      vertex 36.7 -33.4 177.9
      vertex 33.7 -37.4 177.9
      vertex 33.7 -33.4 177.9
    endloop
  endfacet
  facet normal -0 0 -1
    outer loop
      vertex 39.7 -63.1 177.9
      vertex 36.7 -81.4 177.9
      vertex 36.7 -63.1 177.9
    endloop
  endfacet
  facet normal 0 0 -1
    outer loop
      vertex 36.7 -33.4 177.9
      vertex 39.7 -33.4 177.9
      vertex 36.7 -37.4 177.9
    endloop
  endfacet
  facet normal 0 0 -1
    outer loop
      vertex 39.7 -33.4 177.9
      vertex 36.7 -33.4 177.9
      vertex 39.7 -16.9 177.9
    endloop
  endfacet
  facet normal -0 0 -1
    outer loop
      vertex 39.7 -16.9 177.9
      vertex 36.7 -33.4 177.9
      vertex 36.7 -16.9 177.9
    endloop
  endfacet
  facet normal 0 0 -1
    outer loop
      vertex 12.7 -33.4 177.9
      vertex 15.7 -33.4 177.9
      vertex 13.4 -34.62 177.9
    endloop
  endfacet
  facet normal 0 0 -1
    outer loop
      vertex 15.7 -33.4 177.9
      vertex 12.7 -33.4 177.9
      vertex 15.7 -14.6 177.9
    endloop
  endfacet
  facet normal -0 0 -1
    outer loop
      vertex 15.7 -14.6 177.9
      vertex 12.7 -33.4 177.9
      vertex 12.7 -14.6 177.9
    endloop
  endfacet
  facet normal -0 0 -1
    outer loop
      vertex 15.7 -57.4 177.9
      vertex 12.7 -61.4 177.9
      vertex 12.7 -57.4 177.9
    endloop
  endfacet
  facet normal 0 0 -1
    outer loop
      vertex 13.4 -34.62 177.9
      vertex 15.7 -37.4 177.9
      vertex 13.4 -38.62 177.9
    endloop
  endfacet
  facet normal -0 0 -1
    outer loop
      vertex 13.4 -38.62 177.9
      vertex 12.7 -57.4 177.9
      vertex 12.7 -38.62 177.9
    endloop
  endfacet
  facet normal -1 0 0
    outer loop
      vertex -9 -94 177.9
      vertex -9 150 180.9
      vertex -9 150 177.9
    endloop
  endfacet
  facet normal -1 -0 0
    outer loop
      vertex -9 150 180.9
      vertex -9 -94 177.9
      vertex -9 -94 180.9
    endloop
  endfacet
  facet normal 0 -1 0
    outer loop
      vertex -9 -94 177.9
      vertex 135 -94 180.9
      vertex -9 -94 180.9
    endloop
  endfacet
  facet normal 0 -1 -0
    outer loop
      vertex 135 -94 180.9
      vertex -9 -94 177.9
      vertex 135 -94 177.9
    endloop
  endfacet
  facet normal 0 1 -0
    outer loop
      vertex 135 150 177.9
      vertex -9 150 180.9
      vertex 135 150 180.9
    endloop
  endfacet
  facet normal 0 1 0
    outer loop
      vertex -9 150 180.9
      vertex 135 150 177.9
      vertex -9 150 177.9
    endloop
  endfacet
  facet normal 1 -0 0
    outer loop
      vertex -2.5 47.5 177.9
      vertex -2.5 134.5 173.9
      vertex -2.5 134.5 177.9
    endloop
  endfacet
  facet normal 1 0 0
    outer loop
      vertex -2.5 134.5 173.9
      vertex -2.5 47.5 177.9
      vertex -2.5 47.5 173.9
    endloop
  endfacet
  facet normal 0 0 -1
    outer loop
      vertex -4 47.5 173.9
      vertex -2.5 134.5 173.9
      vertex -2.5 47.5 173.9
    endloop
  endfacet
  facet normal -0 0 -1
    outer loop
      vertex -2.5 134.5 173.9
      vertex -4 47.5 173.9
      vertex -4 134.5 173.9
    endloop
  endfacet
  facet normal -1 0 0
    outer loop
      vertex -4 47.5 173.9
      vertex -4 134.5 177.9
      vertex -4 134.5 173.9
    endloop
  endfacet
  facet normal -1 -0 0
    outer loop
      vertex -4 134.5 177.9
      vertex -4 47.5 173.9
      vertex -4 47.5 177.9
    endloop
  endfacet
  facet normal 0 -1 0
    outer loop
      vertex -4 47.5 173.9
      vertex -2.5 47.5 177.9
      vertex -4 47.5 177.9
    endloop
  endfacet
  facet normal 0 -1 -0
    outer loop
      vertex -2.5 47.5 177.9
      vertex -4 47.5 173.9
      vertex -2.5 47.5 173.9
    endloop
  endfacet
  facet normal 0 1 -0
    outer loop
      vertex -2.5 134.5 173.9
      vertex -4 134.5 177.9
      vertex -2.5 134.5 177.9
    endloop
  endfacet
  facet normal 0 1 0
    outer loop
      vertex -4 134.5 177.9
      vertex -2.5 134.5 173.9
      vertex -4 134.5 173.9
    endloop
  endfacet
  facet normal 1 -0 0
    outer loop
      vertex -2.5 -78.5 177.9
      vertex -2.5 32.5 173.9
      vertex -2.5 32.5 177.9
    endloop
  endfacet
  facet normal 1 0 0
    outer loop
      vertex -2.5 32.5 173.9
      vertex -2.5 -78.5 177.9
      vertex -2.5 -78.5 173.9
    endloop
  endfacet
  facet normal 0 0 -1
    outer loop
      vertex -4 -78.5 173.9
      vertex -2.5 32.5 173.9
      vertex -2.5 -78.5 173.9
    endloop
  endfacet
  facet normal -0 0 -1
    outer loop
      vertex -2.5 32.5 173.9
      vertex -4 -78.5 173.9
      vertex -4 32.5 173.9
    endloop
  endfacet
  facet normal -1 0 0
    outer loop
      vertex -4 -78.5 173.9
      vertex -4 32.5 177.9
      vertex -4 32.5 173.9
    endloop
  endfacet
  facet normal -1 -0 0
    outer loop
      vertex -4 32.5 177.9
      vertex -4 -78.5 173.9
      vertex -4 -78.5 177.9
    endloop
  endfacet
  facet normal 0 -1 0
    outer loop
      vertex -4 -78.5 173.9
      vertex -2.5 -78.5 177.9
      vertex -4 -78.5 177.9
    endloop
  endfacet
  facet normal 0 -1 -0
    outer loop
      vertex -2.5 -78.5 177.9
      vertex -4 -78.5 173.9
      vertex -2.5 -78.5 173.9
    endloop
  endfacet
  facet normal 0 1 -0
    outer loop
      vertex -2.5 32.5 173.9
      vertex -4 32.5 177.9
      vertex -2.5 32.5 177.9
    endloop
  endfacet
  facet normal 0 1 0
    outer loop
      vertex -4 32.5 177.9
      vertex -2.5 32.5 173.9
      vertex -4 32.5 173.9
    endloop
  endfacet
  facet normal 0 0 -1
    outer loop
      vertex 6.5 143.5 173.9
      vertex 135 145 173.9
      vertex 135 143.5 173.9
    endloop
  endfacet
  facet normal -0 0 -1
    outer loop
      vertex 135 145 173.9
      vertex 6.5 143.5 173.9
      vertex 6.5 145 173.9
    endloop
  endfacet
  facet normal -1 0 0
    outer loop
      vertex 6.5 143.5 173.9
      vertex 6.5 145 177.9
      vertex 6.5 145 173.9
    endloop
  endfacet
  facet normal -1 -0 0
    outer loop
      vertex 6.5 145 177.9
      vertex 6.5 143.5 173.9
      vertex 6.5 143.5 177.9
    endloop
  endfacet
  facet normal 0 -1 0
    outer loop
      vertex 6.5 143.5 173.9
      vertex 135 143.5 177.9
      vertex 6.5 143.5 177.9
    endloop
  endfacet
  facet normal 0 -1 -0
    outer loop
      vertex 135 143.5 177.9
      vertex 6.5 143.5 173.9
      vertex 135 143.5 173.9
    endloop
  endfacet
  facet normal 0 1 -0
    outer loop
      vertex 135 145 173.9
      vertex 6.5 145 177.9
      vertex 135 145 177.9
    endloop
  endfacet
  facet normal 0 1 0
    outer loop
      vertex 6.5 145 177.9
      vertex 135 145 173.9
      vertex 6.5 145 173.9
    endloop
  endfacet
  facet normal 0 0 -1
    outer loop
      vertex 6.5 -89 173.9
      vertex 135 -87.5 173.9
      vertex 135 -89 173.9
    endloop
  endfacet
  facet normal -0 0 -1
    outer loop
      vertex 135 -87.5 173.9
      vertex 6.5 -89 173.9
      vertex 6.5 -87.5 173.9
    endloop
  endfacet
  facet normal -1 0 0
    outer loop
      vertex 6.5 -89 173.9
      vertex 6.5 -87.5 177.9
      vertex 6.5 -87.5 173.9
    endloop
  endfacet
  facet normal -1 -0 0
    outer loop
      vertex 6.5 -87.5 177.9
      vertex 6.5 -89 173.9
      vertex 6.5 -89 177.9
    endloop
  endfacet
  facet normal 0 -1 0
    outer loop
      vertex 6.5 -89 173.9
      vertex 135 -89 177.9
      vertex 6.5 -89 177.9
    endloop
  endfacet
  facet normal 0 -1 -0
    outer loop
      vertex 135 -89 177.9
      vertex 6.5 -89 173.9
      vertex 135 -89 173.9
    endloop
  endfacet
  facet normal 0 1 -0
    outer loop
      vertex 135 -87.5 173.9
      vertex 6.5 -87.5 177.9
      vertex 135 -87.5 177.9
    endloop
  endfacet
  facet normal 0 1 0
    outer loop
      vertex 6.5 -87.5 177.9
      vertex 135 -87.5 173.9
      vertex 6.5 -87.5 173.9
    endloop
  endfacet
  facet normal 1 -0 0
    outer loop
      vertex 4 137 177.9
      vertex 4 143 174.3
      vertex 4 143 177.9
    endloop
  endfacet
  facet normal 1 0 0
    outer loop
      vertex 4 143 174.3
      vertex 4 137 177.9
      vertex 4 137 174.3
    endloop
  endfacet
  facet normal 0 0 -1
    outer loop
      vertex -2 137 174.3
      vertex 4 143 174.3
      vertex 4 137 174.3
    endloop
  endfacet
  facet normal -0 0 -1
    outer loop
      vertex 4 143 174.3
      vertex -2 137 174.3
      vertex -2 143 174.3
    endloop
  endfacet
  facet normal -1 0 0
    outer loop
      vertex -2 137 174.3
      vertex -2 143 177.9
      vertex -2 143 174.3
    endloop
  endfacet
  facet normal -1 -0 0
    outer loop
      vertex -2 143 177.9
      vertex -2 137 174.3
      vertex -2 137 177.9
    endloop
  endfacet
  facet normal 0 -1 0
    outer loop
      vertex -2 137 174.3
      vertex 4 137 177.9
      vertex -2 137 177.9
    endloop
  endfacet
  facet normal 0 -1 -0
    outer loop
      vertex 4 137 177.9
      vertex -2 137 174.3
      vertex 4 137 174.3
    endloop
  endfacet
  facet normal 0 1 -0
    outer loop
      vertex 4 143 174.3
      vertex -2 143 177.9
      vertex 4 143 177.9
    endloop
  endfacet
  facet normal 0 1 0
    outer loop
      vertex -2 143 177.9
      vertex 4 143 174.3
      vertex -2 143 174.3
    endloop
  endfacet
  facet normal 1 -0 0
    outer loop
      vertex 4 -87 177.9
      vertex 4 -81 174.3
      vertex 4 -81 177.9
    endloop
  endfacet
  facet normal 1 0 0
    outer loop
      vertex 4 -81 174.3
      vertex 4 -87 177.9
      vertex 4 -87 174.3
    endloop
  endfacet
  facet normal 0 0 -1
    outer loop
      vertex -2 -87 174.3
      vertex 4 -81 174.3
      vertex 4 -87 174.3
    endloop
  endfacet
  facet normal -0 0 -1
    outer loop
      vertex 4 -81 174.3
      vertex -2 -87 174.3
      vertex -2 -81 174.3
    endloop
  endfacet
  facet normal -1 0 0
    outer loop
      vertex -2 -87 174.3
      vertex -2 -81 177.9
      vertex -2 -81 174.3
    endloop
  endfacet
  facet normal -1 -0 0
    outer loop
      vertex -2 -81 177.9
      vertex -2 -87 174.3
      vertex -2 -87 177.9
    endloop
  endfacet
  facet normal 0 -1 0
    outer loop
      vertex -2 -87 174.3
      vertex 4 -87 177.9
      vertex -2 -87 177.9
    endloop
  endfacet
  facet normal 0 -1 -0
    outer loop
      vertex 4 -87 177.9
      vertex -2 -87 174.3
      vertex 4 -87 174.3
    endloop
  endfacet
  facet normal 0 1 -0
    outer loop
      vertex 4 -81 174.3
      vertex -2 -81 177.9
      vertex 4 -81 177.9
    endloop
  endfacet
  facet normal 0 1 0
    outer loop
      vertex -2 -81 177.9
      vertex 4 -81 174.3
      vertex -2 -81 174.3
    endloop
  endfacet
  facet normal 1 -0 0
    outer loop
      vertex 4 37 177.9
      vertex 4 43 174.3
      vertex 4 43 177.9
    endloop
  endfacet
  facet normal 1 0 0
    outer loop
      vertex 4 43 174.3
      vertex 4 37 177.9
      vertex 4 37 174.3
    endloop
  endfacet
  facet normal 0 0 -1
    outer loop
      vertex -2 37 174.3
      vertex 4 43 174.3
      vertex 4 37 174.3
    endloop
  endfacet
  facet normal -0 0 -1
    outer loop
      vertex 4 43 174.3
      vertex -2 37 174.3
      vertex -2 43 174.3
    endloop
  endfacet
  facet normal -1 0 0
    outer loop
      vertex -2 37 174.3
      vertex -2 43 177.9
      vertex -2 43 174.3
    endloop
  endfacet
  facet normal -1 -0 0
    outer loop
      vertex -2 43 177.9
      vertex -2 37 174.3
      vertex -2 37 177.9
    endloop
  endfacet
  facet normal 0 -1 0
    outer loop
      vertex -2 37 174.3
      vertex 4 37 177.9
      vertex -2 37 177.9
    endloop
  endfacet
  facet normal 0 -1 -0
    outer loop
      vertex 4 37 177.9
      vertex -2 37 174.3
      vertex 4 37 174.3
    endloop
  endfacet
  facet normal 0 1 -0
    outer loop
      vertex 4 43 174.3
      vertex -2 43 177.9
      vertex 4 43 177.9
    endloop
  endfacet
  facet normal 0 1 0
    outer loop
      vertex -2 43 177.9
      vertex 4 43 174.3
      vertex -2 43 174.3
    endloop
  endfacet
  facet normal 1 -0 0
    outer loop
      vertex 77.7 -16.9 177.91
      vertex 77.7 -13.9 136.9
      vertex 77.7 -13.9 177.91
    endloop
  endfacet
  facet normal 1 0 0
    outer loop
      vertex 77.7 -13.9 136.9
      vertex 77.7 -16.9 177.91
      vertex 77.7 -16.9 136.9
    endloop
  endfacet
  facet normal -0 0 1
    outer loop
      vertex 27.7 -13.9 177.91
      vertex 30.7 -16.9 177.91
      vertex 30.7 -13.9 177.91
    endloop
  endfacet
  facet normal 0 0 1
    outer loop
      vertex 30.7 -16.9 177.91
      vertex 27.7 -13.9 177.91
      vertex 27.7 -16.9 177.91
    endloop
  endfacet
  facet normal -0 0 1
    outer loop
      vertex 75.7 -13.9 177.91
      vertex 77.7 -16.9 177.91
      vertex 77.7 -13.9 177.91
    endloop
  endfacet
  facet normal 0 0 1
    outer loop
      vertex 77.7 -16.9 177.91
      vertex 75.7 -13.9 177.91
      vertex 75.7 -16.9 177.91
    endloop
  endfacet
  facet normal -0 0 1
    outer loop
      vertex 33.7 -13.9 177.91
      vertex 36.7 -16.9 177.91
      vertex 36.7 -13.9 177.91
    endloop
  endfacet
  facet normal 0 0 1
    outer loop
      vertex 36.7 -16.9 177.91
      vertex 33.7 -13.9 177.91
      vertex 33.7 -16.9 177.91
    endloop
  endfacet
  facet normal -0 0 1
    outer loop
      vertex 39.7 -13.9 177.91
      vertex 42.7 -16.9 177.91
      vertex 42.7 -13.9 177.91
    endloop
  endfacet
  facet normal 0 0 1
    outer loop
      vertex 42.7 -16.9 177.91
      vertex 39.7 -13.9 177.91
      vertex 39.7 -16.9 177.91
    endloop
  endfacet
  facet normal -0 0 1
    outer loop
      vertex 45.7 -13.9 177.91
      vertex 48.7 -16.9 177.91
      vertex 48.7 -13.9 177.91
    endloop
  endfacet
  facet normal 0 0 1
    outer loop
      vertex 48.7 -16.9 177.91
      vertex 45.7 -13.9 177.91
      vertex 45.7 -16.9 177.91
    endloop
  endfacet
  facet normal -0 0 1
    outer loop
      vertex 51.7 -13.9 177.91
      vertex 54.7 -16.9 177.91
      vertex 54.7 -13.9 177.91
    endloop
  endfacet
  facet normal 0 0 1
    outer loop
      vertex 54.7 -16.9 177.91
      vertex 51.7 -13.9 177.91
      vertex 51.7 -16.9 177.91
    endloop
  endfacet
  facet normal -0 0 1
    outer loop
      vertex 57.7 -13.9 177.91
      vertex 60.7 -16.9 177.91
      vertex 60.7 -13.9 177.91
    endloop
  endfacet
  facet normal 0 0 1
    outer loop
      vertex 60.7 -16.9 177.91
      vertex 57.7 -13.9 177.91
      vertex 57.7 -16.9 177.91
    endloop
  endfacet
  facet normal -0 0 1
    outer loop
      vertex 63.7 -13.9 177.91
      vertex 66.7 -16.9 177.91
      vertex 66.7 -13.9 177.91
    endloop
  endfacet
  facet normal 0 0 1
    outer loop
      vertex 66.7 -16.9 177.91
      vertex 63.7 -13.9 177.91
      vertex 63.7 -16.9 177.91
    endloop
  endfacet
  facet normal -0 0 1
    outer loop
      vertex 69.7 -13.9 177.91
      vertex 72.7 -16.9 177.91
      vertex 72.7 -13.9 177.91
    endloop
  endfacet
  facet normal 0 0 1
    outer loop
      vertex 72.7 -16.9 177.91
      vertex 69.7 -13.9 177.91
      vertex 69.7 -16.9 177.91
    endloop
  endfacet
  facet normal 0 0 -1
    outer loop
      vertex 27.7 -16.9 136.9
      vertex 77.7 -13.9 136.9
      vertex 77.7 -16.9 136.9
    endloop
  endfacet
  facet normal -0 0 -1
    outer loop
      vertex 77.7 -13.9 136.9
      vertex 27.7 -16.9 136.9
      vertex 27.7 -13.9 136.9
    endloop
  endfacet
  facet normal 0 -1 0
    outer loop
      vertex 27.7 -16.9 177.9
      vertex 30.7 -16.9 177.91
      vertex 27.7 -16.9 177.91
    endloop
  endfacet
  facet normal 0 -1 0
    outer loop
      vertex 27.7 -16.9 177.9
      vertex 30.7 -16.9 177.9
      vertex 30.7 -16.9 177.91
    endloop
  endfacet
  facet normal 0 -1 0
    outer loop
      vertex 27.7 -16.9 136.9
      vertex 30.7 -16.9 177.9
      vertex 27.7 -16.9 177.9
    endloop
  endfacet
  facet normal 0 -1 -0
    outer loop
      vertex 30.7 -16.9 177.9
      vertex 27.7 -16.9 136.9
      vertex 33.7 -16.9 177.9
    endloop
  endfacet
  facet normal 0 -1 -0
    outer loop
      vertex 33.7 -16.9 177.9
      vertex 27.7 -16.9 136.9
      vertex 36.7 -16.9 177.9
    endloop
  endfacet
  facet normal 0 -1 -0
    outer loop
      vertex 36.7 -16.9 177.9
      vertex 27.7 -16.9 136.9
      vertex 39.7 -16.9 177.9
    endloop
  endfacet
  facet normal 0 -1 -0
    outer loop
      vertex 39.7 -16.9 177.9
      vertex 27.7 -16.9 136.9
      vertex 42.7 -16.9 177.9
    endloop
  endfacet
  facet normal 0 -1 -0
    outer loop
      vertex 42.7 -16.9 177.9
      vertex 27.7 -16.9 136.9
      vertex 45.7 -16.9 177.9
    endloop
  endfacet
  facet normal 0 -1 -0
    outer loop
      vertex 45.7 -16.9 177.9
      vertex 27.7 -16.9 136.9
      vertex 48.7 -16.9 177.9
    endloop
  endfacet
  facet normal 0 -1 -0
    outer loop
      vertex 48.7 -16.9 177.9
      vertex 27.7 -16.9 136.9
      vertex 51.7 -16.9 177.9
    endloop
  endfacet
  facet normal 0 -1 0
    outer loop
      vertex 77.7 -16.9 136.9
      vertex 51.7 -16.9 177.9
      vertex 27.7 -16.9 136.9
    endloop
  endfacet
  facet normal 0 -1 0
    outer loop
      vertex 51.7 -16.9 177.9
      vertex 77.7 -16.9 136.9
      vertex 54.7 -16.9 177.9
    endloop
  endfacet
  facet normal 0 -1 0
    outer loop
      vertex 54.7 -16.9 177.9
      vertex 77.7 -16.9 136.9
      vertex 57.7 -16.9 177.9
    endloop
  endfacet
  facet normal 0 -1 0
    outer loop
      vertex 57.7 -16.9 177.9
      vertex 77.7 -16.9 136.9
      vertex 60.7 -16.9 177.9
    endloop
  endfacet
  facet normal 0 -1 0
    outer loop
      vertex 60.7 -16.9 177.9
      vertex 77.7 -16.9 136.9
      vertex 63.7 -16.9 177.9
    endloop
  endfacet
  facet normal 0 -1 0
    outer loop
      vertex 63.7 -16.9 177.9
      vertex 77.7 -16.9 136.9
      vertex 66.7 -16.9 177.9
    endloop
  endfacet
  facet normal 0 -1 0
    outer loop
      vertex 66.7 -16.9 177.9
      vertex 77.7 -16.9 136.9
      vertex 69.7 -16.9 177.9
    endloop
  endfacet
  facet normal 0 -1 0
    outer loop
      vertex 69.7 -16.9 177.9
      vertex 77.7 -16.9 136.9
      vertex 72.7 -16.9 177.9
    endloop
  endfacet
  facet normal 0 -1 0
    outer loop
      vertex 33.7 -16.9 177.9
      vertex 36.7 -16.9 177.91
      vertex 33.7 -16.9 177.91
    endloop
  endfacet
  facet normal 0 -1 -0
    outer loop
      vertex 36.7 -16.9 177.91
      vertex 33.7 -16.9 177.9
      vertex 36.7 -16.9 177.9
    endloop
  endfacet
  facet normal 0 -1 0
    outer loop
      vertex 39.7 -16.9 177.9
      vertex 42.7 -16.9 177.91
      vertex 39.7 -16.9 177.91
    endloop
  endfacet
  facet normal 0 -1 -0
    outer loop
      vertex 42.7 -16.9 177.91
      vertex 39.7 -16.9 177.9
      vertex 42.7 -16.9 177.9
    endloop
  endfacet
  facet normal 0 -1 0
    outer loop
      vertex 45.7 -16.9 177.9
      vertex 48.7 -16.9 177.91
      vertex 45.7 -16.9 177.91
    endloop
  endfacet
  facet normal 0 -1 -0
    outer loop
      vertex 48.7 -16.9 177.91
      vertex 45.7 -16.9 177.9
      vertex 48.7 -16.9 177.9
    endloop
  endfacet
  facet normal 0 -1 0
    outer loop
      vertex 51.7 -16.9 177.9
      vertex 54.7 -16.9 177.91
      vertex 51.7 -16.9 177.91
    endloop
  endfacet
  facet normal 0 -1 -0
    outer loop
      vertex 54.7 -16.9 177.91
      vertex 51.7 -16.9 177.9
      vertex 54.7 -16.9 177.9
    endloop
  endfacet
  facet normal 0 -1 0
    outer loop
      vertex 57.7 -16.9 177.9
      vertex 60.7 -16.9 177.91
      vertex 57.7 -16.9 177.91
    endloop
  endfacet
  facet normal 0 -1 -0
    outer loop
      vertex 60.7 -16.9 177.91
      vertex 57.7 -16.9 177.9
      vertex 60.7 -16.9 177.9
    endloop
  endfacet
  facet normal 0 -1 0
    outer loop
      vertex 63.7 -16.9 177.9
      vertex 66.7 -16.9 177.91
      vertex 63.7 -16.9 177.91
    endloop
  endfacet
  facet normal 0 -1 -0
    outer loop
      vertex 66.7 -16.9 177.91
      vertex 63.7 -16.9 177.9
      vertex 66.7 -16.9 177.9
    endloop
  endfacet
  facet normal 0 -1 0
    outer loop
      vertex 69.7 -16.9 177.9
      vertex 72.7 -16.9 177.91
      vertex 69.7 -16.9 177.91
    endloop
  endfacet
  facet normal 0 -1 -0
    outer loop
      vertex 72.7 -16.9 177.91
      vertex 69.7 -16.9 177.9
      vertex 72.7 -16.9 177.9
    endloop
  endfacet
  facet normal 0 -1 0
    outer loop
      vertex 75.7 -16.9 177.9
      vertex 77.7 -16.9 177.91
      vertex 75.7 -16.9 177.91
    endloop
  endfacet
  facet normal 0 -1 0
    outer loop
      vertex 72.7 -16.9 177.9
      vertex 77.7 -16.9 136.9
      vertex 75.7 -16.9 177.9
    endloop
  endfacet
  facet normal 0 -1 0
    outer loop
      vertex 75.7 -16.9 177.9
      vertex 77.7 -16.9 136.9
      vertex 77.7 -16.9 177.91
    endloop
  endfacet
  facet normal 0 1 0
    outer loop
      vertex 77.7 -13.9 177.91
      vertex 75.7 -13.9 177.9
      vertex 75.7 -13.9 177.91
    endloop
  endfacet
  facet normal 0 1 0
    outer loop
      vertex 77.7 -13.9 136.9
      vertex 72.7 -13.9 177.9
      vertex 75.7 -13.9 177.9
    endloop
  endfacet
  facet normal 0 1 0
    outer loop
      vertex 72.7 -13.9 177.9
      vertex 77.7 -13.9 136.9
      vertex 69.7 -13.9 177.9
    endloop
  endfacet
  facet normal 0 1 0
    outer loop
      vertex 69.7 -13.9 177.9
      vertex 77.7 -13.9 136.9
      vertex 66.7 -13.9 177.9
    endloop
  endfacet
  facet normal 0 1 0
    outer loop
      vertex 66.7 -13.9 177.9
      vertex 77.7 -13.9 136.9
      vertex 63.7 -13.9 177.9
    endloop
  endfacet
  facet normal 0 1 0
    outer loop
      vertex 63.7 -13.9 177.9
      vertex 77.7 -13.9 136.9
      vertex 60.7 -13.9 177.9
    endloop
  endfacet
  facet normal 0 1 0
    outer loop
      vertex 60.7 -13.9 177.9
      vertex 77.7 -13.9 136.9
      vertex 57.7 -13.9 177.9
    endloop
  endfacet
  facet normal 0 1 0
    outer loop
      vertex 57.7 -13.9 177.9
      vertex 77.7 -13.9 136.9
      vertex 54.7 -13.9 177.9
    endloop
  endfacet
  facet normal 0 1 0
    outer loop
      vertex 54.7 -13.9 177.9
      vertex 77.7 -13.9 136.9
      vertex 51.7 -13.9 177.9
    endloop
  endfacet
  facet normal 0 1 0
    outer loop
      vertex 27.7 -13.9 136.9
      vertex 51.7 -13.9 177.9
      vertex 77.7 -13.9 136.9
    endloop
  endfacet
  facet normal 0 1 0
    outer loop
      vertex 51.7 -13.9 177.9
      vertex 27.7 -13.9 136.9
      vertex 48.7 -13.9 177.9
    endloop
  endfacet
  facet normal 0 1 0
    outer loop
      vertex 48.7 -13.9 177.9
      vertex 27.7 -13.9 136.9
      vertex 45.7 -13.9 177.9
    endloop
  endfacet
  facet normal 0 1 0
    outer loop
      vertex 45.7 -13.9 177.9
      vertex 27.7 -13.9 136.9
      vertex 42.7 -13.9 177.9
    endloop
  endfacet
  facet normal 0 1 0
    outer loop
      vertex 42.7 -13.9 177.9
      vertex 27.7 -13.9 136.9
      vertex 39.7 -13.9 177.9
    endloop
  endfacet
  facet normal 0 1 0
    outer loop
      vertex 39.7 -13.9 177.9
      vertex 27.7 -13.9 136.9
      vertex 36.7 -13.9 177.9
    endloop
  endfacet
  facet normal 0 1 0
    outer loop
      vertex 36.7 -13.9 177.9
      vertex 27.7 -13.9 136.9
      vertex 33.7 -13.9 177.9
    endloop
  endfacet
  facet normal 0 1 -0
    outer loop
      vertex 77.7 -13.9 136.9
      vertex 75.7 -13.9 177.9
      vertex 77.7 -13.9 177.91
    endloop
  endfacet
  facet normal 0 1 0
    outer loop
      vertex 33.7 -13.9 177.9
      vertex 27.7 -13.9 136.9
      vertex 30.7 -13.9 177.9
    endloop
  endfacet
  facet normal 0 1 0
    outer loop
      vertex 30.7 -13.9 177.9
      vertex 27.7 -13.9 136.9
      vertex 27.7 -13.9 177.9
    endloop
  endfacet
  facet normal 0 1 -0
    outer loop
      vertex 72.7 -13.9 177.9
      vertex 69.7 -13.9 177.91
      vertex 72.7 -13.9 177.91
    endloop
  endfacet
  facet normal 0 1 0
    outer loop
      vertex 69.7 -13.9 177.91
      vertex 72.7 -13.9 177.9
      vertex 69.7 -13.9 177.9
    endloop
  endfacet
  facet normal 0 1 -0
    outer loop
      vertex 66.7 -13.9 177.9
      vertex 63.7 -13.9 177.91
      vertex 66.7 -13.9 177.91
    endloop
  endfacet
  facet normal 0 1 0
    outer loop
      vertex 63.7 -13.9 177.91
      vertex 66.7 -13.9 177.9
      vertex 63.7 -13.9 177.9
    endloop
  endfacet
  facet normal 0 1 -0
    outer loop
      vertex 60.7 -13.9 177.9
      vertex 57.7 -13.9 177.91
      vertex 60.7 -13.9 177.91
    endloop
  endfacet
  facet normal 0 1 0
    outer loop
      vertex 57.7 -13.9 177.91
      vertex 60.7 -13.9 177.9
      vertex 57.7 -13.9 177.9
    endloop
  endfacet
  facet normal 0 1 -0
    outer loop
      vertex 54.7 -13.9 177.9
      vertex 51.7 -13.9 177.91
      vertex 54.7 -13.9 177.91
    endloop
  endfacet
  facet normal 0 1 0
    outer loop
      vertex 51.7 -13.9 177.91
      vertex 54.7 -13.9 177.9
      vertex 51.7 -13.9 177.9
    endloop
  endfacet
  facet normal 0 1 -0
    outer loop
      vertex 48.7 -13.9 177.9
      vertex 45.7 -13.9 177.91
      vertex 48.7 -13.9 177.91
    endloop
  endfacet
  facet normal 0 1 0
    outer loop
      vertex 45.7 -13.9 177.91
      vertex 48.7 -13.9 177.9
      vertex 45.7 -13.9 177.9
    endloop
  endfacet
  facet normal 0 1 -0
    outer loop
      vertex 42.7 -13.9 177.9
      vertex 39.7 -13.9 177.91
      vertex 42.7 -13.9 177.91
    endloop
  endfacet
  facet normal 0 1 0
    outer loop
      vertex 39.7 -13.9 177.91
      vertex 42.7 -13.9 177.9
      vertex 39.7 -13.9 177.9
    endloop
  endfacet
  facet normal 0 1 -0
    outer loop
      vertex 36.7 -13.9 177.9
      vertex 33.7 -13.9 177.91
      vertex 36.7 -13.9 177.91
    endloop
  endfacet
  facet normal 0 1 0
    outer loop
      vertex 33.7 -13.9 177.91
      vertex 36.7 -13.9 177.9
      vertex 33.7 -13.9 177.9
    endloop
  endfacet
  facet normal 0 1 -0
    outer loop
      vertex 30.7 -13.9 177.9
      vertex 27.7 -13.9 177.91
      vertex 30.7 -13.9 177.91
    endloop
  endfacet
  facet normal 0 1 0
    outer loop
      vertex 27.7 -13.9 177.91
      vertex 30.7 -13.9 177.9
      vertex 27.7 -13.9 177.9
    endloop
  endfacet
  facet normal 1 0 0
    outer loop
      vertex 77.7 -61.4 177.91
      vertex 77.7 -63.1 177.91
      vertex 77.7 -61.4 177.9
    endloop
  endfacet
  facet normal 1 -0 0
    outer loop
      vertex 77.7 -61.4 177.9
      vertex 77.7 -60.1 136.9
      vertex 77.7 -60.1 177.9
    endloop
  endfacet
  facet normal 1 0 0
    outer loop
      vertex 77.7 -63.1 136.9
      vertex 77.7 -61.4 177.9
      vertex 77.7 -63.1 177.91
    endloop
  endfacet
  facet normal 1 0 0
    outer loop
      vertex 77.7 -61.4 177.9
      vertex 77.7 -63.1 136.9
      vertex 77.7 -60.1 136.9
    endloop
  endfacet
  facet normal -0 0 1
    outer loop
      vertex 27.7 -61.4 177.91
      vertex 30.7 -63.1 177.91
      vertex 30.7 -61.4 177.91
    endloop
  endfacet
  facet normal 0 0 1
    outer loop
      vertex 30.7 -63.1 177.91
      vertex 27.7 -61.4 177.91
      vertex 27.7 -63.1 177.91
    endloop
  endfacet
  facet normal -0 0 1
    outer loop
      vertex 75.7 -61.4 177.91
      vertex 77.7 -63.1 177.91
      vertex 77.7 -61.4 177.91
    endloop
  endfacet
  facet normal 0 0 1
    outer loop
      vertex 77.7 -63.1 177.91
      vertex 75.7 -61.4 177.91
      vertex 75.7 -63.1 177.91
    endloop
  endfacet
  facet normal -0 0 1
    outer loop
      vertex 33.7 -61.4 177.91
      vertex 36.7 -63.1 177.91
      vertex 36.7 -61.4 177.91
    endloop
  endfacet
  facet normal 0 0 1
    outer loop
      vertex 36.7 -63.1 177.91
      vertex 33.7 -61.4 177.91
      vertex 33.7 -63.1 177.91
    endloop
  endfacet
  facet normal -0 0 1
    outer loop
      vertex 39.7 -61.4 177.91
      vertex 42.7 -63.1 177.91
      vertex 42.7 -61.4 177.91
    endloop
  endfacet
  facet normal 0 0 1
    outer loop
      vertex 42.7 -63.1 177.91
      vertex 39.7 -61.4 177.91
      vertex 39.7 -63.1 177.91
    endloop
  endfacet
  facet normal -0 0 1
    outer loop
      vertex 45.7 -61.4 177.91
      vertex 48.7 -63.1 177.91
      vertex 48.7 -61.4 177.91
    endloop
  endfacet
  facet normal 0 0 1
    outer loop
      vertex 48.7 -63.1 177.91
      vertex 45.7 -61.4 177.91
      vertex 45.7 -63.1 177.91
    endloop
  endfacet
  facet normal -0 0 1
    outer loop
      vertex 51.7 -61.4 177.91
      vertex 54.7 -63.1 177.91
      vertex 54.7 -61.4 177.91
    endloop
  endfacet
  facet normal 0 0 1
    outer loop
      vertex 54.7 -63.1 177.91
      vertex 51.7 -61.4 177.91
      vertex 51.7 -63.1 177.91
    endloop
  endfacet
  facet normal -0 0 1
    outer loop
      vertex 57.7 -61.4 177.91
      vertex 60.7 -63.1 177.91
      vertex 60.7 -61.4 177.91
    endloop
  endfacet
  facet normal 0 0 1
    outer loop
      vertex 60.7 -63.1 177.91
      vertex 57.7 -61.4 177.91
      vertex 57.7 -63.1 177.91
    endloop
  endfacet
  facet normal -0 0 1
    outer loop
      vertex 63.7 -61.4 177.91
      vertex 66.7 -63.1 177.91
      vertex 66.7 -61.4 177.91
    endloop
  endfacet
  facet normal 0 0 1
    outer loop
      vertex 66.7 -63.1 177.91
      vertex 63.7 -61.4 177.91
      vertex 63.7 -63.1 177.91
    endloop
  endfacet
  facet normal -0 0 1
    outer loop
      vertex 69.7 -61.4 177.91
      vertex 72.7 -63.1 177.91
      vertex 72.7 -61.4 177.91
    endloop
  endfacet
  facet normal 0 0 1
    outer loop
      vertex 72.7 -63.1 177.91
      vertex 69.7 -61.4 177.91
      vertex 69.7 -63.1 177.91
    endloop
  endfacet
  facet normal 0 0 -1
    outer loop
      vertex 27.7 -63.1 136.9
      vertex 77.7 -60.1 136.9
      vertex 77.7 -63.1 136.9
    endloop
  endfacet
  facet normal -0 0 -1
    outer loop
      vertex 77.7 -60.1 136.9
      vertex 27.7 -63.1 136.9
      vertex 27.7 -60.1 136.9
    endloop
  endfacet
  facet normal 0 -1 0
    outer loop
      vertex 27.7 -63.1 177.9
      vertex 30.7 -63.1 177.91
      vertex 27.7 -63.1 177.91
    endloop
  endfacet
  facet normal 0 -1 0
    outer loop
      vertex 27.7 -63.1 177.9
      vertex 30.7 -63.1 177.9
      vertex 30.7 -63.1 177.91
    endloop
  endfacet
  facet normal 0 -1 0
    outer loop
      vertex 27.7 -63.1 136.9
      vertex 30.7 -63.1 177.9
      vertex 27.7 -63.1 177.9
    endloop
  endfacet
  facet normal 0 -1 -0
    outer loop
      vertex 30.7 -63.1 177.9
      vertex 27.7 -63.1 136.9
      vertex 33.7 -63.1 177.9
    endloop
  endfacet
  facet normal 0 -1 -0
    outer loop
      vertex 33.7 -63.1 177.9
      vertex 27.7 -63.1 136.9
      vertex 36.7 -63.1 177.9
    endloop
  endfacet
  facet normal 0 -1 -0
    outer loop
      vertex 36.7 -63.1 177.9
      vertex 27.7 -63.1 136.9
      vertex 39.7 -63.1 177.9
    endloop
  endfacet
  facet normal 0 -1 -0
    outer loop
      vertex 39.7 -63.1 177.9
      vertex 27.7 -63.1 136.9
      vertex 42.7 -63.1 177.9
    endloop
  endfacet
  facet normal 0 -1 -0
    outer loop
      vertex 42.7 -63.1 177.9
      vertex 27.7 -63.1 136.9
      vertex 45.7 -63.1 177.9
    endloop
  endfacet
  facet normal 0 -1 -0
    outer loop
      vertex 45.7 -63.1 177.9
      vertex 27.7 -63.1 136.9
      vertex 48.7 -63.1 177.9
    endloop
  endfacet
  facet normal 0 -1 -0
    outer loop
      vertex 48.7 -63.1 177.9
      vertex 27.7 -63.1 136.9
      vertex 51.7 -63.1 177.9
    endloop
  endfacet
  facet normal 0 -1 0
    outer loop
      vertex 77.7 -63.1 136.9
      vertex 51.7 -63.1 177.9
      vertex 27.7 -63.1 136.9
    endloop
  endfacet
  facet normal 0 -1 0
    outer loop
      vertex 51.7 -63.1 177.9
      vertex 77.7 -63.1 136.9
      vertex 54.7 -63.1 177.9
    endloop
  endfacet
  facet normal 0 -1 0
    outer loop
      vertex 54.7 -63.1 177.9
      vertex 77.7 -63.1 136.9
      vertex 57.7 -63.1 177.9
    endloop
  endfacet
  facet normal 0 -1 0
    outer loop
      vertex 57.7 -63.1 177.9
      vertex 77.7 -63.1 136.9
      vertex 60.7 -63.1 177.9
    endloop
  endfacet
  facet normal 0 -1 0
    outer loop
      vertex 60.7 -63.1 177.9
      vertex 77.7 -63.1 136.9
      vertex 63.7 -63.1 177.9
    endloop
  endfacet
  facet normal 0 -1 0
    outer loop
      vertex 63.7 -63.1 177.9
      vertex 77.7 -63.1 136.9
      vertex 66.7 -63.1 177.9
    endloop
  endfacet
  facet normal 0 -1 0
    outer loop
      vertex 66.7 -63.1 177.9
      vertex 77.7 -63.1 136.9
      vertex 69.7 -63.1 177.9
    endloop
  endfacet
  facet normal 0 -1 0
    outer loop
      vertex 69.7 -63.1 177.9
      vertex 77.7 -63.1 136.9
      vertex 72.7 -63.1 177.9
    endloop
  endfacet
  facet normal 0 -1 0
    outer loop
      vertex 33.7 -63.1 177.9
      vertex 36.7 -63.1 177.91
      vertex 33.7 -63.1 177.91
    endloop
  endfacet
  facet normal 0 -1 -0
    outer loop
      vertex 36.7 -63.1 177.91
      vertex 33.7 -63.1 177.9
      vertex 36.7 -63.1 177.9
    endloop
  endfacet
  facet normal 0 -1 0
    outer loop
      vertex 39.7 -63.1 177.9
      vertex 42.7 -63.1 177.91
      vertex 39.7 -63.1 177.91
    endloop
  endfacet
  facet normal 0 -1 -0
    outer loop
      vertex 42.7 -63.1 177.91
      vertex 39.7 -63.1 177.9
      vertex 42.7 -63.1 177.9
    endloop
  endfacet
  facet normal 0 -1 0
    outer loop
      vertex 45.7 -63.1 177.9
      vertex 48.7 -63.1 177.91
      vertex 45.7 -63.1 177.91
    endloop
  endfacet
  facet normal 0 -1 -0
    outer loop
      vertex 48.7 -63.1 177.91
      vertex 45.7 -63.1 177.9
      vertex 48.7 -63.1 177.9
    endloop
  endfacet
  facet normal 0 -1 0
    outer loop
      vertex 51.7 -63.1 177.9
      vertex 54.7 -63.1 177.91
      vertex 51.7 -63.1 177.91
    endloop
  endfacet
  facet normal 0 -1 -0
    outer loop
      vertex 54.7 -63.1 177.91
      vertex 51.7 -63.1 177.9
      vertex 54.7 -63.1 177.9
    endloop
  endfacet
  facet normal 0 -1 0
    outer loop
      vertex 57.7 -63.1 177.9
      vertex 60.7 -63.1 177.91
      vertex 57.7 -63.1 177.91
    endloop
  endfacet
  facet normal 0 -1 -0
    outer loop
      vertex 60.7 -63.1 177.91
      vertex 57.7 -63.1 177.9
      vertex 60.7 -63.1 177.9
    endloop
  endfacet
  facet normal 0 -1 0
    outer loop
      vertex 63.7 -63.1 177.9
      vertex 66.7 -63.1 177.91
      vertex 63.7 -63.1 177.91
    endloop
  endfacet
  facet normal 0 -1 -0
    outer loop
      vertex 66.7 -63.1 177.91
      vertex 63.7 -63.1 177.9
      vertex 66.7 -63.1 177.9
    endloop
  endfacet
  facet normal 0 -1 0
    outer loop
      vertex 69.7 -63.1 177.9
      vertex 72.7 -63.1 177.91
      vertex 69.7 -63.1 177.91
    endloop
  endfacet
  facet normal 0 -1 -0
    outer loop
      vertex 72.7 -63.1 177.91
      vertex 69.7 -63.1 177.9
      vertex 72.7 -63.1 177.9
    endloop
  endfacet
  facet normal 0 -1 0
    outer loop
      vertex 75.7 -63.1 177.9
      vertex 77.7 -63.1 177.91
      vertex 75.7 -63.1 177.91
    endloop
  endfacet
  facet normal 0 -1 0
    outer loop
      vertex 72.7 -63.1 177.9
      vertex 77.7 -63.1 136.9
      vertex 75.7 -63.1 177.9
    endloop
  endfacet
  facet normal 0 -1 0
    outer loop
      vertex 75.7 -63.1 177.9
      vertex 77.7 -63.1 136.9
      vertex 77.7 -63.1 177.91
    endloop
  endfacet
  facet normal 0 1 -0
    outer loop
      vertex 77.7 -60.1 136.9
      vertex 27.7 -60.1 177.9
      vertex 77.7 -60.1 177.9
    endloop
  endfacet
  facet normal 0 1 0
    outer loop
      vertex 27.7 -60.1 177.9
      vertex 77.7 -60.1 136.9
      vertex 27.7 -60.1 136.9
    endloop
  endfacet
  facet normal 1 0 0
    outer loop
      vertex 16.7 -13.4 177.91
      vertex 16.7 -14.6 177.91
      vertex 16.7 -13.4 177.9
    endloop
  endfacet
  facet normal 1 -0 0
    outer loop
      vertex 16.7 -13.4 177.9
      vertex 16.7 -10.6 105.6
      vertex 16.7 -10.6 177.9
    endloop
  endfacet
  facet normal 1 0 0
    outer loop
      vertex 16.7 -14.6 105.6
      vertex 16.7 -13.4 177.9
      vertex 16.7 -14.6 177.91
    endloop
  endfacet
  facet normal 1 0 0
    outer loop
      vertex 16.7 -13.4 177.9
      vertex 16.7 -14.6 105.6
      vertex 16.7 -10.6 105.6
    endloop
  endfacet
  facet normal -0 0 1
    outer loop
      vertex 15.7 -13.4 177.91
      vertex 16.7 -14.6 177.91
      vertex 16.7 -13.4 177.91
    endloop
  endfacet
  facet normal 0 0 1
    outer loop
      vertex 16.7 -14.6 177.91
      vertex 15.7 -13.4 177.91
      vertex 15.7 -14.6 177.91
    endloop
  endfacet
  facet normal -0 0 1
    outer loop
      vertex 9.7 -13.4 177.91
      vertex 12.7 -14.6 177.91
      vertex 12.7 -13.4 177.91
    endloop
  endfacet
  facet normal 0 0 1
    outer loop
      vertex 12.7 -14.6 177.91
      vertex 9.7 -13.4 177.91
      vertex 9.7 -14.6 177.91
    endloop
  endfacet
  facet normal 0 0 -1
    outer loop
      vertex 9.2 -14.6 105.6
      vertex 16.7 -10.6 105.6
      vertex 16.7 -14.6 105.6
    endloop
  endfacet
  facet normal -0 0 -1
    outer loop
      vertex 16.7 -10.6 105.6
      vertex 9.2 -14.6 105.6
      vertex 9.2 -10.6 105.6
    endloop
  endfacet
  facet normal -1 0 0
    outer loop
      vertex 9.2 -14.6 105.6
      vertex 9.2 -10.6 177.9
      vertex 9.2 -10.6 105.6
    endloop
  endfacet
  facet normal -1 -0 0
    outer loop
      vertex 9.2 -10.6 177.9
      vertex 9.2 -14.6 105.6
      vertex 9.2 -14.6 177.9
    endloop
  endfacet
  facet normal 0 -1 0
    outer loop
      vertex 9.2 -14.6 105.6
      vertex 9.7 -14.6 177.9
      vertex 9.2 -14.6 177.9
    endloop
  endfacet
  facet normal 0 -1 -0
    outer loop
      vertex 9.7 -14.6 177.9
      vertex 9.2 -14.6 105.6
      vertex 12.7 -14.6 177.9
    endloop
  endfacet
  facet normal 0 -1 0
    outer loop
      vertex 16.7 -14.6 105.6
      vertex 12.7 -14.6 177.9
      vertex 9.2 -14.6 105.6
    endloop
  endfacet
  facet normal 0 -1 0
    outer loop
      vertex 9.7 -14.6 177.9
      vertex 12.7 -14.6 177.91
      vertex 9.7 -14.6 177.91
    endloop
  endfacet
  facet normal 0 -1 -0
    outer loop
      vertex 12.7 -14.6 177.91
      vertex 9.7 -14.6 177.9
      vertex 12.7 -14.6 177.9
    endloop
  endfacet
  facet normal 0 -1 0
    outer loop
      vertex 15.7 -14.6 177.9
      vertex 16.7 -14.6 177.91
      vertex 15.7 -14.6 177.91
    endloop
  endfacet
  facet normal 0 -1 0
    outer loop
      vertex 12.7 -14.6 177.9
      vertex 16.7 -14.6 105.6
      vertex 15.7 -14.6 177.9
    endloop
  endfacet
  facet normal 0 -1 0
    outer loop
      vertex 15.7 -14.6 177.9
      vertex 16.7 -14.6 105.6
      vertex 16.7 -14.6 177.91
    endloop
  endfacet
  facet normal 0 1 -0
    outer loop
      vertex 16.7 -10.6 105.6
      vertex 9.2 -10.6 177.9
      vertex 16.7 -10.6 177.9
    endloop
  endfacet
  facet normal 0 1 0
    outer loop
      vertex 9.2 -10.6 177.9
      vertex 16.7 -10.6 105.6
      vertex 9.2 -10.6 105.6
    endloop
  endfacet
  facet normal 1 -0 0
    outer loop
      vertex 13.4 -38.62 177.9
      vertex 13.4 -34.62 105.6
      vertex 13.4 -34.62 177.9
    endloop
  endfacet
  facet normal 1 0 0
    outer loop
      vertex 13.4 -34.62 105.6
      vertex 13.4 -38.62 177.9
      vertex 13.4 -38.62 105.6
    endloop
  endfacet
  facet normal -0 0 1
    outer loop
      vertex 9.7 -37.4 177.91
      vertex 12.7 -38.62 177.91
      vertex 12.7 -37.4 177.91
    endloop
  endfacet
  facet normal 0 0 1
    outer loop
      vertex 12.7 -38.62 177.91
      vertex 9.7 -37.4 177.91
      vertex 9.7 -38.62 177.91
    endloop
  endfacet
  facet normal 0 0 -1
    outer loop
      vertex 9.2 -38.62 105.6
      vertex 13.4 -34.62 105.6
      vertex 13.4 -38.62 105.6
    endloop
  endfacet
  facet normal -0 0 -1
    outer loop
      vertex 13.4 -34.62 105.6
      vertex 9.2 -38.62 105.6
      vertex 9.2 -34.62 105.6
    endloop
  endfacet
  facet normal -1 0 0
    outer loop
      vertex 9.2 -38.62 105.6
      vertex 9.2 -34.62 177.9
      vertex 9.2 -34.62 105.6
    endloop
  endfacet
  facet normal -1 -0 0
    outer loop
      vertex 9.2 -34.62 177.9
      vertex 9.2 -38.62 105.6
      vertex 9.2 -38.62 177.9
    endloop
  endfacet
  facet normal 0 -1 0
    outer loop
      vertex 9.2 -38.62 105.6
      vertex 9.7 -38.62 177.9
      vertex 9.2 -38.62 177.9
    endloop
  endfacet
  facet normal 0 -1 -0
    outer loop
      vertex 9.7 -38.62 177.9
      vertex 9.2 -38.62 105.6
      vertex 12.7 -38.62 177.9
    endloop
  endfacet
  facet normal 0 -1 0
    outer loop
      vertex 13.4 -38.62 105.6
      vertex 12.7 -38.62 177.9
      vertex 9.2 -38.62 105.6
    endloop
  endfacet
  facet normal 0 -1 0
    outer loop
      vertex 12.7 -38.62 177.9
      vertex 13.4 -38.62 105.6
      vertex 13.4 -38.62 177.9
    endloop
  endfacet
  facet normal 0 -1 0
    outer loop
      vertex 9.7 -38.62 177.9
      vertex 12.7 -38.62 177.91
      vertex 9.7 -38.62 177.91
    endloop
  endfacet
  facet normal 0 -1 -0
    outer loop
      vertex 12.7 -38.62 177.91
      vertex 9.7 -38.62 177.9
      vertex 12.7 -38.62 177.9
    endloop
  endfacet
  facet normal 0 1 -0
    outer loop
      vertex 13.4 -34.62 105.6
      vertex 9.2 -34.62 177.9
      vertex 13.4 -34.62 177.9
    endloop
  endfacet
  facet normal 0 1 0
    outer loop
      vertex 9.2 -34.62 177.9
      vertex 13.4 -34.62 105.6
      vertex 9.2 -34.62 105.6
    endloop
  endfacet
  facet normal 1 0 0
    outer loop
      vertex 135 -48.2 180.9
      vertex 135 -87.5 177.9
      vertex 135 -48.2 177.9
    endloop
  endfacet
  facet normal 1 0 0
    outer loop
      vertex 135 -87.5 177.9
      vertex 135 -89 177.9
      vertex 135 -87.5 173.9
    endloop
  endfacet
  facet normal 1 -0 0
    outer loop
      vertex 135 -94 180.9
      vertex 135 -87.5 177.9
      vertex 135 -48.2 180.9
    endloop
  endfacet
  facet normal 1 0 0
    outer loop
      vertex 135 -87.5 177.9
      vertex 135 -94 180.9
      vertex 135 -89 177.9
    endloop
  endfacet
  facet normal 1 0 0
    outer loop
      vertex 135 -89 177.9
      vertex 135 -94 180.9
      vertex 135 -94 177.9
    endloop
  endfacet
  facet normal 1 0 0
    outer loop
      vertex 135 -87.5 173.9
      vertex 135 -89 177.9
      vertex 135 -89 173.9
    endloop
  endfacet
  facet normal 1 0 0
    outer loop
      vertex 135 150 180.9
      vertex 135 145 177.9
      vertex 135 150 177.9
    endloop
  endfacet
  facet normal 1 0 0
    outer loop
      vertex 135 145 177.9
      vertex 135 143.5 177.9
      vertex 135 145 173.9
    endloop
  endfacet
  facet normal 1 0 0
    outer loop
      vertex 135 150 180.9
      vertex 135 143.5 177.9
      vertex 135 145 177.9
    endloop
  endfacet
  facet normal 1 -0 0
    outer loop
      vertex 135 104.2 180.9
      vertex 135 143.5 177.9
      vertex 135 150 180.9
    endloop
  endfacet
  facet normal 1 0 0
    outer loop
      vertex 135 143.5 177.9
      vertex 135 104.2 180.9
      vertex 135 104.2 177.9
    endloop
  endfacet
  facet normal 1 0 0
    outer loop
      vertex 135 145 173.9
      vertex 135 143.5 177.9
      vertex 135 143.5 173.9
    endloop
  endfacet
  facet normal 1 -0 0
    outer loop
      vertex 135 55.4 180.9
      vertex 135 98.2 177.9
      vertex 135 98.2 180.9
    endloop
  endfacet
  facet normal 1 0 0
    outer loop
      vertex 135 98.2 177.9
      vertex 135 55.4 180.9
      vertex 135 55.4 177.9
    endloop
  endfacet
  facet normal 1 -0 0
    outer loop
      vertex 135 6.6 180.9
      vertex 135 49.4 177.9
      vertex 135 49.4 180.9
    endloop
  endfacet
  facet normal 1 0 0
    outer loop
      vertex 135 49.4 177.9
      vertex 135 6.6 180.9
      vertex 135 6.6 177.9
    endloop
  endfacet
  facet normal 1 -0 0
    outer loop
      vertex 135 -42.2 180.9
      vertex 135 0.599999 177.9
      vertex 135 0.599999 180.9
    endloop
  endfacet
  facet normal 1 0 0
    outer loop
      vertex 135 0.599999 177.9
      vertex 135 -42.2 180.9
      vertex 135 -42.2 177.9
    endloop
  endfacet
  facet normal -0.877896 0.478852 4.72562e-18
    outer loop
      vertex 136 104.2 177.9
      vertex 137.2 106.4 180.9
      vertex 137.2 106.4 177.9
    endloop
  endfacet
  facet normal -0.877896 0.478852 4.72562e-18
    outer loop
      vertex 137.2 106.4 180.9
      vertex 136 104.2 177.9
      vertex 136 104.2 180.9
    endloop
  endfacet
  facet normal 0 1 -0
    outer loop
      vertex 141.5 106.4 177.9
      vertex 137.2 106.4 180.9
      vertex 141.5 106.4 180.9
    endloop
  endfacet
  facet normal 0 1 0
    outer loop
      vertex 137.2 106.4 180.9
      vertex 141.5 106.4 177.9
      vertex 137.2 106.4 177.9
    endloop
  endfacet
  facet normal 1 -0 0
    outer loop
      vertex 141.5 96 180.9
      vertex 141.5 106.4 177.9
      vertex 141.5 106.4 180.9
    endloop
  endfacet
  facet normal 1 0 0
    outer loop
      vertex 141.5 106.4 177.9
      vertex 141.5 96 180.9
      vertex 141.5 96 177.9
    endloop
  endfacet
  facet normal 0 -1 0
    outer loop
      vertex 137.2 96 177.9
      vertex 141.5 96 180.9
      vertex 137.2 96 180.9
    endloop
  endfacet
  facet normal 0 -1 -0
    outer loop
      vertex 141.5 96 180.9
      vertex 137.2 96 177.9
      vertex 141.5 96 177.9
    endloop
  endfacet
  facet normal -0.877896 -0.478852 -4.72562e-18
    outer loop
      vertex 137.2 96 177.9
      vertex 136 98.2 180.9
      vertex 136 98.2 177.9
    endloop
  endfacet
  facet normal -0.877896 -0.478852 -4.72562e-18
    outer loop
      vertex 136 98.2 180.9
      vertex 137.2 96 177.9
      vertex 137.2 96 180.9
    endloop
  endfacet
  facet normal 0 -1 0
    outer loop
      vertex 135 98.2 177.9
      vertex 136 98.2 180.9
      vertex 135 98.2 180.9
    endloop
  endfacet
  facet normal 0 -1 -0
    outer loop
      vertex 136 98.2 180.9
      vertex 135 98.2 177.9
      vertex 136 98.2 177.9
    endloop
  endfacet
  facet normal 0 1 -0
    outer loop
      vertex 136 104.2 177.9
      vertex 135 104.2 180.9
      vertex 136 104.2 180.9
    endloop
  endfacet
  facet normal 0 1 0
    outer loop
      vertex 135 104.2 180.9
      vertex 136 104.2 177.9
      vertex 135 104.2 177.9
    endloop
  endfacet
  facet normal -0.877896 0.478852 4.72562e-18
    outer loop
      vertex 136 55.4 177.9
      vertex 137.2 57.6 180.9
      vertex 137.2 57.6 177.9
    endloop
  endfacet
  facet normal -0.877896 0.478852 4.72562e-18
    outer loop
      vertex 137.2 57.6 180.9
      vertex 136 55.4 177.9
      vertex 136 55.4 180.9
    endloop
  endfacet
  facet normal 0 1 -0
    outer loop
      vertex 141.5 57.6 177.9
      vertex 137.2 57.6 180.9
      vertex 141.5 57.6 180.9
    endloop
  endfacet
  facet normal 0 1 0
    outer loop
      vertex 137.2 57.6 180.9
      vertex 141.5 57.6 177.9
      vertex 137.2 57.6 177.9
    endloop
  endfacet
  facet normal 1 -0 0
    outer loop
      vertex 141.5 47.2 180.9
      vertex 141.5 57.6 177.9
      vertex 141.5 57.6 180.9
    endloop
  endfacet
  facet normal 1 0 0
    outer loop
      vertex 141.5 57.6 177.9
      vertex 141.5 47.2 180.9
      vertex 141.5 47.2 177.9
    endloop
  endfacet
  facet normal 0 -1 0
    outer loop
      vertex 137.2 47.2 177.9
      vertex 141.5 47.2 180.9
      vertex 137.2 47.2 180.9
    endloop
  endfacet
  facet normal 0 -1 -0
    outer loop
      vertex 141.5 47.2 180.9
      vertex 137.2 47.2 177.9
      vertex 141.5 47.2 177.9
    endloop
  endfacet
  facet normal -0.877896 -0.478852 7.08844e-18
    outer loop
      vertex 137.2 47.2 177.9
      vertex 136 49.4 180.9
      vertex 136 49.4 177.9
    endloop
  endfacet
  facet normal -0.877896 -0.478852 7.08844e-18
    outer loop
      vertex 136 49.4 180.9
      vertex 137.2 47.2 177.9
      vertex 137.2 47.2 180.9
    endloop
  endfacet
  facet normal 0 -1 0
    outer loop
      vertex 135 49.4 177.9
      vertex 136 49.4 180.9
      vertex 135 49.4 180.9
    endloop
  endfacet
  facet normal 0 -1 -0
    outer loop
      vertex 136 49.4 180.9
      vertex 135 49.4 177.9
      vertex 136 49.4 177.9
    endloop
  endfacet
  facet normal 0 1 -0
    outer loop
      vertex 136 55.4 177.9
      vertex 135 55.4 180.9
      vertex 136 55.4 180.9
    endloop
  endfacet
  facet normal 0 1 0
    outer loop
      vertex 135 55.4 180.9
      vertex 136 55.4 177.9
      vertex 135 55.4 177.9
    endloop
  endfacet
  facet normal -0.877896 0.478852 1.65397e-17
    outer loop
      vertex 136 6.6 177.9
      vertex 137.2 8.8 180.9
      vertex 137.2 8.8 177.9
    endloop
  endfacet
  facet normal -0.877896 0.478852 1.65397e-17
    outer loop
      vertex 137.2 8.8 180.9
      vertex 136 6.6 177.9
      vertex 136 6.6 180.9
    endloop
  endfacet
  facet normal 0 1 -0
    outer loop
      vertex 141.5 8.8 177.9
      vertex 137.2 8.8 180.9
      vertex 141.5 8.8 180.9
    endloop
  endfacet
  facet normal 0 1 0
    outer loop
      vertex 137.2 8.8 180.9
      vertex 141.5 8.8 177.9
      vertex 137.2 8.8 177.9
    endloop
  endfacet
  facet normal 1 -0 0
    outer loop
      vertex 141.5 -1.6 180.9
      vertex 141.5 8.8 177.9
      vertex 141.5 8.8 180.9
    endloop
  endfacet
  facet normal 1 0 0
    outer loop
      vertex 141.5 8.8 177.9
      vertex 141.5 -1.6 180.9
      vertex 141.5 -1.6 177.9
    endloop
  endfacet
  facet normal 0 -1 0
    outer loop
      vertex 137.2 -1.6 177.9
      vertex 141.5 -1.6 180.9
      vertex 137.2 -1.6 180.9
    endloop
  endfacet
  facet normal 0 -1 -0
    outer loop
      vertex 141.5 -1.6 180.9
      vertex 137.2 -1.6 177.9
      vertex 141.5 -1.6 177.9
    endloop
  endfacet
  facet normal -0.877895 -0.478852 -4.72714e-18
    outer loop
      vertex 137.2 -1.6 177.9
      vertex 136 0.599999 180.9
      vertex 136 0.599999 177.9
    endloop
  endfacet
  facet normal -0.877895 -0.478852 -4.72714e-18
    outer loop
      vertex 136 0.599999 180.9
      vertex 137.2 -1.6 177.9
      vertex 137.2 -1.6 180.9
    endloop
  endfacet
  facet normal 0 -1 0
    outer loop
      vertex 135 0.599999 177.9
      vertex 136 0.599999 180.9
      vertex 135 0.599999 180.9
    endloop
  endfacet
  facet normal 0 -1 -0
    outer loop
      vertex 136 0.599999 180.9
      vertex 135 0.599999 177.9
      vertex 136 0.599999 177.9
    endloop
  endfacet
  facet normal 0 1 -0
    outer loop
      vertex 136 6.6 177.9
      vertex 135 6.6 180.9
      vertex 136 6.6 180.9
    endloop
  endfacet
  facet normal 0 1 0
    outer loop
      vertex 135 6.6 180.9
      vertex 136 6.6 177.9
      vertex 135 6.6 177.9
    endloop
  endfacet
  facet normal -0.877896 0.478852 4.72562e-18
    outer loop
      vertex 136 -42.2 177.9
      vertex 137.2 -40 180.9
      vertex 137.2 -40 177.9
    endloop
  endfacet
  facet normal -0.877896 0.478852 4.72562e-18
    outer loop
      vertex 137.2 -40 180.9
      vertex 136 -42.2 177.9
      vertex 136 -42.2 180.9
    endloop
  endfacet
  facet normal 0 1 -0
    outer loop
      vertex 141.5 -40 177.9
      vertex 137.2 -40 180.9
      vertex 141.5 -40 180.9
    endloop
  endfacet
  facet normal 0 1 0
    outer loop
      vertex 137.2 -40 180.9
      vertex 141.5 -40 177.9
      vertex 137.2 -40 177.9
    endloop
  endfacet
  facet normal 1 -0 0
    outer loop
      vertex 141.5 -50.4 180.9
      vertex 141.5 -40 177.9
      vertex 141.5 -40 180.9
    endloop
  endfacet
  facet normal 1 0 0
    outer loop
      vertex 141.5 -40 177.9
      vertex 141.5 -50.4 180.9
      vertex 141.5 -50.4 177.9
    endloop
  endfacet
  facet normal 0 -1 0
    outer loop
      vertex 137.2 -50.4 177.9
      vertex 141.5 -50.4 180.9
      vertex 137.2 -50.4 180.9
    endloop
  endfacet
  facet normal 0 -1 -0
    outer loop
      vertex 141.5 -50.4 180.9
      vertex 137.2 -50.4 177.9
      vertex 141.5 -50.4 177.9
    endloop
  endfacet
  facet normal -0.877896 -0.478852 7.08844e-18
    outer loop
      vertex 137.2 -50.4 177.9
      vertex 136 -48.2 180.9
      vertex 136 -48.2 177.9
    endloop
  endfacet
  facet normal -0.877896 -0.478852 7.08844e-18
    outer loop
      vertex 136 -48.2 180.9
      vertex 137.2 -50.4 177.9
      vertex 137.2 -50.4 180.9
    endloop
  endfacet
  facet normal 0 -1 0
    outer loop
      vertex 135 -48.2 177.9
      vertex 136 -48.2 180.9
      vertex 135 -48.2 180.9
    endloop
  endfacet
  facet normal 0 -1 -0
    outer loop
      vertex 136 -48.2 180.9
      vertex 135 -48.2 177.9
      vertex 136 -48.2 177.9
    endloop
  endfacet
  facet normal 0 1 -0
    outer loop
      vertex 136 -42.2 177.9
      vertex 135 -42.2 180.9
      vertex 136 -42.2 180.9
    endloop
  endfacet
  facet normal 0 1 0
    outer loop
      vertex 135 -42.2 180.9
      vertex 136 -42.2 177.9
      vertex 135 -42.2 177.9
    endloop
  endfacet
endsolid OpenSCAD_Model
